scenario,period,weighting,environment_region,model,method,reference,future,change,coverage_fraction,reference_coverage_fraction,future_coverage_fraction
ssp126,2031-2060,harvested_area,Europe,ACCESS-CM2,positional_pairs,6.992791721663106,9.475724002656737,2.482932280993631,0.9996719858668189,,
ssp126,2031-2060,harvested_area,Europe,ACCESS-CM2,separate_available_periods,6.992791721663106,9.475884060132088,2.4830923384689827,0.9996719858668189,0.9996719858668189,0.999882713021383
ssp126,2031-2060,harvested_area,Europe,ACCESS-CM2,complete_common_cells,6.998977197561989,9.490771151120136,2.4917939535581466,0.9965688695502541,,
ssp126,2031-2060,harvested_area,Europe,MPI-ESM1-2-HR,positional_pairs,5.495550230208431,5.772741499463039,0.27719126925460813,0.9997425825632172,,
ssp126,2031-2060,harvested_area,Europe,MPI-ESM1-2-HR,separate_available_periods,5.495561665263643,5.7732786502411075,0.2777169849774648,0.9997480228670883,0.9997480228670883,0.9998312419224932
ssp126,2031-2060,harvested_area,Europe,MPI-ESM1-2-HR,complete_common_cells,5.5001197821855365,5.78224444376962,0.2821246615840831,0.9965688695502541,,
ssp126,2031-2060,harvested_area,Europe,MRI-ESM2-0,positional_pairs,6.462050348630408,7.043734147910929,0.5816837992805217,0.9995771117903299,,
ssp126,2031-2060,harvested_area,Europe,MRI-ESM2-0,separate_available_periods,6.462096306102024,7.043759558732882,0.5816632526308583,0.9995810384513862,0.9995810384513862,0.9998528531439291
ssp126,2031-2060,harvested_area,Europe,MRI-ESM2-0,complete_common_cells,6.467043385984161,7.054130812656706,0.5870874266725448,0.9965688695502541,,
ssp126,2031-2060,harvested_area,Alpine,ACCESS-CM2,positional_pairs,10.253863083579658,13.112625206757551,2.8587621231778932,0.9902533016630631,,
ssp126,2031-2060,harvested_area,Alpine,ACCESS-CM2,separate_available_periods,10.253863083579658,13.119754806294958,2.8658917227153005,0.9902533016630631,0.9902533016630631,0.997495335616997
ssp126,2031-2060,harvested_area,Alpine,ACCESS-CM2,complete_common_cells,10.046958944651863,13.073124535471988,3.026165590820126,0.9704990461440899,,
ssp126,2031-2060,harvested_area,Alpine,MPI-ESM1-2-HR,positional_pairs,8.261368158452305,8.135631058332267,-0.12573710012003758,0.9908696979476264,,
ssp126,2031-2060,harvested_area,Alpine,MPI-ESM1-2-HR,separate_available_periods,8.261542512743143,8.155986981292815,-0.10555553145032803,0.9910782939209355,0.9910782939209355,0.9949068506372917
ssp126,2031-2060,harvested_area,Alpine,MPI-ESM1-2-HR,complete_common_cells,8.06700337871986,8.066026403291547,-0.0009769754283137644,0.9704990461440899,,
ssp126,2031-2060,harvested_area,Alpine,MRI-ESM2-0,positional_pairs,9.290034493234202,10.230297043912067,0.9402625506778648,0.990512731487592,,
ssp126,2031-2060,harvested_area,Alpine,MRI-ESM2-0,separate_available_periods,9.291833830671841,10.255507039217346,0.9636732085455044,0.9906847101653181,0.9906847101653181,0.9960559476174741
ssp126,2031-2060,harvested_area,Alpine,MRI-ESM2-0,complete_common_cells,9.07719352233772,10.18130814194043,1.1041146196027114,0.9704990461440899,,
ssp126,2031-2060,harvested_area,Atlantic,ACCESS-CM2,positional_pairs,12.89093085505259,16.260030940965645,3.3691000859130558,0.9996773025328103,,
ssp126,2031-2060,harvested_area,Atlantic,ACCESS-CM2,separate_available_periods,12.89093085505259,16.259816090636388,3.3688852355837984,0.9996773025328103,0.9996773025328103,0.9997202975277856
ssp126,2031-2060,harvested_area,Atlantic,ACCESS-CM2,complete_common_cells,12.890936056933135,16.26055645456419,3.369620397631053,0.9995825580605161,,
ssp126,2031-2060,harvested_area,Atlantic,MPI-ESM1-2-HR,positional_pairs,11.338892796852726,11.75518470403099,0.41629190717826425,0.9996708395069184,,
ssp126,2031-2060,harvested_area,Atlantic,MPI-ESM1-2-HR,separate_available_periods,11.338875550121534,11.755142805402135,0.4162672552806015,0.9996748629696945,0.9996748629696945,0.9997066505052599
ssp126,2031-2060,harvested_area,Atlantic,MPI-ESM1-2-HR,complete_common_cells,11.338875060101415,11.75517611577027,0.4163010556688551,0.9995825580605161,,
ssp126,2031-2060,harvested_area,Atlantic,MRI-ESM2-0,positional_pairs,12.363707616050082,10.6600071584592,-1.703700457590882,0.9996702834094673,,
ssp126,2031-2060,harvested_area,Atlantic,MRI-ESM2-0,separate_available_periods,12.36370945963196,10.659992705689726,-1.703716753942233,0.9996736445853388,0.9996736445853388,0.9997045345405179
ssp126,2031-2060,harvested_area,Atlantic,MRI-ESM2-0,complete_common_cells,12.363705677276707,10.660148819322853,-1.7035568579538545,0.9995825580605161,,
ssp126,2031-2060,harvested_area,Black Sea,ACCESS-CM2,positional_pairs,7.976046141351919,11.461303088713796,3.4852569473618775,1.0,,
ssp126,2031-2060,harvested_area,Black Sea,ACCESS-CM2,separate_available_periods,7.976046141351919,11.461303088713796,3.4852569473618775,1.0,1.0,1.0
ssp126,2031-2060,harvested_area,Black Sea,ACCESS-CM2,complete_common_cells,7.976046141351919,11.461303088713796,3.4852569473618775,1.0,,
ssp126,2031-2060,harvested_area,Black Sea,MPI-ESM1-2-HR,positional_pairs,7.123371682171213,6.457730700537164,-0.6656409816340494,1.0,,
ssp126,2031-2060,harvested_area,Black Sea,MPI-ESM1-2-HR,separate_available_periods,7.123371682171213,6.457730700537164,-0.6656409816340494,1.0,1.0,1.0
ssp126,2031-2060,harvested_area,Black Sea,MPI-ESM1-2-HR,complete_common_cells,7.123371682171213,6.457730700537164,-0.6656409816340494,1.0,,
ssp126,2031-2060,harvested_area,Black Sea,MRI-ESM2-0,positional_pairs,8.065075748067933,9.504235332246546,1.4391595841786131,1.0,,
ssp126,2031-2060,harvested_area,Black Sea,MRI-ESM2-0,separate_available_periods,8.065075748067933,9.504235332246546,1.4391595841786131,1.0,1.0,1.0
ssp126,2031-2060,harvested_area,Black Sea,MRI-ESM2-0,complete_common_cells,8.065075748067933,9.504235332246546,1.4391595841786131,1.0,,
ssp126,2031-2060,harvested_area,Boreal,ACCESS-CM2,positional_pairs,5.9734302329782345,10.154611614786857,4.1811813818086225,0.9988299116743407,,
ssp126,2031-2060,harvested_area,Boreal,ACCESS-CM2,separate_available_periods,5.9734302329782345,10.146299279304424,4.1728690463261895,0.9988299116743407,0.9988299116743407,0.9999936619490841
ssp126,2031-2060,harvested_area,Boreal,ACCESS-CM2,complete_common_cells,6.114317892072708,10.474333806307095,4.3600159142343875,0.9546463094384091,,
ssp126,2031-2060,harvested_area,Boreal,MPI-ESM1-2-HR,positional_pairs,4.888564625256303,5.576796262042,0.6882316367856971,0.9998086869652478,,
ssp126,2031-2060,harvested_area,Boreal,MPI-ESM1-2-HR,separate_available_periods,4.8885353883958125,5.576307680262898,0.6877722918670859,0.9998252460909095,0.9998252460909095,0.9999617928175816
ssp126,2031-2060,harvested_area,Boreal,MPI-ESM1-2-HR,complete_common_cells,5.014356402456417,5.76532780130513,0.750971398848713,0.9546463094384091,,
ssp126,2031-2060,harvested_area,Boreal,MRI-ESM2-0,positional_pairs,5.356813845637111,6.518182497065124,1.1613686514280124,0.997226693755734,,
ssp126,2031-2060,harvested_area,Boreal,MRI-ESM2-0,separate_available_periods,5.356825740610903,6.5071032278003935,1.1502774871894905,0.9972300481895381,0.9972300481895381,0.9999763611903456
ssp126,2031-2060,harvested_area,Boreal,MRI-ESM2-0,complete_common_cells,5.474675309149308,6.705288406809303,1.2306130976599947,0.9546463094384091,,
ssp126,2031-2060,harvested_area,Continental,ACCESS-CM2,positional_pairs,7.348460378308247,10.411539210722468,3.063078832414221,1.0,,
ssp126,2031-2060,harvested_area,Continental,ACCESS-CM2,separate_available_periods,7.348460378308247,10.411539210722468,3.063078832414221,1.0,1.0,1.0
ssp126,2031-2060,harvested_area,Continental,ACCESS-CM2,complete_common_cells,7.348460378308247,10.411539210722468,3.063078832414221,1.0,,
ssp126,2031-2060,harvested_area,Continental,MPI-ESM1-2-HR,positional_pairs,5.5717803236583485,5.913362454167885,0.34158213050953634,1.0,,
ssp126,2031-2060,harvested_area,Continental,MPI-ESM1-2-HR,separate_available_periods,5.5717803236583485,5.913362454167885,0.34158213050953634,1.0,1.0,1.0
ssp126,2031-2060,harvested_area,Continental,MPI-ESM1-2-HR,complete_common_cells,5.5717803236583485,5.913362454167885,0.34158213050953634,1.0,,
ssp126,2031-2060,harvested_area,Continental,MRI-ESM2-0,positional_pairs,6.509063301325573,7.436309357422416,0.927246056096843,1.0,,
ssp126,2031-2060,harvested_area,Continental,MRI-ESM2-0,separate_available_periods,6.509063301325573,7.436309357422416,0.927246056096843,1.0,1.0,1.0
ssp126,2031-2060,harvested_area,Continental,MRI-ESM2-0,complete_common_cells,6.509063301325573,7.436309357422416,0.927246056096843,1.0,,
ssp126,2031-2060,harvested_area,Mediterranean,ACCESS-CM2,positional_pairs,7.222574557937065,7.924096788244142,0.7015222303070772,1.0,,
ssp126,2031-2060,harvested_area,Mediterranean,ACCESS-CM2,separate_available_periods,7.222574557937065,7.924096788244142,0.7015222303070772,1.0,1.0,1.0
ssp126,2031-2060,harvested_area,Mediterranean,ACCESS-CM2,complete_common_cells,7.222574557937065,7.924096788244142,0.7015222303070772,1.0,,
ssp126,2031-2060,harvested_area,Mediterranean,MPI-ESM1-2-HR,positional_pairs,5.990607008770414,6.3958755683364945,0.4052685595660801,1.0,,
ssp126,2031-2060,harvested_area,Mediterranean,MPI-ESM1-2-HR,separate_available_periods,5.990607008770414,6.3958755683364945,0.4052685595660801,1.0,1.0,1.0
ssp126,2031-2060,harvested_area,Mediterranean,MPI-ESM1-2-HR,complete_common_cells,5.990607008770414,6.3958755683364945,0.4052685595660801,1.0,,
ssp126,2031-2060,harvested_area,Mediterranean,MRI-ESM2-0,positional_pairs,6.855287957298243,6.954199921131368,0.09891196383312462,1.0,,
ssp126,2031-2060,harvested_area,Mediterranean,MRI-ESM2-0,separate_available_periods,6.855287957298243,6.954199921131368,0.09891196383312462,1.0,1.0,1.0
ssp126,2031-2060,harvested_area,Mediterranean,MRI-ESM2-0,complete_common_cells,6.855287957298243,6.954199921131368,0.09891196383312462,1.0,,
ssp126,2031-2060,harvested_area,Outside EEA regions,ACCESS-CM2,positional_pairs,2.2350537480112322,2.825993138152664,0.5909393901414317,1.0000000000000002,,
ssp126,2031-2060,harvested_area,Outside EEA regions,ACCESS-CM2,separate_available_periods,2.2350537480112322,2.825993138152664,0.5909393901414317,1.0000000000000002,1.0000000000000002,1.0000000000000002
ssp126,2031-2060,harvested_area,Outside EEA regions,ACCESS-CM2,complete_common_cells,2.2350537480112322,2.825993138152664,0.5909393901414317,1.0,,
ssp126,2031-2060,harvested_area,Outside EEA regions,MPI-ESM1-2-HR,positional_pairs,1.561938260973261,2.1158784629489196,0.5539402019756585,1.0000000000000002,,
ssp126,2031-2060,harvested_area,Outside EEA regions,MPI-ESM1-2-HR,separate_available_periods,1.561938260973261,2.1158784629489196,0.5539402019756585,1.0000000000000002,1.0000000000000002,1.0000000000000002
ssp126,2031-2060,harvested_area,Outside EEA regions,MPI-ESM1-2-HR,complete_common_cells,1.561938260973261,2.1158784629489196,0.5539402019756585,1.0,,
ssp126,2031-2060,harvested_area,Outside EEA regions,MRI-ESM2-0,positional_pairs,1.746621272445518,2.5562158195569515,0.8095945471114336,1.0000000000000002,,
ssp126,2031-2060,harvested_area,Outside EEA regions,MRI-ESM2-0,separate_available_periods,1.746621272445518,2.5562158195569515,0.8095945471114336,1.0000000000000002,1.0000000000000002,1.0000000000000002
ssp126,2031-2060,harvested_area,Outside EEA regions,MRI-ESM2-0,complete_common_cells,1.746621272445518,2.5562158195569515,0.8095945471114336,1.0,,
ssp126,2031-2060,harvested_area,Pannonian,ACCESS-CM2,positional_pairs,7.78398715005027,11.740028824802923,3.9560416747526537,1.0,,
ssp126,2031-2060,harvested_area,Pannonian,ACCESS-CM2,separate_available_periods,7.78398715005027,11.740028824802923,3.9560416747526537,1.0,1.0,1.0
ssp126,2031-2060,harvested_area,Pannonian,ACCESS-CM2,complete_common_cells,7.78398715005027,11.740028824802923,3.9560416747526537,1.0,,
ssp126,2031-2060,harvested_area,Pannonian,MPI-ESM1-2-HR,positional_pairs,5.909378288486089,5.733252881653721,-0.17612540683236766,1.0,,
ssp126,2031-2060,harvested_area,Pannonian,MPI-ESM1-2-HR,separate_available_periods,5.909378288486089,5.733252881653721,-0.17612540683236766,1.0,1.0,1.0
ssp126,2031-2060,harvested_area,Pannonian,MPI-ESM1-2-HR,complete_common_cells,5.909378288486089,5.733252881653721,-0.17612540683236766,1.0,,
ssp126,2031-2060,harvested_area,Pannonian,MRI-ESM2-0,positional_pairs,7.439047441162032,8.447700836669416,1.008653395507384,1.0,,
ssp126,2031-2060,harvested_area,Pannonian,MRI-ESM2-0,separate_available_periods,7.439047441162032,8.447700836669416,1.008653395507384,1.0,1.0,1.0
ssp126,2031-2060,harvested_area,Pannonian,MRI-ESM2-0,complete_common_cells,7.439047441162032,8.447700836669416,1.008653395507384,1.0,,
ssp126,2031-2060,harvested_area,Steppic,ACCESS-CM2,positional_pairs,3.8277831578152215,4.915705225771521,1.087922067956299,0.9998913582596575,,
ssp126,2031-2060,harvested_area,Steppic,ACCESS-CM2,separate_available_periods,3.8277831578152215,4.915705225771521,1.087922067956299,0.9998913582596575,0.9998913582596575,0.9998913582596575
ssp126,2031-2060,harvested_area,Steppic,ACCESS-CM2,complete_common_cells,3.8277831578152215,4.915705225771521,1.087922067956299,0.9998913582596575,,
ssp126,2031-2060,harvested_area,Steppic,MPI-ESM1-2-HR,positional_pairs,2.687014117075772,2.7739513807337137,0.08693726365794152,0.9998913582596575,,
ssp126,2031-2060,harvested_area,Steppic,MPI-ESM1-2-HR,separate_available_periods,2.687014117075772,2.7739513807337137,0.08693726365794152,0.9998913582596575,0.9998913582596575,0.9998913582596575
ssp126,2031-2060,harvested_area,Steppic,MPI-ESM1-2-HR,complete_common_cells,2.687014117075772,2.7739513807337137,0.08693726365794152,0.9998913582596575,,
ssp126,2031-2060,harvested_area,Steppic,MRI-ESM2-0,positional_pairs,3.7526296259161005,4.644908385272862,0.8922787593567612,0.9998913582596575,,
ssp126,2031-2060,harvested_area,Steppic,MRI-ESM2-0,separate_available_periods,3.7526296259161005,4.644908385272862,0.8922787593567612,0.9998913582596575,0.9998913582596575,0.9998913582596575
ssp126,2031-2060,harvested_area,Steppic,MRI-ESM2-0,complete_common_cells,3.7526296259161005,4.644908385272862,0.8922787593567612,0.9998913582596575,,
ssp126,2031-2060,harvested_area,Unassigned,ACCESS-CM2,positional_pairs,11.464461113160475,14.191920032729179,2.7274589195687042,0.9984757001667433,,
ssp126,2031-2060,harvested_area,Unassigned,ACCESS-CM2,separate_available_periods,11.464461113160475,14.190302519248641,2.7258414060881666,0.9984757001667433,0.9984757001667433,0.9987668970960629
ssp126,2031-2060,harvested_area,Unassigned,ACCESS-CM2,complete_common_cells,11.49971723530833,14.241318740934204,2.7416015056258747,0.9941236395211818,,
ssp126,2031-2060,harvested_area,Unassigned,MPI-ESM1-2-HR,positional_pairs,10.245119289321956,10.475427997915189,0.23030870859323294,0.9985162267652195,,
ssp126,2031-2060,harvested_area,Unassigned,MPI-ESM1-2-HR,separate_available_periods,10.244956037044673,10.47512428331467,0.2301682462699972,0.9985362077854413,0.9985362077854413,0.9986910821308359
ssp126,2031-2060,harvested_area,Unassigned,MPI-ESM1-2-HR,complete_common_cells,10.27827344424378,10.511933618476746,0.23366017423296626,0.9941236395211818,,
ssp126,2031-2060,harvested_area,Unassigned,MRI-ESM2-0,positional_pairs,10.949643543893316,10.73572521269652,-0.21391833119679582,0.9983465453083861,,
ssp126,2031-2060,harvested_area,Unassigned,MRI-ESM2-0,separate_available_periods,10.949714705963801,10.733785974803073,-0.2159287311607283,0.9983705282496285,0.9983705282496285,0.9986818491272587
ssp126,2031-2060,harvested_area,Unassigned,MRI-ESM2-0,complete_common_cells,10.98287643158092,10.770570877001104,-0.2123055545798156,0.9941236395211818,,
ssp126,2031-2060,baseline_production,Europe,ACCESS-CM2,positional_pairs,8.105315717587999,11.049776377401098,2.9444606598130996,0.9997437956183706,,
ssp126,2031-2060,baseline_production,Europe,ACCESS-CM2,separate_available_periods,8.105315717587999,11.049549606813356,2.944233889225357,0.9997437956183706,0.9997437956183706,0.9998891281788282
ssp126,2031-2060,baseline_production,Europe,ACCESS-CM2,complete_common_cells,8.113395965772234,11.065421369077287,2.9520254033050524,0.9973981744502151,,
ssp126,2031-2060,baseline_production,Europe,MPI-ESM1-2-HR,positional_pairs,6.527206542478908,6.761933994114037,0.23472745163512965,0.9997949479367175,,
ssp126,2031-2060,baseline_production,Europe,MPI-ESM1-2-HR,separate_available_periods,6.527210219777005,6.76222626392348,0.2350160441464748,0.9997981504050047,0.9997981504050047,0.9998552094238222
ssp126,2031-2060,baseline_production,Europe,MPI-ESM1-2-HR,complete_common_cells,6.5337940131913355,6.771935739680476,0.23814172648914056,0.9973981744502151,,
ssp126,2031-2060,baseline_production,Europe,MRI-ESM2-0,positional_pairs,7.497087240896372,7.754196902328251,0.25710966143187886,0.9996678763768863,,
ssp126,2031-2060,baseline_production,Europe,MRI-ESM2-0,separate_available_periods,7.497113216274226,7.753930267822131,0.25681705154790535,0.9996704478877078,0.9996704478877078,0.99986819561303
ssp126,2031-2060,baseline_production,Europe,MRI-ESM2-0,complete_common_cells,7.503951301815606,7.764143735263654,0.2601924334480481,0.9973981744502151,,
ssp126,2031-2060,baseline_production,Alpine,ACCESS-CM2,positional_pairs,10.18062685220123,13.279161797803102,3.0985349456018714,0.993246671041303,,
ssp126,2031-2060,baseline_production,Alpine,ACCESS-CM2,separate_available_periods,10.18062685220123,13.276574789076266,3.095947936875035,0.993246671041303,0.993246671041303,0.9983665961795811
ssp126,2031-2060,baseline_production,Alpine,ACCESS-CM2,complete_common_cells,10.046429455235,13.264694710912245,3.2182652556772453,0.980314107225896,,
ssp126,2031-2060,baseline_production,Alpine,MPI-ESM1-2-HR,positional_pairs,8.213320426956333,8.032183139434084,-0.18113728752224922,0.9937390711219769,,
ssp126,2031-2060,baseline_production,Alpine,MPI-ESM1-2-HR,separate_available_periods,8.213389235438608,8.044813044625831,-0.16857619081277697,0.9938701793236591,0.9938701793236591,0.9966120692819119
ssp126,2031-2060,baseline_production,Alpine,MPI-ESM1-2-HR,complete_common_cells,8.083877717683892,7.987908190900534,-0.09596952678335846,0.980314107225896,,
ssp126,2031-2060,baseline_production,Alpine,MRI-ESM2-0,positional_pairs,9.221533167563154,10.040780020204737,0.8192468526415837,0.99339568569259,,
ssp126,2031-2060,baseline_production,Alpine,MRI-ESM2-0,separate_available_periods,9.222639316877734,10.053627925887783,0.8309886090100491,0.9935143633860029,0.9935143633860029,0.9973100552975654
ssp126,2031-2060,baseline_production,Alpine,MRI-ESM2-0,complete_common_cells,9.080683382005612,10.01022723437773,0.9295438523721185,0.980314107225896,,
ssp126,2031-2060,baseline_production,Atlantic,ACCESS-CM2,positional_pairs,12.69632099482851,16.15874651660256,3.4624255217740494,0.9996608283387257,,
ssp126,2031-2060,baseline_production,Atlantic,ACCESS-CM2,separate_available_periods,12.69632099482851,16.15867859887802,3.46235760404951,0.9996608283387257,0.9996608283387257,0.9996764702999719
ssp126,2031-2060,baseline_production,Atlantic,ACCESS-CM2,complete_common_cells,12.696285775381565,16.158941035759163,3.4626552603775984,0.9996245018539527,,
ssp126,2031-2060,baseline_production,Atlantic,MPI-ESM1-2-HR,positional_pairs,11.168467055129609,11.625793791593656,0.4573267364640472,0.9996587740779798,,
ssp126,2031-2060,baseline_production,Atlantic,MPI-ESM1-2-HR,separate_available_periods,11.168461897254504,11.625797828905823,0.45733593165131836,0.9996602674808406,0.9996602674808406,0.9996722763150866
ssp126,2031-2060,baseline_production,Atlantic,MPI-ESM1-2-HR,complete_common_cells,11.168431356168387,11.625780147128118,0.45734879095973113,0.9996245018539527,,
ssp126,2031-2060,baseline_production,Atlantic,MRI-ESM2-0,positional_pairs,12.163751254489641,10.471249441458713,-1.692501813030928,0.9996584029142926,,
ssp126,2031-2060,baseline_production,Atlantic,MRI-ESM2-0,separate_available_periods,12.163752840805287,10.471250961766595,-1.6925018790386925,0.999659745204788,0.999659745204788,0.9996716753051177
ssp126,2031-2060,baseline_production,Atlantic,MRI-ESM2-0,complete_common_cells,12.163716075108477,10.471292013185263,-1.692424061923214,0.9996245018539527,,
ssp126,2031-2060,baseline_production,Black Sea,ACCESS-CM2,positional_pairs,8.188599827178578,11.607759996487664,3.4191601693090856,1.0,,
ssp126,2031-2060,baseline_production,Black Sea,ACCESS-CM2,separate_available_periods,8.188599827178578,11.607759996487664,3.4191601693090856,1.0,1.0,1.0
ssp126,2031-2060,baseline_production,Black Sea,ACCESS-CM2,complete_common_cells,8.188599827178578,11.607759996487664,3.4191601693090856,1.0,,
ssp126,2031-2060,baseline_production,Black Sea,MPI-ESM1-2-HR,positional_pairs,7.301383046375348,6.6740024161373706,-0.6273806302379779,1.0,,
ssp126,2031-2060,baseline_production,Black Sea,MPI-ESM1-2-HR,separate_available_periods,7.301383046375348,6.6740024161373706,-0.6273806302379779,1.0,1.0,1.0
ssp126,2031-2060,baseline_production,Black Sea,MPI-ESM1-2-HR,complete_common_cells,7.301383046375348,6.6740024161373706,-0.6273806302379779,1.0,,
ssp126,2031-2060,baseline_production,Black Sea,MRI-ESM2-0,positional_pairs,8.263114289798503,9.735706413227678,1.472592123429175,1.0,,
ssp126,2031-2060,baseline_production,Black Sea,MRI-ESM2-0,separate_available_periods,8.263114289798503,9.735706413227678,1.472592123429175,1.0,1.0,1.0
ssp126,2031-2060,baseline_production,Black Sea,MRI-ESM2-0,complete_common_cells,8.263114289798503,9.735706413227678,1.472592123429175,1.0,,
ssp126,2031-2060,baseline_production,Boreal,ACCESS-CM2,positional_pairs,5.965181275357761,10.382846807133134,4.4176655317753735,0.9992149750859157,,
ssp126,2031-2060,baseline_production,Boreal,ACCESS-CM2,separate_available_periods,5.965181275357761,10.376974967153389,4.411793691795628,0.9992149750859157,0.9992149750859157,0.9999989423494008
ssp126,2031-2060,baseline_production,Boreal,ACCESS-CM2,complete_common_cells,6.075019215398598,10.636076927819584,4.561057712420986,0.9648917617584106,,
ssp126,2031-2060,baseline_production,Boreal,MPI-ESM1-2-HR,positional_pairs,4.96730623405546,5.643839134818904,0.6765329007634442,0.9999123972761763,,
ssp126,2031-2060,baseline_production,Boreal,MPI-ESM1-2-HR,separate_available_periods,4.96729234792321,5.643597667916676,0.6763053199934665,0.9999197528276728,0.9999197528276728,0.9999865574406972
ssp126,2031-2060,baseline_production,Boreal,MPI-ESM1-2-HR,complete_common_cells,5.068759563054559,5.791373346629925,0.7226137835753654,0.9648917617584106,,
ssp126,2031-2060,baseline_production,Boreal,MRI-ESM2-0,positional_pairs,5.491600357327447,6.440144796025794,0.948544438698347,0.997935710299421,,
ssp126,2031-2060,baseline_production,Boreal,MRI-ESM2-0,separate_available_periods,5.491602254456942,6.431861848842888,0.940259594385946,0.9979362770035812,0.9979362770035812,0.9999934921159339
ssp126,2031-2060,baseline_production,Boreal,MRI-ESM2-0,complete_common_cells,5.589005090939225,6.581595595042984,0.9925905041037586,0.9648917617584106,,
ssp126,2031-2060,baseline_production,Continental,ACCESS-CM2,positional_pairs,8.210001607674887,11.675018582036898,3.465016974362012,0.9999999999999999,,
ssp126,2031-2060,baseline_production,Continental,ACCESS-CM2,separate_available_periods,8.210001607674887,11.675018582036898,3.465016974362012,0.9999999999999999,0.9999999999999999,0.9999999999999999
ssp126,2031-2060,baseline_production,Continental,ACCESS-CM2,complete_common_cells,8.210001607674887,11.675018582036898,3.465016974362012,1.0,,
ssp126,2031-2060,baseline_production,Continental,MPI-ESM1-2-HR,positional_pairs,6.347796738793391,6.526454930495492,0.17865819170210173,0.9999999999999999,,
ssp126,2031-2060,baseline_production,Continental,MPI-ESM1-2-HR,separate_available_periods,6.347796738793391,6.526454930495492,0.17865819170210173,0.9999999999999999,0.9999999999999999,0.9999999999999999
ssp126,2031-2060,baseline_production,Continental,MPI-ESM1-2-HR,complete_common_cells,6.347796738793391,6.526454930495492,0.17865819170210173,1.0,,
ssp126,2031-2060,baseline_production,Continental,MRI-ESM2-0,positional_pairs,7.260383879383511,7.880204150238374,0.6198202708548628,0.9999999999999999,,
ssp126,2031-2060,baseline_production,Continental,MRI-ESM2-0,separate_available_periods,7.260383879383511,7.880204150238374,0.6198202708548628,0.9999999999999999,0.9999999999999999,0.9999999999999999
ssp126,2031-2060,baseline_production,Continental,MRI-ESM2-0,complete_common_cells,7.260383879383511,7.880204150238374,0.6198202708548628,1.0,,
ssp126,2031-2060,baseline_production,Mediterranean,ACCESS-CM2,positional_pairs,7.121586053197737,7.942669534474326,0.821083481276589,0.9999999999999999,,
ssp126,2031-2060,baseline_production,Mediterranean,ACCESS-CM2,separate_available_periods,7.121586053197737,7.942669534474326,0.821083481276589,0.9999999999999999,0.9999999999999999,0.9999999999999999
ssp126,2031-2060,baseline_production,Mediterranean,ACCESS-CM2,complete_common_cells,7.121586053197737,7.942669534474326,0.821083481276589,1.0,,
ssp126,2031-2060,baseline_production,Mediterranean,MPI-ESM1-2-HR,positional_pairs,5.879340786234023,6.376389018853677,0.4970482326196546,0.9999999999999999,,
ssp126,2031-2060,baseline_production,Mediterranean,MPI-ESM1-2-HR,separate_available_periods,5.879340786234023,6.376389018853677,0.4970482326196546,0.9999999999999999,0.9999999999999999,0.9999999999999999
ssp126,2031-2060,baseline_production,Mediterranean,MPI-ESM1-2-HR,complete_common_cells,5.879340786234023,6.376389018853677,0.4970482326196546,1.0,,
ssp126,2031-2060,baseline_production,Mediterranean,MRI-ESM2-0,positional_pairs,6.775682445409533,6.967724859580948,0.1920424141714152,0.9999999999999999,,
ssp126,2031-2060,baseline_production,Mediterranean,MRI-ESM2-0,separate_available_periods,6.775682445409533,6.967724859580948,0.1920424141714152,0.9999999999999999,0.9999999999999999,0.9999999999999999
ssp126,2031-2060,baseline_production,Mediterranean,MRI-ESM2-0,complete_common_cells,6.775682445409533,6.967724859580948,0.1920424141714152,1.0,,
ssp126,2031-2060,baseline_production,Outside EEA regions,ACCESS-CM2,positional_pairs,2.54875665817717,3.1767065456845085,0.6279498875073384,1.0000000000000002,,
ssp126,2031-2060,baseline_production,Outside EEA regions,ACCESS-CM2,separate_available_periods,2.54875665817717,3.1767065456845085,0.6279498875073384,1.0000000000000002,1.0000000000000002,1.0000000000000002
ssp126,2031-2060,baseline_production,Outside EEA regions,ACCESS-CM2,complete_common_cells,2.54875665817717,3.1767065456845085,0.6279498875073384,1.0,,
ssp126,2031-2060,baseline_production,Outside EEA regions,MPI-ESM1-2-HR,positional_pairs,1.773245823176621,2.3779133478758596,0.6046675246992386,1.0000000000000002,,
ssp126,2031-2060,baseline_production,Outside EEA regions,MPI-ESM1-2-HR,separate_available_periods,1.773245823176621,2.3779133478758596,0.6046675246992386,1.0000000000000002,1.0000000000000002,1.0000000000000002
ssp126,2031-2060,baseline_production,Outside EEA regions,MPI-ESM1-2-HR,complete_common_cells,1.773245823176621,2.3779133478758596,0.6046675246992386,1.0,,
ssp126,2031-2060,baseline_production,Outside EEA regions,MRI-ESM2-0,positional_pairs,1.9794041508846145,2.87738781258088,0.8979836616962655,1.0000000000000002,,
ssp126,2031-2060,baseline_production,Outside EEA regions,MRI-ESM2-0,separate_available_periods,1.9794041508846145,2.87738781258088,0.8979836616962655,1.0000000000000002,1.0000000000000002,1.0000000000000002
ssp126,2031-2060,baseline_production,Outside EEA regions,MRI-ESM2-0,complete_common_cells,1.9794041508846145,2.87738781258088,0.8979836616962655,1.0,,
ssp126,2031-2060,baseline_production,Pannonian,ACCESS-CM2,positional_pairs,7.721766743348315,11.706055520346451,3.9842887769981363,1.0,,
ssp126,2031-2060,baseline_production,Pannonian,ACCESS-CM2,separate_available_periods,7.721766743348315,11.706055520346451,3.9842887769981363,1.0,1.0,1.0
ssp126,2031-2060,baseline_production,Pannonian,ACCESS-CM2,complete_common_cells,7.721766743348315,11.706055520346451,3.9842887769981363,1.0,,
ssp126,2031-2060,baseline_production,Pannonian,MPI-ESM1-2-HR,positional_pairs,5.8823234831193,5.696352774033953,-0.18597070908534707,1.0,,
ssp126,2031-2060,baseline_production,Pannonian,MPI-ESM1-2-HR,separate_available_periods,5.8823234831193,5.696352774033953,-0.18597070908534707,1.0,1.0,1.0
ssp126,2031-2060,baseline_production,Pannonian,MPI-ESM1-2-HR,complete_common_cells,5.8823234831193,5.696352774033953,-0.18597070908534707,1.0,,
ssp126,2031-2060,baseline_production,Pannonian,MRI-ESM2-0,positional_pairs,7.394519901308922,8.393158721728417,0.9986388204194956,1.0,,
ssp126,2031-2060,baseline_production,Pannonian,MRI-ESM2-0,separate_available_periods,7.394519901308922,8.393158721728417,0.9986388204194956,1.0,1.0,1.0
ssp126,2031-2060,baseline_production,Pannonian,MRI-ESM2-0,complete_common_cells,7.394519901308922,8.393158721728417,0.9986388204194956,1.0,,
ssp126,2031-2060,baseline_production,Steppic,ACCESS-CM2,positional_pairs,4.070089373270365,5.2065672308070905,1.1364778575367254,0.9999351282111826,,
ssp126,2031-2060,baseline_production,Steppic,ACCESS-CM2,separate_available_periods,4.070089373270365,5.2065672308070905,1.1364778575367254,0.9999351282111826,0.9999351282111826,0.9999351282111826
ssp126,2031-2060,baseline_production,Steppic,ACCESS-CM2,complete_common_cells,4.070089373270365,5.2065672308070905,1.1364778575367254,0.9999351282111828,,
ssp126,2031-2060,baseline_production,Steppic,MPI-ESM1-2-HR,positional_pairs,2.865795819855437,2.914669325443986,0.04887350558854875,0.9999351282111826,,
ssp126,2031-2060,baseline_production,Steppic,MPI-ESM1-2-HR,separate_available_periods,2.865795819855437,2.914669325443986,0.04887350558854875,0.9999351282111826,0.9999351282111826,0.9999351282111826
ssp126,2031-2060,baseline_production,Steppic,MPI-ESM1-2-HR,complete_common_cells,2.865795819855437,2.914669325443986,0.04887350558854875,0.9999351282111828,,
ssp126,2031-2060,baseline_production,Steppic,MRI-ESM2-0,positional_pairs,4.026915198899717,4.95473698199153,0.9278217830918134,0.9999351282111826,,
ssp126,2031-2060,baseline_production,Steppic,MRI-ESM2-0,separate_available_periods,4.026915198899717,4.95473698199153,0.9278217830918134,0.9999351282111826,0.9999351282111826,0.9999351282111826
ssp126,2031-2060,baseline_production,Steppic,MRI-ESM2-0,complete_common_cells,4.026915198899717,4.95473698199153,0.9278217830918134,0.9999351282111828,,
ssp126,2031-2060,baseline_production,Unassigned,ACCESS-CM2,positional_pairs,11.825715754335206,15.308288311491001,3.4825725571557946,0.9990145928658756,,
ssp126,2031-2060,baseline_production,Unassigned,ACCESS-CM2,separate_available_periods,11.825715754335206,15.307434957463242,3.4817192031280353,0.9990145928658756,0.9990145928658756,0.9991539182556575
ssp126,2031-2060,baseline_production,Unassigned,ACCESS-CM2,complete_common_cells,11.844888746881416,15.336261115582097,3.491372368700681,0.996822491592308,,
ssp126,2031-2060,baseline_production,Unassigned,MPI-ESM1-2-HR,positional_pairs,10.814755549533121,11.283033652639435,0.46827810310631435,0.9990417005265457,,
ssp126,2031-2060,baseline_production,Unassigned,MPI-ESM1-2-HR,separate_available_periods,10.814682745323072,11.28292713847118,0.4682443931481082,0.9990499579845153,0.9990499579845153,0.999119649740827
ssp126,2031-2060,baseline_production,Unassigned,MPI-ESM1-2-HR,complete_common_cells,10.833294552563,11.303997829216506,0.47070327665350575,0.996822491592308,,
ssp126,2031-2060,baseline_production,Unassigned,MRI-ESM2-0,positional_pairs,11.302774051078407,10.88068976189346,-0.4220842891849461,0.9989499992149751,,
ssp126,2031-2060,baseline_production,Unassigned,MRI-ESM2-0,separate_available_periods,11.302793440588516,10.879690058548407,-0.4231033820401091,0.9989615477729409,0.9989615477729409,0.9991135402812412
ssp126,2031-2060,baseline_production,Unassigned,MRI-ESM2-0,complete_common_cells,11.320809737568908,10.898968604594085,-0.42184113297482284,0.996822491592308,,
ssp126,2031-2060,rainfed_production,Europe,ACCESS-CM2,positional_pairs,8.095510389862552,11.0407312302625,2.945220840399948,0.9997411214990755,,
ssp126,2031-2060,rainfed_production,Europe,ACCESS-CM2,separate_available_periods,8.095510389862552,11.040503420927696,2.9449930310651435,0.9997411214990755,0.9997411214990755,0.9998879709602266
ssp126,2031-2060,rainfed_production,Europe,ACCESS-CM2,complete_common_cells,8.103651896604077,11.056518451673035,2.952866555068958,0.9973710180375861,,
ssp126,2031-2060,rainfed_production,Europe,MPI-ESM1-2-HR,positional_pairs,6.515149476754441,6.747145896767981,0.23199642001354004,0.9997928077169624,,
ssp126,2031-2060,rainfed_production,Europe,MPI-ESM1-2-HR,separate_available_periods,6.51515323146531,6.747442118159878,0.23228888669456804,0.9997960436108383,0.9997960436108383,0.9998536981800606
ssp126,2031-2060,rainfed_production,Europe,MPI-ESM1-2-HR,complete_common_cells,6.521776608424658,6.757216402116343,0.23543979369168433,0.9973710180375861,,
ssp126,2031-2060,rainfed_production,Europe,MRI-ESM2-0,positional_pairs,7.483719585675107,7.7450413251592956,0.26132173948418824,0.9996644098546384,,
ssp126,2031-2060,rainfed_production,Europe,MRI-ESM2-0,separate_available_periods,7.483745867005293,7.744773760727072,0.2610278937217787,0.9996670082054644,0.9996670082054644,0.9998668199119118
ssp126,2031-2060,rainfed_production,Europe,MRI-ESM2-0,complete_common_cells,7.4906247406211195,7.755071198608578,0.26444645798745814,0.9973710180375861,,
ssp126,2031-2060,rainfed_production,Alpine,ACCESS-CM2,positional_pairs,10.25882419929843,13.332649799226067,3.073825599927636,0.9931351073176639,,
ssp126,2031-2060,rainfed_production,Alpine,ACCESS-CM2,separate_available_periods,10.25882419929843,13.329741140950077,3.070916941651646,0.9931351073176639,0.9931351073176639,0.9983396126558217
ssp126,2031-2060,rainfed_production,Alpine,ACCESS-CM2,complete_common_cells,10.123413607766212,13.318656361377059,3.195242753610847,0.9799888999815177,,
ssp126,2031-2060,rainfed_production,Alpine,MPI-ESM1-2-HR,positional_pairs,8.288369680791103,8.09602886022319,-0.1923408205679138,0.9936356417550168,,
ssp126,2031-2060,rainfed_production,Alpine,MPI-ESM1-2-HR,separate_available_periods,8.288429568268429,8.108681026893503,-0.17974854137492535,0.9937689158395204,0.9937689158395204,0.9965561013039483
ssp126,2031-2060,rainfed_production,Alpine,MPI-ESM1-2-HR,complete_common_cells,8.157790028627897,8.051896640088192,-0.10589338853970531,0.9799888999815177,,
ssp126,2031-2060,rainfed_production,Alpine,MRI-ESM2-0,positional_pairs,9.300312041615632,10.106729043644483,0.8064170020288515,0.9932865836629506,,
ssp126,2031-2060,rainfed_production,Alpine,MRI-ESM2-0,separate_available_periods,9.301427018765045,10.11952664333274,0.8180996245676955,0.9934072218895272,0.9934072218895272,0.997265617917242
ssp126,2031-2060,rainfed_production,Alpine,MRI-ESM2-0,complete_common_cells,9.158156899021781,10.0765561018953,0.918399202873518,0.9799888999815177,,
ssp126,2031-2060,rainfed_production,Atlantic,ACCESS-CM2,positional_pairs,12.719831665144138,16.1681606467051,3.4483289815609623,0.999653692960839,,
ssp126,2031-2060,rainfed_production,Atlantic,ACCESS-CM2,separate_available_periods,12.719831665144138,16.168091149275405,3.448259484131267,0.999653692960839,0.999653692960839,0.999669663992338
ssp126,2031-2060,rainfed_production,Atlantic,ACCESS-CM2,complete_common_cells,12.719796576840176,16.168359608969705,3.4485630321295293,0.9996166022518523,,
ssp126,2031-2060,rainfed_production,Atlantic,MPI-ESM1-2-HR,positional_pairs,11.180806045123772,11.638581590022108,0.45777554489833605,0.999651595483255,,
ssp126,2031-2060,rainfed_production,Atlantic,MPI-ESM1-2-HR,separate_available_periods,11.180800759880121,11.63858553594296,0.45778477606283907,0.9996531203038166,0.9996531203038166,0.9996653817758273
ssp126,2031-2060,rainfed_production,Atlantic,MPI-ESM1-2-HR,complete_common_cells,11.180770026798651,11.638568106056873,0.4577980792582217,0.9996166022518523,,
ssp126,2031-2060,rainfed_production,Atlantic,MRI-ESM2-0,positional_pairs,12.178854643342138,10.481621327669458,-1.6972333156726798,0.9996512165111527,,
ssp126,2031-2060,rainfed_production,Atlantic,MRI-ESM2-0,separate_available_periods,12.178856242334925,10.481622739368882,-1.6972335029660428,0.9996525870402982,0.9996525870402982,0.9996647681220153
ssp126,2031-2060,rainfed_production,Atlantic,MRI-ESM2-0,complete_common_cells,12.178819246578412,10.481665154501854,-1.6971540920765573,0.9996166022518523,,
ssp126,2031-2060,rainfed_production,Black Sea,ACCESS-CM2,positional_pairs,8.159229835667684,11.547112589073597,3.387882753405913,1.0,,
ssp126,2031-2060,rainfed_production,Black Sea,ACCESS-CM2,separate_available_periods,8.159229835667684,11.547112589073597,3.387882753405913,1.0,1.0,1.0
ssp126,2031-2060,rainfed_production,Black Sea,ACCESS-CM2,complete_common_cells,8.159229835667684,11.547112589073597,3.387882753405913,1.0,,
ssp126,2031-2060,rainfed_production,Black Sea,MPI-ESM1-2-HR,positional_pairs,7.295465557732786,6.649529447711165,-0.645936110021621,1.0,,
ssp126,2031-2060,rainfed_production,Black Sea,MPI-ESM1-2-HR,separate_available_periods,7.295465557732786,6.649529447711165,-0.645936110021621,1.0,1.0,1.0
ssp126,2031-2060,rainfed_production,Black Sea,MPI-ESM1-2-HR,complete_common_cells,7.295465557732786,6.649529447711165,-0.645936110021621,1.0,,
ssp126,2031-2060,rainfed_production,Black Sea,MRI-ESM2-0,positional_pairs,8.251744123444105,9.71943830399517,1.4676941805510655,1.0,,
ssp126,2031-2060,rainfed_production,Black Sea,MRI-ESM2-0,separate_available_periods,8.251744123444105,9.71943830399517,1.4676941805510655,1.0,1.0,1.0
ssp126,2031-2060,rainfed_production,Black Sea,MRI-ESM2-0,complete_common_cells,8.251744123444105,9.71943830399517,1.4676941805510655,1.0,,
ssp126,2031-2060,rainfed_production,Boreal,ACCESS-CM2,positional_pairs,5.963977367754082,10.380636860159628,4.416659492405546,0.9992144195060209,,
ssp126,2031-2060,rainfed_production,Boreal,ACCESS-CM2,separate_available_periods,5.963977367754082,10.374762598295533,4.4107852305414506,0.9992144195060209,0.9992144195060209,0.9999989416008775
ssp126,2031-2060,rainfed_production,Boreal,ACCESS-CM2,complete_common_cells,6.073853016180344,10.633974053148831,4.5601210369684875,0.9648669148637983,,
ssp126,2031-2060,rainfed_production,Boreal,MPI-ESM1-2-HR,positional_pairs,4.9662494048740795,5.642662296269874,0.6764128913957945,0.9999123352777465,,
ssp126,2031-2060,rainfed_production,Boreal,MPI-ESM1-2-HR,separate_available_periods,4.966235516693197,5.64242074581124,0.676185229118043,0.999919696034933,0.999919696034933,0.9999865479270938
ssp126,2031-2060,rainfed_production,Boreal,MPI-ESM1-2-HR,complete_common_cells,5.06773876349867,5.790261978766369,0.7225232152676995,0.9648669148637983,,
ssp126,2031-2060,rainfed_production,Boreal,MRI-ESM2-0,positional_pairs,5.490633665459927,6.438819261974988,0.948185596515061,0.9979342493548904,,
ssp126,2031-2060,rainfed_production,Boreal,MRI-ESM2-0,separate_available_periods,5.490635564484193,6.430533182332831,0.9398976178486382,0.9979348164601199,0.9979348164601199,0.999993487510157
ssp126,2031-2060,rainfed_production,Boreal,MRI-ESM2-0,complete_common_cells,5.588076714833281,6.5803283861895965,0.9922516713563159,0.9648669148637983,,
ssp126,2031-2060,rainfed_production,Continental,ACCESS-CM2,positional_pairs,8.205616974891132,11.6702100274561,3.464593052564968,1.0,,
ssp126,2031-2060,rainfed_production,Continental,ACCESS-CM2,separate_available_periods,8.205616974891132,11.6702100274561,3.464593052564968,1.0,1.0,1.0
ssp126,2031-2060,rainfed_production,Continental,ACCESS-CM2,complete_common_cells,8.205616974891132,11.6702100274561,3.464593052564968,1.0,,
ssp126,2031-2060,rainfed_production,Continental,MPI-ESM1-2-HR,positional_pairs,6.342291388928382,6.520273564463717,0.1779821755353348,1.0,,
ssp126,2031-2060,rainfed_production,Continental,MPI-ESM1-2-HR,separate_available_periods,6.342291388928382,6.520273564463717,0.1779821755353348,1.0,1.0,1.0
ssp126,2031-2060,rainfed_production,Continental,MPI-ESM1-2-HR,complete_common_cells,6.342291388928382,6.520273564463717,0.1779821755353348,1.0,,
ssp126,2031-2060,rainfed_production,Continental,MRI-ESM2-0,positional_pairs,7.25487075724914,7.875724366014295,0.620853608765155,1.0,,
ssp126,2031-2060,rainfed_production,Continental,MRI-ESM2-0,separate_available_periods,7.25487075724914,7.875724366014295,0.620853608765155,1.0,1.0,1.0
ssp126,2031-2060,rainfed_production,Continental,MRI-ESM2-0,complete_common_cells,7.25487075724914,7.875724366014295,0.620853608765155,1.0,,
ssp126,2031-2060,rainfed_production,Mediterranean,ACCESS-CM2,positional_pairs,7.074998105505913,7.844112255065351,0.7691141495594378,1.0,,
ssp126,2031-2060,rainfed_production,Mediterranean,ACCESS-CM2,separate_available_periods,7.074998105505913,7.844112255065351,0.7691141495594378,1.0,1.0,1.0
ssp126,2031-2060,rainfed_production,Mediterranean,ACCESS-CM2,complete_common_cells,7.074998105505913,7.844112255065351,0.7691141495594378,1.0,,
ssp126,2031-2060,rainfed_production,Mediterranean,MPI-ESM1-2-HR,positional_pairs,5.852448068985883,6.33284109762979,0.4803930286439071,1.0,,
ssp126,2031-2060,rainfed_production,Mediterranean,MPI-ESM1-2-HR,separate_available_periods,5.852448068985883,6.33284109762979,0.4803930286439071,1.0,1.0,1.0
ssp126,2031-2060,rainfed_production,Mediterranean,MPI-ESM1-2-HR,complete_common_cells,5.852448068985883,6.33284109762979,0.4803930286439071,1.0,,
ssp126,2031-2060,rainfed_production,Mediterranean,MRI-ESM2-0,positional_pairs,6.722891461948747,6.91438991051322,0.19149844856447285,1.0,,
ssp126,2031-2060,rainfed_production,Mediterranean,MRI-ESM2-0,separate_available_periods,6.722891461948747,6.91438991051322,0.19149844856447285,1.0,1.0,1.0
ssp126,2031-2060,rainfed_production,Mediterranean,MRI-ESM2-0,complete_common_cells,6.722891461948747,6.91438991051322,0.19149844856447285,1.0,,
ssp126,2031-2060,rainfed_production,Outside EEA regions,ACCESS-CM2,positional_pairs,2.54875665817717,3.1767065456845085,0.6279498875073384,1.0000000000000002,,
ssp126,2031-2060,rainfed_production,Outside EEA regions,ACCESS-CM2,separate_available_periods,2.54875665817717,3.1767065456845085,0.6279498875073384,1.0000000000000002,1.0000000000000002,1.0000000000000002
ssp126,2031-2060,rainfed_production,Outside EEA regions,ACCESS-CM2,complete_common_cells,2.54875665817717,3.1767065456845085,0.6279498875073384,1.0,,
ssp126,2031-2060,rainfed_production,Outside EEA regions,MPI-ESM1-2-HR,positional_pairs,1.773245823176621,2.3779133478758596,0.6046675246992386,1.0000000000000002,,
ssp126,2031-2060,rainfed_production,Outside EEA regions,MPI-ESM1-2-HR,separate_available_periods,1.773245823176621,2.3779133478758596,0.6046675246992386,1.0000000000000002,1.0000000000000002,1.0000000000000002
ssp126,2031-2060,rainfed_production,Outside EEA regions,MPI-ESM1-2-HR,complete_common_cells,1.773245823176621,2.3779133478758596,0.6046675246992386,1.0,,
ssp126,2031-2060,rainfed_production,Outside EEA regions,MRI-ESM2-0,positional_pairs,1.9794041508846145,2.87738781258088,0.8979836616962655,1.0000000000000002,,
ssp126,2031-2060,rainfed_production,Outside EEA regions,MRI-ESM2-0,separate_available_periods,1.9794041508846145,2.87738781258088,0.8979836616962655,1.0000000000000002,1.0000000000000002,1.0000000000000002
ssp126,2031-2060,rainfed_production,Outside EEA regions,MRI-ESM2-0,complete_common_cells,1.9794041508846145,2.87738781258088,0.8979836616962655,1.0,,
ssp126,2031-2060,rainfed_production,Pannonian,ACCESS-CM2,positional_pairs,7.723028101763409,11.707210751035394,3.984182649271985,1.0,,
ssp126,2031-2060,rainfed_production,Pannonian,ACCESS-CM2,separate_available_periods,7.723028101763409,11.707210751035394,3.984182649271985,1.0,1.0,1.0
ssp126,2031-2060,rainfed_production,Pannonian,ACCESS-CM2,complete_common_cells,7.723028101763409,11.707210751035394,3.984182649271985,1.0,,
ssp126,2031-2060,rainfed_production,Pannonian,MPI-ESM1-2-HR,positional_pairs,5.883235131050186,5.69717217260688,-0.18606295844330578,1.0,,
ssp126,2031-2060,rainfed_production,Pannonian,MPI-ESM1-2-HR,separate_available_periods,5.883235131050186,5.69717217260688,-0.18606295844330578,1.0,1.0,1.0
ssp126,2031-2060,rainfed_production,Pannonian,MPI-ESM1-2-HR,complete_common_cells,5.883235131050186,5.69717217260688,-0.18606295844330578,1.0,,
ssp126,2031-2060,rainfed_production,Pannonian,MRI-ESM2-0,positional_pairs,7.395797151040055,8.394716920036716,0.9989197689966609,1.0,,
ssp126,2031-2060,rainfed_production,Pannonian,MRI-ESM2-0,separate_available_periods,7.395797151040055,8.394716920036716,0.9989197689966609,1.0,1.0,1.0
ssp126,2031-2060,rainfed_production,Pannonian,MRI-ESM2-0,complete_common_cells,7.395797151040055,8.394716920036716,0.9989197689966609,1.0,,
ssp126,2031-2060,rainfed_production,Steppic,ACCESS-CM2,positional_pairs,4.060184543441372,5.188752022216609,1.1285674787752367,0.9999346326558585,,
ssp126,2031-2060,rainfed_production,Steppic,ACCESS-CM2,separate_available_periods,4.060184543441372,5.188752022216609,1.1285674787752367,0.9999346326558585,0.9999346326558585,0.9999346326558585
ssp126,2031-2060,rainfed_production,Steppic,ACCESS-CM2,complete_common_cells,4.060184543441372,5.188752022216609,1.1285674787752367,0.9999346326558586,,
ssp126,2031-2060,rainfed_production,Steppic,MPI-ESM1-2-HR,positional_pairs,2.8603534784011595,2.9098837227369065,0.04953024433574704,0.9999346326558585,,
ssp126,2031-2060,rainfed_production,Steppic,MPI-ESM1-2-HR,separate_available_periods,2.8603534784011595,2.9098837227369065,0.04953024433574704,0.9999346326558585,0.9999346326558585,0.9999346326558585
ssp126,2031-2060,rainfed_production,Steppic,MPI-ESM1-2-HR,complete_common_cells,2.8603534784011595,2.9098837227369065,0.04953024433574704,0.9999346326558586,,
ssp126,2031-2060,rainfed_production,Steppic,MRI-ESM2-0,positional_pairs,4.019297001702459,4.941183936716238,0.9218869350137782,0.9999346326558585,,
ssp126,2031-2060,rainfed_production,Steppic,MRI-ESM2-0,separate_available_periods,4.019297001702459,4.941183936716238,0.9218869350137782,0.9999346326558585,0.9999346326558585,0.9999346326558585
ssp126,2031-2060,rainfed_production,Steppic,MRI-ESM2-0,complete_common_cells,4.019297001702459,4.941183936716238,0.9218869350137782,0.9999346326558586,,
ssp126,2031-2060,rainfed_production,Unassigned,ACCESS-CM2,positional_pairs,11.838918279301787,15.347744066239086,3.508825786937299,0.9989978923095265,,
ssp126,2031-2060,rainfed_production,Unassigned,ACCESS-CM2,separate_available_periods,11.838918279301787,15.346870642051586,3.5079523627497995,0.9989978923095265,0.9989978923095265,0.999139578968516
ssp126,2031-2060,rainfed_production,Unassigned,ACCESS-CM2,complete_common_cells,11.858446793902415,15.376280728779626,3.5178339348772116,0.9967686395788861,,
ssp126,2031-2060,rainfed_production,Unassigned,MPI-ESM1-2-HR,positional_pairs,10.85044854059734,11.309798634089157,0.45935009349181755,0.9990254593874249,,
ssp126,2031-2060,rainfed_production,Unassigned,MPI-ESM1-2-HR,separate_available_periods,10.850374201299092,11.309688189545623,0.4593139882465316,0.9990338567917552,0.9990338567917552,0.9991047296752
ssp126,2031-2060,rainfed_production,Unassigned,MPI-ESM1-2-HR,complete_common_cells,10.869383572684084,11.33117986027582,0.46179628759173497,0.9967686395788861,,
ssp126,2031-2060,rainfed_production,Unassigned,MRI-ESM2-0,positional_pairs,11.323710489484606,10.8727093337888,-0.45100115569580623,0.998932203933543,,
ssp126,2031-2060,rainfed_production,Unassigned,MRI-ESM2-0,separate_available_periods,11.323729961809732,10.871694000753966,-0.45203596105576693,0.9989439482150186,0.9989439482150186,0.9990985166732607
ssp126,2031-2060,rainfed_production,Unassigned,MRI-ESM2-0,complete_common_cells,11.342098277623778,10.891281646156312,-0.4508166314674664,0.9967686395788861,,
ssp126,2071-2100,harvested_area,Europe,ACCESS-CM2,positional_pairs,6.992791721663106,9.680520628776824,2.6877289071137183,0.9996719858668189,,
ssp126,2071-2100,harvested_area,Europe,ACCESS-CM2,separate_available_periods,6.992791721663106,9.680575462702599,2.6877837410394934,0.9996719858668189,0.9996719858668189,0.999909332449135
ssp126,2071-2100,harvested_area,Europe,ACCESS-CM2,complete_common_cells,6.998928406815486,9.69741545396797,2.6984870471524847,0.9965622469974359,,
ssp126,2071-2100,harvested_area,Europe,MPI-ESM1-2-HR,positional_pairs,5.4953821273995445,7.573404139979466,2.078022012579922,0.9997336412943831,,
ssp126,2071-2100,harvested_area,Europe,MPI-ESM1-2-HR,separate_available_periods,5.495561665263643,7.57359009176247,2.078028426498827,0.9997480228670883,0.9997480228670883,0.9997988681701747
ssp126,2071-2100,harvested_area,Europe,MPI-ESM1-2-HR,complete_common_cells,5.500075014528804,7.585298125630694,2.0852231111018904,0.9965622469974359,,
ssp126,2071-2100,harvested_area,Europe,MRI-ESM2-0,positional_pairs,6.461992328569428,6.033739495814451,-0.4282528327549775,0.9995642773084907,,
ssp126,2071-2100,harvested_area,Europe,MRI-ESM2-0,separate_available_periods,6.462096306102024,6.033839205065031,-0.42825710103699244,0.9995810384513862,0.9995810384513862,0.9998128774120386
ssp126,2071-2100,harvested_area,Europe,MRI-ESM2-0,complete_common_cells,6.46699080097495,6.04171182552152,-0.4252789754534305,0.9965622469974359,,
ssp126,2071-2100,harvested_area,Alpine,ACCESS-CM2,positional_pairs,10.253863083579658,12.708037563024874,2.454174479445216,0.9902533016630631,,
ssp126,2071-2100,harvested_area,Alpine,ACCESS-CM2,separate_available_periods,10.253863083579658,12.708836465505009,2.4549733819253508,0.9902533016630631,0.9902533016630631,0.9989215560191274
ssp126,2071-2100,harvested_area,Alpine,ACCESS-CM2,complete_common_cells,10.04554217171046,12.651343299443193,2.6058011277327324,0.9701787261971911,,
ssp126,2071-2100,harvested_area,Alpine,MPI-ESM1-2-HR,positional_pairs,8.253736582535613,9.780793546444425,1.5270569639088123,0.9903329062320734,,
ssp126,2071-2100,harvested_area,Alpine,MPI-ESM1-2-HR,separate_available_periods,8.261542512743143,9.786323617229604,1.5247811044864612,0.9910782939209355,0.9910782939209355,0.9930862878882336
ssp126,2071-2100,harvested_area,Alpine,MPI-ESM1-2-HR,complete_common_cells,8.065671440331084,9.68097387721926,1.615302436888177,0.9701787261971911,,
ssp126,2071-2100,harvested_area,Alpine,MRI-ESM2-0,positional_pairs,9.28858085714411,10.105542915887952,0.816962058743842,0.9902706941160269,,
ssp126,2071-2100,harvested_area,Alpine,MRI-ESM2-0,separate_available_periods,9.291833830671841,10.134373230749434,0.8425394000775928,0.9906847101653181,0.9906847101653181,0.9946654714290788
ssp126,2071-2100,harvested_area,Alpine,MRI-ESM2-0,complete_common_cells,9.07544715962352,10.031220261420163,0.9557731017966429,0.9701787261971911,,
ssp126,2071-2100,harvested_area,Atlantic,ACCESS-CM2,positional_pairs,12.89093085505259,18.59343405381203,5.702503198759439,0.9996773025328103,,
ssp126,2071-2100,harvested_area,Atlantic,ACCESS-CM2,separate_available_periods,12.89093085505259,18.59313054226001,5.70219968720742,0.9996773025328103,0.9996773025328103,0.9997222284993438
ssp126,2071-2100,harvested_area,Atlantic,ACCESS-CM2,complete_common_cells,12.890925853006546,18.593971171321414,5.703045318314867,0.9995756333900032,,
ssp126,2071-2100,harvested_area,Atlantic,MPI-ESM1-2-HR,positional_pairs,11.338886963956567,14.97399132050016,3.635104356543593,0.9996717113782664,,
ssp126,2071-2100,harvested_area,Atlantic,MPI-ESM1-2-HR,separate_available_periods,11.338875550121534,14.973826438783627,3.634950888662093,0.9996748629696945,0.9996748629696945,0.999707316704411
ssp126,2071-2100,harvested_area,Atlantic,MPI-ESM1-2-HR,complete_common_cells,11.338861583696303,14.974382746493573,3.6355211627972697,0.9995756333900032,,
ssp126,2071-2100,harvested_area,Atlantic,MRI-ESM2-0,positional_pairs,12.363657188445083,7.098857504365926,-5.264799684079158,0.9996401809330588,,
ssp126,2071-2100,harvested_area,Atlantic,MRI-ESM2-0,separate_available_periods,12.36370945963196,7.0988831903798335,-5.264826269252126,0.9996495468434559,0.9996736445853388,0.9996495468434559
ssp126,2071-2100,harvested_area,Atlantic,MRI-ESM2-0,complete_common_cells,12.363690986688166,7.098789219347529,-5.264901767340637,0.9995756333900032,,
ssp126,2071-2100,harvested_area,Black Sea,ACCESS-CM2,positional_pairs,7.976046141351919,8.974775764317625,0.9987296229657066,1.0,,
ssp126,2071-2100,harvested_area,Black Sea,ACCESS-CM2,separate_available_periods,7.976046141351919,8.974775764317625,0.9987296229657066,1.0,1.0,1.0
ssp126,2071-2100,harvested_area,Black Sea,ACCESS-CM2,complete_common_cells,7.976046141351919,8.974775764317625,0.9987296229657066,1.0,,
ssp126,2071-2100,harvested_area,Black Sea,MPI-ESM1-2-HR,positional_pairs,7.123371682171213,6.0854751602185475,-1.037896521952666,1.0,,
ssp126,2071-2100,harvested_area,Black Sea,MPI-ESM1-2-HR,separate_available_periods,7.123371682171213,6.0854751602185475,-1.037896521952666,1.0,1.0,1.0
ssp126,2071-2100,harvested_area,Black Sea,MPI-ESM1-2-HR,complete_common_cells,7.123371682171213,6.0854751602185475,-1.037896521952666,1.0,,
ssp126,2071-2100,harvested_area,Black Sea,MRI-ESM2-0,positional_pairs,8.065075748067933,10.444327569156084,2.3792518210881504,1.0,,
ssp126,2071-2100,harvested_area,Black Sea,MRI-ESM2-0,separate_available_periods,8.065075748067933,10.444327569156084,2.3792518210881504,1.0,1.0,1.0
ssp126,2071-2100,harvested_area,Black Sea,MRI-ESM2-0,complete_common_cells,8.065075748067933,10.444327569156084,2.3792518210881504,1.0,,
ssp126,2071-2100,harvested_area,Boreal,ACCESS-CM2,positional_pairs,5.9734302329782345,11.508793243495361,5.535363010517127,0.9988299116743407,,
ssp126,2071-2100,harvested_area,Boreal,ACCESS-CM2,separate_available_periods,5.9734302329782345,11.499352963140646,5.525922730162412,0.9988299116743407,0.9988299116743407,0.999997998192897
ssp126,2071-2100,harvested_area,Boreal,ACCESS-CM2,complete_common_cells,6.114317892072708,11.91529587586266,5.800977983789951,0.9546463094384091,,
ssp126,2071-2100,harvested_area,Boreal,MPI-ESM1-2-HR,positional_pairs,4.888536767536009,7.5849535283145,2.696416760778491,0.9998201631890384,,
ssp126,2071-2100,harvested_area,Boreal,MPI-ESM1-2-HR,separate_available_periods,4.8885353883958125,7.58433948027,2.6958040918741872,0.9998252460909095,0.9998252460909095,0.9999757572314497
ssp126,2071-2100,harvested_area,Boreal,MPI-ESM1-2-HR,complete_common_cells,5.014356402456417,7.831255842064434,2.816899439608017,0.9546463094384091,,
ssp126,2071-2100,harvested_area,Boreal,MRI-ESM2-0,positional_pairs,5.35686491415892,4.957385345523889,-0.399479568635031,0.9971553864100576,,
ssp126,2071-2100,harvested_area,Boreal,MRI-ESM2-0,separate_available_periods,5.356825740610903,4.947981755778565,-0.4088439848323384,0.9972300481895381,0.9972300481895381,0.9998651302531054
ssp126,2071-2100,harvested_area,Boreal,MRI-ESM2-0,complete_common_cells,5.474675309149308,5.092212091427317,-0.3824632177219911,0.9546463094384091,,
ssp126,2071-2100,harvested_area,Continental,ACCESS-CM2,positional_pairs,7.348460378308247,10.713218463850788,3.364758085542541,1.0,,
ssp126,2071-2100,harvested_area,Continental,ACCESS-CM2,separate_available_periods,7.348460378308247,10.713218463850788,3.364758085542541,1.0,1.0,1.0
ssp126,2071-2100,harvested_area,Continental,ACCESS-CM2,complete_common_cells,7.348460378308247,10.713218463850788,3.364758085542541,1.0,,
ssp126,2071-2100,harvested_area,Continental,MPI-ESM1-2-HR,positional_pairs,5.5717803236583485,8.240686251801254,2.6689059281429053,1.0,,
ssp126,2071-2100,harvested_area,Continental,MPI-ESM1-2-HR,separate_available_periods,5.5717803236583485,8.240686251801254,2.6689059281429053,1.0,1.0,1.0
ssp126,2071-2100,harvested_area,Continental,MPI-ESM1-2-HR,complete_common_cells,5.5717803236583485,8.240686251801254,2.6689059281429053,1.0,,
ssp126,2071-2100,harvested_area,Continental,MRI-ESM2-0,positional_pairs,6.509063301325573,6.3741591305945144,-0.13490417073105831,1.0,,
ssp126,2071-2100,harvested_area,Continental,MRI-ESM2-0,separate_available_periods,6.509063301325573,6.3741591305945144,-0.13490417073105831,1.0,1.0,1.0
ssp126,2071-2100,harvested_area,Continental,MRI-ESM2-0,complete_common_cells,6.509063301325573,6.3741591305945144,-0.13490417073105831,1.0,,
ssp126,2071-2100,harvested_area,Mediterranean,ACCESS-CM2,positional_pairs,7.222574557937065,7.7937484556462095,0.5711738977091443,1.0,,
ssp126,2071-2100,harvested_area,Mediterranean,ACCESS-CM2,separate_available_periods,7.222574557937065,7.7937484556462095,0.5711738977091443,1.0,1.0,1.0
ssp126,2071-2100,harvested_area,Mediterranean,ACCESS-CM2,complete_common_cells,7.222574557937065,7.7937484556462095,0.5711738977091443,1.0,,
ssp126,2071-2100,harvested_area,Mediterranean,MPI-ESM1-2-HR,positional_pairs,5.990607008770414,6.470945303110678,0.48033829434026387,1.0,,
ssp126,2071-2100,harvested_area,Mediterranean,MPI-ESM1-2-HR,separate_available_periods,5.990607008770414,6.470945303110678,0.48033829434026387,1.0,1.0,1.0
ssp126,2071-2100,harvested_area,Mediterranean,MPI-ESM1-2-HR,complete_common_cells,5.990607008770414,6.470945303110678,0.48033829434026387,1.0,,
ssp126,2071-2100,harvested_area,Mediterranean,MRI-ESM2-0,positional_pairs,6.855287957298243,6.399504973990303,-0.4557829833079401,1.0,,
ssp126,2071-2100,harvested_area,Mediterranean,MRI-ESM2-0,separate_available_periods,6.855287957298243,6.399504973990303,-0.4557829833079401,1.0,1.0,1.0
ssp126,2071-2100,harvested_area,Mediterranean,MRI-ESM2-0,complete_common_cells,6.855287957298243,6.399504973990303,-0.4557829833079401,1.0,,
ssp126,2071-2100,harvested_area,Outside EEA regions,ACCESS-CM2,positional_pairs,2.2350537480112322,3.167309856863938,0.9322561088527057,1.0000000000000002,,
ssp126,2071-2100,harvested_area,Outside EEA regions,ACCESS-CM2,separate_available_periods,2.2350537480112322,3.167309856863938,0.9322561088527057,1.0000000000000002,1.0000000000000002,1.0000000000000002
ssp126,2071-2100,harvested_area,Outside EEA regions,ACCESS-CM2,complete_common_cells,2.2350537480112322,3.167309856863938,0.9322561088527057,1.0,,
ssp126,2071-2100,harvested_area,Outside EEA regions,MPI-ESM1-2-HR,positional_pairs,1.561938260973261,1.6307259491055062,0.06878768813224512,1.0000000000000002,,
ssp126,2071-2100,harvested_area,Outside EEA regions,MPI-ESM1-2-HR,separate_available_periods,1.561938260973261,1.6307259491055062,0.06878768813224512,1.0000000000000002,1.0000000000000002,1.0000000000000002
ssp126,2071-2100,harvested_area,Outside EEA regions,MPI-ESM1-2-HR,complete_common_cells,1.561938260973261,1.6307259491055062,0.06878768813224512,1.0,,
ssp126,2071-2100,harvested_area,Outside EEA regions,MRI-ESM2-0,positional_pairs,1.746621272445518,1.9119542678646644,0.16533299541914648,1.0000000000000002,,
ssp126,2071-2100,harvested_area,Outside EEA regions,MRI-ESM2-0,separate_available_periods,1.746621272445518,1.9119542678646644,0.16533299541914648,1.0000000000000002,1.0000000000000002,1.0000000000000002
ssp126,2071-2100,harvested_area,Outside EEA regions,MRI-ESM2-0,complete_common_cells,1.746621272445518,1.9119542678646644,0.16533299541914648,1.0,,
ssp126,2071-2100,harvested_area,Pannonian,ACCESS-CM2,positional_pairs,7.78398715005027,10.179616613771392,2.3956294637211224,1.0,,
ssp126,2071-2100,harvested_area,Pannonian,ACCESS-CM2,separate_available_periods,7.78398715005027,10.179616613771392,2.3956294637211224,1.0,1.0,1.0
ssp126,2071-2100,harvested_area,Pannonian,ACCESS-CM2,complete_common_cells,7.78398715005027,10.179616613771392,2.3956294637211224,1.0,,
ssp126,2071-2100,harvested_area,Pannonian,MPI-ESM1-2-HR,positional_pairs,5.909378288486089,9.086695323585547,3.177317035099458,1.0,,
ssp126,2071-2100,harvested_area,Pannonian,MPI-ESM1-2-HR,separate_available_periods,5.909378288486089,9.086695323585547,3.177317035099458,1.0,1.0,1.0
ssp126,2071-2100,harvested_area,Pannonian,MPI-ESM1-2-HR,complete_common_cells,5.909378288486089,9.086695323585547,3.177317035099458,1.0,,
ssp126,2071-2100,harvested_area,Pannonian,MRI-ESM2-0,positional_pairs,7.439047441162032,9.11695087810395,1.677903436941918,1.0,,
ssp126,2071-2100,harvested_area,Pannonian,MRI-ESM2-0,separate_available_periods,7.439047441162032,9.11695087810395,1.677903436941918,1.0,1.0,1.0
ssp126,2071-2100,harvested_area,Pannonian,MRI-ESM2-0,complete_common_cells,7.439047441162032,9.11695087810395,1.677903436941918,1.0,,
ssp126,2071-2100,harvested_area,Steppic,ACCESS-CM2,positional_pairs,3.8277831578152215,4.197574111473865,0.3697909536586437,0.9998913582596575,,
ssp126,2071-2100,harvested_area,Steppic,ACCESS-CM2,separate_available_periods,3.8277831578152215,4.197574111473865,0.3697909536586437,0.9998913582596575,0.9998913582596575,0.9998913582596575
ssp126,2071-2100,harvested_area,Steppic,ACCESS-CM2,complete_common_cells,3.8277831578152215,4.197574111473865,0.3697909536586437,0.9998913582596575,,
ssp126,2071-2100,harvested_area,Steppic,MPI-ESM1-2-HR,positional_pairs,2.687014117075772,3.4282332047276176,0.7412190876518454,0.9998913582596575,,
ssp126,2071-2100,harvested_area,Steppic,MPI-ESM1-2-HR,separate_available_periods,2.687014117075772,3.4282332047276176,0.7412190876518454,0.9998913582596575,0.9998913582596575,0.9998913582596575
ssp126,2071-2100,harvested_area,Steppic,MPI-ESM1-2-HR,complete_common_cells,2.687014117075772,3.4282332047276176,0.7412190876518454,0.9998913582596575,,
ssp126,2071-2100,harvested_area,Steppic,MRI-ESM2-0,positional_pairs,3.7526296259161005,4.502125300146601,0.7494956742305008,0.9998913582596575,,
ssp126,2071-2100,harvested_area,Steppic,MRI-ESM2-0,separate_available_periods,3.7526296259161005,4.502125300146601,0.7494956742305008,0.9998913582596575,0.9998913582596575,0.9998913582596575
ssp126,2071-2100,harvested_area,Steppic,MRI-ESM2-0,complete_common_cells,3.7526296259161005,4.502125300146601,0.7494956742305008,0.9998913582596575,,
ssp126,2071-2100,harvested_area,Unassigned,ACCESS-CM2,positional_pairs,11.464461113160475,15.032420390047744,3.5679592768872688,0.9984757001667433,,
ssp126,2071-2100,harvested_area,Unassigned,ACCESS-CM2,separate_available_periods,11.464461113160475,15.030202312747337,3.5657411995868618,0.9984757001667433,0.9984757001667433,0.9987711562834352
ssp126,2071-2100,harvested_area,Unassigned,ACCESS-CM2,complete_common_cells,11.49971723530833,15.0865544125628,3.58683717725447,0.9941236395211818,,
ssp126,2071-2100,harvested_area,Unassigned,MPI-ESM1-2-HR,positional_pairs,10.24503082268885,12.263259124301296,2.018228301612446,0.9985266531989085,,
ssp126,2071-2100,harvested_area,Unassigned,MPI-ESM1-2-HR,separate_available_periods,10.244956037044673,12.262547368809473,2.0175913317648,0.9985362077854413,0.9985362077854413,0.9986942407899745
ssp126,2071-2100,harvested_area,Unassigned,MPI-ESM1-2-HR,complete_common_cells,10.27827344424378,12.30413417107301,2.0258607268292295,0.9941236395211818,,
ssp126,2071-2100,harvested_area,Unassigned,MRI-ESM2-0,positional_pairs,10.949803738935827,8.698753307558308,-2.2510504313775197,0.9982583100943698,,
ssp126,2071-2100,harvested_area,Unassigned,MRI-ESM2-0,separate_available_periods,10.949714705963801,8.697498815908316,-2.252215890055485,0.9983705282496285,0.9983705282496285,0.9984819889007172
ssp126,2071-2100,harvested_area,Unassigned,MRI-ESM2-0,complete_common_cells,10.98287643158092,8.726306521830152,-2.256569909750768,0.9941236395211818,,
ssp126,2071-2100,baseline_production,Europe,ACCESS-CM2,positional_pairs,8.105315717587999,11.562573157456216,3.4572574398682168,0.9997437956183706,,
ssp126,2071-2100,baseline_production,Europe,ACCESS-CM2,separate_available_periods,8.105315717587999,11.562186526425611,3.4568708088376123,0.9997437956183706,0.9997437956183706,0.99990748551247
ssp126,2071-2100,baseline_production,Europe,ACCESS-CM2,complete_common_cells,8.113371495184794,11.580364786160223,3.466993290975429,0.9973942504468982,,
ssp126,2071-2100,baseline_production,Europe,MPI-ESM1-2-HR,positional_pairs,6.527086867856954,8.932965969153383,2.4058791012964287,0.9997880328127491,,
ssp126,2071-2100,baseline_production,Europe,MPI-ESM1-2-HR,separate_available_periods,6.527210219777005,8.933027453187371,2.4058172334103665,0.9997981504050047,0.9997981504050047,0.9998318217921736
ssp126,2071-2100,baseline_production,Europe,MPI-ESM1-2-HR,complete_common_cells,6.533772053991171,8.945769526278735,2.411997472287564,0.9973942504468982,,
ssp126,2071-2100,baseline_production,Europe,MRI-ESM2-0,positional_pairs,7.497048721985316,6.4446904624229155,-1.0523582595624008,0.9996599082658224,,
ssp126,2071-2100,baseline_production,Europe,MRI-ESM2-0,separate_available_periods,7.497113216274226,6.444551476621979,-1.0525617396522469,0.9996704478877078,0.9996704478877078,0.99984311796371
ssp126,2071-2100,baseline_production,Europe,MRI-ESM2-0,complete_common_cells,7.5039247743365545,6.452214780304098,-1.0517099940324561,0.9973942504468982,,
ssp126,2071-2100,baseline_production,Alpine,ACCESS-CM2,positional_pairs,10.18062685220123,12.873412419364909,2.6927855671636785,0.993246671041303,,
ssp126,2071-2100,baseline_production,Alpine,ACCESS-CM2,separate_available_periods,10.18062685220123,12.86569370016005,2.6850668479588187,0.993246671041303,0.993246671041303,0.9993648235147046
ssp126,2071-2100,baseline_production,Alpine,ACCESS-CM2,complete_common_cells,10.045574314650944,12.848157008854647,2.8025826942037035,0.9801184552787925,,
ssp126,2071-2100,baseline_production,Alpine,MPI-ESM1-2-HR,positional_pairs,8.2074914663272,9.95334956484724,1.7458580985200403,0.9933375722949173,,
ssp126,2071-2100,baseline_production,Alpine,MPI-ESM1-2-HR,separate_available_periods,8.213389235438608,9.955742103758473,1.7423528683198644,0.9938701793236591,0.9938701793236591,0.9953040223243498
ssp126,2071-2100,baseline_production,Alpine,MPI-ESM1-2-HR,complete_common_cells,8.083095969684164,9.89222388027654,1.809127910592375,0.9801184552787925,,
ssp126,2071-2100,baseline_production,Alpine,MRI-ESM2-0,positional_pairs,9.220355751179678,9.906051005016637,0.6856952538369594,0.9932363358890073,,
ssp126,2071-2100,baseline_production,Alpine,MRI-ESM2-0,separate_available_periods,9.222639316877734,9.922011793495603,0.699372476617869,0.9935143633860029,0.9935143633860029,0.9963959346402002
ssp126,2071-2100,baseline_production,Alpine,MRI-ESM2-0,complete_common_cells,9.079656828005124,9.857424193769342,0.7777673657642179,0.9801184552787925,,
ssp126,2071-2100,baseline_production,Atlantic,ACCESS-CM2,positional_pairs,12.69632099482851,18.568643380445366,5.872322385616856,0.9996608283387257,,
ssp126,2071-2100,baseline_production,Atlantic,ACCESS-CM2,separate_available_periods,12.69632099482851,18.568550776120446,5.872229781291937,0.9996608283387257,0.9996608283387257,0.9996769572092777
ssp126,2071-2100,baseline_production,Atlantic,ACCESS-CM2,complete_common_cells,12.696282587172691,18.56885160122813,5.872569014055438,0.9996225907050794,,
ssp126,2071-2100,baseline_production,Atlantic,MPI-ESM1-2-HR,positional_pairs,11.168466039529509,14.83045693959624,3.6619909000667317,0.999658993755426,,
ssp126,2071-2100,baseline_production,Atlantic,MPI-ESM1-2-HR,separate_available_periods,11.168461897254504,14.830410289555665,3.661948392301161,0.9996602674808406,0.9996602674808406,0.9996724922539804
ssp126,2071-2100,baseline_production,Atlantic,MPI-ESM1-2-HR,complete_common_cells,11.16842731110615,14.830603875952374,3.6621765648462237,0.9996225907050794,,
ssp126,2071-2100,baseline_production,Atlantic,MRI-ESM2-0,positional_pairs,12.163715694643269,6.9292367521601355,-5.2344789424831335,0.9996447191329474,,
ssp126,2071-2100,baseline_production,Atlantic,MRI-ESM2-0,separate_available_periods,12.163752840805287,6.9292452000962035,-5.234507640709084,0.9996482860875371,0.999659745204788,0.9996482860875371
ssp126,2071-2100,baseline_production,Atlantic,MRI-ESM2-0,complete_common_cells,12.163711638469982,6.929209051535417,-5.234502586934565,0.9996225907050794,,
ssp126,2071-2100,baseline_production,Black Sea,ACCESS-CM2,positional_pairs,8.188599827178578,9.08665407403626,0.8980542468576811,1.0,,
ssp126,2071-2100,baseline_production,Black Sea,ACCESS-CM2,separate_available_periods,8.188599827178578,9.08665407403626,0.8980542468576811,1.0,1.0,1.0
ssp126,2071-2100,baseline_production,Black Sea,ACCESS-CM2,complete_common_cells,8.188599827178578,9.08665407403626,0.8980542468576811,1.0,,
ssp126,2071-2100,baseline_production,Black Sea,MPI-ESM1-2-HR,positional_pairs,7.301383046375348,6.185442663964033,-1.1159403824113152,1.0,,
ssp126,2071-2100,baseline_production,Black Sea,MPI-ESM1-2-HR,separate_available_periods,7.301383046375348,6.185442663964033,-1.1159403824113152,1.0,1.0,1.0
ssp126,2071-2100,baseline_production,Black Sea,MPI-ESM1-2-HR,complete_common_cells,7.301383046375348,6.185442663964033,-1.1159403824113152,1.0,,
ssp126,2071-2100,baseline_production,Black Sea,MRI-ESM2-0,positional_pairs,8.263114289798503,10.734583492123138,2.4714692023246343,1.0,,
ssp126,2071-2100,baseline_production,Black Sea,MRI-ESM2-0,separate_available_periods,8.263114289798503,10.734583492123138,2.4714692023246343,1.0,1.0,1.0
ssp126,2071-2100,baseline_production,Black Sea,MRI-ESM2-0,complete_common_cells,8.263114289798503,10.734583492123138,2.4714692023246343,1.0,,
ssp126,2071-2100,baseline_production,Boreal,ACCESS-CM2,positional_pairs,5.965181275357761,11.847481415767087,5.882300140409326,0.9992149750859157,,
ssp126,2071-2100,baseline_production,Boreal,ACCESS-CM2,separate_available_periods,5.965181275357761,11.840819057954311,5.8756377825965505,0.9992149750859157,0.9992149750859157,0.9999996705790344
ssp126,2071-2100,baseline_production,Boreal,ACCESS-CM2,complete_common_cells,6.075019215398598,12.170737110650784,6.095717895252186,0.9648917617584106,,
ssp126,2071-2100,baseline_production,Boreal,MPI-ESM1-2-HR,positional_pairs,4.967292197954486,7.83929646244217,2.8720042644876838,0.9999176823441105,,
ssp126,2071-2100,baseline_production,Boreal,MPI-ESM1-2-HR,separate_available_periods,4.96729234792321,7.838973855606617,2.871681507683407,0.9999197528276728,0.9999197528276728,0.999993661148933
ssp126,2071-2100,baseline_production,Boreal,MPI-ESM1-2-HR,complete_common_cells,5.068759563054559,8.038679134138944,2.969919571084384,0.9648917617584106,,
ssp126,2071-2100,baseline_production,Boreal,MRI-ESM2-0,positional_pairs,5.491642239425646,4.893608967227372,-0.5980332721982737,0.9979001134980373,,
ssp126,2071-2100,baseline_production,Boreal,MRI-ESM2-0,separate_available_periods,5.491602254456942,4.8864415077128855,-0.6051607467440565,0.9979362770035812,0.9979362770035812,0.9999412670634562
ssp126,2071-2100,baseline_production,Boreal,MRI-ESM2-0,complete_common_cells,5.589005090939225,4.996365212127369,-0.5926398788118563,0.9648917617584106,,
ssp126,2071-2100,baseline_production,Continental,ACCESS-CM2,positional_pairs,8.210001607674887,12.119549410968174,3.9095478032932878,0.9999999999999999,,
ssp126,2071-2100,baseline_production,Continental,ACCESS-CM2,separate_available_periods,8.210001607674887,12.119549410968174,3.9095478032932878,0.9999999999999999,0.9999999999999999,0.9999999999999999
ssp126,2071-2100,baseline_production,Continental,ACCESS-CM2,complete_common_cells,8.210001607674887,12.119549410968174,3.9095478032932878,1.0,,
ssp126,2071-2100,baseline_production,Continental,MPI-ESM1-2-HR,positional_pairs,6.347796738793391,9.057039797683565,2.7092430588901744,0.9999999999999999,,
ssp126,2071-2100,baseline_production,Continental,MPI-ESM1-2-HR,separate_available_periods,6.347796738793391,9.057039797683565,2.7092430588901744,0.9999999999999999,0.9999999999999999,0.9999999999999999
ssp126,2071-2100,baseline_production,Continental,MPI-ESM1-2-HR,complete_common_cells,6.347796738793391,9.057039797683565,2.7092430588901744,1.0,,
ssp126,2071-2100,baseline_production,Continental,MRI-ESM2-0,positional_pairs,7.260383879383511,6.770513525810047,-0.48987035357346365,0.9999999999999999,,
ssp126,2071-2100,baseline_production,Continental,MRI-ESM2-0,separate_available_periods,7.260383879383511,6.770513525810047,-0.48987035357346365,0.9999999999999999,0.9999999999999999,0.9999999999999999
ssp126,2071-2100,baseline_production,Continental,MRI-ESM2-0,complete_common_cells,7.260383879383511,6.770513525810047,-0.48987035357346365,1.0,,
ssp126,2071-2100,baseline_production,Mediterranean,ACCESS-CM2,positional_pairs,7.121586053197737,7.831951170325878,0.7103651171281413,0.9999999999999999,,
ssp126,2071-2100,baseline_production,Mediterranean,ACCESS-CM2,separate_available_periods,7.121586053197737,7.831951170325878,0.7103651171281413,0.9999999999999999,0.9999999999999999,0.9999999999999999
ssp126,2071-2100,baseline_production,Mediterranean,ACCESS-CM2,complete_common_cells,7.121586053197737,7.831951170325878,0.7103651171281413,1.0,,
ssp126,2071-2100,baseline_production,Mediterranean,MPI-ESM1-2-HR,positional_pairs,5.879340786234023,6.482726693528279,0.603385907294256,0.9999999999999999,,
ssp126,2071-2100,baseline_production,Mediterranean,MPI-ESM1-2-HR,separate_available_periods,5.879340786234023,6.482726693528279,0.603385907294256,0.9999999999999999,0.9999999999999999,0.9999999999999999
ssp126,2071-2100,baseline_production,Mediterranean,MPI-ESM1-2-HR,complete_common_cells,5.879340786234023,6.482726693528279,0.603385907294256,1.0,,
ssp126,2071-2100,baseline_production,Mediterranean,MRI-ESM2-0,positional_pairs,6.775682445409533,6.354102105592171,-0.4215803398173623,0.9999999999999999,,
ssp126,2071-2100,baseline_production,Mediterranean,MRI-ESM2-0,separate_available_periods,6.775682445409533,6.354102105592171,-0.4215803398173623,0.9999999999999999,0.9999999999999999,0.9999999999999999
ssp126,2071-2100,baseline_production,Mediterranean,MRI-ESM2-0,complete_common_cells,6.775682445409533,6.354102105592171,-0.4215803398173623,1.0,,
ssp126,2071-2100,baseline_production,Outside EEA regions,ACCESS-CM2,positional_pairs,2.54875665817717,3.565053249934813,1.016296591757643,1.0000000000000002,,
ssp126,2071-2100,baseline_production,Outside EEA regions,ACCESS-CM2,separate_available_periods,2.54875665817717,3.565053249934813,1.016296591757643,1.0000000000000002,1.0000000000000002,1.0000000000000002
ssp126,2071-2100,baseline_production,Outside EEA regions,ACCESS-CM2,complete_common_cells,2.54875665817717,3.565053249934813,1.016296591757643,1.0,,
ssp126,2071-2100,baseline_production,Outside EEA regions,MPI-ESM1-2-HR,positional_pairs,1.773245823176621,1.8394038984148928,0.06615807523827177,1.0000000000000002,,
ssp126,2071-2100,baseline_production,Outside EEA regions,MPI-ESM1-2-HR,separate_available_periods,1.773245823176621,1.8394038984148928,0.06615807523827177,1.0000000000000002,1.0000000000000002,1.0000000000000002
ssp126,2071-2100,baseline_production,Outside EEA regions,MPI-ESM1-2-HR,complete_common_cells,1.773245823176621,1.8394038984148928,0.06615807523827177,1.0,,
ssp126,2071-2100,baseline_production,Outside EEA regions,MRI-ESM2-0,positional_pairs,1.9794041508846145,2.1647127579422203,0.18530860705760577,1.0000000000000002,,
ssp126,2071-2100,baseline_production,Outside EEA regions,MRI-ESM2-0,separate_available_periods,1.9794041508846145,2.1647127579422203,0.18530860705760577,1.0000000000000002,1.0000000000000002,1.0000000000000002
ssp126,2071-2100,baseline_production,Outside EEA regions,MRI-ESM2-0,complete_common_cells,1.9794041508846145,2.1647127579422203,0.18530860705760577,1.0,,
ssp126,2071-2100,baseline_production,Pannonian,ACCESS-CM2,positional_pairs,7.721766743348315,10.150281892447943,2.4285151490996277,1.0,,
ssp126,2071-2100,baseline_production,Pannonian,ACCESS-CM2,separate_available_periods,7.721766743348315,10.150281892447943,2.4285151490996277,1.0,1.0,1.0
ssp126,2071-2100,baseline_production,Pannonian,ACCESS-CM2,complete_common_cells,7.721766743348315,10.150281892447943,2.4285151490996277,1.0,,
ssp126,2071-2100,baseline_production,Pannonian,MPI-ESM1-2-HR,positional_pairs,5.8823234831193,9.047929510694058,3.165606027574758,1.0,,
ssp126,2071-2100,baseline_production,Pannonian,MPI-ESM1-2-HR,separate_available_periods,5.8823234831193,9.047929510694058,3.165606027574758,1.0,1.0,1.0
ssp126,2071-2100,baseline_production,Pannonian,MPI-ESM1-2-HR,complete_common_cells,5.8823234831193,9.047929510694058,3.165606027574758,1.0,,
ssp126,2071-2100,baseline_production,Pannonian,MRI-ESM2-0,positional_pairs,7.394519901308922,9.043126790115021,1.6486068888060998,1.0,,
ssp126,2071-2100,baseline_production,Pannonian,MRI-ESM2-0,separate_available_periods,7.394519901308922,9.043126790115021,1.6486068888060998,1.0,1.0,1.0
ssp126,2071-2100,baseline_production,Pannonian,MRI-ESM2-0,complete_common_cells,7.394519901308922,9.043126790115021,1.6486068888060998,1.0,,
ssp126,2071-2100,baseline_production,Steppic,ACCESS-CM2,positional_pairs,4.070089373270365,4.385551928912514,0.3154625556421493,0.9999351282111826,,
ssp126,2071-2100,baseline_production,Steppic,ACCESS-CM2,separate_available_periods,4.070089373270365,4.385551928912514,0.3154625556421493,0.9999351282111826,0.9999351282111826,0.9999351282111826
ssp126,2071-2100,baseline_production,Steppic,ACCESS-CM2,complete_common_cells,4.070089373270365,4.385551928912514,0.3154625556421493,0.9999351282111828,,
ssp126,2071-2100,baseline_production,Steppic,MPI-ESM1-2-HR,positional_pairs,2.865795819855437,3.65965256771579,0.7938567478603527,0.9999351282111826,,
ssp126,2071-2100,baseline_production,Steppic,MPI-ESM1-2-HR,separate_available_periods,2.865795819855437,3.65965256771579,0.7938567478603527,0.9999351282111826,0.9999351282111826,0.9999351282111826
ssp126,2071-2100,baseline_production,Steppic,MPI-ESM1-2-HR,complete_common_cells,2.865795819855437,3.65965256771579,0.7938567478603527,0.9999351282111828,,
ssp126,2071-2100,baseline_production,Steppic,MRI-ESM2-0,positional_pairs,4.026915198899717,4.7707173888654815,0.7438021899657645,0.9999351282111826,,
ssp126,2071-2100,baseline_production,Steppic,MRI-ESM2-0,separate_available_periods,4.026915198899717,4.7707173888654815,0.7438021899657645,0.9999351282111826,0.9999351282111826,0.9999351282111826
ssp126,2071-2100,baseline_production,Steppic,MRI-ESM2-0,complete_common_cells,4.026915198899717,4.7707173888654815,0.7438021899657645,0.9999351282111828,,
ssp126,2071-2100,baseline_production,Unassigned,ACCESS-CM2,positional_pairs,11.825715754335206,16.834972426379046,5.00925667204384,0.9990145928658756,,
ssp126,2071-2100,baseline_production,Unassigned,ACCESS-CM2,separate_available_periods,11.825715754335206,16.83368744880293,5.007971694467724,0.9990145928658756,0.9990145928658756,0.9991539544215919
ssp126,2071-2100,baseline_production,Unassigned,ACCESS-CM2,complete_common_cells,11.844888746881416,16.867076337573117,5.022187590691701,0.996822491592308,,
ssp126,2071-2100,baseline_production,Unassigned,MPI-ESM1-2-HR,positional_pairs,10.814711373267773,13.69675297057855,2.882041597310776,0.9990467353413591,,
ssp126,2071-2100,baseline_production,Unassigned,MPI-ESM1-2-HR,separate_available_periods,10.814682745323072,13.696383938093632,2.88170119277056,0.9990499579845153,0.9990499579845153,0.9991216324090301
ssp126,2071-2100,baseline_production,Unassigned,MPI-ESM1-2-HR,complete_common_cells,10.833294552563,13.721154433118619,2.8878598805556184,0.996822491592308,,
ssp126,2071-2100,baseline_production,Unassigned,MRI-ESM2-0,positional_pairs,11.302846545188698,8.239294074158263,-3.0635524710304356,0.9989143783519884,,
ssp126,2071-2100,baseline_production,Unassigned,MRI-ESM2-0,separate_available_periods,11.302793440588516,8.238640686496254,-3.0641527540922624,0.9989615477729409,0.9989615477729409,0.9990278386401233
ssp126,2071-2100,baseline_production,Unassigned,MRI-ESM2-0,complete_common_cells,11.320809737568908,8.252656891531345,-3.068152846037563,0.996822491592308,,
ssp126,2071-2100,rainfed_production,Europe,ACCESS-CM2,positional_pairs,8.095510389862552,11.54979999164998,3.454289601787428,0.9997411214990755,,
ssp126,2071-2100,rainfed_production,Europe,ACCESS-CM2,separate_available_periods,8.095510389862552,11.549411437660435,3.453901047797883,0.9997411214990755,0.9997411214990755,0.9999065198975396
ssp126,2071-2100,rainfed_production,Europe,ACCESS-CM2,complete_common_cells,8.103627131195118,11.56774740531462,3.4641202741195016,0.9973670530776981,,
ssp126,2071-2100,rainfed_production,Europe,MPI-ESM1-2-HR,positional_pairs,6.5150284685031545,8.926376050673428,2.411347582170273,0.9997858204167641,,
ssp126,2071-2100,rainfed_production,Europe,MPI-ESM1-2-HR,separate_available_periods,6.51515323146531,8.926438468179999,2.411285236714689,0.9997960436108383,0.9997960436108383,0.9998300664412787
ssp126,2071-2100,rainfed_production,Europe,MPI-ESM1-2-HR,complete_common_cells,6.521754371647162,8.93929761545804,2.4175432438108775,0.9973670530776981,,
ssp126,2071-2100,rainfed_production,Europe,MRI-ESM2-0,positional_pairs,7.4836805569231055,6.437240761082456,-1.0464397958406497,0.9996563585768491,,
ssp126,2071-2100,rainfed_production,Europe,MRI-ESM2-0,separate_available_periods,7.483745867005293,6.437101703716597,-1.046644163288696,0.9996670082054644,0.9996670082054644,0.9998414805159912
ssp126,2071-2100,rainfed_production,Europe,MRI-ESM2-0,complete_common_cells,7.490597882553245,6.444826721280884,-1.045771161272361,0.9973670530776981,,
ssp126,2071-2100,rainfed_production,Alpine,ACCESS-CM2,positional_pairs,10.25882419929843,12.923214928632552,2.664390729334121,0.9931351073176639,,
ssp126,2071-2100,rainfed_production,Alpine,ACCESS-CM2,separate_available_periods,10.25882419929843,12.91505868221977,2.65623448292134,0.9931351073176639,0.9931351073176639,0.9993543305186872
ssp126,2071-2100,rainfed_production,Alpine,ACCESS-CM2,complete_common_cells,10.122559675768514,12.898212025706119,2.775652349937605,0.9797900159010636,,
ssp126,2071-2100,rainfed_production,Alpine,MPI-ESM1-2-HR,positional_pairs,8.282474609057878,10.05242335061452,1.7699487415566413,0.9932275102428834,,
ssp126,2071-2100,rainfed_production,Alpine,MPI-ESM1-2-HR,separate_available_periods,8.288429568268429,10.0546566113966,1.766227043128172,0.9937689158395204,0.9937689158395204,0.9952264456567796
ssp126,2071-2100,rainfed_production,Alpine,MPI-ESM1-2-HR,complete_common_cells,8.157010103112693,9.991625816589575,1.8346157134768823,0.9797900159010636,,
ssp126,2071-2100,rainfed_production,Alpine,MRI-ESM2-0,positional_pairs,9.299127888998644,9.971844345608893,0.6727164566102495,0.9931246014305972,,
ssp126,2071-2100,rainfed_production,Alpine,MRI-ESM2-0,separate_available_periods,9.301427018765045,9.987857681117278,0.6864306623522332,0.9934072218895272,0.9934072218895272,0.9963363961586249
ssp126,2071-2100,rainfed_production,Alpine,MRI-ESM2-0,complete_common_cells,9.157128762815201,9.923293082340653,0.7661643195254513,0.9797900159010636,,
ssp126,2071-2100,rainfed_production,Atlantic,ACCESS-CM2,positional_pairs,12.719831665144138,18.57154148789016,5.85170982274602,0.999653692960839,,
ssp126,2071-2100,rainfed_production,Atlantic,ACCESS-CM2,separate_available_periods,12.719831665144138,18.571446887001876,5.851615221857738,0.999653692960839,0.999653692960839,0.999670161145076
ssp126,2071-2100,rainfed_production,Atlantic,ACCESS-CM2,complete_common_cells,12.7197933674286,18.57175420403121,5.851960836602608,0.9996146508968801,,
ssp126,2071-2100,rainfed_production,Atlantic,MPI-ESM1-2-HR,positional_pairs,11.180805005381798,14.837420069504665,3.6566150641228674,0.9996518197822005,,
ssp126,2071-2100,rainfed_production,Atlantic,MPI-ESM1-2-HR,separate_available_periods,11.180800759880121,14.837372341726864,3.656571581846743,0.9996531203038166,0.9996531203038166,0.99966560225757
ssp126,2071-2100,rainfed_production,Atlantic,MPI-ESM1-2-HR,complete_common_cells,11.180765920691377,14.83757035716101,3.656804436469633,0.9996146508968801,,
ssp126,2071-2100,rainfed_production,Atlantic,MRI-ESM2-0,positional_pairs,12.178818546224289,6.935461120891998,-5.243357425332291,0.9996372448550763,,
ssp126,2071-2100,rainfed_production,Atlantic,MRI-ESM2-0,separate_available_periods,12.178856242334925,6.93546972393945,-5.243386518395475,0.9996408868500417,0.9996525870402982,0.9996408868500417
ssp126,2071-2100,rainfed_production,Atlantic,MRI-ESM2-0,complete_common_cells,12.178814746050454,6.935432977973661,-5.243381768076794,0.9996146508968801,,
ssp126,2071-2100,rainfed_production,Black Sea,ACCESS-CM2,positional_pairs,8.159229835667684,9.00638830139245,0.8471584657247657,1.0,,
ssp126,2071-2100,rainfed_production,Black Sea,ACCESS-CM2,separate_available_periods,8.159229835667684,9.00638830139245,0.8471584657247657,1.0,1.0,1.0
ssp126,2071-2100,rainfed_production,Black Sea,ACCESS-CM2,complete_common_cells,8.159229835667684,9.00638830139245,0.8471584657247657,1.0,,
ssp126,2071-2100,rainfed_production,Black Sea,MPI-ESM1-2-HR,positional_pairs,7.295465557732786,6.174962884748457,-1.1205026729843297,1.0,,
ssp126,2071-2100,rainfed_production,Black Sea,MPI-ESM1-2-HR,separate_available_periods,7.295465557732786,6.174962884748457,-1.1205026729843297,1.0,1.0,1.0
ssp126,2071-2100,rainfed_production,Black Sea,MPI-ESM1-2-HR,complete_common_cells,7.295465557732786,6.174962884748457,-1.1205026729843297,1.0,,
ssp126,2071-2100,rainfed_production,Black Sea,MRI-ESM2-0,positional_pairs,8.251744123444105,10.730411973861369,2.4786678504172635,1.0,,
ssp126,2071-2100,rainfed_production,Black Sea,MRI-ESM2-0,separate_available_periods,8.251744123444105,10.730411973861369,2.4786678504172635,1.0,1.0,1.0
ssp126,2071-2100,rainfed_production,Black Sea,MRI-ESM2-0,complete_common_cells,8.251744123444105,10.730411973861369,2.4786678504172635,1.0,,
ssp126,2071-2100,rainfed_production,Boreal,ACCESS-CM2,positional_pairs,5.963977367754082,11.845012431863443,5.881035064109361,0.9992144195060209,,
ssp126,2071-2100,rainfed_production,Boreal,ACCESS-CM2,separate_available_periods,5.963977367754082,11.83834729772006,5.874369929965979,0.9992144195060209,0.9992144195060209,0.9999996703458958
ssp126,2071-2100,rainfed_production,Boreal,ACCESS-CM2,complete_common_cells,6.073853016180344,12.168417341039186,6.094564324858842,0.9648669148637983,,
ssp126,2071-2100,rainfed_production,Boreal,MPI-ESM1-2-HR,positional_pairs,4.966235364428448,7.83733692530717,2.8711015608787225,0.9999176240860428,,
ssp126,2071-2100,rainfed_production,Boreal,MPI-ESM1-2-HR,separate_available_periods,4.966235516693197,7.837014239143615,2.870778722450418,0.999919696034933,0.999919696034933,0.9999936566627846
ssp126,2071-2100,rainfed_production,Boreal,MPI-ESM1-2-HR,complete_common_cells,5.06773876349867,8.036794658611749,2.9690558951130788,0.9648669148637983,,
ssp126,2071-2100,rainfed_production,Boreal,MRI-ESM2-0,positional_pairs,5.490675542753446,4.892199421557592,-0.598476121195854,0.9978986273608449,,
ssp126,2071-2100,rainfed_production,Boreal,MRI-ESM2-0,separate_available_periods,5.490635564484193,4.885029768476259,-0.605605796007934,0.9979348164601199,0.9979348164601199,0.9999412254968281
ssp126,2071-2100,rainfed_production,Boreal,MRI-ESM2-0,complete_common_cells,5.588076714833281,4.9949827823343025,-0.5930939324989781,0.9648669148637983,,
ssp126,2071-2100,rainfed_production,Continental,ACCESS-CM2,positional_pairs,8.205616974891132,12.113692116755043,3.908075141863911,1.0,,
ssp126,2071-2100,rainfed_production,Continental,ACCESS-CM2,separate_available_periods,8.205616974891132,12.113692116755043,3.908075141863911,1.0,1.0,1.0
ssp126,2071-2100,rainfed_production,Continental,ACCESS-CM2,complete_common_cells,8.205616974891132,12.113692116755043,3.908075141863911,1.0,,
ssp126,2071-2100,rainfed_production,Continental,MPI-ESM1-2-HR,positional_pairs,6.342291388928382,9.050549619601714,2.708258230673332,1.0,,
ssp126,2071-2100,rainfed_production,Continental,MPI-ESM1-2-HR,separate_available_periods,6.342291388928382,9.050549619601714,2.708258230673332,1.0,1.0,1.0
ssp126,2071-2100,rainfed_production,Continental,MPI-ESM1-2-HR,complete_common_cells,6.342291388928382,9.050549619601714,2.708258230673332,1.0,,
ssp126,2071-2100,rainfed_production,Continental,MRI-ESM2-0,positional_pairs,7.25487075724914,6.766517514018707,-0.48835324323043316,1.0,,
ssp126,2071-2100,rainfed_production,Continental,MRI-ESM2-0,separate_available_periods,7.25487075724914,6.766517514018707,-0.48835324323043316,1.0,1.0,1.0
ssp126,2071-2100,rainfed_production,Continental,MRI-ESM2-0,complete_common_cells,7.25487075724914,6.766517514018707,-0.48835324323043316,1.0,,
ssp126,2071-2100,rainfed_production,Mediterranean,ACCESS-CM2,positional_pairs,7.074998105505913,7.751317988282429,0.6763198827765153,1.0,,
ssp126,2071-2100,rainfed_production,Mediterranean,ACCESS-CM2,separate_available_periods,7.074998105505913,7.751317988282429,0.6763198827765153,1.0,1.0,1.0
ssp126,2071-2100,rainfed_production,Mediterranean,ACCESS-CM2,complete_common_cells,7.074998105505913,7.751317988282429,0.6763198827765153,1.0,,
ssp126,2071-2100,rainfed_production,Mediterranean,MPI-ESM1-2-HR,positional_pairs,5.852448068985883,6.49214313377169,0.6396950647858075,1.0,,
ssp126,2071-2100,rainfed_production,Mediterranean,MPI-ESM1-2-HR,separate_available_periods,5.852448068985883,6.49214313377169,0.6396950647858075,1.0,1.0,1.0
ssp126,2071-2100,rainfed_production,Mediterranean,MPI-ESM1-2-HR,complete_common_cells,5.852448068985883,6.49214313377169,0.6396950647858075,1.0,,
ssp126,2071-2100,rainfed_production,Mediterranean,MRI-ESM2-0,positional_pairs,6.722891461948747,6.263844508224511,-0.4590469537242363,1.0,,
ssp126,2071-2100,rainfed_production,Mediterranean,MRI-ESM2-0,separate_available_periods,6.722891461948747,6.263844508224511,-0.4590469537242363,1.0,1.0,1.0
ssp126,2071-2100,rainfed_production,Mediterranean,MRI-ESM2-0,complete_common_cells,6.722891461948747,6.263844508224511,-0.4590469537242363,1.0,,
ssp126,2071-2100,rainfed_production,Outside EEA regions,ACCESS-CM2,positional_pairs,2.54875665817717,3.565053249934813,1.016296591757643,1.0000000000000002,,
ssp126,2071-2100,rainfed_production,Outside EEA regions,ACCESS-CM2,separate_available_periods,2.54875665817717,3.565053249934813,1.016296591757643,1.0000000000000002,1.0000000000000002,1.0000000000000002
ssp126,2071-2100,rainfed_production,Outside EEA regions,ACCESS-CM2,complete_common_cells,2.54875665817717,3.565053249934813,1.016296591757643,1.0,,
ssp126,2071-2100,rainfed_production,Outside EEA regions,MPI-ESM1-2-HR,positional_pairs,1.773245823176621,1.8394038984148928,0.06615807523827177,1.0000000000000002,,
ssp126,2071-2100,rainfed_production,Outside EEA regions,MPI-ESM1-2-HR,separate_available_periods,1.773245823176621,1.8394038984148928,0.06615807523827177,1.0000000000000002,1.0000000000000002,1.0000000000000002
ssp126,2071-2100,rainfed_production,Outside EEA regions,MPI-ESM1-2-HR,complete_common_cells,1.773245823176621,1.8394038984148928,0.06615807523827177,1.0,,
ssp126,2071-2100,rainfed_production,Outside EEA regions,MRI-ESM2-0,positional_pairs,1.9794041508846145,2.1647127579422203,0.18530860705760577,1.0000000000000002,,
ssp126,2071-2100,rainfed_production,Outside EEA regions,MRI-ESM2-0,separate_available_periods,1.9794041508846145,2.1647127579422203,0.18530860705760577,1.0000000000000002,1.0000000000000002,1.0000000000000002
ssp126,2071-2100,rainfed_production,Outside EEA regions,MRI-ESM2-0,complete_common_cells,1.9794041508846145,2.1647127579422203,0.18530860705760577,1.0,,
ssp126,2071-2100,rainfed_production,Pannonian,ACCESS-CM2,positional_pairs,7.723028101763409,10.151608284038952,2.4285801822755433,1.0,,
ssp126,2071-2100,rainfed_production,Pannonian,ACCESS-CM2,separate_available_periods,7.723028101763409,10.151608284038952,2.4285801822755433,1.0,1.0,1.0
ssp126,2071-2100,rainfed_production,Pannonian,ACCESS-CM2,complete_common_cells,7.723028101763409,10.151608284038952,2.4285801822755433,1.0,,
ssp126,2071-2100,rainfed_production,Pannonian,MPI-ESM1-2-HR,positional_pairs,5.883235131050186,9.049167541163737,3.165932410113551,1.0,,
ssp126,2071-2100,rainfed_production,Pannonian,MPI-ESM1-2-HR,separate_available_periods,5.883235131050186,9.049167541163737,3.165932410113551,1.0,1.0,1.0
ssp126,2071-2100,rainfed_production,Pannonian,MPI-ESM1-2-HR,complete_common_cells,5.883235131050186,9.049167541163737,3.165932410113551,1.0,,
ssp126,2071-2100,rainfed_production,Pannonian,MRI-ESM2-0,positional_pairs,7.395797151040055,9.044862845562198,1.6490656945221431,1.0,,
ssp126,2071-2100,rainfed_production,Pannonian,MRI-ESM2-0,separate_available_periods,7.395797151040055,9.044862845562198,1.6490656945221431,1.0,1.0,1.0
ssp126,2071-2100,rainfed_production,Pannonian,MRI-ESM2-0,complete_common_cells,7.395797151040055,9.044862845562198,1.6490656945221431,1.0,,
ssp126,2071-2100,rainfed_production,Steppic,ACCESS-CM2,positional_pairs,4.060184543441372,4.366185218118052,0.3060006746766799,0.9999346326558585,,
ssp126,2071-2100,rainfed_production,Steppic,ACCESS-CM2,separate_available_periods,4.060184543441372,4.366185218118052,0.3060006746766799,0.9999346326558585,0.9999346326558585,0.9999346326558585
ssp126,2071-2100,rainfed_production,Steppic,ACCESS-CM2,complete_common_cells,4.060184543441372,4.366185218118052,0.3060006746766799,0.9999346326558586,,
ssp126,2071-2100,rainfed_production,Steppic,MPI-ESM1-2-HR,positional_pairs,2.8603534784011595,3.6546730760285766,0.7943195976274171,0.9999346326558585,,
ssp126,2071-2100,rainfed_production,Steppic,MPI-ESM1-2-HR,separate_available_periods,2.8603534784011595,3.6546730760285766,0.7943195976274171,0.9999346326558585,0.9999346326558585,0.9999346326558585
ssp126,2071-2100,rainfed_production,Steppic,MPI-ESM1-2-HR,complete_common_cells,2.8603534784011595,3.6546730760285766,0.7943195976274171,0.9999346326558586,,
ssp126,2071-2100,rainfed_production,Steppic,MRI-ESM2-0,positional_pairs,4.019297001702459,4.759712983068482,0.7404159813660227,0.9999346326558585,,
ssp126,2071-2100,rainfed_production,Steppic,MRI-ESM2-0,separate_available_periods,4.019297001702459,4.759712983068482,0.7404159813660227,0.9999346326558585,0.9999346326558585,0.9999346326558585
ssp126,2071-2100,rainfed_production,Steppic,MRI-ESM2-0,complete_common_cells,4.019297001702459,4.759712983068482,0.7404159813660227,0.9999346326558586,,
ssp126,2071-2100,rainfed_production,Unassigned,ACCESS-CM2,positional_pairs,11.838918279301787,16.88677004340742,5.0478517641056335,0.9989978923095265,,
ssp126,2071-2100,rainfed_production,Unassigned,ACCESS-CM2,separate_available_periods,11.838918279301787,16.88545592218163,5.046537642879844,0.9989978923095265,0.9989978923095265,0.9991396157473861
ssp126,2071-2100,rainfed_production,Unassigned,ACCESS-CM2,complete_common_cells,11.858446793902415,16.919535655830757,5.061088861928342,0.9967686395788861,,
ssp126,2071-2100,rainfed_production,Unassigned,MPI-ESM1-2-HR,positional_pairs,10.850403431981093,13.75424746687362,2.9038440348925274,0.9990305795316474,,
ssp126,2071-2100,rainfed_production,Unassigned,MPI-ESM1-2-HR,separate_available_periods,10.850374201299092,13.753867791416022,2.9034935901169305,0.9990338567917552,0.9990338567917552,0.9991067459454148
ssp126,2071-2100,rainfed_production,Unassigned,MPI-ESM1-2-HR,complete_common_cells,10.869383572684084,13.779194293702986,2.9098107210189017,0.9967686395788861,,
ssp126,2071-2100,rainfed_production,Unassigned,MRI-ESM2-0,positional_pairs,11.323784972825413,8.206707547561766,-3.1170774252636466,0.9988959793726441,,
ssp126,2071-2100,rainfed_production,Unassigned,MRI-ESM2-0,separate_available_periods,11.323729961809732,8.206046839067753,-3.1176831227419797,0.9989439482150186,0.9989439482150186,0.9990113625714924
ssp126,2071-2100,rainfed_production,Unassigned,MRI-ESM2-0,complete_common_cells,11.342098277623778,8.22022802312107,-3.121870254502708,0.9967686395788861,,
ssp245,2031-2060,harvested_area,Europe,ACCESS-CM2,positional_pairs,6.916718900548857,9.360923745364127,2.4442048448152702,0.9996862444107777,,
ssp245,2031-2060,harvested_area,Europe,ACCESS-CM2,separate_available_periods,6.916718900548857,9.36081919315532,2.444100292606463,0.9996862444107777,0.9996862444107777,0.9998948678475239
ssp245,2031-2060,harvested_area,Europe,ACCESS-CM2,complete_common_cells,6.952792232448539,9.414899748580023,2.462107516131484,0.992330992283945,,
ssp245,2031-2060,harvested_area,Europe,MPI-ESM1-2-HR,positional_pairs,5.651150703890294,5.551494750014886,-0.09965595387540827,0.9996125142518183,,
ssp245,2031-2060,harvested_area,Europe,MPI-ESM1-2-HR,separate_available_periods,5.6504011633744256,5.5519035848341325,-0.09849757854029306,0.9996998068526254,0.999754761908329,0.9996998068526254
ssp245,2031-2060,harvested_area,Europe,MPI-ESM1-2-HR,complete_common_cells,5.679968831763721,5.583420152680396,-0.09654867908332498,0.992330992283945,,
ssp245,2031-2060,harvested_area,Europe,MRI-ESM2-0,positional_pairs,6.531498634388773,6.489773112756185,-0.04172552163258736,0.9995971816371804,,
ssp245,2031-2060,harvested_area,Europe,MRI-ESM2-0,separate_available_periods,6.531472033351036,6.490347136256594,-0.04112489709444134,0.9996028075292969,0.9996028075292969,0.9998641497157211
ssp245,2031-2060,harvested_area,Europe,MRI-ESM2-0,complete_common_cells,6.564477216475425,6.526455501831604,-0.03802171464382109,0.992330992283945,,
ssp245,2031-2060,harvested_area,Alpine,ACCESS-CM2,positional_pairs,10.379842896450988,11.883495084173546,1.5036521877225582,0.9904897253347762,,
ssp245,2031-2060,harvested_area,Alpine,ACCESS-CM2,separate_available_periods,10.379842896450988,11.884755870966549,1.5049129745155607,0.9904897253347762,0.9904897253347762,0.9981639809217401
ssp245,2031-2060,harvested_area,Alpine,ACCESS-CM2,complete_common_cells,10.230495000616362,11.863920101065615,1.6334251004492533,0.9760484135487453,,
ssp245,2031-2060,harvested_area,Alpine,MPI-ESM1-2-HR,positional_pairs,8.283452547597294,7.263711031596731,-1.019741516000563,0.9912437503298906,,
ssp245,2031-2060,harvested_area,Alpine,MPI-ESM1-2-HR,separate_available_periods,8.284028775015292,7.278605096323041,-1.0054236786922512,0.9912777705181274,0.9912777705181274,0.9954676235528963
ssp245,2031-2060,harvested_area,Alpine,MPI-ESM1-2-HR,complete_common_cells,8.150895435924124,7.230777516861659,-0.9201179190624647,0.9760484135487453,,
ssp245,2031-2060,harvested_area,Alpine,MRI-ESM2-0,positional_pairs,9.499967159089401,9.77060317002348,0.2706360109340782,0.9909580097334736,,
ssp245,2031-2060,harvested_area,Alpine,MRI-ESM2-0,separate_available_periods,9.50001023338145,9.814823288691393,0.3148130553099424,0.9909714718740401,0.9909714718740401,0.9968251104670124
ssp245,2031-2060,harvested_area,Alpine,MRI-ESM2-0,complete_common_cells,9.344568437695575,9.719254946786311,0.3746865090907363,0.9760484135487453,,
ssp245,2031-2060,harvested_area,Atlantic,ACCESS-CM2,positional_pairs,12.465367126844116,17.584282767014034,5.118915640169918,0.999673875407702,,
ssp245,2031-2060,harvested_area,Atlantic,ACCESS-CM2,separate_available_periods,12.465367126844116,17.583958230377622,5.118591103533506,0.999673875407702,0.999673875407702,0.9997199124512809
ssp245,2031-2060,harvested_area,Atlantic,ACCESS-CM2,complete_common_cells,12.465412598569817,17.584617903470715,5.119205304900898,0.9995946804260185,,
ssp245,2031-2060,harvested_area,Atlantic,MPI-ESM1-2-HR,positional_pairs,11.544409941185755,13.042931529160427,1.4985215879746718,0.999680625145081,,
ssp245,2031-2060,harvested_area,Atlantic,MPI-ESM1-2-HR,separate_available_periods,11.544409941185755,13.042837881183116,1.4984279399973612,0.999680625145081,0.999680625145081,0.9997087905022997
ssp245,2031-2060,harvested_area,Atlantic,MPI-ESM1-2-HR,complete_common_cells,11.544359045165494,13.043084193643285,1.4987251484777904,0.9995946804260185,,
ssp245,2031-2060,harvested_area,Atlantic,MRI-ESM2-0,positional_pairs,12.2395096396315,9.819221497923754,-2.4202881417077453,0.9996721489906252,,
ssp245,2031-2060,harvested_area,Atlantic,MRI-ESM2-0,separate_available_periods,12.239506745637367,9.819152015564226,-2.420354730073141,0.9996746953021267,0.9996746953021267,0.9997136768942612
ssp245,2031-2060,harvested_area,Atlantic,MRI-ESM2-0,complete_common_cells,12.239514411322519,9.819278463997803,-2.4202359473247164,0.9995946804260185,,
ssp245,2031-2060,harvested_area,Black Sea,ACCESS-CM2,positional_pairs,7.948680567050216,9.227080116163144,1.2783995491129279,1.0,,
ssp245,2031-2060,harvested_area,Black Sea,ACCESS-CM2,separate_available_periods,7.948680567050216,9.227080116163144,1.2783995491129279,1.0,1.0,1.0
ssp245,2031-2060,harvested_area,Black Sea,ACCESS-CM2,complete_common_cells,7.948680567050216,9.227080116163144,1.2783995491129279,1.0,,
ssp245,2031-2060,harvested_area,Black Sea,MPI-ESM1-2-HR,positional_pairs,7.197021157113619,4.38751870323166,-2.8095024538819597,1.0,,
ssp245,2031-2060,harvested_area,Black Sea,MPI-ESM1-2-HR,separate_available_periods,7.197021157113619,4.38751870323166,-2.8095024538819597,1.0,1.0,1.0
ssp245,2031-2060,harvested_area,Black Sea,MPI-ESM1-2-HR,complete_common_cells,7.197021157113619,4.38751870323166,-2.8095024538819597,1.0,,
ssp245,2031-2060,harvested_area,Black Sea,MRI-ESM2-0,positional_pairs,8.46679968659479,8.79673640940925,0.32993672281446074,1.0,,
ssp245,2031-2060,harvested_area,Black Sea,MRI-ESM2-0,separate_available_periods,8.46679968659479,8.79673640940925,0.32993672281446074,1.0,1.0,1.0
ssp245,2031-2060,harvested_area,Black Sea,MRI-ESM2-0,complete_common_cells,8.46679968659479,8.79673640940925,0.32993672281446074,1.0,,
ssp245,2031-2060,harvested_area,Boreal,ACCESS-CM2,positional_pairs,5.957477995159816,12.210853330597727,6.253375335437911,0.9989970595577133,,
ssp245,2031-2060,harvested_area,Boreal,ACCESS-CM2,separate_available_periods,5.957477995159816,12.20014246249589,6.242664467336074,0.9989970595577133,0.9989970595577133,0.9999941855140079
ssp245,2031-2060,harvested_area,Boreal,ACCESS-CM2,complete_common_cells,6.099709402595417,12.615937605631746,6.516228203036329,0.9551016301209293,,
ssp245,2031-2060,harvested_area,Boreal,MPI-ESM1-2-HR,positional_pairs,4.981929630561968,6.273277631253758,1.29134800069179,0.9998534431142349,,
ssp245,2031-2060,harvested_area,Boreal,MPI-ESM1-2-HR,separate_available_periods,4.981975459665817,6.272996436705556,1.2910209770397394,0.9998627064970003,0.9998627064970003,0.9999490805384296
ssp245,2031-2060,harvested_area,Boreal,MPI-ESM1-2-HR,complete_common_cells,5.110410232605454,6.48731159762289,1.376901365017436,0.9551016301209293,,
ssp245,2031-2060,harvested_area,Boreal,MRI-ESM2-0,positional_pairs,5.263959858828651,7.305406837274315,2.0414469784456646,0.9974960976069711,,
ssp245,2031-2060,harvested_area,Boreal,MRI-ESM2-0,separate_available_periods,5.26396828831985,7.2937295636858,2.02976127536595,0.9974992138740171,0.9974992138740171,0.9999856235679258
ssp245,2031-2060,harvested_area,Boreal,MRI-ESM2-0,complete_common_cells,5.374523494068481,7.542593503350122,2.1680700092816405,0.9551016301209293,,
ssp245,2031-2060,harvested_area,Continental,ACCESS-CM2,positional_pairs,7.30029965747374,10.110277392189836,2.809977734716096,1.0,,
ssp245,2031-2060,harvested_area,Continental,ACCESS-CM2,separate_available_periods,7.30029965747374,10.110277392189836,2.809977734716096,1.0,1.0,1.0
ssp245,2031-2060,harvested_area,Continental,ACCESS-CM2,complete_common_cells,7.302043717419533,10.112871827759923,2.81082811034039,0.9996619620895245,,
ssp245,2031-2060,harvested_area,Continental,MPI-ESM1-2-HR,positional_pairs,5.787210052026701,5.646251523632104,-0.14095852839459688,1.0,,
ssp245,2031-2060,harvested_area,Continental,MPI-ESM1-2-HR,separate_available_periods,5.787210052026701,5.646251523632104,-0.14095852839459688,1.0,1.0,1.0
ssp245,2031-2060,harvested_area,Continental,MPI-ESM1-2-HR,complete_common_cells,5.788761707594962,5.647792104951863,-0.1409696026430991,0.9996619620895245,,
ssp245,2031-2060,harvested_area,Continental,MRI-ESM2-0,positional_pairs,6.597053263432349,6.920303827023789,0.32325056359144,0.9999887320696508,,
ssp245,2031-2060,harvested_area,Continental,MRI-ESM2-0,separate_available_periods,6.596981322713464,6.920303827023789,0.3233225043103243,0.9999887320696508,1.0,0.9999887320696508
ssp245,2031-2060,harvested_area,Continental,MRI-ESM2-0,complete_common_cells,6.5987517225001975,6.922055458857507,0.32330373635730947,0.9996619620895245,,
ssp245,2031-2060,harvested_area,Mediterranean,ACCESS-CM2,positional_pairs,7.068216510919569,8.024795114014664,0.9565786030950942,1.0,,
ssp245,2031-2060,harvested_area,Mediterranean,ACCESS-CM2,separate_available_periods,7.068216510919569,8.024795114014664,0.9565786030950942,1.0,1.0,1.0
ssp245,2031-2060,harvested_area,Mediterranean,ACCESS-CM2,complete_common_cells,7.068216510919569,8.024795114014664,0.9565786030950942,1.0,,
ssp245,2031-2060,harvested_area,Mediterranean,MPI-ESM1-2-HR,positional_pairs,6.0948720580473195,5.047379498106756,-1.0474925599405633,1.0,,
ssp245,2031-2060,harvested_area,Mediterranean,MPI-ESM1-2-HR,separate_available_periods,6.0948720580473195,5.047379498106756,-1.0474925599405633,1.0,1.0,1.0
ssp245,2031-2060,harvested_area,Mediterranean,MPI-ESM1-2-HR,complete_common_cells,6.0948720580473195,5.047379498106756,-1.0474925599405633,1.0,,
ssp245,2031-2060,harvested_area,Mediterranean,MRI-ESM2-0,positional_pairs,6.963526591837913,6.119513486014985,-0.8440131058229277,1.0,,
ssp245,2031-2060,harvested_area,Mediterranean,MRI-ESM2-0,separate_available_periods,6.963526591837913,6.119513486014985,-0.8440131058229277,1.0,1.0,1.0
ssp245,2031-2060,harvested_area,Mediterranean,MRI-ESM2-0,complete_common_cells,6.963526591837913,6.119513486014985,-0.8440131058229277,1.0,,
ssp245,2031-2060,harvested_area,Outside EEA regions,ACCESS-CM2,positional_pairs,2.3106516277151017,2.966972723076553,0.6563210953614513,1.0000000000000002,,
ssp245,2031-2060,harvested_area,Outside EEA regions,ACCESS-CM2,separate_available_periods,2.3106516277151017,2.966972723076553,0.6563210953614513,1.0000000000000002,1.0000000000000002,1.0000000000000002
ssp245,2031-2060,harvested_area,Outside EEA regions,ACCESS-CM2,complete_common_cells,2.4218727017176582,3.1029483685205825,0.6810756668029243,0.9486280762923983,,
ssp245,2031-2060,harvested_area,Outside EEA regions,MPI-ESM1-2-HR,positional_pairs,1.7093142822571852,1.4777749406082217,-0.2315393416489635,0.99828760254308,,
ssp245,2031-2060,harvested_area,Outside EEA regions,MPI-ESM1-2-HR,separate_available_periods,1.7065051688209167,1.4777749406082217,-0.22873022821269506,0.99828760254308,1.0000000000000002,0.99828760254308
ssp245,2031-2060,harvested_area,Outside EEA regions,MPI-ESM1-2-HR,complete_common_cells,1.7864010509806538,1.5432731845443997,-0.24312786643625417,0.9486280762923983,,
ssp245,2031-2060,harvested_area,Outside EEA regions,MRI-ESM2-0,positional_pairs,1.8557999851305498,2.199530585829891,0.34373060069934125,1.0000000000000002,,
ssp245,2031-2060,harvested_area,Outside EEA regions,MRI-ESM2-0,separate_available_periods,1.8557999851305498,2.199530585829891,0.34373060069934125,1.0000000000000002,1.0000000000000002,1.0000000000000002
ssp245,2031-2060,harvested_area,Outside EEA regions,MRI-ESM2-0,complete_common_cells,1.9379398143258755,2.300813483108515,0.3628736687826397,0.9486280762923983,,
ssp245,2031-2060,harvested_area,Pannonian,ACCESS-CM2,positional_pairs,7.81566649543849,10.001791658924882,2.186125163486392,1.0,,
ssp245,2031-2060,harvested_area,Pannonian,ACCESS-CM2,separate_available_periods,7.81566649543849,10.001791658924882,2.186125163486392,1.0,1.0,1.0
ssp245,2031-2060,harvested_area,Pannonian,ACCESS-CM2,complete_common_cells,7.81566649543849,10.001791658924882,2.186125163486392,1.0,,
ssp245,2031-2060,harvested_area,Pannonian,MPI-ESM1-2-HR,positional_pairs,5.925281514426477,5.634922285547949,-0.29035922887852816,1.0,,
ssp245,2031-2060,harvested_area,Pannonian,MPI-ESM1-2-HR,separate_available_periods,5.925281514426477,5.634922285547949,-0.29035922887852816,1.0,1.0,1.0
ssp245,2031-2060,harvested_area,Pannonian,MPI-ESM1-2-HR,complete_common_cells,5.925281514426477,5.634922285547949,-0.29035922887852816,1.0,,
ssp245,2031-2060,harvested_area,Pannonian,MRI-ESM2-0,positional_pairs,7.878055859332148,7.684409859331042,-0.193646000001106,1.0,,
ssp245,2031-2060,harvested_area,Pannonian,MRI-ESM2-0,separate_available_periods,7.878055859332148,7.684409859331042,-0.193646000001106,1.0,1.0,1.0
ssp245,2031-2060,harvested_area,Pannonian,MRI-ESM2-0,complete_common_cells,7.878055859332148,7.684409859331042,-0.193646000001106,1.0,,
ssp245,2031-2060,harvested_area,Steppic,ACCESS-CM2,positional_pairs,3.8336322223755355,4.243445890602171,0.40981366822663556,0.9998913582596575,,
ssp245,2031-2060,harvested_area,Steppic,ACCESS-CM2,separate_available_periods,3.8336322223755355,4.243445890602171,0.40981366822663556,0.9998913582596575,0.9998913582596575,0.9998913582596575
ssp245,2031-2060,harvested_area,Steppic,ACCESS-CM2,complete_common_cells,3.887081188313382,4.30075783214045,0.4136766438270678,0.9847885525011457,,
ssp245,2031-2060,harvested_area,Steppic,MPI-ESM1-2-HR,positional_pairs,2.7827319062659113,2.1281750449190495,-0.6545568613468618,0.9993879314010403,,
ssp245,2031-2060,harvested_area,Steppic,MPI-ESM1-2-HR,separate_available_periods,2.781441965363613,2.1281750449190495,-0.6532669204445636,0.9993879314010403,0.9998913582596575,0.9993879314010403
ssp245,2031-2060,harvested_area,Steppic,MPI-ESM1-2-HR,complete_common_cells,2.8189469116245043,2.15564023897023,-0.6633066726542745,0.9847885525011457,,
ssp245,2031-2060,harvested_area,Steppic,MRI-ESM2-0,positional_pairs,3.8415682892457297,3.9421604795071326,0.10059219026140287,0.9998913582596575,,
ssp245,2031-2060,harvested_area,Steppic,MRI-ESM2-0,separate_available_periods,3.8415682892457297,3.9421604795071326,0.10059219026140287,0.9998913582596575,0.9998913582596575,0.9998913582596575
ssp245,2031-2060,harvested_area,Steppic,MRI-ESM2-0,complete_common_cells,3.894004299166706,3.9963097814657504,0.10230548229904457,0.9847885525011457,,
ssp245,2031-2060,harvested_area,Unassigned,ACCESS-CM2,positional_pairs,11.16338220536783,14.636945380252685,3.4735631748848554,0.99848919950393,,
ssp245,2031-2060,harvested_area,Unassigned,ACCESS-CM2,separate_available_periods,11.16338220536783,14.634577449491896,3.4711952441240665,0.99848919950393,0.99848919950393,0.9987582215028653
ssp245,2031-2060,harvested_area,Unassigned,ACCESS-CM2,complete_common_cells,11.197352347405259,14.688685802104494,3.4913334546992356,0.9941236395211818,,
ssp245,2031-2060,harvested_area,Unassigned,MPI-ESM1-2-HR,positional_pairs,10.345912385593653,10.55273963940245,0.20682725380879674,0.9985299619299275,,
ssp245,2031-2060,harvested_area,Unassigned,MPI-ESM1-2-HR,separate_available_periods,10.345944395607368,10.55270601469379,0.20676161908642143,0.9985562745613683,0.9985562745613683,0.9986531782210681
ssp245,2031-2060,harvested_area,Unassigned,MPI-ESM1-2-HR,complete_common_cells,10.379854242100397,10.588149475426416,0.2082952333260195,0.9941236395211818,,
ssp245,2031-2060,harvested_area,Unassigned,MRI-ESM2-0,positional_pairs,11.010379638748587,10.016297378291478,-0.9940822604571089,0.9983550636833218,,
ssp245,2031-2060,harvested_area,Unassigned,MRI-ESM2-0,separate_available_periods,11.01038075849558,10.01441767645212,-0.9959630820434597,0.9983698350597674,0.9983698350597674,0.9987324519898504
ssp245,2031-2060,harvested_area,Unassigned,MRI-ESM2-0,complete_common_cells,11.043090387437257,10.050141157484166,-0.9929492299530907,0.9941236395211818,,
ssp245,2031-2060,baseline_production,Europe,ACCESS-CM2,positional_pairs,7.97158011582837,11.06947515047066,3.09789503464229,0.9997536268802716,,
ssp245,2031-2060,baseline_production,Europe,ACCESS-CM2,separate_available_periods,7.97158011582837,11.069068732096108,3.0974886162677375,0.9997536268802716,0.9997536268802716,0.9998977081147117
ssp245,2031-2060,baseline_production,Europe,ACCESS-CM2,complete_common_cells,7.9939669956003145,11.104535390063596,3.1105683944632814,0.9956215766528994,,
ssp245,2031-2060,baseline_production,Europe,MPI-ESM1-2-HR,positional_pairs,6.67745761945245,6.871194622588463,0.19373700313601283,0.999744972945845,,
ssp245,2031-2060,baseline_production,Europe,MPI-ESM1-2-HR,separate_available_periods,6.677095451785812,6.871337649623196,0.19424219783738383,0.9998030932693586,0.9998030932693586,0.9998043629890965
ssp245,2031-2060,baseline_production,Europe,MPI-ESM1-2-HR,complete_common_cells,6.696244527293855,6.893521463920146,0.19727693662629076,0.9956215766528994,,
ssp245,2031-2060,baseline_production,Europe,MRI-ESM2-0,positional_pairs,7.549073277252284,7.258296607017434,-0.29077667023485,0.9996817648391886,,
ssp245,2031-2060,baseline_production,Europe,MRI-ESM2-0,separate_available_periods,7.549045308054625,7.25838849317175,-0.2906568148828752,0.9996862367970941,0.9996862367970941,0.9998748493001088
ssp245,2031-2060,baseline_production,Europe,MRI-ESM2-0,complete_common_cells,7.5695163064568725,7.280421290480367,-0.2890950159765051,0.9956215766528994,,
ssp245,2031-2060,baseline_production,Alpine,ACCESS-CM2,positional_pairs,10.302215791099705,11.974351127802288,1.672135336702583,0.9934143508358144,,
ssp245,2031-2060,baseline_production,Alpine,ACCESS-CM2,separate_available_periods,10.302215791099705,11.96902504695495,1.6668092558552452,0.9934143508358144,0.9934143508358144,0.9988430653664134
ssp245,2031-2060,baseline_production,Alpine,ACCESS-CM2,complete_common_cells,10.1977641469347,11.968590081719595,1.7708259347848951,0.9830362015290041,,
ssp245,2031-2060,baseline_production,Alpine,MPI-ESM1-2-HR,positional_pairs,8.231790043779784,7.342870794169781,-0.8889192496100025,0.9940159994383369,,
ssp245,2031-2060,baseline_production,Alpine,MPI-ESM1-2-HR,separate_available_periods,8.232098551816526,7.349352674316141,-0.8827458775003842,0.9940310549890841,0.9940310549890841,0.9969819195366549
ssp245,2031-2060,baseline_production,Alpine,MPI-ESM1-2-HR,complete_common_cells,8.136629615772682,7.321527827691204,-0.8151017880814777,0.9830362015290041,,
ssp245,2031-2060,baseline_production,Alpine,MRI-ESM2-0,positional_pairs,9.41634372922326,9.691921640235334,0.2755779110120731,0.9937558750373658,,
ssp245,2031-2060,baseline_production,Alpine,MRI-ESM2-0,separate_available_periods,9.41637246822194,9.716801947286903,0.3004294790649631,0.9937636606468663,0.9937636606468663,0.9978425541419035
ssp245,2031-2060,baseline_production,Alpine,MRI-ESM2-0,complete_common_cells,9.304503911220872,9.657957209319555,0.35345329809868353,0.9830362015290041,,
ssp245,2031-2060,baseline_production,Atlantic,ACCESS-CM2,positional_pairs,12.27546870432972,17.51773097238549,5.24226226805577,0.9996590073637361,,
ssp245,2031-2060,baseline_production,Atlantic,ACCESS-CM2,separate_available_periods,12.27546870432972,17.517624551439052,5.242155847109332,0.9996590073637361,0.9996590073637361,0.9996763185894473
ssp245,2031-2060,baseline_production,Atlantic,ACCESS-CM2,complete_common_cells,12.275474492915253,17.51785346039128,5.242378967476027,0.9996276803728511,,
ssp245,2031-2060,baseline_production,Atlantic,MPI-ESM1-2-HR,positional_pairs,11.371366206455834,12.947873965325234,1.5765077588694005,0.9996629472017171,,
ssp245,2031-2060,baseline_production,Atlantic,MPI-ESM1-2-HR,separate_available_periods,11.371366206455834,12.947841706873113,1.5764755004172795,0.9996629472017171,0.9996629472017171,0.999673113452145
ssp245,2031-2060,baseline_production,Atlantic,MPI-ESM1-2-HR,complete_common_cells,11.371311028464168,12.947921542033123,1.576610513568955,0.9996276803728511,,
ssp245,2031-2060,baseline_production,Atlantic,MRI-ESM2-0,positional_pairs,12.053620392163756,9.653847025662479,-2.399773366501277,0.999659324542677,,
ssp245,2031-2060,baseline_production,Atlantic,MRI-ESM2-0,separate_available_periods,12.053620159753637,9.653826977214226,-2.39979318253941,0.9996600210353234,0.9996600210353234,0.9996746096963081
ssp245,2031-2060,baseline_production,Atlantic,MRI-ESM2-0,complete_common_cells,12.053597172745137,9.653855238475838,-2.399741934269299,0.9996276803728511,,
ssp245,2031-2060,baseline_production,Black Sea,ACCESS-CM2,positional_pairs,8.170653014163824,9.387935135134876,1.2172821209710527,1.0,,
ssp245,2031-2060,baseline_production,Black Sea,ACCESS-CM2,separate_available_periods,8.170653014163824,9.387935135134876,1.2172821209710527,1.0,1.0,1.0
ssp245,2031-2060,baseline_production,Black Sea,ACCESS-CM2,complete_common_cells,8.170653014163824,9.387935135134876,1.2172821209710527,1.0,,
ssp245,2031-2060,baseline_production,Black Sea,MPI-ESM1-2-HR,positional_pairs,7.3729452114574,4.503938477272684,-2.8690067341847154,1.0,,
ssp245,2031-2060,baseline_production,Black Sea,MPI-ESM1-2-HR,separate_available_periods,7.3729452114574,4.503938477272684,-2.8690067341847154,1.0,1.0,1.0
ssp245,2031-2060,baseline_production,Black Sea,MPI-ESM1-2-HR,complete_common_cells,7.3729452114574,4.503938477272684,-2.8690067341847154,1.0,,
ssp245,2031-2060,baseline_production,Black Sea,MRI-ESM2-0,positional_pairs,8.672873815634043,9.040628401384105,0.3677545857500615,1.0,,
ssp245,2031-2060,baseline_production,Black Sea,MRI-ESM2-0,separate_available_periods,8.672873815634043,9.040628401384105,0.3677545857500615,1.0,1.0,1.0
ssp245,2031-2060,baseline_production,Black Sea,MRI-ESM2-0,complete_common_cells,8.672873815634043,9.040628401384105,0.3677545857500615,1.0,,
ssp245,2031-2060,baseline_production,Boreal,ACCESS-CM2,positional_pairs,5.9423295468490505,12.622589814392907,6.680260267543856,0.9993307538135267,,
ssp245,2031-2060,baseline_production,Boreal,ACCESS-CM2,separate_available_periods,5.9423295468490505,12.615071774567241,6.6727422277181905,0.9993307538135267,0.9993307538135267,0.9999982632599171
ssp245,2031-2060,baseline_production,Boreal,ACCESS-CM2,complete_common_cells,6.053428838424166,12.946824183194375,6.893395344770209,0.9651961508214745,,
ssp245,2031-2060,baseline_production,Boreal,MPI-ESM1-2-HR,positional_pairs,5.035302824130666,6.539246286438582,1.503943462307916,0.9999393431138542,,
ssp245,2031-2060,baseline_production,Boreal,MPI-ESM1-2-HR,separate_available_periods,5.035319650650239,6.539111753694851,1.5037921030446117,0.999942976754452,0.999942976754452,0.9999848500482161
ssp245,2031-2060,baseline_production,Boreal,MPI-ESM1-2-HR,complete_common_cells,5.138054046987598,6.714469370938693,1.5764153239510952,0.9651961508214745,,
ssp245,2031-2060,baseline_production,Boreal,MRI-ESM2-0,positional_pairs,5.374519665322215,7.357129045361591,1.982609380039376,0.9981195758805916,,
ssp245,2031-2060,baseline_production,Boreal,MRI-ESM2-0,separate_available_periods,5.374523562937981,7.348003547754437,1.9734799848164561,0.9981211299376437,0.9981211299376437,0.9999962021038854
ssp245,2031-2060,baseline_production,Boreal,MRI-ESM2-0,complete_common_cells,5.465807758535711,7.54100462841996,2.0751968698842482,0.9651961508214745,,
ssp245,2031-2060,baseline_production,Continental,ACCESS-CM2,positional_pairs,8.107596330260906,11.343666784015205,3.2360704537542997,0.9999999999999999,,
ssp245,2031-2060,baseline_production,Continental,ACCESS-CM2,separate_available_periods,8.107596330260906,11.343666784015205,3.2360704537542997,0.9999999999999999,0.9999999999999999,0.9999999999999999
ssp245,2031-2060,baseline_production,Continental,ACCESS-CM2,complete_common_cells,8.10923531712011,11.346113835772648,3.2368785186525386,0.9997253042589616,,
ssp245,2031-2060,baseline_production,Continental,MPI-ESM1-2-HR,positional_pairs,6.530640129207529,6.582901303330306,0.0522611741227772,0.9999999999999999,,
ssp245,2031-2060,baseline_production,Continental,MPI-ESM1-2-HR,separate_available_periods,6.530640129207529,6.582901303330306,0.0522611741227772,0.9999999999999999,0.9999999999999999,0.9999999999999999
ssp245,2031-2060,baseline_production,Continental,MPI-ESM1-2-HR,complete_common_cells,6.5321052259816295,6.5844104927525695,0.05230526677094005,0.9997253042589616,,
ssp245,2031-2060,baseline_production,Continental,MRI-ESM2-0,positional_pairs,7.343929277885865,7.528070403037886,0.18414112515202152,0.9999908434752985,,
ssp245,2031-2060,baseline_production,Continental,MRI-ESM2-0,separate_available_periods,7.3438639787633875,7.528070403037886,0.18420642427449874,0.9999908434752985,0.9999999999999999,0.9999908434752985
ssp245,2031-2060,baseline_production,Continental,MRI-ESM2-0,complete_common_cells,7.345507768466159,7.529655150873986,0.18414738240782746,0.9997253042589616,,
ssp245,2031-2060,baseline_production,Mediterranean,ACCESS-CM2,positional_pairs,6.941904273496785,8.078290779860993,1.1363865063642073,0.9999999999999999,,
ssp245,2031-2060,baseline_production,Mediterranean,ACCESS-CM2,separate_available_periods,6.941904273496785,8.078290779860993,1.1363865063642073,0.9999999999999999,0.9999999999999999,0.9999999999999999
ssp245,2031-2060,baseline_production,Mediterranean,ACCESS-CM2,complete_common_cells,6.941904273496785,8.078290779860993,1.1363865063642073,1.0,,
ssp245,2031-2060,baseline_production,Mediterranean,MPI-ESM1-2-HR,positional_pairs,5.98070675512214,5.074603103764135,-0.9061036513580047,0.9999999999999999,,
ssp245,2031-2060,baseline_production,Mediterranean,MPI-ESM1-2-HR,separate_available_periods,5.98070675512214,5.074603103764135,-0.9061036513580047,0.9999999999999999,0.9999999999999999,0.9999999999999999
ssp245,2031-2060,baseline_production,Mediterranean,MPI-ESM1-2-HR,complete_common_cells,5.98070675512214,5.074603103764135,-0.9061036513580047,1.0,,
ssp245,2031-2060,baseline_production,Mediterranean,MRI-ESM2-0,positional_pairs,6.8586076960512665,6.049977391418208,-0.8086303046330583,0.9999999999999999,,
ssp245,2031-2060,baseline_production,Mediterranean,MRI-ESM2-0,separate_available_periods,6.8586076960512665,6.049977391418208,-0.8086303046330583,0.9999999999999999,0.9999999999999999,0.9999999999999999
ssp245,2031-2060,baseline_production,Mediterranean,MRI-ESM2-0,complete_common_cells,6.8586076960512665,6.049977391418208,-0.8086303046330583,1.0,,
ssp245,2031-2060,baseline_production,Outside EEA regions,ACCESS-CM2,positional_pairs,2.6194032596708805,3.3389374644649648,0.7195342047940843,1.0000000000000002,,
ssp245,2031-2060,baseline_production,Outside EEA regions,ACCESS-CM2,separate_available_periods,2.6194032596708805,3.3389374644649648,0.7195342047940843,1.0000000000000002,1.0000000000000002,1.0000000000000002
ssp245,2031-2060,baseline_production,Outside EEA regions,ACCESS-CM2,complete_common_cells,2.664686898374391,3.3941950358440427,0.7295081374696517,0.9811927697090064,,
ssp245,2031-2060,baseline_production,Outside EEA regions,MPI-ESM1-2-HR,positional_pairs,1.933916378344219,1.665161627399534,-0.26875475094468504,0.9993730923236338,,
ssp245,2031-2060,baseline_production,Outside EEA regions,MPI-ESM1-2-HR,separate_available_periods,1.9327471837142507,1.665161627399534,-0.2675855563147167,0.9993730923236338,1.0000000000000002,0.9993730923236338
ssp245,2031-2060,baseline_production,Outside EEA regions,MPI-ESM1-2-HR,complete_common_cells,1.9653616483785243,1.6918163544255584,-0.2735452939529659,0.9811927697090064,,
ssp245,2031-2060,baseline_production,Outside EEA regions,MRI-ESM2-0,positional_pairs,2.0973681917343794,2.4970965536184715,0.3997283618840921,1.0000000000000002,,
ssp245,2031-2060,baseline_production,Outside EEA regions,MRI-ESM2-0,separate_available_periods,2.0973681917343794,2.4970965536184715,0.3997283618840921,1.0000000000000002,1.0000000000000002,1.0000000000000002
ssp245,2031-2060,baseline_production,Outside EEA regions,MRI-ESM2-0,complete_common_cells,2.1310710357866305,2.53864842812795,0.40757739234131973,0.9811927697090064,,
ssp245,2031-2060,baseline_production,Pannonian,ACCESS-CM2,positional_pairs,7.760418231424422,9.953716870605973,2.1932986391815508,1.0,,
ssp245,2031-2060,baseline_production,Pannonian,ACCESS-CM2,separate_available_periods,7.760418231424422,9.953716870605973,2.1932986391815508,1.0,1.0,1.0
ssp245,2031-2060,baseline_production,Pannonian,ACCESS-CM2,complete_common_cells,7.760418231424422,9.953716870605973,2.1932986391815508,1.0,,
ssp245,2031-2060,baseline_production,Pannonian,MPI-ESM1-2-HR,positional_pairs,5.890945531450341,5.593430197385074,-0.29751533406526676,1.0,,
ssp245,2031-2060,baseline_production,Pannonian,MPI-ESM1-2-HR,separate_available_periods,5.890945531450341,5.593430197385074,-0.29751533406526676,1.0,1.0,1.0
ssp245,2031-2060,baseline_production,Pannonian,MPI-ESM1-2-HR,complete_common_cells,5.890945531450341,5.593430197385074,-0.29751533406526676,1.0,,
ssp245,2031-2060,baseline_production,Pannonian,MRI-ESM2-0,positional_pairs,7.825692016768439,7.653625231572824,-0.17206678519561525,1.0,,
ssp245,2031-2060,baseline_production,Pannonian,MRI-ESM2-0,separate_available_periods,7.825692016768439,7.653625231572824,-0.17206678519561525,1.0,1.0,1.0
ssp245,2031-2060,baseline_production,Pannonian,MRI-ESM2-0,complete_common_cells,7.825692016768439,7.653625231572824,-0.17206678519561525,1.0,,
ssp245,2031-2060,baseline_production,Steppic,ACCESS-CM2,positional_pairs,4.073503203845833,4.444247864493103,0.3707446606472695,0.9999351282111826,,
ssp245,2031-2060,baseline_production,Steppic,ACCESS-CM2,separate_available_periods,4.073503203845833,4.444247864493103,0.3707446606472695,0.9999351282111826,0.9999351282111826,0.9999351282111826
ssp245,2031-2060,baseline_production,Steppic,ACCESS-CM2,complete_common_cells,4.107126471984487,4.4798849537874075,0.37275848180292037,0.9909496994260235,,
ssp245,2031-2060,baseline_production,Steppic,MPI-ESM1-2-HR,positional_pairs,2.973766663593413,2.23461006902921,-0.7391565945642031,0.9996356139183441,,
ssp245,2031-2060,baseline_production,Steppic,MPI-ESM1-2-HR,separate_available_periods,2.9729511949921377,2.23461006902921,-0.7383411259629278,0.9996356139183441,0.9999351282111826,0.9996356139183441
ssp245,2031-2060,baseline_production,Steppic,MPI-ESM1-2-HR,complete_common_cells,2.996695464598678,2.251722163206256,-0.744973301392422,0.9909496994260235,,
ssp245,2031-2060,baseline_production,Steppic,MRI-ESM2-0,positional_pairs,4.11706099003841,4.1538871158150155,0.0368261257766056,0.9999351282111826,,
ssp245,2031-2060,baseline_production,Steppic,MRI-ESM2-0,separate_available_periods,4.11706099003841,4.1538871158150155,0.0368261257766056,0.9999351282111826,0.9999351282111826,0.9999351282111826
ssp245,2031-2060,baseline_production,Steppic,MRI-ESM2-0,complete_common_cells,4.150400622058086,4.1876821732838945,0.03728155122580823,0.9909496994260235,,
ssp245,2031-2060,baseline_production,Unassigned,ACCESS-CM2,positional_pairs,11.446150708588574,16.30078419704253,4.854633488453954,0.9990231680675062,,
ssp245,2031-2060,baseline_production,Unassigned,ACCESS-CM2,separate_available_periods,11.446150708588574,16.299444927424368,4.853294218835794,0.9990231680675062,0.9990231680675062,0.9991493161404382
ssp245,2031-2060,baseline_production,Unassigned,ACCESS-CM2,complete_common_cells,11.46444989037931,16.331335620187595,4.866885729808285,0.996822491592308,,
ssp245,2031-2060,baseline_production,Unassigned,MPI-ESM1-2-HR,positional_pairs,10.893735988937973,12.085501229370399,1.1917652404324262,0.9990456141974783,,
ssp245,2031-2060,baseline_production,Unassigned,MPI-ESM1-2-HR,separate_available_periods,10.893738219772345,12.085492252002147,1.1917540322298024,0.9990598015771126,0.9990598015771126,0.9991032368646745
ssp245,2031-2060,baseline_production,Unassigned,MPI-ESM1-2-HR,complete_common_cells,10.912633452876651,12.10742138976536,1.1947879368887087,0.996822491592308,,
ssp245,2031-2060,baseline_production,Unassigned,MRI-ESM2-0,positional_pairs,11.32668323018938,10.225072186332705,-1.1016110438566749,0.9989537914716274,,
ssp245,2031-2060,baseline_production,Unassigned,MRI-ESM2-0,separate_available_periods,11.326686486239147,10.224117441673739,-1.1025690445654082,0.9989604111292941,0.9989604111292941,0.9991383036133697
ssp245,2031-2060,baseline_production,Unassigned,MRI-ESM2-0,complete_common_cells,11.344377925205555,10.243019498029259,-1.1013584271762955,0.996822491592308,,
ssp245,2031-2060,rainfed_production,Europe,ACCESS-CM2,positional_pairs,7.963250206325963,11.056631947354463,3.0933817410285,0.999751055374238,,
ssp245,2031-2060,rainfed_production,Europe,ACCESS-CM2,separate_available_periods,7.963250206325963,11.056223156543709,3.092972950217746,0.999751055374238,0.999751055374238,0.9998966404487241
ssp245,2031-2060,rainfed_production,Europe,ACCESS-CM2,complete_common_cells,7.985825073837344,11.091989754590346,3.1061646807530012,0.9955773836986166,,
ssp245,2031-2060,rainfed_production,Europe,MPI-ESM1-2-HR,positional_pairs,6.666238588774897,6.8597728742326645,0.1935342854577673,0.9997423613348817,,
ssp245,2031-2060,rainfed_production,Europe,MPI-ESM1-2-HR,separate_available_periods,6.665873631264441,6.859918079945924,0.19404444868148296,0.9998010380660699,0.9998010380660699,0.9998023712584786
ssp245,2031-2060,rainfed_production,Europe,MPI-ESM1-2-HR,complete_common_cells,6.685165997435971,6.882276236181233,0.19711023874526212,0.9955773836986166,,
ssp245,2031-2060,rainfed_production,Europe,MRI-ESM2-0,positional_pairs,7.535172918530413,7.250702021933675,-0.28447089659673797,0.9996784432770107,,
ssp245,2031-2060,rainfed_production,Europe,MRI-ESM2-0,separate_available_periods,7.535144720143741,7.250796349155219,-0.28434837098852217,0.9996829619107336,0.9996829619107336,0.9998735430464873
ssp245,2031-2060,rainfed_production,Europe,MRI-ESM2-0,complete_common_cells,7.555761975297829,7.273016738325478,-0.28274523697235043,0.9955773836986166,,
ssp245,2031-2060,rainfed_production,Alpine,ACCESS-CM2,positional_pairs,10.382040525845529,12.015639016861428,1.6335984910158992,0.9933055571508288,,
ssp245,2031-2060,rainfed_production,Alpine,ACCESS-CM2,separate_available_periods,10.382040525845529,12.00999673537729,1.627956209531762,0.9933055571508288,0.9933055571508288,0.9988239530239645
ssp245,2031-2060,rainfed_production,Alpine,ACCESS-CM2,complete_common_cells,10.276689978018233,12.01022434271445,1.733534364696217,0.9827559627703029,,
ssp245,2031-2060,rainfed_production,Alpine,MPI-ESM1-2-HR,positional_pairs,8.30878320509156,7.418276500580161,-0.8905067045113988,0.993917144875054,,
ssp245,2031-2060,rainfed_production,Alpine,MPI-ESM1-2-HR,separate_available_periods,8.309095655218057,7.424637748162071,-0.8844579070559861,0.9939324491406666,0.9939324491406666,0.9969320614153059
ssp245,2031-2060,rainfed_production,Alpine,MPI-ESM1-2-HR,complete_common_cells,8.212897573984876,7.397431150040169,-0.8154664239447067,0.9827559627703029,,
ssp245,2031-2060,rainfed_production,Alpine,MRI-ESM2-0,positional_pairs,9.49502948239861,9.766882002104108,0.2718525197054973,0.993652723267926,,
ssp245,2031-2060,rainfed_production,Alpine,MRI-ESM2-0,separate_available_periods,9.495058072479239,9.791862146492177,0.29680407401293785,0.9936606374942305,0.9936606374942305,0.9978069135422892
ssp245,2031-2060,rainfed_production,Alpine,MRI-ESM2-0,complete_common_cells,9.382182137625247,9.733177797645425,0.35099566002017824,0.9827559627703029,,
ssp245,2031-2060,rainfed_production,Atlantic,ACCESS-CM2,positional_pairs,12.300046856468999,17.525390492816637,5.225343636347638,0.9996518336767977,,
ssp245,2031-2060,rainfed_production,Atlantic,ACCESS-CM2,separate_available_periods,12.300046856468999,17.525281696852463,5.2252348403834645,0.9996518336767977,0.9996518336767977,0.999669509090179
ssp245,2031-2060,rainfed_production,Atlantic,ACCESS-CM2,complete_common_cells,12.300053553335802,17.525515803754228,5.225462250418426,0.9996198476393487,,
ssp245,2031-2060,rainfed_production,Atlantic,MPI-ESM1-2-HR,positional_pairs,11.388514088927007,12.954687291025579,1.5661732020985717,0.9996558563997482,,
ssp245,2031-2060,rainfed_production,Atlantic,MPI-ESM1-2-HR,separate_available_periods,11.388514088927007,12.954654282957764,1.5661401940307567,0.9996558563997482,0.9996558563997482,0.99966623652429
ssp245,2031-2060,rainfed_production,Atlantic,MPI-ESM1-2-HR,complete_common_cells,11.388458367386907,12.954736114449398,1.5662777470624913,0.9996198476393487,,
ssp245,2031-2060,rainfed_production,Atlantic,MRI-ESM2-0,positional_pairs,12.066256218452384,9.655875339960481,-2.410380878491903,0.999652157528441,,
ssp245,2031-2060,rainfed_production,Atlantic,MRI-ESM2-0,separate_available_periods,12.066255972162171,9.655854837933775,-2.4104011342283957,0.9996528686736625,0.9996528686736625,0.999667764245928
ssp245,2031-2060,rainfed_production,Atlantic,MRI-ESM2-0,complete_common_cells,12.066232918783182,9.655883791177448,-2.410349127605734,0.9996198476393487,,
ssp245,2031-2060,rainfed_production,Black Sea,ACCESS-CM2,positional_pairs,8.145557194965434,9.325337661892684,1.1797804669272498,1.0,,
ssp245,2031-2060,rainfed_production,Black Sea,ACCESS-CM2,separate_available_periods,8.145557194965434,9.325337661892684,1.1797804669272498,1.0,1.0,1.0
ssp245,2031-2060,rainfed_production,Black Sea,ACCESS-CM2,complete_common_cells,8.145557194965434,9.325337661892684,1.1797804669272498,1.0,,
ssp245,2031-2060,rainfed_production,Black Sea,MPI-ESM1-2-HR,positional_pairs,7.361917316194029,4.478586781191575,-2.883330535002454,1.0,,
ssp245,2031-2060,rainfed_production,Black Sea,MPI-ESM1-2-HR,separate_available_periods,7.361917316194029,4.478586781191575,-2.883330535002454,1.0,1.0,1.0
ssp245,2031-2060,rainfed_production,Black Sea,MPI-ESM1-2-HR,complete_common_cells,7.361917316194029,4.478586781191575,-2.883330535002454,1.0,,
ssp245,2031-2060,rainfed_production,Black Sea,MRI-ESM2-0,positional_pairs,8.662834608279375,9.01133217810782,0.34849756982844404,1.0,,
ssp245,2031-2060,rainfed_production,Black Sea,MRI-ESM2-0,separate_available_periods,8.662834608279375,9.01133217810782,0.34849756982844404,1.0,1.0,1.0
ssp245,2031-2060,rainfed_production,Black Sea,MRI-ESM2-0,complete_common_cells,8.662834608279375,9.01133217810782,0.34849756982844404,1.0,,
ssp245,2031-2060,rainfed_production,Boreal,ACCESS-CM2,positional_pairs,5.941017630401365,12.619822099947346,6.67880446954598,0.9993302801728571,,
ssp245,2031-2060,rainfed_production,Boreal,ACCESS-CM2,separate_available_periods,5.941017630401365,12.612300588211784,6.671282957810419,0.9993302801728571,0.9993302801728571,0.9999982620307869
ssp245,2031-2060,rainfed_production,Boreal,ACCESS-CM2,complete_common_cells,6.052151956207915,12.944196263905331,6.892044307697416,0.9651715193498897,,
ssp245,2031-2060,rainfed_production,Boreal,MPI-ESM1-2-HR,positional_pairs,5.034260194140686,6.537300168852933,1.5030399747122463,0.9999393001856034,,
ssp245,2031-2060,rainfed_production,Boreal,MPI-ESM1-2-HR,separate_available_periods,5.034277036360888,6.5371656295217555,1.5028885931608675,0.9999429363978107,0.9999429363978107,0.9999848393262525
ssp245,2031-2060,rainfed_production,Boreal,MPI-ESM1-2-HR,complete_common_cells,5.137049202441653,6.712581633807623,1.5755324313659704,0.9651715193498897,,
ssp245,2031-2060,rainfed_production,Boreal,MRI-ESM2-0,positional_pairs,5.373538198654913,7.355197260749729,1.981659062094816,0.9981182450618932,,
ssp245,2031-2060,rainfed_production,Boreal,MRI-ESM2-0,separate_available_periods,5.3735421005635144,7.3460689326139965,1.972526832050482,0.9981198002187865,0.9981198002187865,0.9999961994160284
ssp245,2031-2060,rainfed_production,Boreal,MRI-ESM2-0,complete_common_cells,5.464859726895707,7.539141729940443,2.074282003044736,0.9651715193498897,,
ssp245,2031-2060,rainfed_production,Continental,ACCESS-CM2,positional_pairs,8.103586572156873,11.336429335486237,3.232842763329364,1.0,,
ssp245,2031-2060,rainfed_production,Continental,ACCESS-CM2,separate_available_periods,8.103586572156873,11.336429335486237,3.232842763329364,1.0,1.0,1.0
ssp245,2031-2060,rainfed_production,Continental,ACCESS-CM2,complete_common_cells,8.10522733727072,11.338878697945793,3.233651360675072,0.9997248213729885,,
ssp245,2031-2060,rainfed_production,Continental,MPI-ESM1-2-HR,positional_pairs,6.52550513217795,6.5752120067750885,0.049706874597138295,1.0,,
ssp245,2031-2060,rainfed_production,Continental,MPI-ESM1-2-HR,separate_available_periods,6.52550513217795,6.5752120067750885,0.049706874597138295,1.0,1.0,1.0
ssp245,2031-2060,rainfed_production,Continental,MPI-ESM1-2-HR,complete_common_cells,6.526971391715299,6.576721733410022,0.0497503416947227,0.9997248213729885,,
ssp245,2031-2060,rainfed_production,Continental,MRI-ESM2-0,positional_pairs,7.338315446787434,7.524233403101411,0.18591795631397634,0.9999908273790996,,
ssp245,2031-2060,rainfed_production,Continental,MRI-ESM2-0,separate_available_periods,7.33825008436957,7.524233403101411,0.18598331873184026,0.9999908273790996,1.0,0.9999908273790996
ssp245,2031-2060,rainfed_production,Continental,MRI-ESM2-0,complete_common_cells,7.339895219226672,7.525819916576936,0.18592469735026462,0.9997248213729885,,
ssp245,2031-2060,rainfed_production,Mediterranean,ACCESS-CM2,positional_pairs,6.8940382992973595,8.028372604889343,1.1343343055919837,1.0,,
ssp245,2031-2060,rainfed_production,Mediterranean,ACCESS-CM2,separate_available_periods,6.8940382992973595,8.028372604889343,1.1343343055919837,1.0,1.0,1.0
ssp245,2031-2060,rainfed_production,Mediterranean,ACCESS-CM2,complete_common_cells,6.8940382992973595,8.028372604889343,1.1343343055919837,1.0,,
ssp245,2031-2060,rainfed_production,Mediterranean,MPI-ESM1-2-HR,positional_pairs,5.947228139110141,5.07109264435925,-0.8761354947508915,1.0,,
ssp245,2031-2060,rainfed_production,Mediterranean,MPI-ESM1-2-HR,separate_available_periods,5.947228139110141,5.07109264435925,-0.8761354947508915,1.0,1.0,1.0
ssp245,2031-2060,rainfed_production,Mediterranean,MPI-ESM1-2-HR,complete_common_cells,5.947228139110141,5.07109264435925,-0.8761354947508915,1.0,,
ssp245,2031-2060,rainfed_production,Mediterranean,MRI-ESM2-0,positional_pairs,6.80122999912205,5.975892586044557,-0.8253374130774933,1.0,,
ssp245,2031-2060,rainfed_production,Mediterranean,MRI-ESM2-0,separate_available_periods,6.80122999912205,5.975892586044557,-0.8253374130774933,1.0,1.0,1.0
ssp245,2031-2060,rainfed_production,Mediterranean,MRI-ESM2-0,complete_common_cells,6.80122999912205,5.975892586044557,-0.8253374130774933,1.0,,
ssp245,2031-2060,rainfed_production,Outside EEA regions,ACCESS-CM2,positional_pairs,2.6194032596708805,3.3389374644649648,0.7195342047940843,1.0000000000000002,,
ssp245,2031-2060,rainfed_production,Outside EEA regions,ACCESS-CM2,separate_available_periods,2.6194032596708805,3.3389374644649648,0.7195342047940843,1.0000000000000002,1.0000000000000002,1.0000000000000002
ssp245,2031-2060,rainfed_production,Outside EEA regions,ACCESS-CM2,complete_common_cells,2.664686898374391,3.3941950358440427,0.7295081374696517,0.9811927697090064,,
ssp245,2031-2060,rainfed_production,Outside EEA regions,MPI-ESM1-2-HR,positional_pairs,1.933916378344219,1.665161627399534,-0.26875475094468504,0.9993730923236338,,
ssp245,2031-2060,rainfed_production,Outside EEA regions,MPI-ESM1-2-HR,separate_available_periods,1.9327471837142507,1.665161627399534,-0.2675855563147167,0.9993730923236338,1.0000000000000002,0.9993730923236338
ssp245,2031-2060,rainfed_production,Outside EEA regions,MPI-ESM1-2-HR,complete_common_cells,1.9653616483785243,1.6918163544255584,-0.2735452939529659,0.9811927697090064,,
ssp245,2031-2060,rainfed_production,Outside EEA regions,MRI-ESM2-0,positional_pairs,2.0973681917343794,2.4970965536184715,0.3997283618840921,1.0000000000000002,,
ssp245,2031-2060,rainfed_production,Outside EEA regions,MRI-ESM2-0,separate_available_periods,2.0973681917343794,2.4970965536184715,0.3997283618840921,1.0000000000000002,1.0000000000000002,1.0000000000000002
ssp245,2031-2060,rainfed_production,Outside EEA regions,MRI-ESM2-0,complete_common_cells,2.1310710357866305,2.53864842812795,0.40757739234131973,0.9811927697090064,,
ssp245,2031-2060,rainfed_production,Pannonian,ACCESS-CM2,positional_pairs,7.761743241106743,9.955589228051162,2.193845986944419,1.0,,
ssp245,2031-2060,rainfed_production,Pannonian,ACCESS-CM2,separate_available_periods,7.761743241106743,9.955589228051162,2.193845986944419,1.0,1.0,1.0
ssp245,2031-2060,rainfed_production,Pannonian,ACCESS-CM2,complete_common_cells,7.761743241106743,9.955589228051162,2.193845986944419,1.0,,
ssp245,2031-2060,rainfed_production,Pannonian,MPI-ESM1-2-HR,positional_pairs,5.89192155686214,5.594186162265013,-0.2977353945971277,1.0,,
ssp245,2031-2060,rainfed_production,Pannonian,MPI-ESM1-2-HR,separate_available_periods,5.89192155686214,5.594186162265013,-0.2977353945971277,1.0,1.0,1.0
ssp245,2031-2060,rainfed_production,Pannonian,MPI-ESM1-2-HR,complete_common_cells,5.89192155686214,5.594186162265013,-0.2977353945971277,1.0,,
ssp245,2031-2060,rainfed_production,Pannonian,MRI-ESM2-0,positional_pairs,7.826998800678792,7.654714988915526,-0.17228381176326657,1.0,,
ssp245,2031-2060,rainfed_production,Pannonian,MRI-ESM2-0,separate_available_periods,7.826998800678792,7.654714988915526,-0.17228381176326657,1.0,1.0,1.0
ssp245,2031-2060,rainfed_production,Pannonian,MRI-ESM2-0,complete_common_cells,7.826998800678792,7.654714988915526,-0.17228381176326657,1.0,,
ssp245,2031-2060,rainfed_production,Steppic,ACCESS-CM2,positional_pairs,4.064460093628588,4.422895347229968,0.35843525360137996,0.9999346326558585,,
ssp245,2031-2060,rainfed_production,Steppic,ACCESS-CM2,separate_available_periods,4.064460093628588,4.422895347229968,0.35843525360137996,0.9999346326558585,0.9999346326558585,0.9999346326558585
ssp245,2031-2060,rainfed_production,Steppic,ACCESS-CM2,complete_common_cells,4.0982288442480215,4.458579899376743,0.3603510551287217,0.9908884734897916,,
ssp245,2031-2060,rainfed_production,Steppic,MPI-ESM1-2-HR,positional_pairs,2.9685549623488767,2.232073044671749,-0.7364819176771276,0.9996330940169894,,
ssp245,2031-2060,rainfed_production,Steppic,MPI-ESM1-2-HR,separate_available_periods,2.967735604859417,2.232073044671749,-0.7356625601876678,0.9996330940169894,0.9999346326558585,0.9996330940169894
ssp245,2031-2060,rainfed_production,Steppic,MPI-ESM1-2-HR,complete_common_cells,2.991592848045206,2.2492789703917597,-0.7423138776534461,0.9908884734897916,,
ssp245,2031-2060,rainfed_production,Steppic,MRI-ESM2-0,positional_pairs,4.108744923970748,4.143773922949611,0.03502899897886369,0.9999346326558585,,
ssp245,2031-2060,rainfed_production,Steppic,MRI-ESM2-0,separate_available_periods,4.108744923970748,4.143773922949611,0.03502899897886369,0.9999346326558585,0.9999346326558585,0.9999346326558585
ssp245,2031-2060,rainfed_production,Steppic,MRI-ESM2-0,complete_common_cells,4.14223475126765,4.177705784728624,0.0354710334609738,0.9908884734897916,,
ssp245,2031-2060,rainfed_production,Unassigned,ACCESS-CM2,positional_pairs,11.457022060109221,16.331252550862057,4.874230490752836,0.9990066128425973,,
ssp245,2031-2060,rainfed_production,Unassigned,ACCESS-CM2,separate_available_periods,11.457022060109221,16.32988665176974,4.8728645916605196,0.9990066128425973,0.9990066128425973,0.999134898857226
ssp245,2031-2060,rainfed_production,Unassigned,ACCESS-CM2,complete_common_cells,11.475656788199782,16.3623918426663,4.88673505446652,0.9967686395788861,,
ssp245,2031-2060,rainfed_production,Unassigned,MPI-ESM1-2-HR,positional_pairs,10.928021513333853,12.152658212842297,1.2246366995084443,0.9990294393867609,,
ssp245,2031-2060,rainfed_production,Unassigned,MPI-ESM1-2-HR,separate_available_periods,10.928023286873325,12.1526451442469,1.2246218573735757,0.9990438672123237,0.9990438672123237,0.9990880386356841
ssp245,2031-2060,rainfed_production,Unassigned,MPI-ESM1-2-HR,complete_common_cells,10.947318051377213,12.175103398403493,1.2277853470262805,0.9967686395788861,,
ssp245,2031-2060,rainfed_production,Unassigned,MRI-ESM2-0,positional_pairs,11.343652940103793,10.220728104838498,-1.1229248352652945,0.9989360604608847,,
ssp245,2031-2060,rainfed_production,Unassigned,MRI-ESM2-0,separate_available_periods,11.343656137036698,10.219757980930227,-1.1238981561064705,0.998942792307678,0.998942792307678,0.9991236996912318
ssp245,2031-2060,rainfed_production,Unassigned,MRI-ESM2-0,complete_common_cells,11.361685394514748,10.23897112540864,-1.1227142691061083,0.9967686395788861,,
ssp245,2071-2100,harvested_area,Europe,ACCESS-CM2,positional_pairs,6.916718900548857,10.515938472017018,3.5992195714681605,0.9996862444107777,,
ssp245,2071-2100,harvested_area,Europe,ACCESS-CM2,separate_available_periods,6.916718900548857,10.515099764983454,3.5983808644345965,0.9996862444107777,0.9996862444107777,0.9999274051749422
ssp245,2071-2100,harvested_area,Europe,ACCESS-CM2,complete_common_cells,7.020799585754617,10.676101992469482,3.655302406714865,0.9817760569366035,,
ssp245,2071-2100,harvested_area,Europe,MPI-ESM1-2-HR,positional_pairs,5.6506109927299,6.217277202631306,0.5666662099014053,0.9997102804062278,,
ssp245,2071-2100,harvested_area,Europe,MPI-ESM1-2-HR,separate_available_periods,5.6504011633744256,6.217464461803922,0.5670632984294963,0.999754761908329,0.999754761908329,0.9998426009092345
ssp245,2071-2100,harvested_area,Europe,MPI-ESM1-2-HR,complete_common_cells,5.7365655888577365,6.311736412418118,0.5751708235603816,0.9817760569366035,,
ssp245,2071-2100,harvested_area,Europe,MRI-ESM2-0,positional_pairs,6.534432258880001,7.006584617376499,0.4721523584964986,0.9991317101291578,,
ssp245,2071-2100,harvested_area,Europe,MRI-ESM2-0,separate_available_periods,6.531472033351036,7.007388658930299,0.47591662557926373,0.9994158344123454,0.9996028075292969,0.9994158344123454
ssp245,2071-2100,harvested_area,Europe,MRI-ESM2-0,complete_common_cells,6.629460843883798,7.109681546512767,0.48022070262896843,0.9817760569366035,,
ssp245,2071-2100,harvested_area,Alpine,ACCESS-CM2,positional_pairs,10.379842896450988,13.688240700097886,3.3083978036468977,0.9904897253347762,,
ssp245,2071-2100,harvested_area,Alpine,ACCESS-CM2,separate_available_periods,10.379842896450988,13.645492823585784,3.2656499271347954,0.9904897253347762,0.9904897253347762,0.9998996129976807
ssp245,2071-2100,harvested_area,Alpine,ACCESS-CM2,complete_common_cells,10.230495000616362,13.698986491367227,3.468491490750866,0.9760484135487453,,
ssp245,2071-2100,harvested_area,Alpine,MPI-ESM1-2-HR,positional_pairs,8.284028775015292,8.156226776747356,-0.1278019982679357,0.9912777705181274,,
ssp245,2071-2100,harvested_area,Alpine,MPI-ESM1-2-HR,separate_available_periods,8.284028775015292,8.156205078132658,-0.1278236968826345,0.9912777705181274,0.9912777705181274,0.997703871603609
ssp245,2071-2100,harvested_area,Alpine,MPI-ESM1-2-HR,complete_common_cells,8.150895435924124,8.14730707043271,-0.0035883654914137253,0.9760484135487453,,
ssp245,2071-2100,harvested_area,Alpine,MRI-ESM2-0,positional_pairs,9.500011795354531,10.547942770882344,1.0479309755278123,0.9909709999292821,,
ssp245,2071-2100,harvested_area,Alpine,MRI-ESM2-0,separate_available_periods,9.50001023338145,10.567726104894053,1.0677158715126023,0.9909714718740401,0.9909714718740401,0.9978184805449744
ssp245,2071-2100,harvested_area,Alpine,MRI-ESM2-0,complete_common_cells,9.344568437695575,10.529114278525986,1.1845458408304115,0.9760484135487453,,
ssp245,2071-2100,harvested_area,Atlantic,ACCESS-CM2,positional_pairs,12.465367126844116,19.038586745090456,6.573219618246339,0.999673875407702,,
ssp245,2071-2100,harvested_area,Atlantic,ACCESS-CM2,separate_available_periods,12.465367126844116,19.038072019067666,6.57270489222355,0.999673875407702,0.999673875407702,0.9997226610816834
ssp245,2071-2100,harvested_area,Atlantic,ACCESS-CM2,complete_common_cells,12.465412598569817,19.039198851880304,6.573786253310487,0.9995946804260185,,
ssp245,2071-2100,harvested_area,Atlantic,MPI-ESM1-2-HR,positional_pairs,11.544409941185755,12.799585770981562,1.2551758297958067,0.999680625145081,,
ssp245,2071-2100,harvested_area,Atlantic,MPI-ESM1-2-HR,separate_available_periods,11.544409941185755,12.799305527814452,1.254895586628697,0.999680625145081,0.999680625145081,0.9997215595057236
ssp245,2071-2100,harvested_area,Atlantic,MPI-ESM1-2-HR,complete_common_cells,11.544359045165494,12.799857670932099,1.255498625766604,0.9995946804260185,,
ssp245,2071-2100,harvested_area,Atlantic,MRI-ESM2-0,positional_pairs,12.239505955464967,10.407841292939274,-1.831664662525693,0.9996746019671752,,
ssp245,2071-2100,harvested_area,Atlantic,MRI-ESM2-0,separate_available_periods,12.239506745637367,10.407890084036016,-1.8316166616013518,0.9996746953021267,0.9996746953021267,0.999712686537761
ssp245,2071-2100,harvested_area,Atlantic,MRI-ESM2-0,complete_common_cells,12.239514411322519,10.40802637532949,-1.8314880359930292,0.9995946804260185,,
ssp245,2071-2100,harvested_area,Black Sea,ACCESS-CM2,positional_pairs,7.948680567050216,10.511766698405594,2.5630861313553783,1.0,,
ssp245,2071-2100,harvested_area,Black Sea,ACCESS-CM2,separate_available_periods,7.948680567050216,10.511766698405594,2.5630861313553783,1.0,1.0,1.0
ssp245,2071-2100,harvested_area,Black Sea,ACCESS-CM2,complete_common_cells,7.948680567050216,10.511766698405594,2.5630861313553783,1.0,,
ssp245,2071-2100,harvested_area,Black Sea,MPI-ESM1-2-HR,positional_pairs,7.197021157113619,5.930205689496392,-1.266815467617227,1.0,,
ssp245,2071-2100,harvested_area,Black Sea,MPI-ESM1-2-HR,separate_available_periods,7.197021157113619,5.930205689496392,-1.266815467617227,1.0,1.0,1.0
ssp245,2071-2100,harvested_area,Black Sea,MPI-ESM1-2-HR,complete_common_cells,7.197021157113619,5.930205689496392,-1.266815467617227,1.0,,
ssp245,2071-2100,harvested_area,Black Sea,MRI-ESM2-0,positional_pairs,8.46679968659479,8.427409499508844,-0.03939018708594588,1.0,,
ssp245,2071-2100,harvested_area,Black Sea,MRI-ESM2-0,separate_available_periods,8.46679968659479,8.427409499508844,-0.03939018708594588,1.0,1.0,1.0
ssp245,2071-2100,harvested_area,Black Sea,MRI-ESM2-0,complete_common_cells,8.46679968659479,8.427409499508844,-0.03939018708594588,1.0,,
ssp245,2071-2100,harvested_area,Boreal,ACCESS-CM2,positional_pairs,5.957477995159816,12.85774937925702,6.900271384097205,0.9989970595577133,,
ssp245,2071-2100,harvested_area,Boreal,ACCESS-CM2,separate_available_periods,5.957477995159816,12.845917133413856,6.88843913825404,0.9989970595577133,0.9989970595577133,1.0
ssp245,2071-2100,harvested_area,Boreal,ACCESS-CM2,complete_common_cells,6.099709402595417,13.274502297079394,7.174792894483977,0.9551016301209293,,
ssp245,2071-2100,harvested_area,Boreal,MPI-ESM1-2-HR,positional_pairs,4.981975459665817,7.123284820058539,2.1413093603927225,0.9998627064970003,,
ssp245,2071-2100,harvested_area,Boreal,MPI-ESM1-2-HR,separate_available_periods,4.981975459665817,7.122560763551887,2.14058530388607,0.9998627064970003,0.9998627064970003,1.0
ssp245,2071-2100,harvested_area,Boreal,MPI-ESM1-2-HR,complete_common_cells,5.110410232605454,7.366092418407881,2.255682185802427,0.9551016301209293,,
ssp245,2071-2100,harvested_area,Boreal,MRI-ESM2-0,positional_pairs,5.263965351423424,7.545273473550165,2.281308122126741,0.9974982069409258,,
ssp245,2071-2100,harvested_area,Boreal,MRI-ESM2-0,separate_available_periods,5.26396828831985,7.5435239914760395,2.2795557031561895,0.9974992138740171,0.9974992138740171,0.9999855833710889
ssp245,2071-2100,harvested_area,Boreal,MRI-ESM2-0,complete_common_cells,5.374523494068481,7.784941253816531,2.41041775974805,0.9551016301209293,,
ssp245,2071-2100,harvested_area,Continental,ACCESS-CM2,positional_pairs,7.30029965747374,11.406587610300903,4.106287952827163,1.0,,
ssp245,2071-2100,harvested_area,Continental,ACCESS-CM2,separate_available_periods,7.30029965747374,11.406587610300903,4.106287952827163,1.0,1.0,1.0
ssp245,2071-2100,harvested_area,Continental,ACCESS-CM2,complete_common_cells,7.301228398192304,11.407988874378272,4.106760476185968,0.9998578913348216,,
ssp245,2071-2100,harvested_area,Continental,MPI-ESM1-2-HR,positional_pairs,5.787210052026701,6.615395482454541,0.8281854304278395,1.0,,
ssp245,2071-2100,harvested_area,Continental,MPI-ESM1-2-HR,separate_available_periods,5.787210052026701,6.615395482454541,0.8281854304278395,1.0,1.0,1.0
ssp245,2071-2100,harvested_area,Continental,MPI-ESM1-2-HR,complete_common_cells,5.787942872619549,6.616182682775537,0.8282398101559876,0.9998578913348216,,
ssp245,2071-2100,harvested_area,Continental,MRI-ESM2-0,positional_pairs,6.597011848383,7.683665134993932,1.0866532866109324,0.999995263044494,,
ssp245,2071-2100,harvested_area,Continental,MRI-ESM2-0,separate_available_periods,6.596981322713464,7.683665134993932,1.0866838122804676,0.999995263044494,1.0,0.999995263044494
ssp245,2071-2100,harvested_area,Continental,MRI-ESM2-0,complete_common_cells,6.597827945823888,7.684597848484791,1.0867699026609028,0.9998578913348216,,
ssp245,2071-2100,harvested_area,Mediterranean,ACCESS-CM2,positional_pairs,7.068216510919569,9.599129274162495,2.5309127632429256,1.0,,
ssp245,2071-2100,harvested_area,Mediterranean,ACCESS-CM2,separate_available_periods,7.068216510919569,9.599129274162495,2.5309127632429256,1.0,1.0,1.0
ssp245,2071-2100,harvested_area,Mediterranean,ACCESS-CM2,complete_common_cells,7.068216510919569,9.599129274162495,2.5309127632429256,1.0,,
ssp245,2071-2100,harvested_area,Mediterranean,MPI-ESM1-2-HR,positional_pairs,6.0948720580473195,4.794467139902235,-1.3004049181450847,1.0,,
ssp245,2071-2100,harvested_area,Mediterranean,MPI-ESM1-2-HR,separate_available_periods,6.0948720580473195,4.794467139902235,-1.3004049181450847,1.0,1.0,1.0
ssp245,2071-2100,harvested_area,Mediterranean,MPI-ESM1-2-HR,complete_common_cells,6.0948720580473195,4.794467139902235,-1.3004049181450847,1.0,,
ssp245,2071-2100,harvested_area,Mediterranean,MRI-ESM2-0,positional_pairs,6.963526591837913,6.001949774038353,-0.9615768177995596,1.0,,
ssp245,2071-2100,harvested_area,Mediterranean,MRI-ESM2-0,separate_available_periods,6.963526591837913,6.001949774038353,-0.9615768177995596,1.0,1.0,1.0
ssp245,2071-2100,harvested_area,Mediterranean,MRI-ESM2-0,complete_common_cells,6.963526591837913,6.001949774038353,-0.9615768177995596,1.0,,
ssp245,2071-2100,harvested_area,Outside EEA regions,ACCESS-CM2,positional_pairs,2.3106516277151017,4.027909142396594,1.7172575146814926,1.0000000000000002,,
ssp245,2071-2100,harvested_area,Outside EEA regions,ACCESS-CM2,separate_available_periods,2.3106516277151017,4.027909142396594,1.7172575146814926,1.0000000000000002,1.0000000000000002,1.0000000000000002
ssp245,2071-2100,harvested_area,Outside EEA regions,ACCESS-CM2,complete_common_cells,2.4218727017176582,4.20946702594752,1.7875943242298615,0.9486280762923983,,
ssp245,2071-2100,harvested_area,Outside EEA regions,MPI-ESM1-2-HR,positional_pairs,1.708047285601807,1.9613355786523665,0.25328829305055955,0.99828760254308,,
ssp245,2071-2100,harvested_area,Outside EEA regions,MPI-ESM1-2-HR,separate_available_periods,1.7065051688209167,1.9613355786523665,0.2548304098314498,0.99828760254308,1.0000000000000002,0.99828760254308
ssp245,2071-2100,harvested_area,Outside EEA regions,MPI-ESM1-2-HR,complete_common_cells,1.7864010509806538,2.0438147428313154,0.25741369185066154,0.9486280762923983,,
ssp245,2071-2100,harvested_area,Outside EEA regions,MRI-ESM2-0,positional_pairs,1.858533386955884,2.193448419839393,0.3349150328835091,0.9983020104191295,,
ssp245,2071-2100,harvested_area,Outside EEA regions,MRI-ESM2-0,separate_available_periods,1.8557999851305498,2.193448419839393,0.3376484347088433,0.9983020104191295,1.0000000000000002,0.9983020104191295
ssp245,2071-2100,harvested_area,Outside EEA regions,MRI-ESM2-0,complete_common_cells,1.9379398143258755,2.28141514925845,0.34347533493257454,0.9486280762923983,,
ssp245,2071-2100,harvested_area,Pannonian,ACCESS-CM2,positional_pairs,7.81566649543849,12.315777788839107,4.500111293400617,1.0,,
ssp245,2071-2100,harvested_area,Pannonian,ACCESS-CM2,separate_available_periods,7.81566649543849,12.315777788839107,4.500111293400617,1.0,1.0,1.0
ssp245,2071-2100,harvested_area,Pannonian,ACCESS-CM2,complete_common_cells,7.81566649543849,12.315777788839107,4.500111293400617,1.0,,
ssp245,2071-2100,harvested_area,Pannonian,MPI-ESM1-2-HR,positional_pairs,5.925281514426477,6.6016988240500005,0.6764173096235231,1.0,,
ssp245,2071-2100,harvested_area,Pannonian,MPI-ESM1-2-HR,separate_available_periods,5.925281514426477,6.6016988240500005,0.6764173096235231,1.0,1.0,1.0
ssp245,2071-2100,harvested_area,Pannonian,MPI-ESM1-2-HR,complete_common_cells,5.925281514426477,6.6016988240500005,0.6764173096235231,1.0,,
ssp245,2071-2100,harvested_area,Pannonian,MRI-ESM2-0,positional_pairs,7.878055859332148,8.96356084819963,1.0855049888674824,1.0,,
ssp245,2071-2100,harvested_area,Pannonian,MRI-ESM2-0,separate_available_periods,7.878055859332148,8.96356084819963,1.0855049888674824,1.0,1.0,1.0
ssp245,2071-2100,harvested_area,Pannonian,MRI-ESM2-0,complete_common_cells,7.878055859332148,8.96356084819963,1.0855049888674824,1.0,,
ssp245,2071-2100,harvested_area,Steppic,ACCESS-CM2,positional_pairs,3.8336322223755355,4.898118811747338,1.0644865893718025,0.9998913582596575,,
ssp245,2071-2100,harvested_area,Steppic,ACCESS-CM2,separate_available_periods,3.8336322223755355,4.898118811747338,1.0644865893718025,0.9998913582596575,0.9998913582596575,0.9998913582596575
ssp245,2071-2100,harvested_area,Steppic,ACCESS-CM2,complete_common_cells,4.019842561631893,5.1109603312658916,1.0911177696339989,0.9460289848584787,,
ssp245,2071-2100,harvested_area,Steppic,MPI-ESM1-2-HR,positional_pairs,2.7817222153216274,2.8310881057508346,0.04936589042920714,0.9997389900660886,,
ssp245,2071-2100,harvested_area,Steppic,MPI-ESM1-2-HR,separate_available_periods,2.781441965363613,2.8310881057508346,0.04964614038722148,0.9997389900660886,0.9998913582596575,0.9997389900660886
ssp245,2071-2100,harvested_area,Steppic,MPI-ESM1-2-HR,complete_common_cells,2.917032332682075,2.9504197331100896,0.03338740042801458,0.9460289848584787,,
ssp245,2071-2100,harvested_area,Steppic,MRI-ESM2-0,positional_pairs,3.847678923749477,4.185939851893832,0.33826092814435516,0.998192202484237,,
ssp245,2071-2100,harvested_area,Steppic,MRI-ESM2-0,separate_available_periods,3.8415682892457297,4.185939851893832,0.34437156264810254,0.998192202484237,0.9998913582596575,0.998192202484237
ssp245,2071-2100,harvested_area,Steppic,MRI-ESM2-0,complete_common_cells,4.031803989912658,4.372936816043889,0.34113282613123097,0.9460289848584787,,
ssp245,2071-2100,harvested_area,Unassigned,ACCESS-CM2,positional_pairs,11.16338220536783,15.524676472888746,4.3612942675209165,0.99848919950393,,
ssp245,2071-2100,harvested_area,Unassigned,ACCESS-CM2,separate_available_periods,11.16338220536783,15.521672185556866,4.358289980189037,0.99848919950393,0.99848919950393,0.9987711562834352
ssp245,2071-2100,harvested_area,Unassigned,ACCESS-CM2,complete_common_cells,11.197352347405259,15.57671683560824,4.379364488202981,0.9941236395211818,,
ssp245,2071-2100,harvested_area,Unassigned,MPI-ESM1-2-HR,positional_pairs,10.345944395607368,10.762682938511224,0.4167385429038557,0.9985562745613683,,
ssp245,2071-2100,harvested_area,Unassigned,MPI-ESM1-2-HR,separate_available_periods,10.345944395607368,10.761392814145168,0.41544841853779957,0.9985562745613683,0.9985562745613683,0.9987700914865921
ssp245,2071-2100,harvested_area,Unassigned,MPI-ESM1-2-HR,complete_common_cells,10.379854242100397,10.799505620337383,0.4196513782369866,0.9941236395211818,,
ssp245,2071-2100,harvested_area,Unassigned,MRI-ESM2-0,positional_pairs,11.010375266165905,9.82009250675154,-1.190282759414366,0.9983687702629243,,
ssp245,2071-2100,harvested_area,Unassigned,MRI-ESM2-0,separate_available_periods,11.01038075849558,9.81956171897881,-1.1908190395167715,0.9983698350597674,0.9983698350597674,0.9987133785481975
ssp245,2071-2100,harvested_area,Unassigned,MRI-ESM2-0,complete_common_cells,11.043090387437257,9.85238755574068,-1.1907028316965764,0.9941236395211818,,
ssp245,2071-2100,baseline_production,Europe,ACCESS-CM2,positional_pairs,7.97158011582837,12.326239157641664,4.354659041813294,0.9997536268802716,,
ssp245,2071-2100,baseline_production,Europe,ACCESS-CM2,separate_available_periods,7.97158011582837,12.325285735828215,4.353705619999845,0.9997536268802716,0.9997536268802716,0.99991839231207
ssp245,2071-2100,baseline_production,Europe,ACCESS-CM2,complete_common_cells,8.038178113597871,12.43182507174993,4.393646958152059,0.9896623278434105,,
ssp245,2071-2100,baseline_production,Europe,MPI-ESM1-2-HR,positional_pairs,6.677204002454185,7.418615958085618,0.7414119556314329,0.9997837799679077,,
ssp245,2071-2100,baseline_production,Europe,MPI-ESM1-2-HR,separate_available_periods,6.677095451785812,7.418578758593392,0.7414833068075799,0.9998030932693586,0.9998030932693586,0.9998727145462964
ssp245,2071-2100,baseline_production,Europe,MPI-ESM1-2-HR,complete_common_cells,6.733889327396283,7.482384316894851,0.7484949894985684,0.9896623278434105,,
ssp245,2071-2100,baseline_production,Europe,MRI-ESM2-0,positional_pairs,7.550842859606604,7.80654423812491,0.25570137851830577,0.9994400032163688,,
ssp245,2071-2100,baseline_production,Europe,MRI-ESM2-0,separate_available_periods,7.549045308054625,7.806850838269221,0.25780553021459607,0.9996466626198273,0.9996862367970941,0.9996466626198273
ssp245,2071-2100,baseline_production,Europe,MRI-ESM2-0,complete_common_cells,7.611739317341854,7.87046417231718,0.25872485497532605,0.9896623278434105,,
ssp245,2071-2100,baseline_production,Alpine,ACCESS-CM2,positional_pairs,10.302215791099705,13.872704712581118,3.570488921481413,0.9934143508358144,,
ssp245,2071-2100,baseline_production,Alpine,ACCESS-CM2,separate_available_periods,10.302215791099705,13.836748873059499,3.5345330819597933,0.9934143508358144,0.9934143508358144,0.9999598005238552
ssp245,2071-2100,baseline_production,Alpine,ACCESS-CM2,complete_common_cells,10.1977641469347,13.889887723221221,3.692123576286521,0.9830362015290041,,
ssp245,2071-2100,baseline_production,Alpine,MPI-ESM1-2-HR,positional_pairs,8.232098551816526,8.25079952037914,0.01870096856261405,0.9940310549890841,,
ssp245,2071-2100,baseline_production,Alpine,MPI-ESM1-2-HR,separate_available_periods,8.232098551816526,8.246459247931556,0.014360696115030436,0.9940310549890841,0.9940310549890841,0.9985189538849429
ssp245,2071-2100,baseline_production,Alpine,MPI-ESM1-2-HR,complete_common_cells,8.136629615772682,8.248285662212925,0.11165604644024363,0.9830362015290041,,
ssp245,2071-2100,baseline_production,Alpine,MRI-ESM2-0,positional_pairs,9.416372456504954,10.484466916627401,1.0680944601224471,0.9937636508318041,,
ssp245,2071-2100,baseline_production,Alpine,MRI-ESM2-0,separate_available_periods,9.41637246822194,10.493493666770611,1.0771211985486708,0.9937636606468663,0.9937636606468663,0.9986143283540185
ssp245,2071-2100,baseline_production,Alpine,MRI-ESM2-0,complete_common_cells,9.304503911220872,10.474896213450648,1.1703923022297769,0.9830362015290041,,
ssp245,2071-2100,baseline_production,Atlantic,ACCESS-CM2,positional_pairs,12.27546870432972,18.993049559212444,6.7175808548827245,0.9996590073637361,,
ssp245,2071-2100,baseline_production,Atlantic,ACCESS-CM2,separate_available_periods,12.27546870432972,18.99287274631828,6.71740404198856,0.9996590073637361,0.9996590073637361,0.9996770943394487
ssp245,2071-2100,baseline_production,Atlantic,ACCESS-CM2,complete_common_cells,12.275474492915253,18.993288087972836,6.717813595057583,0.9996276803728511,,
ssp245,2071-2100,baseline_production,Atlantic,MPI-ESM1-2-HR,positional_pairs,11.371366206455834,12.70389052950647,1.3325243230506363,0.9996629472017171,,
ssp245,2071-2100,baseline_production,Atlantic,MPI-ESM1-2-HR,separate_available_periods,11.371366206455834,12.70379611897256,1.3324299125167265,0.9996629472017171,0.9996629472017171,0.9996767629539989
ssp245,2071-2100,baseline_production,Atlantic,MPI-ESM1-2-HR,complete_common_cells,11.371311028464168,12.703995308922051,1.3326842804578831,0.9996276803728511,,
ssp245,2071-2100,baseline_production,Atlantic,MRI-ESM2-0,positional_pairs,12.053619732136948,10.268618290471375,-1.7850014416655728,0.9996599716116371,,
ssp245,2071-2100,baseline_production,Atlantic,MRI-ESM2-0,separate_available_periods,12.053620159753637,10.268651228856967,-1.7849689308966692,0.9996600210353234,0.9996600210353234,0.9996743296038205
ssp245,2071-2100,baseline_production,Atlantic,MRI-ESM2-0,complete_common_cells,12.053597172745137,10.268684299626122,-1.7849128731190156,0.9996276803728511,,
ssp245,2071-2100,baseline_production,Black Sea,ACCESS-CM2,positional_pairs,8.170653014163824,10.632494193598093,2.46184117943427,1.0,,
ssp245,2071-2100,baseline_production,Black Sea,ACCESS-CM2,separate_available_periods,8.170653014163824,10.632494193598093,2.46184117943427,1.0,1.0,1.0
ssp245,2071-2100,baseline_production,Black Sea,ACCESS-CM2,complete_common_cells,8.170653014163824,10.632494193598093,2.46184117943427,1.0,,
ssp245,2071-2100,baseline_production,Black Sea,MPI-ESM1-2-HR,positional_pairs,7.3729452114574,6.083709986859504,-1.2892352245978955,1.0,,
ssp245,2071-2100,baseline_production,Black Sea,MPI-ESM1-2-HR,separate_available_periods,7.3729452114574,6.083709986859504,-1.2892352245978955,1.0,1.0,1.0
ssp245,2071-2100,baseline_production,Black Sea,MPI-ESM1-2-HR,complete_common_cells,7.3729452114574,6.083709986859504,-1.2892352245978955,1.0,,
ssp245,2071-2100,baseline_production,Black Sea,MRI-ESM2-0,positional_pairs,8.672873815634043,8.579219282308774,-0.09365453332526918,1.0,,
ssp245,2071-2100,baseline_production,Black Sea,MRI-ESM2-0,separate_available_periods,8.672873815634043,8.579219282308774,-0.09365453332526918,1.0,1.0,1.0
ssp245,2071-2100,baseline_production,Black Sea,MRI-ESM2-0,complete_common_cells,8.672873815634043,8.579219282308774,-0.09365453332526918,1.0,,
ssp245,2071-2100,baseline_production,Boreal,ACCESS-CM2,positional_pairs,5.9423295468490505,13.047031668282552,7.104702121433501,0.9993307538135267,,
ssp245,2071-2100,baseline_production,Boreal,ACCESS-CM2,separate_available_periods,5.9423295468490505,13.038945373514021,7.096615826664971,0.9993307538135267,0.9993307538135267,0.9999999999999999
ssp245,2071-2100,baseline_production,Boreal,ACCESS-CM2,complete_common_cells,6.053428838424166,13.373454184411614,7.320025345987448,0.9651961508214745,,
ssp245,2071-2100,baseline_production,Boreal,MPI-ESM1-2-HR,positional_pairs,5.035319650650239,7.353689413442718,2.3183697627924795,0.999942976754452,,
ssp245,2071-2100,baseline_production,Boreal,MPI-ESM1-2-HR,separate_available_periods,5.035319650650239,7.353361339793191,2.3180416891429525,0.999942976754452,0.999942976754452,0.9999999999999999
ssp245,2071-2100,baseline_production,Boreal,MPI-ESM1-2-HR,complete_common_cells,5.138054046987598,7.548667102398604,2.410613055411006,0.9651961508214745,,
ssp245,2071-2100,baseline_production,Boreal,MRI-ESM2-0,positional_pairs,5.374523096341997,7.484948682334661,2.1104255859926635,0.9981209638621569,,
ssp245,2071-2100,baseline_production,Boreal,MRI-ESM2-0,separate_available_periods,5.374523562937981,7.483754950854775,2.109231387916794,0.9981211299376437,0.9981211299376437,0.9999970932239827
ssp245,2071-2100,baseline_production,Boreal,MRI-ESM2-0,complete_common_cells,5.465807758535711,7.666385309009085,2.2005775504733736,0.9651961508214745,,
ssp245,2071-2100,baseline_production,Continental,ACCESS-CM2,positional_pairs,8.107596330260906,12.748400012645336,4.64080368238443,0.9999999999999999,,
ssp245,2071-2100,baseline_production,Continental,ACCESS-CM2,separate_available_periods,8.107596330260906,12.748400012645336,4.64080368238443,0.9999999999999999,0.9999999999999999,0.9999999999999999
ssp245,2071-2100,baseline_production,Continental,ACCESS-CM2,complete_common_cells,8.108237332818002,12.749377950670757,4.641140617852756,0.9999126989166346,,
ssp245,2071-2100,baseline_production,Continental,MPI-ESM1-2-HR,positional_pairs,6.530640129207529,7.4038344830349905,0.8731943538274614,0.9999999999999999,,
ssp245,2071-2100,baseline_production,Continental,MPI-ESM1-2-HR,separate_available_periods,6.530640129207529,7.4038344830349905,0.8731943538274614,0.9999999999999999,0.9999999999999999,0.9999999999999999
ssp245,2071-2100,baseline_production,Continental,MPI-ESM1-2-HR,complete_common_cells,6.53115520337587,7.404386891937526,0.8732316885616562,0.9999126989166346,,
ssp245,2071-2100,baseline_production,Continental,MRI-ESM2-0,positional_pairs,7.343884904911046,8.243031218541013,0.8991463136299673,0.9999970899638877,,
ssp245,2071-2100,baseline_production,Continental,MRI-ESM2-0,separate_available_periods,7.3438639787633875,8.243031218541013,0.8991672397776256,0.9999970899638877,0.9999999999999999,0.9999970899638877
ssp245,2071-2100,baseline_production,Continental,MRI-ESM2-0,complete_common_cells,7.344449262413741,8.243651387126215,0.899202124712474,0.9999126989166346,,
ssp245,2071-2100,baseline_production,Mediterranean,ACCESS-CM2,positional_pairs,6.941904273496785,9.701102050730727,2.7591977772339416,0.9999999999999999,,
ssp245,2071-2100,baseline_production,Mediterranean,ACCESS-CM2,separate_available_periods,6.941904273496785,9.701102050730727,2.7591977772339416,0.9999999999999999,0.9999999999999999,0.9999999999999999
ssp245,2071-2100,baseline_production,Mediterranean,ACCESS-CM2,complete_common_cells,6.941904273496785,9.701102050730727,2.7591977772339416,1.0,,
ssp245,2071-2100,baseline_production,Mediterranean,MPI-ESM1-2-HR,positional_pairs,5.98070675512214,4.810113247114905,-1.1705935080072347,0.9999999999999999,,
ssp245,2071-2100,baseline_production,Mediterranean,MPI-ESM1-2-HR,separate_available_periods,5.98070675512214,4.810113247114905,-1.1705935080072347,0.9999999999999999,0.9999999999999999,0.9999999999999999
ssp245,2071-2100,baseline_production,Mediterranean,MPI-ESM1-2-HR,complete_common_cells,5.98070675512214,4.810113247114905,-1.1705935080072347,1.0,,
ssp245,2071-2100,baseline_production,Mediterranean,MRI-ESM2-0,positional_pairs,6.8586076960512665,6.0408126035051515,-0.817795092546115,0.9999999999999999,,
ssp245,2071-2100,baseline_production,Mediterranean,MRI-ESM2-0,separate_available_periods,6.8586076960512665,6.0408126035051515,-0.817795092546115,0.9999999999999999,0.9999999999999999,0.9999999999999999
ssp245,2071-2100,baseline_production,Mediterranean,MRI-ESM2-0,complete_common_cells,6.8586076960512665,6.0408126035051515,-0.817795092546115,1.0,,
ssp245,2071-2100,baseline_production,Outside EEA regions,ACCESS-CM2,positional_pairs,2.6194032596708805,4.52404656322571,1.9046433035548294,1.0000000000000002,,
ssp245,2071-2100,baseline_production,Outside EEA regions,ACCESS-CM2,separate_available_periods,2.6194032596708805,4.52404656322571,1.9046433035548294,1.0000000000000002,1.0000000000000002,1.0000000000000002
ssp245,2071-2100,baseline_production,Outside EEA regions,ACCESS-CM2,complete_common_cells,2.664686898374391,4.597817316555716,1.933130418181325,0.9811927697090064,,
ssp245,2071-2100,baseline_production,Outside EEA regions,MPI-ESM1-2-HR,positional_pairs,1.9334530169542008,2.205489479388691,0.2720364624344902,0.9993730923236338,,
ssp245,2071-2100,baseline_production,Outside EEA regions,MPI-ESM1-2-HR,separate_available_periods,1.9327471837142507,2.205489479388691,0.2727422956744403,0.9993730923236338,1.0000000000000002,0.9993730923236338
ssp245,2071-2100,baseline_production,Outside EEA regions,MPI-ESM1-2-HR,complete_common_cells,1.9653616483785243,2.2392050784470974,0.27384343006857303,0.9811927697090064,,
ssp245,2071-2100,baseline_production,Outside EEA regions,MRI-ESM2-0,positional_pairs,2.0985199538410275,2.4869612290443937,0.38844127520336613,0.9993773453104573,,
ssp245,2071-2100,baseline_production,Outside EEA regions,MRI-ESM2-0,separate_available_periods,2.0973681917343794,2.4869612290443937,0.38959303731001427,0.9993773453104573,1.0000000000000002,0.9993773453104573
ssp245,2071-2100,baseline_production,Outside EEA regions,MRI-ESM2-0,complete_common_cells,2.1310710357866305,2.5235324669836925,0.392461431197062,0.9811927697090064,,
ssp245,2071-2100,baseline_production,Pannonian,ACCESS-CM2,positional_pairs,7.760418231424422,12.273153523197575,4.5127352917731525,1.0,,
ssp245,2071-2100,baseline_production,Pannonian,ACCESS-CM2,separate_available_periods,7.760418231424422,12.273153523197575,4.5127352917731525,1.0,1.0,1.0
ssp245,2071-2100,baseline_production,Pannonian,ACCESS-CM2,complete_common_cells,7.760418231424422,12.273153523197575,4.5127352917731525,1.0,,
ssp245,2071-2100,baseline_production,Pannonian,MPI-ESM1-2-HR,positional_pairs,5.890945531450341,6.564771105629808,0.6738255741794674,1.0,,
ssp245,2071-2100,baseline_production,Pannonian,MPI-ESM1-2-HR,separate_available_periods,5.890945531450341,6.564771105629808,0.6738255741794674,1.0,1.0,1.0
ssp245,2071-2100,baseline_production,Pannonian,MPI-ESM1-2-HR,complete_common_cells,5.890945531450341,6.564771105629808,0.6738255741794674,1.0,,
ssp245,2071-2100,baseline_production,Pannonian,MRI-ESM2-0,positional_pairs,7.825692016768439,8.92577265824983,1.1000806414813908,1.0,,
ssp245,2071-2100,baseline_production,Pannonian,MRI-ESM2-0,separate_available_periods,7.825692016768439,8.92577265824983,1.1000806414813908,1.0,1.0,1.0
ssp245,2071-2100,baseline_production,Pannonian,MRI-ESM2-0,complete_common_cells,7.825692016768439,8.92577265824983,1.1000806414813908,1.0,,
ssp245,2071-2100,baseline_production,Steppic,ACCESS-CM2,positional_pairs,4.073503203845833,5.051809662705783,0.9783064588599499,0.9999351282111826,,
ssp245,2071-2100,baseline_production,Steppic,ACCESS-CM2,separate_available_periods,4.073503203845833,5.051809662705783,0.9783064588599499,0.9999351282111826,0.9999351282111826,0.9999351282111826
ssp245,2071-2100,baseline_production,Steppic,ACCESS-CM2,complete_common_cells,4.220743833238355,5.214718155186568,0.9939743219482127,0.9591433774087662,,
ssp245,2071-2100,baseline_production,Steppic,MPI-ESM1-2-HR,positional_pairs,2.9731393438672615,2.969360949754058,-0.003778394113203465,0.9998365039382072,,
ssp245,2071-2100,baseline_production,Steppic,MPI-ESM1-2-HR,separate_available_periods,2.9729511949921377,2.969360949754058,-0.0035902452380796035,0.9998365039382072,0.9999351282111826,0.9998365039382072
ssp245,2071-2100,baseline_production,Steppic,MPI-ESM1-2-HR,complete_common_cells,3.0808671587832714,3.062226143624264,-0.018641015159007512,0.9591433774087662,,
ssp245,2071-2100,baseline_production,Steppic,MRI-ESM2-0,positional_pairs,4.122039133685311,4.412864282523974,0.29082514883866306,0.9986487571450989,,
ssp245,2071-2100,baseline_production,Steppic,MRI-ESM2-0,separate_available_periods,4.11706099003841,4.412864282523974,0.29580329248556403,0.9986487571450989,0.9999351282111826,0.9986487571450989
ssp245,2071-2100,baseline_production,Steppic,MRI-ESM2-0,complete_common_cells,4.269029493604469,4.559565058772019,0.2905355651675503,0.9591433774087662,,
ssp245,2071-2100,baseline_production,Unassigned,ACCESS-CM2,positional_pairs,11.446150708588574,17.26359470374078,5.817443995152205,0.9990231680675062,,
ssp245,2071-2100,baseline_production,Unassigned,ACCESS-CM2,separate_available_periods,11.446150708588574,17.261941376507206,5.815790667918632,0.9990231680675062,0.9990231680675062,0.9991539544215919
ssp245,2071-2100,baseline_production,Unassigned,ACCESS-CM2,complete_common_cells,11.46444989037931,17.29427263310972,5.829822742730411,0.996822491592308,,
ssp245,2071-2100,baseline_production,Unassigned,MPI-ESM1-2-HR,positional_pairs,10.893738219772345,12.057619647882797,1.163881428110452,0.9990598015771126,,
ssp245,2071-2100,baseline_production,Unassigned,MPI-ESM1-2-HR,separate_available_periods,10.893738219772345,12.056974291384574,1.1632360716122285,0.9990598015771126,0.9990598015771126,0.9991539453801083
ssp245,2071-2100,baseline_production,Unassigned,MPI-ESM1-2-HR,complete_common_cells,10.912633452876651,12.079659993315794,1.1670265404391422,0.996822491592308,,
ssp245,2071-2100,baseline_production,Unassigned,MRI-ESM2-0,positional_pairs,11.326686442492731,10.364326328160498,-0.9623601143322329,0.9989604020878106,,
ssp245,2071-2100,baseline_production,Unassigned,MRI-ESM2-0,separate_available_periods,11.326686486239147,10.363997116388312,-0.9626893698508354,0.9989604111292941,0.9989604111292941,0.9991288733459571
ssp245,2071-2100,baseline_production,Unassigned,MRI-ESM2-0,complete_common_cells,11.344377925205555,10.382157177853221,-0.9622207473523332,0.996822491592308,,
ssp245,2071-2100,rainfed_production,Europe,ACCESS-CM2,positional_pairs,7.963250206325963,12.314032896455393,4.35078269012943,0.999751055374238,,
ssp245,2071-2100,rainfed_production,Europe,ACCESS-CM2,separate_available_periods,7.963250206325963,12.313071554861944,4.349821348535981,0.999751055374238,0.999751055374238,0.9999175405362672
ssp245,2071-2100,rainfed_production,Europe,ACCESS-CM2,complete_common_cells,8.030464821014581,12.420606714331672,4.390141893317091,0.9895544289526746,,
ssp245,2071-2100,rainfed_production,Europe,MPI-ESM1-2-HR,positional_pairs,6.665983096131728,7.411670670272473,0.7456875741407449,0.9997815231830858,,
ssp245,2071-2100,rainfed_production,Europe,MPI-ESM1-2-HR,separate_available_periods,6.665873631264441,7.411633706666113,0.7457600754016722,0.9998010380660699,0.9998010380660699,0.9998713860112981
ssp245,2071-2100,rainfed_production,Europe,MPI-ESM1-2-HR,complete_common_cells,6.72315034780264,7.476039853700923,0.752889505898283,0.9895544289526746,,
ssp245,2071-2100,rainfed_production,Europe,MRI-ESM2-0,positional_pairs,7.536957583689681,7.8021998377823625,0.26524225409268176,0.9994341582804053,,
ssp245,2071-2100,rainfed_production,Europe,MRI-ESM2-0,separate_available_periods,7.535144720143741,7.802510546697974,0.2673658265542329,0.9996429746801446,0.9996829619107336,0.9996429746801446
ssp245,2071-2100,rainfed_production,Europe,MRI-ESM2-0,complete_common_cells,7.598357723367419,7.866750600676893,0.2683928773094735,0.9895544289526746,,
ssp245,2071-2100,rainfed_production,Alpine,ACCESS-CM2,positional_pairs,10.382040525845529,13.905865457576372,3.523824931730843,0.9933055571508288,,
ssp245,2071-2100,rainfed_production,Alpine,ACCESS-CM2,separate_available_periods,10.382040525845529,13.869094963415906,3.487054437570377,0.9933055571508288,0.9933055571508288,0.9999591364360735
ssp245,2071-2100,rainfed_production,Alpine,ACCESS-CM2,complete_common_cells,10.276689978018233,13.923693279884423,3.6470033018661905,0.9827559627703029,,
ssp245,2071-2100,rainfed_production,Alpine,MPI-ESM1-2-HR,positional_pairs,8.309095655218057,8.323504223125951,0.014408567907894465,0.9939324491406666,,
ssp245,2071-2100,rainfed_production,Alpine,MPI-ESM1-2-HR,separate_available_periods,8.309095655218057,8.318759960354692,0.009664305136634965,0.9939324491406666,0.9939324491406666,0.9984944872818072
ssp245,2071-2100,rainfed_production,Alpine,MPI-ESM1-2-HR,complete_common_cells,8.212897573984876,8.321774949011772,0.10887737502689632,0.9827559627703029,,
ssp245,2071-2100,rainfed_production,Alpine,MRI-ESM2-0,positional_pairs,9.495058061357527,10.548195613925602,1.0531375525680744,0.9936606275170251,,
ssp245,2071-2100,rainfed_production,Alpine,MRI-ESM2-0,separate_available_periods,9.495058072479239,10.557057017296026,1.0619989448167875,0.9936606374942305,0.9936606374942305,0.9985914373191654
ssp245,2071-2100,rainfed_production,Alpine,MRI-ESM2-0,complete_common_cells,9.382182137625247,10.539171164227367,1.1569890266021208,0.9827559627703029,,
ssp245,2071-2100,rainfed_production,Atlantic,ACCESS-CM2,positional_pairs,12.300046856468999,19.01257049233027,6.71252363586127,0.9996518336767977,,
ssp245,2071-2100,rainfed_production,Atlantic,ACCESS-CM2,separate_available_periods,12.300046856468999,19.012389597858466,6.712342741389467,0.9996518336767977,0.9996518336767977,0.9996703011601449
ssp245,2071-2100,rainfed_production,Atlantic,ACCESS-CM2,complete_common_cells,12.300053553335802,19.0128146657206,6.712761112384799,0.9996198476393487,,
ssp245,2071-2100,rainfed_production,Atlantic,MPI-ESM1-2-HR,positional_pairs,11.388514088927007,12.710682341847656,1.3221682529206493,0.9996558563997482,,
ssp245,2071-2100,rainfed_production,Atlantic,MPI-ESM1-2-HR,separate_available_periods,11.388514088927007,12.710585848641689,1.3220717597146816,0.9996558563997482,0.9996558563997482,0.9996699628031208
ssp245,2071-2100,rainfed_production,Atlantic,MPI-ESM1-2-HR,complete_common_cells,11.388458367386907,12.71078957107294,1.3223312036860335,0.9996198476393487,,
ssp245,2071-2100,rainfed_production,Atlantic,MRI-ESM2-0,positional_pairs,12.066255536184173,10.272959418642792,-1.7932961175413809,0.9996528182102176,,
ssp245,2071-2100,rainfed_production,Atlantic,MRI-ESM2-0,separate_available_periods,12.066255972162171,10.27299298654309,-1.7932629856190818,0.9996528686736625,0.9996528686736625,0.9996674782609501
ssp245,2071-2100,rainfed_production,Atlantic,MRI-ESM2-0,complete_common_cells,12.066232918783182,10.273026960187668,-1.7932059585955145,0.9996198476393487,,
ssp245,2071-2100,rainfed_production,Black Sea,ACCESS-CM2,positional_pairs,8.145557194965434,10.531989886041886,2.386432691076452,1.0,,
ssp245,2071-2100,rainfed_production,Black Sea,ACCESS-CM2,separate_available_periods,8.145557194965434,10.531989886041886,2.386432691076452,1.0,1.0,1.0
ssp245,2071-2100,rainfed_production,Black Sea,ACCESS-CM2,complete_common_cells,8.145557194965434,10.531989886041886,2.386432691076452,1.0,,
ssp245,2071-2100,rainfed_production,Black Sea,MPI-ESM1-2-HR,positional_pairs,7.361917316194029,6.070127092423561,-1.2917902237704686,1.0,,
ssp245,2071-2100,rainfed_production,Black Sea,MPI-ESM1-2-HR,separate_available_periods,7.361917316194029,6.070127092423561,-1.2917902237704686,1.0,1.0,1.0
ssp245,2071-2100,rainfed_production,Black Sea,MPI-ESM1-2-HR,complete_common_cells,7.361917316194029,6.070127092423561,-1.2917902237704686,1.0,,
ssp245,2071-2100,rainfed_production,Black Sea,MRI-ESM2-0,positional_pairs,8.662834608279375,8.561610472327294,-0.1012241359520818,1.0,,
ssp245,2071-2100,rainfed_production,Black Sea,MRI-ESM2-0,separate_available_periods,8.662834608279375,8.561610472327294,-0.1012241359520818,1.0,1.0,1.0
ssp245,2071-2100,rainfed_production,Black Sea,MRI-ESM2-0,complete_common_cells,8.662834608279375,8.561610472327294,-0.1012241359520818,1.0,,
ssp245,2071-2100,rainfed_production,Boreal,ACCESS-CM2,positional_pairs,5.941017630401365,13.044319452290797,7.103301821889431,0.9993302801728571,,
ssp245,2071-2100,rainfed_production,Boreal,ACCESS-CM2,separate_available_periods,5.941017630401365,13.036229251093316,7.09521162069195,0.9993302801728571,0.9993302801728571,0.9999999999999999
ssp245,2071-2100,rainfed_production,Boreal,ACCESS-CM2,complete_common_cells,6.052151956207915,13.370885332226836,7.318733376018921,0.9651715193498897,,
ssp245,2071-2100,rainfed_production,Boreal,MPI-ESM1-2-HR,positional_pairs,5.034277036360888,7.3520150945221445,2.3177380581612566,0.9999429363978107,,
ssp245,2071-2100,rainfed_production,Boreal,MPI-ESM1-2-HR,separate_available_periods,5.034277036360888,7.3516868842301415,2.3174098478692535,0.9999429363978107,0.9999429363978107,0.9999999999999999
ssp245,2071-2100,rainfed_production,Boreal,MPI-ESM1-2-HR,complete_common_cells,5.137049202441653,7.547075433742007,2.410026231300354,0.9651715193498897,,
ssp245,2071-2100,rainfed_production,Boreal,MRI-ESM2-0,positional_pairs,5.37354163347327,7.4830925358617835,2.1095509023885137,0.9981196340257644,,
ssp245,2071-2100,rainfed_production,Boreal,MRI-ESM2-0,separate_available_periods,5.3735421005635144,7.481901444394246,2.108359343830732,0.9981198002187865,0.9981198002187865,0.9999970911667915
ssp245,2071-2100,rainfed_production,Boreal,MRI-ESM2-0,complete_common_cells,5.464859726895707,7.664598839560393,2.1997391126646857,0.9651715193498897,,
ssp245,2071-2100,rainfed_production,Continental,ACCESS-CM2,positional_pairs,8.103586572156873,12.742301921492315,4.638715349335442,1.0,,
ssp245,2071-2100,rainfed_production,Continental,ACCESS-CM2,separate_available_periods,8.103586572156873,12.742301921492315,4.638715349335442,1.0,1.0,1.0
ssp245,2071-2100,rainfed_production,Continental,ACCESS-CM2,complete_common_cells,8.104228350924762,12.743281045426949,4.639052694502187,0.9999125454505909,,
ssp245,2071-2100,rainfed_production,Continental,MPI-ESM1-2-HR,positional_pairs,6.52550513217795,7.398716907973885,0.8732117757959346,1.0,,
ssp245,2071-2100,rainfed_production,Continental,MPI-ESM1-2-HR,separate_available_periods,6.52550513217795,7.398716907973885,0.8732117757959346,1.0,1.0,1.0
ssp245,2071-2100,rainfed_production,Continental,MPI-ESM1-2-HR,complete_common_cells,6.526020662753106,7.399269840443239,0.8732491776901332,0.9999125454505909,,
ssp245,2071-2100,rainfed_production,Continental,MRI-ESM2-0,positional_pairs,7.338271030937885,8.239078214361806,0.9008071834239209,0.999997084848353,,
ssp245,2071-2100,rainfed_production,Continental,MRI-ESM2-0,separate_available_periods,7.33825008436957,8.239078214361806,0.9008281299922354,0.999997084848353,1.0,0.999997084848353
ssp245,2071-2100,rainfed_production,Continental,MRI-ESM2-0,complete_common_cells,7.338835905972938,8.239699139019123,0.9008632330461852,0.9999125454505909,,
ssp245,2071-2100,rainfed_production,Mediterranean,ACCESS-CM2,positional_pairs,6.8940382992973595,9.636534540881584,2.7424962415842247,1.0,,
ssp245,2071-2100,rainfed_production,Mediterranean,ACCESS-CM2,separate_available_periods,6.8940382992973595,9.636534540881584,2.7424962415842247,1.0,1.0,1.0
ssp245,2071-2100,rainfed_production,Mediterranean,ACCESS-CM2,complete_common_cells,6.8940382992973595,9.636534540881584,2.7424962415842247,1.0,,
ssp245,2071-2100,rainfed_production,Mediterranean,MPI-ESM1-2-HR,positional_pairs,5.947228139110141,4.77755745284572,-1.1696706862644213,1.0,,
ssp245,2071-2100,rainfed_production,Mediterranean,MPI-ESM1-2-HR,separate_available_periods,5.947228139110141,4.77755745284572,-1.1696706862644213,1.0,1.0,1.0
ssp245,2071-2100,rainfed_production,Mediterranean,MPI-ESM1-2-HR,complete_common_cells,5.947228139110141,4.77755745284572,-1.1696706862644213,1.0,,
ssp245,2071-2100,rainfed_production,Mediterranean,MRI-ESM2-0,positional_pairs,6.80122999912205,5.995667247093096,-0.8055627520289539,1.0,,
ssp245,2071-2100,rainfed_production,Mediterranean,MRI-ESM2-0,separate_available_periods,6.80122999912205,5.995667247093096,-0.8055627520289539,1.0,1.0,1.0
ssp245,2071-2100,rainfed_production,Mediterranean,MRI-ESM2-0,complete_common_cells,6.80122999912205,5.995667247093096,-0.8055627520289539,1.0,,
ssp245,2071-2100,rainfed_production,Outside EEA regions,ACCESS-CM2,positional_pairs,2.6194032596708805,4.52404656322571,1.9046433035548294,1.0000000000000002,,
ssp245,2071-2100,rainfed_production,Outside EEA regions,ACCESS-CM2,separate_available_periods,2.6194032596708805,4.52404656322571,1.9046433035548294,1.0000000000000002,1.0000000000000002,1.0000000000000002
ssp245,2071-2100,rainfed_production,Outside EEA regions,ACCESS-CM2,complete_common_cells,2.664686898374391,4.597817316555716,1.933130418181325,0.9811927697090064,,
ssp245,2071-2100,rainfed_production,Outside EEA regions,MPI-ESM1-2-HR,positional_pairs,1.9334530169542008,2.205489479388691,0.2720364624344902,0.9993730923236338,,
ssp245,2071-2100,rainfed_production,Outside EEA regions,MPI-ESM1-2-HR,separate_available_periods,1.9327471837142507,2.205489479388691,0.2727422956744403,0.9993730923236338,1.0000000000000002,0.9993730923236338
ssp245,2071-2100,rainfed_production,Outside EEA regions,MPI-ESM1-2-HR,complete_common_cells,1.9653616483785243,2.2392050784470974,0.27384343006857303,0.9811927697090064,,
ssp245,2071-2100,rainfed_production,Outside EEA regions,MRI-ESM2-0,positional_pairs,2.0985199538410275,2.4869612290443937,0.38844127520336613,0.9993773453104573,,
ssp245,2071-2100,rainfed_production,Outside EEA regions,MRI-ESM2-0,separate_available_periods,2.0973681917343794,2.4869612290443937,0.38959303731001427,0.9993773453104573,1.0000000000000002,0.9993773453104573
ssp245,2071-2100,rainfed_production,Outside EEA regions,MRI-ESM2-0,complete_common_cells,2.1310710357866305,2.5235324669836925,0.392461431197062,0.9811927697090064,,
ssp245,2071-2100,rainfed_production,Pannonian,ACCESS-CM2,positional_pairs,7.761743241106743,12.274965437150655,4.5132221960439125,1.0,,
ssp245,2071-2100,rainfed_production,Pannonian,ACCESS-CM2,separate_available_periods,7.761743241106743,12.274965437150655,4.5132221960439125,1.0,1.0,1.0
ssp245,2071-2100,rainfed_production,Pannonian,ACCESS-CM2,complete_common_cells,7.761743241106743,12.274965437150655,4.5132221960439125,1.0,,
ssp245,2071-2100,rainfed_production,Pannonian,MPI-ESM1-2-HR,positional_pairs,5.89192155686214,6.565804885968058,0.6738833291059176,1.0,,
ssp245,2071-2100,rainfed_production,Pannonian,MPI-ESM1-2-HR,separate_available_periods,5.89192155686214,6.565804885968058,0.6738833291059176,1.0,1.0,1.0
ssp245,2071-2100,rainfed_production,Pannonian,MPI-ESM1-2-HR,complete_common_cells,5.89192155686214,6.565804885968058,0.6738833291059176,1.0,,
ssp245,2071-2100,rainfed_production,Pannonian,MRI-ESM2-0,positional_pairs,7.826998800678792,8.927221085860372,1.1002222851815802,1.0,,
ssp245,2071-2100,rainfed_production,Pannonian,MRI-ESM2-0,separate_available_periods,7.826998800678792,8.927221085860372,1.1002222851815802,1.0,1.0,1.0
ssp245,2071-2100,rainfed_production,Pannonian,MRI-ESM2-0,complete_common_cells,7.826998800678792,8.927221085860372,1.1002222851815802,1.0,,
ssp245,2071-2100,rainfed_production,Steppic,ACCESS-CM2,positional_pairs,4.064460093628588,5.0322317555395,0.9677716619109118,0.9999346326558585,,
ssp245,2071-2100,rainfed_production,Steppic,ACCESS-CM2,separate_available_periods,4.064460093628588,5.0322317555395,0.9677716619109118,0.9999346326558585,0.9999346326558585,0.9999346326558585
ssp245,2071-2100,rainfed_production,Steppic,ACCESS-CM2,complete_common_cells,4.212486125385614,5.195598868387965,0.9831127430023505,0.958831273839226,,
ssp245,2071-2100,rainfed_production,Steppic,MPI-ESM1-2-HR,positional_pairs,2.9679246728412703,2.963938432190483,-0.003986240650787121,0.9998352549924734,,
ssp245,2071-2100,rainfed_production,Steppic,MPI-ESM1-2-HR,separate_available_periods,2.967735604859417,2.963938432190483,-0.003797172668933868,0.9998352549924734,0.9999346326558585,0.9998352549924734
ssp245,2071-2100,rainfed_production,Steppic,MPI-ESM1-2-HR,complete_common_cells,3.076287750783116,3.057311590322906,-0.01897616046020989,0.958831273839226,,
ssp245,2071-2100,rainfed_production,Steppic,MRI-ESM2-0,positional_pairs,4.113750353522446,4.399553162397449,0.28580280887500376,0.998638435006567,,
ssp245,2071-2100,rainfed_production,Steppic,MRI-ESM2-0,separate_available_periods,4.108744923970748,4.399553162397449,0.29080823842670167,0.998638435006567,0.9999346326558585,0.998638435006567
ssp245,2071-2100,rainfed_production,Steppic,MRI-ESM2-0,complete_common_cells,4.261567663876013,4.546870072818126,0.2853024089421128,0.958831273839226,,
ssp245,2071-2100,rainfed_production,Unassigned,ACCESS-CM2,positional_pairs,11.457022060109221,17.306715157279708,5.849693097170487,0.9990066128425973,,
ssp245,2071-2100,rainfed_production,Unassigned,ACCESS-CM2,separate_available_periods,11.457022060109221,17.305028045450516,5.848005985341295,0.9990066128425973,0.9990066128425973,0.9991396157473861
ssp245,2071-2100,rainfed_production,Unassigned,ACCESS-CM2,complete_common_cells,11.475656788199782,17.33801151312365,5.862354724923868,0.9967686395788861,,
ssp245,2071-2100,rainfed_production,Unassigned,MPI-ESM1-2-HR,positional_pairs,10.928023286873325,12.108699741374407,1.1806764545010822,0.9990438672123237,,
ssp245,2071-2100,rainfed_production,Unassigned,MPI-ESM1-2-HR,separate_available_periods,10.928023286873325,12.10803854345099,1.180015256577665,0.9990438672123237,0.9990438672123237,0.9991396065526686
ssp245,2071-2100,rainfed_production,Unassigned,MPI-ESM1-2-HR,complete_common_cells,10.947318051377213,12.131231430362043,1.1839133789848297,0.9967686395788861,,
ssp245,2071-2100,rainfed_production,Unassigned,MRI-ESM2-0,positional_pairs,11.343656092704284,10.356762161027877,-0.9868939316764074,0.9989427831129606,,
ssp245,2071-2100,rainfed_production,Unassigned,MRI-ESM2-0,separate_available_periods,11.343656137036698,10.356428661960033,-0.987227475076665,0.998942792307678,0.998942792307678,0.9991141096008315
ssp245,2071-2100,rainfed_production,Unassigned,MRI-ESM2-0,complete_common_cells,11.361685394514748,10.374879686489436,-0.9868057080253116,0.9967686395788861,,
ssp585,2031-2060,harvested_area,Europe,ACCESS-CM2,positional_pairs,6.890956838503996,8.542744206338261,1.651787367834265,0.9996522730279915,,
ssp585,2031-2060,harvested_area,Europe,ACCESS-CM2,separate_available_periods,6.890956823825264,8.542624306845527,1.6516674830202627,0.9996522755685777,0.9996522755685777,0.9998976179338003
ssp585,2031-2060,harvested_area,Europe,ACCESS-CM2,complete_common_cells,6.898424537995921,8.558039615161569,1.6596150771656477,0.9966546365428527,,
ssp585,2031-2060,harvested_area,Europe,MPI-ESM1-2-HR,positional_pairs,5.6095180995677625,6.892610322012222,1.2830922224444592,0.9997491449713488,,
ssp585,2031-2060,harvested_area,Europe,MPI-ESM1-2-HR,separate_available_periods,5.609521571617766,6.892804623755611,1.2832830521378442,0.9997501069977296,0.9997501069977296,0.9998500850412465
ssp585,2031-2060,harvested_area,Europe,MPI-ESM1-2-HR,complete_common_cells,5.615587563268919,6.905472156483933,1.2898845932150138,0.9966546365428527,,
ssp585,2031-2060,harvested_area,Europe,MRI-ESM2-0,positional_pairs,6.3852418039206205,8.02876034736055,1.6435185434399289,0.9995842331053544,,
ssp585,2031-2060,harvested_area,Europe,MRI-ESM2-0,separate_available_periods,6.3852418039206205,8.028600205143656,1.6433584012230353,0.9995842331053544,0.9995842331053544,0.9998901023591077
ssp585,2031-2060,harvested_area,Europe,MRI-ESM2-0,complete_common_cells,6.391381287549632,8.042388102775433,1.6510068152258013,0.9966546365428527,,
ssp585,2031-2060,harvested_area,Alpine,ACCESS-CM2,positional_pairs,10.365403568802728,11.305481607019491,0.9400780382167628,0.9904337367828167,,
ssp585,2031-2060,harvested_area,Alpine,ACCESS-CM2,separate_available_periods,10.365403563768878,11.307786678726403,0.9423831149575257,0.9904337501713206,0.9904337501713206,0.9983084863909651
ssp585,2031-2060,harvested_area,Alpine,ACCESS-CM2,complete_common_cells,10.212511704988167,11.290632495816446,1.0781207908282795,0.9759008052983413,,
ssp585,2031-2060,harvested_area,Alpine,MPI-ESM1-2-HR,positional_pairs,8.300709751945202,9.783693877315319,1.4829841253701161,0.9911920001635569,,
ssp585,2031-2060,harvested_area,Alpine,MPI-ESM1-2-HR,separate_available_periods,8.300785522341124,9.783601636409896,1.482816114068772,0.991224790999022,0.991224790999022,0.9957647021778048
ssp585,2031-2060,harvested_area,Alpine,MPI-ESM1-2-HR,complete_common_cells,8.158241666576805,9.771910026949282,1.6136683603724773,0.9759008052983413,,
ssp585,2031-2060,harvested_area,Alpine,MRI-ESM2-0,positional_pairs,9.290088942266324,11.590572610300782,2.300483668034458,0.9906826367732621,,
ssp585,2031-2060,harvested_area,Alpine,MRI-ESM2-0,separate_available_periods,9.290088942266324,11.60990264443068,2.319813702164355,0.9906826367732621,0.9906826367732621,0.9978999900167871
ssp585,2031-2060,harvested_area,Alpine,MRI-ESM2-0,complete_common_cells,9.1381272382252,11.57933800683829,2.4412107686130895,0.9759008052983413,,
ssp585,2031-2060,harvested_area,Atlantic,ACCESS-CM2,positional_pairs,12.677376546564087,17.686032381447692,5.008655834883605,0.9996729034947146,,
ssp585,2031-2060,harvested_area,Atlantic,ACCESS-CM2,separate_available_periods,12.677376546564087,17.685710799553398,5.008334252989311,0.9996729034947146,0.9996729034947146,0.9997200896200197
ssp585,2031-2060,harvested_area,Atlantic,ACCESS-CM2,complete_common_cells,12.677514907621775,17.686421885123753,5.008906977501978,0.9995756333900032,,
ssp585,2031-2060,harvested_area,Atlantic,MPI-ESM1-2-HR,positional_pairs,11.672445582931275,14.079744462931135,2.4072988799998605,0.9996755817046578,,
ssp585,2031-2060,harvested_area,Atlantic,MPI-ESM1-2-HR,separate_available_periods,11.672447026873044,14.079494843693123,2.4070478168200786,0.9996762238714684,0.9996762238714684,0.9997169302040055
ssp585,2031-2060,harvested_area,Atlantic,MPI-ESM1-2-HR,complete_common_cells,11.672422949758666,14.079974977339537,2.4075520275808717,0.9995756333900032,,
ssp585,2031-2060,harvested_area,Atlantic,MRI-ESM2-0,positional_pairs,11.77235056450742,11.100028409222489,-0.672322155284931,0.9996738575231686,,
ssp585,2031-2060,harvested_area,Atlantic,MRI-ESM2-0,separate_available_periods,11.77235056450742,11.09995698697424,-0.67239357753318,0.9996738575231686,0.9996738575231686,0.9997193334392358
ssp585,2031-2060,harvested_area,Atlantic,MRI-ESM2-0,complete_common_cells,11.772357668050955,11.100093966812116,-0.6722637012388386,0.9995756333900032,,
ssp585,2031-2060,harvested_area,Black Sea,ACCESS-CM2,positional_pairs,7.882203106228382,8.997643709043697,1.1154406028153145,1.0,,
ssp585,2031-2060,harvested_area,Black Sea,ACCESS-CM2,separate_available_periods,7.882203106228382,8.997643709043697,1.1154406028153145,1.0,1.0,1.0
ssp585,2031-2060,harvested_area,Black Sea,ACCESS-CM2,complete_common_cells,7.882203106228382,8.997643709043697,1.1154406028153145,1.0,,
ssp585,2031-2060,harvested_area,Black Sea,MPI-ESM1-2-HR,positional_pairs,6.91111597648036,5.691015307510986,-1.2201006689693745,1.0,,
ssp585,2031-2060,harvested_area,Black Sea,MPI-ESM1-2-HR,separate_available_periods,6.91111597648036,5.691015307510986,-1.2201006689693745,1.0,1.0,1.0
ssp585,2031-2060,harvested_area,Black Sea,MPI-ESM1-2-HR,complete_common_cells,6.91111597648036,5.691015307510986,-1.2201006689693745,1.0,,
ssp585,2031-2060,harvested_area,Black Sea,MRI-ESM2-0,positional_pairs,8.101180238098301,11.935306948101845,3.8341267100035434,1.0,,
ssp585,2031-2060,harvested_area,Black Sea,MRI-ESM2-0,separate_available_periods,8.101180238098301,11.935306948101845,3.8341267100035434,1.0,1.0,1.0
ssp585,2031-2060,harvested_area,Black Sea,MRI-ESM2-0,complete_common_cells,8.101180238098301,11.935306948101845,3.8341267100035434,1.0,,
ssp585,2031-2060,harvested_area,Boreal,ACCESS-CM2,positional_pairs,5.712394984622883,10.237025192262898,4.524630207640015,0.9984636300863218,,
ssp585,2031-2060,harvested_area,Boreal,ACCESS-CM2,separate_available_periods,5.712394984622883,10.225128789124073,4.512733804501189,0.9984636300863218,0.9984636300863218,0.9999952778655872
ssp585,2031-2060,harvested_area,Boreal,ACCESS-CM2,complete_common_cells,5.846897195760749,10.59085413954047,4.743956943779721,0.9545268039601505,,
ssp585,2031-2060,harvested_area,Boreal,MPI-ESM1-2-HR,positional_pairs,4.9276592146191645,7.659190264023908,2.731531049404744,0.9998085584538314,,
ssp585,2031-2060,harvested_area,Boreal,MPI-ESM1-2-HR,separate_available_periods,4.927659276112878,7.658213081820814,2.7305538057079364,0.9998126153290015,0.9998126153290015,0.9999873429916807
ssp585,2031-2060,harvested_area,Boreal,MPI-ESM1-2-HR,complete_common_cells,5.054957626790274,7.931112866207238,2.8761552394169643,0.9545268039601505,,
ssp585,2031-2060,harvested_area,Boreal,MRI-ESM2-0,positional_pairs,5.429700688543929,8.079966488674007,2.650265800130078,0.9972894451847887,,
ssp585,2031-2060,harvested_area,Boreal,MRI-ESM2-0,separate_available_periods,5.429700688543929,8.06375257111331,2.6340518825693815,0.9972894451847887,0.9972894451847887,0.9999956758152666
ssp585,2031-2060,harvested_area,Boreal,MRI-ESM2-0,complete_common_cells,5.550774736472456,8.332304039305527,2.7815293028330705,0.9545268039601505,,
ssp585,2031-2060,harvested_area,Continental,ACCESS-CM2,positional_pairs,7.252209887857788,9.2317096906171,1.979499802759312,1.0,,
ssp585,2031-2060,harvested_area,Continental,ACCESS-CM2,separate_available_periods,7.252209887857788,9.2317096906171,1.979499802759312,1.0,1.0,1.0
ssp585,2031-2060,harvested_area,Continental,ACCESS-CM2,complete_common_cells,7.252209887857788,9.2317096906171,1.979499802759312,1.0,,
ssp585,2031-2060,harvested_area,Continental,MPI-ESM1-2-HR,positional_pairs,5.656580208929874,7.307507986274963,1.650927777345089,1.0,,
ssp585,2031-2060,harvested_area,Continental,MPI-ESM1-2-HR,separate_available_periods,5.656580208929874,7.307507986274963,1.650927777345089,1.0,1.0,1.0
ssp585,2031-2060,harvested_area,Continental,MPI-ESM1-2-HR,complete_common_cells,5.656580208929874,7.307507986274963,1.650927777345089,1.0,,
ssp585,2031-2060,harvested_area,Continental,MRI-ESM2-0,positional_pairs,6.470268244931495,8.505020389999245,2.03475214506775,1.0,,
ssp585,2031-2060,harvested_area,Continental,MRI-ESM2-0,separate_available_periods,6.470268244931495,8.505020389999245,2.03475214506775,1.0,1.0,1.0
ssp585,2031-2060,harvested_area,Continental,MRI-ESM2-0,complete_common_cells,6.470268244931495,8.505020389999245,2.03475214506775,1.0,,
ssp585,2031-2060,harvested_area,Mediterranean,ACCESS-CM2,positional_pairs,7.392425262443888,6.759676529298042,-0.6327487331458466,1.0,,
ssp585,2031-2060,harvested_area,Mediterranean,ACCESS-CM2,separate_available_periods,7.392425262443888,6.759676529298042,-0.6327487331458466,1.0,1.0,1.0
ssp585,2031-2060,harvested_area,Mediterranean,ACCESS-CM2,complete_common_cells,7.392425262443888,6.759676529298042,-0.6327487331458466,1.0,,
ssp585,2031-2060,harvested_area,Mediterranean,MPI-ESM1-2-HR,positional_pairs,6.070821181825614,5.451562100768192,-0.6192590810574217,1.0,,
ssp585,2031-2060,harvested_area,Mediterranean,MPI-ESM1-2-HR,separate_available_periods,6.070821181825614,5.451562100768192,-0.6192590810574217,1.0,1.0,1.0
ssp585,2031-2060,harvested_area,Mediterranean,MPI-ESM1-2-HR,complete_common_cells,6.070821181825614,5.451562100768192,-0.6192590810574217,1.0,,
ssp585,2031-2060,harvested_area,Mediterranean,MRI-ESM2-0,positional_pairs,6.692051262883768,7.2954998396303905,0.6034485767466222,1.0,,
ssp585,2031-2060,harvested_area,Mediterranean,MRI-ESM2-0,separate_available_periods,6.692051262883768,7.2954998396303905,0.6034485767466222,1.0,1.0,1.0
ssp585,2031-2060,harvested_area,Mediterranean,MRI-ESM2-0,complete_common_cells,6.692051262883768,7.2954998396303905,0.6034485767466222,1.0,,
ssp585,2031-2060,harvested_area,Outside EEA regions,ACCESS-CM2,positional_pairs,2.2603337244384183,2.1627395069208424,-0.09759421751757591,0.9999985232903746,,
ssp585,2031-2060,harvested_area,Outside EEA regions,ACCESS-CM2,separate_available_periods,2.260330633866731,2.1627395069208424,-0.09759112694588845,0.9999985232903746,1.0000000000000002,0.9999985232903746
ssp585,2031-2060,harvested_area,Outside EEA regions,ACCESS-CM2,complete_common_cells,2.2604237668382563,2.1628245692473276,-0.09759919759092872,0.9999556987112388,,
ssp585,2031-2060,harvested_area,Outside EEA regions,MPI-ESM1-2-HR,positional_pairs,1.4714900255177423,1.8465036619629498,0.37501363644520747,1.0000000000000002,,
ssp585,2031-2060,harvested_area,Outside EEA regions,MPI-ESM1-2-HR,separate_available_periods,1.4714900255177423,1.8465036619629498,0.37501363644520747,1.0000000000000002,1.0000000000000002,1.0000000000000002
ssp585,2031-2060,harvested_area,Outside EEA regions,MPI-ESM1-2-HR,complete_common_cells,1.4715498700117924,1.846579166365721,0.37502929635392857,0.9999556987112388,,
ssp585,2031-2060,harvested_area,Outside EEA regions,MRI-ESM2-0,positional_pairs,1.9157467661359744,2.317129049870579,0.40138228373460483,1.0000000000000002,,
ssp585,2031-2060,harvested_area,Outside EEA regions,MRI-ESM2-0,separate_available_periods,1.9157467661359744,2.317129049870579,0.40138228373460483,1.0000000000000002,1.0000000000000002,1.0000000000000002
ssp585,2031-2060,harvested_area,Outside EEA regions,MRI-ESM2-0,complete_common_cells,1.9158238972997779,2.317209652130371,0.40138575483059324,0.9999556987112388,,
ssp585,2031-2060,harvested_area,Pannonian,ACCESS-CM2,positional_pairs,7.806096961536754,9.580118933600465,1.7740219720637107,1.0,,
ssp585,2031-2060,harvested_area,Pannonian,ACCESS-CM2,separate_available_periods,7.806096961536754,9.580118933600465,1.7740219720637107,1.0,1.0,1.0
ssp585,2031-2060,harvested_area,Pannonian,ACCESS-CM2,complete_common_cells,7.806096961536754,9.580118933600465,1.7740219720637107,1.0,,
ssp585,2031-2060,harvested_area,Pannonian,MPI-ESM1-2-HR,positional_pairs,5.92956045309089,8.43420553996696,2.504645086876071,1.0,,
ssp585,2031-2060,harvested_area,Pannonian,MPI-ESM1-2-HR,separate_available_periods,5.92956045309089,8.43420553996696,2.504645086876071,1.0,1.0,1.0
ssp585,2031-2060,harvested_area,Pannonian,MPI-ESM1-2-HR,complete_common_cells,5.92956045309089,8.43420553996696,2.504645086876071,1.0,,
ssp585,2031-2060,harvested_area,Pannonian,MRI-ESM2-0,positional_pairs,7.644291626103295,10.894592511018404,3.2503008849151085,1.0,,
ssp585,2031-2060,harvested_area,Pannonian,MRI-ESM2-0,separate_available_periods,7.644291626103295,10.894592511018404,3.2503008849151085,1.0,1.0,1.0
ssp585,2031-2060,harvested_area,Pannonian,MRI-ESM2-0,complete_common_cells,7.644291626103295,10.894592511018404,3.2503008849151085,1.0,,
ssp585,2031-2060,harvested_area,Steppic,ACCESS-CM2,positional_pairs,3.7061019320134245,3.448577462649756,-0.25752446936366846,0.9998913582596575,,
ssp585,2031-2060,harvested_area,Steppic,ACCESS-CM2,separate_available_periods,3.7061019320134245,3.448577462649756,-0.25752446936366846,0.9998913582596575,0.9998913582596575,0.9998913582596575
ssp585,2031-2060,harvested_area,Steppic,ACCESS-CM2,complete_common_cells,3.7061019320134245,3.448577462649756,-0.25752446936366846,0.9998913582596575,,
ssp585,2031-2060,harvested_area,Steppic,MPI-ESM1-2-HR,positional_pairs,2.800756949817439,3.093142090142815,0.29238514032537566,0.9998913582596575,,
ssp585,2031-2060,harvested_area,Steppic,MPI-ESM1-2-HR,separate_available_periods,2.800756949817439,3.093142090142815,0.29238514032537566,0.9998913582596575,0.9998913582596575,0.9998913582596575
ssp585,2031-2060,harvested_area,Steppic,MPI-ESM1-2-HR,complete_common_cells,2.800756949817439,3.093142090142815,0.29238514032537566,0.9998913582596575,,
ssp585,2031-2060,harvested_area,Steppic,MRI-ESM2-0,positional_pairs,3.7757434074462473,5.556540254474858,1.7807968470286109,0.9998913582596575,,
ssp585,2031-2060,harvested_area,Steppic,MRI-ESM2-0,separate_available_periods,3.7757434074462473,5.556540254474858,1.7807968470286109,0.9998913582596575,0.9998913582596575,0.9998913582596575
ssp585,2031-2060,harvested_area,Steppic,MRI-ESM2-0,complete_common_cells,3.7757434074462473,5.556540254474858,1.7807968470286109,0.9998913582596575,,
ssp585,2031-2060,harvested_area,Unassigned,ACCESS-CM2,positional_pairs,11.196877952317253,13.870032604856734,2.6731546525394805,0.9984524390002029,,
ssp585,2031-2060,harvested_area,Unassigned,ACCESS-CM2,separate_available_periods,11.196877952317253,13.867779551248157,2.6709015989309037,0.9984524390002029,0.9984524390002029,0.9987606941183762
ssp585,2031-2060,harvested_area,Unassigned,ACCESS-CM2,complete_common_cells,11.236913088275353,13.925222902858835,2.688309814583482,0.9935407168338015,,
ssp585,2031-2060,harvested_area,Unassigned,MPI-ESM1-2-HR,positional_pairs,10.432015202576942,11.239175115593973,0.8071599130170313,0.9985337994862339,,
ssp585,2031-2060,harvested_area,Unassigned,MPI-ESM1-2-HR,separate_available_periods,10.431997499143161,11.23825485595291,0.8062573568097484,0.9985389376670094,0.9985389376670094,0.9987442147792066
ssp585,2031-2060,harvested_area,Unassigned,MPI-ESM1-2-HR,complete_common_cells,10.470953485031401,11.282506237215012,0.8115527521836103,0.9935407168338015,,
ssp585,2031-2060,harvested_area,Unassigned,MRI-ESM2-0,positional_pairs,10.681770040217113,11.383080397034702,0.7013103568175882,0.9983224623186844,,
ssp585,2031-2060,harvested_area,Unassigned,MRI-ESM2-0,separate_available_periods,10.681770040217113,11.3802965873752,0.698526547158087,0.9983224623186844,0.9983224623186844,0.9987628237121304
ssp585,2031-2060,harvested_area,Unassigned,MRI-ESM2-0,complete_common_cells,10.718769411209374,11.425096322428505,0.706326911219131,0.9935407168338015,,
ssp585,2031-2060,baseline_production,Europe,ACCESS-CM2,positional_pairs,7.984355296119559,10.416557570042906,2.4322022739233473,0.999728519955228,,
ssp585,2031-2060,baseline_production,Europe,ACCESS-CM2,separate_available_periods,7.984355294502374,10.416062377909613,2.4317070834072387,0.9997285202486962,0.9997285202486962,0.9998993655644592
ssp585,2031-2060,baseline_production,Europe,ACCESS-CM2,complete_common_cells,7.993039196415317,10.432847199699983,2.439808003284666,0.99743149362412,,
ssp585,2031-2060,baseline_production,Europe,MPI-ESM1-2-HR,positional_pairs,6.664369140241623,8.25323486911595,1.5888657288743264,0.9997993691622246,,
ssp585,2031-2060,baseline_production,Europe,MPI-ESM1-2-HR,separate_available_periods,6.664370364383673,8.253223645225287,1.5888532808416134,0.9997997975860186,0.9997997975860186,0.9998679353006426
ssp585,2031-2060,baseline_production,Europe,MPI-ESM1-2-HR,complete_common_cells,6.671883480063458,8.266544290658816,1.5946608105953581,0.99743149362412,,
ssp585,2031-2060,baseline_production,Europe,MRI-ESM2-0,positional_pairs,7.339709917330594,8.827006167387072,1.4872962500564784,0.9996727910000618,,
ssp585,2031-2060,baseline_production,Europe,MRI-ESM2-0,separate_available_periods,7.339709917330594,8.826561013132109,1.4868510958015149,0.9996727910000618,0.9996727910000618,0.9998946807999501
ssp585,2031-2060,baseline_production,Europe,MRI-ESM2-0,complete_common_cells,7.346964164232501,8.83944942268876,1.4924852584562593,0.99743149362412,,
ssp585,2031-2060,baseline_production,Alpine,ACCESS-CM2,positional_pairs,10.31510298210481,11.404423035342296,1.0893200532374863,0.9933735837507255,,
ssp585,2031-2060,baseline_production,Alpine,ACCESS-CM2,separate_available_periods,10.315102980880818,11.4003213201023,1.0852183392214823,0.9933735875257494,0.9933735875257494,0.998933045328472
ssp585,2031-2060,baseline_production,Alpine,ACCESS-CM2,complete_common_cells,10.209096449075057,11.401823143086842,1.1927266940117853,0.9829934380564572,,
ssp585,2031-2060,baseline_production,Alpine,MPI-ESM1-2-HR,positional_pairs,8.255835935110742,9.89560512682236,1.6397691917116184,0.9939656201941242,,
ssp585,2031-2060,baseline_production,Alpine,MPI-ESM1-2-HR,separate_available_periods,8.25587415811834,9.891398309786679,1.6355241516683385,0.993982116012375,0.993982116012375,0.9972272414164219
ssp585,2031-2060,baseline_production,Alpine,MPI-ESM1-2-HR,complete_common_cells,8.153324768971405,9.891500590931967,1.7381758219605619,0.9829934380564572,,
ssp585,2031-2060,baseline_production,Alpine,MRI-ESM2-0,positional_pairs,9.197735885349655,11.497337098428485,2.29960121307883,0.993510027316988,,
ssp585,2031-2060,baseline_production,Alpine,MRI-ESM2-0,separate_available_periods,9.197735885349655,11.504828967604851,2.3070930822551965,0.993510027316988,0.993510027316988,0.9986740279839867
ssp585,2031-2060,baseline_production,Alpine,MRI-ESM2-0,complete_common_cells,9.08980004680257,11.493612792816194,2.4038127460136245,0.9829934380564572,,
ssp585,2031-2060,baseline_production,Atlantic,ACCESS-CM2,positional_pairs,12.481072179669987,17.66286472313919,5.181792543469204,0.9996587326547738,,
ssp585,2031-2060,baseline_production,Atlantic,ACCESS-CM2,separate_available_periods,12.481072179669987,17.66275380038655,5.181681620716564,0.9996587326547738,0.9996587326547738,0.9996764068940963
ssp585,2031-2060,baseline_production,Atlantic,ACCESS-CM2,complete_common_cells,12.481112448983357,17.663002215984353,5.181889767000996,0.9996225907050794,,
ssp585,2031-2060,baseline_production,Atlantic,MPI-ESM1-2-HR,positional_pairs,11.499074272995193,13.963957834042324,2.464883561047131,0.9996600650755125,,
ssp585,2031-2060,baseline_production,Atlantic,MPI-ESM1-2-HR,separate_available_periods,11.499074641702316,13.96386935475739,2.464794713055074,0.9996602548445248,0.9996602548445248,0.9996754819010005
ssp585,2031-2060,baseline_production,Atlantic,MPI-ESM1-2-HR,complete_common_cells,11.49904130481239,13.964038265527497,2.4649969607151068,0.9996225907050794,,
ssp585,2031-2060,baseline_production,Atlantic,MRI-ESM2-0,positional_pairs,11.58132987912602,10.992121184314941,-0.5892086948110791,0.9996593619282149,,
ssp585,2031-2060,baseline_production,Atlantic,MRI-ESM2-0,separate_available_periods,11.58132987912602,10.99209638570454,-0.5892334934214798,0.9996593619282149,0.9996593619282149,0.9996761463916306
ssp585,2031-2060,baseline_production,Atlantic,MRI-ESM2-0,complete_common_cells,11.581307604456029,10.992133159975504,-0.5891744444805251,0.9996225907050794,,
ssp585,2031-2060,baseline_production,Black Sea,ACCESS-CM2,positional_pairs,8.103532389306045,9.135942927719315,1.03241053841327,1.0,,
ssp585,2031-2060,baseline_production,Black Sea,ACCESS-CM2,separate_available_periods,8.103532389306045,9.135942927719315,1.03241053841327,1.0,1.0,1.0
ssp585,2031-2060,baseline_production,Black Sea,ACCESS-CM2,complete_common_cells,8.103532389306045,9.135942927719315,1.03241053841327,1.0,,
ssp585,2031-2060,baseline_production,Black Sea,MPI-ESM1-2-HR,positional_pairs,7.0902059922449405,5.832569722604022,-1.2576362696409182,1.0,,
ssp585,2031-2060,baseline_production,Black Sea,MPI-ESM1-2-HR,separate_available_periods,7.0902059922449405,5.832569722604022,-1.2576362696409182,1.0,1.0,1.0
ssp585,2031-2060,baseline_production,Black Sea,MPI-ESM1-2-HR,complete_common_cells,7.0902059922449405,5.832569722604022,-1.2576362696409182,1.0,,
ssp585,2031-2060,baseline_production,Black Sea,MRI-ESM2-0,positional_pairs,8.300161196739031,12.175969975992876,3.8758087792538447,1.0,,
ssp585,2031-2060,baseline_production,Black Sea,MRI-ESM2-0,separate_available_periods,8.300161196739031,12.175969975992876,3.8758087792538447,1.0,1.0,1.0
ssp585,2031-2060,baseline_production,Black Sea,MRI-ESM2-0,complete_common_cells,8.300161196739031,12.175969975992876,3.8758087792538447,1.0,,
ssp585,2031-2060,baseline_production,Boreal,ACCESS-CM2,positional_pairs,5.689023510416148,10.574844175780648,4.885820665364499,0.9989335528743039,,
ssp585,2031-2060,baseline_production,Boreal,ACCESS-CM2,separate_available_periods,5.689023510416148,10.566135604317632,4.877112093901483,0.9989335528743039,0.9989335528743039,0.9999983412926533
ssp585,2031-2060,baseline_production,Boreal,ACCESS-CM2,complete_common_cells,5.793676358117394,10.858629489516842,5.064953131399448,0.9647524358030295,,
ssp585,2031-2060,baseline_production,Boreal,MPI-ESM1-2-HR,positional_pairs,5.013543486692835,7.9466775865282155,2.9331340998353808,0.9999119682335336,,
ssp585,2031-2060,baseline_production,Boreal,MPI-ESM1-2-HR,separate_available_periods,5.0135426426100285,7.946183293059372,2.9326406504493434,0.9999131564695147,0.9999131564695147,0.9999973716847993
ssp585,2031-2060,baseline_production,Boreal,MPI-ESM1-2-HR,complete_common_cells,5.116948189512104,8.166813455330361,3.0498652658182577,0.9647524358030295,,
ssp585,2031-2060,baseline_production,Boreal,MRI-ESM2-0,positional_pairs,5.532757306131717,8.292153868625109,2.759396562493392,0.9979838539901009,,
ssp585,2031-2060,baseline_production,Boreal,MRI-ESM2-0,separate_available_periods,5.532757306131717,8.279599733775717,2.746842427644,0.9979838539901009,0.9979838539901009,0.9999992765478803
ssp585,2031-2060,baseline_production,Boreal,MRI-ESM2-0,complete_common_cells,5.631763003496577,8.492978156935703,2.861215153439126,0.9647524358030295,,
ssp585,2031-2060,baseline_production,Continental,ACCESS-CM2,positional_pairs,8.1017181769008,10.65360936092562,2.5518911840248197,0.9999999999999999,,
ssp585,2031-2060,baseline_production,Continental,ACCESS-CM2,separate_available_periods,8.1017181769008,10.65360936092562,2.5518911840248197,0.9999999999999999,0.9999999999999999,0.9999999999999999
ssp585,2031-2060,baseline_production,Continental,ACCESS-CM2,complete_common_cells,8.1017181769008,10.65360936092562,2.5518911840248197,1.0,,
ssp585,2031-2060,baseline_production,Continental,MPI-ESM1-2-HR,positional_pairs,6.449676270844405,8.253388801534191,1.8037125306897863,0.9999999999999999,,
ssp585,2031-2060,baseline_production,Continental,MPI-ESM1-2-HR,separate_available_periods,6.449676270844405,8.253388801534191,1.8037125306897863,0.9999999999999999,0.9999999999999999,0.9999999999999999
ssp585,2031-2060,baseline_production,Continental,MPI-ESM1-2-HR,complete_common_cells,6.449676270844405,8.253388801534191,1.8037125306897863,1.0,,
ssp585,2031-2060,baseline_production,Continental,MRI-ESM2-0,positional_pairs,7.145650433814642,9.156529971745826,2.010879537931184,0.9999999999999999,,
ssp585,2031-2060,baseline_production,Continental,MRI-ESM2-0,separate_available_periods,7.145650433814642,9.156529971745826,2.010879537931184,0.9999999999999999,0.9999999999999999,0.9999999999999999
ssp585,2031-2060,baseline_production,Continental,MRI-ESM2-0,complete_common_cells,7.145650433814642,9.156529971745826,2.010879537931184,1.0,,
ssp585,2031-2060,baseline_production,Mediterranean,ACCESS-CM2,positional_pairs,7.2488716997652185,6.766242085358093,-0.4826296144071254,0.9999999999999999,,
ssp585,2031-2060,baseline_production,Mediterranean,ACCESS-CM2,separate_available_periods,7.2488716997652185,6.766242085358093,-0.4826296144071254,0.9999999999999999,0.9999999999999999,0.9999999999999999
ssp585,2031-2060,baseline_production,Mediterranean,ACCESS-CM2,complete_common_cells,7.2488716997652185,6.766242085358093,-0.4826296144071254,1.0,,
ssp585,2031-2060,baseline_production,Mediterranean,MPI-ESM1-2-HR,positional_pairs,5.969690483267481,5.442740109718833,-0.5269503735486483,0.9999999999999999,,
ssp585,2031-2060,baseline_production,Mediterranean,MPI-ESM1-2-HR,separate_available_periods,5.969690483267481,5.442740109718833,-0.5269503735486483,0.9999999999999999,0.9999999999999999,0.9999999999999999
ssp585,2031-2060,baseline_production,Mediterranean,MPI-ESM1-2-HR,complete_common_cells,5.969690483267481,5.442740109718833,-0.5269503735486483,1.0,,
ssp585,2031-2060,baseline_production,Mediterranean,MRI-ESM2-0,positional_pairs,6.6123307600603525,7.236989827055952,0.6246590669955996,0.9999999999999999,,
ssp585,2031-2060,baseline_production,Mediterranean,MRI-ESM2-0,separate_available_periods,6.6123307600603525,7.236989827055952,0.6246590669955996,0.9999999999999999,0.9999999999999999,0.9999999999999999
ssp585,2031-2060,baseline_production,Mediterranean,MRI-ESM2-0,complete_common_cells,6.6123307600603525,7.236989827055952,0.6246590669955996,1.0,,
ssp585,2031-2060,baseline_production,Outside EEA regions,ACCESS-CM2,positional_pairs,2.568926207452544,2.4446907985023625,-0.12423540895018137,0.9999997568005872,,
ssp585,2031-2060,baseline_production,Outside EEA regions,ACCESS-CM2,separate_available_periods,2.5689256235683295,2.4446907985023625,-0.12423482506596706,0.9999997568005872,1.0000000000000002,0.9999997568005872
ssp585,2031-2060,baseline_production,Outside EEA regions,ACCESS-CM2,complete_common_cells,2.5689432013428064,2.444706787243186,-0.1242364140996206,0.9999927040176104,,
ssp585,2031-2060,baseline_production,Outside EEA regions,MPI-ESM1-2-HR,positional_pairs,1.671110652783678,2.075356939340877,0.40424628655719874,1.0000000000000002,,
ssp585,2031-2060,baseline_production,Outside EEA regions,MPI-ESM1-2-HR,separate_available_periods,1.671110652783678,2.075356939340877,0.40424628655719874,1.0000000000000002,1.0000000000000002,1.0000000000000002
ssp585,2031-2060,baseline_production,Outside EEA regions,MPI-ESM1-2-HR,complete_common_cells,1.6711219567580125,2.075371031179869,0.40424907442185654,0.9999927040176104,,
ssp585,2031-2060,baseline_production,Outside EEA regions,MRI-ESM2-0,positional_pairs,2.1676151277350835,2.573656257500053,0.40604112976496953,1.0000000000000002,,
ssp585,2031-2060,baseline_production,Outside EEA regions,MRI-ESM2-0,separate_available_periods,2.1676151277350835,2.573656257500053,0.40604112976496953,1.0000000000000002,1.0000000000000002,1.0000000000000002
ssp585,2031-2060,baseline_production,Outside EEA regions,MRI-ESM2-0,complete_common_cells,2.1676296542115514,2.57367136925328,0.4060417150417286,0.9999927040176104,,
ssp585,2031-2060,baseline_production,Pannonian,ACCESS-CM2,positional_pairs,7.755454861055587,9.524406199484895,1.768951338429308,1.0,,
ssp585,2031-2060,baseline_production,Pannonian,ACCESS-CM2,separate_available_periods,7.755454861055587,9.524406199484895,1.768951338429308,1.0,1.0,1.0
ssp585,2031-2060,baseline_production,Pannonian,ACCESS-CM2,complete_common_cells,7.755454861055587,9.524406199484895,1.768951338429308,1.0,,
ssp585,2031-2060,baseline_production,Pannonian,MPI-ESM1-2-HR,positional_pairs,5.898219934217485,8.396675870712404,2.498455936494919,1.0,,
ssp585,2031-2060,baseline_production,Pannonian,MPI-ESM1-2-HR,separate_available_periods,5.898219934217485,8.396675870712404,2.498455936494919,1.0,1.0,1.0
ssp585,2031-2060,baseline_production,Pannonian,MPI-ESM1-2-HR,complete_common_cells,5.898219934217485,8.396675870712404,2.498455936494919,1.0,,
ssp585,2031-2060,baseline_production,Pannonian,MRI-ESM2-0,positional_pairs,7.597025363764089,10.844709697264486,3.2476843335003966,1.0,,
ssp585,2031-2060,baseline_production,Pannonian,MRI-ESM2-0,separate_available_periods,7.597025363764089,10.844709697264486,3.2476843335003966,1.0,1.0,1.0
ssp585,2031-2060,baseline_production,Pannonian,MRI-ESM2-0,complete_common_cells,7.597025363764089,10.844709697264486,3.2476843335003966,1.0,,
ssp585,2031-2060,baseline_production,Steppic,ACCESS-CM2,positional_pairs,3.946076013010996,3.6812984086679883,-0.2647776043430077,0.9999351282111826,,
ssp585,2031-2060,baseline_production,Steppic,ACCESS-CM2,separate_available_periods,3.946076013010996,3.6812984086679883,-0.2647776043430077,0.9999351282111826,0.9999351282111826,0.9999351282111826
ssp585,2031-2060,baseline_production,Steppic,ACCESS-CM2,complete_common_cells,3.946076013010996,3.6812984086679883,-0.2647776043430077,0.9999351282111828,,
ssp585,2031-2060,baseline_production,Steppic,MPI-ESM1-2-HR,positional_pairs,2.9744300364782754,3.248534821599214,0.2741047851209384,0.9999351282111826,,
ssp585,2031-2060,baseline_production,Steppic,MPI-ESM1-2-HR,separate_available_periods,2.9744300364782754,3.248534821599214,0.2741047851209384,0.9999351282111826,0.9999351282111826,0.9999351282111826
ssp585,2031-2060,baseline_production,Steppic,MPI-ESM1-2-HR,complete_common_cells,2.9744300364782754,3.248534821599214,0.2741047851209384,0.9999351282111828,,
ssp585,2031-2060,baseline_production,Steppic,MRI-ESM2-0,positional_pairs,4.043536658072893,5.772724352369199,1.7291876942963063,0.9999351282111826,,
ssp585,2031-2060,baseline_production,Steppic,MRI-ESM2-0,separate_available_periods,4.043536658072893,5.772724352369199,1.7291876942963063,0.9999351282111826,0.9999351282111826,0.9999351282111826
ssp585,2031-2060,baseline_production,Steppic,MRI-ESM2-0,complete_common_cells,4.043536658072893,5.772724352369199,1.7291876942963063,0.9999351282111828,,
ssp585,2031-2060,baseline_production,Unassigned,ACCESS-CM2,positional_pairs,11.465564067800154,15.693667434046883,4.22810336624673,0.9989999508288394,,
ssp585,2031-2060,baseline_production,Unassigned,ACCESS-CM2,separate_available_periods,11.465564067800154,15.6922830343589,4.226718966558746,0.9989999508288394,0.9989999508288394,0.9991487581517662
ssp585,2031-2060,baseline_production,Unassigned,ACCESS-CM2,complete_common_cells,11.490256593812186,15.731660329886864,4.241403736074679,0.9961858807120089,,
ssp585,2031-2060,baseline_production,Unassigned,MPI-ESM1-2-HR,positional_pairs,11.007254238102357,12.668320090238984,1.6610658521366268,0.9990485875537538,,
ssp585,2031-2060,baseline_production,Unassigned,MPI-ESM1-2-HR,separate_available_periods,11.00724445871171,12.667825752024273,1.6605812933125623,0.9990504914318935,0.9990504914318935,0.9991430374758639
ssp585,2031-2060,baseline_production,Unassigned,MPI-ESM1-2-HR,complete_common_cells,11.032197332875935,12.698201202992456,1.666003870116521,0.9961858807120089,,
ssp585,2031-2060,baseline_production,Unassigned,MRI-ESM2-0,positional_pairs,10.979343728507192,11.722246248674201,0.742902520167009,0.9989250473028791,,
ssp585,2031-2060,baseline_production,Unassigned,MRI-ESM2-0,separate_available_periods,10.979343728507192,11.720681658668902,0.7413379301617091,0.9989250473028791,0.9989250473028791,0.9991520234190014
ssp585,2031-2060,baseline_production,Unassigned,MRI-ESM2-0,complete_common_cells,11.002272007924661,11.74793600134506,0.7456639934203988,0.9961858807120089,,
ssp585,2031-2060,rainfed_production,Europe,ACCESS-CM2,positional_pairs,7.975259061588698,10.406971979092114,2.4317129175034164,0.99972568639703,,
ssp585,2031-2060,rainfed_production,Europe,ACCESS-CM2,separate_available_periods,7.975259059957327,10.406473272809606,2.4312142128522787,0.9997256866935613,0.9997256866935613,0.9998983151980132
ssp585,2031-2060,rainfed_production,Europe,ACCESS-CM2,complete_common_cells,7.984012668157853,10.423409767220248,2.4393970990623943,0.9974046849785557,,
ssp585,2031-2060,rainfed_production,Europe,MPI-ESM1-2-HR,positional_pairs,6.652373594380166,8.248993628764318,1.5966200343841512,0.9997972750887703,,
ssp585,2031-2060,rainfed_production,Europe,MPI-ESM1-2-HR,separate_available_periods,6.652374836495586,8.248982581589225,1.596607745093639,0.9997977079842142,0.9997977079842142,0.9998665568825278
ssp585,2031-2060,rainfed_production,Europe,MPI-ESM1-2-HR,complete_common_cells,6.659937793691777,8.262432154185984,1.6024943604942061,0.9974046849785557,,
ssp585,2031-2060,rainfed_production,Europe,MRI-ESM2-0,positional_pairs,7.327446053290322,8.819143568152851,1.4916975148625298,0.9996693757739261,,
ssp585,2031-2060,rainfed_production,Europe,MRI-ESM2-0,separate_available_periods,7.327446053290322,8.818695530157743,1.4912494768674218,0.9996693757739261,0.9996693757739261,0.9998935815365294
ssp585,2031-2060,rainfed_production,Europe,MRI-ESM2-0,complete_common_cells,7.334748366887826,8.831699184511027,1.4969508176232011,0.9974046849785557,,
ssp585,2031-2060,rainfed_production,Alpine,ACCESS-CM2,positional_pairs,10.396244355632346,11.449105336240212,1.052860980607866,0.9932641166011652,,
ssp585,2031-2060,rainfed_production,Alpine,ACCESS-CM2,separate_available_periods,10.396244354074517,11.444683000483659,1.0484386464091422,0.993264120438552,0.993264120438552,0.9989154194380649
ssp585,2031-2060,rainfed_production,Alpine,ACCESS-CM2,complete_common_cells,10.289327042754675,11.446941503462519,1.157614460707844,0.9827124928532363,,
ssp585,2031-2060,rainfed_production,Alpine,MPI-ESM1-2-HR,positional_pairs,8.33203872074992,9.978106721783648,1.6460680010337292,0.9938659333752067,,
ssp585,2031-2060,rainfed_production,Alpine,MPI-ESM1-2-HR,separate_available_periods,8.332076293422965,9.973555905085181,1.6414796116622163,0.993882701701271,0.993882701701271,0.9971814359663648
ssp585,2031-2060,rainfed_production,Alpine,MPI-ESM1-2-HR,complete_common_cells,8.228669173401201,9.974869550944579,1.7462003775433779,0.9827124928532363,,
ssp585,2031-2060,rainfed_production,Alpine,MRI-ESM2-0,positional_pairs,9.275962282656613,11.55866009417816,2.2826978115215475,0.9934028141894682,,
ssp585,2031-2060,rainfed_production,Alpine,MRI-ESM2-0,separate_available_periods,9.275962282656613,11.565953556843397,2.289991274186784,0.9934028141894682,0.9934028141894682,0.9986521231757876
ssp585,2031-2060,rainfed_production,Alpine,MRI-ESM2-0,complete_common_cells,9.167062973689182,11.555540276354785,2.3884773026656028,0.9827124928532363,,
ssp585,2031-2060,rainfed_production,Atlantic,ACCESS-CM2,positional_pairs,12.50904367430043,17.683663734489915,5.1746200601894845,0.9996515531886018,,
ssp585,2031-2060,rainfed_production,Atlantic,ACCESS-CM2,separate_available_periods,12.50904367430043,17.68355010194658,5.174506427646149,0.9996515531886018,0.9996515531886018,0.9996695992525513
ssp585,2031-2060,rainfed_production,Atlantic,ACCESS-CM2,complete_common_cells,12.509085823722657,17.683804888804847,5.17471906508219,0.9996146508968801,,
ssp585,2031-2060,rainfed_production,Atlantic,MPI-ESM1-2-HR,positional_pairs,11.514048394323227,13.980552659048938,2.4665042647257103,0.9996529136403541,,
ssp585,2031-2060,rainfed_production,Atlantic,MPI-ESM1-2-HR,separate_available_periods,11.514048767887363,13.98046205644161,2.4664132885542465,0.9996531074016622,0.9996531074016622,0.9996686547997657
ssp585,2031-2060,rainfed_production,Atlantic,MPI-ESM1-2-HR,complete_common_cells,11.514015305471485,13.980635418484907,2.4666201130134215,0.9996146508968801,,
ssp585,2031-2060,rainfed_production,Atlantic,MRI-ESM2-0,positional_pairs,11.595476056332213,10.987980502791459,-0.6074955535407547,0.9996521957004831,,
ssp585,2031-2060,rainfed_production,Atlantic,MRI-ESM2-0,separate_available_periods,11.595476056332213,10.98795525328846,-0.6075208030437533,0.9996521957004831,0.9996521957004831,0.9996693332697234
ssp585,2031-2060,rainfed_production,Atlantic,MRI-ESM2-0,complete_common_cells,11.595453844194845,10.98799257496801,-0.6074612692268353,0.9996146508968801,,
ssp585,2031-2060,rainfed_production,Black Sea,ACCESS-CM2,positional_pairs,8.07362985198381,9.076486435527041,1.002856583543231,1.0,,
ssp585,2031-2060,rainfed_production,Black Sea,ACCESS-CM2,separate_available_periods,8.07362985198381,9.076486435527041,1.002856583543231,1.0,1.0,1.0
ssp585,2031-2060,rainfed_production,Black Sea,ACCESS-CM2,complete_common_cells,8.07362985198381,9.076486435527041,1.002856583543231,1.0,,
ssp585,2031-2060,rainfed_production,Black Sea,MPI-ESM1-2-HR,positional_pairs,7.081022709698262,5.8175073723603035,-1.2635153373379584,1.0,,
ssp585,2031-2060,rainfed_production,Black Sea,MPI-ESM1-2-HR,separate_available_periods,7.081022709698262,5.8175073723603035,-1.2635153373379584,1.0,1.0,1.0
ssp585,2031-2060,rainfed_production,Black Sea,MPI-ESM1-2-HR,complete_common_cells,7.081022709698262,5.8175073723603035,-1.2635153373379584,1.0,,
ssp585,2031-2060,rainfed_production,Black Sea,MRI-ESM2-0,positional_pairs,8.290085010574911,12.155168524577332,3.8650835140024213,1.0,,
ssp585,2031-2060,rainfed_production,Black Sea,MRI-ESM2-0,separate_available_periods,8.290085010574911,12.155168524577332,3.8650835140024213,1.0,1.0,1.0
ssp585,2031-2060,rainfed_production,Black Sea,MRI-ESM2-0,complete_common_cells,8.290085010574911,12.155168524577332,3.8650835140024213,1.0,,
ssp585,2031-2060,rainfed_production,Boreal,ACCESS-CM2,positional_pairs,5.687841277125537,10.57237341347481,4.884532136349273,0.998932798125542,,
ssp585,2031-2060,rainfed_production,Boreal,ACCESS-CM2,separate_available_periods,5.687841277125537,10.563661311453851,4.875820034328314,0.998932798125542,0.998932798125542,0.9999983401187486
ssp585,2031-2060,rainfed_production,Boreal,ACCESS-CM2,complete_common_cells,5.792528980819855,10.856279308518994,5.06375032769914,0.964727490304286,,
ssp585,2031-2060,rainfed_production,Boreal,MPI-ESM1-2-HR,positional_pairs,5.0124944653293,7.9443602378444105,2.9318657725151107,0.9999119059314605,,
ssp585,2031-2060,rainfed_production,Boreal,MPI-ESM1-2-HR,separate_available_periods,5.01249362189654,7.9438657926021365,2.931372170705597,0.9999130950083831,0.9999130950083831,0.9999973698246812
ssp585,2031-2060,rainfed_production,Boreal,MPI-ESM1-2-HR,complete_common_cells,5.115936766998683,8.164573082348982,3.048636315350299,0.964727490304286,,
ssp585,2031-2060,rainfed_production,Boreal,MRI-ESM2-0,positional_pairs,5.531720193889338,8.290152078228296,2.7584318843389575,0.9979824271179496,,
ssp585,2031-2060,rainfed_production,Boreal,MRI-ESM2-0,separate_available_periods,5.531720193889338,8.27759309583889,2.745872901949552,0.9979824271179496,0.9979824271179496,0.9999992760358769
ssp585,2031-2060,rainfed_production,Boreal,MRI-ESM2-0,complete_common_cells,5.630762771586247,8.491054687599055,2.860291916012808,0.964727490304286,,
ssp585,2031-2060,rainfed_production,Continental,ACCESS-CM2,positional_pairs,8.097419435079237,10.648345829975716,2.5509263948964787,1.0,,
ssp585,2031-2060,rainfed_production,Continental,ACCESS-CM2,separate_available_periods,8.097419435079237,10.648345829975716,2.5509263948964787,1.0,1.0,1.0
ssp585,2031-2060,rainfed_production,Continental,ACCESS-CM2,complete_common_cells,8.097419435079237,10.648345829975716,2.5509263948964787,1.0,,
ssp585,2031-2060,rainfed_production,Continental,MPI-ESM1-2-HR,positional_pairs,6.444293824191215,8.247676331081868,1.803382506890653,1.0,,
ssp585,2031-2060,rainfed_production,Continental,MPI-ESM1-2-HR,separate_available_periods,6.444293824191215,8.247676331081868,1.803382506890653,1.0,1.0,1.0
ssp585,2031-2060,rainfed_production,Continental,MPI-ESM1-2-HR,complete_common_cells,6.444293824191215,8.247676331081868,1.803382506890653,1.0,,
ssp585,2031-2060,rainfed_production,Continental,MRI-ESM2-0,positional_pairs,7.140459279344696,9.152094786587934,2.0116355072432386,1.0,,
ssp585,2031-2060,rainfed_production,Continental,MRI-ESM2-0,separate_available_periods,7.140459279344696,9.152094786587934,2.0116355072432386,1.0,1.0,1.0
ssp585,2031-2060,rainfed_production,Continental,MRI-ESM2-0,complete_common_cells,7.140459279344696,9.152094786587934,2.0116355072432386,1.0,,
ssp585,2031-2060,rainfed_production,Mediterranean,ACCESS-CM2,positional_pairs,7.20974347881615,6.699622688449661,-0.5101207903664893,1.0,,
ssp585,2031-2060,rainfed_production,Mediterranean,ACCESS-CM2,separate_available_periods,7.20974347881615,6.699622688449661,-0.5101207903664893,1.0,1.0,1.0
ssp585,2031-2060,rainfed_production,Mediterranean,ACCESS-CM2,complete_common_cells,7.20974347881615,6.699622688449661,-0.5101207903664893,1.0,,
ssp585,2031-2060,rainfed_production,Mediterranean,MPI-ESM1-2-HR,positional_pairs,5.943421595648259,5.43193007464324,-0.5114915210050182,1.0,,
ssp585,2031-2060,rainfed_production,Mediterranean,MPI-ESM1-2-HR,separate_available_periods,5.943421595648259,5.43193007464324,-0.5114915210050182,1.0,1.0,1.0
ssp585,2031-2060,rainfed_production,Mediterranean,MPI-ESM1-2-HR,complete_common_cells,5.943421595648259,5.43193007464324,-0.5114915210050182,1.0,,
ssp585,2031-2060,rainfed_production,Mediterranean,MRI-ESM2-0,positional_pairs,6.557426124983408,7.146546157843628,0.5891200328602197,1.0,,
ssp585,2031-2060,rainfed_production,Mediterranean,MRI-ESM2-0,separate_available_periods,6.557426124983408,7.146546157843628,0.5891200328602197,1.0,1.0,1.0
ssp585,2031-2060,rainfed_production,Mediterranean,MRI-ESM2-0,complete_common_cells,6.557426124983408,7.146546157843628,0.5891200328602197,1.0,,
ssp585,2031-2060,rainfed_production,Outside EEA regions,ACCESS-CM2,positional_pairs,2.568926207452544,2.4446907985023625,-0.12423540895018137,0.9999997568005872,,
ssp585,2031-2060,rainfed_production,Outside EEA regions,ACCESS-CM2,separate_available_periods,2.5689256235683295,2.4446907985023625,-0.12423482506596706,0.9999997568005872,1.0000000000000002,0.9999997568005872
ssp585,2031-2060,rainfed_production,Outside EEA regions,ACCESS-CM2,complete_common_cells,2.5689432013428064,2.444706787243186,-0.1242364140996206,0.9999927040176104,,
ssp585,2031-2060,rainfed_production,Outside EEA regions,MPI-ESM1-2-HR,positional_pairs,1.671110652783678,2.075356939340877,0.40424628655719874,1.0000000000000002,,
ssp585,2031-2060,rainfed_production,Outside EEA regions,MPI-ESM1-2-HR,separate_available_periods,1.671110652783678,2.075356939340877,0.40424628655719874,1.0000000000000002,1.0000000000000002,1.0000000000000002
ssp585,2031-2060,rainfed_production,Outside EEA regions,MPI-ESM1-2-HR,complete_common_cells,1.6711219567580125,2.075371031179869,0.40424907442185654,0.9999927040176104,,
ssp585,2031-2060,rainfed_production,Outside EEA regions,MRI-ESM2-0,positional_pairs,2.1676151277350835,2.573656257500053,0.40604112976496953,1.0000000000000002,,
ssp585,2031-2060,rainfed_production,Outside EEA regions,MRI-ESM2-0,separate_available_periods,2.1676151277350835,2.573656257500053,0.40604112976496953,1.0000000000000002,1.0000000000000002,1.0000000000000002
ssp585,2031-2060,rainfed_production,Outside EEA regions,MRI-ESM2-0,complete_common_cells,2.1676296542115514,2.57367136925328,0.4060417150417286,0.9999927040176104,,
ssp585,2031-2060,rainfed_production,Pannonian,ACCESS-CM2,positional_pairs,7.756709692834485,9.526120810922075,1.7694111180875902,1.0,,
ssp585,2031-2060,rainfed_production,Pannonian,ACCESS-CM2,separate_available_periods,7.756709692834485,9.526120810922075,1.7694111180875902,1.0,1.0,1.0
ssp585,2031-2060,rainfed_production,Pannonian,ACCESS-CM2,complete_common_cells,7.756709692834485,9.526120810922075,1.7694111180875902,1.0,,
ssp585,2031-2060,rainfed_production,Pannonian,MPI-ESM1-2-HR,positional_pairs,5.899119920460481,8.397872826894172,2.4987529064336913,1.0,,
ssp585,2031-2060,rainfed_production,Pannonian,MPI-ESM1-2-HR,separate_available_periods,5.899119920460481,8.397872826894172,2.4987529064336913,1.0,1.0,1.0
ssp585,2031-2060,rainfed_production,Pannonian,MPI-ESM1-2-HR,complete_common_cells,5.899119920460481,8.397872826894172,2.4987529064336913,1.0,,
ssp585,2031-2060,rainfed_production,Pannonian,MRI-ESM2-0,positional_pairs,7.5982352545431056,10.846219915241319,3.2479846606982132,1.0,,
ssp585,2031-2060,rainfed_production,Pannonian,MRI-ESM2-0,separate_available_periods,7.5982352545431056,10.846219915241319,3.2479846606982132,1.0,1.0,1.0
ssp585,2031-2060,rainfed_production,Pannonian,MRI-ESM2-0,complete_common_cells,7.5982352545431056,10.846219915241319,3.2479846606982132,1.0,,
ssp585,2031-2060,rainfed_production,Steppic,ACCESS-CM2,positional_pairs,3.936627596606918,3.6641282778788677,-0.27249931872805044,0.9999346326558585,,
ssp585,2031-2060,rainfed_production,Steppic,ACCESS-CM2,separate_available_periods,3.936627596606918,3.6641282778788677,-0.27249931872805044,0.9999346326558585,0.9999346326558585,0.9999346326558585
ssp585,2031-2060,rainfed_production,Steppic,ACCESS-CM2,complete_common_cells,3.936627596606918,3.6641282778788677,-0.27249931872805044,0.9999346326558586,,
ssp585,2031-2060,rainfed_production,Steppic,MPI-ESM1-2-HR,positional_pairs,2.9687637062416474,3.2437604626441927,0.2749967564025453,0.9999346326558585,,
ssp585,2031-2060,rainfed_production,Steppic,MPI-ESM1-2-HR,separate_available_periods,2.9687637062416474,3.2437604626441927,0.2749967564025453,0.9999346326558585,0.9999346326558585,0.9999346326558585
ssp585,2031-2060,rainfed_production,Steppic,MPI-ESM1-2-HR,complete_common_cells,2.9687637062416474,3.2437604626441927,0.2749967564025453,0.9999346326558586,,
ssp585,2031-2060,rainfed_production,Steppic,MRI-ESM2-0,positional_pairs,4.035850271604319,5.7632000615443175,1.727349789939998,0.9999346326558585,,
ssp585,2031-2060,rainfed_production,Steppic,MRI-ESM2-0,separate_available_periods,4.035850271604319,5.7632000615443175,1.727349789939998,0.9999346326558585,0.9999346326558585,0.9999346326558585
ssp585,2031-2060,rainfed_production,Steppic,MRI-ESM2-0,complete_common_cells,4.035850271604319,5.7632000615443175,1.727349789939998,0.9999346326558586,,
ssp585,2031-2060,rainfed_production,Unassigned,ACCESS-CM2,positional_pairs,11.47353824940805,15.756789168538793,4.283250919130744,0.9989830021210854,,
ssp585,2031-2060,rainfed_production,Unassigned,ACCESS-CM2,separate_available_periods,11.47353824940805,15.755371725446818,4.281833476038768,0.9989830021210854,0.9989830021210854,0.999134331411832
ssp585,2031-2060,rainfed_production,Unassigned,ACCESS-CM2,complete_common_cells,11.498673799850273,15.795609813266044,4.29693601341577,0.9961212394973412,,
ssp585,2031-2060,rainfed_production,Unassigned,MPI-ESM1-2-HR,positional_pairs,11.041142383680393,12.723080030512188,1.6819376468317948,0.9990324631351054,,
ssp585,2031-2060,rainfed_production,Unassigned,MPI-ESM1-2-HR,separate_available_periods,11.041132372713896,12.722572042692335,1.6814396699784382,0.9990343992799325,0.9990343992799325,0.9991285137826331
ssp585,2031-2060,rainfed_production,Unassigned,MPI-ESM1-2-HR,complete_common_cells,11.066608897077453,12.753629575733738,1.6870206786562854,0.9961212394973412,,
ssp585,2031-2060,rainfed_production,Unassigned,MRI-ESM2-0,positional_pairs,10.994441230910054,11.717188942146615,0.7227477112365612,0.9989068291395746,,
ssp585,2031-2060,rainfed_production,Unassigned,MRI-ESM2-0,separate_available_periods,10.994441230910054,11.71559898112982,0.7211577502197652,0.9989068291395746,0.9989068291395746,0.9991376520184064
ssp585,2031-2060,rainfed_production,Unassigned,MRI-ESM2-0,complete_common_cells,11.017801828231395,11.743301634420044,0.7254998061886493,0.9961212394973412,,
ssp585,2071-2100,harvested_area,Europe,ACCESS-CM2,positional_pairs,6.89355337516342,11.463514686003183,4.569961310839763,0.9992156726419295,,
ssp585,2071-2100,harvested_area,Europe,ACCESS-CM2,separate_available_periods,6.890956823825264,11.462379654052754,4.5714228302274895,0.9994926398244787,0.9996522755685777,0.9994926398244787
ssp585,2071-2100,harvested_area,Europe,ACCESS-CM2,complete_common_cells,6.994742086595784,11.595777969516101,4.601035882920317,0.9814900220185593,,
ssp585,2071-2100,harvested_area,Europe,MPI-ESM1-2-HR,positional_pairs,5.610189409840267,7.7753519103660675,2.165162500525801,0.9996287553380975,,
ssp585,2071-2100,harvested_area,Europe,MPI-ESM1-2-HR,separate_available_periods,5.609521571617766,7.774744329329543,2.165222757711777,0.9997501069977296,0.9997501069977296,0.9998008318752424
ssp585,2071-2100,harvested_area,Europe,MPI-ESM1-2-HR,complete_common_cells,5.694678457333538,7.892728248810045,2.1980497914765076,0.9814900220185593,,
ssp585,2071-2100,harvested_area,Europe,MRI-ESM2-0,positional_pairs,6.385273201500253,7.6169396371513365,1.2316664356510838,0.9995792146959035,,
ssp585,2071-2100,harvested_area,Europe,MRI-ESM2-0,separate_available_periods,6.3852418039206205,7.6157261603738595,1.230484356453239,0.9995842331053544,0.9995842331053544,0.9999205292156902
ssp585,2071-2100,harvested_area,Europe,MRI-ESM2-0,complete_common_cells,6.480797307840415,7.728530590419059,1.2477332825786434,0.9814900220185593,,
ssp585,2071-2100,harvested_area,Alpine,ACCESS-CM2,positional_pairs,10.365403563768878,14.359754909000136,3.9943513452312587,0.9904337501713206,,
ssp585,2071-2100,harvested_area,Alpine,ACCESS-CM2,separate_available_periods,10.365403563768878,14.286494580682172,3.9210910169132944,0.9904337501713206,0.9904337501713206,1.0000000000000002
ssp585,2071-2100,harvested_area,Alpine,ACCESS-CM2,complete_common_cells,10.212511704988167,14.36199346829796,4.149481763309794,0.9759008052983413,,
ssp585,2071-2100,harvested_area,Alpine,MPI-ESM1-2-HR,positional_pairs,8.300785522341124,9.766433723838032,1.4656482014969079,0.991224790999022,,
ssp585,2071-2100,harvested_area,Alpine,MPI-ESM1-2-HR,separate_available_periods,8.300785522341124,9.721455333203481,1.420669810862357,0.991224790999022,0.991224790999022,0.9996143541888532
ssp585,2071-2100,harvested_area,Alpine,MPI-ESM1-2-HR,complete_common_cells,8.158241666576805,9.798017723212714,1.6397760566359096,0.9759008052983413,,
ssp585,2071-2100,harvested_area,Alpine,MRI-ESM2-0,positional_pairs,9.290088942266324,10.666563416660109,1.3764744743937847,0.9906826367732621,,
ssp585,2071-2100,harvested_area,Alpine,MRI-ESM2-0,separate_available_periods,9.290088942266324,10.630788970720594,1.34070002845427,0.9906826367732621,0.9906826367732621,0.9998179531671199
ssp585,2071-2100,harvested_area,Alpine,MRI-ESM2-0,complete_common_cells,9.1381272382252,10.693036851212916,1.554909612987716,0.9759008052983413,,
ssp585,2071-2100,harvested_area,Atlantic,ACCESS-CM2,positional_pairs,12.677376546564087,20.910210130996152,8.232833584432065,0.9996729034947146,,
ssp585,2071-2100,harvested_area,Atlantic,ACCESS-CM2,separate_available_periods,12.677376546564087,20.90983871964416,8.232462173080073,0.9996729034947146,0.9996729034947146,0.9997226610816834
ssp585,2071-2100,harvested_area,Atlantic,ACCESS-CM2,complete_common_cells,12.677514907621775,20.9101000191056,8.232585111483823,0.9995756333900032,,
ssp585,2071-2100,harvested_area,Atlantic,MPI-ESM1-2-HR,positional_pairs,11.672447026873044,17.40407467448424,5.7316276476111945,0.9996762238714684,,
ssp585,2071-2100,harvested_area,Atlantic,MPI-ESM1-2-HR,separate_available_periods,11.672447026873044,17.40353275026276,5.731085723389715,0.9996762238714684,0.9996762238714684,0.9997226610816834
ssp585,2071-2100,harvested_area,Atlantic,MPI-ESM1-2-HR,complete_common_cells,11.672422949758666,17.404418182667953,5.731995232909288,0.9995756333900032,,
ssp585,2071-2100,harvested_area,Atlantic,MRI-ESM2-0,positional_pairs,11.77235056450742,12.35560733386788,0.5832567693604602,0.9996738575231686,,
ssp585,2071-2100,harvested_area,Atlantic,MRI-ESM2-0,separate_available_periods,11.77235056450742,12.3553939910059,0.583043426498481,0.9996738575231686,0.9996738575231686,0.9997206317451487
ssp585,2071-2100,harvested_area,Atlantic,MRI-ESM2-0,complete_common_cells,11.772357668050955,12.355844799070752,0.5834871310197975,0.9995756333900032,,
ssp585,2071-2100,harvested_area,Black Sea,ACCESS-CM2,positional_pairs,7.882203106228382,8.410705685416223,0.5285025791878413,1.0,,
ssp585,2071-2100,harvested_area,Black Sea,ACCESS-CM2,separate_available_periods,7.882203106228382,8.410705685416223,0.5285025791878413,1.0,1.0,1.0
ssp585,2071-2100,harvested_area,Black Sea,ACCESS-CM2,complete_common_cells,7.882203106228382,8.410705685416223,0.5285025791878413,1.0,,
ssp585,2071-2100,harvested_area,Black Sea,MPI-ESM1-2-HR,positional_pairs,6.91111597648036,4.886763835405622,-2.024352141074738,1.0,,
ssp585,2071-2100,harvested_area,Black Sea,MPI-ESM1-2-HR,separate_available_periods,6.91111597648036,4.886763835405622,-2.024352141074738,1.0,1.0,1.0
ssp585,2071-2100,harvested_area,Black Sea,MPI-ESM1-2-HR,complete_common_cells,6.91111597648036,4.886763835405622,-2.024352141074738,1.0,,
ssp585,2071-2100,harvested_area,Black Sea,MRI-ESM2-0,positional_pairs,8.101180238098301,7.7327112495492365,-0.36846898854906485,1.0,,
ssp585,2071-2100,harvested_area,Black Sea,MRI-ESM2-0,separate_available_periods,8.101180238098301,7.7327112495492365,-0.36846898854906485,1.0,1.0,1.0
ssp585,2071-2100,harvested_area,Black Sea,MRI-ESM2-0,complete_common_cells,8.101180238098301,7.7327112495492365,-0.36846898854906485,1.0,,
ssp585,2071-2100,harvested_area,Boreal,ACCESS-CM2,positional_pairs,5.7119937406238614,18.229158093743177,12.517164353119316,0.9982574449535875,,
ssp585,2071-2100,harvested_area,Boreal,ACCESS-CM2,separate_available_periods,5.712394984622883,18.21373010132519,12.501335116702307,0.9984636300863218,0.9984636300863218,0.9997938148672657
ssp585,2071-2100,harvested_area,Boreal,ACCESS-CM2,complete_common_cells,5.8521642904892275,18.603244789578653,12.751080499089426,0.9504918661739993,,
ssp585,2071-2100,harvested_area,Boreal,MPI-ESM1-2-HR,positional_pairs,4.927659276112878,10.871933163168805,5.944273887055927,0.9998126153290015,,
ssp585,2071-2100,harvested_area,Boreal,MPI-ESM1-2-HR,separate_available_periods,4.927659276112878,10.870152832227497,5.942493556114619,0.9998126153290015,0.9998126153290015,1.0
ssp585,2071-2100,harvested_area,Boreal,MPI-ESM1-2-HR,complete_common_cells,5.059642000956723,11.248302118523092,6.18866011756637,0.9504918661739993,,
ssp585,2071-2100,harvested_area,Boreal,MRI-ESM2-0,positional_pairs,5.429700688543929,10.491673965660219,5.06197327711629,0.9972894451847887,,
ssp585,2071-2100,harvested_area,Boreal,MRI-ESM2-0,separate_available_periods,5.429700688543929,10.466560840314854,5.036860151770925,0.9972894451847887,0.9972894451847887,0.999997998192897
ssp585,2071-2100,harvested_area,Boreal,MRI-ESM2-0,complete_common_cells,5.555964223018416,10.788774548991547,5.232810325973132,0.9504918661739993,,
ssp585,2071-2100,harvested_area,Continental,ACCESS-CM2,positional_pairs,7.252710113362973,12.790515927813233,5.537805814450261,0.9998959992703113,,
ssp585,2071-2100,harvested_area,Continental,ACCESS-CM2,separate_available_periods,7.252209887857788,12.790515927813233,5.538306039955446,0.9998959992703113,1.0,0.9998959992703113
ssp585,2071-2100,harvested_area,Continental,ACCESS-CM2,complete_common_cells,7.267116936680786,12.805710903790938,5.5385939671101525,0.9968799781093369,,
ssp585,2071-2100,harvested_area,Continental,MPI-ESM1-2-HR,positional_pairs,5.656580208929874,8.459419345119104,2.8028391361892293,1.0,,
ssp585,2071-2100,harvested_area,Continental,MPI-ESM1-2-HR,separate_available_periods,5.656580208929874,8.459419345119104,2.8028391361892293,1.0,1.0,1.0
ssp585,2071-2100,harvested_area,Continental,MPI-ESM1-2-HR,complete_common_cells,5.669051457839746,8.476445298015651,2.807393840175905,0.9968799781093369,,
ssp585,2071-2100,harvested_area,Continental,MRI-ESM2-0,positional_pairs,6.470268244931495,8.48948463258553,2.0192163876540343,1.0,,
ssp585,2071-2100,harvested_area,Continental,MRI-ESM2-0,separate_available_periods,6.470268244931495,8.48948463258553,2.0192163876540343,1.0,1.0,1.0
ssp585,2071-2100,harvested_area,Continental,MRI-ESM2-0,complete_common_cells,6.48395965794461,8.50372296239723,2.0197633044526198,0.9968799781093369,,
ssp585,2071-2100,harvested_area,Mediterranean,ACCESS-CM2,positional_pairs,7.392425262443888,6.2636037396743784,-1.1288215227695098,1.0,,
ssp585,2071-2100,harvested_area,Mediterranean,ACCESS-CM2,separate_available_periods,7.392425262443888,6.2636037396743784,-1.1288215227695098,1.0,1.0,1.0
ssp585,2071-2100,harvested_area,Mediterranean,ACCESS-CM2,complete_common_cells,7.401378930577774,6.271292132441732,-1.130086798136042,0.9983210715663602,,
ssp585,2071-2100,harvested_area,Mediterranean,MPI-ESM1-2-HR,positional_pairs,6.071068301177731,4.193483613304403,-1.8775846878733278,0.9999575099494095,,
ssp585,2071-2100,harvested_area,Mediterranean,MPI-ESM1-2-HR,separate_available_periods,6.070821181825614,4.193483613304403,-1.8773375685212104,0.9999575099494095,1.0,0.9999575099494095
ssp585,2071-2100,harvested_area,Mediterranean,MPI-ESM1-2-HR,complete_common_cells,6.078530203399077,4.197793313320883,-1.880736890078194,0.9983210715663602,,
ssp585,2071-2100,harvested_area,Mediterranean,MRI-ESM2-0,positional_pairs,6.692137537883121,5.494503125919615,-1.1976344119635058,0.9999865257694691,,
ssp585,2071-2100,harvested_area,Mediterranean,MRI-ESM2-0,separate_available_periods,6.692051262883768,5.494503125919615,-1.1975481369641532,0.9999865257694691,1.0,0.9999865257694691
ssp585,2071-2100,harvested_area,Mediterranean,MRI-ESM2-0,complete_common_cells,6.700426719384605,5.500249507756719,-1.2001772116278868,0.9983210715663602,,
ssp585,2071-2100,harvested_area,Outside EEA regions,ACCESS-CM2,positional_pairs,2.2660559637171,5.156111722336561,2.8900557586194613,0.9973050538459712,,
ssp585,2071-2100,harvested_area,Outside EEA regions,ACCESS-CM2,separate_available_periods,2.260330633866731,5.156111722336561,2.8957810884698305,0.9973050538459712,1.0000000000000002,0.9973050538459712
ssp585,2071-2100,harvested_area,Outside EEA regions,ACCESS-CM2,complete_common_cells,2.410332015686433,5.391803881592772,2.9814718659063386,0.9297880730191793,,
ssp585,2071-2100,harvested_area,Outside EEA regions,MPI-ESM1-2-HR,positional_pairs,1.472319319765742,2.3458469216296005,0.8735276018638585,0.9994053478478552,,
ssp585,2071-2100,harvested_area,Outside EEA regions,MPI-ESM1-2-HR,separate_available_periods,1.4714900255177423,2.3458469216296005,0.8743568961118582,0.9994053478478552,1.0000000000000002,0.9994053478478552
ssp585,2071-2100,harvested_area,Outside EEA regions,MPI-ESM1-2-HR,complete_common_cells,1.5654177426919538,2.4908561529971145,0.9254384103051607,0.9297880730191793,,
ssp585,2071-2100,harvested_area,Outside EEA regions,MRI-ESM2-0,positional_pairs,1.9158220929377112,3.3566773607903,1.440855267852589,0.99995865531834,,
ssp585,2071-2100,harvested_area,Outside EEA regions,MRI-ESM2-0,separate_available_periods,1.9157467661359744,3.3566773607903,1.4409305946543258,0.99995865531834,1.0000000000000002,0.99995865531834
ssp585,2071-2100,harvested_area,Outside EEA regions,MRI-ESM2-0,complete_common_cells,2.040045127733773,3.5818503769665218,1.5418052492327488,0.9297880730191793,,
ssp585,2071-2100,harvested_area,Pannonian,ACCESS-CM2,positional_pairs,7.806096961536754,12.976427772366344,5.17033081082959,1.0,,
ssp585,2071-2100,harvested_area,Pannonian,ACCESS-CM2,separate_available_periods,7.806096961536754,12.976427772366344,5.17033081082959,1.0,1.0,1.0
ssp585,2071-2100,harvested_area,Pannonian,ACCESS-CM2,complete_common_cells,7.806096961536754,12.976427772366344,5.17033081082959,1.0,,
ssp585,2071-2100,harvested_area,Pannonian,MPI-ESM1-2-HR,positional_pairs,5.92956045309089,8.414806110150828,2.485245657059938,1.0,,
ssp585,2071-2100,harvested_area,Pannonian,MPI-ESM1-2-HR,separate_available_periods,5.92956045309089,8.414806110150828,2.485245657059938,1.0,1.0,1.0
ssp585,2071-2100,harvested_area,Pannonian,MPI-ESM1-2-HR,complete_common_cells,5.92956045309089,8.414806110150828,2.485245657059938,1.0,,
ssp585,2071-2100,harvested_area,Pannonian,MRI-ESM2-0,positional_pairs,7.644291626103295,9.99461059418219,2.350318968078894,1.0,,
ssp585,2071-2100,harvested_area,Pannonian,MRI-ESM2-0,separate_available_periods,7.644291626103295,9.99461059418219,2.350318968078894,1.0,1.0,1.0
ssp585,2071-2100,harvested_area,Pannonian,MRI-ESM2-0,complete_common_cells,7.644291626103295,9.99461059418219,2.350318968078894,1.0,,
ssp585,2071-2100,harvested_area,Steppic,ACCESS-CM2,positional_pairs,3.7104182786738322,4.938619606697026,1.2282013280231938,0.9985225447519488,,
ssp585,2071-2100,harvested_area,Steppic,ACCESS-CM2,separate_available_periods,3.7061019320134245,4.938619606697026,1.2325176746836015,0.9985225447519488,0.9998913582596575,0.9985225447519488
ssp585,2071-2100,harvested_area,Steppic,ACCESS-CM2,complete_common_cells,3.8753123082425005,5.0798753510267405,1.20456304278424,0.951171305069215,,
ssp585,2071-2100,harvested_area,Steppic,MPI-ESM1-2-HR,positional_pairs,2.801912335974821,2.746322234665425,-0.05559010130939601,0.9994630100126576,,
ssp585,2071-2100,harvested_area,Steppic,MPI-ESM1-2-HR,separate_available_periods,2.800756949817439,2.746322234665425,-0.054434715152014146,0.9994630100126576,0.9998913582596575,0.9994630100126576
ssp585,2071-2100,harvested_area,Steppic,MPI-ESM1-2-HR,complete_common_cells,2.9283115649972187,2.8541692754076102,-0.07414228958960845,0.951171305069215,,
ssp585,2071-2100,harvested_area,Steppic,MRI-ESM2-0,positional_pairs,3.7757976614599533,3.6982818580968897,-0.07751580336306363,0.9998766136408084,,
ssp585,2071-2100,harvested_area,Steppic,MRI-ESM2-0,separate_available_periods,3.7757434074462473,3.6982818580968897,-0.07746154934935756,0.9998766136408084,0.9998913582596575,0.9998766136408084
ssp585,2071-2100,harvested_area,Steppic,MRI-ESM2-0,complete_common_cells,3.9496124023488273,3.859378541224773,-0.0902338611240543,0.951171305069215,,
ssp585,2071-2100,harvested_area,Unassigned,ACCESS-CM2,positional_pairs,11.196877952317253,16.466336154205386,5.269458201888133,0.9984524390002029,,
ssp585,2071-2100,harvested_area,Unassigned,ACCESS-CM2,separate_available_periods,11.196877952317253,16.464187925966957,5.267309973649704,0.9984524390002029,0.9984524390002029,0.9987711562834352
ssp585,2071-2100,harvested_area,Unassigned,ACCESS-CM2,complete_common_cells,11.236913088275353,16.510838436708408,5.273925348433055,0.9935407168338015,,
ssp585,2071-2100,harvested_area,Unassigned,MPI-ESM1-2-HR,positional_pairs,10.431997499143161,12.937228362329135,2.5052308631859734,0.9985389376670094,,
ssp585,2071-2100,harvested_area,Unassigned,MPI-ESM1-2-HR,separate_available_periods,10.431997499143161,12.935248091691008,2.5032505925478468,0.9985389376670094,0.9985389376670094,0.9987711562834352
ssp585,2071-2100,harvested_area,Unassigned,MPI-ESM1-2-HR,complete_common_cells,10.470953485031401,12.983733847829495,2.512780362798093,0.9935407168338015,,
ssp585,2071-2100,harvested_area,Unassigned,MRI-ESM2-0,positional_pairs,10.681770040217113,10.850822019159555,0.1690519789424414,0.9983224623186844,,
ssp585,2071-2100,harvested_area,Unassigned,MRI-ESM2-0,separate_available_periods,10.681770040217113,10.84784122652247,0.16607118630535744,0.9983224623186844,0.9983224623186844,0.9987690266897491
ssp585,2071-2100,harvested_area,Unassigned,MRI-ESM2-0,complete_common_cells,10.718769411209374,10.885497769217313,0.16672835800793884,0.9935407168338015,,
ssp585,2071-2100,baseline_production,Europe,ACCESS-CM2,positional_pairs,7.985687771345873,13.67884348840614,5.693155717060266,0.9995281089943422,,
ssp585,2071-2100,baseline_production,Europe,ACCESS-CM2,separate_available_periods,7.984355294502374,13.67754406508614,5.693188770583766,0.9997187149166312,0.9997285202486962,0.9997187149166312
ssp585,2071-2100,baseline_production,Europe,ACCESS-CM2,complete_common_cells,8.045149604572345,13.758920688707185,5.713771084134841,0.99021654284158,,
ssp585,2071-2100,baseline_production,Europe,MPI-ESM1-2-HR,positional_pairs,6.664801213627747,9.654017741814577,2.98921652818683,0.9997340285427869,,
ssp585,2071-2100,baseline_production,Europe,MPI-ESM1-2-HR,separate_available_periods,6.664370364383673,9.653351572446391,2.988981208062718,0.9997997975860186,0.9997997975860186,0.9998493249421292
ssp585,2071-2100,baseline_production,Europe,MPI-ESM1-2-HR,complete_common_cells,6.715888865748389,9.729135029655518,3.0132461639071293,0.99021654284158,,
ssp585,2071-2100,baseline_production,Europe,MRI-ESM2-0,positional_pairs,7.339725933406753,8.724240341492472,1.3845144080857184,0.999670568393642,,
ssp585,2071-2100,baseline_production,Europe,MRI-ESM2-0,separate_available_periods,7.339709917330594,8.722995673455353,1.3832857561247591,0.9996727910000618,0.9996727910000618,0.9999160269005972
ssp585,2071-2100,baseline_production,Europe,MRI-ESM2-0,complete_common_cells,7.394897516063535,8.78766853670204,1.392771020638504,0.99021654284158,,
ssp585,2071-2100,baseline_production,Alpine,ACCESS-CM2,positional_pairs,10.315102980880818,14.642606807781235,4.327503826900417,0.9933735875257494,,
ssp585,2071-2100,baseline_production,Alpine,ACCESS-CM2,separate_available_periods,10.315102980880818,14.584886621821939,4.269783640941121,0.9933735875257494,0.9933735875257494,1.0000000000000002
ssp585,2071-2100,baseline_production,Alpine,ACCESS-CM2,complete_common_cells,10.209096449075057,14.658224420671083,4.449127971596026,0.9829934380564572,,
ssp585,2071-2100,baseline_production,Alpine,MPI-ESM1-2-HR,positional_pairs,8.25587415811834,10.073052269041485,1.8171781109231446,0.993982116012375,,
ssp585,2071-2100,baseline_production,Alpine,MPI-ESM1-2-HR,separate_available_periods,8.25587415811834,10.037426205936613,1.7815520478182734,0.993982116012375,0.993982116012375,0.9997791240979823
ssp585,2071-2100,baseline_production,Alpine,MPI-ESM1-2-HR,complete_common_cells,8.153324768971405,10.104459801068,1.9511350320965946,0.9829934380564572,,
ssp585,2071-2100,baseline_production,Alpine,MRI-ESM2-0,positional_pairs,9.197735885349655,10.698590556269922,1.5008546709202673,0.993510027316988,,
ssp585,2071-2100,baseline_production,Alpine,MRI-ESM2-0,separate_available_periods,9.197735885349655,10.668804609739098,1.4710687243894434,0.993510027316988,0.993510027316988,0.9999584347200274
ssp585,2071-2100,baseline_production,Alpine,MRI-ESM2-0,complete_common_cells,9.08980004680257,10.723740094274802,1.6339400474722332,0.9829934380564572,,
ssp585,2071-2100,baseline_production,Atlantic,ACCESS-CM2,positional_pairs,12.481072179669987,21.04712360434203,8.566051424672043,0.9996587326547738,,
ssp585,2071-2100,baseline_production,Atlantic,ACCESS-CM2,separate_available_periods,12.481072179669987,21.04700098828616,8.565928808616174,0.9996587326547738,0.9996587326547738,0.9996770943394487
ssp585,2071-2100,baseline_production,Atlantic,ACCESS-CM2,complete_common_cells,12.481112448983357,21.047077604153433,8.565965155170076,0.9996225907050794,,
ssp585,2071-2100,baseline_production,Atlantic,MPI-ESM1-2-HR,positional_pairs,11.499074641702316,17.439540970092878,5.940466328390562,0.9996602548445248,,
ssp585,2071-2100,baseline_production,Atlantic,MPI-ESM1-2-HR,separate_available_periods,11.499074641702316,17.439348711289398,5.9402740695870815,0.9996602548445248,0.9996602548445248,0.9996770943394487
ssp585,2071-2100,baseline_production,Atlantic,MPI-ESM1-2-HR,complete_common_cells,11.49904130481239,17.43967056561463,5.94062926080224,0.9996225907050794,,
ssp585,2071-2100,baseline_production,Atlantic,MRI-ESM2-0,positional_pairs,11.58132987912602,12.240430701887368,0.6591008227613475,0.9996593619282149,,
ssp585,2071-2100,baseline_production,Atlantic,MRI-ESM2-0,separate_available_periods,11.58132987912602,12.240357601872468,0.6590277227464476,0.9996593619282149,0.9996593619282149,0.9996765642124553
ssp585,2071-2100,baseline_production,Atlantic,MRI-ESM2-0,complete_common_cells,11.581307604456029,12.240515091899695,0.6592074874436662,0.9996225907050794,,
ssp585,2071-2100,baseline_production,Black Sea,ACCESS-CM2,positional_pairs,8.103532389306045,8.426001916467973,0.3224695271619282,1.0,,
ssp585,2071-2100,baseline_production,Black Sea,ACCESS-CM2,separate_available_periods,8.103532389306045,8.426001916467973,0.3224695271619282,1.0,1.0,1.0
ssp585,2071-2100,baseline_production,Black Sea,ACCESS-CM2,complete_common_cells,8.103532389306045,8.426001916467973,0.3224695271619282,1.0,,
ssp585,2071-2100,baseline_production,Black Sea,MPI-ESM1-2-HR,positional_pairs,7.0902059922449405,4.966024332740364,-2.1241816595045764,1.0,,
ssp585,2071-2100,baseline_production,Black Sea,MPI-ESM1-2-HR,separate_available_periods,7.0902059922449405,4.966024332740364,-2.1241816595045764,1.0,1.0,1.0
ssp585,2071-2100,baseline_production,Black Sea,MPI-ESM1-2-HR,complete_common_cells,7.0902059922449405,4.966024332740364,-2.1241816595045764,1.0,,
ssp585,2071-2100,baseline_production,Black Sea,MRI-ESM2-0,positional_pairs,8.300161196739031,7.88801262329634,-0.41214857344269173,1.0,,
ssp585,2071-2100,baseline_production,Black Sea,MRI-ESM2-0,separate_available_periods,8.300161196739031,7.88801262329634,-0.41214857344269173,1.0,1.0,1.0
ssp585,2071-2100,baseline_production,Black Sea,MRI-ESM2-0,complete_common_cells,8.300161196739031,7.88801262329634,-0.41214857344269173,1.0,,
ssp585,2071-2100,baseline_production,Boreal,ACCESS-CM2,positional_pairs,5.6885637752569025,18.957045921752176,13.268482146495273,0.998710111050876,,
ssp585,2071-2100,baseline_production,Boreal,ACCESS-CM2,separate_available_periods,5.689023510416148,18.945510990427373,13.256487480011224,0.9989335528743039,0.9989335528743039,0.9997765581765723
ssp585,2071-2100,baseline_production,Boreal,ACCESS-CM2,complete_common_cells,5.799634348797728,19.26332364905224,13.463689300254511,0.9603315428216933,,
ssp585,2071-2100,baseline_production,Boreal,MPI-ESM1-2-HR,positional_pairs,5.0135426426100285,11.43218532082984,6.418642678219811,0.9999131564695147,,
ssp585,2071-2100,baseline_production,Boreal,MPI-ESM1-2-HR,separate_available_periods,5.0135426426100285,11.431309140949576,6.417766498339548,0.9999131564695147,0.9999131564695147,0.9999999999999999
ssp585,2071-2100,baseline_production,Boreal,MPI-ESM1-2-HR,complete_common_cells,5.122707558540025,11.745834432894958,6.6231268743549325,0.9603315428216933,,
ssp585,2071-2100,baseline_production,Boreal,MRI-ESM2-0,positional_pairs,5.532757306131717,10.680519965397595,5.1477626592658785,0.9979838539901009,,
ssp585,2071-2100,baseline_production,Boreal,MRI-ESM2-0,separate_available_periods,5.532757306131717,10.661392109492084,5.1286348033603675,0.9979838539901009,0.9979838539901009,0.9999996705790344
ssp585,2071-2100,baseline_production,Boreal,MRI-ESM2-0,complete_common_cells,5.638117420514639,10.913786668706623,5.275669248191983,0.9603315428216933,,
ssp585,2071-2100,baseline_production,Continental,ACCESS-CM2,positional_pairs,8.102090656834344,14.429982379172964,6.32789172233862,0.9999343987861367,,
ssp585,2071-2100,baseline_production,Continental,ACCESS-CM2,separate_available_periods,8.1017181769008,14.429982379172964,6.328264202272164,0.9999343987861367,0.9999999999999999,0.9999343987861367
ssp585,2071-2100,baseline_production,Continental,ACCESS-CM2,complete_common_cells,8.11281026648938,14.442718194830636,6.329907928341257,0.9980319635841051,,
ssp585,2071-2100,baseline_production,Continental,MPI-ESM1-2-HR,positional_pairs,6.449676270844405,9.723552682928789,3.273876412084384,0.9999999999999999,,
ssp585,2071-2100,baseline_production,Continental,MPI-ESM1-2-HR,separate_available_periods,6.449676270844405,9.723552682928789,3.273876412084384,0.9999999999999999,0.9999999999999999,0.9999999999999999
ssp585,2071-2100,baseline_production,Continental,MPI-ESM1-2-HR,complete_common_cells,6.459110835524438,9.73677722799739,3.277666392472952,0.9980319635841051,,
ssp585,2071-2100,baseline_production,Continental,MRI-ESM2-0,positional_pairs,7.145650433814642,9.225205619151096,2.079555185336454,0.9999999999999999,,
ssp585,2071-2100,baseline_production,Continental,MRI-ESM2-0,separate_available_periods,7.145650433814642,9.225205619151096,2.079555185336454,0.9999999999999999,0.9999999999999999,0.9999999999999999
ssp585,2071-2100,baseline_production,Continental,MRI-ESM2-0,complete_common_cells,7.155623718381507,9.235661578339396,2.0800378599578897,0.9980319635841051,,
ssp585,2071-2100,baseline_production,Mediterranean,ACCESS-CM2,positional_pairs,7.2488716997652185,6.373779888967973,-0.8750918107972456,0.9999999999999999,,
ssp585,2071-2100,baseline_production,Mediterranean,ACCESS-CM2,separate_available_periods,7.2488716997652185,6.373779888967973,-0.8750918107972456,0.9999999999999999,0.9999999999999999,0.9999999999999999
ssp585,2071-2100,baseline_production,Mediterranean,ACCESS-CM2,complete_common_cells,7.256932765010399,6.380977143037306,-0.8759556219730928,0.9985012212246053,,
ssp585,2071-2100,baseline_production,Mediterranean,MPI-ESM1-2-HR,positional_pairs,5.969920867593998,4.327377322719238,-1.6425435448747594,0.9999596862800119,,
ssp585,2071-2100,baseline_production,Mediterranean,MPI-ESM1-2-HR,separate_available_periods,5.969690483267481,4.327377322719238,-1.6423131605482428,0.9999596862800119,0.9999999999999999,0.9999596862800119
ssp585,2071-2100,baseline_production,Mediterranean,MPI-ESM1-2-HR,complete_common_cells,5.976642660233042,4.3316010922231944,-1.6450415680098471,0.9985012212246053,,
ssp585,2071-2100,baseline_production,Mediterranean,MRI-ESM2-0,positional_pairs,6.612391751110439,5.6814200867127544,-0.9309716643976849,0.9999903544274746,,
ssp585,2071-2100,baseline_production,Mediterranean,MRI-ESM2-0,separate_available_periods,6.6123307600603525,5.6814200867127544,-0.930910673347598,0.9999903544274746,0.9999999999999999,0.9999903544274746
ssp585,2071-2100,baseline_production,Mediterranean,MRI-ESM2-0,complete_common_cells,6.619940808605511,5.687073582151158,-0.9328672264543529,0.9985012212246053,,
ssp585,2071-2100,baseline_production,Outside EEA regions,ACCESS-CM2,positional_pairs,2.571448662932679,5.716893046884965,3.145444383952286,0.9989612461629,,
ssp585,2071-2100,baseline_production,Outside EEA regions,ACCESS-CM2,separate_available_periods,2.5689256235683295,5.716893046884965,3.1479674233166355,0.9989612461629,1.0000000000000002,0.9989612461629
ssp585,2071-2100,baseline_production,Outside EEA regions,ACCESS-CM2,complete_common_cells,2.6319545962826076,5.8175305951080984,3.185575998825491,0.9732662863339879,,
ssp585,2071-2100,baseline_production,Outside EEA regions,MPI-ESM1-2-HR,positional_pairs,1.6715180304404598,2.6179957332444883,0.9464777028040285,0.9997443917207207,,
ssp585,2071-2100,baseline_production,Outside EEA regions,MPI-ESM1-2-HR,separate_available_periods,1.671110652783678,2.6179957332444883,0.9468850804608102,0.9997443917207207,1.0000000000000002,0.9997443917207207
ssp585,2071-2100,baseline_production,Outside EEA regions,MPI-ESM1-2-HR,complete_common_cells,1.7107396878784276,2.678052225573452,0.9673125376950245,0.9732662863339879,,
ssp585,2071-2100,baseline_production,Outside EEA regions,MRI-ESM2-0,positional_pairs,2.167656420861773,3.7855246753737917,1.6178682545120187,0.9999800901613993,,
ssp585,2071-2100,baseline_production,Outside EEA regions,MRI-ESM2-0,separate_available_periods,2.1676151277350835,3.7855246753737917,1.6179095476387082,0.9999800901613993,1.0000000000000002,0.9999800901613993
ssp585,2071-2100,baseline_production,Outside EEA regions,MRI-ESM2-0,complete_common_cells,2.219742971760787,3.8791561640590144,1.6594131922982274,0.9732662863339879,,
ssp585,2071-2100,baseline_production,Pannonian,ACCESS-CM2,positional_pairs,7.755454861055587,12.977144837484868,5.221689976429281,1.0,,
ssp585,2071-2100,baseline_production,Pannonian,ACCESS-CM2,separate_available_periods,7.755454861055587,12.977144837484868,5.221689976429281,1.0,1.0,1.0
ssp585,2071-2100,baseline_production,Pannonian,ACCESS-CM2,complete_common_cells,7.755454861055587,12.977144837484868,5.221689976429281,1.0,,
ssp585,2071-2100,baseline_production,Pannonian,MPI-ESM1-2-HR,positional_pairs,5.898219934217485,8.384251584540628,2.4860316503231434,1.0,,
ssp585,2071-2100,baseline_production,Pannonian,MPI-ESM1-2-HR,separate_available_periods,5.898219934217485,8.384251584540628,2.4860316503231434,1.0,1.0,1.0
ssp585,2071-2100,baseline_production,Pannonian,MPI-ESM1-2-HR,complete_common_cells,5.898219934217485,8.384251584540628,2.4860316503231434,1.0,,
ssp585,2071-2100,baseline_production,Pannonian,MRI-ESM2-0,positional_pairs,7.597025363764089,9.945665127709681,2.3486397639455916,1.0,,
ssp585,2071-2100,baseline_production,Pannonian,MRI-ESM2-0,separate_available_periods,7.597025363764089,9.945665127709681,2.3486397639455916,1.0,1.0,1.0
ssp585,2071-2100,baseline_production,Pannonian,MRI-ESM2-0,complete_common_cells,7.597025363764089,9.945665127709681,2.3486397639455916,1.0,,
ssp585,2071-2100,baseline_production,Steppic,ACCESS-CM2,positional_pairs,3.9488489932004582,5.028923145286535,1.0800741520860764,0.9991086564664099,,
ssp585,2071-2100,baseline_production,Steppic,ACCESS-CM2,separate_available_periods,3.946076013010996,5.028923145286535,1.0828471322755386,0.9991086564664099,0.9999351282111826,0.9991086564664099
ssp585,2071-2100,baseline_production,Steppic,ACCESS-CM2,complete_common_cells,4.060299951216874,5.121048419865148,1.0607484686482742,0.9684947987655707,,
ssp585,2071-2100,baseline_production,Steppic,MPI-ESM1-2-HR,positional_pairs,2.975385015533489,2.8682828773750546,-0.10710213815843428,0.999601821559664,,
ssp585,2071-2100,baseline_production,Steppic,MPI-ESM1-2-HR,separate_available_periods,2.9744300364782754,2.8682828773750546,-0.10614715910322081,0.999601821559664,0.9999351282111826,0.999601821559664
ssp585,2071-2100,baseline_production,Steppic,MPI-ESM1-2-HR,complete_common_cells,3.0603014454351,2.939018212093025,-0.12128323334207503,0.9684947987655707,,
ssp585,2071-2100,baseline_production,Steppic,MRI-ESM2-0,positional_pairs,4.043571505129198,3.8196544772262198,-0.2239170279029783,0.9999263191769373,,
ssp585,2071-2100,baseline_production,Steppic,MRI-ESM2-0,separate_available_periods,4.043536658072893,3.8196544772262198,-0.22388218084667288,0.9999263191769373,0.9999351282111826,0.9999263191769373
ssp585,2071-2100,baseline_production,Steppic,MRI-ESM2-0,complete_common_cells,4.161433827070789,3.924343907071339,-0.2370899199994505,0.9684947987655707,,
ssp585,2071-2100,baseline_production,Unassigned,ACCESS-CM2,positional_pairs,11.465564067800154,19.535857939820037,8.070293872019883,0.9989999508288394,,
ssp585,2071-2100,baseline_production,Unassigned,ACCESS-CM2,separate_available_periods,11.465564067800154,19.53433379009219,8.068769722292037,0.9989999508288394,0.9989999508288394,0.9991539544215919
ssp585,2071-2100,baseline_production,Unassigned,ACCESS-CM2,complete_common_cells,11.490256593812186,19.57167375785929,8.081417164047105,0.9961858807120089,,
ssp585,2071-2100,baseline_production,Unassigned,MPI-ESM1-2-HR,positional_pairs,11.00724445871171,15.716408347446363,4.709163888734652,0.9990504914318935,,
ssp585,2071-2100,baseline_production,Unassigned,MPI-ESM1-2-HR,separate_available_periods,11.00724445871171,15.71529287011247,4.70804841140076,0.9990504914318935,0.9990504914318935,0.9991539544215919
ssp585,2071-2100,baseline_production,Unassigned,MPI-ESM1-2-HR,complete_common_cells,11.032197332875935,15.752119417574503,4.7199220846985686,0.9961858807120089,,
ssp585,2071-2100,baseline_production,Unassigned,MRI-ESM2-0,positional_pairs,10.979343728507192,12.18836132104017,1.2090175925329767,0.9989250473028791,,
ssp585,2071-2100,baseline_production,Unassigned,MRI-ESM2-0,separate_available_periods,10.979343728507192,12.186536393638113,1.2071926651309202,0.9989250473028791,0.9989250473028791,0.9991539363386247
ssp585,2071-2100,baseline_production,Unassigned,MRI-ESM2-0,complete_common_cells,11.002272007924661,12.212845210517202,1.2105732025925402,0.9961858807120089,,
ssp585,2071-2100,rainfed_production,Europe,ACCESS-CM2,positional_pairs,7.976599053954618,13.67671471260519,5.700115658650572,0.9995237659801156,,
ssp585,2071-2100,rainfed_production,Europe,ACCESS-CM2,separate_available_periods,7.975259059957327,13.675402133642558,5.700143073685231,0.999716361341349,0.9997256866935613,0.999716361341349
ssp585,2071-2100,rainfed_production,Europe,ACCESS-CM2,complete_common_cells,8.03653159351664,13.757498894944945,5.7209673014283045,0.9901248182984578,,
ssp585,2071-2100,rainfed_production,Europe,MPI-ESM1-2-HR,positional_pairs,6.652809386530931,9.652429552094285,2.9996201655633534,0.999731252480172,,
ssp585,2071-2100,rainfed_production,Europe,MPI-ESM1-2-HR,separate_available_periods,6.652374836495586,9.651756613612756,2.9993817771171702,0.9997977079842142,0.9997977079842142,0.9998477522794101
ssp585,2071-2100,rainfed_production,Europe,MPI-ESM1-2-HR,complete_common_cells,6.704256388690565,9.728229106843209,3.0239727181526437,0.9901248182984578,,
ssp585,2071-2100,rainfed_production,Europe,MRI-ESM2-0,positional_pairs,7.327461820647907,8.719177663434627,1.3917158427867191,0.9996671851332273,,
ssp585,2071-2100,rainfed_production,Europe,MRI-ESM2-0,separate_available_periods,7.327446053290322,8.71792125896384,1.3904752056735177,0.9996693757739261,0.9996693757739261,0.999915205599995
ssp585,2071-2100,rainfed_production,Europe,MRI-ESM2-0,complete_common_cells,7.383028549713794,8.783143476840491,1.4001149271266975,0.9901248182984578,,
ssp585,2071-2100,rainfed_production,Alpine,ACCESS-CM2,positional_pairs,10.396244354074517,14.604420745821379,4.208176391746862,0.993264120438552,,
ssp585,2071-2100,rainfed_production,Alpine,ACCESS-CM2,separate_available_periods,10.396244354074517,14.5460042499654,4.149759895890883,0.993264120438552,0.993264120438552,1.0000000000000002
ssp585,2071-2100,rainfed_production,Alpine,ACCESS-CM2,complete_common_cells,10.289327042754675,14.619890884165418,4.3305638414107435,0.9827124928532363,,
ssp585,2071-2100,rainfed_production,Alpine,MPI-ESM1-2-HR,positional_pairs,8.332076293422965,10.18058517094069,1.848508877517725,0.993882701701271,,
ssp585,2071-2100,rainfed_production,Alpine,MPI-ESM1-2-HR,separate_available_periods,8.332076293422965,10.143736630458557,1.8116603370355921,0.993882701701271,0.993882701701271,0.9997754752696427
ssp585,2071-2100,rainfed_production,Alpine,MPI-ESM1-2-HR,complete_common_cells,8.228669173401201,10.213742972251406,1.9850737988502054,0.9827124928532363,,
ssp585,2071-2100,rainfed_production,Alpine,MRI-ESM2-0,positional_pairs,9.275962282656613,10.76277964936678,1.4868173667101683,0.9934028141894682,,
ssp585,2071-2100,rainfed_production,Alpine,MRI-ESM2-0,separate_available_periods,9.275962282656613,10.732080850773196,1.4561185681165831,0.9934028141894682,0.9934028141894682,0.9999577480694234
ssp585,2071-2100,rainfed_production,Alpine,MRI-ESM2-0,complete_common_cells,9.167062973689182,10.789050235160316,1.6219872614711335,0.9827124928532363,,
ssp585,2071-2100,rainfed_production,Atlantic,ACCESS-CM2,positional_pairs,12.50904367430043,21.04399662299504,8.534952948694608,0.9996515531886018,,
ssp585,2071-2100,rainfed_production,Atlantic,ACCESS-CM2,separate_available_periods,12.50904367430043,21.04387148517749,8.53482781087706,0.9996515531886018,0.9996515531886018,0.9996703011601449
ssp585,2071-2100,rainfed_production,Atlantic,ACCESS-CM2,complete_common_cells,12.509085823722657,21.04394953925982,8.534863715537163,0.9996146508968801,,
ssp585,2071-2100,rainfed_production,Atlantic,MPI-ESM1-2-HR,positional_pairs,11.514048767887363,17.44349014687272,5.929441378985356,0.9996531074016622,,
ssp585,2071-2100,rainfed_production,Atlantic,MPI-ESM1-2-HR,separate_available_periods,11.514048767887363,17.443293774136464,5.929245006249101,0.9996531074016622,0.9996531074016622,0.9996703011601449
ssp585,2071-2100,rainfed_production,Atlantic,MPI-ESM1-2-HR,complete_common_cells,11.514015305471485,17.443622621762014,5.929607316290529,0.9996146508968801,,
ssp585,2071-2100,rainfed_production,Atlantic,MRI-ESM2-0,positional_pairs,11.595476056332213,12.226490087391031,0.6310140310588181,0.9996521957004831,,
ssp585,2071-2100,rainfed_production,Atlantic,MRI-ESM2-0,separate_available_periods,11.595476056332213,12.226415693951237,0.6309396376190239,0.9996521957004831,0.9996521957004831,0.9996697598805203
ssp585,2071-2100,rainfed_production,Atlantic,MRI-ESM2-0,complete_common_cells,11.595453844194845,12.226575729856691,0.6311218856618463,0.9996146508968801,,
ssp585,2071-2100,rainfed_production,Black Sea,ACCESS-CM2,positional_pairs,8.07362985198381,8.305804992974824,0.23217514099101422,1.0,,
ssp585,2071-2100,rainfed_production,Black Sea,ACCESS-CM2,separate_available_periods,8.07362985198381,8.305804992974824,0.23217514099101422,1.0,1.0,1.0
ssp585,2071-2100,rainfed_production,Black Sea,ACCESS-CM2,complete_common_cells,8.07362985198381,8.305804992974824,0.23217514099101422,1.0,,
ssp585,2071-2100,rainfed_production,Black Sea,MPI-ESM1-2-HR,positional_pairs,7.081022709698262,4.932056822908786,-2.148965886789476,1.0,,
ssp585,2071-2100,rainfed_production,Black Sea,MPI-ESM1-2-HR,separate_available_periods,7.081022709698262,4.932056822908786,-2.148965886789476,1.0,1.0,1.0
ssp585,2071-2100,rainfed_production,Black Sea,MPI-ESM1-2-HR,complete_common_cells,7.081022709698262,4.932056822908786,-2.148965886789476,1.0,,
ssp585,2071-2100,rainfed_production,Black Sea,MRI-ESM2-0,positional_pairs,8.290085010574911,7.859822134851746,-0.430262875723165,1.0,,
ssp585,2071-2100,rainfed_production,Black Sea,MRI-ESM2-0,separate_available_periods,8.290085010574911,7.859822134851746,-0.430262875723165,1.0,1.0,1.0
ssp585,2071-2100,rainfed_production,Black Sea,MRI-ESM2-0,complete_common_cells,8.290085010574911,7.859822134851746,-0.430262875723165,1.0,,
ssp585,2071-2100,rainfed_production,Boreal,ACCESS-CM2,positional_pairs,5.687380951491816,18.954888249620634,13.267507298128818,0.9987091981672799,,
ssp585,2071-2100,rainfed_production,Boreal,ACCESS-CM2,separate_available_periods,5.687841277125537,18.94334745612489,13.255506178999353,0.998932798125542,0.998932798125542,0.999776400041738
ssp585,2071-2100,rainfed_production,Boreal,ACCESS-CM2,complete_common_cells,5.798486076556741,19.261305404413985,13.462819327857243,0.9603034685569535,,
ssp585,2071-2100,rainfed_production,Boreal,MPI-ESM1-2-HR,positional_pairs,5.01249362189654,11.42918219880328,6.416688576906741,0.9999130950083831,,
ssp585,2071-2100,rainfed_production,Boreal,MPI-ESM1-2-HR,separate_available_periods,5.01249362189654,11.428305659816987,6.415812037920447,0.9999130950083831,0.9999130950083831,0.9999999999999999
ssp585,2071-2100,rainfed_production,Boreal,MPI-ESM1-2-HR,complete_common_cells,5.121695721033397,11.742938593654927,6.621242872621529,0.9603034685569535,,
ssp585,2071-2100,rainfed_production,Boreal,MRI-ESM2-0,positional_pairs,5.531720193889338,10.677844285158997,5.146124091269659,0.9979824271179496,,
ssp585,2071-2100,rainfed_production,Boreal,MRI-ESM2-0,separate_available_periods,5.531720193889338,10.658708289532209,5.12698809564287,0.9979824271179496,0.9979824271179496,0.9999996703458958
ssp585,2071-2100,rainfed_production,Boreal,MRI-ESM2-0,complete_common_cells,5.637117263702429,10.911177916560474,5.274060652858045,0.9603034685569535,,
ssp585,2071-2100,rainfed_production,Continental,ACCESS-CM2,positional_pairs,8.097792287319047,14.422928747068665,6.3251364597496185,0.9999342834661619,,
ssp585,2071-2100,rainfed_production,Continental,ACCESS-CM2,separate_available_periods,8.097419435079237,14.422928747068665,6.325509311989428,0.9999342834661619,1.0,0.9999342834661619
ssp585,2071-2100,rainfed_production,Continental,ACCESS-CM2,complete_common_cells,8.108522570208532,14.435673525942864,6.327150955734332,0.9980285039848552,,
ssp585,2071-2100,rainfed_production,Continental,MPI-ESM1-2-HR,positional_pairs,6.444293824191215,9.717029721091027,3.272735896899812,1.0,,
ssp585,2071-2100,rainfed_production,Continental,MPI-ESM1-2-HR,separate_available_periods,6.444293824191215,9.717029721091027,3.272735896899812,1.0,1.0,1.0
ssp585,2071-2100,rainfed_production,Continental,MPI-ESM1-2-HR,complete_common_cells,6.453734374162988,9.730264674032812,3.2765302998698242,0.9980285039848552,,
ssp585,2071-2100,rainfed_production,Continental,MRI-ESM2-0,positional_pairs,7.140459279344696,9.219253550452244,2.078794271107548,1.0,,
ssp585,2071-2100,rainfed_production,Continental,MRI-ESM2-0,separate_available_periods,7.140459279344696,9.219253550452244,2.078794271107548,1.0,1.0,1.0
ssp585,2071-2100,rainfed_production,Continental,MRI-ESM2-0,complete_common_cells,7.150439875963191,9.22971616875633,2.0792762927931383,0.9980285039848552,,
ssp585,2071-2100,rainfed_production,Mediterranean,ACCESS-CM2,positional_pairs,7.20974347881615,6.313538120246053,-0.8962053585700964,1.0,,
ssp585,2071-2100,rainfed_production,Mediterranean,ACCESS-CM2,separate_available_periods,7.20974347881615,6.313538120246053,-0.8962053585700964,1.0,1.0,1.0
ssp585,2071-2100,rainfed_production,Mediterranean,ACCESS-CM2,complete_common_cells,7.218262499828791,6.321073735363338,-0.8971887644654526,0.998423814364306,,
ssp585,2071-2100,rainfed_production,Mediterranean,MPI-ESM1-2-HR,positional_pairs,5.9436676508829995,4.313874814322563,-1.6297928365604362,0.9999567454039578,,
ssp585,2071-2100,rainfed_production,Mediterranean,MPI-ESM1-2-HR,separate_available_periods,5.943421595648259,4.313874814322563,-1.6295467813256952,0.9999567454039578,1.0,0.9999567454039578
ssp585,2071-2100,rainfed_production,Mediterranean,MPI-ESM1-2-HR,complete_common_cells,5.950772439726625,4.318361689357534,-1.6324107503690906,0.998423814364306,,
ssp585,2071-2100,rainfed_production,Mediterranean,MRI-ESM2-0,positional_pairs,6.55748432577046,5.635116273211332,-0.9223680525591282,0.9999907150748524,,
ssp585,2071-2100,rainfed_production,Mediterranean,MRI-ESM2-0,separate_available_periods,6.557426124983408,5.635116273211332,-0.9223098517720763,0.9999907150748524,1.0,0.9999907150748524
ssp585,2071-2100,rainfed_production,Mediterranean,MRI-ESM2-0,complete_common_cells,6.565434807687551,5.641078325655175,-0.9243564820323762,0.998423814364306,,
ssp585,2071-2100,rainfed_production,Outside EEA regions,ACCESS-CM2,positional_pairs,2.571448662932679,5.716893046884965,3.145444383952286,0.9989612461629,,
ssp585,2071-2100,rainfed_production,Outside EEA regions,ACCESS-CM2,separate_available_periods,2.5689256235683295,5.716893046884965,3.1479674233166355,0.9989612461629,1.0000000000000002,0.9989612461629
ssp585,2071-2100,rainfed_production,Outside EEA regions,ACCESS-CM2,complete_common_cells,2.6319545962826076,5.8175305951080984,3.185575998825491,0.9732662863339879,,
ssp585,2071-2100,rainfed_production,Outside EEA regions,MPI-ESM1-2-HR,positional_pairs,1.6715180304404598,2.6179957332444883,0.9464777028040285,0.9997443917207207,,
ssp585,2071-2100,rainfed_production,Outside EEA regions,MPI-ESM1-2-HR,separate_available_periods,1.671110652783678,2.6179957332444883,0.9468850804608102,0.9997443917207207,1.0000000000000002,0.9997443917207207
ssp585,2071-2100,rainfed_production,Outside EEA regions,MPI-ESM1-2-HR,complete_common_cells,1.7107396878784276,2.678052225573452,0.9673125376950245,0.9732662863339879,,
ssp585,2071-2100,rainfed_production,Outside EEA regions,MRI-ESM2-0,positional_pairs,2.167656420861773,3.7855246753737917,1.6178682545120187,0.9999800901613993,,
ssp585,2071-2100,rainfed_production,Outside EEA regions,MRI-ESM2-0,separate_available_periods,2.1676151277350835,3.7855246753737917,1.6179095476387082,0.9999800901613993,1.0000000000000002,0.9999800901613993
ssp585,2071-2100,rainfed_production,Outside EEA regions,MRI-ESM2-0,complete_common_cells,2.219742971760787,3.8791561640590144,1.6594131922982274,0.9732662863339879,,
ssp585,2071-2100,rainfed_production,Pannonian,ACCESS-CM2,positional_pairs,7.756709692834485,12.978370633096224,5.2216609402617395,1.0,,
ssp585,2071-2100,rainfed_production,Pannonian,ACCESS-CM2,separate_available_periods,7.756709692834485,12.978370633096224,5.2216609402617395,1.0,1.0,1.0
ssp585,2071-2100,rainfed_production,Pannonian,ACCESS-CM2,complete_common_cells,7.756709692834485,12.978370633096224,5.2216609402617395,1.0,,
ssp585,2071-2100,rainfed_production,Pannonian,MPI-ESM1-2-HR,positional_pairs,5.899119920460481,8.385316653534248,2.4861967330737675,1.0,,
ssp585,2071-2100,rainfed_production,Pannonian,MPI-ESM1-2-HR,separate_available_periods,5.899119920460481,8.385316653534248,2.4861967330737675,1.0,1.0,1.0
ssp585,2071-2100,rainfed_production,Pannonian,MPI-ESM1-2-HR,complete_common_cells,5.899119920460481,8.385316653534248,2.4861967330737675,1.0,,
ssp585,2071-2100,rainfed_production,Pannonian,MRI-ESM2-0,positional_pairs,7.5982352545431056,9.947267964771722,2.3490327102286166,1.0,,
ssp585,2071-2100,rainfed_production,Pannonian,MRI-ESM2-0,separate_available_periods,7.5982352545431056,9.947267964771722,2.3490327102286166,1.0,1.0,1.0
ssp585,2071-2100,rainfed_production,Pannonian,MRI-ESM2-0,complete_common_cells,7.5982352545431056,9.947267964771722,2.3490327102286166,1.0,,
ssp585,2071-2100,rainfed_production,Steppic,ACCESS-CM2,positional_pairs,3.939402337344272,5.00179790760252,1.0623955702582482,0.9991049045413491,,
ssp585,2071-2100,rainfed_production,Steppic,ACCESS-CM2,separate_available_periods,3.936627596606918,5.00179790760252,1.0651703109956019,0.9991049045413491,0.9999346326558585,0.9991049045413491
ssp585,2071-2100,rainfed_production,Steppic,ACCESS-CM2,complete_common_cells,4.0512595892704635,5.093633113593808,1.0423735243233443,0.9682999863318773,,
ssp585,2071-2100,rainfed_production,Steppic,MPI-ESM1-2-HR,positional_pairs,2.9697240794893784,2.865022696012243,-0.10470138347713531,0.9995987798762194,,
ssp585,2071-2100,rainfed_production,Steppic,MPI-ESM1-2-HR,separate_available_periods,2.9687637062416474,2.865022696012243,-0.1037410102294043,0.9995987798762194,0.9999346326558585,0.9995987798762194
ssp585,2071-2100,rainfed_production,Steppic,MPI-ESM1-2-HR,complete_common_cells,3.0549888629872206,2.936082079413271,-0.11890678357394968,0.9682999863318773,,
ssp585,2071-2100,rainfed_production,Steppic,MRI-ESM2-0,positional_pairs,4.035885316644968,3.8083035609182927,-0.22758175572667572,0.999925756329437,,
ssp585,2071-2100,rainfed_production,Steppic,MRI-ESM2-0,separate_available_periods,4.035850271604319,3.8083035609182927,-0.22754671068602672,0.999925756329437,0.9999346326558585,0.999925756329437
ssp585,2071-2100,rainfed_production,Steppic,MRI-ESM2-0,complete_common_cells,4.15423785783754,3.9132729476464876,-0.24096491019105226,0.9682999863318773,,
ssp585,2071-2100,rainfed_production,Unassigned,ACCESS-CM2,positional_pairs,11.47353824940805,19.62218713802615,8.1486488886181,0.9989830021210854,,
ssp585,2071-2100,rainfed_production,Unassigned,ACCESS-CM2,separate_available_periods,11.47353824940805,19.620623602984843,8.147085353576793,0.9989830021210854,0.9989830021210854,0.9991396157473861
ssp585,2071-2100,rainfed_production,Unassigned,ACCESS-CM2,complete_common_cells,11.498673799850273,19.658860337300556,8.160186537450283,0.9961212394973412,,
ssp585,2071-2100,rainfed_production,Unassigned,MPI-ESM1-2-HR,positional_pairs,11.041132372713896,15.829844620776813,4.788712248062916,0.9990343992799325,,
ssp585,2071-2100,rainfed_production,Unassigned,MPI-ESM1-2-HR,separate_available_periods,11.041132372713896,15.828698276551808,4.787565903837912,0.9990343992799325,0.9990343992799325,0.9991396157473861
ssp585,2071-2100,rainfed_production,Unassigned,MPI-ESM1-2-HR,complete_common_cells,11.066608897077453,15.866495019054712,4.799886121977259,0.9961212394973412,,
ssp585,2071-2100,rainfed_production,Unassigned,MRI-ESM2-0,positional_pairs,10.994441230910054,12.210647377617024,1.2162061467069698,0.9989068291395746,,
ssp585,2071-2100,rainfed_production,Unassigned,MRI-ESM2-0,separate_available_periods,10.994441230910054,12.2087863029877,1.2143450720776467,0.9989068291395746,0.9989068291395746,0.9991395973579511
ssp585,2071-2100,rainfed_production,Unassigned,MRI-ESM2-0,complete_common_cells,11.017801828231395,12.235610154274967,1.2178083260435724,0.9961212394973412,,
