model,scenario,reference_period,future_period,metric,change,spatial_mcse,reference_on_common,future_on_common,common_paired_area_time_coverage,common_draw_year_pairs,draws_complete_all30_pairs
ACCESS-CM2,ssp126,1991-2020,2031-2060,grain_fill_days,-0.4965632574855159,0.19903837736578786,34.17510527461816,33.67854201713265,0.9999470336213132,1918,63
ACCESS-CM2,ssp126,1991-2020,2031-2060,F1_infection_day_after_sowing,-14.625996807787242,1.1254856832145115,227.16120562119957,212.5352088134123,0.998257730059571,1916,61
ACCESS-CM2,ssp126,1991-2020,2031-2060,F1_symptom_day_after_sowing,-15.116273865313266,0.772607746588183,241.13035010409178,226.01407623877853,0.9950274880675287,1913,59
ACCESS-CM2,ssp126,1991-2020,2031-2060,F1_infection_relative_anthesis_days,-2.078802232461333,0.509477373235512,-24.472064635095023,-26.550866867556355,0.998257730059571,1916,61
ACCESS-CM2,ssp126,1991-2020,2031-2060,F1_symptom_relative_anthesis_days,-2.5250998850800914,0.1422287636839152,-10.444376810393155,-12.969476695473247,0.9950274880675287,1913,59
ACCESS-CM2,ssp126,1991-2020,2031-2060,F1_infection_before85,-0.0016893930427738977,0.001238859369229729,1.0,0.9983106069572261,0.9999470336213132,1918,63
ACCESS-CM2,ssp126,1991-2020,2031-2060,F1_symptom_before85,-0.002766197407882418,0.0013861006807210008,0.9989231956348915,0.9961569982270091,0.9999470336213132,1918,63
ACCESS-CM2,ssp126,1991-2020,2031-2060,F1_infection_during_grain_fill,0.0022352076318098,0.0067420855257263115,0.0129912288692545,0.0152264365010643,0.9999470336213132,1918,63
ACCESS-CM2,ssp126,1991-2020,2031-2060,F1_infected_grain_fill_days,-0.5890308626722922,0.21860501879318853,34.09834410497124,33.50931324229896,0.9999470336213132,1918,63
ACCESS-CM2,ssp126,1991-2020,2031-2060,F1_symptomatic_grain_fill_days,-0.5477141667273662,0.22981144600149647,33.58120657088227,33.03349240415491,0.9999470336213132,1918,63
ACCESS-CM2,ssp126,1991-2020,2031-2060,F1_infected_grain_fill_fraction,-0.0027157248629493583,0.0020977158418871407,0.9975636591390713,0.994847934276122,0.9999470336213132,1918,63
ACCESS-CM2,ssp126,1991-2020,2031-2060,F1_symptomatic_grain_fill_fraction,-0.0018908011167445412,0.002932866802544779,0.9818424451197445,0.9799516440029998,0.9999470336213132,1918,63
ACCESS-CM2,ssp126,1991-2020,2031-2060,F2_infection_day_after_sowing,-16.46200270563459,1.878201716107674,217.3751238443825,200.91312113874795,0.9999470336213132,1918,63
ACCESS-CM2,ssp126,1991-2020,2031-2060,F2_symptom_day_after_sowing,-15.955572128676469,0.796818675576363,233.59608081967318,217.64050869099668,0.9988702862906325,1917,62
ACCESS-CM2,ssp126,1991-2020,2031-2060,F2_infection_relative_anthesis_days,-3.9306212517050283,1.342847179203231,-34.290270938441466,-38.2208921901465,0.9999470336213132,1918,63
ACCESS-CM2,ssp126,1991-2020,2031-2060,F2_symptom_relative_anthesis_days,-3.410682282600845,0.21352633132758628,-18.051705828434336,-21.462388111035178,0.9988702862906325,1917,62
ACCESS-CM2,ssp126,1991-2020,2031-2060,F2_infection_before85,0.0,0.0,1.0,1.0,0.9999470336213132,1918,63
ACCESS-CM2,ssp126,1991-2020,2031-2060,F2_symptom_before85,-0.0010768043651085205,0.0010768043666191341,1.0,0.9989231956348915,0.9999470336213132,1918,63
ACCESS-CM2,ssp126,1991-2020,2031-2060,F2_infection_during_grain_fill,0.0034091965460968585,0.0023148664500029,0.0034370488297274303,0.006846245375824289,0.9999470336213132,1918,63
ACCESS-CM2,ssp126,1991-2020,2031-2060,F2_infected_grain_fill_days,-0.5406231389022788,0.19898148632057516,34.14983539250582,33.609212253603545,0.9999470336213132,1918,63
ACCESS-CM2,ssp126,1991-2020,2031-2060,F2_symptomatic_grain_fill_days,-0.5501944939377611,0.2103436233575026,33.977687047194436,33.42749255325668,0.9999470336213132,1918,63
ACCESS-CM2,ssp126,1991-2020,2031-2060,F2_infected_grain_fill_fraction,-0.0012550122813826338,0.00042066684488739517,0.9991942384680885,0.9979392261867058,0.9999470336213132,1918,63
ACCESS-CM2,ssp126,1991-2020,2031-2060,F2_symptomatic_grain_fill_fraction,-0.0016084178194793403,0.0017218790916258655,0.9939045792974618,0.9922961614779824,0.9999470336213132,1918,63
ACCESS-CM2,ssp126,1991-2020,2031-2060,F3_infection_day_after_sowing,-22.970716270696762,4.081958264095675,203.37112709144222,180.40041082074546,0.9999470336213132,1918,63
ACCESS-CM2,ssp126,1991-2020,2031-2060,F3_symptom_day_after_sowing,-18.404075528861124,1.3439909421350598,224.4605403939941,206.056464865133,0.9999470336213132,1918,63
ACCESS-CM2,ssp126,1991-2020,2031-2060,F3_infection_relative_anthesis_days,-10.439334816767198,3.5941948806805133,-48.29426769138179,-58.73360250814899,0.9999470336213132,1918,63
ACCESS-CM2,ssp126,1991-2020,2031-2060,F3_symptom_relative_anthesis_days,-5.872694074931557,0.8782000741885708,-27.2048543888299,-33.07754846376145,0.9999470336213132,1918,63
ACCESS-CM2,ssp126,1991-2020,2031-2060,F3_infection_before85,0.0,0.0,1.0,1.0,0.9999470336213132,1918,63
ACCESS-CM2,ssp126,1991-2020,2031-2060,F3_symptom_before85,0.0,0.0,1.0,1.0,0.9999470336213132,1918,63
ACCESS-CM2,ssp126,1991-2020,2031-2060,F3_infection_during_grain_fill,0.0027108754058159474,0.001326242133776986,0.0,0.0027108754058159474,0.9999470336213132,1918,63
ACCESS-CM2,ssp126,1991-2020,2031-2060,F3_infected_grain_fill_days,-0.5157306188791596,0.19732891927686347,34.17510527461816,33.65937465573901,0.9999470336213132,1918,63
ACCESS-CM2,ssp126,1991-2020,2031-2060,F3_symptomatic_grain_fill_days,-0.5270556109666478,0.19717082895270174,34.14094083202664,33.61388522105999,0.9999470336213132,1918,63
ACCESS-CM2,ssp126,1991-2020,2031-2060,F3_infected_grain_fill_fraction,-0.000551848070277621,0.0004450898244581404,1.0,0.9994481519297224,0.9999470336213132,1918,63
ACCESS-CM2,ssp126,1991-2020,2031-2060,F3_symptomatic_grain_fill_fraction,-0.0008809058108489027,0.0008277675665671224,0.998943658680921,0.998062752870072,0.9999470336213132,1918,63
ACCESS-CM2,ssp126,1991-2020,2031-2060,any_top3_infection_before85,0.0,0.0,1.0,1.0,0.9999470336213132,1918,63
ACCESS-CM2,ssp126,1991-2020,2031-2060,all_top3_infection_before85,-0.0016893930427738977,0.001238859369229729,1.0,0.9983106069572261,0.9999470336213132,1918,63
ACCESS-CM2,ssp126,1991-2020,2031-2060,any_top3_symptom_before85,0.0,0.0,1.0,1.0,0.9999470336213132,1918,63
ACCESS-CM2,ssp126,1991-2020,2031-2060,all_top3_symptom_before85,-0.002766197407882418,0.0013861006807210008,0.9989231956348915,0.9961569982270091,0.9999470336213132,1918,63
ACCESS-CM2,ssp126,1991-2020,2031-2060,any_top3_infection_during_grain_fill,0.003924600674583697,0.006843260514793943,0.0129912288692545,0.0169158295438382,0.9999470336213132,1918,63
ACCESS-CM2,ssp126,1991-2020,2031-2060,days_any_top3_infected_grain_fill,-0.5157306188791596,0.19732891927686347,34.17510527461816,33.65937465573901,0.9999470336213132,1918,63
ACCESS-CM2,ssp126,1991-2020,2031-2060,days_all_top3_infected_grain_fill,-0.5890308626722922,0.21860501879318853,34.09834410497124,33.50931324229896,0.9999470336213132,1918,63
ACCESS-CM2,ssp126,1991-2020,2031-2060,days_any_top3_symptomatic_grain_fill,-0.5270556109666478,0.19717082895270174,34.14094083202664,33.61388522105999,0.9999470336213132,1918,63
ACCESS-CM2,ssp126,1991-2020,2031-2060,days_all_top3_symptomatic_grain_fill,-0.5477141667273662,0.22981144600149647,33.58120657088227,33.03349240415491,0.9999470336213132,1918,63
ACCESS-CM2,ssp126,1991-2020,2031-2060,GS31_85_reference_had3,1.9708816615805334,1.7573091357066746,70.81529736023668,72.78617902181723,0.9999470336213132,1918,63
ACCESS-CM2,ssp126,1991-2020,2031-2060,GS31_85_lost_had3,2.7441878672578333,0.2378609642348219,7.618368520969181,10.362556388227013,0.9999470336213132,1918,63
ACCESS-CM2,ssp126,1991-2020,2031-2060,GS31_85_functional_lost_fraction,0.035829788715526716,0.0036600735079482106,0.10356481668412283,0.13939460539964954,0.9999470336213132,1918,63
ACCESS-CM2,ssp126,1991-2020,2031-2060,conditional_yield_loss_GS31_85_b0141_t_ha_per_unit_lai,0.03869304892833545,0.0033538395957109883,0.10741899614566545,0.14611204507400086,0.9999470336213132,1918,63
ACCESS-CM2,ssp126,1991-2020,2031-2060,conditional_yield_loss_GS31_85_b0180_t_ha_per_unit_lai,0.04939538161064099,0.004281497356226795,0.13713063337744527,0.18652601498808627,0.9999470336213132,1918,63
ACCESS-CM2,ssp126,1991-2020,2031-2060,conditional_yield_loss_GS31_85_b0207_t_ha_per_unit_lai,0.05680468885223714,0.0049237219596608124,0.15770022838406203,0.21450491723629916,0.9999470336213132,1918,63
ACCESS-CM2,ssp126,1991-2020,2031-2060,GS65_85_reference_had3,-0.4965632574855165,0.19903837736578783,34.175105274618176,33.67854201713265,0.9999470336213132,1918,63
ACCESS-CM2,ssp126,1991-2020,2031-2060,GS65_85_lost_had3,2.3755524199272404,0.19976207065248583,7.229672716084543,9.605225136011786,0.9999470336213132,1918,63
ACCESS-CM2,ssp126,1991-2020,2031-2060,GS65_85_functional_lost_fraction,0.07166123933561933,0.00656921847157336,0.20703525591231559,0.2786964952479349,0.9999470336213132,1918,63
ACCESS-CM2,ssp126,1991-2020,2031-2060,conditional_yield_loss_GS65_85_b0141_t_ha_per_unit_lai,0.03349528912097408,0.0028166451962000506,0.10193838529679207,0.13543367441776616,0.9999470336213132,1918,63
ACCESS-CM2,ssp126,1991-2020,2031-2060,conditional_yield_loss_GS65_85_b0180_t_ha_per_unit_lai,0.04275994355869032,0.003595717271744744,0.1301341088895218,0.1728940524482121,0.9999470336213132,1918,63
ACCESS-CM2,ssp126,1991-2020,2031-2060,conditional_yield_loss_GS65_85_b0207_t_ha_per_unit_lai,0.049173935092493876,0.004135074862506456,0.14965422522295005,0.19882816031544395,0.9999470336213132,1918,63
ACCESS-CM2,ssp126,1991-2020,2031-2060,mean_temperature_grain_fill_c,0.7965490535140135,0.13984679642774686,19.16775952241943,19.964308575933444,0.9999470336213132,1918,63
ACCESS-CM2,ssp126,1991-2020,2031-2060,rainfall_grain_fill_mm,-4.106848645051133,0.9342665337345083,84.5069862537884,80.40013760873724,0.9999470336213132,1918,63
ACCESS-CM2,ssp126,1991-2020,2031-2060,exposure_grain_fill_effective_days,-1.3287143937567574,0.09704109614312796,8.641350948644913,7.312636554888157,0.9999470336213132,1918,63
ACCESS-CM2,ssp126,1991-2020,2071-2100,grain_fill_days,-0.7571852730788359,0.09859777967593726,34.17510527461816,33.41792000153933,0.9999470336213132,1918,63
ACCESS-CM2,ssp126,1991-2020,2071-2100,F1_infection_day_after_sowing,-18.05773698653784,1.005861906383424,227.20886797213677,209.1511309855989,0.9999470336213132,1918,63
ACCESS-CM2,ssp126,1991-2020,2071-2100,F1_symptom_day_after_sowing,-19.000898241569995,0.6043370262096069,241.23589657462858,222.2349983330586,0.9988702862906325,1917,62
ACCESS-CM2,ssp126,1991-2020,2071-2100,F1_infection_relative_anthesis_days,-1.4452676468042707,0.5916690134069708,-24.456526810687233,-25.901794457491505,0.9999470336213132,1918,63
ACCESS-CM2,ssp126,1991-2020,2071-2100,F1_symptom_relative_anthesis_days,-2.3748330997775984,0.2282613370770173,-10.410812108356238,-12.785645208133836,0.9988702862906325,1917,62
ACCESS-CM2,ssp126,1991-2020,2071-2100,F1_infection_before85,0.0,0.0,1.0,1.0,0.9999470336213132,1918,63
ACCESS-CM2,ssp126,1991-2020,2071-2100,F1_symptom_before85,0.0010768043651085205,0.0010768043666191341,0.9989231956348915,1.0,0.9999470336213132,1918,63
ACCESS-CM2,ssp126,1991-2020,2071-2100,F1_infection_during_grain_fill,0.007166705328481403,0.008013169686053851,0.0129912288692545,0.020157934197735906,0.9999470336213132,1918,63
ACCESS-CM2,ssp126,1991-2020,2071-2100,F1_infected_grain_fill_days,-0.8197183036665863,0.115425078681186,34.09834410497124,33.27862580130466,0.9999470336213132,1918,63
ACCESS-CM2,ssp126,1991-2020,2071-2100,F1_symptomatic_grain_fill_days,-0.7236651518605525,0.16021533608969654,33.58120657088227,32.85754141902172,0.9999470336213132,1918,63
ACCESS-CM2,ssp126,1991-2020,2071-2100,F1_infected_grain_fill_fraction,-0.0019329713059830528,0.001189236272403468,0.9975636591390713,0.9956306878330882,0.9999470336213132,1918,63
ACCESS-CM2,ssp126,1991-2020,2071-2100,F1_symptomatic_grain_fill_fraction,0.0005342981776960302,0.0030949873538659778,0.9818424451197445,0.9823767432974404,0.9999470336213132,1918,63
ACCESS-CM2,ssp126,1991-2020,2071-2100,F2_infection_day_after_sowing,-19.680161599676584,1.5600440383399115,217.3751238443825,197.69496224470592,0.9999470336213132,1918,63
ACCESS-CM2,ssp126,1991-2020,2071-2100,F2_symptom_day_after_sowing,-19.57456774761767,0.6618846891387352,233.6255894794676,214.05102173184991,0.9999470336213132,1918,63
ACCESS-CM2,ssp126,1991-2020,2071-2100,F2_infection_relative_anthesis_days,-3.0676922599430094,1.1739302644941128,-34.290270938441466,-37.357963198384475,0.9999470336213132,1918,63
ACCESS-CM2,ssp126,1991-2020,2071-2100,F2_symptom_relative_anthesis_days,-2.9620984078840995,0.25918221811683,-18.03980530335638,-21.00190371124048,0.9999470336213132,1918,63
ACCESS-CM2,ssp126,1991-2020,2071-2100,F2_infection_before85,0.0,0.0,1.0,1.0,0.9999470336213132,1918,63
ACCESS-CM2,ssp126,1991-2020,2071-2100,F2_symptom_before85,0.0,0.0,1.0,1.0,0.9999470336213132,1918,63
ACCESS-CM2,ssp126,1991-2020,2071-2100,F2_infection_during_grain_fill,0.003464449376768138,0.0017519899759048307,0.0034370488297274303,0.006901498206495568,0.9999470336213132,1918,63
ACCESS-CM2,ssp126,1991-2020,2071-2100,F2_infected_grain_fill_days,-0.7880194076570454,0.09490692947292334,34.14983539250582,33.361815984848775,0.9999470336213132,1918,63
ACCESS-CM2,ssp126,1991-2020,2071-2100,F2_symptomatic_grain_fill_days,-0.7724093209335415,0.10478698895807352,33.977687047194436,33.205277726260896,0.9999470336213132,1918,63
ACCESS-CM2,ssp126,1991-2020,2071-2100,F2_infected_grain_fill_fraction,-0.000974846299309057,0.0005751674642705603,0.9991942384680885,0.9982193921687795,0.9999470336213132,1918,63
ACCESS-CM2,ssp126,1991-2020,2071-2100,F2_symptomatic_grain_fill_fraction,-0.000611420237733742,0.000941554060028702,0.9939045792974618,0.9932931590597278,0.9999470336213132,1918,63
ACCESS-CM2,ssp126,1991-2020,2071-2100,F3_infection_day_after_sowing,-25.582841142452757,3.875026836949608,203.37112709144222,177.78828594898948,0.9999470336213132,1918,63
ACCESS-CM2,ssp126,1991-2020,2071-2100,F3_symptom_day_after_sowing,-22.37115653370092,1.2533566209348042,224.4605403939941,202.08938386029317,0.9999470336213132,1918,63
ACCESS-CM2,ssp126,1991-2020,2071-2100,F3_infection_relative_anthesis_days,-8.97037180271918,3.5379911064748604,-48.29426769138179,-57.26463949410097,0.9999470336213132,1918,63
ACCESS-CM2,ssp126,1991-2020,2071-2100,F3_symptom_relative_anthesis_days,-5.758687193967349,0.9274099170392712,-27.2048543888299,-32.96354158279725,0.9999470336213132,1918,63
ACCESS-CM2,ssp126,1991-2020,2071-2100,F3_infection_before85,0.0,0.0,1.0,1.0,0.9999470336213132,1918,63
ACCESS-CM2,ssp126,1991-2020,2071-2100,F3_symptom_before85,0.0,0.0,1.0,1.0,0.9999470336213132,1918,63
ACCESS-CM2,ssp126,1991-2020,2071-2100,F3_infection_during_grain_fill,0.0027661628221848224,0.0014951714133428864,0.0,0.0027661628221848224,0.9999470336213132,1918,63
ACCESS-CM2,ssp126,1991-2020,2071-2100,F3_infected_grain_fill_days,-0.7703065214771017,0.09594407662048161,34.17510527461816,33.404798753141066,0.9999470336213132,1918,63
ACCESS-CM2,ssp126,1991-2020,2071-2100,F3_symptomatic_grain_fill_days,-0.7821694345423411,0.09662940995644126,34.14094083202664,33.3587713974843,0.9999470336213132,1918,63
ACCESS-CM2,ssp126,1991-2020,2071-2100,F3_infected_grain_fill_fraction,-0.0004124111946506245,0.00034495720153480394,1.0,0.9995875888053493,0.9999470336213132,1918,63
ACCESS-CM2,ssp126,1991-2020,2071-2100,F3_symptomatic_grain_fill_fraction,-0.0008101511695063197,0.0005427535280154393,0.998943658680921,0.9981335075114146,0.9999470336213132,1918,63
ACCESS-CM2,ssp126,1991-2020,2071-2100,any_top3_infection_before85,0.0,0.0,1.0,1.0,0.9999470336213132,1918,63
ACCESS-CM2,ssp126,1991-2020,2071-2100,all_top3_infection_before85,0.0,0.0,1.0,1.0,0.9999470336213132,1918,63
ACCESS-CM2,ssp126,1991-2020,2071-2100,any_top3_symptom_before85,0.0,0.0,1.0,1.0,0.9999470336213132,1918,63
ACCESS-CM2,ssp126,1991-2020,2071-2100,all_top3_symptom_before85,0.0010768043651085205,0.0010768043666191341,0.9989231956348915,1.0,0.9999470336213132,1918,63
ACCESS-CM2,ssp126,1991-2020,2071-2100,any_top3_infection_during_grain_fill,0.007166705328481403,0.008013169686053851,0.0129912288692545,0.020157934197735906,0.9999470336213132,1918,63
ACCESS-CM2,ssp126,1991-2020,2071-2100,days_any_top3_infected_grain_fill,-0.7703065214771017,0.09594407662048161,34.17510527461816,33.404798753141066,0.9999470336213132,1918,63
ACCESS-CM2,ssp126,1991-2020,2071-2100,days_all_top3_infected_grain_fill,-0.8197183036665863,0.115425078681186,34.09834410497124,33.27862580130466,0.9999470336213132,1918,63
ACCESS-CM2,ssp126,1991-2020,2071-2100,days_any_top3_symptomatic_grain_fill,-0.7821694345423411,0.09662940995644126,34.14094083202664,33.3587713974843,0.9999470336213132,1918,63
ACCESS-CM2,ssp126,1991-2020,2071-2100,days_all_top3_symptomatic_grain_fill,-0.7236651518605525,0.16021533608969654,33.58120657088227,32.85754141902172,0.9999470336213132,1918,63
ACCESS-CM2,ssp126,1991-2020,2071-2100,GS31_85_reference_had3,0.834465217320378,1.62382845061606,70.81529736023668,71.6497625775571,0.9999470336213132,1918,63
ACCESS-CM2,ssp126,1991-2020,2071-2100,GS31_85_lost_had3,3.122163359681625,0.3622440478939297,7.618368520969181,10.740531880650806,0.9999470336213132,1918,63
ACCESS-CM2,ssp126,1991-2020,2071-2100,GS31_85_functional_lost_fraction,0.04336310430285188,0.0052759248183831394,0.10356481668412283,0.1469279209869747,0.9999470336213132,1918,63
ACCESS-CM2,ssp126,1991-2020,2071-2100,conditional_yield_loss_GS31_85_b0141_t_ha_per_unit_lai,0.04402250337151092,0.005107641075304409,0.10741899614566545,0.15144149951717636,0.9999470336213132,1918,63
ACCESS-CM2,ssp126,1991-2020,2071-2100,conditional_yield_loss_GS31_85_b0180_t_ha_per_unit_lai,0.05619894047426924,0.006520392862090733,0.13713063337744527,0.19332957385171448,0.9999470336213132,1918,63
ACCESS-CM2,ssp126,1991-2020,2071-2100,conditional_yield_loss_GS31_85_b0207_t_ha_per_unit_lai,0.06462878154540964,0.007498451791404345,0.15770022838406203,0.2223290099294717,0.9999470336213132,1918,63
ACCESS-CM2,ssp126,1991-2020,2071-2100,GS65_85_reference_had3,-0.7571852730788367,0.09859777967593716,34.175105274618176,33.41792000153933,0.9999470336213132,1918,63
ACCESS-CM2,ssp126,1991-2020,2071-2100,GS65_85_lost_had3,2.6981377985345687,0.3112967991998769,7.229672716084543,9.927810514619113,0.9999470336213132,1918,63
ACCESS-CM2,ssp126,1991-2020,2071-2100,GS65_85_functional_lost_fraction,0.08211481003713436,0.009182869789140576,0.20703525591231559,0.28915006594945,0.9999470336213132,1918,63
ACCESS-CM2,ssp126,1991-2020,2071-2100,conditional_yield_loss_GS65_85_b0141_t_ha_per_unit_lai,0.038043742959337414,0.004389284868718265,0.10193838529679207,0.1399821282561295,0.9999470336213132,1918,63
ACCESS-CM2,ssp126,1991-2020,2071-2100,conditional_yield_loss_GS65_85_b0180_t_ha_per_unit_lai,0.04856648037362224,0.005603342385597785,0.1301341088895218,0.17870058926314403,0.9999470336213132,1918,63
ACCESS-CM2,ssp126,1991-2020,2071-2100,conditional_yield_loss_GS65_85_b0207_t_ha_per_unit_lai,0.05585145242966557,0.0064438437434374525,0.14965422522295005,0.20550567765261563,0.9999470336213132,1918,63
ACCESS-CM2,ssp126,1991-2020,2071-2100,mean_temperature_grain_fill_c,1.0506471104606063,0.08530350990786922,19.16775952241943,20.218406632880036,0.9999470336213132,1918,63
ACCESS-CM2,ssp126,1991-2020,2071-2100,rainfall_grain_fill_mm,-4.583542504151985,0.988525147956184,84.5069862537884,79.92344374963639,0.9999470336213132,1918,63
ACCESS-CM2,ssp126,1991-2020,2071-2100,exposure_grain_fill_effective_days,-1.426463838214923,0.11552300165963393,8.641350948644913,7.21488711042999,0.9999470336213132,1918,63
ACCESS-CM2,ssp245,1991-2020,2031-2060,grain_fill_days,-0.6864355624821616,0.14764847140996712,34.193032408610875,33.50659684612871,0.9999470336213132,1918,63
ACCESS-CM2,ssp245,1991-2020,2031-2060,F1_infection_day_after_sowing,-15.496250529815033,0.8154301526336023,226.96876504824547,211.47251451843047,0.9999470336213132,1918,63
ACCESS-CM2,ssp245,1991-2020,2031-2060,F1_symptom_day_after_sowing,-16.197799899447165,0.553836758486417,241.05751280411508,224.85971290466787,0.998257730059571,1916,61
ACCESS-CM2,ssp245,1991-2020,2031-2060,F1_infection_relative_anthesis_days,-1.7834983794058097,0.43249322085791536,-24.594962152087234,-26.378460531493044,0.9999470336213132,1918,63
ACCESS-CM2,ssp245,1991-2020,2031-2060,F1_symptom_relative_anthesis_days,-2.4807734661817737,0.22489672746448586,-10.452234924730913,-12.933008390912685,0.998257730059571,1916,61
ACCESS-CM2,ssp245,1991-2020,2031-2060,F1_infection_before85,0.0,0.0,1.0,1.0,0.9999470336213132,1918,63
ACCESS-CM2,ssp245,1991-2020,2031-2060,F1_symptom_before85,-0.0016893930427738975,0.001238859369229729,1.0,0.9983106069572261,0.9999470336213132,1918,63
ACCESS-CM2,ssp245,1991-2020,2031-2060,F1_infection_during_grain_fill,0.004763069168720368,0.0018577125137800095,0.008363790928172445,0.013126860096892814,0.9999470336213132,1918,63
ACCESS-CM2,ssp245,1991-2020,2031-2060,F1_infected_grain_fill_days,-0.7633000404204234,0.15387212896243022,34.14423774199623,33.380937701575796,0.9999470336213132,1918,63
ACCESS-CM2,ssp245,1991-2020,2031-2060,F1_symptomatic_grain_fill_days,-0.6304763904051515,0.15450160480447014,33.63202381977339,33.00154742936824,0.9999470336213132,1918,63
ACCESS-CM2,ssp245,1991-2020,2031-2060,F1_infected_grain_fill_fraction,-0.0024225367727141126,0.0008050529438322552,0.9984675474380641,0.9960450106653501,0.9999470336213132,1918,63
ACCESS-CM2,ssp245,1991-2020,2031-2060,F1_symptomatic_grain_fill_fraction,0.001225231915561971,0.0009969899869639524,0.9829319178058257,0.9841571497213876,0.9999470336213132,1918,63
ACCESS-CM2,ssp245,1991-2020,2031-2060,F2_infection_day_after_sowing,-17.24700220194428,1.1229548178575832,217.0648570822507,199.8178548803064,0.9999470336213132,1918,63
ACCESS-CM2,ssp245,1991-2020,2031-2060,F2_symptom_day_after_sowing,-17.155677122301974,0.5220535690434118,233.3981136716786,216.24243654937663,0.9999470336213132,1918,63
ACCESS-CM2,ssp245,1991-2020,2031-2060,F2_infection_relative_anthesis_days,-3.534250051535058,0.8140460377729475,-34.49887011808202,-38.033120169617064,0.9999470336213132,1918,63
ACCESS-CM2,ssp245,1991-2020,2031-2060,F2_symptom_relative_anthesis_days,-3.44292497189275,0.2286822857407581,-18.16561352865413,-21.608538500546878,0.9999470336213132,1918,63
ACCESS-CM2,ssp245,1991-2020,2031-2060,F2_infection_before85,0.0,0.0,1.0,1.0,0.9999470336213132,1918,63
ACCESS-CM2,ssp245,1991-2020,2031-2060,F2_symptom_before85,0.0,0.0,1.0,1.0,0.9999470336213132,1918,63
ACCESS-CM2,ssp245,1991-2020,2031-2060,F2_infection_during_grain_fill,0.0008466941305031448,0.0018857780821842406,0.002211871474396676,0.003058565604899821,0.9999470336213132,1918,63
ACCESS-CM2,ssp245,1991-2020,2031-2060,F2_infected_grain_fill_days,-0.7055710097144571,0.14655407881384042,34.18645505693186,33.4808840472174,0.9999470336213132,1918,63
ACCESS-CM2,ssp245,1991-2020,2031-2060,F2_symptomatic_grain_fill_days,-0.7155138741246128,0.14670860572305972,34.03710608800768,33.32159221388307,0.9999470336213132,1918,63
ACCESS-CM2,ssp245,1991-2020,2031-2060,F2_infected_grain_fill_fraction,-0.0006000008999863634,0.0003636379770781088,0.9997964759340081,0.9991964750340216,0.9999470336213132,1918,63
ACCESS-CM2,ssp245,1991-2020,2031-2060,F2_symptomatic_grain_fill_fraction,-0.001086372621260334,0.0010105406747239502,0.9952770867883707,0.9941907141671102,0.9999470336213132,1918,63
ACCESS-CM2,ssp245,1991-2020,2031-2060,F3_infection_day_after_sowing,-23.682935127011763,3.3784455409407164,203.0651645452686,179.38222941825683,0.9999470336213132,1918,63
ACCESS-CM2,ssp245,1991-2020,2031-2060,F3_symptom_day_after_sowing,-19.368900321965675,0.825906339547377,224.14902643815256,204.78012611618686,0.9999470336213132,1918,63
ACCESS-CM2,ssp245,1991-2020,2031-2060,F3_infection_relative_anthesis_days,-9.970182976602542,3.1000395650891557,-48.49856265506414,-58.468745631666685,0.9999470336213132,1918,63
ACCESS-CM2,ssp245,1991-2020,2031-2060,F3_symptom_relative_anthesis_days,-5.65614817155645,0.5595596620237558,-27.41470076218016,-33.070848933736606,0.9999470336213132,1918,63
ACCESS-CM2,ssp245,1991-2020,2031-2060,F3_infection_before85,0.0,0.0,1.0,1.0,0.9999470336213132,1918,63
ACCESS-CM2,ssp245,1991-2020,2031-2060,F3_symptom_before85,0.0,0.0,1.0,1.0,0.9999470336213132,1918,63
ACCESS-CM2,ssp245,1991-2020,2031-2060,F3_infection_during_grain_fill,0.0,0.0,0.0,0.0,0.9999470336213132,1918,63
ACCESS-CM2,ssp245,1991-2020,2031-2060,F3_infected_grain_fill_days,-0.6864355624821616,0.14764847140996712,34.193032408610875,33.50659684612871,0.9999470336213132,1918,63
ACCESS-CM2,ssp245,1991-2020,2031-2060,F3_symptomatic_grain_fill_days,-0.6650218952710216,0.14741754189586645,34.15596614640633,33.490944251135296,0.9999470336213132,1918,63
ACCESS-CM2,ssp245,1991-2020,2031-2060,F3_infected_grain_fill_fraction,0.0,0.0,1.0,1.0,0.9999470336213132,1918,63
ACCESS-CM2,ssp245,1991-2020,2031-2060,F3_symptomatic_grain_fill_fraction,0.0006605493046173075,0.00042360963474106876,0.9988601916747861,0.9995207409794035,0.9999470336213132,1918,63
ACCESS-CM2,ssp245,1991-2020,2031-2060,any_top3_infection_before85,0.0,0.0,1.0,1.0,0.9999470336213132,1918,63
ACCESS-CM2,ssp245,1991-2020,2031-2060,all_top3_infection_before85,0.0,0.0,1.0,1.0,0.9999470336213132,1918,63
ACCESS-CM2,ssp245,1991-2020,2031-2060,any_top3_symptom_before85,0.0,0.0,1.0,1.0,0.9999470336213132,1918,63
ACCESS-CM2,ssp245,1991-2020,2031-2060,all_top3_symptom_before85,-0.0016893930427738975,0.001238859369229729,1.0,0.9983106069572261,0.9999470336213132,1918,63
ACCESS-CM2,ssp245,1991-2020,2031-2060,any_top3_infection_during_grain_fill,0.004763069168720368,0.0018577125137800095,0.008363790928172445,0.013126860096892814,0.9999470336213132,1918,63
ACCESS-CM2,ssp245,1991-2020,2031-2060,days_any_top3_infected_grain_fill,-0.6864355624821616,0.14764847140996712,34.193032408610875,33.50659684612871,0.9999470336213132,1918,63
ACCESS-CM2,ssp245,1991-2020,2031-2060,days_all_top3_infected_grain_fill,-0.7633000404204234,0.15387212896243022,34.14423774199623,33.380937701575796,0.9999470336213132,1918,63
ACCESS-CM2,ssp245,1991-2020,2031-2060,days_any_top3_symptomatic_grain_fill,-0.6650218952710216,0.14741754189586645,34.15596614640633,33.490944251135296,0.9999470336213132,1918,63
ACCESS-CM2,ssp245,1991-2020,2031-2060,days_all_top3_symptomatic_grain_fill,-0.6304763904051515,0.15450160480447014,33.63202381977339,33.00154742936824,0.9999470336213132,1918,63
ACCESS-CM2,ssp245,1991-2020,2031-2060,GS31_85_reference_had3,1.7327965503202212,1.8210612726035502,70.98690088806956,72.71969743838976,0.9999470336213132,1918,63
ACCESS-CM2,ssp245,1991-2020,2031-2060,GS31_85_lost_had3,2.949165759897929,0.36733203603139986,7.493986471342543,10.443152231240473,0.9999470336213132,1918,63
ACCESS-CM2,ssp245,1991-2020,2031-2060,GS31_85_functional_lost_fraction,0.03920958503756201,0.005469102291783222,0.10172447799188461,0.14093406302944664,0.9999470336213132,1918,63
ACCESS-CM2,ssp245,1991-2020,2031-2060,conditional_yield_loss_GS31_85_b0141_t_ha_per_unit_lai,0.041583237214560795,0.005179381708042737,0.10566520924592988,0.14724844646049065,0.9999470336213132,1918,63
ACCESS-CM2,ssp245,1991-2020,2031-2060,conditional_yield_loss_GS31_85_b0180_t_ha_per_unit_lai,0.053084983678162716,0.006611976648565196,0.1348917564841658,0.18797674016232852,0.9999470336213132,1918,63
ACCESS-CM2,ssp245,1991-2020,2031-2060,conditional_yield_loss_GS31_85_b0207_t_ha_per_unit_lai,0.06104773122988713,0.007603773145849977,0.1551255199567907,0.2161732511866778,0.9999470336213132,1918,63
ACCESS-CM2,ssp245,1991-2020,2031-2060,GS65_85_reference_had3,-0.6864355624821622,0.14764847140996706,34.19303240861088,33.50659684612871,0.9999470336213132,1918,63
ACCESS-CM2,ssp245,1991-2020,2031-2060,GS65_85_lost_had3,2.517100292909298,0.31500949778083576,7.13102282687419,9.64812311978349,0.9999470336213132,1918,63
ACCESS-CM2,ssp245,1991-2020,2031-2060,GS65_85_functional_lost_fraction,0.07618003687827872,0.010120196352395886,0.20434089949850176,0.2805209363767805,0.9999470336213132,1918,63
ACCESS-CM2,ssp245,1991-2020,2031-2060,conditional_yield_loss_GS65_85_b0141_t_ha_per_unit_lai,0.035491114130021095,0.004441633918709784,0.1005474218589261,0.1360385359889472,0.9999470336213132,1918,63
ACCESS-CM2,ssp245,1991-2020,2031-2060,conditional_yield_loss_GS65_85_b0180_t_ha_per_unit_lai,0.04530780527236735,0.005670170960055044,0.12835841088373545,0.17366621615610278,0.9999470336213132,1918,63
ACCESS-CM2,ssp245,1991-2020,2031-2060,conditional_yield_loss_GS65_85_b0207_t_ha_per_unit_lai,0.05210397606322246,0.0065206966040633006,0.14761217251629574,0.1997161485795182,0.9999470336213132,1918,63
ACCESS-CM2,ssp245,1991-2020,2031-2060,mean_temperature_grain_fill_c,0.9346376813425016,0.10066171545852841,19.157338039790115,20.09197572113262,0.9999470336213132,1918,63
ACCESS-CM2,ssp245,1991-2020,2031-2060,rainfall_grain_fill_mm,-5.61896118528045,1.2386731249738707,84.50637016818537,78.88740898290492,0.9999470336213132,1918,63
ACCESS-CM2,ssp245,1991-2020,2031-2060,exposure_grain_fill_effective_days,-1.6567130176703775,0.13578391651303237,8.636543440172531,6.979830422502153,0.9999470336213132,1918,63
ACCESS-CM2,ssp245,1991-2020,2071-2100,grain_fill_days,-0.7694512216052756,0.24682661955971047,34.193032408610875,33.423581187005595,0.9999470336213132,1918,63
ACCESS-CM2,ssp245,1991-2020,2071-2100,F1_infection_day_after_sowing,-25.17679769453003,2.4700254315783,226.94364988039564,201.7668521858656,0.9985779335792997,1916,61
ACCESS-CM2,ssp245,1991-2020,2071-2100,F1_symptom_day_after_sowing,-24.98809138853283,1.1480116431629468,241.09139672794774,216.1033053394149,0.9979653773482382,1915,60
ACCESS-CM2,ssp245,1991-2020,2071-2100,F1_infection_relative_anthesis_days,-3.918750151257877,1.704970643894826,-24.621135104164495,-28.53988525542237,0.9985779335792997,1916,61
ACCESS-CM2,ssp245,1991-2020,2071-2100,F1_symptom_relative_anthesis_days,-3.7347958951068825,0.3026160606963858,-10.457775992099275,-14.192571887206158,0.9979653773482382,1915,60
ACCESS-CM2,ssp245,1991-2020,2071-2100,F1_infection_before85,-0.001369172562125923,0.0011157897689993822,1.0,0.9986308274378741,0.9999470336213132,1918,63
ACCESS-CM2,ssp245,1991-2020,2071-2100,F1_symptom_before85,-0.0019817612397913004,0.0012728910803234362,1.0,0.9980182387602087,0.9999470336213132,1918,63
ACCESS-CM2,ssp245,1991-2020,2071-2100,F1_infection_during_grain_fill,0.0008853548337412624,0.004029503449238643,0.008363790928172445,0.009249145761913708,0.9999470336213132,1918,63
ACCESS-CM2,ssp245,1991-2020,2071-2100,F1_infected_grain_fill_days,-0.8307676692296416,0.24735149718386665,34.14423774199623,33.31347007276658,0.9999470336213132,1918,63
ACCESS-CM2,ssp245,1991-2020,2071-2100,F1_symptomatic_grain_fill_days,-0.6321388732373124,0.26534387121524133,33.63202381977339,32.99988494653608,0.9999470336213132,1918,63
ACCESS-CM2,ssp245,1991-2020,2071-2100,F1_infected_grain_fill_fraction,-0.001958696451853741,0.0007566590046832284,0.9984675474380641,0.9965088509862103,0.9999470336213132,1918,63
ACCESS-CM2,ssp245,1991-2020,2071-2100,F1_symptomatic_grain_fill_fraction,0.003681020060234497,0.002256288187430107,0.9829319178058257,0.9866129378660601,0.9999470336213132,1918,63
ACCESS-CM2,ssp245,1991-2020,2071-2100,F2_infection_day_after_sowing,-28.198925543872562,3.285640984130835,217.08183836461282,188.88291282074027,0.9996546809099804,1917,62
ACCESS-CM2,ssp245,1991-2020,2071-2100,F2_symptom_day_after_sowing,-26.65474769878772,1.2980767741741355,233.41489996246256,206.76015226367483,0.9996546809099804,1917,62
ACCESS-CM2,ssp245,1991-2020,2071-2100,F2_infection_relative_anthesis_days,-6.948695783548271,2.5317459488349727,-34.50603490332274,-41.45473068687102,0.9996546809099804,1917,62
ACCESS-CM2,ssp245,1991-2020,2071-2100,F2_symptom_relative_anthesis_days,-5.404517938463428,0.4502497975740431,-18.17297330547302,-23.577491243936443,0.9996546809099804,1917,62
ACCESS-CM2,ssp245,1991-2020,2071-2100,F2_infection_before85,-0.00029236819701740254,0.0002923681974275563,1.0,0.9997076318029826,0.9999470336213132,1918,63
ACCESS-CM2,ssp245,1991-2020,2071-2100,F2_symptom_before85,-0.00029236819701740254,0.0002923681974275563,1.0,0.9997076318029826,0.9999470336213132,1918,63
ACCESS-CM2,ssp245,1991-2020,2071-2100,F2_infection_during_grain_fill,0.004314153420779638,0.0015372643128319357,0.002211871474396676,0.006526024895176313,0.9999470336213132,1918,63
ACCESS-CM2,ssp245,1991-2020,2071-2100,F2_infected_grain_fill_days,-0.8146083650647163,0.24661047410564416,34.18645505693186,33.37184669186715,0.9999470336213132,1918,63
ACCESS-CM2,ssp245,1991-2020,2071-2100,F2_symptomatic_grain_fill_days,-0.8031152696906616,0.24625025492177718,34.03710608800768,33.23399081831702,0.9999470336213132,1918,63
ACCESS-CM2,ssp245,1991-2020,2071-2100,F2_infected_grain_fill_fraction,-0.0014426924186060103,0.0006566426685406266,0.9997964759340081,0.998353783515402,0.9999470336213132,1918,63
ACCESS-CM2,ssp245,1991-2020,2071-2100,F2_symptomatic_grain_fill_fraction,-0.0012811747305957375,0.0010646873077809916,0.9952770867883707,0.993995912057775,0.9999470336213132,1918,63
ACCESS-CM2,ssp245,1991-2020,2071-2100,F3_infection_day_after_sowing,-34.300432785285054,4.238632285665765,203.07922138053763,168.7787885952526,0.9996546809099804,1917,62
ACCESS-CM2,ssp245,1991-2020,2071-2100,F3_symptom_day_after_sowing,-30.150297210799664,2.3003306629623075,224.1642776139473,194.01398040314763,0.9996546809099804,1917,62
ACCESS-CM2,ssp245,1991-2020,2071-2100,F3_infection_relative_anthesis_days,-13.050203024960757,3.5238492959498786,-48.50865188739797,-61.558854912358726,0.9996546809099804,1917,62
ACCESS-CM2,ssp245,1991-2020,2071-2100,F3_symptom_relative_anthesis_days,-8.900067450475373,1.569737164818843,-27.4235956539883,-36.32366310446368,0.9996546809099804,1917,62
ACCESS-CM2,ssp245,1991-2020,2071-2100,F3_infection_before85,-0.00029236819701740254,0.0002923681974275563,1.0,0.9997076318029826,0.9999470336213132,1918,63
ACCESS-CM2,ssp245,1991-2020,2071-2100,F3_symptom_before85,-0.00029236819701740254,0.0002923681974275563,1.0,0.9997076318029826,0.9999470336213132,1918,63
ACCESS-CM2,ssp245,1991-2020,2071-2100,F3_infection_during_grain_fill,0.002652612661636312,0.0013223972755758914,0.0,0.002652612661636312,0.9999470336213132,1918,63
ACCESS-CM2,ssp245,1991-2020,2071-2100,F3_infected_grain_fill_days,-0.7949926280525835,0.2467975306123601,34.193032408610875,33.398039780558285,0.9999470336213132,1918,63
ACCESS-CM2,ssp245,1991-2020,2071-2100,F3_symptomatic_grain_fill_days,-0.8119605528512076,0.24740996665508605,34.15596614640633,33.34400559355512,0.9999470336213132,1918,63
ACCESS-CM2,ssp245,1991-2020,2071-2100,F3_infected_grain_fill_fraction,-0.0008166271238742379,0.0004414968247545553,1.0,0.9991833728761259,0.9999470336213132,1918,63
ACCESS-CM2,ssp245,1991-2020,2071-2100,F3_symptomatic_grain_fill_fraction,-0.001391663351548399,0.0007172154976690583,0.9988601916747861,0.9974685283232378,0.9999470336213132,1918,63
ACCESS-CM2,ssp245,1991-2020,2071-2100,any_top3_infection_before85,-0.00029236819701740254,0.0002923681974275563,1.0,0.9997076318029826,0.9999470336213132,1918,63
ACCESS-CM2,ssp245,1991-2020,2071-2100,all_top3_infection_before85,-0.001369172562125923,0.0011157897689993822,1.0,0.9986308274378741,0.9999470336213132,1918,63
ACCESS-CM2,ssp245,1991-2020,2071-2100,any_top3_symptom_before85,-0.00029236819701740254,0.0002923681974275563,1.0,0.9997076318029826,0.9999470336213132,1918,63
ACCESS-CM2,ssp245,1991-2020,2071-2100,all_top3_symptom_before85,-0.0019817612397913004,0.0012728910803234362,1.0,0.9980182387602087,0.9999470336213132,1918,63
ACCESS-CM2,ssp245,1991-2020,2071-2100,any_top3_infection_during_grain_fill,0.0019621591988497828,0.0033484869637280157,0.008363790928172445,0.010325950127022228,0.9999470336213132,1918,63
ACCESS-CM2,ssp245,1991-2020,2071-2100,days_any_top3_infected_grain_fill,-0.7949926280525835,0.2467975306123601,34.193032408610875,33.398039780558285,0.9999470336213132,1918,63
ACCESS-CM2,ssp245,1991-2020,2071-2100,days_all_top3_infected_grain_fill,-0.8307676692296416,0.24735149718386665,34.14423774199623,33.31347007276658,0.9999470336213132,1918,63
ACCESS-CM2,ssp245,1991-2020,2071-2100,days_any_top3_symptomatic_grain_fill,-0.8119605528512076,0.24740996665508605,34.15596614640633,33.34400559355512,0.9999470336213132,1918,63
ACCESS-CM2,ssp245,1991-2020,2071-2100,days_all_top3_symptomatic_grain_fill,-0.6321388732373124,0.26534387121524133,33.63202381977339,32.99988494653608,0.9999470336213132,1918,63
ACCESS-CM2,ssp245,1991-2020,2071-2100,GS31_85_reference_had3,3.711800680376527,3.267991165659084,70.98690088806956,74.69870156844608,0.9999470336213132,1918,63
ACCESS-CM2,ssp245,1991-2020,2071-2100,GS31_85_lost_had3,4.289925826152581,0.4022355322630622,7.493986471342543,11.783912297495124,0.9999470336213132,1918,63
ACCESS-CM2,ssp245,1991-2020,2071-2100,GS31_85_functional_lost_fraction,0.058256013901398895,0.006003865755291364,0.10172447799188461,0.1599804918932835,0.9999470336213132,1918,63
ACCESS-CM2,ssp245,1991-2020,2071-2100,conditional_yield_loss_GS31_85_b0141_t_ha_per_unit_lai,0.0604879541487514,0.005671521004909178,0.10566520924592988,0.16615316339468128,0.9999470336213132,1918,63
ACCESS-CM2,ssp245,1991-2020,2071-2100,conditional_yield_loss_GS31_85_b0180_t_ha_per_unit_lai,0.07721866487074645,0.007240239580735118,0.1348917564841658,0.21211042135491223,0.9999470336213132,1918,63
ACCESS-CM2,ssp245,1991-2020,2071-2100,conditional_yield_loss_GS31_85_b0207_t_ha_per_unit_lai,0.08880146460135845,0.00832627551784539,0.1551255199567907,0.24392698455814912,0.9999470336213132,1918,63
ACCESS-CM2,ssp245,1991-2020,2071-2100,GS65_85_reference_had3,-0.7694512216052765,0.24682661955971055,34.19303240861088,33.423581187005595,0.9999470336213132,1918,63
ACCESS-CM2,ssp245,1991-2020,2071-2100,GS65_85_lost_had3,3.6243260923006333,0.34527309547548396,7.13102282687419,10.755348919174825,0.9999470336213132,1918,63
ACCESS-CM2,ssp245,1991-2020,2071-2100,GS65_85_functional_lost_fraction,0.11152868268441404,0.01094378501487417,0.20434089949850176,0.3158695821829158,0.9999470336213132,1918,63
ACCESS-CM2,ssp245,1991-2020,2071-2100,conditional_yield_loss_GS65_85_b0141_t_ha_per_unit_lai,0.051102997901438935,0.004868350646204324,0.1005474218589261,0.15165041976036503,0.9999470336213132,1918,63
ACCESS-CM2,ssp245,1991-2020,2071-2100,conditional_yield_loss_GS65_85_b0180_t_ha_per_unit_lai,0.0652378696614114,0.006214915718558711,0.12835841088373545,0.19359628054514683,0.9999470336213132,1918,63
ACCESS-CM2,ssp245,1991-2020,2071-2100,conditional_yield_loss_GS65_85_b0207_t_ha_per_unit_lai,0.07502355011062312,0.007147153076342516,0.14761217251629574,0.22263572262691886,0.9999470336213132,1918,63
ACCESS-CM2,ssp245,1991-2020,2071-2100,mean_temperature_grain_fill_c,1.1360759134593592,0.17105794181405848,19.157338039790115,20.293413953249473,0.9999470336213132,1918,63
ACCESS-CM2,ssp245,1991-2020,2071-2100,rainfall_grain_fill_mm,-6.028579043191683,1.1672545904595486,84.50637016818537,78.4777911249937,0.9999470336213132,1918,63
ACCESS-CM2,ssp245,1991-2020,2071-2100,exposure_grain_fill_effective_days,-1.9055723825662778,0.16215315013399637,8.636543440172531,6.7309710576062525,0.9999470336213132,1918,63
ACCESS-CM2,ssp585,1991-2020,2031-2060,grain_fill_days,-0.862152920212582,0.19336082642848548,34.16089070265973,33.29873778244715,0.9999470336213132,1918,63
ACCESS-CM2,ssp585,1991-2020,2031-2060,F1_infection_day_after_sowing,-15.895376373660087,1.4423118535237485,227.3610250436584,211.46564866999833,0.9996546809099804,1917,62
ACCESS-CM2,ssp585,1991-2020,2031-2060,F1_symptom_day_after_sowing,-16.21098750869249,0.7008387059640936,241.44495924332122,225.23397173462874,0.9979932281566342,1914,60
ACCESS-CM2,ssp585,1991-2020,2031-2060,F1_infection_relative_anthesis_days,-1.0871718239780923,0.8360821463280429,-24.369485081756938,-25.45665690573503,0.9996546809099804,1917,62
ACCESS-CM2,ssp585,1991-2020,2031-2060,F1_symptom_relative_anthesis_days,-1.4061532965507269,0.1403945749386767,-10.294532515775112,-11.70068581232584,0.9979932281566342,1914,60
ACCESS-CM2,ssp585,1991-2020,2031-2060,F1_infection_before85,-0.00029236819701740254,0.0002923681974275563,1.0,0.9997076318029826,0.9999470336213132,1918,63
ACCESS-CM2,ssp585,1991-2020,2031-2060,F1_symptom_before85,-0.0019539089561607286,0.0012136437894737248,1.0,0.9980460910438392,0.9999470336213132,1918,63
ACCESS-CM2,ssp585,1991-2020,2031-2060,F1_infection_during_grain_fill,0.018610633922157102,0.006534028840966074,0.010256878963235046,0.02886751288539215,0.9999470336213132,1918,63
ACCESS-CM2,ssp585,1991-2020,2031-2060,F1_infected_grain_fill_days,-1.0367188321532301,0.18488899558665942,34.10408143901679,33.06736260686356,0.9999470336213132,1918,63
ACCESS-CM2,ssp585,1991-2020,2031-2060,F1_symptomatic_grain_fill_days,-1.1504503005512667,0.19057752682656698,33.563612623496695,32.41316232294543,0.9999470336213132,1918,63
ACCESS-CM2,ssp585,1991-2020,2031-2060,F1_infected_grain_fill_fraction,-0.005496752606490164,0.0022468041926599603,0.9982047405445101,0.99270798793802,0.9999470336213132,1918,63
ACCESS-CM2,ssp585,1991-2020,2031-2060,F1_symptomatic_grain_fill_fraction,-0.009497535696254127,0.0027949146725987704,0.9816656316580936,0.9721680959618395,0.9999470336213132,1918,63
ACCESS-CM2,ssp585,1991-2020,2031-2060,F2_infection_day_after_sowing,-17.901640564917347,2.2204266376361597,217.29170639831628,199.39006583339898,0.9999470336213132,1918,63
ACCESS-CM2,ssp585,1991-2020,2031-2060,F2_symptom_day_after_sowing,-16.98424546239566,0.7153829517184834,233.7474894722274,216.76324400983168,0.9996546809099804,1917,62
ACCESS-CM2,ssp585,1991-2020,2031-2060,F2_infection_relative_anthesis_days,-3.092502835754294,1.6385140777868015,-34.41870911177361,-37.51121194752789,0.9999470336213132,1918,63
ACCESS-CM2,ssp585,1991-2020,2031-2060,F2_symptom_relative_anthesis_days,-2.1760409127136704,0.18032030356253698,-17.983020653187996,-20.159061565901663,0.9996546809099804,1917,62
ACCESS-CM2,ssp585,1991-2020,2031-2060,F2_infection_before85,0.0,0.0,1.0,1.0,0.9999470336213132,1918,63
ACCESS-CM2,ssp585,1991-2020,2031-2060,F2_symptom_before85,-0.00029236819701740254,0.0002923681974275563,1.0,0.9997076318029826,0.9999470336213132,1918,63
ACCESS-CM2,ssp585,1991-2020,2031-2060,F2_infection_during_grain_fill,0.004107448514982578,0.0019364678264793525,0.004455590450656316,0.008563038965638894,0.9999470336213132,1918,63
ACCESS-CM2,ssp585,1991-2020,2031-2060,F2_infected_grain_fill_days,-0.9070551604863876,0.1917928416682567,34.15366891480119,33.2466137543148,0.9999470336213132,1918,63
ACCESS-CM2,ssp585,1991-2020,2031-2060,F2_symptomatic_grain_fill_days,-0.9926892282028522,0.1904815484520225,33.97687182194419,32.984182593741345,0.9999470336213132,1918,63
ACCESS-CM2,ssp585,1991-2020,2031-2060,F2_infected_grain_fill_fraction,-0.0014321984877158132,0.0006155305537895541,0.9997783979338338,0.9983461994461181,0.9999470336213132,1918,63
ACCESS-CM2,ssp585,1991-2020,2031-2060,F2_symptomatic_grain_fill_fraction,-0.0042403102031408095,0.0022514431094865506,0.9943487822707296,0.9901084720675888,0.9999470336213132,1918,63
ACCESS-CM2,ssp585,1991-2020,2031-2060,F3_infection_day_after_sowing,-22.879463679404456,3.6768428957068564,203.3063578186182,180.42689413921374,0.9999470336213132,1918,63
ACCESS-CM2,ssp585,1991-2020,2031-2060,F3_symptom_day_after_sowing,-19.37957767701155,1.344306108776304,224.4701031618462,205.09052548483464,0.9996546809099804,1917,62
ACCESS-CM2,ssp585,1991-2020,2031-2060,F3_infection_relative_anthesis_days,-8.070325950241402,3.06507179913398,-48.404057691471714,-56.47438364171311,0.9999470336213132,1918,63
ACCESS-CM2,ssp585,1991-2020,2031-2060,F3_symptom_relative_anthesis_days,-4.571373127329559,0.7726688155913669,-27.260406963569164,-31.83178009089872,0.9996546809099804,1917,62
ACCESS-CM2,ssp585,1991-2020,2031-2060,F3_infection_before85,0.0,0.0,1.0,1.0,0.9999470336213132,1918,63
ACCESS-CM2,ssp585,1991-2020,2031-2060,F3_symptom_before85,-0.00029236819701740254,0.0002923681974275563,1.0,0.9997076318029826,0.9999470336213132,1918,63
ACCESS-CM2,ssp585,1991-2020,2031-2060,F3_infection_during_grain_fill,0.0019539089561607286,0.0012136437894737248,0.0,0.0019539089561607286,0.9999470336213132,1918,63
ACCESS-CM2,ssp585,1991-2020,2031-2060,F3_infected_grain_fill_days,-0.8811999418031154,0.19085288348490484,34.16089070265973,33.27969076085661,0.9999470336213132,1918,63
ACCESS-CM2,ssp585,1991-2020,2031-2060,F3_symptomatic_grain_fill_days,-0.892620263826256,0.18734891689124067,34.11245988221882,33.21983961839257,0.9999470336213132,1918,63
ACCESS-CM2,ssp585,1991-2020,2031-2060,F3_infected_grain_fill_fraction,-0.0006013219866912546,0.0003957042604055234,1.0,0.9993986780133086,0.9999470336213132,1918,63
ACCESS-CM2,ssp585,1991-2020,2031-2060,F3_symptomatic_grain_fill_fraction,-0.0009686506328775886,0.0013412521436466905,0.9984911596238498,0.9975225089909722,0.9999470336213132,1918,63
ACCESS-CM2,ssp585,1991-2020,2031-2060,any_top3_infection_before85,0.0,0.0,1.0,1.0,0.9999470336213132,1918,63
ACCESS-CM2,ssp585,1991-2020,2031-2060,all_top3_infection_before85,-0.00029236819701740254,0.0002923681974275563,1.0,0.9997076318029826,0.9999470336213132,1918,63
ACCESS-CM2,ssp585,1991-2020,2031-2060,any_top3_symptom_before85,-0.00029236819701740254,0.0002923681974275563,1.0,0.9997076318029826,0.9999470336213132,1918,63
ACCESS-CM2,ssp585,1991-2020,2031-2060,all_top3_symptom_before85,-0.0019539089561607286,0.0012136437894737248,1.0,0.9980460910438392,0.9999470336213132,1918,63
ACCESS-CM2,ssp585,1991-2020,2031-2060,any_top3_infection_during_grain_fill,0.018903002119174506,0.0065709904007617715,0.010256878963235046,0.029159881082409553,0.9999470336213132,1918,63
ACCESS-CM2,ssp585,1991-2020,2031-2060,days_any_top3_infected_grain_fill,-0.8811999418031154,0.19085288348490484,34.16089070265973,33.27969076085661,0.9999470336213132,1918,63
ACCESS-CM2,ssp585,1991-2020,2031-2060,days_all_top3_infected_grain_fill,-1.0367188321532301,0.18488899558665942,34.10408143901679,33.06736260686356,0.9999470336213132,1918,63
ACCESS-CM2,ssp585,1991-2020,2031-2060,days_any_top3_symptomatic_grain_fill,-0.892620263826256,0.18734891689124067,34.11245988221882,33.21983961839257,0.9999470336213132,1918,63
ACCESS-CM2,ssp585,1991-2020,2031-2060,days_all_top3_symptomatic_grain_fill,-1.1504503005512667,0.19057752682656698,33.563612623496695,32.41316232294543,0.9999470336213132,1918,63
ACCESS-CM2,ssp585,1991-2020,2031-2060,GS31_85_reference_had3,1.7015370079935623,2.4881655024820852,70.79735493384999,72.49889194184354,0.9999470336213132,1918,63
ACCESS-CM2,ssp585,1991-2020,2031-2060,GS31_85_lost_had3,1.955460926867229,0.3108356025569219,7.538611015029313,9.494071941896543,0.9999470336213132,1918,63
ACCESS-CM2,ssp585,1991-2020,2031-2060,GS31_85_functional_lost_fraction,0.026952667555580123,0.004787326149108608,0.10253831317265215,0.12949098072823226,0.9999470336213132,1918,63
ACCESS-CM2,ssp585,1991-2020,2031-2060,conditional_yield_loss_GS31_85_b0141_t_ha_per_unit_lai,0.027571999068827922,0.0043827819960525986,0.10629441531191333,0.13386641438074123,0.9999470336213132,1918,63
ACCESS-CM2,ssp585,1991-2020,2031-2060,conditional_yield_loss_GS31_85_b0180_t_ha_per_unit_lai,0.03519829668361012,0.005595040846024593,0.13569499827052767,0.1708932949541378,0.9999470336213132,1918,63
ACCESS-CM2,ssp585,1991-2020,2031-2060,conditional_yield_loss_GS31_85_b0207_t_ha_per_unit_lai,0.04047804118615164,0.006434296972928283,0.15604924801110678,0.19652728919725845,0.9999470336213132,1918,63
ACCESS-CM2,ssp585,1991-2020,2031-2060,GS65_85_reference_had3,-0.862152920212583,0.19336082642848554,34.160890702659735,33.29873778244715,0.9999470336213132,1918,63
ACCESS-CM2,ssp585,1991-2020,2031-2060,GS65_85_lost_had3,1.6614625377560701,0.26981873608958423,7.168156526414581,8.829619064170652,0.9999470336213132,1918,63
ACCESS-CM2,ssp585,1991-2020,2031-2060,GS65_85_functional_lost_fraction,0.05266552497424523,0.008843274919272122,0.20521353300220607,0.25787905797645133,0.9999470336213132,1918,63
ACCESS-CM2,ssp585,1991-2020,2031-2060,conditional_yield_loss_GS65_85_b0141_t_ha_per_unit_lai,0.023426621782360588,0.0038044441788631376,0.1010710070224456,0.12449762880480619,0.9999470336213132,1918,63
ACCESS-CM2,ssp585,1991-2020,2031-2060,conditional_yield_loss_GS65_85_b0180_t_ha_per_unit_lai,0.02990632567960926,0.004856737249612516,0.12902681747546244,0.1589331431550717,0.9999470336213132,1918,63
ACCESS-CM2,ssp585,1991-2020,2031-2060,conditional_yield_loss_GS65_85_b0207_t_ha_per_unit_lai,0.034392274531550644,0.0055852478370543935,0.14838084009678182,0.18277311462833248,0.9999470336213132,1918,63
ACCESS-CM2,ssp585,1991-2020,2031-2060,mean_temperature_grain_fill_c,1.5698900229721346,0.1687444880392559,19.1927131501402,20.762603173112332,0.9999470336213132,1918,63
ACCESS-CM2,ssp585,1991-2020,2031-2060,rainfall_grain_fill_mm,-9.691210996907827,1.5379532886064684,84.42530095316017,74.73408995625236,0.9999470336213132,1918,63
ACCESS-CM2,ssp585,1991-2020,2031-2060,exposure_grain_fill_effective_days,-2.112189562964301,0.1860981382251965,8.62284011363146,6.510650550667159,0.9999470336213132,1918,63
ACCESS-CM2,ssp585,1991-2020,2071-2100,grain_fill_days,1.0538345383344456,0.7071214249194977,34.16089070265973,35.21472524099418,0.9999470336213132,1918,63
ACCESS-CM2,ssp585,1991-2020,2071-2100,F1_infection_day_after_sowing,-47.44889840792034,4.276454148913358,227.38658157287279,179.93768316495243,0.9993623281986477,1916,61
ACCESS-CM2,ssp585,1991-2020,2071-2100,F1_symptom_day_after_sowing,-44.80456470385245,2.382735586092829,241.57447646936623,196.76991176551377,0.9969956556995896,1909,59
ACCESS-CM2,ssp585,1991-2020,2071-2100,F1_infection_relative_anthesis_days,-8.904077703265843,2.5948635746340747,-24.363449846284922,-33.26752754955077,0.9993623281986477,1916,61
ACCESS-CM2,ssp585,1991-2020,2071-2100,F1_symptom_relative_anthesis_days,-6.237267958240005,0.7633714878831293,-10.27700673410569,-16.514274692345694,0.9969956556995896,1909,59
ACCESS-CM2,ssp585,1991-2020,2071-2100,F1_infection_before85,-0.0005847363940348051,0.0003375977159217801,1.0,0.9994152636059652,0.9999470336213132,1918,63
ACCESS-CM2,ssp585,1991-2020,2071-2100,F1_symptom_before85,-0.0029515342538045976,0.0012308481144352784,1.0,0.9970484657461954,0.9999470336213132,1918,63
ACCESS-CM2,ssp585,1991-2020,2071-2100,F1_infection_during_grain_fill,0.0006709095663561433,0.004225329508738898,0.010256878963235046,0.010927788529591191,0.9999470336213132,1918,63
ACCESS-CM2,ssp585,1991-2020,2071-2100,F1_infected_grain_fill_days,0.9653941597243096,0.7164526919417668,34.10408143901679,35.0694755987411,0.9999470336213132,1918,63
ACCESS-CM2,ssp585,1991-2020,2071-2100,F1_symptomatic_grain_fill_days,1.176121931828346,0.7240561530924828,33.563612623496695,34.73973455532504,0.9999470336213132,1918,63
ACCESS-CM2,ssp585,1991-2020,2071-2100,F1_infected_grain_fill_fraction,-0.0028129585871803113,0.0021455409935512123,0.9982047405445101,0.9953917819573298,0.9999470336213132,1918,63
ACCESS-CM2,ssp585,1991-2020,2071-2100,F1_symptomatic_grain_fill_fraction,0.003974019727702647,0.003515572838874349,0.9816656316580936,0.9856396513857963,0.9999470336213132,1918,63
ACCESS-CM2,ssp585,1991-2020,2071-2100,F2_infection_day_after_sowing,-51.072169400032834,4.828062554934671,217.33283256521275,166.2606631651799,0.9993623281986477,1916,61
ACCESS-CM2,ssp585,1991-2020,2071-2100,F2_symptom_day_after_sowing,-47.98818548846928,3.020324180681018,233.82712710337535,185.83894161490608,0.9984852700646494,1913,60
ACCESS-CM2,ssp585,1991-2020,2071-2100,F2_infection_relative_anthesis_days,-12.527348695378333,3.105902423514419,-34.417198853944946,-46.94454754932329,0.9993623281986477,1916,61
ACCESS-CM2,ssp585,1991-2020,2071-2100,F2_symptom_relative_anthesis_days,-9.435566314025229,1.3957721811407493,-17.978901620174415,-27.41446793419964,0.9984852700646494,1913,60
ACCESS-CM2,ssp585,1991-2020,2071-2100,F2_infection_before85,-0.0005847363940348051,0.0003375977159217801,1.0,0.9994152636059652,0.9999470336213132,1918,63
ACCESS-CM2,ssp585,1991-2020,2071-2100,F2_symptom_before85,-0.0014618409850870129,0.0005598424798955094,1.0,0.9985381590149129,0.9999470336213132,1918,63
ACCESS-CM2,ssp585,1991-2020,2071-2100,F2_infection_during_grain_fill,-0.000919319802816913,0.00247152417046812,0.004455590450656316,0.0035362706478394026,0.9999470336213132,1918,63
ACCESS-CM2,ssp585,1991-2020,2071-2100,F2_infected_grain_fill_days,0.9966794567196874,0.7079746231642956,34.15366891480119,35.150348371520884,0.9999470336213132,1918,63
ACCESS-CM2,ssp585,1991-2020,2071-2100,F2_symptomatic_grain_fill_days,1.0681326262374504,0.712748038671122,33.97687182194419,35.04500444818164,0.9999470336213132,1918,63
ACCESS-CM2,ssp585,1991-2020,2071-2100,F2_infected_grain_fill_fraction,-0.001808395213656377,0.000754188103745723,0.9997783979338338,0.9979700027201776,0.9999470336213132,1918,63
ACCESS-CM2,ssp585,1991-2020,2071-2100,F2_symptomatic_grain_fill_fraction,0.0003539107303602499,0.0016930309521812623,0.9943487822707296,0.9947026930010897,0.9999470336213132,1918,63
ACCESS-CM2,ssp585,1991-2020,2071-2100,F3_infection_day_after_sowing,-55.710233579057046,5.028239829382759,203.3063578186182,147.59612423956114,0.9999470336213132,1918,63
ACCESS-CM2,ssp585,1991-2020,2071-2100,F3_symptom_day_after_sowing,-52.73791045845738,4.114130245582001,224.51427201853346,171.7763615600761,0.9990699754873149,1915,61
ACCESS-CM2,ssp585,1991-2020,2071-2100,F3_infection_relative_anthesis_days,-17.169239869260995,3.4793243265141776,-48.404057691471714,-65.57329756073271,0.9999470336213132,1918,63
ACCESS-CM2,ssp585,1991-2020,2071-2100,F3_symptom_relative_anthesis_days,-14.188248327966654,2.49376457535482,-27.26055936667149,-41.44880769463814,0.9990699754873149,1915,61
ACCESS-CM2,ssp585,1991-2020,2071-2100,F3_infection_before85,0.0,0.0,1.0,1.0,0.9999470336213132,1918,63
ACCESS-CM2,ssp585,1991-2020,2071-2100,F3_symptom_before85,-0.0008771045910522077,0.0005598424764683762,1.0,0.9991228954089478,0.9999470336213132,1918,63
ACCESS-CM2,ssp585,1991-2020,2071-2100,F3_infection_during_grain_fill,0.0020465773791218177,0.0007357771685259534,0.0,0.0020465773791218177,0.9999470336213132,1918,63
ACCESS-CM2,ssp585,1991-2020,2071-2100,F3_infected_grain_fill_days,1.031614555361123,0.707256321368463,34.16089070265973,35.19250525802086,0.9999470336213132,1918,63
ACCESS-CM2,ssp585,1991-2020,2071-2100,F3_symptomatic_grain_fill_days,1.0330219284949504,0.7074524163476854,34.11245988221882,35.14548181071378,0.9999470336213132,1918,63
ACCESS-CM2,ssp585,1991-2020,2071-2100,F3_infected_grain_fill_fraction,-0.0007046094982737952,0.0004069422245676787,1.0,0.9992953905017261,0.9999470336213132,1918,63
ACCESS-CM2,ssp585,1991-2020,2071-2100,F3_symptomatic_grain_fill_fraction,-0.0006291259399166942,0.0007558951819814357,0.9984911596238498,0.997862033683933,0.9999470336213132,1918,63
ACCESS-CM2,ssp585,1991-2020,2071-2100,any_top3_infection_before85,0.0,0.0,1.0,1.0,0.9999470336213132,1918,63
ACCESS-CM2,ssp585,1991-2020,2071-2100,all_top3_infection_before85,-0.0005847363940348051,0.0003375977159217801,1.0,0.9994152636059652,0.9999470336213132,1918,63
ACCESS-CM2,ssp585,1991-2020,2071-2100,any_top3_symptom_before85,-0.0008771045910522077,0.0005598424764683762,1.0,0.9991228954089478,0.9999470336213132,1918,63
ACCESS-CM2,ssp585,1991-2020,2071-2100,all_top3_symptom_before85,-0.0029515342538045976,0.0012308481144352784,1.0,0.9970484657461954,0.9999470336213132,1918,63
ACCESS-CM2,ssp585,1991-2020,2071-2100,any_top3_infection_during_grain_fill,0.0009632777633735457,0.004315405186353316,0.010256878963235046,0.011220156726608595,0.9999470336213132,1918,63
ACCESS-CM2,ssp585,1991-2020,2071-2100,days_any_top3_infected_grain_fill,1.031614555361123,0.707256321368463,34.16089070265973,35.19250525802086,0.9999470336213132,1918,63
ACCESS-CM2,ssp585,1991-2020,2071-2100,days_all_top3_infected_grain_fill,0.9653941597243096,0.7164526919417668,34.10408143901679,35.0694755987411,0.9999470336213132,1918,63
ACCESS-CM2,ssp585,1991-2020,2071-2100,days_any_top3_symptomatic_grain_fill,1.0330219284949504,0.7074524163476854,34.11245988221882,35.14548181071378,0.9999470336213132,1918,63
ACCESS-CM2,ssp585,1991-2020,2071-2100,days_all_top3_symptomatic_grain_fill,1.176121931828346,0.7240561530924828,33.563612623496695,34.73973455532504,0.9999470336213132,1918,63
ACCESS-CM2,ssp585,1991-2020,2071-2100,GS31_85_reference_had3,11.05063510728534,4.126673515687095,70.79735493384999,81.84799004113532,0.9999470336213132,1918,63
ACCESS-CM2,ssp585,1991-2020,2071-2100,GS31_85_lost_had3,5.477937293961249,0.4584526633149364,7.538611015029313,13.016548308990563,0.9999470336213132,1918,63
ACCESS-CM2,ssp585,1991-2020,2071-2100,GS31_85_functional_lost_fraction,0.06734332649574276,0.005760240620572416,0.10253831317265215,0.1698816396683949,0.9999470336213132,1918,63
ACCESS-CM2,ssp585,1991-2020,2071-2100,conditional_yield_loss_GS31_85_b0141_t_ha_per_unit_lai,0.07723891584485362,0.006464182552740603,0.10629441531191333,0.18353333115676698,0.9999470336213132,1918,63
ACCESS-CM2,ssp585,1991-2020,2071-2100,conditional_yield_loss_GS31_85_b0180_t_ha_per_unit_lai,0.09860287129130248,0.008252147939668858,0.13569499827052767,0.23429786956183013,0.9999470336213132,1918,63
ACCESS-CM2,ssp585,1991-2020,2071-2100,conditional_yield_loss_GS31_85_b0207_t_ha_per_unit_lai,0.11339330198499788,0.009489970130619184,0.15604924801110678,0.2694425499961047,0.9999470336213132,1918,63
ACCESS-CM2,ssp585,1991-2020,2071-2100,GS65_85_reference_had3,1.0538345383344452,0.7071214249194974,34.160890702659735,35.21472524099418,0.9999470336213132,1918,63
ACCESS-CM2,ssp585,1991-2020,2071-2100,GS65_85_lost_had3,4.392311539268504,0.3499180828415924,7.168156526414581,11.560468065683082,0.9999470336213132,1918,63
ACCESS-CM2,ssp585,1991-2020,2071-2100,GS65_85_functional_lost_fraction,0.12925714217125883,0.010284026535096247,0.20521353300220607,0.3344706751734649,0.9999470336213132,1918,63
ACCESS-CM2,ssp585,1991-2020,2071-2100,conditional_yield_loss_GS65_85_b0141_t_ha_per_unit_lai,0.06193159270368589,0.004933844968066454,0.1010710070224456,0.16300259972613146,0.9999470336213132,1918,63
ACCESS-CM2,ssp585,1991-2020,2071-2100,conditional_yield_loss_GS65_85_b0180_t_ha_per_unit_lai,0.07906160770683304,0.0062985254911486635,0.12902681747546244,0.2080884251822955,0.9999470336213132,1918,63
ACCESS-CM2,ssp585,1991-2020,2071-2100,conditional_yield_loss_GS65_85_b0207_t_ha_per_unit_lai,0.090920848862858,0.007243304314820963,0.14838084009678182,0.23930168895963985,0.9999470336213132,1918,63
ACCESS-CM2,ssp585,1991-2020,2071-2100,mean_temperature_grain_fill_c,1.160752937816184,0.37602175954332756,19.1927131501402,20.35346608795638,0.9999470336213132,1918,63
ACCESS-CM2,ssp585,1991-2020,2071-2100,rainfall_grain_fill_mm,-11.389105692437482,3.353795639228869,84.42530095316017,73.0361952607227,0.9999470336213132,1918,63
ACCESS-CM2,ssp585,1991-2020,2071-2100,exposure_grain_fill_effective_days,-3.0228137744673242,0.3789553730899468,8.62284011363146,5.6000263391641365,0.9999470336213132,1918,63
MPI-ESM1-2-HR,ssp126,1991-2020,2031-2060,grain_fill_days,-0.46585398895703223,0.05720295797930535,34.29891383585715,33.83305984690011,0.9999999999999976,1920,64
MPI-ESM1-2-HR,ssp126,1991-2020,2031-2060,F1_infection_day_after_sowing,-5.712842250051831,0.34385725020949875,229.43798230858383,223.72514005853202,0.9941119766262548,1913,59
MPI-ESM1-2-HR,ssp126,1991-2020,2031-2060,F1_symptom_day_after_sowing,-5.661326203542478,0.22539828251916458,243.89212351282328,238.2307973092808,0.990124646813572,1907,55
MPI-ESM1-2-HR,ssp126,1991-2020,2031-2060,F1_infection_relative_anthesis_days,-0.9977701046688364,0.326236684306989,-22.3155197273496,-23.313289832018434,0.9941119766262548,1913,59
MPI-ESM1-2-HR,ssp126,1991-2020,2031-2060,F1_symptom_relative_anthesis_days,-0.9456189562423727,0.21466693972850892,-7.908577846674061,-8.854196802916434,0.990124646813572,1907,55
MPI-ESM1-2-HR,ssp126,1991-2020,2031-2060,F1_infection_before85,-0.0010767473306807491,0.0032302419920422474,0.9975943619784691,0.9965176146477883,0.9999999999999976,1920,64
MPI-ESM1-2-HR,ssp126,1991-2020,2031-2060,F1_symptom_before85,-0.002029146796452121,0.0025198258147355527,0.9960768968050133,0.9940477500085612,0.9999999999999976,1920,64
MPI-ESM1-2-HR,ssp126,1991-2020,2031-2060,F1_infection_during_grain_fill,-0.0033613490666085746,0.006686830468023831,0.03665075312365843,0.03328940405704986,0.9999999999999976,1920,64
MPI-ESM1-2-HR,ssp126,1991-2020,2031-2060,F1_infected_grain_fill_days,-0.4973563691385167,0.09745975026431954,34.010590799983696,33.51323443084518,0.9999999999999976,1920,64
MPI-ESM1-2-HR,ssp126,1991-2020,2031-2060,F1_symptomatic_grain_fill_days,-0.2699696711935581,0.18927420941796658,32.79382549775665,32.5238558265631,0.9999999999999976,1920,64
MPI-ESM1-2-HR,ssp126,1991-2020,2031-2060,F1_infected_grain_fill_fraction,-0.0011910314834689944,0.0021326834933985896,0.9910487874805326,0.9898577559970636,0.9999999999999976,1920,64
MPI-ESM1-2-HR,ssp126,1991-2020,2031-2060,F1_symptomatic_grain_fill_fraction,0.005194352292530167,0.004613069207600205,0.9540680473165098,0.9592623996090399,0.9999999999999976,1920,64
MPI-ESM1-2-HR,ssp126,1991-2020,2031-2060,F2_infection_day_after_sowing,-6.707437975178658,0.4154285336903168,220.12770355975968,213.42026558458102,0.9967697580079553,1917,61
MPI-ESM1-2-HR,ssp126,1991-2020,2031-2060,F2_symptom_day_after_sowing,-6.33097995875687,0.18488799292611452,236.71775163847352,230.38677167971667,0.9956930106772746,1916,60
MPI-ESM1-2-HR,ssp126,1991-2020,2031-2060,F2_infection_relative_anthesis_days,-2.029482781046912,0.41954305035016015,-31.65671644656798,-33.68619922761489,0.9967697580079553,1917,61
MPI-ESM1-2-HR,ssp126,1991-2020,2031-2060,F2_symptom_relative_anthesis_days,-1.6371519515133972,0.23395378219681837,-15.040481520262087,-16.677633471775486,0.9956930106772746,1916,60
MPI-ESM1-2-HR,ssp126,1991-2020,2031-2060,F2_infection_before85,-0.0032302419920422474,0.0010767473306807491,1.0,0.9967697580079578,0.9999999999999976,1920,64
MPI-ESM1-2-HR,ssp126,1991-2020,2031-2060,F2_symptom_before85,-0.0021534946613614983,0.0021534946613614983,0.9989232526693193,0.9967697580079578,0.9999999999999976,1920,64
MPI-ESM1-2-HR,ssp126,1991-2020,2031-2060,F2_infection_during_grain_fill,-0.0017973602326979213,0.003472957517035841,0.012866190537678618,0.011068830304980697,0.9999999999999976,1920,64
MPI-ESM1-2-HR,ssp126,1991-2020,2031-2060,F2_infected_grain_fill_days,-0.556251487412167,0.08424699692189824,34.22022742765641,33.66397594024425,0.9999999999999976,1920,64
MPI-ESM1-2-HR,ssp126,1991-2020,2031-2060,F2_symptomatic_grain_fill_days,-0.3564376030844998,0.14003024101082634,33.64439031945994,33.28795271637542,0.9999999999999976,1920,64
MPI-ESM1-2-HR,ssp126,1991-2020,2031-2060,F2_infected_grain_fill_fraction,-0.002901426390341415,0.0012833208210100311,0.9975527777164972,0.9946513513261558,0.9999999999999976,1920,64
MPI-ESM1-2-HR,ssp126,1991-2020,2031-2060,F2_symptomatic_grain_fill_fraction,0.0031076789844601952,0.0033184565289797203,0.9799204040518612,0.9830280830363214,0.9999999999999976,1920,64
MPI-ESM1-2-HR,ssp126,1991-2020,2031-2060,F3_infection_day_after_sowing,-8.387015384162888,0.9705921506717715,206.8998571130433,198.51284172888037,0.9967697580079553,1917,61
MPI-ESM1-2-HR,ssp126,1991-2020,2031-2060,F3_symptom_day_after_sowing,-6.631703482310023,0.17673858274785723,227.82497992549602,221.193276443186,0.9967697580079553,1917,61
MPI-ESM1-2-HR,ssp126,1991-2020,2031-2060,F3_infection_relative_anthesis_days,-3.709060190031142,0.8750603275673342,-44.884562893284375,-48.59362308331551,0.9967697580079553,1917,61
MPI-ESM1-2-HR,ssp126,1991-2020,2031-2060,F3_symptom_relative_anthesis_days,-1.953748288178276,0.21573469864331768,-23.959440080831648,-25.913188369009923,0.9967697580079553,1917,61
MPI-ESM1-2-HR,ssp126,1991-2020,2031-2060,F3_infection_before85,-0.0032302419920422474,0.0010767473306807491,1.0,0.9967697580079578,0.9999999999999976,1920,64
MPI-ESM1-2-HR,ssp126,1991-2020,2031-2060,F3_symptom_before85,-0.0032302419920422474,0.0010767473306807491,1.0,0.9967697580079578,0.9999999999999976,1920,64
MPI-ESM1-2-HR,ssp126,1991-2020,2031-2060,F3_infection_during_grain_fill,0.002937889280709484,0.002082437936560588,0.0009049089423942622,0.0038427982231037457,0.9999999999999976,1920,64
MPI-ESM1-2-HR,ssp126,1991-2020,2031-2060,F3_infected_grain_fill_days,-0.5818885393698054,0.061094561271614466,34.28882058344883,33.706932044079025,0.9999999999999976,1920,64
MPI-ESM1-2-HR,ssp126,1991-2020,2031-2060,F3_symptomatic_grain_fill_days,-0.5691248058344182,0.07279337780982473,34.11293161794116,33.54380681210674,0.9999999999999976,1920,64
MPI-ESM1-2-HR,ssp126,1991-2020,2031-2060,F3_infected_grain_fill_fraction,-0.003660979272199684,0.0004542823296583777,0.9996749827721879,0.9960140034999883,0.9999999999999976,1920,64
MPI-ESM1-2-HR,ssp126,1991-2020,2031-2060,F3_symptomatic_grain_fill_fraction,-0.0033669997848966514,0.0009042224912334065,0.9943035802356799,0.9909365804507833,0.9999999999999976,1920,64
MPI-ESM1-2-HR,ssp126,1991-2020,2031-2060,any_top3_infection_before85,-0.0032302419920422474,0.0010767473306807491,1.0,0.9967697580079578,0.9999999999999976,1920,64
MPI-ESM1-2-HR,ssp126,1991-2020,2031-2060,all_top3_infection_before85,-0.0010767473306807491,0.0032302419920422474,0.9975943619784691,0.9965176146477883,0.9999999999999976,1920,64
MPI-ESM1-2-HR,ssp126,1991-2020,2031-2060,any_top3_symptom_before85,-0.0032302419920422474,0.0010767473306807491,1.0,0.9967697580079578,0.9999999999999976,1920,64
MPI-ESM1-2-HR,ssp126,1991-2020,2031-2060,all_top3_symptom_before85,-0.002029146796452121,0.0025198258147355527,0.9960768968050133,0.9940477500085612,0.9999999999999976,1920,64
MPI-ESM1-2-HR,ssp126,1991-2020,2031-2060,any_top3_infection_during_grain_fill,-0.00418595303711985,0.006379321050177655,0.037727500454339175,0.03354154741721933,0.9999999999999976,1920,64
MPI-ESM1-2-HR,ssp126,1991-2020,2031-2060,days_any_top3_infected_grain_fill,-0.5818885393698054,0.061094561271614466,34.28882058344883,33.706932044079025,0.9999999999999976,1920,64
MPI-ESM1-2-HR,ssp126,1991-2020,2031-2060,days_all_top3_infected_grain_fill,-0.4973563691385167,0.09745975026431954,34.010590799983696,33.51323443084518,0.9999999999999976,1920,64
MPI-ESM1-2-HR,ssp126,1991-2020,2031-2060,days_any_top3_symptomatic_grain_fill,-0.5691248058344182,0.07279337780982473,34.11293161794116,33.54380681210674,0.9999999999999976,1920,64
MPI-ESM1-2-HR,ssp126,1991-2020,2031-2060,days_all_top3_symptomatic_grain_fill,-0.2699696711935581,0.18927420941796658,32.79382549775665,32.5238558265631,0.9999999999999976,1920,64
MPI-ESM1-2-HR,ssp126,1991-2020,2031-2060,GS31_85_reference_had3,0.10024369278882558,0.3625703933350555,71.13549956583924,71.23574325862808,0.9999999999999976,1920,64
MPI-ESM1-2-HR,ssp126,1991-2020,2031-2060,GS31_85_lost_had3,0.24120327687825524,0.12277889162382018,5.941866609591248,6.183069886469503,0.9999999999999976,1920,64
MPI-ESM1-2-HR,ssp126,1991-2020,2031-2060,GS31_85_functional_lost_fraction,0.0035785525949789893,0.0017218114850139467,0.0798570508287137,0.08343560342369268,0.9999999999999976,1920,64
MPI-ESM1-2-HR,ssp126,1991-2020,2031-2060,conditional_yield_loss_GS31_85_b0141_t_ha_per_unit_lai,0.003400966203983399,0.001731182371895864,0.08378031919523661,0.08718128539922,0.9999999999999976,1920,64
MPI-ESM1-2-HR,ssp126,1991-2020,2031-2060,conditional_yield_loss_GS31_85_b0180_t_ha_per_unit_lai,0.0043416589838085945,0.002210020049228763,0.10695359897264246,0.11129525795645107,0.9999999999999976,1920,64
MPI-ESM1-2-HR,ssp126,1991-2020,2031-2060,conditional_yield_loss_GS31_85_b0207_t_ha_per_unit_lai,0.004992907831379883,0.0025415230566130775,0.12299663881853884,0.1279895466499187,0.9999999999999976,1920,64
MPI-ESM1-2-HR,ssp126,1991-2020,2031-2060,GS65_85_reference_had3,-0.4658539889570329,0.057202957979305406,34.29891383585715,33.83305984690012,0.9999999999999976,1920,64
MPI-ESM1-2-HR,ssp126,1991-2020,2031-2060,GS65_85_lost_had3,0.20253492167942913,0.11413152453902058,5.67837795462361,5.880912876303038,0.9999999999999976,1920,64
MPI-ESM1-2-HR,ssp126,1991-2020,2031-2060,GS65_85_functional_lost_fraction,0.007024822794170938,0.003440397018412141,0.16145562791250523,0.1684804507066762,0.9999999999999976,1920,64
MPI-ESM1-2-HR,ssp126,1991-2020,2031-2060,conditional_yield_loss_GS65_85_b0141_t_ha_per_unit_lai,0.0028557423956799507,0.0016092544960001904,0.08006512916019289,0.08292087155587284,0.9999999999999976,1920,64
MPI-ESM1-2-HR,ssp126,1991-2020,2031-2060,conditional_yield_loss_GS65_85_b0180_t_ha_per_unit_lai,0.0036456285902297246,0.002054367441702371,0.10221080318322495,0.10585643177345468,0.9999999999999976,1920,64
MPI-ESM1-2-HR,ssp126,1991-2020,2031-2060,conditional_yield_loss_GS65_85_b0207_t_ha_per_unit_lai,0.004192472878764183,0.002362522557957726,0.11754242366070873,0.12173489653947288,0.9999999999999976,1920,64
MPI-ESM1-2-HR,ssp126,1991-2020,2031-2060,mean_temperature_grain_fill_c,0.5671238481521721,0.05143043339101802,19.07761234091876,19.644736189070926,0.9999999999999976,1920,64
MPI-ESM1-2-HR,ssp126,1991-2020,2031-2060,rainfall_grain_fill_mm,-5.8278658505680125,1.7771044838391339,84.24235651343764,78.41449066286962,0.9999999999999976,1920,64
MPI-ESM1-2-HR,ssp126,1991-2020,2031-2060,exposure_grain_fill_effective_days,-1.3232354309535723,0.15364006497465083,8.703932104193026,7.380696673239454,0.9999999999999976,1920,64
MPI-ESM1-2-HR,ssp126,1991-2020,2071-2100,grain_fill_days,0.13950852331679786,0.0497420286896187,34.29891383585715,34.43842235917394,0.9999999999999976,1920,64
MPI-ESM1-2-HR,ssp126,1991-2020,2071-2100,F1_infection_day_after_sowing,-9.180376099974458,0.43839048170380407,229.45039196422053,220.27001586424606,0.9927428765842413,1911,59
MPI-ESM1-2-HR,ssp126,1991-2020,2071-2100,F1_symptom_day_after_sowing,-9.14216789116042,0.2875917760528281,243.81761165839484,234.6754437672344,0.9900002989486626,1906,55
MPI-ESM1-2-HR,ssp126,1991-2020,2071-2100,F1_infection_relative_anthesis_days,-2.6368583225166344,0.30486953079631085,-22.305895306207884,-24.94275362872452,0.9927428765842413,1911,59
MPI-ESM1-2-HR,ssp126,1991-2020,2071-2100,F1_symptom_relative_anthesis_days,-2.6132598801141413,0.25403505577179764,-7.916456639912204,-10.529716520026348,0.9900002989486626,1906,55
MPI-ESM1-2-HR,ssp126,1991-2020,2071-2100,F1_infection_before85,-0.0024458473726942627,0.0012772300210459784,0.9975943619784691,0.9951485146057748,0.9999999999999976,1920,64
MPI-ESM1-2-HR,ssp126,1991-2020,2071-2100,F1_symptom_before85,-0.0021534946613614983,0.0016656431399311958,0.9960768968050133,0.9939234021436518,0.9999999999999976,1920,64
MPI-ESM1-2-HR,ssp126,1991-2020,2071-2100,F1_infection_during_grain_fill,-0.012266280330038543,0.006122949915523937,0.03665075312365843,0.024384472793619886,0.9999999999999976,1920,64
MPI-ESM1-2-HR,ssp126,1991-2020,2071-2100,F1_infected_grain_fill_days,0.10291797867895815,0.05345097517684584,34.010590799983696,34.11350877866265,0.9999999999999976,1920,64
MPI-ESM1-2-HR,ssp126,1991-2020,2071-2100,F1_symptomatic_grain_fill_days,0.605293531922526,0.12911665407881953,32.79382549775665,33.39911902967918,0.9999999999999976,1920,64
MPI-ESM1-2-HR,ssp126,1991-2020,2071-2100,F1_infected_grain_fill_fraction,-0.0012683254842768964,0.0015069011296557431,0.9910487874805326,0.9897804619962556,0.9999999999999976,1920,64
MPI-ESM1-2-HR,ssp126,1991-2020,2071-2100,F1_symptomatic_grain_fill_fraction,0.013937470364306467,0.004142061222729383,0.9540680473165098,0.9680055176808163,0.9999999999999976,1920,64
MPI-ESM1-2-HR,ssp126,1991-2020,2071-2100,F2_infection_day_after_sowing,-10.086393028844938,0.46044918600758283,220.24599813056372,210.15960510171877,0.9989232526693168,1919,63
MPI-ESM1-2-HR,ssp126,1991-2020,2071-2100,F2_symptom_day_after_sowing,-10.05771381073619,0.22891324317596737,236.75127519130874,226.6935613805726,0.9956930106772746,1916,61
MPI-ESM1-2-HR,ssp126,1991-2020,2071-2100,F2_infection_relative_anthesis_days,-3.55516620608249,0.2939170244547428,-31.607872736321692,-35.16303894240418,0.9989232526693168,1919,63
MPI-ESM1-2-HR,ssp126,1991-2020,2071-2100,F2_symptom_relative_anthesis_days,-3.5258449789883928,0.249208718718133,-15.014527801938042,-18.540372780926436,0.9956930106772746,1916,61
MPI-ESM1-2-HR,ssp126,1991-2020,2071-2100,F2_infection_before85,-0.0010767473306807491,0.0010767473306807491,1.0,0.9989232526693193,0.9999999999999976,1920,64
MPI-ESM1-2-HR,ssp126,1991-2020,2071-2100,F2_symptom_before85,-0.0021534946613614983,0.0012433207224354828,0.9989232526693193,0.9967697580079578,0.9999999999999976,1920,64
MPI-ESM1-2-HR,ssp126,1991-2020,2071-2100,F2_infection_during_grain_fill,0.002387463380322315,0.003913812283907867,0.012866190537678618,0.015253653918000931,0.9999999999999976,1920,64
MPI-ESM1-2-HR,ssp126,1991-2020,2071-2100,F2_infected_grain_fill_days,0.06601959805599611,0.06929307919399903,34.22022742765641,34.28624702571241,0.9999999999999976,1920,64
MPI-ESM1-2-HR,ssp126,1991-2020,2071-2100,F2_symptomatic_grain_fill_days,0.2913848332510314,0.07413781552965214,33.64439031945994,33.93577515271096,0.9999999999999976,1920,64
MPI-ESM1-2-HR,ssp126,1991-2020,2071-2100,F2_infected_grain_fill_fraction,-0.0023465838658967655,0.0012487052862084562,0.9975527777164972,0.9952061938506004,0.9999999999999976,1920,64
MPI-ESM1-2-HR,ssp126,1991-2020,2071-2100,F2_symptomatic_grain_fill_fraction,0.004547096109560478,0.0024045969586491745,0.9799204040518612,0.9844675001614217,0.9999999999999976,1920,64
MPI-ESM1-2-HR,ssp126,1991-2020,2071-2100,F3_infection_day_after_sowing,-12.891150363802586,2.0808476279499093,207.03265568239453,194.14150531859195,0.9989232526693168,1919,63
MPI-ESM1-2-HR,ssp126,1991-2020,2071-2100,F3_symptom_day_after_sowing,-10.590797691475137,0.32045872689595245,227.92228518401004,217.3314874925349,0.9978465053386361,1918,62
MPI-ESM1-2-HR,ssp126,1991-2020,2071-2100,F3_infection_relative_anthesis_days,-6.359923541040142,1.939483994428292,-44.821215184490896,-51.181138725531035,0.9989232526693168,1919,63
MPI-ESM1-2-HR,ssp126,1991-2020,2071-2100,F3_symptom_relative_anthesis_days,-4.06547206382555,0.30464077300399484,-23.899055866013978,-27.964527929839527,0.9978465053386361,1918,62
MPI-ESM1-2-HR,ssp126,1991-2020,2071-2100,F3_infection_before85,-0.0010767473306807491,0.0010767473306807491,1.0,0.9989232526693193,0.9999999999999976,1920,64
MPI-ESM1-2-HR,ssp126,1991-2020,2071-2100,F3_symptom_before85,-0.0021534946613614983,0.0012433207224354828,1.0,0.9978465053386385,0.9999999999999976,1920,64
MPI-ESM1-2-HR,ssp126,1991-2020,2071-2100,F3_infection_during_grain_fill,0.00616813127275173,0.0038728139950937168,0.0009049089423942622,0.007073040215145993,0.9999999999999976,1920,64
MPI-ESM1-2-HR,ssp126,1991-2020,2071-2100,F3_infected_grain_fill_days,0.06455783230662794,0.054976814008970185,34.28882058344883,34.35337841575546,0.9999999999999976,1920,64
MPI-ESM1-2-HR,ssp126,1991-2020,2071-2100,F3_symptomatic_grain_fill_days,0.10399405359978017,0.06490707700228862,34.11293161794116,34.216925671540935,0.9999999999999976,1920,64
MPI-ESM1-2-HR,ssp126,1991-2020,2071-2100,F3_infected_grain_fill_fraction,-0.002376023235091437,0.000818784347298247,0.9996749827721879,0.9972989595370965,0.9999999999999976,1920,64
MPI-ESM1-2-HR,ssp126,1991-2020,2071-2100,F3_symptomatic_grain_fill_fraction,-0.0012543826839433257,0.001322130648855462,0.9943035802356799,0.9930491975517366,0.9999999999999976,1920,64
MPI-ESM1-2-HR,ssp126,1991-2020,2071-2100,any_top3_infection_before85,-0.0010767473306807491,0.0010767473306807491,1.0,0.9989232526693193,0.9999999999999976,1920,64
MPI-ESM1-2-HR,ssp126,1991-2020,2071-2100,all_top3_infection_before85,-0.0024458473726942627,0.0012772300210459784,0.9975943619784691,0.9951485146057748,0.9999999999999976,1920,64
MPI-ESM1-2-HR,ssp126,1991-2020,2071-2100,any_top3_symptom_before85,-0.0021534946613614983,0.0012433207224354828,1.0,0.9978465053386385,0.9999999999999976,1920,64
MPI-ESM1-2-HR,ssp126,1991-2020,2071-2100,all_top3_symptom_before85,-0.0021534946613614983,0.0016656431399311958,0.9960768968050133,0.9939234021436518,0.9999999999999976,1920,64
MPI-ESM1-2-HR,ssp126,1991-2020,2071-2100,any_top3_infection_during_grain_fill,-0.011189532999357795,0.005897905088677587,0.037727500454339175,0.026537967454981392,0.9999999999999976,1920,64
MPI-ESM1-2-HR,ssp126,1991-2020,2071-2100,days_any_top3_infected_grain_fill,0.06455783230662794,0.054976814008970185,34.28882058344883,34.35337841575546,0.9999999999999976,1920,64
MPI-ESM1-2-HR,ssp126,1991-2020,2071-2100,days_all_top3_infected_grain_fill,0.10291797867895815,0.05345097517684584,34.010590799983696,34.11350877866265,0.9999999999999976,1920,64
MPI-ESM1-2-HR,ssp126,1991-2020,2071-2100,days_any_top3_symptomatic_grain_fill,0.10399405359978017,0.06490707700228862,34.11293161794116,34.216925671540935,0.9999999999999976,1920,64
MPI-ESM1-2-HR,ssp126,1991-2020,2071-2100,days_all_top3_symptomatic_grain_fill,0.605293531922526,0.12911665407881953,32.79382549775665,33.39911902967918,0.9999999999999976,1920,64
MPI-ESM1-2-HR,ssp126,1991-2020,2071-2100,GS31_85_reference_had3,1.2546017473049602,0.28913805831504946,71.13549956583924,72.3901013131442,0.9999999999999976,1920,64
MPI-ESM1-2-HR,ssp126,1991-2020,2071-2100,GS31_85_lost_had3,2.115866885573372,0.336528326723679,5.941866609591248,8.057733495164621,0.9999999999999976,1920,64
MPI-ESM1-2-HR,ssp126,1991-2020,2071-2100,GS31_85_functional_lost_fraction,0.02731536037728452,0.0041499551763136125,0.0798570508287137,0.1071724112059982,0.9999999999999976,1920,64
MPI-ESM1-2-HR,ssp126,1991-2020,2071-2100,conditional_yield_loss_GS31_85_b0141_t_ha_per_unit_lai,0.02983372308658454,0.004745049406803874,0.08378031919523661,0.11361404228182115,0.9999999999999976,1920,64
MPI-ESM1-2-HR,ssp126,1991-2020,2071-2100,conditional_yield_loss_GS31_85_b0180_t_ha_per_unit_lai,0.038085603940320685,0.006057509881026221,0.10695359897264246,0.14503920291296316,0.9999999999999976,1920,64
MPI-ESM1-2-HR,ssp126,1991-2020,2071-2100,conditional_yield_loss_GS31_85_b0207_t_ha_per_unit_lai,0.043798444531368795,0.006966136363180154,0.12299663881853884,0.16679508334990764,0.9999999999999976,1920,64
MPI-ESM1-2-HR,ssp126,1991-2020,2071-2100,GS65_85_reference_had3,0.13950852331679803,0.04974202868961882,34.29891383585715,34.43842235917395,0.9999999999999976,1920,64
MPI-ESM1-2-HR,ssp126,1991-2020,2071-2100,GS65_85_lost_had3,1.9546567609302923,0.3029936065151013,5.67837795462361,7.633034715553901,0.9999999999999976,1920,64
MPI-ESM1-2-HR,ssp126,1991-2020,2071-2100,GS65_85_functional_lost_fraction,0.05367727011597764,0.007936460664431108,0.16145562791250523,0.2151328980284829,0.9999999999999976,1920,64
MPI-ESM1-2-HR,ssp126,1991-2020,2071-2100,conditional_yield_loss_GS65_85_b0141_t_ha_per_unit_lai,0.027560660329117113,0.004272209851862929,0.08006512916019289,0.10762578948931001,0.9999999999999976,1920,64
MPI-ESM1-2-HR,ssp126,1991-2020,2071-2100,conditional_yield_loss_GS65_85_b0180_t_ha_per_unit_lai,0.035183821696745256,0.005453884917271823,0.10221080318322495,0.13739462487997023,0.9999999999999976,1920,64
MPI-ESM1-2-HR,ssp126,1991-2020,2071-2100,conditional_yield_loss_GS65_85_b0207_t_ha_per_unit_lai,0.04046139495125704,0.006271967654862597,0.11754242366070873,0.15800381861196575,0.9999999999999976,1920,64
MPI-ESM1-2-HR,ssp126,1991-2020,2071-2100,mean_temperature_grain_fill_c,0.02832385382349372,0.02781743384099765,19.07761234091876,19.105936194742245,0.9999999999999976,1920,64
MPI-ESM1-2-HR,ssp126,1991-2020,2071-2100,rainfall_grain_fill_mm,-0.6375760725577743,0.8287801143782285,84.24235651343764,83.60478044087986,0.9999999999999976,1920,64
MPI-ESM1-2-HR,ssp126,1991-2020,2071-2100,exposure_grain_fill_effective_days,-0.4712085105918759,0.07877452534968052,8.703932104193026,8.232723593601149,0.9999999999999976,1920,64
MPI-ESM1-2-HR,ssp245,1991-2020,2031-2060,grain_fill_days,-0.21182872080144738,0.07082751337296678,34.290174080168406,34.078345359366956,0.9999999999999976,1920,64
MPI-ESM1-2-HR,ssp245,1991-2020,2031-2060,F1_infection_day_after_sowing,-8.729534244337152,0.48705335534200417,228.98896321719872,220.25942897286154,0.9944556534028278,1911,60
MPI-ESM1-2-HR,ssp245,1991-2020,2031-2060,F1_symptom_day_after_sowing,-8.142999439925797,0.28216533027025953,243.3156827700316,235.1726833301058,0.989336017773349,1903,56
MPI-ESM1-2-HR,ssp245,1991-2020,2031-2060,F1_infection_relative_anthesis_days,-0.8454267514734616,0.4269150336611875,-22.61170880529134,-23.4571355567648,0.9944556534028278,1911,60
MPI-ESM1-2-HR,ssp245,1991-2020,2031-2060,F1_symptom_relative_anthesis_days,-0.2798476074086677,0.2198036492960994,-8.293019900871158,-8.572867508279826,0.989336017773349,1903,56
MPI-ESM1-2-HR,ssp245,1991-2020,2031-2060,F1_infection_before85,-0.0007330705541077753,0.0017326759045683247,0.9975943619784691,0.9968612914243613,0.9999999999999976,1920,64
MPI-ESM1-2-HR,ssp245,1991-2020,2031-2060,F1_symptom_before85,-0.0028177758366751404,0.0025790348811030907,0.9960768968050133,0.9932591209683381,0.9999999999999976,1920,64
MPI-ESM1-2-HR,ssp245,1991-2020,2031-2060,F1_infection_during_grain_fill,0.003447286869412853,0.008119170659138045,0.03350416838747215,0.036951455256885,0.9999999999999976,1920,64
MPI-ESM1-2-HR,ssp245,1991-2020,2031-2060,F1_infected_grain_fill_days,-0.31395336407882257,0.10817269005677191,34.01175254271801,33.69779917863917,0.9999999999999976,1920,64
MPI-ESM1-2-HR,ssp245,1991-2020,2031-2060,F1_symptomatic_grain_fill_days,-0.3632769428228587,0.1900806300728023,32.933972838835565,32.57069589601271,0.9999999999999976,1920,64
MPI-ESM1-2-HR,ssp245,1991-2020,2031-2060,F1_infected_grain_fill_fraction,-0.0032759519740699424,0.002347373115033542,0.9913356917953966,0.9880597398213267,0.9999999999999976,1920,64
MPI-ESM1-2-HR,ssp245,1991-2020,2031-2060,F1_symptomatic_grain_fill_fraction,-0.004837924853131853,0.004964764695271598,0.95869759103,0.953859666176868,0.9999999999999976,1920,64
MPI-ESM1-2-HR,ssp245,1991-2020,2031-2060,F2_infection_day_after_sowing,-8.795880583950073,0.43524582463362627,219.46963361233674,210.67375302838664,0.9976981402071938,1917,62
MPI-ESM1-2-HR,ssp245,1991-2020,2031-2060,F2_symptom_day_after_sowing,-8.681272316394312,0.40748476910192283,236.12354061037968,227.4422682939854,0.9963290401651803,1915,61
MPI-ESM1-2-HR,ssp245,1991-2020,2031-2060,F2_infection_relative_anthesis_days,-0.9390329797417412,0.4146287117140354,-32.11559289283537,-33.05462587257711,0.9976981402071938,1917,62
MPI-ESM1-2-HR,ssp245,1991-2020,2031-2060,F2_symptom_relative_anthesis_days,-0.8088115552983963,0.3996176528209184,-15.456599167201496,-16.26541072249989,0.9963290401651803,1915,61
MPI-ESM1-2-HR,ssp245,1991-2020,2031-2060,F2_infection_before85,-0.0023018597928037457,0.0016310381230912993,1.0,0.9976981402071963,0.9999999999999976,1920,64
MPI-ESM1-2-HR,ssp245,1991-2020,2031-2060,F2_symptom_before85,-0.0015174651734557603,0.001259512069284248,0.9989232526693193,0.9974057874958635,0.9999999999999976,1920,64
MPI-ESM1-2-HR,ssp245,1991-2020,2031-2060,F2_infection_during_grain_fill,0.003783569698473622,0.002742347298976838,0.01232169446617638,0.01610526416465,0.9999999999999976,1920,64
MPI-ESM1-2-HR,ssp245,1991-2020,2031-2060,F2_infected_grain_fill_days,-0.31901830790682595,0.07884902447973528,34.2059033516793,33.886885043772466,0.9999999999999976,1920,64
MPI-ESM1-2-HR,ssp245,1991-2020,2031-2060,F2_symptomatic_grain_fill_days,-0.2908050506402072,0.12394982203173034,33.692664605168254,33.401859554528045,0.9999999999999976,1920,64
MPI-ESM1-2-HR,ssp245,1991-2020,2031-2060,F2_infected_grain_fill_fraction,-0.0033310812004966463,0.0011882491528279156,0.9973509432757846,0.9940198620752878,0.9999999999999976,1920,64
MPI-ESM1-2-HR,ssp245,1991-2020,2031-2060,F2_symptomatic_grain_fill_fraction,-0.0023274555472015583,0.002531231848987059,0.9817485355173923,0.9794210799701906,0.9999999999999976,1920,64
MPI-ESM1-2-HR,ssp245,1991-2020,2031-2060,F3_infection_day_after_sowing,-11.903741789601892,1.6605329872532049,206.13453246394317,194.2307906743413,0.9983106964382553,1918,62
MPI-ESM1-2-HR,ssp245,1991-2020,2031-2060,F3_symptom_day_after_sowing,-9.788320640336387,0.5098556415867215,227.3798150767797,217.5914944364433,0.9974057874958611,1916,61
MPI-ESM1-2-HR,ssp245,1991-2020,2031-2060,F3_infection_relative_anthesis_days,-4.044965569791137,1.597451178474758,-45.46690195541243,-49.51186752520356,0.9983106964382553,1918,62
MPI-ESM1-2-HR,ssp245,1991-2020,2031-2060,F3_symptom_relative_anthesis_days,-1.929756317317698,0.4895084712137221,-24.226687109802686,-26.15644342712038,0.9974057874958611,1916,61
MPI-ESM1-2-HR,ssp245,1991-2020,2031-2060,F3_infection_before85,-0.0016893035617422472,0.0012387937481035277,1.0,0.9983106964382578,0.9999999999999976,1920,64
MPI-ESM1-2-HR,ssp245,1991-2020,2031-2060,F3_symptom_before85,-0.0025942125041365097,0.0016570321260617753,1.0,0.9974057874958635,0.9999999999999976,1920,64
MPI-ESM1-2-HR,ssp245,1991-2020,2031-2060,F3_infection_during_grain_fill,0.006479053249506849,0.002350750983255386,0.0019816562730750114,0.00846070952258186,0.9999999999999976,1920,64
MPI-ESM1-2-HR,ssp245,1991-2020,2031-2060,F3_infected_grain_fill_days,-0.3468547161320441,0.08327251173672975,34.277421802549696,33.93056708641765,0.9999999999999976,1920,64
MPI-ESM1-2-HR,ssp245,1991-2020,2031-2060,F3_symptomatic_grain_fill_days,-0.36051239257473344,0.10474304183459926,34.096829650960466,33.736317258385725,0.9999999999999976,1920,64
MPI-ESM1-2-HR,ssp245,1991-2020,2031-2060,F3_infected_grain_fill_fraction,-0.004204588899532409,0.0015988015370740362,0.9996077560253726,0.9954031671258402,0.9999999999999976,1920,64
MPI-ESM1-2-HR,ssp245,1991-2020,2031-2060,F3_symptomatic_grain_fill_fraction,-0.004511009530869155,0.0020589267312903594,0.9941114127970535,0.9896004032661844,0.9999999999999976,1920,64
MPI-ESM1-2-HR,ssp245,1991-2020,2031-2060,any_top3_infection_before85,-0.0016893035617422472,0.0012387937481035277,1.0,0.9983106964382578,0.9999999999999976,1920,64
MPI-ESM1-2-HR,ssp245,1991-2020,2031-2060,all_top3_infection_before85,-0.0007330705541077753,0.0017326759045683247,0.9975943619784691,0.9968612914243613,0.9999999999999976,1920,64
MPI-ESM1-2-HR,ssp245,1991-2020,2031-2060,any_top3_symptom_before85,-0.0025942125041365097,0.0016570321260617753,1.0,0.9974057874958635,0.9999999999999976,1920,64
MPI-ESM1-2-HR,ssp245,1991-2020,2031-2060,all_top3_symptom_before85,-0.0028177758366751404,0.0025790348811030907,0.9960768968050133,0.9932591209683381,0.9999999999999976,1920,64
MPI-ESM1-2-HR,ssp245,1991-2020,2031-2060,any_top3_infection_during_grain_fill,0.002198701150445617,0.008105482040478392,0.03565766304883365,0.03785636419927926,0.9999999999999976,1920,64
MPI-ESM1-2-HR,ssp245,1991-2020,2031-2060,days_any_top3_infected_grain_fill,-0.3468547161320441,0.08327251173672975,34.277421802549696,33.93056708641765,0.9999999999999976,1920,64
MPI-ESM1-2-HR,ssp245,1991-2020,2031-2060,days_all_top3_infected_grain_fill,-0.31395336407882257,0.10817269005677191,34.01175254271801,33.69779917863917,0.9999999999999976,1920,64
MPI-ESM1-2-HR,ssp245,1991-2020,2031-2060,days_any_top3_symptomatic_grain_fill,-0.36051239257473344,0.10474304183459926,34.096829650960466,33.736317258385725,0.9999999999999976,1920,64
MPI-ESM1-2-HR,ssp245,1991-2020,2031-2060,days_all_top3_symptomatic_grain_fill,-0.3632769428228587,0.1900806300728023,32.933972838835565,32.57069589601271,0.9999999999999976,1920,64
MPI-ESM1-2-HR,ssp245,1991-2020,2031-2060,GS31_85_reference_had3,0.9970419317835346,0.5150112874319688,71.06074338039814,72.05778531218166,0.9999999999999976,1920,64
MPI-ESM1-2-HR,ssp245,1991-2020,2031-2060,GS31_85_lost_had3,-0.06841132632506194,0.16278235690931772,6.094215649003535,6.025804322678471,0.9999999999999976,1920,64
MPI-ESM1-2-HR,ssp245,1991-2020,2031-2060,GS31_85_functional_lost_fraction,-0.0019488203181061384,0.0022522754461779095,0.08182993338149845,0.07988111306339232,0.9999999999999976,1920,64
MPI-ESM1-2-HR,ssp245,1991-2020,2031-2060,conditional_yield_loss_GS31_85_b0141_t_ha_per_unit_lai,-0.0009645997011833729,0.0022952312324213803,0.08592844065094983,0.08496384094976646,0.9999999999999976,1920,64
MPI-ESM1-2-HR,ssp245,1991-2020,2031-2060,conditional_yield_loss_GS31_85_b0180_t_ha_per_unit_lai,-0.0012314038738511133,0.0029300824243677194,0.1096958816820636,0.10846447780821249,0.9999999999999976,1920,64
MPI-ESM1-2-HR,ssp245,1991-2020,2031-2060,conditional_yield_loss_GS31_85_b0207_t_ha_per_unit_lai,-0.0014161144549287804,0.0033695947880228775,0.12615026393437315,0.12473414947944436,0.9999999999999976,1920,64
MPI-ESM1-2-HR,ssp245,1991-2020,2031-2060,GS65_85_reference_had3,-0.21182872080144774,0.07082751337296678,34.290174080168406,34.078345359366956,0.9999999999999976,1920,64
MPI-ESM1-2-HR,ssp245,1991-2020,2031-2060,GS65_85_lost_had3,-0.09159222605647291,0.1456766129976095,5.816865060889467,5.725272834832994,0.9999999999999976,1920,64
MPI-ESM1-2-HR,ssp245,1991-2020,2031-2060,GS65_85_functional_lost_fraction,-0.0032806442647601874,0.004713299087514241,0.165169673765632,0.16188902950087178,0.9999999999999976,1920,64
MPI-ESM1-2-HR,ssp245,1991-2020,2031-2060,conditional_yield_loss_GS65_85_b0141_t_ha_per_unit_lai,-0.001291450387396268,0.002054040243266294,0.08201779735854146,0.0807263469711452,0.9999999999999976,1920,64
MPI-ESM1-2-HR,ssp245,1991-2020,2031-2060,conditional_yield_loss_GS65_85_b0180_t_ha_per_unit_lai,-0.0016486600690165131,0.002622179033956971,0.10470357109601039,0.10305491102699388,0.9999999999999976,1920,64
MPI-ESM1-2-HR,ssp245,1991-2020,2031-2060,conditional_yield_loss_GS65_85_b0207_t_ha_per_unit_lai,-0.0018959590793689893,0.0030155058890505167,0.12040910676041196,0.11851314768104296,0.9999999999999976,1920,64
MPI-ESM1-2-HR,ssp245,1991-2020,2031-2060,mean_temperature_grain_fill_c,0.5511224114110393,0.06346763598050033,19.079592207149382,19.63071461856042,0.9999999999999976,1920,64
MPI-ESM1-2-HR,ssp245,1991-2020,2031-2060,rainfall_grain_fill_mm,-13.111850966482635,1.0752489893061636,84.1739948403647,71.06214387388206,0.9999999999999976,1920,64
MPI-ESM1-2-HR,ssp245,1991-2020,2031-2060,exposure_grain_fill_effective_days,-2.144719012000599,0.12634289554476466,8.712900923993821,6.568181911993221,0.9999999999999976,1920,64
MPI-ESM1-2-HR,ssp245,1991-2020,2071-2100,grain_fill_days,-0.3410822988126729,0.0916748049042245,34.290174080168406,33.94909178135573,0.9999999999999976,1920,64
MPI-ESM1-2-HR,ssp245,1991-2020,2071-2100,F1_infection_day_after_sowing,-12.601804758040856,0.8490840573852261,229.10006579316607,216.49826103512524,0.99634589433886,1912,58
MPI-ESM1-2-HR,ssp245,1991-2020,2071-2100,F1_symptom_day_after_sowing,-12.330102011568396,0.585150493027788,243.51442999579558,231.18432798422717,0.9930160532391946,1902,55
MPI-ESM1-2-HR,ssp245,1991-2020,2071-2100,F1_infection_relative_anthesis_days,-1.3796095432583397,0.5436811987339057,-22.581854491120257,-23.9614640343786,0.99634589433886,1912,58
MPI-ESM1-2-HR,ssp245,1991-2020,2071-2100,F1_symptom_relative_anthesis_days,-1.106372326607008,0.32461497541198114,-8.291728436476715,-9.398100763083724,0.9930160532391946,1902,55
MPI-ESM1-2-HR,ssp245,1991-2020,2071-2100,F1_infection_before85,0.0011571703819243824,0.0021765187290220885,0.9975943619784691,0.9987515323603934,0.9999999999999976,1920,64
MPI-ESM1-2-HR,ssp245,1991-2020,2071-2100,F1_symptom_before85,0.000862259629170495,0.002598249420679107,0.9960768968050133,0.9969391564341837,0.9999999999999976,1920,64
MPI-ESM1-2-HR,ssp245,1991-2020,2071-2100,F1_infection_during_grain_fill,-0.008296152822507754,0.007052575564435712,0.03350416838747215,0.0252080155649644,0.9999999999999976,1920,64
MPI-ESM1-2-HR,ssp245,1991-2020,2071-2100,F1_infected_grain_fill_days,-0.2990637038906217,0.1324600958842796,34.01175254271801,33.71268883882738,0.9999999999999976,1920,64
MPI-ESM1-2-HR,ssp245,1991-2020,2071-2100,F1_symptomatic_grain_fill_days,-0.16266057908488735,0.1968880476942442,32.933972838835565,32.77131225975068,0.9999999999999976,1920,64
MPI-ESM1-2-HR,ssp245,1991-2020,2071-2100,F1_infected_grain_fill_fraction,0.001357767510061319,0.002452741364915042,0.9913356917953966,0.9926934593054579,0.9999999999999976,1920,64
MPI-ESM1-2-HR,ssp245,1991-2020,2071-2100,F1_symptomatic_grain_fill_fraction,0.005338950480034183,0.003914988547196532,0.95869759103,0.9640365415100342,0.9999999999999976,1920,64
MPI-ESM1-2-HR,ssp245,1991-2020,2071-2100,F2_infection_day_after_sowing,-14.06789313554781,1.2244305441567127,219.62423825896903,205.55634512342124,0.9988707985058298,1916,60
MPI-ESM1-2-HR,ssp245,1991-2020,2071-2100,F2_symptom_day_after_sowing,-13.355960125560115,0.5941534370873808,236.2670933712457,222.91113324568562,0.9971510860942705,1912,58
MPI-ESM1-2-HR,ssp245,1991-2020,2071-2100,F2_infection_relative_anthesis_days,-2.8741981850685,0.9376116428672844,-32.0892898290263,-34.9634880140948,0.9988707985058298,1916,60
MPI-ESM1-2-HR,ssp245,1991-2020,2071-2100,F2_symptom_relative_anthesis_days,-2.160432147760892,0.32931323955376435,-15.456853955015996,-17.617286102776887,0.9971510860942705,1912,58
MPI-ESM1-2-HR,ssp245,1991-2020,2071-2100,F2_infection_before85,-0.0011292014941677662,0.0003860652560140209,1.0,0.9988707985058323,0.9999999999999976,1920,64
MPI-ESM1-2-HR,ssp245,1991-2020,2071-2100,F2_symptom_before85,-0.0006954192443656088,0.0012408648884282456,0.9989232526693193,0.9982278334249537,0.9999999999999976,1920,64
MPI-ESM1-2-HR,ssp245,1991-2020,2071-2100,F2_infection_during_grain_fill,-0.002532975617349569,0.0029295878382059014,0.01232169446617638,0.009788718848826811,0.9999999999999976,1920,64
MPI-ESM1-2-HR,ssp245,1991-2020,2071-2100,F2_infected_grain_fill_days,-0.3567521095908517,0.11548289321832926,34.2059033516793,33.84915124208844,0.9999999999999976,1920,64
MPI-ESM1-2-HR,ssp245,1991-2020,2071-2100,F2_symptomatic_grain_fill_days,-0.16668304900640277,0.16569130793222991,33.692664605168254,33.52598155616185,0.9999999999999976,1920,64
MPI-ESM1-2-HR,ssp245,1991-2020,2071-2100,F2_infected_grain_fill_fraction,-0.00042999228275159566,0.00137685014151868,0.9973509432757846,0.9969209509930328,0.9999999999999976,1920,64
MPI-ESM1-2-HR,ssp245,1991-2020,2071-2100,F2_symptomatic_grain_fill_fraction,0.005463318515732031,0.00309393914531587,0.9817485355173923,0.9872118540331243,0.9999999999999976,1920,64
MPI-ESM1-2-HR,ssp245,1991-2020,2071-2100,F3_infection_day_after_sowing,-18.64025484267386,2.417438211162999,206.20516987531306,187.5649150326392,0.9997478566398281,1919,63
MPI-ESM1-2-HR,ssp245,1991-2020,2071-2100,F3_symptom_day_after_sowing,-15.349251919094169,0.8429546329556401,227.48297941515293,212.13372749605875,0.9988125388476168,1915,60
MPI-ESM1-2-HR,ssp245,1991-2020,2071-2100,F3_infection_relative_anthesis_days,-7.442343420100948,2.1951181155031354,-45.45275607762915,-52.89509949773009,0.9997478566398281,1919,63
MPI-ESM1-2-HR,ssp245,1991-2020,2071-2100,F3_symptom_relative_anthesis_days,-4.1567122490281205,0.6305252720894837,-24.234810032320166,-28.391522281348287,0.9988125388476168,1915,60
MPI-ESM1-2-HR,ssp245,1991-2020,2071-2100,F3_infection_before85,-0.0002521433601694739,0.00025214336016947397,1.0,0.9997478566398306,0.9999999999999976,1920,64
MPI-ESM1-2-HR,ssp245,1991-2020,2071-2100,F3_symptom_before85,-0.0011874611523808296,0.0006167340246864315,1.0,0.9988125388476192,0.9999999999999976,1920,64
MPI-ESM1-2-HR,ssp245,1991-2020,2071-2100,F3_infection_during_grain_fill,0.003794497751334176,0.0024488655828762253,0.0019816562730750114,0.005776154024409188,0.9999999999999976,1920,64
MPI-ESM1-2-HR,ssp245,1991-2020,2071-2100,F3_infected_grain_fill_days,-0.3761104711251026,0.09715529091224821,34.277421802549696,33.90131133142459,0.9999999999999976,1920,64
MPI-ESM1-2-HR,ssp245,1991-2020,2071-2100,F3_symptomatic_grain_fill_days,-0.3372017461842219,0.13108493234100352,34.096829650960466,33.75962790477624,0.9999999999999976,1920,64
MPI-ESM1-2-HR,ssp245,1991-2020,2071-2100,F3_infected_grain_fill_fraction,-0.0010894569932135912,0.000624561537715611,0.9996077560253726,0.9985182990321589,0.9999999999999976,1920,64
MPI-ESM1-2-HR,ssp245,1991-2020,2071-2100,F3_symptomatic_grain_fill_fraction,0.00016188140522300834,0.002008218374517476,0.9941114127970535,0.9942732942022764,0.9999999999999976,1920,64
MPI-ESM1-2-HR,ssp245,1991-2020,2071-2100,any_top3_infection_before85,-0.0002521433601694739,0.00025214336016947397,1.0,0.9997478566398306,0.9999999999999976,1920,64
MPI-ESM1-2-HR,ssp245,1991-2020,2071-2100,all_top3_infection_before85,0.0011571703819243824,0.0021765187290220885,0.9975943619784691,0.9987515323603934,0.9999999999999976,1920,64
MPI-ESM1-2-HR,ssp245,1991-2020,2071-2100,any_top3_symptom_before85,-0.0011874611523808296,0.0006167340246864315,1.0,0.9988125388476192,0.9999999999999976,1920,64
MPI-ESM1-2-HR,ssp245,1991-2020,2071-2100,all_top3_symptom_before85,0.000862259629170495,0.002598249420679107,0.9960768968050133,0.9969391564341837,0.9999999999999976,1920,64
MPI-ESM1-2-HR,ssp245,1991-2020,2071-2100,any_top3_infection_during_grain_fill,-0.009745675915764902,0.005993825160350881,0.03565766304883365,0.025911987133068748,0.9999999999999976,1920,64
MPI-ESM1-2-HR,ssp245,1991-2020,2071-2100,days_any_top3_infected_grain_fill,-0.3761104711251026,0.09715529091224821,34.277421802549696,33.90131133142459,0.9999999999999976,1920,64
MPI-ESM1-2-HR,ssp245,1991-2020,2071-2100,days_all_top3_infected_grain_fill,-0.2990637038906217,0.1324600958842796,34.01175254271801,33.71268883882738,0.9999999999999976,1920,64
MPI-ESM1-2-HR,ssp245,1991-2020,2071-2100,days_any_top3_symptomatic_grain_fill,-0.3372017461842219,0.13108493234100352,34.096829650960466,33.75962790477624,0.9999999999999976,1920,64
MPI-ESM1-2-HR,ssp245,1991-2020,2071-2100,days_all_top3_symptomatic_grain_fill,-0.16266057908488735,0.1968880476942442,32.933972838835565,32.77131225975068,0.9999999999999976,1920,64
MPI-ESM1-2-HR,ssp245,1991-2020,2071-2100,GS31_85_reference_had3,1.8965797106846853,1.144978350054906,71.06074338039814,72.95732309108281,0.9999999999999976,1920,64
MPI-ESM1-2-HR,ssp245,1991-2020,2071-2100,GS31_85_lost_had3,0.5465913639848466,0.24296531073426414,6.094215649003535,6.640807012988381,0.9999999999999976,1920,64
MPI-ESM1-2-HR,ssp245,1991-2020,2071-2100,GS31_85_functional_lost_fraction,0.006231361977750862,0.00330730132399647,0.08182993338149845,0.08806129535924932,0.9999999999999976,1920,64
MPI-ESM1-2-HR,ssp245,1991-2020,2071-2100,conditional_yield_loss_GS31_85_b0141_t_ha_per_unit_lai,0.007706938232186336,0.0034258108813531238,0.08592844065094983,0.09363537888313617,0.9999999999999976,1920,64
MPI-ESM1-2-HR,ssp245,1991-2020,2071-2100,conditional_yield_loss_GS31_85_b0180_t_ha_per_unit_lai,0.009838644551727237,0.004373375593216753,0.1096958816820636,0.11953452623379082,0.9999999999999976,1920,64
MPI-ESM1-2-HR,ssp245,1991-2020,2071-2100,conditional_yield_loss_GS31_85_b0207_t_ha_per_unit_lai,0.011314441234486326,0.005029381932199267,0.12615026393437315,0.13746470516885945,0.9999999999999976,1920,64
MPI-ESM1-2-HR,ssp245,1991-2020,2071-2100,GS65_85_reference_had3,-0.3410822988126729,0.09167480490422464,34.290174080168406,33.94909178135573,0.9999999999999976,1920,64
MPI-ESM1-2-HR,ssp245,1991-2020,2071-2100,GS65_85_lost_had3,0.46399466238936843,0.21628864182519564,5.816865060889467,6.280859723278835,0.9999999999999976,1920,64
MPI-ESM1-2-HR,ssp245,1991-2020,2071-2100,GS65_85_functional_lost_fraction,0.014036535927153225,0.0064906052590118285,0.165169673765632,0.17920620969278517,0.9999999999999976,1920,64
MPI-ESM1-2-HR,ssp245,1991-2020,2071-2100,conditional_yield_loss_GS65_85_b0141_t_ha_per_unit_lai,0.006542324739690094,0.0030496698497352584,0.08201779735854146,0.08856012209823158,0.9999999999999976,1920,64
MPI-ESM1-2-HR,ssp245,1991-2020,2071-2100,conditional_yield_loss_GS65_85_b0180_t_ha_per_unit_lai,0.00835190392300863,0.0038931955528535207,0.10470357109601039,0.11305547501901904,0.9999999999999976,1920,64
MPI-ESM1-2-HR,ssp245,1991-2020,2071-2100,conditional_yield_loss_GS65_85_b0207_t_ha_per_unit_lai,0.009604689511459924,0.004477174885781549,0.12040910676041196,0.13001379627187187,0.9999999999999976,1920,64
MPI-ESM1-2-HR,ssp245,1991-2020,2071-2100,mean_temperature_grain_fill_c,0.6190644093702413,0.09812222197906424,19.079592207149382,19.698656616519628,0.9999999999999976,1920,64
MPI-ESM1-2-HR,ssp245,1991-2020,2071-2100,rainfall_grain_fill_mm,-9.815025515024486,1.0216876665613275,84.1739948403647,74.35896932534023,0.9999999999999976,1920,64
MPI-ESM1-2-HR,ssp245,1991-2020,2071-2100,exposure_grain_fill_effective_days,-1.8174180519034473,0.11767261860255603,8.712900923993821,6.8954828720903745,0.9999999999999976,1920,64
MPI-ESM1-2-HR,ssp585,1991-2020,2031-2060,grain_fill_days,-0.17469602526405228,0.08896958144567933,34.330704428655295,34.15600840339124,0.9999999999999976,1920,64
MPI-ESM1-2-HR,ssp585,1991-2020,2031-2060,F1_infection_day_after_sowing,-9.52792824450291,0.5675457013191191,228.9819954793862,219.4540672348833,0.9969015007755221,1914,59
MPI-ESM1-2-HR,ssp585,1991-2020,2031-2060,F1_symptom_day_after_sowing,-9.415200652980474,0.3665482799828722,243.46736106083767,234.05216040785717,0.9928857340658852,1905,58
MPI-ESM1-2-HR,ssp585,1991-2020,2031-2060,F1_infection_relative_anthesis_days,-1.7568165437137053,0.291459865898312,-22.641494637438576,-24.398311181152284,0.9969015007755221,1914,59
MPI-ESM1-2-HR,ssp585,1991-2020,2031-2060,F1_symptom_relative_anthesis_days,-1.6340599067866444,0.17314832991332507,-8.222602894183588,-9.856662800970232,0.9928857340658852,1905,58
MPI-ESM1-2-HR,ssp585,1991-2020,2031-2060,F1_infection_before85,-0.0004407178427750112,0.0013210431876241192,0.9986711093091498,0.9982303914663748,0.9999999999999976,1920,64
MPI-ESM1-2-HR,ssp585,1991-2020,2031-2060,F1_symptom_before85,0.000731940455860968,0.002320533644052371,0.9960768968050133,0.9968088372608742,0.9999999999999976,1920,64
MPI-ESM1-2-HR,ssp585,1991-2020,2031-2060,F1_infection_during_grain_fill,-0.014478292197214781,0.0071807074466571615,0.0378157458740952,0.023337453676880417,0.9999999999999976,1920,64
MPI-ESM1-2-HR,ssp585,1991-2020,2031-2060,F1_infected_grain_fill_days,-0.11789644127150171,0.09839529666256254,34.06449598226902,33.94659954099752,0.9999999999999976,1920,64
MPI-ESM1-2-HR,ssp585,1991-2020,2031-2060,F1_symptomatic_grain_fill_days,0.21261604292379785,0.15378116779762588,32.94459141458692,33.157207457510715,0.9999999999999976,1920,64
MPI-ESM1-2-HR,ssp585,1991-2020,2031-2060,F1_infected_grain_fill_fraction,0.0017388706963890003,0.0013636933994386514,0.9917062663720188,0.9934451370684079,0.9999999999999976,1920,64
MPI-ESM1-2-HR,ssp585,1991-2020,2031-2060,F1_symptomatic_grain_fill_fraction,0.01147732495332041,0.002673409087333232,0.9579219701851879,0.9693992951385081,0.9999999999999976,1920,64
MPI-ESM1-2-HR,ssp585,1991-2020,2031-2060,F2_infection_day_after_sowing,-10.330589961030176,0.7151652860566836,219.45840476988403,209.12781480885388,0.9993874437689361,1919,63
MPI-ESM1-2-HR,ssp585,1991-2020,2031-2060,F2_symptom_day_after_sowing,-9.941744557912106,0.33818067551338765,236.1638989875083,226.22215442959617,0.9971412855929243,1914,61
MPI-ESM1-2-HR,ssp585,1991-2020,2031-2060,F2_infection_relative_anthesis_days,-2.574724771947528,0.43788209281219304,-32.16881035308451,-34.74353512503203,0.9993874437689361,1919,63
MPI-ESM1-2-HR,ssp585,1991-2020,2031-2060,F2_symptom_relative_anthesis_days,-2.1806296116277353,0.22018568746149347,-15.522465300715863,-17.703094912343598,0.9971412855929243,1914,61
MPI-ESM1-2-HR,ssp585,1991-2020,2031-2060,F2_infection_before85,-0.0006125562310614982,0.0006125562310614982,1.0,0.9993874437689385,0.9999999999999976,1920,64
MPI-ESM1-2-HR,ssp585,1991-2020,2031-2060,F2_symptom_before85,-0.00012051432304627715,0.001369850496088847,0.9986308999579865,0.9985103856349402,0.9999999999999976,1920,64
MPI-ESM1-2-HR,ssp585,1991-2020,2031-2060,F2_infection_during_grain_fill,-0.0025504034015127698,0.0031591426093072503,0.011217096327099661,0.00866669292558689,0.9999999999999976,1920,64
MPI-ESM1-2-HR,ssp585,1991-2020,2031-2060,F2_infected_grain_fill_days,-0.19907302399414553,0.09531242827493351,34.28101450662256,34.08194148262842,0.9999999999999976,1920,64
MPI-ESM1-2-HR,ssp585,1991-2020,2031-2060,F2_symptomatic_grain_fill_days,-0.042314690160486154,0.1185151860100006,33.753567252496474,33.711252562335986,0.9999999999999976,1920,64
MPI-ESM1-2-HR,ssp585,1991-2020,2031-2060,F2_infected_grain_fill_fraction,-0.000764522067277832,0.0009574050598344971,0.9984245053964509,0.9976599833291732,0.9999999999999976,1920,64
MPI-ESM1-2-HR,ssp585,1991-2020,2031-2060,F2_symptomatic_grain_fill_fraction,0.0037594989227339452,0.0015544855973877345,0.982415548782847,0.986175047705581,0.9999999999999976,1920,64
MPI-ESM1-2-HR,ssp585,1991-2020,2031-2060,F3_infection_day_after_sowing,-15.145443481591267,2.1828603488346636,206.90222238294905,191.7567789013578,0.9999999999999976,1920,64
MPI-ESM1-2-HR,ssp585,1991-2020,2031-2060,F3_symptom_day_after_sowing,-11.121886507748748,0.4037887147957861,227.59414939936835,216.4722628916196,0.999415294577332,1918,63
MPI-ESM1-2-HR,ssp585,1991-2020,2031-2060,F3_infection_relative_anthesis_days,-7.390041302440032,1.9623131620108178,-44.74237266618852,-52.132413968628555,0.9999999999999976,1920,64
MPI-ESM1-2-HR,ssp585,1991-2020,2031-2060,F3_symptom_relative_anthesis_days,-3.3704302387121037,0.29418141584891394,-24.092653664965823,-27.463083903677926,0.999415294577332,1918,63
MPI-ESM1-2-HR,ssp585,1991-2020,2031-2060,F3_infection_before85,0.0,0.0,1.0,1.0,0.9999999999999976,1920,64
MPI-ESM1-2-HR,ssp585,1991-2020,2031-2060,F3_symptom_before85,-0.0005847054226655282,0.0005847054226655282,1.0,0.9994152945773345,0.9999999999999976,1920,64
MPI-ESM1-2-HR,ssp585,1991-2020,2031-2060,F3_infection_during_grain_fill,0.0012859301617571832,0.0011752014619963284,0.0006125562310614982,0.0018984863928186815,0.9999999999999976,1920,64
MPI-ESM1-2-HR,ssp585,1991-2020,2031-2060,F3_infected_grain_fill_days,-0.18665869728287443,0.08951682107989475,34.32090352895831,34.13424483167544,0.9999999999999976,1920,64
MPI-ESM1-2-HR,ssp585,1991-2020,2031-2060,F3_symptomatic_grain_fill_days,-0.18902518962461395,0.10930472418272955,34.15690805010032,33.96788286047571,0.9999999999999976,1920,64
MPI-ESM1-2-HR,ssp585,1991-2020,2031-2060,F3_infected_grain_fill_fraction,-0.0003653203982445977,0.0004707167517025886,0.9996838419452586,0.9993185215470141,0.9999999999999976,1920,64
MPI-ESM1-2-HR,ssp585,1991-2020,2031-2060,F3_symptomatic_grain_fill_fraction,-0.0005652715855331096,0.0014175018808667108,0.9947100865155222,0.994144814929989,0.9999999999999976,1920,64
MPI-ESM1-2-HR,ssp585,1991-2020,2031-2060,any_top3_infection_before85,0.0,0.0,1.0,1.0,0.9999999999999976,1920,64
MPI-ESM1-2-HR,ssp585,1991-2020,2031-2060,all_top3_infection_before85,-0.0004407178427750112,0.0013210431876241192,0.9986711093091498,0.9982303914663748,0.9999999999999976,1920,64
MPI-ESM1-2-HR,ssp585,1991-2020,2031-2060,any_top3_symptom_before85,-0.0005847054226655282,0.0005847054226655282,1.0,0.9994152945773345,0.9999999999999976,1920,64
MPI-ESM1-2-HR,ssp585,1991-2020,2031-2060,all_top3_symptom_before85,0.000731940455860968,0.002320533644052371,0.9960768968050133,0.9968088372608742,0.9999999999999976,1920,64
MPI-ESM1-2-HR,ssp585,1991-2020,2031-2060,any_top3_infection_during_grain_fill,-0.013865735966153285,0.007084259589754786,0.0378157458740952,0.023950009907941917,0.9999999999999976,1920,64
MPI-ESM1-2-HR,ssp585,1991-2020,2031-2060,days_any_top3_infected_grain_fill,-0.18665869728287443,0.08951682107989475,34.32090352895831,34.13424483167544,0.9999999999999976,1920,64
MPI-ESM1-2-HR,ssp585,1991-2020,2031-2060,days_all_top3_infected_grain_fill,-0.11789644127150171,0.09839529666256254,34.06449598226902,33.94659954099752,0.9999999999999976,1920,64
MPI-ESM1-2-HR,ssp585,1991-2020,2031-2060,days_any_top3_symptomatic_grain_fill,-0.18902518962461395,0.10930472418272955,34.15690805010032,33.96788286047571,0.9999999999999976,1920,64
MPI-ESM1-2-HR,ssp585,1991-2020,2031-2060,days_all_top3_symptomatic_grain_fill,0.21261604292379785,0.15378116779762588,32.94459141458692,33.157207457510715,0.9999999999999976,1920,64
MPI-ESM1-2-HR,ssp585,1991-2020,2031-2060,GS31_85_reference_had3,1.809351773028062,0.9485912970725471,71.14016599977195,72.94951777280002,0.9999999999999976,1920,64
MPI-ESM1-2-HR,ssp585,1991-2020,2031-2060,GS31_85_lost_had3,1.4328002931486172,0.3086569971075503,6.071742585708907,7.5045428788575235,0.9999999999999976,1920,64
MPI-ESM1-2-HR,ssp585,1991-2020,2031-2060,GS31_85_functional_lost_fraction,0.01795274708818985,0.0040797615293296265,0.08166427149303981,0.09961701858122968,0.9999999999999976,1920,64
MPI-ESM1-2-HR,ssp585,1991-2020,2031-2060,conditional_yield_loss_GS31_85_b0141_t_ha_per_unit_lai,0.0202024841333955,0.004352063659216459,0.08561157045849557,0.1058140545918911,0.9999999999999976,1920,64
MPI-ESM1-2-HR,ssp585,1991-2020,2031-2060,conditional_yield_loss_GS31_85_b0180_t_ha_per_unit_lai,0.02579040527667511,0.005555825947935904,0.1092913665427603,0.13508177181943543,0.9999999999999976,1920,64
MPI-ESM1-2-HR,ssp585,1991-2020,2031-2060,conditional_yield_loss_GS31_85_b0207_t_ha_per_unit_lai,0.02965896606817638,0.00638919984012629,0.12568507152417438,0.15534403759235071,0.9999999999999976,1920,64
MPI-ESM1-2-HR,ssp585,1991-2020,2031-2060,GS65_85_reference_had3,-0.17469602526405265,0.08896958144567946,34.330704428655295,34.15600840339125,0.9999999999999976,1920,64
MPI-ESM1-2-HR,ssp585,1991-2020,2031-2060,GS65_85_lost_had3,1.2793635583095542,0.27801925017114154,5.804061512870719,7.083425071180273,0.9999999999999976,1920,64
MPI-ESM1-2-HR,ssp585,1991-2020,2031-2060,GS65_85_functional_lost_fraction,0.03618313672329429,0.007974764605456536,0.1649065791586313,0.20108971588192565,0.9999999999999976,1920,64
MPI-ESM1-2-HR,ssp585,1991-2020,2031-2060,conditional_yield_loss_GS65_85_b0141_t_ha_per_unit_lai,0.018039026172164716,0.003920071427413096,0.08183726733147714,0.09987629350364186,0.9999999999999976,1920,64
MPI-ESM1-2-HR,ssp585,1991-2020,2031-2060,conditional_yield_loss_GS65_85_b0180_t_ha_per_unit_lai,0.02302854404957198,0.0050043465030805475,0.10447310723167294,0.1275016512812449,0.9999999999999976,1920,64
MPI-ESM1-2-HR,ssp585,1991-2020,2031-2060,conditional_yield_loss_GS65_85_b0207_t_ha_per_unit_lai,0.026482825657007776,0.005754998478542628,0.12014407331642389,0.14662689897343167,0.9999999999999976,1920,64
MPI-ESM1-2-HR,ssp585,1991-2020,2031-2060,mean_temperature_grain_fill_c,0.25430765710350084,0.08411741194001014,19.06915399257564,19.32346164967914,0.9999999999999976,1920,64
MPI-ESM1-2-HR,ssp585,1991-2020,2031-2060,rainfall_grain_fill_mm,-2.434306250591465,2.196918481450816,83.13228909152025,80.6979828409288,0.9999999999999976,1920,64
MPI-ESM1-2-HR,ssp585,1991-2020,2031-2060,exposure_grain_fill_effective_days,-0.8431040746520014,0.22162496177698388,8.590715810644104,7.7476117359921,0.9999999999999976,1920,64
MPI-ESM1-2-HR,ssp585,1991-2020,2071-2100,grain_fill_days,-0.13029689335208453,0.19653431369752208,34.330704428655295,34.200407535303206,0.9999999999999976,1920,64
MPI-ESM1-2-HR,ssp585,1991-2020,2071-2100,F1_infection_day_after_sowing,-29.084294184712405,1.890588496049404,229.08330850458245,199.99901431987004,0.9955881023503005,1910,59
MPI-ESM1-2-HR,ssp585,1991-2020,2071-2100,F1_symptom_day_after_sowing,-27.715807147477992,0.9258847132153283,243.54222731465333,215.82642016717534,0.9909597794096021,1900,57
MPI-ESM1-2-HR,ssp585,1991-2020,2071-2100,F1_infection_relative_anthesis_days,-4.330449327272164,1.2553394412412382,-22.64562983030208,-26.976079157574244,0.9955881023503005,1910,59
MPI-ESM1-2-HR,ssp585,1991-2020,2071-2100,F1_symptom_relative_anthesis_days,-2.932223315133229,0.46625141972423645,-8.229583428407233,-11.16180674354046,0.9909597794096021,1900,57
MPI-ESM1-2-HR,ssp585,1991-2020,2071-2100,F1_infection_before85,-0.0017541162679965846,0.000584705422665528,0.9986711093091498,0.9969169930411532,0.9999999999999976,1920,64
MPI-ESM1-2-HR,ssp585,1991-2020,2071-2100,F1_symptom_before85,-0.0014863669117548676,0.0016887118776839967,0.9960768968050133,0.9945905298932584,0.9999999999999976,1920,64
MPI-ESM1-2-HR,ssp585,1991-2020,2071-2100,F1_infection_during_grain_fill,-0.015103637451337115,0.004887533210990367,0.0378157458740952,0.022712108422758087,0.9999999999999976,1920,64
MPI-ESM1-2-HR,ssp585,1991-2020,2071-2100,F1_infected_grain_fill_days,-0.16552048915882064,0.20766889031254315,34.06449598226902,33.8989754931102,0.9999999999999976,1920,64
MPI-ESM1-2-HR,ssp585,1991-2020,2071-2100,F1_symptomatic_grain_fill_days,0.11451253512208201,0.303324730360095,32.94459141458692,33.059103949709005,0.9999999999999976,1920,64
MPI-ESM1-2-HR,ssp585,1991-2020,2071-2100,F1_infected_grain_fill_fraction,-0.0010835646989323404,0.001776409028686941,0.9917062663720188,0.9906227016730865,0.9999999999999976,1920,64
MPI-ESM1-2-HR,ssp585,1991-2020,2071-2100,F1_symptomatic_grain_fill_fraction,0.00773709939151606,0.004907212563016895,0.9579219701851879,0.9656590695767038,0.9999999999999976,1920,64
MPI-ESM1-2-HR,ssp585,1991-2020,2071-2100,F2_infection_day_after_sowing,-31.907764172913282,2.8965744339558936,219.5816886314754,187.67392445856214,0.9982860930831643,1914,60
MPI-ESM1-2-HR,ssp585,1991-2020,2071-2100,F2_symptom_day_after_sowing,-29.10766606180515,1.212168830622207,236.26922937272397,207.16156331091884,0.9963322876184852,1910,59
MPI-ESM1-2-HR,ssp585,1991-2020,2071-2100,F2_infection_relative_anthesis_days,-7.174861407467346,2.254748550348223,-32.1627193542918,-39.337580761759156,0.9982860930831643,1914,60
MPI-ESM1-2-HR,ssp585,1991-2020,2071-2100,F2_symptom_relative_anthesis_days,-4.358890398180993,0.7496426930418535,-15.516228984595328,-19.87511938277632,0.9963322876184852,1910,59
MPI-ESM1-2-HR,ssp585,1991-2020,2071-2100,F2_infection_before85,-0.0017139069168332942,0.0006139761147070957,1.0,0.9982860930831667,0.9999999999999976,1920,64
MPI-ESM1-2-HR,ssp585,1991-2020,2071-2100,F2_symptom_before85,-0.0009295122974853092,0.0012509362571690636,0.9986308999579865,0.9977013876605012,0.9999999999999976,1920,64
MPI-ESM1-2-HR,ssp585,1991-2020,2071-2100,F2_infection_during_grain_fill,-0.0014024040469800025,0.0038310436169761413,0.011217096327099661,0.009814692280119656,0.9999999999999976,1920,64
MPI-ESM1-2-HR,ssp585,1991-2020,2071-2100,F2_infected_grain_fill_days,-0.2142402105787701,0.19935733386226984,34.28101450662256,34.066774296043796,0.9999999999999976,1920,64
MPI-ESM1-2-HR,ssp585,1991-2020,2071-2100,F2_symptomatic_grain_fill_days,-0.10775640742670704,0.24503259978410483,33.753567252496474,33.64581084506977,0.9999999999999976,1920,64
MPI-ESM1-2-HR,ssp585,1991-2020,2071-2100,F2_infected_grain_fill_fraction,-0.0025583602822150144,0.0010576218764746027,0.9984245053964509,0.995866145114236,0.9999999999999976,1920,64
MPI-ESM1-2-HR,ssp585,1991-2020,2071-2100,F2_symptomatic_grain_fill_fraction,0.0009108722887218133,0.0032449107272203366,0.982415548782847,0.9833264210715689,0.9999999999999976,1920,64
MPI-ESM1-2-HR,ssp585,1991-2020,2071-2100,F3_infection_day_after_sowing,-40.16920211778047,3.8157406185788383,206.93577410220473,166.76657198442425,0.9991631512171626,1917,61
MPI-ESM1-2-HR,ssp585,1991-2020,2071-2100,F3_symptom_day_after_sowing,-33.309917236011714,1.8618086578420812,227.61653017000208,194.30661293399038,0.9988707985058298,1916,61
MPI-ESM1-2-HR,ssp585,1991-2020,2071-2100,F3_infection_relative_anthesis_days,-15.428749957046824,3.1896243644483167,-44.75560548240205,-60.18435543944888,0.9991631512171626,1917,61
MPI-ESM1-2-HR,ssp585,1991-2020,2071-2100,F3_symptom_relative_anthesis_days,-8.570711773411322,1.3165334277987855,-24.096124960895434,-32.666836734306756,0.9988707985058298,1916,61
MPI-ESM1-2-HR,ssp585,1991-2020,2071-2100,F3_infection_before85,-0.0008368487828350021,0.0004213507064695367,1.0,0.999163151217165,0.9999999999999976,1920,64
MPI-ESM1-2-HR,ssp585,1991-2020,2071-2100,F3_symptom_before85,-0.0011292014941677662,0.0006139761147070957,1.0,0.9988707985058323,0.9999999999999976,1920,64
MPI-ESM1-2-HR,ssp585,1991-2020,2071-2100,F3_infection_during_grain_fill,0.003254727267772648,0.0011250247853715324,0.0006125562310614982,0.0038672834988341463,0.9999999999999976,1920,64
MPI-ESM1-2-HR,ssp585,1991-2020,2071-2100,F3_infected_grain_fill_days,-0.1752704073667826,0.19864151822302034,34.32090352895831,34.14563312159153,0.9999999999999976,1920,64
MPI-ESM1-2-HR,ssp585,1991-2020,2071-2100,F3_symptomatic_grain_fill_days,-0.14362967763084375,0.20970830327811568,34.15690805010032,34.01327837246947,0.9999999999999976,1920,64
MPI-ESM1-2-HR,ssp585,1991-2020,2071-2100,F3_infected_grain_fill_fraction,-0.0013912356894366495,0.0006333543904952618,0.9996838419452586,0.998292606255822,0.9999999999999976,1920,64
MPI-ESM1-2-HR,ssp585,1991-2020,2071-2100,F3_symptomatic_grain_fill_fraction,-0.0004077368366470715,0.001848083646477318,0.9947100865155222,0.994302349678875,0.9999999999999976,1920,64
MPI-ESM1-2-HR,ssp585,1991-2020,2071-2100,any_top3_infection_before85,-0.0008368487828350021,0.0004213507064695367,1.0,0.999163151217165,0.9999999999999976,1920,64
MPI-ESM1-2-HR,ssp585,1991-2020,2071-2100,all_top3_infection_before85,-0.0017541162679965846,0.000584705422665528,0.9986711093091498,0.9969169930411532,0.9999999999999976,1920,64
MPI-ESM1-2-HR,ssp585,1991-2020,2071-2100,any_top3_symptom_before85,-0.0011292014941677662,0.0006139761147070957,1.0,0.9988707985058323,0.9999999999999976,1920,64
MPI-ESM1-2-HR,ssp585,1991-2020,2071-2100,all_top3_symptom_before85,-0.0014863669117548676,0.0016887118776839967,0.9960768968050133,0.9945905298932584,0.9999999999999976,1920,64
MPI-ESM1-2-HR,ssp585,1991-2020,2071-2100,any_top3_infection_during_grain_fill,-0.014226579317338822,0.00494836050053946,0.0378157458740952,0.023589166556756375,0.9999999999999976,1920,64
MPI-ESM1-2-HR,ssp585,1991-2020,2071-2100,days_any_top3_infected_grain_fill,-0.1752704073667826,0.19864151822302034,34.32090352895831,34.14563312159153,0.9999999999999976,1920,64
MPI-ESM1-2-HR,ssp585,1991-2020,2071-2100,days_all_top3_infected_grain_fill,-0.16552048915882064,0.20766889031254315,34.06449598226902,33.8989754931102,0.9999999999999976,1920,64
MPI-ESM1-2-HR,ssp585,1991-2020,2071-2100,days_any_top3_symptomatic_grain_fill,-0.14362967763084375,0.20970830327811568,34.15690805010032,34.01327837246947,0.9999999999999976,1920,64
MPI-ESM1-2-HR,ssp585,1991-2020,2071-2100,days_all_top3_symptomatic_grain_fill,0.11451253512208201,0.303324730360095,32.94459141458692,33.059103949709005,0.9999999999999976,1920,64
MPI-ESM1-2-HR,ssp585,1991-2020,2071-2100,GS31_85_reference_had3,5.9935938280761745,3.0367036462601575,71.14016599977195,77.13375982784812,0.9999999999999976,1920,64
MPI-ESM1-2-HR,ssp585,1991-2020,2071-2100,GS31_85_lost_had3,2.587015742545258,0.453624489682381,6.071742585708907,8.658758328254164,0.9999999999999976,1920,64
MPI-ESM1-2-HR,ssp585,1991-2020,2071-2100,GS31_85_functional_lost_fraction,0.0324772280917587,0.005238786516899447,0.08166427149303981,0.11414149958479852,0.9999999999999976,1920,64
MPI-ESM1-2-HR,ssp585,1991-2020,2071-2100,conditional_yield_loss_GS31_85_b0141_t_ha_per_unit_lai,0.03647692196988813,0.006396105304521572,0.08561157045849557,0.1220884924283837,0.9999999999999976,1920,64
MPI-ESM1-2-HR,ssp585,1991-2020,2071-2100,conditional_yield_loss_GS31_85_b0180_t_ha_per_unit_lai,0.04656628336581464,0.008165240814282857,0.1092913665427603,0.15585764990857495,0.9999999999999976,1920,64
MPI-ESM1-2-HR,ssp585,1991-2020,2071-2100,conditional_yield_loss_GS31_85_b0207_t_ha_per_unit_lai,0.05355122587068684,0.009390026936425287,0.12568507152417438,0.1792362973948612,0.9999999999999976,1920,64
MPI-ESM1-2-HR,ssp585,1991-2020,2071-2100,GS65_85_reference_had3,-0.1302968933520849,0.19653431369752186,34.330704428655295,34.20040753530321,0.9999999999999976,1920,64
MPI-ESM1-2-HR,ssp585,1991-2020,2071-2100,GS65_85_lost_had3,2.1743028954427803,0.39275175321862593,5.804061512870719,7.9783644083134995,0.9999999999999976,1920,64
MPI-ESM1-2-HR,ssp585,1991-2020,2071-2100,GS65_85_functional_lost_fraction,0.06485184537095111,0.011165270582130694,0.1649065791586313,0.2297584245295824,0.9999999999999976,1920,64
MPI-ESM1-2-HR,ssp585,1991-2020,2071-2100,conditional_yield_loss_GS65_85_b0141_t_ha_per_unit_lai,0.0306576708257432,0.005537799720382626,0.08183726733147714,0.11249493815722035,0.9999999999999976,1920,64
MPI-ESM1-2-HR,ssp585,1991-2020,2071-2100,conditional_yield_loss_GS65_85_b0180_t_ha_per_unit_lai,0.03913745211797004,0.007069531557935268,0.10447310723167294,0.14361055934964298,0.9999999999999976,1920,64
MPI-ESM1-2-HR,ssp585,1991-2020,2071-2100,conditional_yield_loss_GS65_85_b0207_t_ha_per_unit_lai,0.04500806993566554,0.008129961291625555,0.12014407331642389,0.16515214325208946,0.9999999999999976,1920,64
MPI-ESM1-2-HR,ssp585,1991-2020,2071-2100,mean_temperature_grain_fill_c,0.573629069405934,0.1677176927227806,19.06915399257564,19.64278306198157,0.9999999999999976,1920,64
MPI-ESM1-2-HR,ssp585,1991-2020,2071-2100,rainfall_grain_fill_mm,-14.408104659422902,1.5013472285286982,83.13228909152025,68.72418443209736,0.9999999999999976,1920,64
MPI-ESM1-2-HR,ssp585,1991-2020,2071-2100,exposure_grain_fill_effective_days,-2.5448652943035954,0.1381373168617527,8.590715810644104,6.045850516340509,0.9999999999999976,1920,64
MRI-ESM2-0,ssp126,1991-2020,2031-2060,grain_fill_days,-0.4786713418591391,0.05510028713585299,34.141770675408836,33.663099333549695,0.9997510647368605,1913,60
MRI-ESM2-0,ssp126,1991-2020,2031-2060,F1_infection_day_after_sowing,-5.500382186139248,0.39969537471111355,228.12734445360135,222.62696226746212,0.9985816538915294,1909,57
MRI-ESM2-0,ssp126,1991-2020,2031-2060,F1_symptom_day_after_sowing,-6.107902839911661,0.3026399631376524,242.47451650501174,236.3666136651001,0.9973843922378024,1906,56
MRI-ESM2-0,ssp126,1991-2020,2031-2060,F1_infection_relative_anthesis_days,-0.09536493172176551,0.22750274711296317,-24.231618499115285,-24.32698343083705,0.9985816538915294,1909,57
MRI-ESM2-0,ssp126,1991-2020,2031-2060,F1_symptom_relative_anthesis_days,-0.6999706754892818,0.15876813916880705,-9.918809306760938,-10.61877998225022,0.9973843922378024,1906,56
MRI-ESM2-0,ssp126,1991-2020,2031-2060,F1_infection_before85,-0.0011697020254125444,0.000477528878052983,1.0,0.9988302979745874,0.9997510647368605,1913,60
MRI-ESM2-0,ssp126,1991-2020,2031-2060,F1_symptom_before85,-0.0005569932695356757,0.0009118550512768905,0.99909486573777,0.9985378724682343,0.9997510647368605,1913,60
MRI-ESM2-0,ssp126,1991-2020,2031-2060,F1_infection_during_grain_fill,0.0021838670236094338,0.004422414950879969,0.011209215697722348,0.013393082721331783,0.9997510647368605,1913,60
MRI-ESM2-0,ssp126,1991-2020,2031-2060,F1_infected_grain_fill_days,-0.4998746603170478,0.06592908610875117,34.05245551691221,33.55258085659516,0.9997510647368605,1913,60
MRI-ESM2-0,ssp126,1991-2020,2031-2060,F1_symptomatic_grain_fill_days,-0.3922201536613877,0.0816689860245664,33.46411988894565,33.07189973528427,0.9997510647368605,1913,60
MRI-ESM2-0,ssp126,1991-2020,2031-2060,F1_infected_grain_fill_fraction,-0.0006888604733269487,0.0009860636019917656,0.9972314967463144,0.9965426362729874,0.9997510647368605,1913,60
MRI-ESM2-0,ssp126,1991-2020,2031-2060,F1_symptomatic_grain_fill_fraction,0.002418775952274837,0.001593283265013007,0.9793490065595455,0.9817677825118204,0.9997510647368605,1913,60
MRI-ESM2-0,ssp126,1991-2020,2031-2060,F2_infection_day_after_sowing,-6.330748519570158,0.5492714907084154,218.83477452731992,212.5040260077498,0.9994587120255277,1912,59
MRI-ESM2-0,ssp126,1991-2020,2031-2060,F2_symptom_day_after_sowing,-6.644317263029889,0.3630115577910588,235.2053179825263,228.5610007194964,0.9979690976604679,1908,56
MRI-ESM2-0,ssp126,1991-2020,2031-2060,F2_infection_relative_anthesis_days,-0.9281342585208143,0.4004187046188664,-33.46390865948359,-34.39204291800441,0.9994587120255277,1912,59
MRI-ESM2-0,ssp126,1991-2020,2031-2060,F2_symptom_relative_anthesis_days,-1.2372099994718866,0.19352531335157855,-17.14617881385691,-18.383388813328793,0.9979690976604679,1908,56
MRI-ESM2-0,ssp126,1991-2020,2031-2060,F2_infection_before85,-0.0002924255063531361,0.00029242550898901095,1.0,0.9997075744936469,0.9997510647368605,1913,60
MRI-ESM2-0,ssp126,1991-2020,2031-2060,F2_symptom_before85,2.7857743170596546e-05,0.0009723664593736037,0.99909486573777,0.9991227234809406,0.9997510647368605,1913,60
MRI-ESM2-0,ssp126,1991-2020,2031-2060,F2_infection_during_grain_fill,-0.0006405664990474653,0.0007839427715864438,0.004284582649588064,0.0036440161505406,0.9997510647368605,1913,60
MRI-ESM2-0,ssp126,1991-2020,2031-2060,F2_infected_grain_fill_days,-0.4690885985538524,0.06466331907560567,34.09839097867005,33.629302380116194,0.9997510647368605,1913,60
MRI-ESM2-0,ssp126,1991-2020,2031-2060,F2_symptomatic_grain_fill_days,-0.41137019314309287,0.07177748707846056,33.883406510679514,33.47203631753642,0.9997510647368605,1913,60
MRI-ESM2-0,ssp126,1991-2020,2031-2060,F2_infected_grain_fill_fraction,0.0003075931010308189,0.0008318617485371621,0.9986448415747291,0.9989524346757599,0.9997510647368605,1913,60
MRI-ESM2-0,ssp126,1991-2020,2031-2060,F2_symptomatic_grain_fill_fraction,0.0019497616575261045,0.0012872579929119855,0.9920957858932049,0.994045547550731,0.9997510647368605,1913,60
MRI-ESM2-0,ssp126,1991-2020,2031-2060,F3_infection_day_after_sowing,-10.207708806213683,2.6165490111701923,205.44946041544407,195.24175160923036,0.9997510647368605,1913,60
MRI-ESM2-0,ssp126,1991-2020,2031-2060,F3_symptom_day_after_sowing,-7.559654475063846,0.5505011508327629,226.47962981616126,218.91997534109746,0.9997510647368605,1913,60
MRI-ESM2-0,ssp126,1991-2020,2031-2060,F3_infection_relative_anthesis_days,-4.80228802477996,2.467225827417051,-46.83392930244697,-51.63621732722692,0.9997510647368605,1913,60
MRI-ESM2-0,ssp126,1991-2020,2031-2060,F3_symptom_relative_anthesis_days,-2.154233693630124,0.38286094129050546,-25.80375990172976,-27.957993595359884,0.9997510647368605,1913,60
MRI-ESM2-0,ssp126,1991-2020,2031-2060,F3_infection_before85,0.0,0.0,1.0,1.0,0.9997510647368605,1913,60
MRI-ESM2-0,ssp126,1991-2020,2031-2060,F3_symptom_before85,0.0,0.0,1.0,1.0,0.9997510647368605,1913,60
MRI-ESM2-0,ssp126,1991-2020,2031-2060,F3_infection_during_grain_fill,-0.003087022881004924,0.0025851648978647093,0.0036718738937111957,0.0005848510127062722,0.9997510647368605,1913,60
MRI-ESM2-0,ssp126,1991-2020,2031-2060,F3_infected_grain_fill_days,-0.4599955501137346,0.0628454608473573,34.11402969296649,33.654034142852744,0.9997510647368605,1913,60
MRI-ESM2-0,ssp126,1991-2020,2031-2060,F3_symptomatic_grain_fill_days,-0.4241370363918662,0.07950015017132504,34.04108750992161,33.61695047352975,0.9997510647368605,1913,60
MRI-ESM2-0,ssp126,1991-2020,2031-2060,F3_infected_grain_fill_fraction,0.0005890250259483705,0.0006750168976640024,0.9991276877647721,0.9997167127907204,0.9997510647368605,1913,60
MRI-ESM2-0,ssp126,1991-2020,2031-2060,F3_symptomatic_grain_fill_fraction,0.0017053507264122624,0.0015054315706477248,0.9968471222693429,0.9985524729957551,0.9997510647368605,1913,60
MRI-ESM2-0,ssp126,1991-2020,2031-2060,any_top3_infection_before85,0.0,0.0,1.0,1.0,0.9997510647368605,1913,60
MRI-ESM2-0,ssp126,1991-2020,2031-2060,all_top3_infection_before85,-0.0011697020254125444,0.000477528878052983,1.0,0.9988302979745874,0.9997510647368605,1913,60
MRI-ESM2-0,ssp126,1991-2020,2031-2060,any_top3_symptom_before85,0.0,0.0,1.0,1.0,0.9997510647368605,1913,60
MRI-ESM2-0,ssp126,1991-2020,2031-2060,all_top3_symptom_before85,-0.0005569932695356757,0.0009118550512768905,0.99909486573777,0.9985378724682343,0.9997510647368605,1913,60
MRI-ESM2-0,ssp126,1991-2020,2031-2060,any_top3_infection_during_grain_fill,0.0027687180363157064,0.004422416753161898,0.011209215697722348,0.013977933734038056,0.9997510647368605,1913,60
MRI-ESM2-0,ssp126,1991-2020,2031-2060,days_any_top3_infected_grain_fill,-0.4599955501137346,0.0628454608473573,34.11402969296649,33.654034142852744,0.9997510647368605,1913,60
MRI-ESM2-0,ssp126,1991-2020,2031-2060,days_all_top3_infected_grain_fill,-0.4998746603170478,0.06592908610875117,34.05245551691221,33.55258085659516,0.9997510647368605,1913,60
MRI-ESM2-0,ssp126,1991-2020,2031-2060,days_any_top3_symptomatic_grain_fill,-0.4241370363918662,0.07950015017132504,34.04108750992161,33.61695047352975,0.9997510647368605,1913,60
MRI-ESM2-0,ssp126,1991-2020,2031-2060,days_all_top3_symptomatic_grain_fill,-0.3922201536613877,0.0816689860245664,33.46411988894565,33.07189973528427,0.9997510647368605,1913,60
MRI-ESM2-0,ssp126,1991-2020,2031-2060,GS31_85_reference_had3,-0.49435274971584303,0.2670847110174644,70.63864415264214,70.1442914029263,0.9997510647368605,1913,60
MRI-ESM2-0,ssp126,1991-2020,2031-2060,GS31_85_lost_had3,0.5655439779185057,0.1569488732822693,6.921313316893188,7.486857294811694,0.9997510647368605,1913,60
MRI-ESM2-0,ssp126,1991-2020,2031-2060,GS31_85_functional_lost_fraction,0.009502218593522203,0.002212889552156817,0.09418350466516393,0.10368572325868615,0.9997510647368605,1913,60
MRI-ESM2-0,ssp126,1991-2020,2031-2060,conditional_yield_loss_GS31_85_b0141_t_ha_per_unit_lai,0.007974170088650931,0.0022129791132799977,0.09759051776819395,0.10556468785684488,0.9997510647368605,1913,60
MRI-ESM2-0,ssp126,1991-2020,2031-2060,conditional_yield_loss_GS31_85_b0180_t_ha_per_unit_lai,0.010179791602533104,0.0028250797190808473,0.12458363970407738,0.13476343130661048,0.9997510647368605,1913,60
MRI-ESM2-0,ssp126,1991-2020,2031-2060,conditional_yield_loss_GS31_85_b0207_t_ha_per_unit_lai,0.011706760342913071,0.003248841676942975,0.14327118565968897,0.15497794600260206,0.9997510647368605,1913,60
MRI-ESM2-0,ssp126,1991-2020,2031-2060,GS65_85_reference_had3,-0.47867134185913934,0.05510028713585299,34.141770675408836,33.6630993335497,0.9997510647368605,1913,60
MRI-ESM2-0,ssp126,1991-2020,2031-2060,GS65_85_lost_had3,0.5045887602283159,0.1448518166343488,6.6099205969982195,7.114509357226534,0.9997510647368605,1913,60
MRI-ESM2-0,ssp126,1991-2020,2031-2060,GS65_85_functional_lost_fraction,0.019691079743110376,0.004213003698138291,0.18933263485006827,0.20902371459317864,0.9997510647368605,1913,60
MRI-ESM2-0,ssp126,1991-2020,2031-2060,conditional_yield_loss_GS65_85_b0141_t_ha_per_unit_lai,0.007114701519219255,0.002042410614544318,0.09319988041767488,0.10031458193689415,0.9997510647368605,1913,60
MRI-ESM2-0,ssp126,1991-2020,2031-2060,conditional_yield_loss_GS65_85_b0180_t_ha_per_unit_lai,0.009082597684109685,0.002607332699418278,0.11897857074596793,0.1280611684300776,0.9997510647368605,1913,60
MRI-ESM2-0,ssp126,1991-2020,2031-2060,conditional_yield_loss_GS65_85_b0207_t_ha_per_unit_lai,0.010444987336726141,0.0029984326043310198,0.1368253563578631,0.14727034369458927,0.9997510647368605,1913,60
MRI-ESM2-0,ssp126,1991-2020,2031-2060,mean_temperature_grain_fill_c,0.6186918093700677,0.035173320946877126,19.229472987977534,19.8481647973476,0.9997510647368605,1913,60
MRI-ESM2-0,ssp126,1991-2020,2031-2060,rainfall_grain_fill_mm,-2.583987151887932,1.1055448794243141,83.93846698166843,81.3544798297805,0.9997510647368605,1913,60
MRI-ESM2-0,ssp126,1991-2020,2031-2060,exposure_grain_fill_effective_days,-0.3791082558670515,0.08806708634072777,8.362100707926995,7.982992452059944,0.9997510647368605,1913,60
MRI-ESM2-0,ssp126,1991-2020,2071-2100,grain_fill_days,-0.2894296605232427,0.054024829528543795,34.141770675408836,33.852341014885596,0.9997510647368605,1913,60
MRI-ESM2-0,ssp126,1991-2020,2071-2100,F1_infection_day_after_sowing,-2.5000720785232518,0.5259753620839004,228.06081490859387,225.56074283007064,0.9997510647368605,1913,60
MRI-ESM2-0,ssp126,1991-2020,2071-2100,F1_symptom_day_after_sowing,-2.5568909651609752,0.4793514512056401,242.38036599086325,239.8234750257023,0.997941246852072,1909,58
MRI-ESM2-0,ssp126,1991-2020,2071-2100,F1_infection_relative_anthesis_days,0.1545743189449771,0.2919113972745316,-24.22257480929715,-24.068000490352173,0.9997510647368605,1913,60
MRI-ESM2-0,ssp126,1991-2020,2071-2100,F1_symptom_relative_anthesis_days,0.09984944305922479,0.2193554539381418,-9.925592757538048,-9.825743314478823,0.997941246852072,1909,58
MRI-ESM2-0,ssp126,1991-2020,2071-2100,F1_infection_before85,0.0,0.0,1.0,1.0,0.9997510647368605,1913,60
MRI-ESM2-0,ssp126,1991-2020,2071-2100,F1_symptom_before85,0.0,0.0,0.99909486573777,0.99909486573777,0.9997510647368605,1913,60
MRI-ESM2-0,ssp126,1991-2020,2071-2100,F1_infection_during_grain_fill,0.0005495567249528365,0.002426368651517645,0.011209215697722348,0.011758772422675187,0.9997510647368605,1913,60
MRI-ESM2-0,ssp126,1991-2020,2071-2100,F1_infected_grain_fill_days,-0.2748649210721629,0.061607272862703025,34.05245551691221,33.777590595840046,0.9997510647368605,1913,60
MRI-ESM2-0,ssp126,1991-2020,2071-2100,F1_symptomatic_grain_fill_days,-0.24755341130260564,0.0802256832400561,33.46411988894565,33.21656647764306,0.9997510647368605,1913,60
MRI-ESM2-0,ssp126,1991-2020,2071-2100,F1_infected_grain_fill_fraction,0.0004057370664863216,0.0006471681800562035,0.9972314967463144,0.9976372338128006,0.9997510647368605,1913,60
MRI-ESM2-0,ssp126,1991-2020,2071-2100,F1_symptomatic_grain_fill_fraction,0.0012650216703215822,0.0017952750306359667,0.9793490065595455,0.9806140282298671,0.9997510647368605,1913,60
MRI-ESM2-0,ssp126,1991-2020,2071-2100,F2_infection_day_after_sowing,-2.695045393759959,0.4037892924031025,218.8190318661194,216.12398647235943,0.9997510647368605,1913,60
MRI-ESM2-0,ssp126,1991-2020,2071-2100,F2_symptom_day_after_sowing,-2.9208852022053184,0.48160988943666194,235.15333149250347,232.23244629029816,0.9988461557944662,1911,58
MRI-ESM2-0,ssp126,1991-2020,2071-2100,F2_infection_relative_anthesis_days,-0.04039899629173108,0.23929211572328338,-33.46435785177165,-33.50475684806339,0.9997510647368605,1913,60
MRI-ESM2-0,ssp126,1991-2020,2071-2100,F2_symptom_relative_anthesis_days,-0.2581054004259929,0.24466999882056578,-17.14780660101998,-17.405912001445973,0.9988461557944662,1911,58
MRI-ESM2-0,ssp126,1991-2020,2071-2100,F2_infection_before85,0.0,0.0,1.0,1.0,0.9997510647368605,1913,60
MRI-ESM2-0,ssp126,1991-2020,2071-2100,F2_symptom_before85,0.0009051342622300048,0.0006789143620984611,0.99909486573777,1.0,0.9997510647368605,1913,60
MRI-ESM2-0,ssp126,1991-2020,2071-2100,F2_infection_during_grain_fill,0.001426312556798716,0.0012958249041217754,0.004284582649588064,0.0057108952063867815,0.9997510647368605,1913,60
MRI-ESM2-0,ssp126,1991-2020,2071-2100,F2_infected_grain_fill_days,-0.2862851981213108,0.05620058904895845,34.09839097867005,33.81210578054873,0.9997510647368605,1913,60
MRI-ESM2-0,ssp126,1991-2020,2071-2100,F2_symptomatic_grain_fill_days,-0.25471775592788554,0.06247040718405516,33.883406510679514,33.62868875475162,0.9997510647368605,1913,60
MRI-ESM2-0,ssp126,1991-2020,2071-2100,F2_infected_grain_fill_fraction,8.697386533470735e-05,0.00031021250830221334,0.9986448415747291,0.9987318154400638,0.9997510647368605,1913,60
MRI-ESM2-0,ssp126,1991-2020,2071-2100,F2_symptomatic_grain_fill_fraction,0.001001269759745934,0.0006932748189952497,0.9920957858932049,0.9930970556529509,0.9997510647368605,1913,60
MRI-ESM2-0,ssp126,1991-2020,2071-2100,F3_infection_day_after_sowing,-6.95082157266986,2.9000298974874457,205.44946041544407,198.49863884277423,0.9997510647368605,1913,60
MRI-ESM2-0,ssp126,1991-2020,2071-2100,F3_symptom_day_after_sowing,-3.3809714282462138,0.5667453610985871,226.47962981616126,223.09865838791504,0.9997510647368605,1913,60
MRI-ESM2-0,ssp126,1991-2020,2071-2100,F3_infection_relative_anthesis_days,-4.296175175201633,2.7383955850875537,-46.83392930244697,-51.130104477648594,0.9997510647368605,1913,60
MRI-ESM2-0,ssp126,1991-2020,2071-2100,F3_symptom_relative_anthesis_days,-0.7263250307779854,0.31234681226084104,-25.80375990172976,-26.530084932507744,0.9997510647368605,1913,60
MRI-ESM2-0,ssp126,1991-2020,2071-2100,F3_infection_before85,0.0,0.0,1.0,1.0,0.9997510647368605,1913,60
MRI-ESM2-0,ssp126,1991-2020,2071-2100,F3_symptom_before85,0.0,0.0,1.0,1.0,0.9997510647368605,1913,60
MRI-ESM2-0,ssp126,1991-2020,2071-2100,F3_infection_during_grain_fill,-0.0013694409441552973,0.0014988574590602015,0.0036718738937111957,0.002302432949555899,0.9997510647368605,1913,60
MRI-ESM2-0,ssp126,1991-2020,2071-2100,F3_infected_grain_fill_days,-0.2776382061937601,0.05860952805154662,34.11402969296649,33.83639148677272,0.9997510647368605,1913,60
MRI-ESM2-0,ssp126,1991-2020,2071-2100,F3_symptomatic_grain_fill_days,-0.2788197244383648,0.05782338578063777,34.04108750992161,33.762267785483246,0.9997510647368605,1913,60
MRI-ESM2-0,ssp126,1991-2020,2071-2100,F3_infected_grain_fill_fraction,0.0003662337364769792,0.00038428474652879227,0.9991276877647721,0.9994939215012489,0.9997510647368605,1913,60
MRI-ESM2-0,ssp126,1991-2020,2071-2100,F3_symptomatic_grain_fill_fraction,0.0003454923133224246,0.0005335957467051038,0.9968471222693429,0.9971926145826652,0.9997510647368605,1913,60
MRI-ESM2-0,ssp126,1991-2020,2071-2100,any_top3_infection_before85,0.0,0.0,1.0,1.0,0.9997510647368605,1913,60
MRI-ESM2-0,ssp126,1991-2020,2071-2100,all_top3_infection_before85,0.0,0.0,1.0,1.0,0.9997510647368605,1913,60
MRI-ESM2-0,ssp126,1991-2020,2071-2100,any_top3_symptom_before85,0.0,0.0,1.0,1.0,0.9997510647368605,1913,60
MRI-ESM2-0,ssp126,1991-2020,2071-2100,all_top3_symptom_before85,0.0,0.0,0.99909486573777,0.99909486573777,0.9997510647368605,1913,60
MRI-ESM2-0,ssp126,1991-2020,2071-2100,any_top3_infection_during_grain_fill,0.0005495567249528365,0.002426368651517645,0.011209215697722348,0.011758772422675187,0.9997510647368605,1913,60
MRI-ESM2-0,ssp126,1991-2020,2071-2100,days_any_top3_infected_grain_fill,-0.2776382061937601,0.05860952805154662,34.11402969296649,33.83639148677272,0.9997510647368605,1913,60
MRI-ESM2-0,ssp126,1991-2020,2071-2100,days_all_top3_infected_grain_fill,-0.2748649210721629,0.061607272862703025,34.05245551691221,33.777590595840046,0.9997510647368605,1913,60
MRI-ESM2-0,ssp126,1991-2020,2071-2100,days_any_top3_symptomatic_grain_fill,-0.2788197244383648,0.05782338578063777,34.04108750992161,33.762267785483246,0.9997510647368605,1913,60
MRI-ESM2-0,ssp126,1991-2020,2071-2100,days_all_top3_symptomatic_grain_fill,-0.24755341130260564,0.0802256832400561,33.46411988894565,33.21656647764306,0.9997510647368605,1913,60
MRI-ESM2-0,ssp126,1991-2020,2071-2100,GS31_85_reference_had3,-0.40171828479732946,0.21103708149712475,70.63864415264214,70.2369258678448,0.9997510647368605,1913,60
MRI-ESM2-0,ssp126,1991-2020,2071-2100,GS31_85_lost_had3,-0.5118665327735801,0.2071065966574548,6.921313316893188,6.409446784119607,0.9997510647368605,1913,60
MRI-ESM2-0,ssp126,1991-2020,2071-2100,GS31_85_functional_lost_fraction,-0.004664136743263718,0.0028598243695067073,0.09418350466516393,0.08951936792190023,0.9997510647368605,1913,60
MRI-ESM2-0,ssp126,1991-2020,2071-2100,conditional_yield_loss_GS31_85_b0141_t_ha_per_unit_lai,-0.007217318112107478,0.0029202030128701126,0.09759051776819395,0.09037319965608646,0.9997510647368605,1913,60
MRI-ESM2-0,ssp126,1991-2020,2071-2100,conditional_yield_loss_GS31_85_b0180_t_ha_per_unit_lai,-0.009213597589924438,0.003727918739834186,0.12458363970407738,0.11537004211415294,0.9997510647368605,1913,60
MRI-ESM2-0,ssp126,1991-2020,2071-2100,conditional_yield_loss_GS31_85_b0207_t_ha_per_unit_lai,-0.010595637228413106,0.004287106550809313,0.14327118565968897,0.13267554843127588,0.9997510647368605,1913,60
MRI-ESM2-0,ssp126,1991-2020,2071-2100,GS65_85_reference_had3,-0.2894296605232428,0.05402482952854381,34.141770675408836,33.852341014885596,0.9997510647368605,1913,60
MRI-ESM2-0,ssp126,1991-2020,2071-2100,GS65_85_lost_had3,-0.4966118080895976,0.1884553468373828,6.6099205969982195,6.113308788908621,0.9997510647368605,1913,60
MRI-ESM2-0,ssp126,1991-2020,2071-2100,GS65_85_functional_lost_fraction,-0.009990754879523075,0.005320868985073803,0.18933263485006827,0.17934187997054518,0.9997510647368605,1913,60
MRI-ESM2-0,ssp126,1991-2020,2071-2100,conditional_yield_loss_GS65_85_b0141_t_ha_per_unit_lai,-0.007002226494063323,0.0026572203904070973,0.09319988041767488,0.08619765392361156,0.9997510647368605,1913,60
MRI-ESM2-0,ssp126,1991-2020,2071-2100,conditional_yield_loss_GS65_85_b0180_t_ha_per_unit_lai,-0.008939012545612753,0.0033921962430728896,0.11897857074596793,0.11003955820035517,0.9997510647368605,1913,60
MRI-ESM2-0,ssp126,1991-2020,2071-2100,conditional_yield_loss_GS65_85_b0207_t_ha_per_unit_lai,-0.010279864427454663,0.0039010256795338235,0.1368253563578631,0.12654549193040845,0.9997510647368605,1913,60
MRI-ESM2-0,ssp126,1991-2020,2071-2100,mean_temperature_grain_fill_c,0.4390654289783823,0.027787620117668388,19.229472987977534,19.668538416955915,0.9997510647368605,1913,60
MRI-ESM2-0,ssp126,1991-2020,2071-2100,rainfall_grain_fill_mm,-5.97083146772542,0.8647182095331456,83.93846698166843,77.96763551394302,0.9997510647368605,1913,60
MRI-ESM2-0,ssp126,1991-2020,2071-2100,exposure_grain_fill_effective_days,-0.777765461217081,0.08407623262837008,8.362100707926995,7.584335246709915,0.9997510647368605,1913,60
MRI-ESM2-0,ssp245,1991-2020,2031-2060,grain_fill_days,-0.5663593215012401,0.09565081063560907,34.070691280621745,33.504331959120506,0.9997457714573318,1914,60
MRI-ESM2-0,ssp245,1991-2020,2031-2060,F1_infection_day_after_sowing,-6.494027141740759,0.4277569384819649,227.96737561720104,221.47334847546028,0.9997457714573318,1914,60
MRI-ESM2-0,ssp245,1991-2020,2031-2060,F1_symptom_day_after_sowing,-7.00014674340386,0.3844876883527698,242.3509086145834,235.35076187117954,0.9980843187039855,1911,58
MRI-ESM2-0,ssp245,1991-2020,2031-2060,F1_infection_relative_anthesis_days,0.39354334416565107,0.1765186019005044,-24.43500179295315,-24.041458448787502,0.9997457714573318,1914,60
MRI-ESM2-0,ssp245,1991-2020,2031-2060,F1_symptom_relative_anthesis_days,-0.11040571189153557,0.1525594386932659,-10.070862819095797,-10.181268530987333,0.9980843187039855,1911,58
MRI-ESM2-0,ssp245,1991-2020,2031-2060,F1_infection_before85,0.0,0.0,1.0,1.0,0.9997457714573318,1914,60
MRI-ESM2-0,ssp245,1991-2020,2031-2060,F1_symptom_before85,0.0010770211401956414,0.001077021157032144,0.9986305518051677,0.9997075729453633,0.9997457714573318,1914,60
MRI-ESM2-0,ssp245,1991-2020,2031-2060,F1_infection_during_grain_fill,0.0023887503043210465,0.00433606059768093,0.00896596143349892,0.011354711737819967,0.9997457714573318,1914,60
MRI-ESM2-0,ssp245,1991-2020,2031-2060,F1_infected_grain_fill_days,-0.5833206705885682,0.09704127060610289,34.02015381543909,33.43683314485052,0.9997457714573318,1914,60
MRI-ESM2-0,ssp245,1991-2020,2031-2060,F1_symptomatic_grain_fill_days,-0.44496245839888293,0.1252097123475067,33.46445337396956,33.01949091557068,0.9997457714573318,1914,60
MRI-ESM2-0,ssp245,1991-2020,2031-2060,F1_infected_grain_fill_fraction,-0.0005453616195371787,0.0004696939546614752,0.9984462025060489,0.9979008408865118,0.9997457714573318,1914,60
MRI-ESM2-0,ssp245,1991-2020,2031-2060,F1_symptomatic_grain_fill_fraction,0.003605074796308601,0.0021198154003852538,0.9814999228069868,0.9851049976032954,0.9997457714573318,1914,60
MRI-ESM2-0,ssp245,1991-2020,2031-2060,F2_infection_day_after_sowing,-7.237739897510917,0.5209073792386764,218.83542000105538,211.59768010354446,0.9997457714573318,1914,60
MRI-ESM2-0,ssp245,1991-2020,2031-2060,F2_symptom_day_after_sowing,-7.364905029870493,0.4157868776195591,235.14919707883766,227.7842920489672,0.999453418745999,1913,59
MRI-ESM2-0,ssp245,1991-2020,2031-2060,F2_infection_relative_anthesis_days,-0.3501694116045072,0.2693276885743845,-33.56695740909882,-33.917126820703324,0.9997457714573318,1914,60
MRI-ESM2-0,ssp245,1991-2020,2031-2060,F2_symptom_relative_anthesis_days,-0.47502733026694477,0.17356671209856397,-17.278746627387488,-17.753773957654438,0.999453418745999,1913,59
MRI-ESM2-0,ssp245,1991-2020,2031-2060,F2_infection_before85,0.0,0.0,1.0,1.0,0.9997457714573318,1914,60
MRI-ESM2-0,ssp245,1991-2020,2031-2060,F2_symptom_before85,0.00029242705463670043,0.0002924270592080581,0.9997075729453633,1.0,0.9997457714573318,1914,60
MRI-ESM2-0,ssp245,1991-2020,2031-2060,F2_infection_during_grain_fill,0.00014402419495170815,0.0013213791201574813,0.002594872194712975,0.0027388963896646835,0.9997457714573318,1914,60
MRI-ESM2-0,ssp245,1991-2020,2031-2060,F2_infected_grain_fill_days,-0.5570386270498829,0.09607304833788705,34.046492030183934,33.48945340313406,0.9997457714573318,1914,60
MRI-ESM2-0,ssp245,1991-2020,2031-2060,F2_symptomatic_grain_fill_days,-0.5038298198324396,0.09846018231862944,33.842369934372584,33.33854011454015,0.9997457714573318,1914,60
MRI-ESM2-0,ssp245,1991-2020,2031-2060,F2_infected_grain_fill_fraction,0.0002903959317625212,0.00022370896337727136,0.9992454799523388,0.9995358758841013,0.9997457714573318,1914,60
MRI-ESM2-0,ssp245,1991-2020,2031-2060,F2_symptomatic_grain_fill_fraction,0.0018506025613645185,0.0007380785187496197,0.9930166331359529,0.9948672356973174,0.9997457714573318,1914,60
MRI-ESM2-0,ssp245,1991-2020,2031-2060,F3_infection_day_after_sowing,-10.164244061954578,2.4023107956040666,205.00443675127536,194.8401926893208,0.9997457714573318,1914,60
MRI-ESM2-0,ssp245,1991-2020,2031-2060,F3_symptom_day_after_sowing,-7.903390650654788,0.5115654662632184,226.3140261101542,218.41063545949945,0.9997457714573318,1914,60
MRI-ESM2-0,ssp245,1991-2020,2031-2060,F3_infection_relative_anthesis_days,-3.276673576048169,2.194335568371236,-47.397940658878824,-50.674614234927,0.9997457714573318,1914,60
MRI-ESM2-0,ssp245,1991-2020,2031-2060,F3_symptom_relative_anthesis_days,-1.0158201647483784,0.27995422943533715,-26.08835129999998,-27.10417146474836,0.9997457714573318,1914,60
MRI-ESM2-0,ssp245,1991-2020,2031-2060,F3_infection_before85,0.0,0.0,1.0,1.0,0.9997457714573318,1914,60
MRI-ESM2-0,ssp245,1991-2020,2031-2060,F3_symptom_before85,0.0,0.0,1.0,1.0,0.9997457714573318,1914,60
MRI-ESM2-0,ssp245,1991-2020,2031-2060,F3_infection_during_grain_fill,-0.0006127119999403168,0.0006127120095185199,0.001689733140135958,0.0010770211401956414,0.9997457714573318,1914,60
MRI-ESM2-0,ssp245,1991-2020,2031-2060,F3_infected_grain_fill_days,-0.5620512369404576,0.09579619075099712,34.06099809035999,33.49894685341953,0.9997457714573318,1914,60
MRI-ESM2-0,ssp245,1991-2020,2031-2060,F3_symptomatic_grain_fill_days,-0.5307948531044645,0.09688258868170088,33.99320316497718,33.46240831187272,0.9997457714573318,1914,60
MRI-ESM2-0,ssp245,1991-2020,2031-2060,F3_infected_grain_fill_fraction,0.00013462764252445517,0.000134627644629018,0.99969708780432,0.9998317154468445,0.9997457714573318,1914,60
MRI-ESM2-0,ssp245,1991-2020,2031-2060,F3_symptomatic_grain_fill_fraction,0.0011251855675881754,0.0004485114806356485,0.9975776706399642,0.9987028562075524,0.9997457714573318,1914,60
MRI-ESM2-0,ssp245,1991-2020,2031-2060,any_top3_infection_before85,0.0,0.0,1.0,1.0,0.9997457714573318,1914,60
MRI-ESM2-0,ssp245,1991-2020,2031-2060,all_top3_infection_before85,0.0,0.0,1.0,1.0,0.9997457714573318,1914,60
MRI-ESM2-0,ssp245,1991-2020,2031-2060,any_top3_symptom_before85,0.0,0.0,1.0,1.0,0.9997457714573318,1914,60
MRI-ESM2-0,ssp245,1991-2020,2031-2060,all_top3_symptom_before85,0.0010770211401956414,0.001077021157032144,0.9986305518051677,0.9997075729453633,0.9997457714573318,1914,60
MRI-ESM2-0,ssp245,1991-2020,2031-2060,any_top3_infection_during_grain_fill,0.0023887503043210465,0.00433606059768093,0.00896596143349892,0.011354711737819967,0.9997457714573318,1914,60
MRI-ESM2-0,ssp245,1991-2020,2031-2060,days_any_top3_infected_grain_fill,-0.5620512369404576,0.09579619075099712,34.06099809035999,33.49894685341953,0.9997457714573318,1914,60
MRI-ESM2-0,ssp245,1991-2020,2031-2060,days_all_top3_infected_grain_fill,-0.5833206705885682,0.09704127060610289,34.02015381543909,33.43683314485052,0.9997457714573318,1914,60
MRI-ESM2-0,ssp245,1991-2020,2031-2060,days_any_top3_symptomatic_grain_fill,-0.5307948531044645,0.09688258868170088,33.99320316497718,33.46240831187272,0.9997457714573318,1914,60
MRI-ESM2-0,ssp245,1991-2020,2031-2060,days_all_top3_symptomatic_grain_fill,-0.44496245839888293,0.1252097123475067,33.46445337396956,33.01949091557068,0.9997457714573318,1914,60
MRI-ESM2-0,ssp245,1991-2020,2031-2060,GS31_85_reference_had3,-0.38165597906814147,0.5580386968879838,70.66024373500159,70.27858775593344,0.9997457714573318,1914,60
MRI-ESM2-0,ssp245,1991-2020,2031-2060,GS31_85_lost_had3,-0.06811275768682294,0.1963674791486902,6.993280149642035,6.925167391955213,0.9997457714573318,1914,60
MRI-ESM2-0,ssp245,1991-2020,2031-2060,GS31_85_functional_lost_fraction,0.001136714779148962,0.0029112876478067777,0.09544658993794722,0.0965833047170962,0.9997457714573318,1914,60
MRI-ESM2-0,ssp245,1991-2020,2031-2060,conditional_yield_loss_GS31_85_b0141_t_ha_per_unit_lai,-0.000960389883384203,0.0027687814559965323,0.09860525010995272,0.0976448602265685,0.9997457714573318,1914,60
MRI-ESM2-0,ssp245,1991-2020,2031-2060,conditional_yield_loss_GS31_85_b0180_t_ha_per_unit_lai,-0.0012260296383628138,0.0035346146246764236,0.12587904269355665,0.12465301305519384,0.9997457714573318,1914,60
MRI-ESM2-0,ssp245,1991-2020,2031-2060,conditional_yield_loss_GS31_85_b0207_t_ha_per_unit_lai,-0.001409934084117235,0.004064806818377888,0.14476089909759013,0.14335096501347291,0.9997457714573318,1914,60
MRI-ESM2-0,ssp245,1991-2020,2031-2060,GS65_85_reference_had3,-0.5663593215012404,0.09565081063560911,34.070691280621745,33.504331959120506,0.9997457714573318,1914,60
MRI-ESM2-0,ssp245,1991-2020,2031-2060,GS65_85_lost_had3,-0.061930443153466824,0.18475440932245718,6.678575034018082,6.616644590864617,0.9997457714573318,1914,60
MRI-ESM2-0,ssp245,1991-2020,2031-2060,GS65_85_functional_lost_fraction,0.002947774710551641,0.005834382071801624,0.19186678865635526,0.19481456336690692,0.9997457714573318,1914,60
MRI-ESM2-0,ssp245,1991-2020,2031-2060,conditional_yield_loss_GS65_85_b0141_t_ha_per_unit_lai,-0.0008732192484638822,0.002605037171446647,0.09416790797965496,0.0932946887311911,0.9997457714573318,1914,60
MRI-ESM2-0,ssp245,1991-2020,2031-2060,conditional_yield_loss_GS65_85_b0180_t_ha_per_unit_lai,-0.0011147479767624029,0.0033255793678042293,0.12021435061232548,0.11909960263556309,0.9997457714573318,1914,60
MRI-ESM2-0,ssp245,1991-2020,2031-2060,conditional_yield_loss_GS65_85_b0207_t_ha_per_unit_lai,-0.001281960173276763,0.003824416272974864,0.13824650320417434,0.13696454303089756,0.9997457714573318,1914,60
MRI-ESM2-0,ssp245,1991-2020,2031-2060,mean_temperature_grain_fill_c,0.721064338935476,0.061823695927588976,19.291260907213815,20.012325246149288,0.9997457714573318,1914,60
MRI-ESM2-0,ssp245,1991-2020,2031-2060,rainfall_grain_fill_mm,-4.416099441248001,0.7347350795594592,82.94259206017013,78.52649261892212,0.9997457714573318,1914,60
MRI-ESM2-0,ssp245,1991-2020,2031-2060,exposure_grain_fill_effective_days,-0.6805409785642169,0.08522381098973908,8.31397421193499,7.6334332333707735,0.9997457714573318,1914,60
MRI-ESM2-0,ssp245,1991-2020,2071-2100,grain_fill_days,-0.6587992462124511,0.11313464643595489,34.07400204581009,33.41520279959764,0.998669024126651,1913,59
MRI-ESM2-0,ssp245,1991-2020,2071-2100,F1_infection_day_after_sowing,-9.543942659501866,0.5479609821051007,227.9037642600164,218.35982160051455,0.9980564678955895,1912,58
MRI-ESM2-0,ssp245,1991-2020,2071-2100,F1_symptom_day_after_sowing,-10.108432791408378,0.4704648658610506,242.3077950511541,232.19936225974575,0.9961026624309105,1908,57
MRI-ESM2-0,ssp245,1991-2020,2071-2100,F1_infection_relative_anthesis_days,-0.02283422249525728,0.2678522255639955,-24.458504188356496,-24.48133841085176,0.9980564678955895,1912,58
MRI-ESM2-0,ssp245,1991-2020,2071-2100,F1_symptom_relative_anthesis_days,-0.5871827160112345,0.2008869408274025,-10.098599139659523,-10.685781855670756,0.9961026624309105,1908,57
MRI-ESM2-0,ssp245,1991-2020,2071-2100,F1_infection_before85,-0.0006133726152137191,0.0006133729813386716,1.0,0.9993866273847863,0.998669024126651,1913,59
MRI-ESM2-0,ssp245,1991-2020,2071-2100,F1_symptom_before85,0.00017206740585226562,0.0012746769561467232,0.9986290752902737,0.998801142696126,0.998669024126651,1913,59
MRI-ESM2-0,ssp245,1991-2020,2071-2100,F1_infection_during_grain_fill,0.004754625674538821,0.0045172822082461435,0.008975628375005342,0.013730254049544161,0.998669024126651,1913,59
MRI-ESM2-0,ssp245,1991-2020,2071-2100,F1_infected_grain_fill_days,-0.7348843735655969,0.112356055700314,34.023410092023674,33.28852571845808,0.998669024126651,1913,59
MRI-ESM2-0,ssp245,1991-2020,2071-2100,F1_symptomatic_grain_fill_days,-0.5801241121103531,0.12098894132345457,33.4703450512339,32.89022093912355,0.998669024126651,1913,59
MRI-ESM2-0,ssp245,1991-2020,2071-2100,F1_infected_grain_fill_fraction,-0.0023877942794643036,0.0010296038854895764,0.9984445272289916,0.9960567329495272,0.998669024126651,1913,59
MRI-ESM2-0,ssp245,1991-2020,2071-2100,F1_symptomatic_grain_fill_fraction,0.002170773971945968,0.00174945549932952,0.9815843165789081,0.9837550905508541,0.998669024126651,1913,59
MRI-ESM2-0,ssp245,1991-2020,2071-2100,F2_infection_day_after_sowing,-11.297111914875456,0.9631312176141551,218.79966253574477,207.5025506208693,0.998669024126651,1913,59
MRI-ESM2-0,ssp245,1991-2020,2071-2100,F2_symptom_day_after_sowing,-10.902444759940028,0.49645608008990405,235.12440983498055,224.2219650750405,0.9980843187039855,1911,58
MRI-ESM2-0,ssp245,1991-2020,2071-2100,F2_infection_relative_anthesis_days,-1.7750963662832375,0.6365438956509698,-33.57403778677161,-35.34913415305485,0.998669024126651,1913,59
MRI-ESM2-0,ssp245,1991-2020,2071-2100,F2_symptom_relative_anthesis_days,-1.3810021417118126,0.2494724517593726,-17.29608271223242,-18.67708485394423,0.9980843187039855,1911,58
MRI-ESM2-0,ssp245,1991-2020,2071-2100,F2_infection_before85,0.0,0.0,1.0,1.0,0.998669024126651,1913,59
MRI-ESM2-0,ssp245,1991-2020,2071-2100,F2_symptom_before85,0.0,0.0,0.9997072576556698,0.9997072576556698,0.998669024126651,1913,59
MRI-ESM2-0,ssp245,1991-2020,2071-2100,F2_infection_during_grain_fill,0.0002550408548150741,0.0013928213578943886,0.0025976699401537716,0.0028527107949688456,0.998669024126651,1913,59
MRI-ESM2-0,ssp245,1991-2020,2071-2100,F2_infected_grain_fill_days,-0.6629986745867027,0.11585223114974538,34.0497767041672,33.3867780295805,0.998669024126651,1913,59
MRI-ESM2-0,ssp245,1991-2020,2071-2100,F2_symptomatic_grain_fill_days,-0.5761856137834209,0.12672162875097331,33.845434527511756,33.26924891372833,0.998669024126651,1913,59
MRI-ESM2-0,ssp245,1991-2020,2071-2100,F2_infected_grain_fill_fraction,-0.000125482033473889,0.0005177064185340856,0.9992446664421291,0.9991191844086551,0.998669024126651,1913,59
MRI-ESM2-0,ssp245,1991-2020,2071-2100,F2_symptomatic_grain_fill_fraction,0.0025061887879754496,0.0014328563684477937,0.9930091037929489,0.9955152925809244,0.998669024126651,1913,59
MRI-ESM2-0,ssp245,1991-2020,2071-2100,F3_infection_day_after_sowing,-16.548203435745272,3.96318497289,204.9559233284595,188.40771989271428,0.998669024126651,1913,59
MRI-ESM2-0,ssp245,1991-2020,2071-2100,F3_symptom_day_after_sowing,-11.961941206398743,0.8348669798250702,226.2847725244596,214.32283131806093,0.9983766714153183,1912,58
MRI-ESM2-0,ssp245,1991-2020,2071-2100,F3_infection_relative_anthesis_days,-7.026187887153053,3.665258099479022,-47.41777699405684,-54.44396488120989,0.998669024126651,1913,59
MRI-ESM2-0,ssp245,1991-2020,2071-2100,F3_symptom_relative_anthesis_days,-2.4432867338122866,0.5498103800423784,-26.110120848860348,-28.553407582672637,0.9983766714153183,1912,58
MRI-ESM2-0,ssp245,1991-2020,2071-2100,F3_infection_before85,0.0,0.0,1.0,1.0,0.998669024126651,1913,59
MRI-ESM2-0,ssp245,1991-2020,2071-2100,F3_symptom_before85,-0.0002927423443301744,0.00029274251906943454,1.0,0.9997072576556698,0.998669024126651,1913,59
MRI-ESM2-0,ssp245,1991-2020,2071-2100,F3_infection_during_grain_fill,-0.0008133279476193548,0.0015204859880118154,0.001691554980609878,0.0008782270329905234,0.998669024126651,1913,59
MRI-ESM2-0,ssp245,1991-2020,2071-2100,F3_infected_grain_fill_days,-0.6605125563527625,0.11584691062770579,34.06429840452153,33.40378584816876,0.998669024126651,1913,59
MRI-ESM2-0,ssp245,1991-2020,2071-2100,F3_symptomatic_grain_fill_days,-0.641528771389939,0.11771132629050095,33.99643038384571,33.35490161245578,0.998669024126651,1913,59
MRI-ESM2-0,ssp245,1991-2020,2071-2100,F3_infected_grain_fill_fraction,-5.1314254331632445e-05,0.0004665062426669386,0.9996967612097323,0.9996454469554007,0.998669024126651,1913,59
MRI-ESM2-0,ssp245,1991-2020,2071-2100,F3_symptomatic_grain_fill_fraction,0.0005800955326629425,0.0007318316332526403,0.9975750589271651,0.9981551544598279,0.998669024126651,1913,59
MRI-ESM2-0,ssp245,1991-2020,2071-2100,any_top3_infection_before85,0.0,0.0,1.0,1.0,0.998669024126651,1913,59
MRI-ESM2-0,ssp245,1991-2020,2071-2100,all_top3_infection_before85,-0.0006133726152137191,0.0006133729813386716,1.0,0.9993866273847863,0.998669024126651,1913,59
MRI-ESM2-0,ssp245,1991-2020,2071-2100,any_top3_symptom_before85,-0.0002927423443301744,0.00029274251906943454,1.0,0.9997072576556698,0.998669024126651,1913,59
MRI-ESM2-0,ssp245,1991-2020,2071-2100,all_top3_symptom_before85,0.00017206740585226562,0.0012746769561467232,0.9986290752902737,0.998801142696126,0.998669024126651,1913,59
MRI-ESM2-0,ssp245,1991-2020,2071-2100,any_top3_infection_during_grain_fill,0.004754625674538821,0.0045172822082461435,0.008975628375005342,0.013730254049544161,0.998669024126651,1913,59
MRI-ESM2-0,ssp245,1991-2020,2071-2100,days_any_top3_infected_grain_fill,-0.6605125563527625,0.11584691062770579,34.06429840452153,33.40378584816876,0.998669024126651,1913,59
MRI-ESM2-0,ssp245,1991-2020,2071-2100,days_all_top3_infected_grain_fill,-0.7348843735655969,0.112356055700314,34.023410092023674,33.28852571845808,0.998669024126651,1913,59
MRI-ESM2-0,ssp245,1991-2020,2071-2100,days_any_top3_symptomatic_grain_fill,-0.641528771389939,0.11771132629050095,33.99643038384571,33.35490161245578,0.998669024126651,1913,59
MRI-ESM2-0,ssp245,1991-2020,2071-2100,days_all_top3_symptomatic_grain_fill,-0.5801241121103531,0.12098894132345457,33.4703450512339,32.89022093912355,0.998669024126651,1913,59
MRI-ESM2-0,ssp245,1991-2020,2071-2100,GS31_85_reference_had3,0.2769378552338513,1.064293970194217,70.66548101754981,70.94241887278365,0.998669024126651,1913,59
MRI-ESM2-0,ssp245,1991-2020,2071-2100,GS31_85_lost_had3,0.4853681933747033,0.23758991269117116,7.0005620445375065,7.4859302379122115,0.998669024126651,1913,59
MRI-ESM2-0,ssp245,1991-2020,2071-2100,GS31_85_functional_lost_fraction,0.008398073124034677,0.0036593532700211146,0.09554557588481244,0.1039436490088471,0.998669024126651,1913,59
MRI-ESM2-0,ssp245,1991-2020,2071-2100,conditional_yield_loss_GS31_85_b0141_t_ha_per_unit_lai,0.0068436915265833185,0.0033500177689455134,0.09870792482797885,0.10555161635456217,0.998669024126651,1913,59
MRI-ESM2-0,ssp245,1991-2020,2071-2100,conditional_yield_loss_GS31_85_b0180_t_ha_per_unit_lai,0.00873662748074466,0.004276618428441081,0.12601011680167512,0.13474674428241978,0.998669024126651,1913,59
MRI-ESM2-0,ssp245,1991-2020,2071-2100,conditional_yield_loss_GS31_85_b0207_t_ha_per_unit_lai,0.010047121602856361,0.004918111192707243,0.14491163432192639,0.15495875592478278,0.998669024126651,1913,59
MRI-ESM2-0,ssp245,1991-2020,2071-2100,GS65_85_reference_had3,-0.6587992462124513,0.11313464643595489,34.07400204581009,33.41520279959764,0.998669024126651,1913,59
MRI-ESM2-0,ssp245,1991-2020,2071-2100,GS65_85_lost_had3,0.4080679889535594,0.21296993970353115,6.685525774774693,7.093593763728253,0.998669024126651,1913,59
MRI-ESM2-0,ssp245,1991-2020,2071-2100,GS65_85_functional_lost_fraction,0.017549051539411654,0.00684343699602746,0.1920655921388722,0.20961464367828392,0.998669024126651,1913,59
MRI-ESM2-0,ssp245,1991-2020,2071-2100,conditional_yield_loss_GS65_85_b0141_t_ha_per_unit_lai,0.005753758644245186,0.003002876149819789,0.09426591342432317,0.10001967206856835,0.998669024126651,1913,59
MRI-ESM2-0,ssp245,1991-2020,2071-2100,conditional_yield_loss_GS65_85_b0180_t_ha_per_unit_lai,0.007345223801164067,0.00383345891466356,0.12033946394594447,0.12768468774710853,0.998669024126651,1913,59
MRI-ESM2-0,ssp245,1991-2020,2071-2100,conditional_yield_loss_GS65_85_b0207_t_ha_per_unit_lai,0.00844700737133868,0.004408477751863095,0.13839038353783614,0.14683739090917483,0.998669024126651,1913,59
MRI-ESM2-0,ssp245,1991-2020,2071-2100,mean_temperature_grain_fill_c,1.0134351875668752,0.07865136535410303,19.28540479029919,20.298839977866063,0.998669024126651,1913,59
MRI-ESM2-0,ssp245,1991-2020,2071-2100,rainfall_grain_fill_mm,-4.291163366021139,1.2173985318672513,83.00234970975842,78.71118634373727,0.998669024126651,1913,59
MRI-ESM2-0,ssp245,1991-2020,2071-2100,exposure_grain_fill_effective_days,-0.8102136364131216,0.09616362427837494,8.320630272776642,7.51041663636352,0.998669024126651,1913,59
MRI-ESM2-0,ssp585,1991-2020,2031-2060,grain_fill_days,-0.6615918325138427,0.097431760061928,34.11608943610975,33.45449760359591,0.9997192882679895,1913,60
MRI-ESM2-0,ssp585,1991-2020,2031-2060,F1_infection_day_after_sowing,-11.42222635408968,0.5331101496240014,228.26892854281883,216.84670218872915,0.9994269355566567,1912,59
MRI-ESM2-0,ssp585,1991-2020,2031-2060,F1_symptom_day_after_sowing,-12.100021178386523,0.3605121287864483,242.66320938942494,230.56318821103838,0.9977654828033105,1909,58
MRI-ESM2-0,ssp585,1991-2020,2031-2060,F1_infection_relative_anthesis_days,-1.5893140608767118,0.32823357005579296,-24.158840368851838,-25.74815442972855,0.9994269355566567,1912,59
MRI-ESM2-0,ssp585,1991-2020,2031-2060,F1_symptom_relative_anthesis_days,-2.259661656366526,0.1759593982357049,-9.78663909136161,-12.046300747728134,0.9977654828033105,1909,58
MRI-ESM2-0,ssp585,1991-2020,2031-2060,F1_infection_before85,-0.00029243480121231183,0.00029243480595504706,1.0,0.9997075651987877,0.9997192882679895,1913,60
MRI-ESM2-0,ssp585,1991-2020,2031-2060,F1_symptom_before85,0.0007846148699470872,0.0011160439628764794,0.9986305155276283,0.9994151303975753,0.9997192882679895,1913,60
MRI-ESM2-0,ssp585,1991-2020,2031-2060,F1_infection_during_grain_fill,-0.00668464849593233,0.0032305246835904887,0.015693073146954985,0.009008424651022655,0.9997192882679895,1913,60
MRI-ESM2-0,ssp585,1991-2020,2031-2060,F1_infected_grain_fill_days,-0.6443806084809013,0.10658293280021505,34.045235968968605,33.40085536048771,0.9997192882679895,1913,60
MRI-ESM2-0,ssp585,1991-2020,2031-2060,F1_symptomatic_grain_fill_days,-0.37210369727342096,0.13552035298228843,33.44433263945459,33.07222894218118,0.9997192882679895,1913,60
MRI-ESM2-0,ssp585,1991-2020,2031-2060,F1_infected_grain_fill_fraction,0.0005172239434765282,0.0010936654241778412,0.9978125847479747,0.9983298086914512,0.9997192882679895,1913,60
MRI-ESM2-0,ssp585,1991-2020,2031-2060,F1_symptomatic_grain_fill_fraction,0.008603738878209864,0.0024569452049573778,0.9796221177487275,0.9882258566269373,0.9997192882679895,1913,60
MRI-ESM2-0,ssp585,1991-2020,2031-2060,F2_infection_day_after_sowing,-12.488381398589535,0.7222572280957332,218.87390949939464,206.38552810080506,0.9997192882679895,1913,60
MRI-ESM2-0,ssp585,1991-2020,2031-2060,F2_symptom_day_after_sowing,-12.431701249808377,0.33730164365330206,235.20652443954597,222.77482318973756,0.999134582845324,1911,59
MRI-ESM2-0,ssp585,1991-2020,2031-2060,F2_infection_relative_anthesis_days,-2.655420243116246,0.4738129883884392,-33.53121683806603,-36.186637081182276,0.9997192882679895,1913,60
MRI-ESM2-0,ssp585,1991-2020,2031-2060,F2_symptom_relative_anthesis_days,-2.5950339702626044,0.14952785068123353,-17.24653375047577,-19.841567720738375,0.999134582845324,1911,59
MRI-ESM2-0,ssp585,1991-2020,2031-2060,F2_infection_before85,0.0,0.0,1.0,1.0,0.9997192882679895,1913,60
MRI-ESM2-0,ssp585,1991-2020,2031-2060,F2_symptom_before85,0.0,0.0,0.9997075651987877,0.9997075651987877,0.9997192882679895,1913,60
MRI-ESM2-0,ssp585,1991-2020,2031-2060,F2_infection_during_grain_fill,0.0007288976126673538,0.0015589356010463147,0.0025949409345006917,0.003323838547168045,0.9997192882679895,1913,60
MRI-ESM2-0,ssp585,1991-2020,2031-2060,F2_infected_grain_fill_days,-0.6554724339930057,0.09990648554847015,34.09279470765094,33.43732227365793,0.9997192882679895,1913,60
MRI-ESM2-0,ssp585,1991-2020,2031-2060,F2_symptomatic_grain_fill_days,-0.5723268210731298,0.10187024072450823,33.912071646489665,33.33974482541653,0.9997192882679895,1913,60
MRI-ESM2-0,ssp585,1991-2020,2031-2060,F2_infected_grain_fill_fraction,0.0001931848922883505,0.00037636446648142246,0.9992726199707294,0.9994658048630177,0.9997192882679895,1913,60
MRI-ESM2-0,ssp585,1991-2020,2031-2060,F2_symptomatic_grain_fill_fraction,0.002647261841125046,0.0007855009347370642,0.9938149315112487,0.9964621933523735,0.9997192882679895,1913,60
MRI-ESM2-0,ssp585,1991-2020,2031-2060,F3_infection_day_after_sowing,-19.146357193155122,4.133765025158908,205.52905634705564,186.38269915390055,0.9997192882679895,1913,60
MRI-ESM2-0,ssp585,1991-2020,2031-2060,F3_symptom_day_after_sowing,-13.782088731077183,0.7221171546102314,226.40925883646483,212.62717010538765,0.9997192882679895,1913,60
MRI-ESM2-0,ssp585,1991-2020,2031-2060,F3_infection_relative_anthesis_days,-9.313396037681832,3.8968710618665883,-46.876069990405014,-56.189466028086855,0.9997192882679895,1913,60
MRI-ESM2-0,ssp585,1991-2020,2031-2060,F3_symptom_relative_anthesis_days,-3.949127575603893,0.47510168466079816,-25.995867500995825,-29.94499507659972,0.9997192882679895,1913,60
MRI-ESM2-0,ssp585,1991-2020,2031-2060,F3_infection_before85,0.0,0.0,1.0,1.0,0.9997192882679895,1913,60
MRI-ESM2-0,ssp585,1991-2020,2031-2060,F3_symptom_before85,0.0,0.0,1.0,1.0,0.9997192882679895,1913,60
MRI-ESM2-0,ssp585,1991-2020,2031-2060,F3_infection_during_grain_fill,-0.0011049082997992659,0.0013702351516171054,0.0016897779022238895,0.0005848696024246237,0.9997192882679895,1913,60
MRI-ESM2-0,ssp585,1991-2020,2031-2060,F3_infected_grain_fill_days,-0.6574546466964419,0.09965976485555345,34.10639598906931,33.44894134237288,0.9997192882679895,1913,60
MRI-ESM2-0,ssp585,1991-2020,2031-2060,F3_symptomatic_grain_fill_days,-0.6078089538293016,0.10770825331202863,34.03965889823643,33.43184994440713,0.9997192882679895,1913,60
MRI-ESM2-0,ssp585,1991-2020,2031-2060,F3_infected_grain_fill_fraction,0.00013573782446757186,0.00034599221620031784,0.9996970797799865,0.999832817604454,0.9997192882679895,1913,60
MRI-ESM2-0,ssp585,1991-2020,2031-2060,F3_symptomatic_grain_fill_fraction,0.0016805871682018976,0.001070260742088676,0.9976215730694862,0.999302160237688,0.9997192882679895,1913,60
MRI-ESM2-0,ssp585,1991-2020,2031-2060,any_top3_infection_before85,0.0,0.0,1.0,1.0,0.9997192882679895,1913,60
MRI-ESM2-0,ssp585,1991-2020,2031-2060,all_top3_infection_before85,-0.00029243480121231183,0.00029243480595504706,1.0,0.9997075651987877,0.9997192882679895,1913,60
MRI-ESM2-0,ssp585,1991-2020,2031-2060,any_top3_symptom_before85,0.0,0.0,1.0,1.0,0.9997192882679895,1913,60
MRI-ESM2-0,ssp585,1991-2020,2031-2060,all_top3_symptom_before85,0.0007846148699470872,0.0011160439628764794,0.9986305155276283,0.9994151303975753,0.9997192882679895,1913,60
MRI-ESM2-0,ssp585,1991-2020,2031-2060,any_top3_infection_during_grain_fill,-0.006392213694720019,0.0033304555892687206,0.015693073146954985,0.009300859452234968,0.9997192882679895,1913,60
MRI-ESM2-0,ssp585,1991-2020,2031-2060,days_any_top3_infected_grain_fill,-0.6574546466964419,0.09965976485555345,34.10639598906931,33.44894134237288,0.9997192882679895,1913,60
MRI-ESM2-0,ssp585,1991-2020,2031-2060,days_all_top3_infected_grain_fill,-0.6443806084809013,0.10658293280021505,34.045235968968605,33.40085536048771,0.9997192882679895,1913,60
MRI-ESM2-0,ssp585,1991-2020,2031-2060,days_any_top3_symptomatic_grain_fill,-0.6078089538293016,0.10770825331202863,34.03965889823643,33.43184994440713,0.9997192882679895,1913,60
MRI-ESM2-0,ssp585,1991-2020,2031-2060,days_all_top3_symptomatic_grain_fill,-0.37210369727342096,0.13552035298228843,33.44433263945459,33.07222894218118,0.9997192882679895,1913,60
MRI-ESM2-0,ssp585,1991-2020,2031-2060,GS31_85_reference_had3,0.693108289287468,1.0904205192753207,70.65997981878081,71.35308810806828,0.9997192882679895,1913,60
MRI-ESM2-0,ssp585,1991-2020,2031-2060,GS31_85_lost_had3,1.9209971451377725,0.27992866443484427,6.844124940204991,8.765122085342764,0.9997192882679895,1913,60
MRI-ESM2-0,ssp585,1991-2020,2031-2060,GS31_85_functional_lost_fraction,0.02765496687393031,0.004373048524707151,0.09342232479161762,0.1210772916655479,0.9997192882679895,1913,60
MRI-ESM2-0,ssp585,1991-2020,2031-2060,conditional_yield_loss_GS31_85_b0141_t_ha_per_unit_lai,0.02708605974644259,0.003946994168531305,0.09650216165689036,0.12358822140333295,0.9997192882679895,1913,60
MRI-ESM2-0,ssp585,1991-2020,2031-2060,conditional_yield_loss_GS31_85_b0180_t_ha_per_unit_lai,0.0345779486124799,0.005038715959827197,0.12319424892368981,0.1577721975361697,0.9997192882679895,1913,60
MRI-ESM2-0,ssp585,1991-2020,2031-2060,conditional_yield_loss_GS31_85_b0207_t_ha_per_unit_lai,0.03976464090435189,0.0057945233538012775,0.14167338626224332,0.18143802716659518,0.9997192882679895,1913,60
MRI-ESM2-0,ssp585,1991-2020,2031-2060,GS65_85_reference_had3,-0.6615918325138432,0.09743176006192804,34.11608943610975,33.45449760359591,0.9997192882679895,1913,60
MRI-ESM2-0,ssp585,1991-2020,2031-2060,GS65_85_lost_had3,1.7479223589707407,0.2521937662751245,6.53747679943579,8.285399158406532,0.9997192882679895,1913,60
MRI-ESM2-0,ssp585,1991-2020,2031-2060,GS65_85_functional_lost_fraction,0.05698760498409214,0.0076745097929597685,0.18780174251300114,0.24478934749709322,0.9997192882679895,1913,60
MRI-ESM2-0,ssp585,1991-2020,2031-2060,conditional_yield_loss_GS65_85_b0141_t_ha_per_unit_lai,0.02464570526148744,0.003555932104479255,0.09217842287204464,0.1168241281335321,0.9997192882679895,1913,60
MRI-ESM2-0,ssp585,1991-2020,2031-2060,conditional_yield_loss_GS65_85_b0180_t_ha_per_unit_lai,0.031462602461473324,0.00453948779295224,0.11767458238984421,0.14913718485131752,0.9997192882679895,1913,60
MRI-ESM2-0,ssp585,1991-2020,2031-2060,conditional_yield_loss_GS65_85_b0207_t_ha_per_unit_lai,0.03618199283069433,0.005220410961895078,0.13532576974832083,0.17150776257901518,0.9997192882679895,1913,60
MRI-ESM2-0,ssp585,1991-2020,2031-2060,mean_temperature_grain_fill_c,0.8266082107014895,0.08736643867534054,19.2713632542224,20.097971464923887,0.9997192882679895,1913,60
MRI-ESM2-0,ssp585,1991-2020,2031-2060,rainfall_grain_fill_mm,-4.60570074274056,1.4540519931435183,84.41824836047365,79.81254761773309,0.9997192882679895,1913,60
MRI-ESM2-0,ssp585,1991-2020,2031-2060,exposure_grain_fill_effective_days,-0.7161224034918579,0.1350548559375517,8.466427324544242,7.7503049210523836,0.9997192882679895,1913,60
MRI-ESM2-0,ssp585,1991-2020,2071-2100,grain_fill_days,-0.548784864206753,0.16024232011542053,34.11608943610975,33.567304571903,0.9997192882679895,1913,60
MRI-ESM2-0,ssp585,1991-2020,2071-2100,F1_infection_day_after_sowing,-18.200814360350126,1.141287671598636,228.21271498182807,210.01190062147796,0.9956354613987932,1905,54
MRI-ESM2-0,ssp585,1991-2020,2071-2100,F1_symptom_day_after_sowing,-18.832727600134817,0.6112013263811454,242.66712013545308,223.83439253531822,0.992804597800116,1898,54
MRI-ESM2-0,ssp585,1991-2020,2071-2100,F1_infection_relative_anthesis_days,-1.181110591697954,0.5850982607262812,-24.198604143418724,-25.379714735116682,0.9956354613987932,1905,54
MRI-ESM2-0,ssp585,1991-2020,2071-2100,F1_symptom_relative_anthesis_days,-1.8166590448540356,0.25519857016447384,-9.833396416356244,-11.650055461210279,0.992804597800116,1898,54
MRI-ESM2-0,ssp585,1991-2020,2071-2100,F1_infection_before85,-0.004084973569202118,0.001662733617318276,1.0,0.9959150264307979,0.9997192882679895,1913,60
MRI-ESM2-0,ssp585,1991-2020,2071-2100,F1_symptom_before85,-0.004177663102891966,0.0015864552681260488,0.9986305155276283,0.9944528524247364,0.9997192882679895,1913,60
MRI-ESM2-0,ssp585,1991-2020,2071-2100,F1_infection_during_grain_fill,-0.0057637929052518225,0.003892095850977009,0.015693073146954985,0.009929280241703163,0.9997192882679895,1913,60
MRI-ESM2-0,ssp585,1991-2020,2071-2100,F1_infected_grain_fill_days,-0.7107999820111599,0.1636748041458744,34.045235968968605,33.33443598695745,0.9997192882679895,1913,60
MRI-ESM2-0,ssp585,1991-2020,2071-2100,F1_symptomatic_grain_fill_days,-0.5532435527850597,0.16801061465703043,33.44433263945459,32.891089086669545,0.9997192882679895,1913,60
MRI-ESM2-0,ssp585,1991-2020,2071-2100,F1_infected_grain_fill_fraction,-0.004914076658756503,0.0013445374543192086,0.9978125847479747,0.9928985080892181,0.9997192882679895,1913,60
MRI-ESM2-0,ssp585,1991-2020,2071-2100,F1_symptomatic_grain_fill_fraction,-0.0002591782227273349,0.002035480464429676,0.9796221177487275,0.9793629395260002,0.9997192882679895,1913,60
MRI-ESM2-0,ssp585,1991-2020,2071-2100,F2_infection_day_after_sowing,-20.86583798439951,2.1526828283003936,218.81972151984223,197.9538835354427,0.997125075763853,1909,56
MRI-ESM2-0,ssp585,1991-2020,2071-2100,F2_symptom_day_after_sowing,-19.53980447818745,0.7308372074826851,235.1210392075954,215.58123472940795,0.995927814110126,1906,55
MRI-ESM2-0,ssp585,1991-2020,2071-2100,F2_infection_relative_anthesis_days,-3.8365579424742293,1.635123131187728,-33.55479462293949,-37.39135256541371,0.997125075763853,1909,56
MRI-ESM2-0,ssp585,1991-2020,2071-2100,F2_symptom_relative_anthesis_days,-2.5101258583519104,0.3323256805397463,-17.27929789623793,-19.789423754589844,0.995927814110126,1906,55
MRI-ESM2-0,ssp585,1991-2020,2071-2100,F2_infection_before85,-0.0025949409345006917,0.0013214142067164431,1.0,0.9974050590654994,0.9997192882679895,1913,60
MRI-ESM2-0,ssp585,1991-2020,2071-2100,F2_symptom_before85,-0.003207669165565182,0.0016193062361304817,0.9997075651987877,0.9964998960332225,0.9997192882679895,1913,60
MRI-ESM2-0,ssp585,1991-2020,2071-2100,F2_infection_during_grain_fill,0.0016154913099911592,0.001965347239858694,0.0025949409345006917,0.004210432244491851,0.9997192882679895,1913,60
MRI-ESM2-0,ssp585,1991-2020,2071-2100,F2_infected_grain_fill_days,-0.6556526350749364,0.1597983275904164,34.09279470765094,33.437142072576,0.9997192882679895,1913,60
MRI-ESM2-0,ssp585,1991-2020,2071-2100,F2_symptomatic_grain_fill_days,-0.6532953990606202,0.16469865288217903,33.912071646489665,33.25877624742904,0.9997192882679895,1913,60
MRI-ESM2-0,ssp585,1991-2020,2071-2100,F2_infected_grain_fill_fraction,-0.0031516024490295742,0.001186272895632822,0.9992726199707294,0.9961210175216998,0.9997192882679895,1913,60
MRI-ESM2-0,ssp585,1991-2020,2071-2100,F2_symptomatic_grain_fill_fraction,-0.0032396943278167286,0.0011738884481399552,0.9938149315112487,0.9905752371834319,0.9997192882679895,1913,60
MRI-ESM2-0,ssp585,1991-2020,2071-2100,F3_infection_day_after_sowing,-27.95785846044775,4.219569673448587,205.50363034988436,177.5457718894366,0.999106732036928,1912,59
MRI-ESM2-0,ssp585,1991-2020,2071-2100,F3_symptom_day_after_sowing,-22.169954719973322,1.3427194498264812,226.3874380143557,204.2174832943824,0.999106732036928,1912,59
MRI-ESM2-0,ssp585,1991-2020,2071-2100,F3_infection_relative_anthesis_days,-10.936384712676704,3.700606980879203,-46.888256086375776,-57.82464079905249,0.999106732036928,1912,59
MRI-ESM2-0,ssp585,1991-2020,2071-2100,F3_symptom_relative_anthesis_days,-5.148480972202276,0.8511286171256592,-26.004448421904414,-31.152929394106696,0.999106732036928,1912,59
MRI-ESM2-0,ssp585,1991-2020,2071-2100,F3_infection_before85,-0.0006127282310644905,0.0006127282410017747,1.0,0.9993872717689355,0.9997192882679895,1913,60
MRI-ESM2-0,ssp585,1991-2020,2071-2100,F3_symptom_before85,-0.0006127282310644905,0.0006127282410017747,1.0,0.9993872717689355,0.9997192882679895,1913,60
MRI-ESM2-0,ssp585,1991-2020,2071-2100,F3_infection_during_grain_fill,0.0008494457749970687,0.0008300616379131079,0.0016897779022238895,0.0025392236772209583,0.9997192882679895,1913,60
MRI-ESM2-0,ssp585,1991-2020,2071-2100,F3_infected_grain_fill_days,-0.5790817196639267,0.16190415894409613,34.10639598906931,33.52731426940539,0.9997192882679895,1913,60
MRI-ESM2-0,ssp585,1991-2020,2071-2100,F3_symptomatic_grain_fill_days,-0.5707786201365987,0.16357315923500465,34.03965889823643,33.46888027809984,0.9997192882679895,1913,60
MRI-ESM2-0,ssp585,1991-2020,2071-2100,F3_infected_grain_fill_fraction,-0.0008825733107987478,0.0006482628747547806,0.9996970797799865,0.9988145064691877,0.9997192882679895,1913,60
MRI-ESM2-0,ssp585,1991-2020,2071-2100,F3_symptomatic_grain_fill_fraction,-0.0005978095383606718,0.0006865986110065216,0.9976215730694862,0.9970237635311254,0.9997192882679895,1913,60
MRI-ESM2-0,ssp585,1991-2020,2071-2100,any_top3_infection_before85,-0.0006127282310644905,0.0006127282410017747,1.0,0.9993872717689355,0.9997192882679895,1913,60
MRI-ESM2-0,ssp585,1991-2020,2071-2100,all_top3_infection_before85,-0.004084973569202118,0.001662733617318276,1.0,0.9959150264307979,0.9997192882679895,1913,60
MRI-ESM2-0,ssp585,1991-2020,2071-2100,any_top3_symptom_before85,-0.0006127282310644905,0.0006127282410017747,1.0,0.9993872717689355,0.9997192882679895,1913,60
MRI-ESM2-0,ssp585,1991-2020,2071-2100,all_top3_symptom_before85,-0.004177663102891966,0.0015864552681260488,0.9986305155276283,0.9944528524247364,0.9997192882679895,1913,60
MRI-ESM2-0,ssp585,1991-2020,2071-2100,any_top3_infection_during_grain_fill,-0.0031967105993909975,0.003155304540672399,0.015693073146954985,0.012496362547563988,0.9997192882679895,1913,60
MRI-ESM2-0,ssp585,1991-2020,2071-2100,days_any_top3_infected_grain_fill,-0.5790817196639267,0.16190415894409613,34.10639598906931,33.52731426940539,0.9997192882679895,1913,60
MRI-ESM2-0,ssp585,1991-2020,2071-2100,days_all_top3_infected_grain_fill,-0.7107999820111599,0.1636748041458744,34.045235968968605,33.33443598695745,0.9997192882679895,1913,60
MRI-ESM2-0,ssp585,1991-2020,2071-2100,days_any_top3_symptomatic_grain_fill,-0.5707786201365987,0.16357315923500465,34.03965889823643,33.46888027809984,0.9997192882679895,1913,60
MRI-ESM2-0,ssp585,1991-2020,2071-2100,days_all_top3_symptomatic_grain_fill,-0.5532435527850597,0.16801061465703043,33.44433263945459,32.891089086669545,0.9997192882679895,1913,60
MRI-ESM2-0,ssp585,1991-2020,2071-2100,GS31_85_reference_had3,2.7135825531750872,2.4829539180858546,70.65997981878081,73.3735623719559,0.9997192882679895,1913,60
MRI-ESM2-0,ssp585,1991-2020,2071-2100,GS31_85_lost_had3,1.5041616987303164,0.3923057802323991,6.844124940204991,8.348286638935308,0.9997192882679895,1913,60
MRI-ESM2-0,ssp585,1991-2020,2071-2100,GS31_85_functional_lost_fraction,0.021345593704823765,0.005729767561138325,0.09342232479161762,0.11476791849644137,0.9997192882679895,1913,60
MRI-ESM2-0,ssp585,1991-2020,2071-2100,conditional_yield_loss_GS31_85_b0141_t_ha_per_unit_lai,0.02120867995209746,0.00553151150127683,0.09650216165689036,0.11771084160898783,0.9997192882679895,1913,60
MRI-ESM2-0,ssp585,1991-2020,2071-2100,conditional_yield_loss_GS31_85_b0180_t_ha_per_unit_lai,0.02707491057714569,0.007061504044183182,0.12319424892368981,0.1502691595008355,0.9997192882679895,1913,60
MRI-ESM2-0,ssp585,1991-2020,2071-2100,conditional_yield_loss_GS31_85_b0207_t_ha_per_unit_lai,0.031136147163717546,0.00812072965081066,0.14167338626224332,0.17280953342596084,0.9997192882679895,1913,60
MRI-ESM2-0,ssp585,1991-2020,2071-2100,GS65_85_reference_had3,-0.5487848642067537,0.16024232011542056,34.11608943610975,33.567304571903,0.9997192882679895,1913,60
MRI-ESM2-0,ssp585,1991-2020,2071-2100,GS65_85_lost_had3,1.2833062227631324,0.34715607745397176,6.53747679943579,7.820783022198922,0.9997192882679895,1913,60
MRI-ESM2-0,ssp585,1991-2020,2071-2100,GS65_85_functional_lost_fraction,0.04233274461124696,0.010340073617881468,0.18780174251300114,0.23013448712424805,0.9997192882679895,1913,60
MRI-ESM2-0,ssp585,1991-2020,2071-2100,conditional_yield_loss_GS65_85_b0141_t_ha_per_unit_lai,0.01809461774096016,0.004894900692101002,0.09217842287204464,0.1102730406130048,0.9997192882679895,1913,60
MRI-ESM2-0,ssp585,1991-2020,2071-2100,conditional_yield_loss_GS65_85_b0180_t_ha_per_unit_lai,0.023099512009736377,0.00624880939417149,0.11767458238984421,0.1407740943995806,0.9997192882679895,1913,60
MRI-ESM2-0,ssp585,1991-2020,2071-2100,conditional_yield_loss_GS65_85_b0207_t_ha_per_unit_lai,0.02656443881119683,0.007186130803297216,0.13532576974832083,0.16189020855951772,0.9997192882679895,1913,60
MRI-ESM2-0,ssp585,1991-2020,2071-2100,mean_temperature_grain_fill_c,1.281420242950159,0.1411682945362872,19.2713632542224,20.55278349717256,0.9997192882679895,1913,60
MRI-ESM2-0,ssp585,1991-2020,2071-2100,rainfall_grain_fill_mm,-15.135976062868378,1.1620357043449188,84.41824836047365,69.28227229760527,0.9997192882679895,1913,60
MRI-ESM2-0,ssp585,1991-2020,2071-2100,exposure_grain_fill_effective_days,-1.7791799247830395,0.10459743861539167,8.466427324544242,6.687247399761202,0.9997192882679895,1913,60
