PEP_ID,SOWING_DATE,BBCH,cohort,reason
4,2004-09-30,10,validation,archived_cycle_ineligible
4,2004-09-30,31,validation,archived_cycle_ineligible
4,2004-09-30,51,validation,archived_cycle_ineligible
4,2004-09-30,85,validation,archived_cycle_ineligible
4,2011-10-10,10,validation,archived_cycle_ineligible
4,2011-10-10,85,validation,archived_cycle_ineligible
18,1989-09-27,10,validation,archived_cycle_ineligible
18,1989-09-27,31,validation,archived_cycle_ineligible
18,1989-09-27,51,validation,archived_cycle_ineligible
19,1989-10-10,10,validation,archived_cycle_ineligible
19,1989-10-10,51,validation,archived_cycle_ineligible
48,1986-09-02,10,validation,archived_cycle_ineligible
48,1986-09-02,31,validation,archived_cycle_ineligible
48,1986-09-02,51,validation,archived_cycle_ineligible
48,1989-09-26,10,validation,archived_cycle_ineligible
68,2013-09-14,10,validation,archived_cycle_ineligible
68,2013-09-14,31,validation,archived_cycle_ineligible
68,2013-09-14,51,validation,archived_cycle_ineligible
68,2013-09-14,85,validation,archived_cycle_ineligible
94,1993-10-08,10,validation,archived_cycle_ineligible
94,1993-10-08,31,validation,archived_cycle_ineligible
94,1993-10-08,51,validation,archived_cycle_ineligible
94,1995-10-17,10,validation,archived_cycle_ineligible
94,1995-10-17,31,validation,archived_cycle_ineligible
94,1995-10-17,51,validation,archived_cycle_ineligible
95,1988-10-02,10,validation,archived_cycle_ineligible
95,1988-10-02,31,validation,archived_cycle_ineligible
95,1988-10-02,51,validation,archived_cycle_ineligible
103,2012-09-15,10,validation,archived_cycle_ineligible
107,1987-10-02,10,validation,archived_cycle_ineligible
122,1987-10-02,10,validation,archived_cycle_ineligible
122,1987-10-02,31,validation,archived_cycle_ineligible
122,1987-10-02,51,validation,archived_cycle_ineligible
136,1988-10-05,10,validation,archived_cycle_ineligible
136,1988-10-05,51,validation,archived_cycle_ineligible
136,1992-10-13,10,validation,archived_cycle_ineligible
136,1992-10-13,31,validation,archived_cycle_ineligible
136,1992-10-13,51,validation,archived_cycle_ineligible
136,1997-10-16,10,validation,archived_cycle_ineligible
144,1992-10-14,10,validation,archived_cycle_ineligible
144,1992-10-14,31,validation,archived_cycle_ineligible
144,1994-10-01,10,validation,archived_cycle_ineligible
144,1994-10-01,31,validation,archived_cycle_ineligible
144,1994-10-01,51,validation,archived_cycle_ineligible
148,2011-09-17,10,validation,archived_cycle_ineligible
184,1987-09-14,10,validation,archived_cycle_ineligible
184,1987-09-14,51,validation,archived_cycle_ineligible
184,1989-09-15,10,validation,archived_cycle_ineligible
184,1989-09-15,51,validation,archived_cycle_ineligible
184,1993-10-07,10,validation,archived_cycle_ineligible
184,1993-10-07,31,validation,archived_cycle_ineligible
184,1993-10-07,51,validation,archived_cycle_ineligible
184,1998-09-18,10,validation,archived_cycle_ineligible
184,1998-09-18,31,validation,archived_cycle_ineligible
187,1991-10-14,10,validation,archived_cycle_ineligible
187,1991-10-14,31,validation,archived_cycle_ineligible
187,1991-10-14,51,validation,archived_cycle_ineligible
195,1989-09-23,10,validation,archived_cycle_ineligible
195,1989-09-23,31,validation,archived_cycle_ineligible
195,1989-09-23,51,validation,archived_cycle_ineligible
202,1985-09-19,10,validation,archived_cycle_ineligible
202,1990-09-17,10,validation,archived_cycle_ineligible
202,1996-09-22,10,validation,archived_cycle_ineligible
202,2000-09-27,10,validation,archived_cycle_ineligible
206,1994-10-22,10,validation,archived_cycle_ineligible
206,1994-10-22,31,validation,archived_cycle_ineligible
206,1994-10-22,51,validation,archived_cycle_ineligible
206,1996-10-13,10,validation,archived_cycle_ineligible
206,1996-10-13,31,validation,archived_cycle_ineligible
206,1996-10-13,51,validation,archived_cycle_ineligible
221,1993-10-10,10,validation,archived_cycle_ineligible
221,1995-10-10,10,validation,archived_cycle_ineligible
238,1987-10-31,10,validation,archived_cycle_ineligible
238,1987-10-31,51,validation,archived_cycle_ineligible
238,1990-10-27,10,validation,archived_cycle_ineligible
238,1990-10-27,51,validation,archived_cycle_ineligible
238,1992-11-23,51,validation,archived_cycle_ineligible
238,1994-10-19,10,validation,archived_cycle_ineligible
238,1994-10-19,51,validation,archived_cycle_ineligible
238,1997-10-03,10,validation,archived_cycle_ineligible
238,1997-10-03,51,validation,archived_cycle_ineligible
238,2000-09-22,10,validation,archived_cycle_ineligible
238,2000-09-22,51,validation,archived_cycle_ineligible
238,2008-09-06,10,validation,archived_cycle_ineligible
238,2008-09-06,31,validation,archived_cycle_ineligible
238,2008-09-06,51,validation,archived_cycle_ineligible
238,2008-09-06,85,validation,archived_cycle_ineligible
238,2012-10-04,31,validation,archived_cycle_ineligible
238,2012-10-04,51,validation,archived_cycle_ineligible
238,2012-10-04,85,validation,archived_cycle_ineligible
258,1988-09-19,10,validation,archived_cycle_ineligible
258,1992-10-11,10,validation,archived_cycle_ineligible
263,1996-10-14,10,validation,archived_cycle_ineligible
263,1996-10-14,51,validation,archived_cycle_ineligible
263,2000-09-20,10,validation,archived_cycle_ineligible
263,2011-10-03,10,validation,archived_cycle_ineligible
276,1995-09-20,10,validation,archived_cycle_ineligible
276,1995-09-20,31,validation,archived_cycle_ineligible
276,1995-09-20,51,validation,archived_cycle_ineligible
276,2006-09-20,10,validation,archived_cycle_ineligible
283,1986-10-13,10,validation,archived_cycle_ineligible
283,1986-10-13,31,validation,archived_cycle_ineligible
283,1986-10-13,51,validation,archived_cycle_ineligible
286,1992-10-21,31,validation,archived_cycle_ineligible
286,1992-10-21,51,validation,archived_cycle_ineligible
300,1996-09-17,10,validation,archived_cycle_ineligible
306,1985-10-26,10,validation,archived_cycle_ineligible
306,1985-10-26,31,validation,archived_cycle_ineligible
306,1985-10-26,51,validation,archived_cycle_ineligible
310,1988-09-19,10,validation,archived_cycle_ineligible
310,1988-09-19,31,validation,archived_cycle_ineligible
310,1988-09-19,51,validation,archived_cycle_ineligible
312,1997-09-16,10,validation,archived_cycle_ineligible
312,1997-09-16,31,validation,archived_cycle_ineligible
312,1997-09-16,51,validation,archived_cycle_ineligible
312,2000-09-11,10,validation,archived_cycle_ineligible
312,2000-09-11,31,validation,archived_cycle_ineligible
312,2000-09-11,51,validation,archived_cycle_ineligible
320,2011-09-24,10,validation,archived_cycle_ineligible
320,2011-09-24,85,validation,archived_cycle_ineligible
325,1986-09-21,10,validation,archived_cycle_ineligible
325,1986-09-21,31,validation,archived_cycle_ineligible
325,1986-09-21,51,validation,archived_cycle_ineligible
325,1989-09-11,10,validation,archived_cycle_ineligible
333,1991-09-14,10,validation,archived_cycle_ineligible
346,1989-09-24,10,validation,archived_cycle_ineligible
346,1989-09-24,31,validation,archived_cycle_ineligible
346,1992-09-25,10,validation,archived_cycle_ineligible
346,1992-09-25,31,validation,archived_cycle_ineligible
346,1992-09-25,51,validation,archived_cycle_ineligible
346,1999-09-16,10,validation,archived_cycle_ineligible
346,1999-09-16,31,validation,archived_cycle_ineligible
346,1999-09-16,51,validation,archived_cycle_ineligible
349,2012-09-15,10,validation,archived_cycle_ineligible
349,2012-09-15,31,validation,archived_cycle_ineligible
349,2012-09-15,51,validation,archived_cycle_ineligible
349,2012-09-15,85,validation,archived_cycle_ineligible
362,1998-10-27,10,validation,archived_cycle_ineligible
362,1998-10-27,31,validation,archived_cycle_ineligible
362,1998-10-27,51,validation,archived_cycle_ineligible
381,1989-09-23,10,validation,archived_cycle_ineligible
383,1990-10-15,10,validation,archived_cycle_ineligible
383,1990-10-15,31,validation,archived_cycle_ineligible
383,1990-10-15,51,validation,archived_cycle_ineligible
384,1987-09-05,10,validation,archived_cycle_ineligible
412,1985-10-10,10,validation,archived_cycle_ineligible
429,1985-09-14,10,validation,archived_cycle_ineligible
429,1985-09-14,31,validation,archived_cycle_ineligible
429,1985-09-14,51,validation,archived_cycle_ineligible
447,1991-10-20,31,validation,archived_cycle_ineligible
447,1991-10-20,51,validation,archived_cycle_ineligible
447,2000-10-08,10,validation,archived_cycle_ineligible
447,2003-10-06,10,validation,archived_cycle_ineligible
454,1989-10-17,10,validation,archived_cycle_ineligible
454,1989-10-17,31,validation,archived_cycle_ineligible
454,1989-10-17,51,validation,archived_cycle_ineligible
460,1999-10-15,10,validation,archived_cycle_ineligible
484,1987-09-19,10,validation,archived_cycle_ineligible
488,1985-10-03,10,validation,archived_cycle_ineligible
488,1985-10-03,51,validation,archived_cycle_ineligible
490,1985-10-04,10,validation,archived_cycle_ineligible
490,1989-10-23,10,validation,archived_cycle_ineligible
516,1994-10-06,10,validation,archived_cycle_ineligible
516,1994-10-06,31,validation,archived_cycle_ineligible
516,1994-10-06,51,validation,archived_cycle_ineligible
522,2007-10-07,10,validation,archived_cycle_ineligible
522,2007-10-07,31,validation,archived_cycle_ineligible
522,2007-10-07,51,validation,archived_cycle_ineligible
522,2007-10-07,85,validation,archived_cycle_ineligible
538,1995-10-15,10,validation,archived_cycle_ineligible
538,1995-10-15,31,validation,archived_cycle_ineligible
538,1995-10-15,51,validation,archived_cycle_ineligible
540,1986-10-06,10,validation,archived_cycle_ineligible
552,1999-10-05,10,validation,archived_cycle_ineligible
552,1999-10-05,31,validation,archived_cycle_ineligible
552,1999-10-05,51,validation,archived_cycle_ineligible
569,1993-09-27,10,validation,archived_cycle_ineligible
596,1995-10-30,10,validation,archived_cycle_ineligible
596,1995-10-30,31,validation,archived_cycle_ineligible
596,1995-10-30,51,validation,archived_cycle_ineligible
596,2010-11-01,10,validation,archived_cycle_ineligible
596,2010-11-01,31,validation,archived_cycle_ineligible
596,2010-11-01,51,validation,archived_cycle_ineligible
596,2010-11-01,85,validation,archived_cycle_ineligible
604,1993-10-16,31,validation,archived_cycle_ineligible
604,1993-10-16,51,validation,archived_cycle_ineligible
604,2002-10-07,10,validation,archived_cycle_ineligible
610,1986-10-10,10,validation,archived_cycle_ineligible
610,1986-10-10,31,validation,archived_cycle_ineligible
610,1986-10-10,51,validation,archived_cycle_ineligible
610,1989-10-02,10,validation,archived_cycle_ineligible
619,1986-10-20,10,validation,archived_cycle_ineligible
619,1986-10-20,31,validation,archived_cycle_ineligible
619,1986-10-20,51,validation,archived_cycle_ineligible
619,1991-10-20,10,validation,archived_cycle_ineligible
638,1986-10-30,10,validation,archived_cycle_ineligible
638,1992-10-16,10,validation,archived_cycle_ineligible
638,2010-10-30,10,validation,archived_cycle_ineligible
640,1992-10-01,10,validation,archived_cycle_ineligible
640,1995-10-10,10,validation,archived_cycle_ineligible
640,1995-10-10,31,validation,archived_cycle_ineligible
640,1995-10-10,51,validation,archived_cycle_ineligible
640,1997-10-29,10,validation,archived_cycle_ineligible
640,1997-10-29,31,validation,archived_cycle_ineligible
640,1997-10-29,51,validation,archived_cycle_ineligible
643,1986-10-19,10,validation,archived_cycle_ineligible
643,1986-10-19,31,validation,archived_cycle_ineligible
643,1986-10-19,51,validation,archived_cycle_ineligible
643,1988-11-10,10,validation,archived_cycle_ineligible
643,1988-11-10,31,validation,archived_cycle_ineligible
643,1988-11-10,51,validation,archived_cycle_ineligible
651,1990-10-10,10,validation,archived_cycle_ineligible
656,1988-10-11,10,validation,archived_cycle_ineligible
656,1988-10-11,31,validation,archived_cycle_ineligible
656,1988-10-11,51,validation,archived_cycle_ineligible
658,1988-10-04,10,validation,archived_cycle_ineligible
658,1988-10-04,31,validation,archived_cycle_ineligible
658,1988-10-04,51,validation,archived_cycle_ineligible
658,1993-10-02,10,validation,archived_cycle_ineligible
658,1993-10-02,31,validation,archived_cycle_ineligible
658,1993-10-02,51,validation,archived_cycle_ineligible
680,1986-09-27,10,validation,archived_cycle_ineligible
718,1991-10-07,10,validation,archived_cycle_ineligible
732,1988-10-05,10,validation,archived_cycle_ineligible
738,1998-10-09,10,validation,archived_cycle_ineligible
738,1998-10-09,31,validation,archived_cycle_ineligible
738,1998-10-09,51,validation,archived_cycle_ineligible
748,1989-11-10,10,validation,archived_cycle_ineligible
748,1989-11-10,31,validation,archived_cycle_ineligible
748,1989-11-10,51,validation,archived_cycle_ineligible
748,1993-10-13,10,validation,archived_cycle_ineligible
753,1988-10-19,10,validation,archived_cycle_ineligible
765,1985-10-07,10,validation,archived_cycle_ineligible
765,1988-09-19,10,validation,archived_cycle_ineligible
797,1986-10-04,10,validation,archived_cycle_ineligible
797,1986-10-04,31,validation,archived_cycle_ineligible
797,1986-10-04,51,validation,archived_cycle_ineligible
797,1988-09-20,10,validation,archived_cycle_ineligible
797,1988-09-20,31,validation,archived_cycle_ineligible
797,1988-09-20,51,validation,archived_cycle_ineligible
797,2007-10-02,10,validation,archived_cycle_ineligible
797,2007-10-02,31,validation,archived_cycle_ineligible
797,2007-10-02,51,validation,archived_cycle_ineligible
806,1987-10-20,10,validation,archived_cycle_ineligible
831,1985-10-24,51,validation,archived_cycle_ineligible
831,1988-11-08,10,validation,archived_cycle_ineligible
831,1995-10-17,10,validation,archived_cycle_ineligible
831,1997-10-25,10,validation,archived_cycle_ineligible
831,1997-10-25,51,validation,archived_cycle_ineligible
841,1985-10-12,10,validation,archived_cycle_ineligible
841,1985-10-12,31,validation,archived_cycle_ineligible
841,1985-10-12,51,validation,archived_cycle_ineligible
841,1989-10-09,10,validation,archived_cycle_ineligible
841,1991-10-11,10,validation,archived_cycle_ineligible
841,1994-10-23,10,validation,archived_cycle_ineligible
841,2004-10-13,10,validation,archived_cycle_ineligible
841,2004-10-13,31,validation,archived_cycle_ineligible
841,2004-10-13,51,validation,archived_cycle_ineligible
841,2004-10-13,85,validation,archived_cycle_ineligible
847,1989-11-01,10,validation,archived_cycle_ineligible
847,1989-11-01,31,validation,archived_cycle_ineligible
847,1989-11-01,51,validation,archived_cycle_ineligible
847,1997-10-02,10,validation,archived_cycle_ineligible
847,2010-10-10,10,validation,archived_cycle_ineligible
867,1995-10-20,10,validation,archived_cycle_ineligible
870,1985-10-22,31,validation,archived_cycle_ineligible
870,1985-10-22,51,validation,archived_cycle_ineligible
870,2004-10-19,10,validation,archived_cycle_ineligible
870,2004-10-19,31,validation,archived_cycle_ineligible
870,2004-10-19,51,validation,archived_cycle_ineligible
870,2006-09-29,10,validation,archived_cycle_ineligible
870,2006-09-29,51,validation,archived_cycle_ineligible
870,2009-09-20,10,validation,archived_cycle_ineligible
870,2009-09-20,31,validation,archived_cycle_ineligible
870,2009-09-20,51,validation,archived_cycle_ineligible
872,1989-09-02,10,validation,archived_cycle_ineligible
890,1986-10-10,10,validation,archived_cycle_ineligible
899,1992-09-19,10,validation,archived_cycle_ineligible
899,1992-09-19,51,validation,archived_cycle_ineligible
899,2002-10-21,10,validation,archived_cycle_ineligible
922,1993-11-03,10,validation,archived_cycle_ineligible
922,1993-11-03,31,validation,archived_cycle_ineligible
922,1993-11-03,51,validation,archived_cycle_ineligible
931,1992-10-08,10,validation,archived_cycle_ineligible
939,1997-10-15,10,validation,archived_cycle_ineligible
939,1997-10-15,31,validation,archived_cycle_ineligible
939,1997-10-15,51,validation,archived_cycle_ineligible
946,1993-10-13,10,validation,archived_cycle_ineligible
946,2000-11-03,10,validation,archived_cycle_ineligible
946,2000-11-03,51,validation,archived_cycle_ineligible
946,2003-10-11,10,validation,archived_cycle_ineligible
946,2012-10-21,10,validation,archived_cycle_ineligible
962,1991-10-29,10,validation,archived_cycle_ineligible
962,1991-10-29,31,validation,archived_cycle_ineligible
962,1991-10-29,51,validation,archived_cycle_ineligible
963,1986-10-07,10,validation,archived_cycle_ineligible
963,1992-10-20,10,validation,archived_cycle_ineligible
963,1992-10-20,31,validation,archived_cycle_ineligible
963,1992-10-20,51,validation,archived_cycle_ineligible
963,1996-10-13,31,validation,archived_cycle_ineligible
963,1996-10-13,51,validation,archived_cycle_ineligible
973,1988-10-10,10,validation,archived_cycle_ineligible
976,1997-10-07,10,validation,archived_cycle_ineligible
976,2003-10-21,10,validation,archived_cycle_ineligible
983,1985-10-02,10,validation,archived_cycle_ineligible
983,1992-10-08,10,validation,archived_cycle_ineligible
984,1989-10-18,10,validation,archived_cycle_ineligible
984,1989-10-18,51,validation,archived_cycle_ineligible
997,1986-09-28,10,validation,archived_cycle_ineligible
997,1986-09-28,51,validation,archived_cycle_ineligible
997,1988-11-10,10,validation,archived_cycle_ineligible
997,1988-11-10,51,validation,archived_cycle_ineligible
1002,2002-09-26,10,validation,archived_cycle_ineligible
1007,1986-09-17,10,validation,archived_cycle_ineligible
1007,1986-09-17,31,validation,archived_cycle_ineligible
1007,1986-09-17,51,validation,archived_cycle_ineligible
1007,1988-09-26,10,validation,archived_cycle_ineligible
1007,1988-09-26,31,validation,archived_cycle_ineligible
1007,1988-09-26,51,validation,archived_cycle_ineligible
1027,1991-10-11,10,validation,archived_cycle_ineligible
1027,1991-10-11,31,validation,archived_cycle_ineligible
1027,1991-10-11,51,validation,archived_cycle_ineligible
1027,1998-09-26,10,validation,archived_cycle_ineligible
1027,1998-09-26,31,validation,archived_cycle_ineligible
1027,1998-09-26,51,validation,archived_cycle_ineligible
1044,1988-09-16,10,validation,archived_cycle_ineligible
1044,1988-09-16,31,validation,archived_cycle_ineligible
1044,1994-09-19,10,validation,archived_cycle_ineligible
1056,1992-09-13,10,validation,archived_cycle_ineligible
1056,1992-09-13,31,validation,archived_cycle_ineligible
1056,1992-09-13,51,validation,archived_cycle_ineligible
1057,1989-09-30,10,validation,archived_cycle_ineligible
1057,1991-10-10,31,validation,archived_cycle_ineligible
1057,1994-10-10,51,validation,archived_cycle_ineligible
1057,1996-10-06,10,validation,archived_cycle_ineligible
1057,1996-10-06,31,validation,archived_cycle_ineligible
1057,1996-10-06,51,validation,archived_cycle_ineligible
1057,1999-09-21,10,validation,archived_cycle_ineligible
1057,1999-09-21,51,validation,archived_cycle_ineligible
1068,1986-09-21,10,validation,archived_cycle_ineligible
1068,1986-09-21,51,validation,archived_cycle_ineligible
1068,2003-09-26,10,validation,archived_cycle_ineligible
1070,1992-10-16,10,validation,archived_cycle_ineligible
1070,1992-10-16,31,validation,archived_cycle_ineligible
1070,1992-10-16,51,validation,archived_cycle_ineligible
1106,1989-10-26,10,validation,archived_cycle_ineligible
1106,1989-10-26,31,validation,archived_cycle_ineligible
1106,1989-10-26,51,validation,archived_cycle_ineligible
1118,1994-09-30,10,validation,archived_cycle_ineligible
1118,1994-09-30,31,validation,archived_cycle_ineligible
1118,1994-09-30,51,validation,archived_cycle_ineligible
1144,1989-10-16,10,validation,archived_cycle_ineligible
1144,1991-10-17,10,validation,archived_cycle_ineligible
1144,1991-10-17,31,validation,archived_cycle_ineligible
1144,1991-10-17,51,validation,archived_cycle_ineligible
1152,1985-09-27,10,validation,archived_cycle_ineligible
1157,2013-10-23,10,validation,archived_cycle_ineligible
1157,2013-10-23,31,validation,archived_cycle_ineligible
1157,2013-10-23,51,validation,archived_cycle_ineligible
1157,2013-10-23,85,validation,archived_cycle_ineligible
1166,2008-09-19,10,validation,archived_cycle_ineligible
1182,1990-10-15,10,validation,archived_cycle_ineligible
1182,1990-10-15,51,validation,archived_cycle_ineligible
1182,1997-10-29,10,validation,archived_cycle_ineligible
1182,1997-10-29,31,validation,archived_cycle_ineligible
1182,1997-10-29,51,validation,archived_cycle_ineligible
1187,1987-10-21,10,validation,archived_cycle_ineligible
1187,1987-10-21,31,validation,archived_cycle_ineligible
1187,1987-10-21,51,validation,archived_cycle_ineligible
1187,1990-10-18,10,validation,archived_cycle_ineligible
1187,1995-10-10,10,validation,archived_cycle_ineligible
1187,2004-09-24,10,validation,archived_cycle_ineligible
1195,1995-10-25,10,validation,archived_cycle_ineligible
1195,2002-10-02,10,validation,archived_cycle_ineligible
1248,1985-09-20,31,validation,archived_cycle_ineligible
1248,1985-09-20,51,validation,archived_cycle_ineligible
1248,1988-10-16,10,validation,archived_cycle_ineligible
1248,1988-10-16,51,validation,archived_cycle_ineligible
1248,1990-10-06,10,validation,archived_cycle_ineligible
1248,2013-10-22,10,validation,archived_cycle_ineligible
1248,2013-10-22,51,validation,archived_cycle_ineligible
1263,1985-10-29,10,validation,archived_cycle_ineligible
1263,1988-10-19,10,validation,archived_cycle_ineligible
1263,1992-10-19,10,validation,archived_cycle_ineligible
1263,2004-11-09,31,validation,archived_cycle_ineligible
1263,2004-11-09,51,validation,archived_cycle_ineligible
1268,1989-10-26,10,validation,archived_cycle_ineligible
1287,1988-10-16,10,validation,archived_cycle_ineligible
1287,1988-10-16,51,validation,archived_cycle_ineligible
1287,1997-11-05,10,validation,archived_cycle_ineligible
1287,1997-11-05,31,validation,archived_cycle_ineligible
1287,1997-11-05,51,validation,archived_cycle_ineligible
1287,2001-10-18,10,validation,archived_cycle_ineligible
1287,2001-10-18,31,validation,archived_cycle_ineligible
1287,2001-10-18,51,validation,archived_cycle_ineligible
1287,2004-10-18,10,validation,archived_cycle_ineligible
1287,2004-10-18,31,validation,archived_cycle_ineligible
1287,2004-10-18,51,validation,archived_cycle_ineligible
1287,2004-10-18,85,validation,archived_cycle_ineligible
1287,2010-10-08,10,validation,archived_cycle_ineligible
1287,2010-10-08,51,validation,archived_cycle_ineligible
1287,2010-10-08,85,validation,archived_cycle_ineligible
1287,2012-10-14,10,validation,archived_cycle_ineligible
1287,2012-10-14,31,validation,archived_cycle_ineligible
1287,2012-10-14,51,validation,archived_cycle_ineligible
1287,2012-10-14,85,validation,archived_cycle_ineligible
1327,1986-10-13,10,validation,archived_cycle_ineligible
1328,1989-10-30,10,validation,archived_cycle_ineligible
1328,1989-10-30,51,validation,archived_cycle_ineligible
1328,1991-10-21,51,validation,archived_cycle_ineligible
1328,1999-10-14,10,validation,archived_cycle_ineligible
1328,1999-10-14,31,validation,archived_cycle_ineligible
1328,1999-10-14,51,validation,archived_cycle_ineligible
1378,1991-10-22,10,validation,archived_cycle_ineligible
1390,1991-10-25,10,validation,archived_cycle_ineligible
1394,2001-10-24,10,validation,archived_cycle_ineligible
1403,1990-10-16,10,validation,archived_cycle_ineligible
1403,1997-11-20,10,validation,archived_cycle_ineligible
1403,1999-10-12,10,validation,archived_cycle_ineligible
1403,2002-10-20,10,validation,archived_cycle_ineligible
1403,2002-10-20,31,validation,archived_cycle_ineligible
1403,2002-10-20,51,validation,archived_cycle_ineligible
1403,2008-09-30,10,validation,archived_cycle_ineligible
1421,1986-11-06,10,validation,archived_cycle_ineligible
1423,1997-10-18,10,validation,archived_cycle_ineligible
1423,1997-10-18,31,validation,archived_cycle_ineligible
1423,1997-10-18,51,validation,archived_cycle_ineligible
1439,1991-10-30,10,validation,archived_cycle_ineligible
1439,1991-10-30,31,validation,archived_cycle_ineligible
1439,1991-10-30,51,validation,archived_cycle_ineligible
1448,1990-10-19,31,validation,archived_cycle_ineligible
1448,1994-10-05,10,validation,archived_cycle_ineligible
1448,1994-10-05,51,validation,archived_cycle_ineligible
1448,2001-10-15,10,validation,archived_cycle_ineligible
1448,2001-10-15,51,validation,archived_cycle_ineligible
1448,2005-10-26,10,validation,archived_cycle_ineligible
1448,2005-10-26,31,validation,archived_cycle_ineligible
1448,2005-10-26,51,validation,archived_cycle_ineligible
1448,2005-10-26,85,validation,archived_cycle_ineligible
1456,1998-10-20,10,validation,archived_cycle_ineligible
1457,1997-10-28,10,validation,archived_cycle_ineligible
1465,1986-10-15,10,validation,archived_cycle_ineligible
1465,1988-10-16,10,validation,archived_cycle_ineligible
1465,1988-10-16,31,validation,archived_cycle_ineligible
1465,1988-10-16,51,validation,archived_cycle_ineligible
1465,1992-10-26,31,validation,archived_cycle_ineligible
1465,1992-10-26,51,validation,archived_cycle_ineligible
1465,1995-11-20,10,validation,archived_cycle_ineligible
1465,1995-11-20,31,validation,archived_cycle_ineligible
1465,1995-11-20,51,validation,archived_cycle_ineligible
1467,1994-10-17,10,validation,archived_cycle_ineligible
1467,1994-10-17,31,validation,archived_cycle_ineligible
1467,1994-10-17,51,validation,archived_cycle_ineligible
1479,1989-10-03,10,validation,archived_cycle_ineligible
1529,1991-11-27,31,validation,archived_cycle_ineligible
1529,1991-11-27,51,validation,archived_cycle_ineligible
1529,2007-10-09,10,validation,archived_cycle_ineligible
1533,1997-10-23,10,validation,archived_cycle_ineligible
1533,1997-10-23,31,validation,archived_cycle_ineligible
1533,1997-10-23,51,validation,archived_cycle_ineligible
1549,1986-10-25,10,validation,archived_cycle_ineligible
1549,1989-10-10,10,validation,archived_cycle_ineligible
1549,1989-10-10,31,validation,archived_cycle_ineligible
1549,1989-10-10,51,validation,archived_cycle_ineligible
1549,1994-10-13,10,validation,archived_cycle_ineligible
1549,1997-10-03,10,validation,archived_cycle_ineligible
1559,1991-10-30,10,validation,archived_cycle_ineligible
1559,1991-10-30,51,validation,archived_cycle_ineligible
1564,1985-10-20,10,validation,archived_cycle_ineligible
1564,1985-10-20,31,validation,archived_cycle_ineligible
1564,1985-10-20,51,validation,archived_cycle_ineligible
1564,1990-10-03,31,validation,archived_cycle_ineligible
1564,1994-10-08,10,validation,archived_cycle_ineligible
1594,1989-11-06,10,validation,archived_cycle_ineligible
1600,1988-10-31,10,validation,archived_cycle_ineligible
1600,1988-10-31,31,validation,archived_cycle_ineligible
1600,1988-10-31,51,validation,archived_cycle_ineligible
1600,1990-10-30,10,validation,archived_cycle_ineligible
1600,1990-10-30,31,validation,archived_cycle_ineligible
1600,1990-10-30,51,validation,archived_cycle_ineligible
1623,1994-10-10,10,validation,archived_cycle_ineligible
1623,1994-10-10,51,validation,archived_cycle_ineligible
1623,1996-10-17,31,validation,archived_cycle_ineligible
1623,1996-10-17,51,validation,archived_cycle_ineligible
1623,1998-10-17,31,validation,archived_cycle_ineligible
1623,1998-10-17,51,validation,archived_cycle_ineligible
1623,2000-10-21,51,validation,archived_cycle_ineligible
1623,2003-10-13,51,validation,archived_cycle_ineligible
1627,1989-09-29,10,validation,archived_cycle_ineligible
1627,1989-09-29,31,validation,archived_cycle_ineligible
1627,1989-09-29,51,validation,archived_cycle_ineligible
1640,2006-10-17,10,validation,archived_cycle_ineligible
1640,2006-10-17,51,validation,archived_cycle_ineligible
1654,1987-10-09,10,validation,archived_cycle_ineligible
1654,1987-10-09,31,validation,archived_cycle_ineligible
1654,1987-10-09,51,validation,archived_cycle_ineligible
1684,1990-09-27,10,validation,archived_cycle_ineligible
1684,1990-09-27,31,validation,archived_cycle_ineligible
1684,1990-09-27,51,validation,archived_cycle_ineligible
1690,2006-09-29,10,validation,archived_cycle_ineligible
1703,1987-10-22,10,validation,archived_cycle_ineligible
1715,2009-09-25,10,validation,archived_cycle_ineligible
1735,1994-10-05,10,validation,archived_cycle_ineligible
1735,1994-10-05,31,validation,archived_cycle_ineligible
1735,1994-10-05,51,validation,archived_cycle_ineligible
1752,1987-10-01,10,validation,archived_cycle_ineligible
1752,1987-10-01,31,validation,archived_cycle_ineligible
1752,1987-10-01,51,validation,archived_cycle_ineligible
1752,1989-09-07,10,validation,archived_cycle_ineligible
1752,1989-09-07,51,validation,archived_cycle_ineligible
1752,1991-10-13,10,validation,archived_cycle_ineligible
1752,1991-10-13,31,validation,archived_cycle_ineligible
1752,1991-10-13,51,validation,archived_cycle_ineligible
1752,1998-11-15,51,validation,archived_cycle_ineligible
1752,2001-10-05,10,validation,archived_cycle_ineligible
1752,2001-10-05,31,validation,archived_cycle_ineligible
1752,2001-10-05,51,validation,archived_cycle_ineligible
1752,2003-09-05,10,validation,archived_cycle_ineligible
1752,2003-09-05,31,validation,archived_cycle_ineligible
1752,2003-09-05,51,validation,archived_cycle_ineligible
1752,2006-09-15,10,validation,archived_cycle_ineligible
1752,2006-09-15,31,validation,archived_cycle_ineligible
1752,2006-09-15,51,validation,archived_cycle_ineligible
1752,2011-09-15,10,validation,archived_cycle_ineligible
1754,2007-10-16,10,validation,archived_cycle_ineligible
1754,2007-10-16,31,validation,archived_cycle_ineligible
1754,2007-10-16,51,validation,archived_cycle_ineligible
1754,2007-10-16,85,validation,archived_cycle_ineligible
1755,1986-10-19,10,validation,archived_cycle_ineligible
1768,1990-10-02,10,validation,archived_cycle_ineligible
1768,1990-10-02,51,validation,archived_cycle_ineligible
1768,2010-09-15,85,validation,archived_cycle_ineligible
1803,1993-10-13,10,validation,archived_cycle_ineligible
1803,1993-10-13,31,validation,archived_cycle_ineligible
1803,1993-10-13,51,validation,archived_cycle_ineligible
1806,1987-10-23,10,validation,archived_cycle_ineligible
1806,1996-10-11,10,validation,archived_cycle_ineligible
1806,1996-10-11,31,validation,archived_cycle_ineligible
1806,1996-10-11,51,validation,archived_cycle_ineligible
1825,1985-09-22,10,validation,archived_cycle_ineligible
1828,1988-09-27,10,validation,archived_cycle_ineligible
1828,1988-09-27,31,validation,archived_cycle_ineligible
1828,1988-09-27,51,validation,archived_cycle_ineligible
1832,2006-10-05,10,validation,archived_cycle_ineligible
1832,2006-10-05,31,validation,archived_cycle_ineligible
1832,2006-10-05,51,validation,archived_cycle_ineligible
1832,2006-10-05,85,validation,archived_cycle_ineligible
1832,2013-10-02,10,validation,archived_cycle_ineligible
1832,2013-10-02,31,validation,archived_cycle_ineligible
1847,1985-10-21,10,validation,archived_cycle_ineligible
1880,1986-10-08,10,validation,archived_cycle_ineligible
1880,1986-10-08,51,validation,archived_cycle_ineligible
1880,1988-09-19,10,validation,archived_cycle_ineligible
1880,1988-09-19,31,validation,archived_cycle_ineligible
1889,1987-09-28,10,validation,archived_cycle_ineligible
1889,1987-09-28,31,validation,archived_cycle_ineligible
1889,1987-09-28,51,validation,archived_cycle_ineligible
1908,1989-09-18,31,validation,archived_cycle_ineligible
1908,2013-10-04,10,validation,archived_cycle_ineligible
1919,1988-10-18,10,validation,archived_cycle_ineligible
1919,1988-10-18,51,validation,archived_cycle_ineligible
1920,1999-10-17,10,validation,archived_cycle_ineligible
1920,1999-10-17,31,validation,archived_cycle_ineligible
1920,1999-10-17,51,validation,archived_cycle_ineligible
1929,1988-10-27,10,validation,archived_cycle_ineligible
1929,1988-10-27,51,validation,archived_cycle_ineligible
1935,2005-10-05,10,validation,archived_cycle_ineligible
1935,2005-10-05,51,validation,archived_cycle_ineligible
1935,2005-10-05,85,validation,archived_cycle_ineligible
1935,2012-10-12,10,validation,archived_cycle_ineligible
1949,1987-10-19,10,validation,archived_cycle_ineligible
1949,1987-10-19,31,validation,archived_cycle_ineligible
1949,1987-10-19,51,validation,archived_cycle_ineligible
1962,1999-09-27,10,validation,archived_cycle_ineligible
1962,1999-09-27,31,validation,archived_cycle_ineligible
1976,1993-10-08,10,validation,archived_cycle_ineligible
1986,1990-10-08,10,validation,archived_cycle_ineligible
2020,1987-10-20,10,validation,archived_cycle_ineligible
2020,1987-10-20,31,validation,archived_cycle_ineligible
2020,1987-10-20,51,validation,archived_cycle_ineligible
2024,1997-10-04,10,validation,archived_cycle_ineligible
2024,1997-10-04,31,validation,archived_cycle_ineligible
2024,1997-10-04,51,validation,archived_cycle_ineligible
2027,1987-10-07,10,validation,archived_cycle_ineligible
2027,1987-10-07,51,validation,archived_cycle_ineligible
2028,1985-10-12,10,validation,archived_cycle_ineligible
2028,1985-10-12,31,validation,archived_cycle_ineligible
2028,1985-10-12,51,validation,archived_cycle_ineligible
2036,1985-10-12,51,validation,archived_cycle_ineligible
2041,1992-09-28,10,validation,archived_cycle_ineligible
2041,1992-09-28,31,validation,archived_cycle_ineligible
2041,1992-09-28,51,validation,archived_cycle_ineligible
2041,1996-10-14,10,validation,archived_cycle_ineligible
2041,2000-09-22,10,validation,archived_cycle_ineligible
2041,2002-10-12,10,validation,archived_cycle_ineligible
2041,2002-10-12,31,validation,archived_cycle_ineligible
2041,2002-10-12,51,validation,archived_cycle_ineligible
2046,1986-10-10,10,validation,archived_cycle_ineligible
2049,1999-10-04,10,validation,archived_cycle_ineligible
2050,1990-10-10,10,validation,archived_cycle_ineligible
2050,1990-10-10,31,validation,archived_cycle_ineligible
2050,1990-10-10,51,validation,archived_cycle_ineligible
2050,1994-10-06,10,validation,archived_cycle_ineligible
2050,1996-10-01,10,validation,archived_cycle_ineligible
2050,1996-10-01,31,validation,archived_cycle_ineligible
2050,1996-10-01,51,validation,archived_cycle_ineligible
2050,2003-10-02,31,validation,archived_cycle_ineligible
2050,2003-10-02,51,validation,archived_cycle_ineligible
2050,2005-10-08,51,validation,archived_cycle_ineligible
2080,1992-10-04,10,validation,archived_cycle_ineligible
2080,1992-10-04,31,validation,archived_cycle_ineligible
2080,1992-10-04,51,validation,archived_cycle_ineligible
2090,1985-09-13,10,validation,archived_cycle_ineligible
2099,1989-10-04,10,validation,archived_cycle_ineligible
2112,1986-10-03,10,validation,archived_cycle_ineligible
2112,1986-10-03,31,validation,archived_cycle_ineligible
2112,1986-10-03,51,validation,archived_cycle_ineligible
2112,1990-10-13,10,validation,archived_cycle_ineligible
2112,1990-10-13,31,validation,archived_cycle_ineligible
2112,1990-10-13,51,validation,archived_cycle_ineligible
2112,2002-10-10,10,validation,archived_cycle_ineligible
2112,2002-10-10,31,validation,archived_cycle_ineligible
2112,2002-10-10,51,validation,archived_cycle_ineligible
2126,1997-10-06,10,validation,archived_cycle_ineligible
2126,1997-10-06,31,validation,archived_cycle_ineligible
2126,1997-10-06,51,validation,archived_cycle_ineligible
2145,1996-09-28,10,validation,archived_cycle_ineligible
2157,1987-10-17,31,validation,archived_cycle_ineligible
2157,1987-10-17,51,validation,archived_cycle_ineligible
2165,2002-10-12,10,validation,archived_cycle_ineligible
2165,2008-09-28,10,validation,archived_cycle_ineligible
2170,2013-10-08,10,validation,archived_cycle_ineligible
2170,2013-10-08,31,validation,archived_cycle_ineligible
2170,2013-10-08,51,validation,archived_cycle_ineligible
2170,2013-10-08,85,validation,archived_cycle_ineligible
2199,1990-10-12,10,validation,archived_cycle_ineligible
2199,1990-10-12,51,validation,archived_cycle_ineligible
2199,1992-09-27,10,validation,archived_cycle_ineligible
2199,1994-10-07,10,validation,archived_cycle_ineligible
2199,2001-10-05,10,validation,archived_cycle_ineligible
2200,1985-09-27,10,validation,archived_cycle_ineligible
2200,1985-09-27,31,validation,archived_cycle_ineligible
2200,1985-09-27,51,validation,archived_cycle_ineligible
2205,1985-10-20,10,validation,archived_cycle_ineligible
2205,1985-10-20,31,validation,archived_cycle_ineligible
2205,1985-10-20,51,validation,archived_cycle_ineligible
2217,1992-10-01,10,validation,archived_cycle_ineligible
2217,1992-10-01,51,validation,archived_cycle_ineligible
2217,1996-10-04,10,validation,archived_cycle_ineligible
2217,1996-10-04,31,validation,archived_cycle_ineligible
2217,1996-10-04,51,validation,archived_cycle_ineligible
2222,1987-10-05,10,validation,archived_cycle_ineligible
2222,1987-10-05,51,validation,archived_cycle_ineligible
2222,1991-10-25,10,validation,archived_cycle_ineligible
2222,1994-10-01,10,validation,archived_cycle_ineligible
2222,1996-10-07,10,validation,archived_cycle_ineligible
2222,2001-10-11,10,validation,archived_cycle_ineligible
2223,1997-10-18,10,validation,archived_cycle_ineligible
2223,1997-10-18,31,validation,archived_cycle_ineligible
2223,1997-10-18,51,validation,archived_cycle_ineligible
2259,1995-09-29,10,validation,archived_cycle_ineligible
2286,1990-09-28,10,validation,archived_cycle_ineligible
2286,2005-10-05,10,validation,archived_cycle_ineligible
2286,2005-10-05,31,validation,archived_cycle_ineligible
2286,2005-10-05,51,validation,archived_cycle_ineligible
2286,2005-10-05,85,validation,archived_cycle_ineligible
2311,1986-10-15,10,validation,archived_cycle_ineligible
2311,1986-10-15,31,validation,archived_cycle_ineligible
2311,1986-10-15,51,validation,archived_cycle_ineligible
2329,1988-09-30,10,validation,archived_cycle_ineligible
2329,1988-09-30,31,validation,archived_cycle_ineligible
2329,1988-09-30,51,validation,archived_cycle_ineligible
2353,1995-10-15,10,validation,archived_cycle_ineligible
2353,1995-10-15,31,validation,archived_cycle_ineligible
2353,1995-10-15,51,validation,archived_cycle_ineligible
2353,2002-10-15,10,validation,archived_cycle_ineligible
2353,2002-10-15,31,validation,archived_cycle_ineligible
2356,1992-10-07,10,validation,archived_cycle_ineligible
2356,1995-10-10,10,validation,archived_cycle_ineligible
2356,2012-11-07,10,validation,archived_cycle_ineligible
2385,1986-10-15,10,validation,archived_cycle_ineligible
2385,1986-10-15,51,validation,archived_cycle_ineligible
2385,1991-10-09,10,validation,archived_cycle_ineligible
2400,1988-09-22,10,validation,archived_cycle_ineligible
2400,2000-10-04,10,validation,archived_cycle_ineligible
2400,2000-10-04,31,validation,archived_cycle_ineligible
2400,2005-10-20,10,validation,archived_cycle_ineligible
2400,2005-10-20,51,validation,archived_cycle_ineligible
2400,2005-10-20,85,validation,archived_cycle_ineligible
2407,1986-10-14,10,validation,archived_cycle_ineligible
2407,1986-10-14,51,validation,archived_cycle_ineligible
2412,1991-10-05,10,validation,archived_cycle_ineligible
2412,1996-09-19,51,validation,archived_cycle_ineligible
2418,1985-09-21,10,validation,archived_cycle_ineligible
2418,1985-09-21,31,validation,archived_cycle_ineligible
2418,1985-09-21,51,validation,archived_cycle_ineligible
2418,1988-10-12,10,validation,archived_cycle_ineligible
2418,1988-10-12,31,validation,archived_cycle_ineligible
2418,1988-10-12,51,validation,archived_cycle_ineligible
2436,1990-10-09,10,validation,archived_cycle_ineligible
2436,1997-10-08,51,validation,archived_cycle_ineligible
2444,2003-10-02,10,validation,archived_cycle_ineligible
2444,2003-10-02,31,validation,archived_cycle_ineligible
2444,2003-10-02,51,validation,archived_cycle_ineligible
2454,1986-10-01,10,validation,archived_cycle_ineligible
2454,1986-10-01,31,validation,archived_cycle_ineligible
2454,1986-10-01,51,validation,archived_cycle_ineligible
2458,1987-09-21,10,validation,archived_cycle_ineligible
2475,1991-09-30,10,validation,archived_cycle_ineligible
2475,1991-09-30,31,validation,archived_cycle_ineligible
2475,1991-09-30,51,validation,archived_cycle_ineligible
2489,2001-10-05,10,validation,archived_cycle_ineligible
2489,2001-10-05,31,validation,archived_cycle_ineligible
2489,2001-10-05,51,validation,archived_cycle_ineligible
2490,1987-10-07,31,validation,archived_cycle_ineligible
2490,1987-10-07,51,validation,archived_cycle_ineligible
2490,1991-10-14,10,validation,archived_cycle_ineligible
2490,1993-09-29,10,validation,archived_cycle_ineligible
2490,1993-09-29,31,validation,archived_cycle_ineligible
2492,1997-10-11,10,validation,archived_cycle_ineligible
2493,1986-09-23,10,validation,archived_cycle_ineligible
2493,1986-09-23,31,validation,archived_cycle_ineligible
2496,2005-10-13,10,validation,archived_cycle_ineligible
2498,1996-10-04,31,validation,archived_cycle_ineligible
2498,2001-10-05,31,validation,archived_cycle_ineligible
2498,2001-10-05,51,validation,archived_cycle_ineligible
2514,1989-10-09,10,validation,archived_cycle_ineligible
2514,1989-10-09,31,validation,archived_cycle_ineligible
2514,1989-10-09,51,validation,archived_cycle_ineligible
2514,2006-10-18,10,validation,archived_cycle_ineligible
2514,2006-10-18,51,validation,archived_cycle_ineligible
2514,2006-10-18,85,validation,archived_cycle_ineligible
2516,1986-10-11,10,validation,archived_cycle_ineligible
2516,1986-10-11,31,validation,archived_cycle_ineligible
2516,1986-10-11,51,validation,archived_cycle_ineligible
2539,1985-10-24,10,validation,archived_cycle_ineligible
2552,1999-10-13,10,validation,archived_cycle_ineligible
2552,2011-09-28,10,validation,archived_cycle_ineligible
2556,1985-09-20,10,validation,archived_cycle_ineligible
2556,1985-09-20,31,validation,archived_cycle_ineligible
2556,1985-09-20,51,validation,archived_cycle_ineligible
2583,1998-10-23,10,validation,archived_cycle_ineligible
2603,1988-09-15,10,validation,archived_cycle_ineligible
2603,1992-09-24,10,validation,archived_cycle_ineligible
2603,1992-09-24,31,validation,archived_cycle_ineligible
2603,1992-09-24,51,validation,archived_cycle_ineligible
2603,1997-10-17,10,validation,archived_cycle_ineligible
2603,1997-10-17,31,validation,archived_cycle_ineligible
2603,1997-10-17,51,validation,archived_cycle_ineligible
2606,1991-10-12,10,validation,archived_cycle_ineligible
2612,1985-10-05,10,validation,archived_cycle_ineligible
2652,1994-10-08,10,validation,archived_cycle_ineligible
2652,1994-10-08,31,validation,archived_cycle_ineligible
2652,1994-10-08,51,validation,archived_cycle_ineligible
2654,1993-10-15,10,validation,archived_cycle_ineligible
2654,1993-10-15,31,validation,archived_cycle_ineligible
2654,1993-10-15,51,validation,archived_cycle_ineligible
2662,1997-10-14,10,validation,archived_cycle_ineligible
2662,2003-09-26,10,validation,archived_cycle_ineligible
2667,1989-10-07,10,validation,archived_cycle_ineligible
2667,1994-10-15,10,validation,archived_cycle_ineligible
2690,2012-09-28,10,validation,archived_cycle_ineligible
2690,2012-09-28,31,validation,archived_cycle_ineligible
2690,2012-09-28,51,validation,archived_cycle_ineligible
2690,2012-09-28,85,validation,archived_cycle_ineligible
2693,1987-09-25,10,validation,archived_cycle_ineligible
2693,1987-09-25,31,validation,archived_cycle_ineligible
2693,1987-09-25,51,validation,archived_cycle_ineligible
2693,1989-09-04,10,validation,archived_cycle_ineligible
2693,1989-09-04,31,validation,archived_cycle_ineligible
2693,2000-09-19,10,validation,archived_cycle_ineligible
2693,2000-09-19,31,validation,archived_cycle_ineligible
2693,2000-09-19,51,validation,archived_cycle_ineligible
2693,2008-09-27,10,validation,archived_cycle_ineligible
2693,2008-09-27,31,validation,archived_cycle_ineligible
2693,2008-09-27,51,validation,archived_cycle_ineligible
2693,2008-09-27,85,validation,archived_cycle_ineligible
2693,2012-10-01,10,validation,archived_cycle_ineligible
2693,2012-10-01,31,validation,archived_cycle_ineligible
2693,2012-10-01,51,validation,archived_cycle_ineligible
2693,2012-10-01,85,validation,archived_cycle_ineligible
2698,2005-10-05,10,validation,archived_cycle_ineligible
2698,2005-10-05,31,validation,archived_cycle_ineligible
2698,2005-10-05,51,validation,archived_cycle_ineligible
2698,2005-10-05,85,validation,archived_cycle_ineligible
2721,1987-11-10,10,validation,archived_cycle_ineligible
2740,2009-10-06,10,validation,archived_cycle_ineligible
2740,2009-10-06,31,validation,archived_cycle_ineligible
2740,2009-10-06,51,validation,archived_cycle_ineligible
2740,2009-10-06,85,validation,archived_cycle_ineligible
2740,2013-10-17,10,validation,archived_cycle_ineligible
2754,1986-10-20,10,validation,archived_cycle_ineligible
2754,1986-10-20,31,validation,archived_cycle_ineligible
2754,1986-10-20,51,validation,archived_cycle_ineligible
2754,1989-11-10,10,validation,archived_cycle_ineligible
2754,2001-09-30,10,validation,archived_cycle_ineligible
2754,2001-09-30,31,validation,archived_cycle_ineligible
2754,2001-09-30,51,validation,archived_cycle_ineligible
2754,2007-09-15,10,validation,archived_cycle_ineligible
2754,2007-09-15,31,validation,archived_cycle_ineligible
2754,2007-09-15,51,validation,archived_cycle_ineligible
2754,2007-09-15,85,validation,archived_cycle_ineligible
2754,2009-09-20,10,validation,archived_cycle_ineligible
2754,2009-09-20,31,validation,archived_cycle_ineligible
2754,2009-09-20,51,validation,archived_cycle_ineligible
2754,2009-09-20,85,validation,archived_cycle_ineligible
2768,1985-10-19,31,validation,archived_cycle_ineligible
2768,1985-10-19,51,validation,archived_cycle_ineligible
2769,1987-09-27,10,validation,archived_cycle_ineligible
2769,1987-09-27,31,validation,archived_cycle_ineligible
2769,1987-09-27,51,validation,archived_cycle_ineligible
2808,1989-09-05,10,validation,archived_cycle_ineligible
2838,1987-10-27,10,validation,archived_cycle_ineligible
2838,1987-10-27,31,validation,archived_cycle_ineligible
2838,1987-10-27,51,validation,archived_cycle_ineligible
2839,1990-10-25,10,validation,archived_cycle_ineligible
2839,1990-10-25,31,validation,archived_cycle_ineligible
2839,1990-10-25,51,validation,archived_cycle_ineligible
2849,1999-09-29,10,validation,archived_cycle_ineligible
2849,1999-09-29,31,validation,archived_cycle_ineligible
2849,1999-09-29,51,validation,archived_cycle_ineligible
2855,1986-10-17,10,validation,archived_cycle_ineligible
2855,1986-10-17,31,validation,archived_cycle_ineligible
2855,1986-10-17,51,validation,archived_cycle_ineligible
2878,1989-09-30,10,validation,archived_cycle_ineligible
2878,1989-09-30,31,validation,archived_cycle_ineligible
2878,1989-09-30,51,validation,archived_cycle_ineligible
2878,1996-09-23,10,validation,archived_cycle_ineligible
2878,1996-09-23,31,validation,archived_cycle_ineligible
2878,1996-09-23,51,validation,archived_cycle_ineligible
2902,1996-10-22,31,validation,archived_cycle_ineligible
2902,1996-10-22,51,validation,archived_cycle_ineligible
2911,1992-10-04,10,validation,archived_cycle_ineligible
2911,1992-10-04,31,validation,archived_cycle_ineligible
2911,1992-10-04,51,validation,archived_cycle_ineligible
2911,1996-10-04,10,validation,archived_cycle_ineligible
2911,1996-10-04,31,validation,archived_cycle_ineligible
2923,1988-10-14,10,validation,archived_cycle_ineligible
2923,1988-10-14,31,validation,archived_cycle_ineligible
2923,1988-10-14,51,validation,archived_cycle_ineligible
2923,2006-10-10,10,validation,archived_cycle_ineligible
2923,2006-10-10,31,validation,archived_cycle_ineligible
2923,2006-10-10,51,validation,archived_cycle_ineligible
2923,2006-10-10,85,validation,archived_cycle_ineligible
2936,1985-10-15,10,validation,archived_cycle_ineligible
2936,1988-10-25,10,validation,archived_cycle_ineligible
2946,1987-09-22,10,validation,archived_cycle_ineligible
2946,1987-09-22,31,validation,archived_cycle_ineligible
2946,1987-09-22,51,validation,archived_cycle_ineligible
2958,1986-10-17,10,validation,archived_cycle_ineligible
2958,1986-10-17,31,validation,archived_cycle_ineligible
2958,1986-10-17,51,validation,archived_cycle_ineligible
2959,1986-10-11,10,validation,archived_cycle_ineligible
2959,1990-10-17,10,validation,archived_cycle_ineligible
2959,1990-10-17,51,validation,archived_cycle_ineligible
2959,1997-11-01,10,validation,archived_cycle_ineligible
2959,1997-11-01,31,validation,archived_cycle_ineligible
2959,1997-11-01,51,validation,archived_cycle_ineligible
2959,1999-10-20,10,validation,archived_cycle_ineligible
2959,2001-11-07,31,validation,archived_cycle_ineligible
2959,2001-11-07,51,validation,archived_cycle_ineligible
2959,2004-10-23,10,validation,archived_cycle_ineligible
2959,2004-10-23,51,validation,archived_cycle_ineligible
2959,2012-10-19,10,validation,archived_cycle_ineligible
2959,2012-10-19,51,validation,archived_cycle_ineligible
2966,1990-09-29,10,validation,archived_cycle_ineligible
2966,2003-10-12,10,validation,archived_cycle_ineligible
2966,2003-10-12,51,validation,archived_cycle_ineligible
2966,2013-10-20,31,validation,archived_cycle_ineligible
2966,2013-10-20,51,validation,archived_cycle_ineligible
2967,1991-10-25,10,validation,archived_cycle_ineligible
2968,1986-10-20,10,validation,archived_cycle_ineligible
2968,1986-10-20,31,validation,archived_cycle_ineligible
2968,1986-10-20,51,validation,archived_cycle_ineligible
2971,1989-10-05,10,validation,archived_cycle_ineligible
2971,1989-10-05,31,validation,archived_cycle_ineligible
2971,1989-10-05,51,validation,archived_cycle_ineligible
2971,1995-10-01,10,validation,archived_cycle_ineligible
2971,2003-10-20,10,validation,archived_cycle_ineligible
2972,1999-10-12,10,validation,archived_cycle_ineligible
2976,1985-10-23,31,validation,archived_cycle_ineligible
2976,1985-10-23,51,validation,archived_cycle_ineligible
2976,1988-10-21,31,validation,archived_cycle_ineligible
2976,1988-10-21,51,validation,archived_cycle_ineligible
2976,1990-10-25,10,validation,archived_cycle_ineligible
2988,2006-10-27,31,validation,archived_cycle_ineligible
2988,2006-10-27,51,validation,archived_cycle_ineligible
2988,2006-10-27,85,validation,archived_cycle_ineligible
2988,2011-10-12,10,validation,archived_cycle_ineligible
2988,2011-10-12,85,validation,archived_cycle_ineligible
2992,1987-10-19,10,validation,archived_cycle_ineligible
2992,1987-10-19,31,validation,archived_cycle_ineligible
2992,1987-10-19,51,validation,archived_cycle_ineligible
2997,1994-10-22,10,validation,archived_cycle_ineligible
2997,1994-10-22,31,validation,archived_cycle_ineligible
2997,1994-10-22,51,validation,archived_cycle_ineligible
2997,2002-10-15,10,validation,archived_cycle_ineligible
2998,1990-10-11,10,validation,archived_cycle_ineligible
2998,1990-10-11,51,validation,archived_cycle_ineligible
3000,1988-10-21,10,validation,archived_cycle_ineligible
3000,1988-10-21,31,validation,archived_cycle_ineligible
3000,1988-10-21,51,validation,archived_cycle_ineligible
3009,1985-10-26,31,validation,archived_cycle_ineligible
3009,1985-10-26,51,validation,archived_cycle_ineligible
3009,1987-10-03,10,validation,archived_cycle_ineligible
3009,1987-10-03,31,validation,archived_cycle_ineligible
3009,1987-10-03,51,validation,archived_cycle_ineligible
3025,1986-10-18,10,validation,archived_cycle_ineligible
3025,1996-10-13,10,validation,archived_cycle_ineligible
3025,2006-10-20,10,validation,archived_cycle_ineligible
3025,2006-10-20,51,validation,archived_cycle_ineligible
3025,2006-10-20,85,validation,archived_cycle_ineligible
3025,2010-10-29,51,validation,archived_cycle_ineligible
3025,2010-10-29,85,validation,archived_cycle_ineligible
3038,2012-10-09,10,validation,archived_cycle_ineligible
3038,2012-10-09,31,validation,archived_cycle_ineligible
3038,2012-10-09,51,validation,archived_cycle_ineligible
3047,1996-10-30,10,validation,archived_cycle_ineligible
3067,2004-10-06,10,validation,archived_cycle_ineligible
3067,2004-10-06,31,validation,archived_cycle_ineligible
3067,2004-10-06,51,validation,archived_cycle_ineligible
3067,2004-10-06,85,validation,archived_cycle_ineligible
3082,1992-09-30,10,validation,archived_cycle_ineligible
3083,1993-10-15,10,validation,archived_cycle_ineligible
3083,1993-10-15,31,validation,archived_cycle_ineligible
3083,1993-10-15,51,validation,archived_cycle_ineligible
3083,2013-09-20,51,validation,archived_cycle_ineligible
3097,1986-10-14,10,validation,archived_cycle_ineligible
3097,2005-10-15,10,validation,archived_cycle_ineligible
3097,2005-10-15,31,validation,archived_cycle_ineligible
3097,2005-10-15,51,validation,archived_cycle_ineligible
3097,2005-10-15,85,validation,archived_cycle_ineligible
3103,2006-10-15,10,validation,archived_cycle_ineligible
3103,2006-10-15,31,validation,archived_cycle_ineligible
3103,2006-10-15,51,validation,archived_cycle_ineligible
3121,1990-10-12,10,validation,archived_cycle_ineligible
3121,1990-10-12,31,validation,archived_cycle_ineligible
3133,1998-10-19,10,validation,archived_cycle_ineligible
3133,1998-10-19,51,validation,archived_cycle_ineligible
3133,2002-10-07,10,validation,archived_cycle_ineligible
3133,2002-10-07,51,validation,archived_cycle_ineligible
3133,2013-10-26,10,validation,archived_cycle_ineligible
3133,2013-10-26,31,validation,archived_cycle_ineligible
3133,2013-10-26,51,validation,archived_cycle_ineligible
3158,2003-10-22,10,validation,archived_cycle_ineligible
3167,1989-10-09,10,validation,archived_cycle_ineligible
3167,1992-10-27,10,validation,archived_cycle_ineligible
3167,1994-10-07,10,validation,archived_cycle_ineligible
3167,1994-10-07,31,validation,archived_cycle_ineligible
3170,1988-10-07,10,validation,archived_cycle_ineligible
3170,1991-10-09,10,validation,archived_cycle_ineligible
3170,1991-10-09,31,validation,archived_cycle_ineligible
3170,1991-10-09,51,validation,archived_cycle_ineligible
3170,1998-10-10,10,validation,archived_cycle_ineligible
3170,1998-10-10,31,validation,archived_cycle_ineligible
3170,2006-10-16,10,validation,archived_cycle_ineligible
3170,2006-10-16,51,validation,archived_cycle_ineligible
3170,2009-10-07,31,validation,archived_cycle_ineligible
3170,2009-10-07,51,validation,archived_cycle_ineligible
3170,2009-10-07,85,validation,archived_cycle_ineligible
3175,1987-10-13,10,validation,archived_cycle_ineligible
3185,1998-10-09,10,validation,archived_cycle_ineligible
3185,1998-10-09,31,validation,archived_cycle_ineligible
3185,1998-10-09,51,validation,archived_cycle_ineligible
3207,1989-10-22,10,validation,archived_cycle_ineligible
3207,1989-10-22,31,validation,archived_cycle_ineligible
3207,1989-10-22,51,validation,archived_cycle_ineligible
3207,1992-11-01,31,validation,archived_cycle_ineligible
3207,1992-11-01,51,validation,archived_cycle_ineligible
3207,1994-11-01,10,validation,archived_cycle_ineligible
3207,1994-11-01,31,validation,archived_cycle_ineligible
3207,1994-11-01,51,validation,archived_cycle_ineligible
3222,1986-10-06,10,validation,archived_cycle_ineligible
3222,1986-10-06,31,validation,archived_cycle_ineligible
3222,1986-10-06,51,validation,archived_cycle_ineligible
3238,1990-11-02,10,validation,archived_cycle_ineligible
3257,1985-10-09,10,validation,archived_cycle_ineligible
3257,1985-10-09,31,validation,archived_cycle_ineligible
3257,1985-10-09,51,validation,archived_cycle_ineligible
3299,1985-10-01,10,validation,archived_cycle_ineligible
3299,1985-10-01,31,validation,archived_cycle_ineligible
3299,1985-10-01,51,validation,archived_cycle_ineligible
3332,2008-10-23,10,validation,archived_cycle_ineligible
3336,1993-10-05,10,validation,archived_cycle_ineligible
3336,1993-10-05,31,validation,archived_cycle_ineligible
3336,1993-10-05,51,validation,archived_cycle_ineligible
3337,1990-10-05,51,validation,archived_cycle_ineligible
3339,1994-10-21,10,validation,archived_cycle_ineligible
3339,1999-10-01,10,validation,archived_cycle_ineligible
3349,1987-10-17,10,validation,archived_cycle_ineligible
3349,1987-10-17,51,validation,archived_cycle_ineligible
3349,1990-10-02,10,validation,archived_cycle_ineligible
3349,1997-10-18,10,validation,archived_cycle_ineligible
3351,1989-09-30,10,validation,archived_cycle_ineligible
3351,1989-09-30,51,validation,archived_cycle_ineligible
3356,1992-09-09,10,validation,archived_cycle_ineligible
3396,1986-10-29,10,validation,archived_cycle_ineligible
3396,1986-10-29,31,validation,archived_cycle_ineligible
3396,1986-10-29,51,validation,archived_cycle_ineligible
3396,1996-09-09,10,validation,archived_cycle_ineligible
3396,1996-09-09,31,validation,archived_cycle_ineligible
3396,1996-09-09,51,validation,archived_cycle_ineligible
3396,1999-09-18,10,validation,archived_cycle_ineligible
3396,1999-09-18,31,validation,archived_cycle_ineligible
3396,1999-09-18,51,validation,archived_cycle_ineligible
3417,2006-10-18,10,validation,archived_cycle_ineligible
3439,1994-10-13,10,validation,archived_cycle_ineligible
3461,1986-10-10,10,validation,archived_cycle_ineligible
3461,1986-10-10,31,validation,archived_cycle_ineligible
3461,1986-10-10,51,validation,archived_cycle_ineligible
3469,1997-09-13,10,validation,archived_cycle_ineligible
3469,1997-09-13,31,validation,archived_cycle_ineligible
3469,1997-09-13,51,validation,archived_cycle_ineligible
3469,2010-09-02,10,validation,archived_cycle_ineligible
3469,2010-09-02,31,validation,archived_cycle_ineligible
3469,2010-09-02,51,validation,archived_cycle_ineligible
3469,2010-09-02,85,validation,archived_cycle_ineligible
3492,1988-10-09,10,validation,archived_cycle_ineligible
3492,1990-10-19,10,validation,archived_cycle_ineligible
3492,1990-10-19,51,validation,archived_cycle_ineligible
3492,1994-10-15,10,validation,archived_cycle_ineligible
3492,1994-10-15,31,validation,archived_cycle_ineligible
3492,1994-10-15,51,validation,archived_cycle_ineligible
3492,1996-10-14,10,validation,archived_cycle_ineligible
3492,1996-10-14,31,validation,archived_cycle_ineligible
3492,1996-10-14,51,validation,archived_cycle_ineligible
3494,1990-10-15,10,validation,archived_cycle_ineligible
3494,1990-10-15,31,validation,archived_cycle_ineligible
3494,1990-10-15,51,validation,archived_cycle_ineligible
3494,1996-10-23,10,validation,archived_cycle_ineligible
3494,1996-10-23,31,validation,archived_cycle_ineligible
3494,1996-10-23,51,validation,archived_cycle_ineligible
3494,2006-10-10,10,validation,archived_cycle_ineligible
3494,2006-10-10,31,validation,archived_cycle_ineligible
3494,2006-10-10,51,validation,archived_cycle_ineligible
3494,2006-10-10,85,validation,archived_cycle_ineligible
3537,1990-10-15,10,validation,archived_cycle_ineligible
3537,1990-10-15,31,validation,archived_cycle_ineligible
3537,1990-10-15,51,validation,archived_cycle_ineligible
3538,1989-10-18,10,validation,archived_cycle_ineligible
3538,1989-10-18,51,validation,archived_cycle_ineligible
3538,1995-10-13,10,validation,archived_cycle_ineligible
3538,1995-10-13,31,validation,archived_cycle_ineligible
3538,1995-10-13,51,validation,archived_cycle_ineligible
3539,1990-10-19,10,validation,archived_cycle_ineligible
3540,1985-10-08,10,validation,archived_cycle_ineligible
3540,1985-10-08,31,validation,archived_cycle_ineligible
3540,1985-10-08,51,validation,archived_cycle_ineligible
3540,1992-10-01,10,validation,archived_cycle_ineligible
3540,1992-10-01,31,validation,archived_cycle_ineligible
3540,1992-10-01,51,validation,archived_cycle_ineligible
3540,1996-09-28,10,validation,archived_cycle_ineligible
3540,1996-09-28,31,validation,archived_cycle_ineligible
3540,1996-09-28,51,validation,archived_cycle_ineligible
3540,2004-10-05,10,validation,archived_cycle_ineligible
3544,1991-10-09,10,validation,archived_cycle_ineligible
3569,1988-09-21,10,validation,archived_cycle_ineligible
3575,1986-10-16,10,validation,archived_cycle_ineligible
3575,1986-10-16,31,validation,archived_cycle_ineligible
3575,1986-10-16,51,validation,archived_cycle_ineligible
3606,1989-09-13,10,validation,archived_cycle_ineligible
3606,1989-09-13,31,validation,archived_cycle_ineligible
3606,1994-09-29,10,validation,archived_cycle_ineligible
3606,1994-09-29,31,validation,archived_cycle_ineligible
3606,1999-10-25,10,validation,archived_cycle_ineligible
3606,2002-10-22,10,validation,archived_cycle_ineligible
3606,2002-10-22,31,validation,archived_cycle_ineligible
3606,2002-10-22,51,validation,archived_cycle_ineligible
3610,1988-10-14,10,validation,archived_cycle_ineligible
3610,2008-10-09,10,validation,archived_cycle_ineligible
3610,2008-10-09,51,validation,archived_cycle_ineligible
3610,2008-10-09,85,validation,archived_cycle_ineligible
3631,2008-10-17,10,validation,archived_cycle_ineligible
3632,1993-10-11,10,validation,archived_cycle_ineligible
3632,1993-10-11,51,validation,archived_cycle_ineligible
3642,1991-10-14,10,validation,archived_cycle_ineligible
3642,1991-10-14,31,validation,archived_cycle_ineligible
3642,1991-10-14,51,validation,archived_cycle_ineligible
3651,1991-10-23,10,validation,archived_cycle_ineligible
3651,1996-09-30,10,validation,archived_cycle_ineligible
3651,2000-10-14,10,validation,archived_cycle_ineligible
3661,2006-10-20,10,validation,archived_cycle_ineligible
3661,2006-10-20,31,validation,archived_cycle_ineligible
3661,2006-10-20,51,validation,archived_cycle_ineligible
3663,2004-10-07,10,validation,archived_cycle_ineligible
3663,2004-10-07,31,validation,archived_cycle_ineligible
3663,2004-10-07,51,validation,archived_cycle_ineligible
3663,2004-10-07,85,validation,archived_cycle_ineligible
3669,2006-10-14,10,validation,archived_cycle_ineligible
3685,1989-09-15,10,validation,archived_cycle_ineligible
3694,1994-10-10,10,validation,archived_cycle_ineligible
3694,2000-10-10,10,validation,archived_cycle_ineligible
3721,1987-10-14,10,validation,archived_cycle_ineligible
3721,1991-10-19,10,validation,archived_cycle_ineligible
3759,1990-10-15,10,validation,archived_cycle_ineligible
3773,1996-10-14,10,validation,archived_cycle_ineligible
3781,2013-10-14,10,validation,archived_cycle_ineligible
3781,2013-10-14,31,validation,archived_cycle_ineligible
3781,2013-10-14,51,validation,archived_cycle_ineligible
3781,2013-10-14,85,validation,archived_cycle_ineligible
3783,1993-10-07,10,validation,archived_cycle_ineligible
3783,1993-10-07,31,validation,archived_cycle_ineligible
3783,1993-10-07,51,validation,archived_cycle_ineligible
3792,1992-10-07,10,validation,archived_cycle_ineligible
3793,1991-10-16,10,validation,archived_cycle_ineligible
3793,1991-10-16,31,validation,archived_cycle_ineligible
3793,1991-10-16,51,validation,archived_cycle_ineligible
3797,1995-09-26,10,validation,archived_cycle_ineligible
3797,1997-10-07,10,validation,archived_cycle_ineligible
3797,2000-10-16,10,validation,archived_cycle_ineligible
3797,2000-10-16,31,validation,archived_cycle_ineligible
3797,2000-10-16,51,validation,archived_cycle_ineligible
3800,1985-09-17,10,validation,archived_cycle_ineligible
3800,1985-09-17,31,validation,archived_cycle_ineligible
3800,1985-09-17,51,validation,archived_cycle_ineligible
3800,1991-10-18,10,validation,archived_cycle_ineligible
3800,1991-10-18,31,validation,archived_cycle_ineligible
3800,1991-10-18,51,validation,archived_cycle_ineligible
3803,1985-10-27,31,validation,archived_cycle_ineligible
3803,1985-10-27,51,validation,archived_cycle_ineligible
3803,1989-10-28,10,validation,archived_cycle_ineligible
3803,1989-10-28,51,validation,archived_cycle_ineligible
3808,1995-10-13,10,validation,archived_cycle_ineligible
3808,1995-10-13,31,validation,archived_cycle_ineligible
3808,1995-10-13,51,validation,archived_cycle_ineligible
3808,2003-10-07,10,validation,archived_cycle_ineligible
3808,2003-10-07,31,validation,archived_cycle_ineligible
3808,2003-10-07,51,validation,archived_cycle_ineligible
3827,1996-10-10,10,validation,archived_cycle_ineligible
3827,1996-10-10,31,validation,archived_cycle_ineligible
3827,2001-10-12,10,validation,archived_cycle_ineligible
3827,2001-10-12,51,validation,archived_cycle_ineligible
3839,1997-10-15,10,validation,archived_cycle_ineligible
3841,1997-10-02,10,validation,archived_cycle_ineligible
3865,1987-10-16,10,validation,archived_cycle_ineligible
3865,1987-10-16,31,validation,archived_cycle_ineligible
3865,1987-10-16,51,validation,archived_cycle_ineligible
3869,1985-09-16,10,validation,archived_cycle_ineligible
3869,1985-09-16,31,validation,archived_cycle_ineligible
3869,1985-09-16,51,validation,archived_cycle_ineligible
3869,1990-09-27,10,validation,archived_cycle_ineligible
3869,1990-09-27,31,validation,archived_cycle_ineligible
3869,1990-09-27,51,validation,archived_cycle_ineligible
3871,1992-10-02,10,validation,archived_cycle_ineligible
3871,1992-10-02,31,validation,archived_cycle_ineligible
3871,1992-10-02,51,validation,archived_cycle_ineligible
3884,1985-10-17,10,validation,archived_cycle_ineligible
3884,1985-10-17,31,validation,archived_cycle_ineligible
3884,1985-10-17,51,validation,archived_cycle_ineligible
3890,1986-09-26,10,validation,archived_cycle_ineligible
3890,1998-09-18,10,validation,archived_cycle_ineligible
3890,2008-09-25,10,validation,archived_cycle_ineligible
3893,1997-10-27,10,validation,archived_cycle_ineligible
3893,1997-10-27,31,validation,archived_cycle_ineligible
3893,1997-10-27,51,validation,archived_cycle_ineligible
3895,1993-10-22,10,validation,archived_cycle_ineligible
3895,1993-10-22,31,validation,archived_cycle_ineligible
3895,1993-10-22,51,validation,archived_cycle_ineligible
3916,1987-10-03,10,validation,archived_cycle_ineligible
3917,1995-10-10,10,validation,archived_cycle_ineligible
3917,1995-10-10,31,validation,archived_cycle_ineligible
3917,1995-10-10,51,validation,archived_cycle_ineligible
3920,1986-09-27,10,validation,archived_cycle_ineligible
3927,1994-10-20,10,validation,archived_cycle_ineligible
3927,1994-10-20,31,validation,archived_cycle_ineligible
3927,1994-10-20,51,validation,archived_cycle_ineligible
3927,2010-10-07,10,validation,archived_cycle_ineligible
3927,2010-10-07,31,validation,archived_cycle_ineligible
3927,2010-10-07,51,validation,archived_cycle_ineligible
3927,2010-10-07,85,validation,archived_cycle_ineligible
3927,2012-09-27,10,validation,archived_cycle_ineligible
3927,2012-09-27,31,validation,archived_cycle_ineligible
3927,2012-09-27,51,validation,archived_cycle_ineligible
3927,2012-09-27,85,validation,archived_cycle_ineligible
3931,1987-10-17,10,validation,archived_cycle_ineligible
3936,1985-10-21,31,validation,archived_cycle_ineligible
3936,1985-10-21,51,validation,archived_cycle_ineligible
3936,1988-10-21,31,validation,archived_cycle_ineligible
3936,1988-10-21,51,validation,archived_cycle_ineligible
3936,1992-10-15,10,validation,archived_cycle_ineligible
3936,1994-10-17,10,validation,archived_cycle_ineligible
3936,1996-10-20,10,validation,archived_cycle_ineligible
3936,1999-10-25,10,validation,archived_cycle_ineligible
3947,1988-10-19,10,validation,archived_cycle_ineligible
3947,1988-10-19,31,validation,archived_cycle_ineligible
3947,1988-10-19,51,validation,archived_cycle_ineligible
3947,1990-10-15,10,validation,archived_cycle_ineligible
3947,1990-10-15,31,validation,archived_cycle_ineligible
3947,1990-10-15,51,validation,archived_cycle_ineligible
3947,1995-09-18,10,validation,archived_cycle_ineligible
3947,1997-10-08,10,validation,archived_cycle_ineligible
3947,2004-10-12,10,validation,archived_cycle_ineligible
3947,2004-10-12,31,validation,archived_cycle_ineligible
3947,2006-10-15,10,validation,archived_cycle_ineligible
3947,2006-10-15,85,validation,archived_cycle_ineligible
3947,2008-09-28,10,validation,archived_cycle_ineligible
3947,2008-09-28,51,validation,archived_cycle_ineligible
3947,2008-09-28,85,validation,archived_cycle_ineligible
3947,2013-10-18,10,validation,archived_cycle_ineligible
3947,2013-10-18,85,validation,archived_cycle_ineligible
3959,2012-10-01,10,validation,archived_cycle_ineligible
3959,2012-10-01,31,validation,archived_cycle_ineligible
3959,2012-10-01,51,validation,archived_cycle_ineligible
3959,2012-10-01,85,validation,archived_cycle_ineligible
3965,1988-09-26,10,validation,archived_cycle_ineligible
3978,1993-10-28,31,validation,archived_cycle_ineligible
3978,1993-10-28,51,validation,archived_cycle_ineligible
3982,1989-10-02,10,validation,archived_cycle_ineligible
3982,1989-10-02,31,validation,archived_cycle_ineligible
3982,1989-10-02,51,validation,archived_cycle_ineligible
3982,1991-09-18,10,validation,archived_cycle_ineligible
3982,2007-09-28,10,validation,archived_cycle_ineligible
3992,1985-10-19,10,validation,archived_cycle_ineligible
3992,1985-10-19,31,validation,archived_cycle_ineligible
3992,1985-10-19,51,validation,archived_cycle_ineligible
3993,1987-09-08,10,validation,archived_cycle_ineligible
3993,1987-09-08,31,validation,archived_cycle_ineligible
3993,1987-09-08,51,validation,archived_cycle_ineligible
3993,1996-09-18,10,validation,archived_cycle_ineligible
3993,1996-09-18,31,validation,archived_cycle_ineligible
4009,1988-09-19,10,validation,archived_cycle_ineligible
4009,1988-09-19,31,validation,archived_cycle_ineligible
4009,1988-09-19,51,validation,archived_cycle_ineligible
4022,2002-09-22,10,validation,archived_cycle_ineligible
4022,2008-10-04,10,validation,archived_cycle_ineligible
4040,1986-10-04,10,validation,archived_cycle_ineligible
4040,1986-10-04,31,validation,archived_cycle_ineligible
4040,1986-10-04,51,validation,archived_cycle_ineligible
4040,1988-10-04,10,validation,archived_cycle_ineligible
4040,1988-10-04,31,validation,archived_cycle_ineligible
4040,1988-10-04,51,validation,archived_cycle_ineligible
4040,1992-10-01,10,validation,archived_cycle_ineligible
4040,1992-10-01,31,validation,archived_cycle_ineligible
4040,1992-10-01,51,validation,archived_cycle_ineligible
4055,1997-10-18,31,validation,archived_cycle_ineligible
4055,1997-10-18,51,validation,archived_cycle_ineligible
4071,1989-10-20,10,validation,archived_cycle_ineligible
4071,1989-10-20,31,validation,archived_cycle_ineligible
4071,1989-10-20,51,validation,archived_cycle_ineligible
4071,1992-10-11,10,validation,archived_cycle_ineligible
4071,1992-10-11,31,validation,archived_cycle_ineligible
4071,1992-10-11,51,validation,archived_cycle_ineligible
4089,1994-09-14,10,validation,archived_cycle_ineligible
4089,1994-09-14,31,validation,archived_cycle_ineligible
4089,1994-09-14,51,validation,archived_cycle_ineligible
4115,1985-10-15,10,validation,archived_cycle_ineligible
4115,1985-10-15,31,validation,archived_cycle_ineligible
4115,1985-10-15,51,validation,archived_cycle_ineligible
4125,1988-10-03,10,validation,archived_cycle_ineligible
4125,1988-10-03,31,validation,archived_cycle_ineligible
4125,1988-10-03,51,validation,archived_cycle_ineligible
4125,1990-10-21,10,validation,archived_cycle_ineligible
4125,1990-10-21,31,validation,archived_cycle_ineligible
4125,1997-10-18,10,validation,archived_cycle_ineligible
4125,2001-10-17,10,validation,archived_cycle_ineligible
4125,2009-10-21,10,validation,archived_cycle_ineligible
4128,1999-10-18,31,validation,archived_cycle_ineligible
4128,1999-10-18,51,validation,archived_cycle_ineligible
4132,1990-10-05,10,validation,archived_cycle_ineligible
4132,1996-09-25,10,validation,archived_cycle_ineligible
4132,2000-10-01,10,validation,archived_cycle_ineligible
4132,2000-10-01,31,validation,archived_cycle_ineligible
4132,2000-10-01,51,validation,archived_cycle_ineligible
4132,2002-10-12,10,validation,archived_cycle_ineligible
4132,2002-10-12,31,validation,archived_cycle_ineligible
4132,2002-10-12,51,validation,archived_cycle_ineligible
4132,2004-10-04,10,validation,archived_cycle_ineligible
4132,2004-10-04,31,validation,archived_cycle_ineligible
4132,2004-10-04,51,validation,archived_cycle_ineligible
4132,2004-10-04,85,validation,archived_cycle_ineligible
4145,1986-09-27,10,validation,archived_cycle_ineligible
4145,1986-09-27,31,validation,archived_cycle_ineligible
4145,1986-09-27,51,validation,archived_cycle_ineligible
4156,2013-09-29,10,validation,archived_cycle_ineligible
4157,1985-10-21,10,validation,archived_cycle_ineligible
4157,1987-10-30,10,validation,archived_cycle_ineligible
4180,1993-10-16,10,validation,archived_cycle_ineligible
4180,1993-10-16,31,validation,archived_cycle_ineligible
4180,1993-10-16,51,validation,archived_cycle_ineligible
4188,1986-10-10,10,validation,archived_cycle_ineligible
4190,1997-10-07,10,validation,archived_cycle_ineligible
4190,1997-10-07,31,validation,archived_cycle_ineligible
4190,1997-10-07,51,validation,archived_cycle_ineligible
4216,2007-11-05,51,validation,archived_cycle_ineligible
4216,2007-11-05,85,validation,archived_cycle_ineligible
4216,2009-10-21,10,validation,archived_cycle_ineligible
4216,2009-10-21,31,validation,archived_cycle_ineligible
4216,2009-10-21,51,validation,archived_cycle_ineligible
4216,2009-10-21,85,validation,archived_cycle_ineligible
4230,1996-09-27,10,validation,archived_cycle_ineligible
4230,1998-10-22,10,validation,archived_cycle_ineligible
4230,2010-09-21,10,validation,archived_cycle_ineligible
4230,2010-09-21,31,validation,archived_cycle_ineligible
4230,2010-09-21,51,validation,archived_cycle_ineligible
4230,2010-09-21,85,validation,archived_cycle_ineligible
4240,1985-11-08,10,validation,archived_cycle_ineligible
4240,2003-10-11,10,validation,archived_cycle_ineligible
4240,2003-10-11,31,validation,archived_cycle_ineligible
4240,2003-10-11,51,validation,archived_cycle_ineligible
4251,1988-10-06,10,validation,archived_cycle_ineligible
4254,1987-10-11,10,validation,archived_cycle_ineligible
4254,1992-10-05,10,validation,archived_cycle_ineligible
4254,1999-10-06,10,validation,archived_cycle_ineligible
4254,2004-10-05,10,validation,archived_cycle_ineligible
4256,1998-10-05,10,validation,archived_cycle_ineligible
4256,1998-10-05,31,validation,archived_cycle_ineligible
4256,1998-10-05,51,validation,archived_cycle_ineligible
4257,1987-11-05,10,validation,archived_cycle_ineligible
4260,2010-10-14,10,validation,archived_cycle_ineligible
4283,1997-10-17,10,validation,archived_cycle_ineligible
4283,1997-10-17,31,validation,archived_cycle_ineligible
4283,1997-10-17,51,validation,archived_cycle_ineligible
4283,2012-10-07,10,validation,archived_cycle_ineligible
4283,2012-10-07,31,validation,archived_cycle_ineligible
4283,2012-10-07,51,validation,archived_cycle_ineligible
4284,1989-11-28,31,validation,archived_cycle_ineligible
4284,1989-11-28,51,validation,archived_cycle_ineligible
4285,2006-09-20,10,validation,archived_cycle_ineligible
4285,2006-09-20,31,validation,archived_cycle_ineligible
4285,2006-09-20,51,validation,archived_cycle_ineligible
4285,2006-09-20,85,validation,archived_cycle_ineligible
4285,2011-10-23,10,validation,archived_cycle_ineligible
4285,2011-10-23,85,validation,archived_cycle_ineligible
4287,1992-10-19,10,validation,archived_cycle_ineligible
4287,1992-10-19,31,validation,archived_cycle_ineligible
4287,1992-10-19,51,validation,archived_cycle_ineligible
4317,1986-10-02,10,validation,archived_cycle_ineligible
4317,1986-10-02,31,validation,archived_cycle_ineligible
4317,1986-10-02,51,validation,archived_cycle_ineligible
4317,2000-09-29,10,validation,archived_cycle_ineligible
4317,2000-09-29,31,validation,archived_cycle_ineligible
4317,2000-09-29,51,validation,archived_cycle_ineligible
4332,1987-10-05,51,validation,archived_cycle_ineligible
4333,1988-09-14,10,validation,archived_cycle_ineligible
4333,1988-09-14,31,validation,archived_cycle_ineligible
4333,1988-09-14,51,validation,archived_cycle_ineligible
4362,1988-10-17,10,validation,archived_cycle_ineligible
4362,1988-10-17,31,validation,archived_cycle_ineligible
4362,1988-10-17,51,validation,archived_cycle_ineligible
4373,2003-09-18,10,validation,archived_cycle_ineligible
4373,2003-09-18,31,validation,archived_cycle_ineligible
4373,2003-09-18,51,validation,archived_cycle_ineligible
4399,1986-10-03,10,validation,archived_cycle_ineligible
4399,1986-10-03,31,validation,archived_cycle_ineligible
4399,1986-10-03,51,validation,archived_cycle_ineligible
4407,1985-11-12,10,validation,archived_cycle_ineligible
4420,1985-10-04,31,validation,archived_cycle_ineligible
4420,1985-10-04,51,validation,archived_cycle_ineligible
4420,1989-09-07,10,validation,archived_cycle_ineligible
4420,1989-09-07,31,validation,archived_cycle_ineligible
4420,1989-09-07,51,validation,archived_cycle_ineligible
4420,2013-10-18,31,validation,archived_cycle_ineligible
4420,2013-10-18,51,validation,archived_cycle_ineligible
4428,1986-11-06,31,validation,archived_cycle_ineligible
4428,1986-11-06,51,validation,archived_cycle_ineligible
4444,2006-10-16,10,validation,archived_cycle_ineligible
4453,1995-10-10,10,validation,archived_cycle_ineligible
4469,1998-10-06,10,validation,archived_cycle_ineligible
4469,1998-10-06,31,validation,archived_cycle_ineligible
4469,1998-10-06,51,validation,archived_cycle_ineligible
4469,2002-10-10,10,validation,archived_cycle_ineligible
4469,2008-10-10,10,validation,archived_cycle_ineligible
4469,2011-10-14,10,validation,archived_cycle_ineligible
4477,1985-10-14,10,validation,archived_cycle_ineligible
4477,1985-10-14,31,validation,archived_cycle_ineligible
4477,1985-10-14,51,validation,archived_cycle_ineligible
4477,1987-10-08,31,validation,archived_cycle_ineligible
4477,2009-10-04,10,validation,archived_cycle_ineligible
4477,2009-10-04,31,validation,archived_cycle_ineligible
4477,2009-10-04,51,validation,archived_cycle_ineligible
4477,2009-10-04,85,validation,archived_cycle_ineligible
4501,1987-09-25,10,validation,archived_cycle_ineligible
4501,1987-09-25,31,validation,archived_cycle_ineligible
4501,1987-09-25,51,validation,archived_cycle_ineligible
4549,1990-10-10,10,validation,archived_cycle_ineligible
4549,1990-10-10,31,validation,archived_cycle_ineligible
4549,1990-10-10,51,validation,archived_cycle_ineligible
4569,1987-10-13,10,validation,archived_cycle_ineligible
4569,1987-10-13,31,validation,archived_cycle_ineligible
4569,1987-10-13,51,validation,archived_cycle_ineligible
4569,1991-10-10,10,validation,archived_cycle_ineligible
4569,1991-10-10,31,validation,archived_cycle_ineligible
4569,1991-10-10,51,validation,archived_cycle_ineligible
4600,1985-10-02,10,validation,archived_cycle_ineligible
4600,1985-10-02,31,validation,archived_cycle_ineligible
4600,1985-10-02,51,validation,archived_cycle_ineligible
4611,1999-09-24,10,validation,archived_cycle_ineligible
4611,2002-09-24,10,validation,archived_cycle_ineligible
4613,1998-10-08,10,validation,archived_cycle_ineligible
4613,1998-10-08,51,validation,archived_cycle_ineligible
4613,2000-10-05,10,validation,archived_cycle_ineligible
4613,2000-10-05,31,validation,archived_cycle_ineligible
4613,2005-09-26,10,validation,archived_cycle_ineligible
4613,2005-09-26,51,validation,archived_cycle_ineligible
4629,1988-09-27,10,validation,archived_cycle_ineligible
4629,1988-09-27,51,validation,archived_cycle_ineligible
4629,1992-10-04,10,validation,archived_cycle_ineligible
4629,1992-10-04,51,validation,archived_cycle_ineligible
4631,1986-10-03,10,validation,archived_cycle_ineligible
4651,1991-11-16,10,validation,archived_cycle_ineligible
4651,1997-10-01,10,validation,archived_cycle_ineligible
4651,1997-10-01,31,validation,archived_cycle_ineligible
4651,1997-10-01,51,validation,archived_cycle_ineligible
4651,1999-10-06,10,validation,archived_cycle_ineligible
4651,2002-10-17,10,validation,archived_cycle_ineligible
4651,2008-10-21,10,validation,archived_cycle_ineligible
4651,2011-10-16,10,validation,archived_cycle_ineligible
4651,2011-10-16,85,validation,archived_cycle_ineligible
4664,2005-09-05,10,validation,archived_cycle_ineligible
4664,2005-09-05,31,validation,archived_cycle_ineligible
4664,2005-09-05,51,validation,archived_cycle_ineligible
4664,2005-09-05,85,validation,archived_cycle_ineligible
4664,2011-09-16,10,validation,archived_cycle_ineligible
4664,2011-09-16,85,validation,archived_cycle_ineligible
4697,1993-10-01,10,validation,archived_cycle_ineligible
4697,1993-10-01,31,validation,archived_cycle_ineligible
4697,1993-10-01,51,validation,archived_cycle_ineligible
4697,2010-09-23,10,validation,archived_cycle_ineligible
4697,2010-09-23,85,validation,archived_cycle_ineligible
4706,1994-10-17,10,validation,archived_cycle_ineligible
4706,1994-10-17,31,validation,archived_cycle_ineligible
4706,1994-10-17,51,validation,archived_cycle_ineligible
4719,1998-10-10,10,validation,archived_cycle_ineligible
4719,1998-10-10,31,validation,archived_cycle_ineligible
4719,1998-10-10,51,validation,archived_cycle_ineligible
4759,1996-10-29,10,validation,archived_cycle_ineligible
4759,1996-10-29,31,validation,archived_cycle_ineligible
4759,1996-10-29,51,validation,archived_cycle_ineligible
4776,1992-10-20,10,validation,archived_cycle_ineligible
4776,1992-10-20,31,validation,archived_cycle_ineligible
4776,1992-10-20,51,validation,archived_cycle_ineligible
4808,1994-10-08,10,validation,archived_cycle_ineligible
4808,1994-10-08,31,validation,archived_cycle_ineligible
4808,1994-10-08,51,validation,archived_cycle_ineligible
4848,1996-10-03,10,validation,archived_cycle_ineligible
4848,1996-10-03,31,validation,archived_cycle_ineligible
4848,1996-10-03,51,validation,archived_cycle_ineligible
4848,1998-09-26,10,validation,archived_cycle_ineligible
4848,1998-09-26,31,validation,archived_cycle_ineligible
4848,1998-09-26,51,validation,archived_cycle_ineligible
4866,2006-10-14,10,validation,archived_cycle_ineligible
4883,1993-10-19,10,validation,archived_cycle_ineligible
4883,1993-10-19,51,validation,archived_cycle_ineligible
4897,1993-10-17,10,validation,archived_cycle_ineligible
4897,1998-10-17,10,validation,archived_cycle_ineligible
4948,1994-10-11,10,validation,archived_cycle_ineligible
4948,1994-10-11,31,validation,archived_cycle_ineligible
4948,1994-10-11,51,validation,archived_cycle_ineligible
4958,1992-10-11,10,validation,archived_cycle_ineligible
4958,1992-10-11,31,validation,archived_cycle_ineligible
4958,1992-10-11,51,validation,archived_cycle_ineligible
4958,2006-09-12,10,validation,archived_cycle_ineligible
4958,2006-09-12,31,validation,archived_cycle_ineligible
4987,1995-11-01,10,validation,archived_cycle_ineligible
4987,1995-11-01,31,validation,archived_cycle_ineligible
4987,1995-11-01,51,validation,archived_cycle_ineligible
5009,2006-09-20,10,validation,archived_cycle_ineligible
5009,2006-09-20,31,validation,archived_cycle_ineligible
5009,2006-09-20,51,validation,archived_cycle_ineligible
5009,2006-09-20,85,validation,archived_cycle_ineligible
5046,2007-09-10,10,validation,archived_cycle_ineligible
5046,2007-09-10,31,validation,archived_cycle_ineligible
5046,2007-09-10,51,validation,archived_cycle_ineligible
5046,2007-09-10,85,validation,archived_cycle_ineligible
5078,2003-09-16,10,validation,archived_cycle_ineligible
5078,2003-09-16,31,validation,archived_cycle_ineligible
5078,2003-09-16,51,validation,archived_cycle_ineligible
5078,2006-09-22,10,validation,archived_cycle_ineligible
5101,2000-09-28,10,validation,archived_cycle_ineligible
5101,2000-09-28,31,validation,archived_cycle_ineligible
5101,2000-09-28,51,validation,archived_cycle_ineligible
5128,2005-09-15,10,validation,archived_cycle_ineligible
5128,2005-09-15,31,validation,archived_cycle_ineligible
5128,2005-09-15,51,validation,archived_cycle_ineligible
5128,2005-09-15,85,validation,archived_cycle_ineligible
5131,2000-09-15,10,validation,archived_cycle_ineligible
5159,2001-09-24,10,validation,archived_cycle_ineligible
5159,2001-09-24,31,validation,archived_cycle_ineligible
5159,2001-09-24,51,validation,archived_cycle_ineligible
5159,2008-09-30,10,validation,archived_cycle_ineligible
5159,2008-09-30,31,validation,archived_cycle_ineligible
5163,1995-10-05,10,validation,archived_cycle_ineligible
5194,2003-09-26,10,validation,archived_cycle_ineligible
5194,2003-09-26,51,validation,archived_cycle_ineligible
5194,2007-09-13,10,validation,archived_cycle_ineligible
5194,2007-09-13,51,validation,archived_cycle_ineligible
5194,2007-09-13,85,validation,archived_cycle_ineligible
5194,2010-09-08,10,validation,archived_cycle_ineligible
5194,2010-09-08,51,validation,archived_cycle_ineligible
5213,2000-09-09,10,validation,archived_cycle_ineligible
5213,2000-09-09,31,validation,archived_cycle_ineligible
5213,2000-09-09,51,validation,archived_cycle_ineligible
5244,2010-10-14,10,validation,archived_cycle_ineligible
5244,2010-10-14,31,validation,archived_cycle_ineligible
5244,2010-10-14,51,validation,archived_cycle_ineligible
5244,2010-10-14,85,validation,archived_cycle_ineligible
5250,1992-09-30,10,validation,archived_cycle_ineligible
5250,1992-09-30,31,validation,archived_cycle_ineligible
5250,1992-09-30,51,validation,archived_cycle_ineligible
5250,2002-09-12,10,validation,archived_cycle_ineligible
5250,2002-09-12,31,validation,archived_cycle_ineligible
5250,2002-09-12,51,validation,archived_cycle_ineligible
5256,1997-10-02,10,validation,archived_cycle_ineligible
5256,1997-10-02,31,validation,archived_cycle_ineligible
5256,1997-10-02,51,validation,archived_cycle_ineligible
5296,2011-09-12,10,validation,archived_cycle_ineligible
5307,2011-09-14,10,validation,archived_cycle_ineligible
5307,2011-09-14,85,validation,archived_cycle_ineligible
5321,1992-09-28,10,validation,archived_cycle_ineligible
5321,1992-09-28,31,validation,archived_cycle_ineligible
5321,1992-09-28,51,validation,archived_cycle_ineligible
5321,1994-09-29,10,validation,archived_cycle_ineligible
5321,1994-09-29,31,validation,archived_cycle_ineligible
5321,1994-09-29,51,validation,archived_cycle_ineligible
5321,2001-10-14,10,validation,archived_cycle_ineligible
5321,2001-10-14,31,validation,archived_cycle_ineligible
5321,2001-10-14,51,validation,archived_cycle_ineligible
5321,2007-09-07,10,validation,archived_cycle_ineligible
5321,2007-09-07,31,validation,archived_cycle_ineligible
5321,2007-09-07,51,validation,archived_cycle_ineligible
5321,2007-09-07,85,validation,archived_cycle_ineligible
5333,2010-10-12,10,validation,archived_cycle_ineligible
5333,2010-10-12,51,validation,archived_cycle_ineligible
5333,2010-10-12,85,validation,archived_cycle_ineligible
5341,1992-10-07,10,validation,archived_cycle_ineligible
5364,1995-10-20,10,validation,archived_cycle_ineligible
5364,1999-10-06,10,validation,archived_cycle_ineligible
5364,2001-10-18,10,validation,archived_cycle_ineligible
5364,2001-10-18,31,validation,archived_cycle_ineligible
5364,2001-10-18,51,validation,archived_cycle_ineligible
5364,2006-10-13,10,validation,archived_cycle_ineligible
5364,2006-10-13,31,validation,archived_cycle_ineligible
5364,2006-10-13,51,validation,archived_cycle_ineligible
5364,2006-10-13,85,validation,archived_cycle_ineligible
5364,2013-10-25,10,validation,archived_cycle_ineligible
5364,2013-10-25,31,validation,archived_cycle_ineligible
5364,2013-10-25,51,validation,archived_cycle_ineligible
5364,2013-10-25,85,validation,archived_cycle_ineligible
5377,1995-10-10,10,validation,archived_cycle_ineligible
5377,1997-10-14,10,validation,archived_cycle_ineligible
5422,1993-09-20,10,validation,archived_cycle_ineligible
5427,2008-09-27,10,validation,archived_cycle_ineligible
5450,1993-09-26,10,validation,archived_cycle_ineligible
5461,1995-10-21,10,validation,archived_cycle_ineligible
5461,1995-10-21,31,validation,archived_cycle_ineligible
5461,1995-10-21,51,validation,archived_cycle_ineligible
5461,1998-10-17,10,validation,archived_cycle_ineligible
5461,2003-10-20,10,validation,archived_cycle_ineligible
5461,2003-10-20,51,validation,archived_cycle_ineligible
5461,2006-10-14,10,validation,archived_cycle_ineligible
5461,2006-10-14,31,validation,archived_cycle_ineligible
5461,2006-10-14,51,validation,archived_cycle_ineligible
5461,2006-10-14,85,validation,archived_cycle_ineligible
5508,1993-10-06,10,validation,archived_cycle_ineligible
5508,1995-10-12,10,validation,archived_cycle_ineligible
5520,1992-10-15,10,validation,archived_cycle_ineligible
5520,1992-10-15,31,validation,archived_cycle_ineligible
5520,1992-10-15,51,validation,archived_cycle_ineligible
5520,1995-10-19,10,validation,archived_cycle_ineligible
5520,1995-10-19,31,validation,archived_cycle_ineligible
5520,1995-10-19,51,validation,archived_cycle_ineligible
5520,1997-10-17,10,validation,archived_cycle_ineligible
5520,1997-10-17,31,validation,archived_cycle_ineligible
5520,1997-10-17,51,validation,archived_cycle_ineligible
5520,2000-10-04,10,validation,archived_cycle_ineligible
5520,2000-10-04,31,validation,archived_cycle_ineligible
5520,2000-10-04,51,validation,archived_cycle_ineligible
5520,2002-10-10,10,validation,archived_cycle_ineligible
5520,2002-10-10,31,validation,archived_cycle_ineligible
5520,2002-10-10,51,validation,archived_cycle_ineligible
5520,2004-10-20,10,validation,archived_cycle_ineligible
5520,2004-10-20,31,validation,archived_cycle_ineligible
5520,2004-10-20,51,validation,archived_cycle_ineligible
5520,2004-10-20,85,validation,archived_cycle_ineligible
5610,1997-10-10,10,validation,archived_cycle_ineligible
5610,1997-10-10,31,validation,archived_cycle_ineligible
5610,1997-10-10,51,validation,archived_cycle_ineligible
5610,1999-10-18,10,validation,archived_cycle_ineligible
5610,1999-10-18,31,validation,archived_cycle_ineligible
5610,1999-10-18,51,validation,archived_cycle_ineligible
5639,1996-09-30,10,validation,archived_cycle_ineligible
5662,2004-10-20,31,validation,archived_cycle_ineligible
5662,2004-10-20,51,validation,archived_cycle_ineligible
5662,2004-10-20,85,validation,archived_cycle_ineligible
5662,2011-09-26,10,validation,archived_cycle_ineligible
5662,2011-09-26,85,validation,archived_cycle_ineligible
5687,2005-10-04,10,validation,archived_cycle_ineligible
5687,2005-10-04,51,validation,archived_cycle_ineligible
5687,2005-10-04,85,validation,archived_cycle_ineligible
5687,2008-09-29,10,validation,archived_cycle_ineligible
5720,1992-11-08,31,validation,archived_cycle_ineligible
5720,1992-11-08,51,validation,archived_cycle_ineligible
5720,1995-11-01,10,validation,archived_cycle_ineligible
5720,1995-11-01,51,validation,archived_cycle_ineligible
5720,2010-10-13,10,validation,archived_cycle_ineligible
5720,2010-10-13,31,validation,archived_cycle_ineligible
5720,2010-10-13,51,validation,archived_cycle_ineligible
5720,2010-10-13,85,validation,archived_cycle_ineligible
5725,1998-09-26,10,validation,archived_cycle_ineligible
5725,1998-09-26,31,validation,archived_cycle_ineligible
5725,1998-09-26,51,validation,archived_cycle_ineligible
5725,2003-09-20,10,validation,archived_cycle_ineligible
5725,2003-09-20,31,validation,archived_cycle_ineligible
5725,2003-09-20,51,validation,archived_cycle_ineligible
5725,2005-09-15,10,validation,archived_cycle_ineligible
5725,2005-09-15,31,validation,archived_cycle_ineligible
5725,2005-09-15,51,validation,archived_cycle_ineligible
5725,2008-09-29,10,validation,archived_cycle_ineligible
5725,2008-09-29,31,validation,archived_cycle_ineligible
5725,2008-09-29,51,validation,archived_cycle_ineligible
5725,2010-09-24,10,validation,archived_cycle_ineligible
5725,2010-09-24,31,validation,archived_cycle_ineligible
5725,2010-09-24,51,validation,archived_cycle_ineligible
5790,1997-10-16,10,validation,archived_cycle_ineligible
5790,1997-10-16,31,validation,archived_cycle_ineligible
5790,1997-10-16,51,validation,archived_cycle_ineligible
5790,2000-10-09,10,validation,archived_cycle_ineligible
5790,2004-10-08,10,validation,archived_cycle_ineligible
5808,2009-09-28,10,validation,archived_cycle_ineligible
5808,2009-09-28,31,validation,archived_cycle_ineligible
5808,2009-09-28,51,validation,archived_cycle_ineligible
5808,2009-09-28,85,validation,archived_cycle_ineligible
5880,1994-10-20,10,validation,archived_cycle_ineligible
5888,2001-10-09,10,validation,archived_cycle_ineligible
5921,1994-10-27,10,validation,archived_cycle_ineligible
5921,1994-10-27,31,validation,archived_cycle_ineligible
5921,1994-10-27,51,validation,archived_cycle_ineligible
5940,1993-10-17,10,validation,archived_cycle_ineligible
5940,1993-10-17,31,validation,archived_cycle_ineligible
5940,1993-10-17,51,validation,archived_cycle_ineligible
5977,1994-10-13,10,validation,archived_cycle_ineligible
5977,1994-10-13,31,validation,archived_cycle_ineligible
5977,1994-10-13,51,validation,archived_cycle_ineligible
5977,1997-10-18,10,validation,archived_cycle_ineligible
5977,1997-10-18,31,validation,archived_cycle_ineligible
5977,1997-10-18,51,validation,archived_cycle_ineligible
6020,1992-10-05,10,validation,archived_cycle_ineligible
6020,1992-10-05,51,validation,archived_cycle_ineligible
6020,1996-09-29,10,validation,archived_cycle_ineligible
6020,1996-09-29,51,validation,archived_cycle_ineligible
6020,2006-09-26,10,validation,archived_cycle_ineligible
6020,2006-09-26,51,validation,archived_cycle_ineligible
6020,2006-09-26,85,validation,archived_cycle_ineligible
6033,1998-10-10,10,validation,archived_cycle_ineligible
6033,1998-10-10,31,validation,archived_cycle_ineligible
6033,1998-10-10,51,validation,archived_cycle_ineligible
6033,2000-10-17,10,validation,archived_cycle_ineligible
6033,2000-10-17,31,validation,archived_cycle_ineligible
6033,2000-10-17,51,validation,archived_cycle_ineligible
6056,1994-10-02,10,validation,archived_cycle_ineligible
6056,1994-10-02,31,validation,archived_cycle_ineligible
6056,1994-10-02,51,validation,archived_cycle_ineligible
6072,1992-10-09,10,validation,archived_cycle_ineligible
6072,2000-10-16,10,validation,archived_cycle_ineligible
6072,2000-10-16,31,validation,archived_cycle_ineligible
6072,2000-10-16,51,validation,archived_cycle_ineligible
6073,1993-10-08,10,validation,archived_cycle_ineligible
6073,1993-10-08,31,validation,archived_cycle_ineligible
6073,1993-10-08,51,validation,archived_cycle_ineligible
6076,2003-09-18,10,validation,archived_cycle_ineligible
6120,2001-11-06,10,validation,archived_cycle_ineligible
6120,2001-11-06,31,validation,archived_cycle_ineligible
6120,2001-11-06,51,validation,archived_cycle_ineligible
6120,2005-10-14,10,validation,archived_cycle_ineligible
6120,2005-10-14,31,validation,archived_cycle_ineligible
6120,2005-10-14,51,validation,archived_cycle_ineligible
6120,2005-10-14,85,validation,archived_cycle_ineligible
6128,2008-10-09,10,validation,archived_cycle_ineligible
6128,2008-10-09,31,validation,archived_cycle_ineligible
6128,2012-10-07,10,validation,archived_cycle_ineligible
6139,1993-10-21,51,validation,archived_cycle_ineligible
6139,1997-09-11,10,validation,archived_cycle_ineligible
6139,1997-09-11,51,validation,archived_cycle_ineligible
6139,2004-09-22,10,validation,archived_cycle_ineligible
6139,2004-09-22,51,validation,archived_cycle_ineligible
6139,2004-09-22,85,validation,archived_cycle_ineligible
6179,1993-10-06,10,validation,archived_cycle_ineligible
6179,1993-10-06,31,validation,archived_cycle_ineligible
6179,1993-10-06,51,validation,archived_cycle_ineligible
6179,1995-10-05,31,validation,archived_cycle_ineligible
6179,1995-10-05,51,validation,archived_cycle_ineligible
6185,2008-10-14,10,validation,archived_cycle_ineligible
6185,2011-09-10,10,validation,archived_cycle_ineligible
6185,2011-09-10,85,validation,archived_cycle_ineligible
6222,1999-09-25,10,validation,archived_cycle_ineligible
6246,1992-11-07,10,validation,archived_cycle_ineligible
6248,1996-11-02,10,validation,archived_cycle_ineligible
6252,1996-10-11,10,validation,archived_cycle_ineligible
6257,1992-10-09,10,validation,archived_cycle_ineligible
6257,1992-10-09,51,validation,archived_cycle_ineligible
6257,1999-10-04,31,validation,archived_cycle_ineligible
6257,1999-10-04,51,validation,archived_cycle_ineligible
6257,2007-09-21,51,validation,archived_cycle_ineligible
6257,2007-09-21,85,validation,archived_cycle_ineligible
6257,2009-09-23,51,validation,archived_cycle_ineligible
6257,2009-09-23,85,validation,archived_cycle_ineligible
6257,2011-09-21,85,validation,archived_cycle_ineligible
6296,2010-10-09,10,validation,archived_cycle_ineligible
6296,2010-10-09,31,validation,archived_cycle_ineligible
6296,2010-10-09,51,validation,archived_cycle_ineligible
6296,2010-10-09,85,validation,archived_cycle_ineligible
6314,1997-10-18,10,validation,archived_cycle_ineligible
6347,1992-10-19,10,validation,archived_cycle_ineligible
6347,1992-10-19,31,validation,archived_cycle_ineligible
6347,1992-10-19,51,validation,archived_cycle_ineligible
6358,2005-10-05,10,validation,archived_cycle_ineligible
6358,2005-10-05,31,validation,archived_cycle_ineligible
6358,2005-10-05,51,validation,archived_cycle_ineligible
6358,2005-10-05,85,validation,archived_cycle_ineligible
6381,2003-09-29,10,validation,archived_cycle_ineligible
6381,2003-09-29,31,validation,archived_cycle_ineligible
6381,2003-09-29,51,validation,archived_cycle_ineligible
6381,2009-10-26,10,validation,archived_cycle_ineligible
6381,2009-10-26,31,validation,archived_cycle_ineligible
6381,2009-10-26,51,validation,archived_cycle_ineligible
6381,2009-10-26,85,validation,archived_cycle_ineligible
6381,2013-10-26,10,validation,archived_cycle_ineligible
6381,2013-10-26,31,validation,archived_cycle_ineligible
6381,2013-10-26,51,validation,archived_cycle_ineligible
6381,2013-10-26,85,validation,archived_cycle_ineligible
6399,1995-10-10,10,validation,archived_cycle_ineligible
6399,1995-10-10,31,validation,archived_cycle_ineligible
6434,1993-09-30,10,validation,archived_cycle_ineligible
6434,1993-09-30,31,validation,archived_cycle_ineligible
6434,1993-09-30,51,validation,archived_cycle_ineligible
6434,1997-10-17,10,validation,archived_cycle_ineligible
6434,1997-10-17,31,validation,archived_cycle_ineligible
6434,1997-10-17,51,validation,archived_cycle_ineligible
6434,2004-10-07,10,validation,archived_cycle_ineligible
6434,2004-10-07,51,validation,archived_cycle_ineligible
6434,2004-10-07,85,validation,archived_cycle_ineligible
8134,2010-10-02,10,validation,archived_cycle_ineligible
8134,2010-10-02,31,validation,archived_cycle_ineligible
8134,2010-10-02,51,validation,archived_cycle_ineligible
8134,2010-10-02,85,validation,archived_cycle_ineligible
8134,2012-09-30,10,validation,archived_cycle_ineligible
8134,2012-09-30,31,validation,archived_cycle_ineligible
8134,2012-09-30,51,validation,archived_cycle_ineligible
8134,2012-09-30,85,validation,archived_cycle_ineligible
8143,2008-09-19,10,validation,archived_cycle_ineligible
8143,2008-09-19,31,validation,archived_cycle_ineligible
8143,2008-09-19,51,validation,archived_cycle_ineligible
8143,2008-09-19,85,validation,archived_cycle_ineligible
8148,2008-10-14,10,validation,archived_cycle_ineligible
8170,2010-10-08,10,validation,archived_cycle_ineligible
8174,2010-09-29,10,validation,archived_cycle_ineligible
8174,2010-09-29,31,validation,archived_cycle_ineligible
8174,2010-09-29,51,validation,archived_cycle_ineligible
8174,2010-09-29,85,validation,archived_cycle_ineligible
8177,2006-10-01,10,validation,archived_cycle_ineligible
8178,2007-10-08,10,validation,archived_cycle_ineligible
8178,2007-10-08,31,validation,archived_cycle_ineligible
8214,2010-10-06,31,validation,archived_cycle_ineligible
8214,2010-10-06,51,validation,archived_cycle_ineligible
8214,2010-10-06,85,validation,archived_cycle_ineligible
8215,2010-10-30,10,validation,archived_cycle_ineligible
8215,2010-10-30,31,validation,archived_cycle_ineligible
8215,2010-10-30,51,validation,archived_cycle_ineligible
8215,2010-10-30,85,validation,archived_cycle_ineligible
8217,2010-10-04,10,validation,archived_cycle_ineligible
8226,2006-09-19,10,validation,archived_cycle_ineligible
8226,2006-09-19,31,validation,archived_cycle_ineligible
8226,2006-09-19,51,validation,archived_cycle_ineligible
8226,2006-09-19,85,validation,archived_cycle_ineligible
8226,2009-09-26,10,validation,archived_cycle_ineligible
8233,2007-10-04,10,validation,archived_cycle_ineligible
8239,2007-10-12,10,validation,archived_cycle_ineligible
8239,2007-10-12,31,validation,archived_cycle_ineligible
8239,2007-10-12,51,validation,archived_cycle_ineligible
8239,2007-10-12,85,validation,archived_cycle_ineligible
8239,2012-10-11,10,validation,archived_cycle_ineligible
8239,2012-10-11,31,validation,archived_cycle_ineligible
8239,2012-10-11,51,validation,archived_cycle_ineligible
8239,2012-10-11,85,validation,archived_cycle_ineligible
8252,2007-09-03,10,validation,archived_cycle_ineligible
8252,2007-09-03,31,validation,archived_cycle_ineligible
8252,2007-09-03,51,validation,archived_cycle_ineligible
8252,2007-09-03,85,validation,archived_cycle_ineligible
8254,2013-09-27,10,validation,archived_cycle_ineligible
8254,2013-09-27,51,validation,archived_cycle_ineligible
8258,2012-10-03,10,validation,archived_cycle_ineligible
8258,2012-10-03,31,validation,archived_cycle_ineligible
8258,2012-10-03,51,validation,archived_cycle_ineligible
8258,2012-10-03,85,validation,archived_cycle_ineligible
20335,2012-10-04,10,validation,archived_cycle_ineligible
20335,2012-10-04,31,validation,archived_cycle_ineligible
20335,2012-10-04,51,validation,archived_cycle_ineligible
20335,2012-10-04,85,validation,archived_cycle_ineligible
40,1987-10-05,10,testing,archived_cycle_ineligible
40,1987-10-05,51,testing,archived_cycle_ineligible
40,1990-10-25,10,testing,archived_cycle_ineligible
40,1990-10-25,31,testing,archived_cycle_ineligible
40,1990-10-25,51,testing,archived_cycle_ineligible
40,1993-10-26,10,testing,archived_cycle_ineligible
40,1993-10-26,31,testing,archived_cycle_ineligible
40,1993-10-26,51,testing,archived_cycle_ineligible
40,2002-10-02,10,testing,archived_cycle_ineligible
40,2002-10-02,31,testing,archived_cycle_ineligible
40,2002-10-02,51,testing,archived_cycle_ineligible
50,1988-09-22,10,testing,archived_cycle_ineligible
50,1988-09-22,31,testing,archived_cycle_ineligible
50,1988-09-22,51,testing,archived_cycle_ineligible
50,1994-10-06,10,testing,archived_cycle_ineligible
50,1994-10-06,31,testing,archived_cycle_ineligible
50,1994-10-06,51,testing,archived_cycle_ineligible
50,2011-09-30,10,testing,archived_cycle_ineligible
50,2011-09-30,85,testing,archived_cycle_ineligible
50,2013-09-22,10,testing,archived_cycle_ineligible
50,2013-09-22,31,testing,archived_cycle_ineligible
50,2013-09-22,51,testing,archived_cycle_ineligible
50,2013-09-22,85,testing,archived_cycle_ineligible
86,1986-10-08,10,testing,archived_cycle_ineligible
86,1986-10-08,31,testing,archived_cycle_ineligible
86,1986-10-08,51,testing,archived_cycle_ineligible
106,2002-09-24,10,testing,archived_cycle_ineligible
106,2002-09-24,51,testing,archived_cycle_ineligible
106,2004-09-30,10,testing,archived_cycle_ineligible
106,2004-09-30,51,testing,archived_cycle_ineligible
106,2004-09-30,85,testing,archived_cycle_ineligible
106,2007-09-19,10,testing,archived_cycle_ineligible
106,2007-09-19,51,testing,archived_cycle_ineligible
106,2007-09-19,85,testing,archived_cycle_ineligible
106,2012-09-16,10,testing,archived_cycle_ineligible
106,2012-09-16,51,testing,archived_cycle_ineligible
106,2012-09-16,85,testing,archived_cycle_ineligible
124,1989-09-04,10,testing,archived_cycle_ineligible
124,1989-09-04,31,testing,archived_cycle_ineligible
124,1989-09-04,51,testing,archived_cycle_ineligible
124,1993-10-03,10,testing,archived_cycle_ineligible
124,1993-10-03,31,testing,archived_cycle_ineligible
124,1993-10-03,51,testing,archived_cycle_ineligible
124,1995-09-05,10,testing,archived_cycle_ineligible
124,1995-09-05,31,testing,archived_cycle_ineligible
124,1995-09-05,51,testing,archived_cycle_ineligible
124,1998-09-21,10,testing,archived_cycle_ineligible
124,1998-09-21,31,testing,archived_cycle_ineligible
124,1998-09-21,51,testing,archived_cycle_ineligible
124,2001-09-30,10,testing,archived_cycle_ineligible
124,2001-09-30,31,testing,archived_cycle_ineligible
124,2001-09-30,51,testing,archived_cycle_ineligible
124,2008-09-13,10,testing,archived_cycle_ineligible
124,2008-09-13,31,testing,archived_cycle_ineligible
124,2008-09-13,51,testing,archived_cycle_ineligible
124,2008-09-13,85,testing,archived_cycle_ineligible
125,1987-09-28,10,testing,archived_cycle_ineligible
125,1987-09-28,51,testing,archived_cycle_ineligible
125,2007-09-18,10,testing,archived_cycle_ineligible
125,2007-09-18,31,testing,archived_cycle_ineligible
125,2010-10-12,51,testing,archived_cycle_ineligible
125,2010-10-12,85,testing,archived_cycle_ineligible
125,2013-09-06,10,testing,archived_cycle_ineligible
125,2013-09-06,51,testing,archived_cycle_ineligible
143,2011-09-29,10,testing,archived_cycle_ineligible
143,2011-09-29,85,testing,archived_cycle_ineligible
157,1996-09-27,10,testing,archived_cycle_ineligible
157,1996-09-27,31,testing,archived_cycle_ineligible
157,1996-09-27,51,testing,archived_cycle_ineligible
188,1985-10-02,10,testing,archived_cycle_ineligible
188,1989-10-01,10,testing,archived_cycle_ineligible
188,1993-09-22,10,testing,archived_cycle_ineligible
188,1995-09-11,10,testing,archived_cycle_ineligible
188,1995-09-11,31,testing,archived_cycle_ineligible
188,1995-09-11,51,testing,archived_cycle_ineligible
188,2002-10-18,10,testing,archived_cycle_ineligible
188,2006-09-17,10,testing,archived_cycle_ineligible
188,2010-09-17,10,testing,archived_cycle_ineligible
188,2012-10-14,10,testing,archived_cycle_ineligible
198,1985-09-21,10,testing,archived_cycle_ineligible
198,1990-09-29,10,testing,archived_cycle_ineligible
208,1986-09-22,10,testing,archived_cycle_ineligible
208,1990-09-20,10,testing,archived_cycle_ineligible
208,1990-09-20,31,testing,archived_cycle_ineligible
208,1990-09-20,51,testing,archived_cycle_ineligible
213,1991-10-15,10,testing,archived_cycle_ineligible
213,1991-10-15,31,testing,archived_cycle_ineligible
213,1995-10-15,10,testing,archived_cycle_ineligible
213,1995-10-15,31,testing,archived_cycle_ineligible
213,1995-10-15,51,testing,archived_cycle_ineligible
217,1991-10-11,10,testing,archived_cycle_ineligible
217,1991-10-11,31,testing,archived_cycle_ineligible
217,1991-10-11,51,testing,archived_cycle_ineligible
218,1994-10-11,10,testing,archived_cycle_ineligible
218,1994-10-11,31,testing,archived_cycle_ineligible
218,1994-10-11,51,testing,archived_cycle_ineligible
223,2001-10-20,10,testing,archived_cycle_ineligible
223,2010-10-16,10,testing,archived_cycle_ineligible
223,2010-10-16,31,testing,archived_cycle_ineligible
223,2010-10-16,51,testing,archived_cycle_ineligible
223,2010-10-16,85,testing,archived_cycle_ineligible
232,1988-09-24,10,testing,archived_cycle_ineligible
232,1988-09-24,31,testing,archived_cycle_ineligible
232,1988-09-24,51,testing,archived_cycle_ineligible
232,1999-09-25,10,testing,archived_cycle_ineligible
232,1999-09-25,31,testing,archived_cycle_ineligible
232,1999-09-25,51,testing,archived_cycle_ineligible
232,2009-10-03,10,testing,archived_cycle_ineligible
239,1989-09-19,10,testing,archived_cycle_ineligible
239,1989-09-19,31,testing,archived_cycle_ineligible
239,1989-09-19,51,testing,archived_cycle_ineligible
259,1985-10-15,10,testing,archived_cycle_ineligible
259,1985-10-15,31,testing,archived_cycle_ineligible
259,1985-10-15,51,testing,archived_cycle_ineligible
259,1988-10-19,10,testing,archived_cycle_ineligible
259,1988-10-19,31,testing,archived_cycle_ineligible
259,1988-10-19,51,testing,archived_cycle_ineligible
265,1986-09-22,10,testing,archived_cycle_ineligible
265,1988-09-26,10,testing,archived_cycle_ineligible
265,2004-09-23,10,testing,archived_cycle_ineligible
274,1993-10-01,10,testing,archived_cycle_ineligible
274,1993-10-01,51,testing,archived_cycle_ineligible
274,1995-10-02,10,testing,archived_cycle_ineligible
274,1995-10-02,31,testing,archived_cycle_ineligible
274,1995-10-02,51,testing,archived_cycle_ineligible
274,2001-09-26,10,testing,archived_cycle_ineligible
274,2001-09-26,31,testing,archived_cycle_ineligible
274,2001-09-26,51,testing,archived_cycle_ineligible
280,1991-09-23,10,testing,archived_cycle_ineligible
281,1986-09-06,10,testing,archived_cycle_ineligible
281,1986-09-06,31,testing,archived_cycle_ineligible
281,1986-09-06,51,testing,archived_cycle_ineligible
291,1987-10-05,10,testing,archived_cycle_ineligible
291,1987-10-05,31,testing,archived_cycle_ineligible
291,1987-10-05,51,testing,archived_cycle_ineligible
291,1990-10-12,10,testing,archived_cycle_ineligible
291,1990-10-12,31,testing,archived_cycle_ineligible
291,1990-10-12,51,testing,archived_cycle_ineligible
304,2005-09-23,10,testing,archived_cycle_ineligible
304,2005-09-23,51,testing,archived_cycle_ineligible
304,2005-09-23,85,testing,archived_cycle_ineligible
304,2008-09-26,10,testing,archived_cycle_ineligible
304,2008-09-26,51,testing,archived_cycle_ineligible
304,2008-09-26,85,testing,archived_cycle_ineligible
304,2012-10-19,51,testing,archived_cycle_ineligible
304,2012-10-19,85,testing,archived_cycle_ineligible
322,1986-09-16,10,testing,archived_cycle_ineligible
322,1986-09-16,31,testing,archived_cycle_ineligible
322,1986-09-16,51,testing,archived_cycle_ineligible
327,1987-09-29,10,testing,archived_cycle_ineligible
370,1989-10-26,10,testing,archived_cycle_ineligible
370,1989-10-26,31,testing,archived_cycle_ineligible
370,1989-10-26,51,testing,archived_cycle_ineligible
373,1985-10-08,10,testing,archived_cycle_ineligible
373,1985-10-08,31,testing,archived_cycle_ineligible
373,1985-10-08,51,testing,archived_cycle_ineligible
401,1989-10-04,10,testing,archived_cycle_ineligible
401,1989-10-04,51,testing,archived_cycle_ineligible
401,2001-09-30,10,testing,archived_cycle_ineligible
401,2006-10-05,10,testing,archived_cycle_ineligible
401,2006-10-05,51,testing,archived_cycle_ineligible
405,2008-10-09,10,testing,archived_cycle_ineligible
407,1986-10-30,10,testing,archived_cycle_ineligible
407,1986-10-30,31,testing,archived_cycle_ineligible
407,1986-10-30,51,testing,archived_cycle_ineligible
411,1990-10-14,10,testing,archived_cycle_ineligible
411,1990-10-14,51,testing,archived_cycle_ineligible
411,1992-10-11,31,testing,archived_cycle_ineligible
411,1992-10-11,51,testing,archived_cycle_ineligible
411,2010-09-20,10,testing,archived_cycle_ineligible
461,2006-09-26,10,testing,archived_cycle_ineligible
461,2012-09-28,10,testing,archived_cycle_ineligible
494,1986-09-23,10,testing,archived_cycle_ineligible
494,1986-09-23,51,testing,archived_cycle_ineligible
494,2009-09-21,10,testing,archived_cycle_ineligible
494,2012-09-28,10,testing,archived_cycle_ineligible
512,1985-09-28,10,testing,archived_cycle_ineligible
512,1985-09-28,31,testing,archived_cycle_ineligible
512,1985-09-28,51,testing,archived_cycle_ineligible
531,1989-10-06,10,testing,archived_cycle_ineligible
531,1989-10-06,31,testing,archived_cycle_ineligible
531,1989-10-06,51,testing,archived_cycle_ineligible
550,2003-09-30,10,testing,archived_cycle_ineligible
565,1990-10-05,10,testing,archived_cycle_ineligible
568,1987-10-13,10,testing,archived_cycle_ineligible
578,1994-10-05,10,testing,archived_cycle_ineligible
627,1985-10-14,10,testing,archived_cycle_ineligible
627,1985-10-14,31,testing,archived_cycle_ineligible
627,1985-10-14,51,testing,archived_cycle_ineligible
634,1997-10-24,31,testing,archived_cycle_ineligible
634,1997-10-24,51,testing,archived_cycle_ineligible
639,1990-10-22,10,testing,archived_cycle_ineligible
639,1990-10-22,31,testing,archived_cycle_ineligible
639,1990-10-22,51,testing,archived_cycle_ineligible
639,1995-10-12,10,testing,archived_cycle_ineligible
639,1995-10-12,31,testing,archived_cycle_ineligible
639,1995-10-12,51,testing,archived_cycle_ineligible
642,1986-09-30,10,testing,archived_cycle_ineligible
649,1991-10-17,10,testing,archived_cycle_ineligible
649,1991-10-17,31,testing,archived_cycle_ineligible
649,1991-10-17,51,testing,archived_cycle_ineligible
679,2003-09-10,10,testing,archived_cycle_ineligible
679,2003-09-10,31,testing,archived_cycle_ineligible
679,2003-09-10,51,testing,archived_cycle_ineligible
697,1997-10-10,10,testing,archived_cycle_ineligible
697,1997-10-10,51,testing,archived_cycle_ineligible
708,1993-10-28,10,testing,archived_cycle_ineligible
708,1993-10-28,31,testing,archived_cycle_ineligible
733,1991-09-10,10,testing,archived_cycle_ineligible
733,2009-10-15,10,testing,archived_cycle_ineligible
733,2009-10-15,31,testing,archived_cycle_ineligible
733,2009-10-15,51,testing,archived_cycle_ineligible
746,1992-11-01,10,testing,archived_cycle_ineligible
746,1992-11-01,31,testing,archived_cycle_ineligible
746,1992-11-01,51,testing,archived_cycle_ineligible
746,1995-10-07,10,testing,archived_cycle_ineligible
756,1986-10-14,10,testing,archived_cycle_ineligible
756,1986-10-14,31,testing,archived_cycle_ineligible
756,1986-10-14,51,testing,archived_cycle_ineligible
761,1995-10-06,10,testing,archived_cycle_ineligible
761,1999-10-11,10,testing,archived_cycle_ineligible
761,2001-10-15,10,testing,archived_cycle_ineligible
763,1986-10-06,10,testing,archived_cycle_ineligible
763,1986-10-06,31,testing,archived_cycle_ineligible
763,1986-10-06,51,testing,archived_cycle_ineligible
773,1988-10-16,10,testing,archived_cycle_ineligible
773,1991-11-01,10,testing,archived_cycle_ineligible
773,1991-11-01,31,testing,archived_cycle_ineligible
773,1991-11-01,51,testing,archived_cycle_ineligible
777,1988-10-16,10,testing,archived_cycle_ineligible
777,1988-10-16,51,testing,archived_cycle_ineligible
778,1996-10-27,10,testing,archived_cycle_ineligible
778,1996-10-27,51,testing,archived_cycle_ineligible
784,1986-10-06,10,testing,archived_cycle_ineligible
784,1988-10-16,10,testing,archived_cycle_ineligible
784,1990-10-06,10,testing,archived_cycle_ineligible
784,1990-10-06,31,testing,archived_cycle_ineligible
784,1990-10-06,51,testing,archived_cycle_ineligible
785,1985-10-14,10,testing,archived_cycle_ineligible
785,1985-10-14,31,testing,archived_cycle_ineligible
785,1985-10-14,51,testing,archived_cycle_ineligible
785,1987-10-14,10,testing,archived_cycle_ineligible
785,1987-10-14,31,testing,archived_cycle_ineligible
785,1987-10-14,51,testing,archived_cycle_ineligible
785,1997-09-20,10,testing,archived_cycle_ineligible
785,1997-09-20,31,testing,archived_cycle_ineligible
785,1997-09-20,51,testing,archived_cycle_ineligible
788,2003-10-08,10,testing,archived_cycle_ineligible
788,2008-10-05,10,testing,archived_cycle_ineligible
790,1988-10-23,10,testing,archived_cycle_ineligible
790,1988-10-23,31,testing,archived_cycle_ineligible
790,1988-10-23,51,testing,archived_cycle_ineligible
807,1987-09-08,10,testing,archived_cycle_ineligible
825,1990-10-03,10,testing,archived_cycle_ineligible
827,1993-11-05,31,testing,archived_cycle_ineligible
827,1993-11-05,51,testing,archived_cycle_ineligible
833,1991-10-05,10,testing,archived_cycle_ineligible
857,1989-10-03,10,testing,archived_cycle_ineligible
857,1989-10-03,31,testing,archived_cycle_ineligible
857,1989-10-03,51,testing,archived_cycle_ineligible
857,2000-10-15,10,testing,archived_cycle_ineligible
857,2000-10-15,51,testing,archived_cycle_ineligible
857,2003-10-30,10,testing,archived_cycle_ineligible
860,2009-09-11,10,testing,archived_cycle_ineligible
862,1988-09-21,10,testing,archived_cycle_ineligible
862,1988-09-21,31,testing,archived_cycle_ineligible
862,1988-09-21,51,testing,archived_cycle_ineligible
862,1992-09-07,10,testing,archived_cycle_ineligible
862,1992-09-07,31,testing,archived_cycle_ineligible
862,1992-09-07,51,testing,archived_cycle_ineligible
875,1990-10-14,10,testing,archived_cycle_ineligible
875,1990-10-14,31,testing,archived_cycle_ineligible
875,1990-10-14,51,testing,archived_cycle_ineligible
880,2003-10-10,10,testing,archived_cycle_ineligible
883,1985-10-19,10,testing,archived_cycle_ineligible
883,1985-10-19,51,testing,archived_cycle_ineligible
883,1989-10-06,10,testing,archived_cycle_ineligible
883,1989-10-06,31,testing,archived_cycle_ineligible
883,1994-10-26,10,testing,archived_cycle_ineligible
883,1997-10-04,10,testing,archived_cycle_ineligible
883,1997-10-04,31,testing,archived_cycle_ineligible
883,1997-10-04,51,testing,archived_cycle_ineligible
883,2003-10-01,10,testing,archived_cycle_ineligible
883,2003-10-01,31,testing,archived_cycle_ineligible
883,2003-10-01,51,testing,archived_cycle_ineligible
883,2006-10-19,10,testing,archived_cycle_ineligible
883,2006-10-19,31,testing,archived_cycle_ineligible
883,2006-10-19,51,testing,archived_cycle_ineligible
900,1988-09-29,10,testing,archived_cycle_ineligible
900,1988-09-29,31,testing,archived_cycle_ineligible
900,1988-09-29,51,testing,archived_cycle_ineligible
900,1994-10-08,10,testing,archived_cycle_ineligible
900,2000-10-07,10,testing,archived_cycle_ineligible
910,1988-10-03,10,testing,archived_cycle_ineligible
910,1993-10-25,10,testing,archived_cycle_ineligible
911,2002-10-10,10,testing,archived_cycle_ineligible
911,2002-10-10,31,testing,archived_cycle_ineligible
926,1988-10-23,10,testing,archived_cycle_ineligible
926,1988-10-23,31,testing,archived_cycle_ineligible
926,1988-10-23,51,testing,archived_cycle_ineligible
957,2008-10-19,10,testing,archived_cycle_ineligible
967,1987-10-16,51,testing,archived_cycle_ineligible
967,1993-10-12,31,testing,archived_cycle_ineligible
967,1997-10-20,10,testing,archived_cycle_ineligible
967,1997-10-20,31,testing,archived_cycle_ineligible
967,1997-10-20,51,testing,archived_cycle_ineligible
970,1995-09-25,10,testing,archived_cycle_ineligible
970,1995-09-25,31,testing,archived_cycle_ineligible
970,1995-09-25,51,testing,archived_cycle_ineligible
988,1985-10-08,10,testing,archived_cycle_ineligible
988,1992-10-31,10,testing,archived_cycle_ineligible
1005,1985-10-07,10,testing,archived_cycle_ineligible
1005,1989-10-04,10,testing,archived_cycle_ineligible
1005,1989-10-04,31,testing,archived_cycle_ineligible
1005,1989-10-04,51,testing,archived_cycle_ineligible
1041,2008-09-25,10,testing,archived_cycle_ineligible
1042,1993-10-25,10,testing,archived_cycle_ineligible
1042,1997-10-20,10,testing,archived_cycle_ineligible
1042,1997-10-20,31,testing,archived_cycle_ineligible
1042,1997-10-20,51,testing,archived_cycle_ineligible
1046,1999-09-21,10,testing,archived_cycle_ineligible
1046,1999-09-21,31,testing,archived_cycle_ineligible
1046,1999-09-21,51,testing,archived_cycle_ineligible
1078,2011-10-07,10,testing,archived_cycle_ineligible
1078,2011-10-07,85,testing,archived_cycle_ineligible
1083,2005-10-08,10,testing,archived_cycle_ineligible
1089,1989-10-07,10,testing,archived_cycle_ineligible
1089,1989-10-07,31,testing,archived_cycle_ineligible
1089,1989-10-07,51,testing,archived_cycle_ineligible
1090,1986-09-03,10,testing,archived_cycle_ineligible
1090,1986-09-03,31,testing,archived_cycle_ineligible
1090,1986-09-03,51,testing,archived_cycle_ineligible
1098,1999-10-13,10,testing,archived_cycle_ineligible
1098,1999-10-13,31,testing,archived_cycle_ineligible
1104,1986-10-11,10,testing,archived_cycle_ineligible
1104,1986-10-11,31,testing,archived_cycle_ineligible
1104,1986-10-11,51,testing,archived_cycle_ineligible
1107,1990-10-17,10,testing,archived_cycle_ineligible
1117,1998-10-10,10,testing,archived_cycle_ineligible
1117,1998-10-10,31,testing,archived_cycle_ineligible
1117,1998-10-10,51,testing,archived_cycle_ineligible
1119,2003-09-25,10,testing,archived_cycle_ineligible
1136,1997-10-22,10,testing,archived_cycle_ineligible
1136,1997-10-22,31,testing,archived_cycle_ineligible
1136,1997-10-22,51,testing,archived_cycle_ineligible
1153,1990-10-19,10,testing,archived_cycle_ineligible
1168,1992-09-26,10,testing,archived_cycle_ineligible
1168,1992-09-26,31,testing,archived_cycle_ineligible
1168,1992-09-26,51,testing,archived_cycle_ineligible
1177,1992-10-18,10,testing,archived_cycle_ineligible
1177,1992-10-18,31,testing,archived_cycle_ineligible
1177,1992-10-18,51,testing,archived_cycle_ineligible
1178,1985-10-15,10,testing,archived_cycle_ineligible
1178,1985-10-15,31,testing,archived_cycle_ineligible
1178,1985-10-15,51,testing,archived_cycle_ineligible
1178,1988-09-26,10,testing,archived_cycle_ineligible
1178,1988-09-26,31,testing,archived_cycle_ineligible
1178,1988-09-26,51,testing,archived_cycle_ineligible
1178,1990-09-30,10,testing,archived_cycle_ineligible
1178,2011-10-12,10,testing,archived_cycle_ineligible
1178,2011-10-12,85,testing,archived_cycle_ineligible
1183,1985-10-18,10,testing,archived_cycle_ineligible
1190,1987-11-02,10,testing,archived_cycle_ineligible
1190,1987-11-02,51,testing,archived_cycle_ineligible
1234,1987-09-07,10,testing,archived_cycle_ineligible
1234,1987-09-07,31,testing,archived_cycle_ineligible
1234,1987-09-07,51,testing,archived_cycle_ineligible
1234,1993-09-15,10,testing,archived_cycle_ineligible
1234,1993-09-15,31,testing,archived_cycle_ineligible
1234,1993-09-15,51,testing,archived_cycle_ineligible
1234,2001-10-02,10,testing,archived_cycle_ineligible
1234,2001-10-02,31,testing,archived_cycle_ineligible
1234,2001-10-02,51,testing,archived_cycle_ineligible
1234,2012-09-23,10,testing,archived_cycle_ineligible
1234,2012-09-23,31,testing,archived_cycle_ineligible
1234,2012-09-23,51,testing,archived_cycle_ineligible
1234,2012-09-23,85,testing,archived_cycle_ineligible
1244,1988-10-16,10,testing,archived_cycle_ineligible
1244,1988-10-16,31,testing,archived_cycle_ineligible
1244,1988-10-16,51,testing,archived_cycle_ineligible
1244,1990-11-02,10,testing,archived_cycle_ineligible
1244,1990-11-02,51,testing,archived_cycle_ineligible
1250,1986-10-18,10,testing,archived_cycle_ineligible
1250,1991-10-02,10,testing,archived_cycle_ineligible
1250,1991-10-02,31,testing,archived_cycle_ineligible
1250,1994-10-12,51,testing,archived_cycle_ineligible
1250,1997-10-10,10,testing,archived_cycle_ineligible
1250,1997-10-10,31,testing,archived_cycle_ineligible
1250,1997-10-10,51,testing,archived_cycle_ineligible
1272,1992-10-10,10,testing,archived_cycle_ineligible
1272,1992-10-10,31,testing,archived_cycle_ineligible
1272,1992-10-10,51,testing,archived_cycle_ineligible
1276,1994-10-22,10,testing,archived_cycle_ineligible
1276,1994-10-22,31,testing,archived_cycle_ineligible
1276,1994-10-22,51,testing,archived_cycle_ineligible
1276,1999-10-05,10,testing,archived_cycle_ineligible
1276,2003-10-20,10,testing,archived_cycle_ineligible
1276,2003-10-20,51,testing,archived_cycle_ineligible
1276,2010-10-30,10,testing,archived_cycle_ineligible
1283,1992-10-27,10,testing,archived_cycle_ineligible
1283,1992-10-27,31,testing,archived_cycle_ineligible
1283,1992-10-27,51,testing,archived_cycle_ineligible
1283,1999-10-12,10,testing,archived_cycle_ineligible
1283,1999-10-12,31,testing,archived_cycle_ineligible
1283,1999-10-12,51,testing,archived_cycle_ineligible
1283,2001-10-12,10,testing,archived_cycle_ineligible
1283,2001-10-12,51,testing,archived_cycle_ineligible
1283,2005-10-06,10,testing,archived_cycle_ineligible
1283,2005-10-06,31,testing,archived_cycle_ineligible
1283,2005-10-06,51,testing,archived_cycle_ineligible
1283,2005-10-06,85,testing,archived_cycle_ineligible
1283,2007-10-28,10,testing,archived_cycle_ineligible
1283,2007-10-28,31,testing,archived_cycle_ineligible
1283,2007-10-28,51,testing,archived_cycle_ineligible
1283,2007-10-28,85,testing,archived_cycle_ineligible
1283,2012-10-18,10,testing,archived_cycle_ineligible
1283,2012-10-18,31,testing,archived_cycle_ineligible
1283,2012-10-18,51,testing,archived_cycle_ineligible
1283,2012-10-18,85,testing,archived_cycle_ineligible
1290,1985-10-26,10,testing,archived_cycle_ineligible
1290,1985-10-26,51,testing,archived_cycle_ineligible
1290,1988-10-23,31,testing,archived_cycle_ineligible
1290,1988-10-23,51,testing,archived_cycle_ineligible
1290,1990-10-25,10,testing,archived_cycle_ineligible
1290,1997-11-06,10,testing,archived_cycle_ineligible
1290,1997-11-06,31,testing,archived_cycle_ineligible
1290,2007-10-17,10,testing,archived_cycle_ineligible
1290,2007-10-17,31,testing,archived_cycle_ineligible
1290,2007-10-17,51,testing,archived_cycle_ineligible
1290,2007-10-17,85,testing,archived_cycle_ineligible
1304,1987-11-09,10,testing,archived_cycle_ineligible
1304,1990-10-26,10,testing,archived_cycle_ineligible
1304,1995-11-15,31,testing,archived_cycle_ineligible
1304,1995-11-15,51,testing,archived_cycle_ineligible
1304,1999-10-16,10,testing,archived_cycle_ineligible
1304,1999-10-16,31,testing,archived_cycle_ineligible
1304,1999-10-16,51,testing,archived_cycle_ineligible
1304,2001-10-22,10,testing,archived_cycle_ineligible
1304,2003-10-14,10,testing,archived_cycle_ineligible
1304,2003-10-14,31,testing,archived_cycle_ineligible
1304,2003-10-14,51,testing,archived_cycle_ineligible
1315,1989-10-26,10,testing,archived_cycle_ineligible
1315,1989-10-26,51,testing,archived_cycle_ineligible
1315,2000-10-10,10,testing,archived_cycle_ineligible
1321,1992-11-05,10,testing,archived_cycle_ineligible
1321,1992-11-05,31,testing,archived_cycle_ineligible
1321,1992-11-05,51,testing,archived_cycle_ineligible
1324,1991-10-10,10,testing,archived_cycle_ineligible
1324,1991-10-10,31,testing,archived_cycle_ineligible
1324,1991-10-10,51,testing,archived_cycle_ineligible
1324,1996-10-08,10,testing,archived_cycle_ineligible
1324,1996-10-08,31,testing,archived_cycle_ineligible
1324,1996-10-08,51,testing,archived_cycle_ineligible
1324,2001-10-09,10,testing,archived_cycle_ineligible
1324,2001-10-09,51,testing,archived_cycle_ineligible
1324,2009-10-08,10,testing,archived_cycle_ineligible
1324,2009-10-08,85,testing,archived_cycle_ineligible
1341,1990-10-03,31,testing,archived_cycle_ineligible
1341,1990-10-03,51,testing,archived_cycle_ineligible
1341,2000-10-04,10,testing,archived_cycle_ineligible
1350,1995-11-13,10,testing,archived_cycle_ineligible
1350,1995-11-13,31,testing,archived_cycle_ineligible
1350,1995-11-13,51,testing,archived_cycle_ineligible
1361,2010-10-26,31,testing,archived_cycle_ineligible
1384,1988-10-25,10,testing,archived_cycle_ineligible
1384,1988-10-25,31,testing,archived_cycle_ineligible
1384,1988-10-25,51,testing,archived_cycle_ineligible
1415,1987-11-08,10,testing,archived_cycle_ineligible
1427,1990-10-19,10,testing,archived_cycle_ineligible
1427,1990-10-19,31,testing,archived_cycle_ineligible
1427,1990-10-19,51,testing,archived_cycle_ineligible
1427,1992-10-16,10,testing,archived_cycle_ineligible
1427,1992-10-16,31,testing,archived_cycle_ineligible
1427,1992-10-16,51,testing,archived_cycle_ineligible
1440,1987-09-15,10,testing,archived_cycle_ineligible
1442,1997-10-07,51,testing,archived_cycle_ineligible
1443,1987-09-24,10,testing,archived_cycle_ineligible
1443,1987-09-24,51,testing,archived_cycle_ineligible
1444,1986-10-02,10,testing,archived_cycle_ineligible
1444,1986-10-02,31,testing,archived_cycle_ineligible
1444,1986-10-02,51,testing,archived_cycle_ineligible
1458,1990-10-25,10,testing,archived_cycle_ineligible
1458,1990-10-25,51,testing,archived_cycle_ineligible
1471,1993-10-03,10,testing,archived_cycle_ineligible
1491,1986-11-15,10,testing,archived_cycle_ineligible
1513,1985-10-06,10,testing,archived_cycle_ineligible
1513,1985-10-06,31,testing,archived_cycle_ineligible
1513,1985-10-06,51,testing,archived_cycle_ineligible
1514,1996-10-09,31,testing,archived_cycle_ineligible
1514,1996-10-09,51,testing,archived_cycle_ineligible
1532,1990-10-24,10,testing,archived_cycle_ineligible
1536,1987-10-01,10,testing,archived_cycle_ineligible
1536,1987-10-01,31,testing,archived_cycle_ineligible
1536,1987-10-01,51,testing,archived_cycle_ineligible
1536,2011-09-29,10,testing,archived_cycle_ineligible
1536,2013-09-27,10,testing,archived_cycle_ineligible
1536,2013-09-27,51,testing,archived_cycle_ineligible
1539,1987-10-01,10,testing,archived_cycle_ineligible
1539,2003-10-15,10,testing,archived_cycle_ineligible
1539,2008-10-17,10,testing,archived_cycle_ineligible
1539,2008-10-17,31,testing,archived_cycle_ineligible
1539,2008-10-17,51,testing,archived_cycle_ineligible
1561,1999-10-07,10,testing,archived_cycle_ineligible
1561,1999-10-07,31,testing,archived_cycle_ineligible
1569,1992-09-30,10,testing,archived_cycle_ineligible
1569,1992-09-30,31,testing,archived_cycle_ineligible
1569,1992-09-30,51,testing,archived_cycle_ineligible
1584,1985-10-30,51,testing,archived_cycle_ineligible
1584,1990-10-25,10,testing,archived_cycle_ineligible
1592,1989-10-18,10,testing,archived_cycle_ineligible
1646,1993-10-15,10,testing,archived_cycle_ineligible
1646,1993-10-15,31,testing,archived_cycle_ineligible
1646,1993-10-15,51,testing,archived_cycle_ineligible
1657,1987-10-17,10,testing,archived_cycle_ineligible
1665,1985-10-11,10,testing,archived_cycle_ineligible
1665,1985-10-11,31,testing,archived_cycle_ineligible
1665,1985-10-11,51,testing,archived_cycle_ineligible
1665,1988-10-11,10,testing,archived_cycle_ineligible
1665,1988-10-11,31,testing,archived_cycle_ineligible
1665,1988-10-11,51,testing,archived_cycle_ineligible
1665,1997-10-08,10,testing,archived_cycle_ineligible
1665,1997-10-08,31,testing,archived_cycle_ineligible
1665,1997-10-08,51,testing,archived_cycle_ineligible
1706,1990-10-02,10,testing,archived_cycle_ineligible
1706,1990-10-02,51,testing,archived_cycle_ineligible
1706,1992-10-07,31,testing,archived_cycle_ineligible
1706,1992-10-07,51,testing,archived_cycle_ineligible
1706,1996-09-24,31,testing,archived_cycle_ineligible
1706,1996-09-24,51,testing,archived_cycle_ineligible
1706,2000-09-20,10,testing,archived_cycle_ineligible
1706,2000-09-20,31,testing,archived_cycle_ineligible
1706,2000-09-20,51,testing,archived_cycle_ineligible
1758,1992-09-24,10,testing,archived_cycle_ineligible
1758,1992-09-24,31,testing,archived_cycle_ineligible
1758,1992-09-24,51,testing,archived_cycle_ineligible
1758,1998-09-01,10,testing,archived_cycle_ineligible
1758,1998-09-01,31,testing,archived_cycle_ineligible
1758,1998-09-01,51,testing,archived_cycle_ineligible
1758,2002-10-12,10,testing,archived_cycle_ineligible
1758,2008-09-21,31,testing,archived_cycle_ineligible
1758,2008-09-21,51,testing,archived_cycle_ineligible
1758,2008-09-21,85,testing,archived_cycle_ineligible
1758,2013-10-08,10,testing,archived_cycle_ineligible
1758,2013-10-08,85,testing,archived_cycle_ineligible
1778,2005-10-30,10,testing,archived_cycle_ineligible
1778,2005-10-30,51,testing,archived_cycle_ineligible
1778,2007-10-13,10,testing,archived_cycle_ineligible
1787,1985-10-11,10,testing,archived_cycle_ineligible
1787,1993-10-12,10,testing,archived_cycle_ineligible
1788,1985-09-25,10,testing,archived_cycle_ineligible
1788,1985-09-25,31,testing,archived_cycle_ineligible
1788,1985-09-25,51,testing,archived_cycle_ineligible
1788,2006-09-12,10,testing,archived_cycle_ineligible
1788,2006-09-12,31,testing,archived_cycle_ineligible
1788,2006-09-12,51,testing,archived_cycle_ineligible
1788,2006-09-12,85,testing,archived_cycle_ineligible
1813,1986-11-15,31,testing,archived_cycle_ineligible
1813,1986-11-15,51,testing,archived_cycle_ineligible
1813,1989-11-14,31,testing,archived_cycle_ineligible
1813,1989-11-14,51,testing,archived_cycle_ineligible
1820,1986-09-26,10,testing,archived_cycle_ineligible
1820,1986-09-26,31,testing,archived_cycle_ineligible
1820,1986-09-26,51,testing,archived_cycle_ineligible
1846,1989-09-28,10,testing,archived_cycle_ineligible
1846,1989-09-28,31,testing,archived_cycle_ineligible
1846,1989-09-28,51,testing,archived_cycle_ineligible
1853,1988-10-09,10,testing,archived_cycle_ineligible
1853,1992-10-12,10,testing,archived_cycle_ineligible
1853,1995-10-17,10,testing,archived_cycle_ineligible
1871,1991-09-01,10,testing,archived_cycle_ineligible
1871,1991-09-01,31,testing,archived_cycle_ineligible
1871,1991-09-01,51,testing,archived_cycle_ineligible
1871,1994-10-26,10,testing,archived_cycle_ineligible
1871,1994-10-26,51,testing,archived_cycle_ineligible
1871,1996-10-27,31,testing,archived_cycle_ineligible
1871,1996-10-27,51,testing,archived_cycle_ineligible
1871,2000-10-20,31,testing,archived_cycle_ineligible
1871,2000-10-20,51,testing,archived_cycle_ineligible
1872,1987-10-19,10,testing,archived_cycle_ineligible
1872,1987-10-19,51,testing,archived_cycle_ineligible
1872,1991-10-28,10,testing,archived_cycle_ineligible
1933,1988-10-20,10,testing,archived_cycle_ineligible
1969,1990-10-26,31,testing,archived_cycle_ineligible
1969,1990-10-26,51,testing,archived_cycle_ineligible
1969,2006-10-14,10,testing,archived_cycle_ineligible
1969,2006-10-14,31,testing,archived_cycle_ineligible
1969,2006-10-14,51,testing,archived_cycle_ineligible
1969,2006-10-14,85,testing,archived_cycle_ineligible
1969,2011-10-01,10,testing,archived_cycle_ineligible
1969,2011-10-01,85,testing,archived_cycle_ineligible
1970,1992-09-29,10,testing,archived_cycle_ineligible
1970,1992-09-29,31,testing,archived_cycle_ineligible
1970,1992-09-29,51,testing,archived_cycle_ineligible
1970,1994-09-14,10,testing,archived_cycle_ineligible
1970,1994-09-14,31,testing,archived_cycle_ineligible
1970,1994-09-14,51,testing,archived_cycle_ineligible
1975,1985-10-22,10,testing,archived_cycle_ineligible
1975,1985-10-22,31,testing,archived_cycle_ineligible
1975,1985-10-22,51,testing,archived_cycle_ineligible
1975,1991-10-16,10,testing,archived_cycle_ineligible
1975,1996-10-13,10,testing,archived_cycle_ineligible
1975,1996-10-13,51,testing,archived_cycle_ineligible
1998,1986-10-17,10,testing,archived_cycle_ineligible
1998,2008-10-02,10,testing,archived_cycle_ineligible
2019,1999-10-16,31,testing,archived_cycle_ineligible
2019,1999-10-16,51,testing,archived_cycle_ineligible
2019,2004-11-09,10,testing,archived_cycle_ineligible
2023,1995-10-13,10,testing,archived_cycle_ineligible
2023,1995-10-13,31,testing,archived_cycle_ineligible
2023,1995-10-13,51,testing,archived_cycle_ineligible
2039,1987-10-20,10,testing,archived_cycle_ineligible
2039,1987-10-20,51,testing,archived_cycle_ineligible
2055,1987-10-09,10,testing,archived_cycle_ineligible
2055,1987-10-09,31,testing,archived_cycle_ineligible
2055,1987-10-09,51,testing,archived_cycle_ineligible
2074,1985-10-09,10,testing,archived_cycle_ineligible
2074,1985-10-09,31,testing,archived_cycle_ineligible
2074,1985-10-09,51,testing,archived_cycle_ineligible
2075,1985-10-02,10,testing,archived_cycle_ineligible
2100,1990-09-17,10,testing,archived_cycle_ineligible
2100,1990-09-17,31,testing,archived_cycle_ineligible
2100,1990-09-17,51,testing,archived_cycle_ineligible
2117,1997-10-05,10,testing,archived_cycle_ineligible
2117,1997-10-05,31,testing,archived_cycle_ineligible
2117,1997-10-05,51,testing,archived_cycle_ineligible
2129,1992-10-15,10,testing,archived_cycle_ineligible
2129,1994-09-30,10,testing,archived_cycle_ineligible
2129,1994-09-30,31,testing,archived_cycle_ineligible
2129,1994-09-30,51,testing,archived_cycle_ineligible
2133,1996-10-30,31,testing,archived_cycle_ineligible
2133,1996-10-30,51,testing,archived_cycle_ineligible
2133,2004-10-03,51,testing,archived_cycle_ineligible
2136,1997-10-13,10,testing,archived_cycle_ineligible
2136,1997-10-13,31,testing,archived_cycle_ineligible
2137,1991-09-04,10,testing,archived_cycle_ineligible
2137,1994-09-23,10,testing,archived_cycle_ineligible
2137,1994-09-23,51,testing,archived_cycle_ineligible
2137,1996-10-04,10,testing,archived_cycle_ineligible
2137,1996-10-04,51,testing,archived_cycle_ineligible
2138,1986-10-11,10,testing,archived_cycle_ineligible
2138,1986-10-11,31,testing,archived_cycle_ineligible
2138,1986-10-11,51,testing,archived_cycle_ineligible
2138,1988-09-28,10,testing,archived_cycle_ineligible
2138,1988-09-28,31,testing,archived_cycle_ineligible
2138,1988-09-28,51,testing,archived_cycle_ineligible
2138,2011-09-27,10,testing,archived_cycle_ineligible
2140,1994-09-26,10,testing,archived_cycle_ineligible
2140,1994-09-26,31,testing,archived_cycle_ineligible
2140,1994-09-26,51,testing,archived_cycle_ineligible
2167,1988-10-06,10,testing,archived_cycle_ineligible
2167,1988-10-06,31,testing,archived_cycle_ineligible
2167,1988-10-06,51,testing,archived_cycle_ineligible
2171,1985-09-25,10,testing,archived_cycle_ineligible
2171,1987-09-19,10,testing,archived_cycle_ineligible
2180,1990-09-20,31,testing,archived_cycle_ineligible
2186,1989-10-18,10,testing,archived_cycle_ineligible
2186,1997-10-05,10,testing,archived_cycle_ineligible
2186,2000-10-05,10,testing,archived_cycle_ineligible
2186,2002-10-08,10,testing,archived_cycle_ineligible
2186,2004-10-09,10,testing,archived_cycle_ineligible
2186,2011-09-22,10,testing,archived_cycle_ineligible
2187,2001-10-13,31,testing,archived_cycle_ineligible
2187,2001-10-13,51,testing,archived_cycle_ineligible
2187,2013-10-02,10,testing,archived_cycle_ineligible
2187,2013-10-02,85,testing,archived_cycle_ineligible
2194,1987-09-18,10,testing,archived_cycle_ineligible
2194,1987-09-18,31,testing,archived_cycle_ineligible
2194,1987-09-18,51,testing,archived_cycle_ineligible
2216,2008-10-04,10,testing,archived_cycle_ineligible
2250,1994-10-14,10,testing,archived_cycle_ineligible
2296,2009-09-28,10,testing,archived_cycle_ineligible
2312,2010-09-22,10,testing,archived_cycle_ineligible
2312,2010-09-22,31,testing,archived_cycle_ineligible
2312,2010-09-22,51,testing,archived_cycle_ineligible
2312,2010-09-22,85,testing,archived_cycle_ineligible
2312,2012-10-09,10,testing,archived_cycle_ineligible
2312,2012-10-09,31,testing,archived_cycle_ineligible
2312,2012-10-09,51,testing,archived_cycle_ineligible
2312,2012-10-09,85,testing,archived_cycle_ineligible
2325,1990-09-29,10,testing,archived_cycle_ineligible
2325,1990-09-29,31,testing,archived_cycle_ineligible
2325,1990-09-29,51,testing,archived_cycle_ineligible
2334,1992-10-09,10,testing,archived_cycle_ineligible
2334,1992-10-09,31,testing,archived_cycle_ineligible
2334,1992-10-09,51,testing,archived_cycle_ineligible
2334,1996-09-27,10,testing,archived_cycle_ineligible
2334,1996-09-27,31,testing,archived_cycle_ineligible
2334,1996-09-27,51,testing,archived_cycle_ineligible
2349,1987-10-03,10,testing,archived_cycle_ineligible
2364,1986-10-16,10,testing,archived_cycle_ineligible
2364,1986-10-16,31,testing,archived_cycle_ineligible
2364,1986-10-16,51,testing,archived_cycle_ineligible
2364,1989-10-17,10,testing,archived_cycle_ineligible
2364,1989-10-17,31,testing,archived_cycle_ineligible
2364,1989-10-17,51,testing,archived_cycle_ineligible
2368,1987-11-04,31,testing,archived_cycle_ineligible
2368,1987-11-04,51,testing,archived_cycle_ineligible
2370,2005-10-14,10,testing,archived_cycle_ineligible
2370,2007-10-11,10,testing,archived_cycle_ineligible
2378,2012-10-10,10,testing,archived_cycle_ineligible
2378,2012-10-10,31,testing,archived_cycle_ineligible
2378,2012-10-10,51,testing,archived_cycle_ineligible
2378,2012-10-10,85,testing,archived_cycle_ineligible
2384,1993-10-17,10,testing,archived_cycle_ineligible
2384,1993-10-17,31,testing,archived_cycle_ineligible
2384,1993-10-17,51,testing,archived_cycle_ineligible
2384,1995-10-13,10,testing,archived_cycle_ineligible
2384,1995-10-13,31,testing,archived_cycle_ineligible
2384,1995-10-13,51,testing,archived_cycle_ineligible
2401,1986-10-01,10,testing,archived_cycle_ineligible
2401,1986-10-01,31,testing,archived_cycle_ineligible
2401,1986-10-01,51,testing,archived_cycle_ineligible
2404,2009-10-01,10,testing,archived_cycle_ineligible
2404,2009-10-01,51,testing,archived_cycle_ineligible
2404,2012-10-09,10,testing,archived_cycle_ineligible
2404,2012-10-09,85,testing,archived_cycle_ineligible
2415,1998-09-26,10,testing,archived_cycle_ineligible
2415,2000-10-06,10,testing,archived_cycle_ineligible
2415,2002-09-28,10,testing,archived_cycle_ineligible
2415,2002-09-28,31,testing,archived_cycle_ineligible
2415,2002-09-28,51,testing,archived_cycle_ineligible
2415,2005-10-12,10,testing,archived_cycle_ineligible
2415,2011-10-17,10,testing,archived_cycle_ineligible
2420,2002-10-29,10,testing,archived_cycle_ineligible
2420,2005-09-27,10,testing,archived_cycle_ineligible
2420,2005-09-27,51,testing,archived_cycle_ineligible
2420,2005-09-27,85,testing,archived_cycle_ineligible
2430,1987-10-05,10,testing,archived_cycle_ineligible
2430,1989-09-17,10,testing,archived_cycle_ineligible
2430,1989-09-17,51,testing,archived_cycle_ineligible
2430,2006-10-12,10,testing,archived_cycle_ineligible
2430,2006-10-12,31,testing,archived_cycle_ineligible
2430,2006-10-12,51,testing,archived_cycle_ineligible
2430,2006-10-12,85,testing,archived_cycle_ineligible
2430,2009-09-26,10,testing,archived_cycle_ineligible
2430,2009-09-26,31,testing,archived_cycle_ineligible
2430,2009-09-26,51,testing,archived_cycle_ineligible
2430,2009-09-26,85,testing,archived_cycle_ineligible
2432,2002-10-08,10,testing,archived_cycle_ineligible
2432,2002-10-08,31,testing,archived_cycle_ineligible
2432,2002-10-08,51,testing,archived_cycle_ineligible
2438,1986-10-06,10,testing,archived_cycle_ineligible
2438,1986-10-06,31,testing,archived_cycle_ineligible
2438,1986-10-06,51,testing,archived_cycle_ineligible
2439,2006-09-20,10,testing,archived_cycle_ineligible
2439,2008-10-06,10,testing,archived_cycle_ineligible
2439,2008-10-06,31,testing,archived_cycle_ineligible
2439,2008-10-06,51,testing,archived_cycle_ineligible
2439,2008-10-06,85,testing,archived_cycle_ineligible
2439,2010-10-02,10,testing,archived_cycle_ineligible
2439,2010-10-02,31,testing,archived_cycle_ineligible
2439,2010-10-02,51,testing,archived_cycle_ineligible
2439,2010-10-02,85,testing,archived_cycle_ineligible
2466,1996-10-07,31,testing,archived_cycle_ineligible
2474,1999-10-09,10,testing,archived_cycle_ineligible
2474,1999-10-09,31,testing,archived_cycle_ineligible
2474,1999-10-09,51,testing,archived_cycle_ineligible
2474,2003-10-17,10,testing,archived_cycle_ineligible
2474,2007-10-08,10,testing,archived_cycle_ineligible
2474,2007-10-08,31,testing,archived_cycle_ineligible
2474,2007-10-08,51,testing,archived_cycle_ineligible
2474,2007-10-08,85,testing,archived_cycle_ineligible
2474,2011-10-01,10,testing,archived_cycle_ineligible
2474,2011-10-01,85,testing,archived_cycle_ineligible
2485,1987-11-04,10,testing,archived_cycle_ineligible
2485,1987-11-04,31,testing,archived_cycle_ineligible
2485,1987-11-04,51,testing,archived_cycle_ineligible
2485,1994-09-22,10,testing,archived_cycle_ineligible
2485,1994-09-22,31,testing,archived_cycle_ineligible
2485,1994-09-22,51,testing,archived_cycle_ineligible
2485,2003-09-27,10,testing,archived_cycle_ineligible
2485,2007-10-08,10,testing,archived_cycle_ineligible
2485,2007-10-08,31,testing,archived_cycle_ineligible
2485,2007-10-08,51,testing,archived_cycle_ineligible
2485,2007-10-08,85,testing,archived_cycle_ineligible
2485,2009-10-21,10,testing,archived_cycle_ineligible
2485,2009-10-21,31,testing,archived_cycle_ineligible
2485,2009-10-21,51,testing,archived_cycle_ineligible
2485,2009-10-21,85,testing,archived_cycle_ineligible
2485,2012-10-10,10,testing,archived_cycle_ineligible
2485,2012-10-10,31,testing,archived_cycle_ineligible
2485,2012-10-10,51,testing,archived_cycle_ineligible
2485,2012-10-10,85,testing,archived_cycle_ineligible
2531,1987-10-17,10,testing,archived_cycle_ineligible
2531,1987-10-17,31,testing,archived_cycle_ineligible
2531,1987-10-17,51,testing,archived_cycle_ineligible
2531,1995-10-18,10,testing,archived_cycle_ineligible
2561,2011-09-24,10,testing,archived_cycle_ineligible
2568,1997-10-20,10,testing,archived_cycle_ineligible
2568,2000-10-16,10,testing,archived_cycle_ineligible
2568,2006-10-13,10,testing,archived_cycle_ineligible
2568,2006-10-13,31,testing,archived_cycle_ineligible
2568,2006-10-13,51,testing,archived_cycle_ineligible
2568,2011-10-04,10,testing,archived_cycle_ineligible
2572,1999-10-15,10,testing,archived_cycle_ineligible
2572,1999-10-15,31,testing,archived_cycle_ineligible
2572,1999-10-15,51,testing,archived_cycle_ineligible
2572,2011-10-12,10,testing,archived_cycle_ineligible
2589,1988-10-14,10,testing,archived_cycle_ineligible
2589,1990-10-16,10,testing,archived_cycle_ineligible
2589,2002-09-19,10,testing,archived_cycle_ineligible
2589,2002-09-19,31,testing,archived_cycle_ineligible
2589,2002-09-19,51,testing,archived_cycle_ineligible
2589,2012-10-17,10,testing,archived_cycle_ineligible
2589,2012-10-17,31,testing,archived_cycle_ineligible
2589,2012-10-17,51,testing,archived_cycle_ineligible
2589,2012-10-17,85,testing,archived_cycle_ineligible
2607,1993-10-15,10,testing,archived_cycle_ineligible
2608,1991-10-09,10,testing,archived_cycle_ineligible
2608,1997-11-14,10,testing,archived_cycle_ineligible
2608,1997-11-14,31,testing,archived_cycle_ineligible
2608,1997-11-14,51,testing,archived_cycle_ineligible
2608,2007-11-02,10,testing,archived_cycle_ineligible
2608,2007-11-02,31,testing,archived_cycle_ineligible
2608,2007-11-02,51,testing,archived_cycle_ineligible
2608,2007-11-02,85,testing,archived_cycle_ineligible
2618,1986-10-13,10,testing,archived_cycle_ineligible
2618,1986-10-13,31,testing,archived_cycle_ineligible
2618,1986-10-13,51,testing,archived_cycle_ineligible
2638,1991-10-01,10,testing,archived_cycle_ineligible
2639,1994-10-07,10,testing,archived_cycle_ineligible
2655,2000-10-15,10,testing,archived_cycle_ineligible
2692,1989-10-06,10,testing,archived_cycle_ineligible
2692,1989-10-06,31,testing,archived_cycle_ineligible
2692,1989-10-06,51,testing,archived_cycle_ineligible
2692,1993-10-08,10,testing,archived_cycle_ineligible
2692,1993-10-08,31,testing,archived_cycle_ineligible
2692,1993-10-08,51,testing,archived_cycle_ineligible
2692,2005-09-22,10,testing,archived_cycle_ineligible
2692,2005-09-22,31,testing,archived_cycle_ineligible
2692,2005-09-22,51,testing,archived_cycle_ineligible
2692,2005-09-22,85,testing,archived_cycle_ineligible
2712,2011-10-02,10,testing,archived_cycle_ineligible
2712,2011-10-02,85,testing,archived_cycle_ineligible
2719,1988-10-24,10,testing,archived_cycle_ineligible
2720,1991-10-24,10,testing,archived_cycle_ineligible
2720,1991-10-24,31,testing,archived_cycle_ineligible
2720,1991-10-24,51,testing,archived_cycle_ineligible
2743,1991-11-02,51,testing,archived_cycle_ineligible
2743,2003-10-12,10,testing,archived_cycle_ineligible
2752,1989-11-15,31,testing,archived_cycle_ineligible
2752,1989-11-15,51,testing,archived_cycle_ineligible
2752,2009-10-15,10,testing,archived_cycle_ineligible
2752,2009-10-15,31,testing,archived_cycle_ineligible
2752,2009-10-15,51,testing,archived_cycle_ineligible
2752,2009-10-15,85,testing,archived_cycle_ineligible
2781,1987-10-03,10,testing,archived_cycle_ineligible
2781,1990-10-11,10,testing,archived_cycle_ineligible
2781,1990-10-11,31,testing,archived_cycle_ineligible
2781,1990-10-11,51,testing,archived_cycle_ineligible
2795,1990-10-12,10,testing,archived_cycle_ineligible
2795,1990-10-12,31,testing,archived_cycle_ineligible
2795,1990-10-12,51,testing,archived_cycle_ineligible
2810,1989-10-24,10,testing,archived_cycle_ineligible
2817,1988-10-20,10,testing,archived_cycle_ineligible
2817,1988-10-20,31,testing,archived_cycle_ineligible
2817,1988-10-20,51,testing,archived_cycle_ineligible
2826,1985-10-01,10,testing,archived_cycle_ineligible
2826,1985-10-01,51,testing,archived_cycle_ineligible
2826,1989-09-28,10,testing,archived_cycle_ineligible
2826,1989-09-28,51,testing,archived_cycle_ineligible
2831,1986-10-07,10,testing,archived_cycle_ineligible
2833,1996-09-29,10,testing,archived_cycle_ineligible
2833,1996-09-29,31,testing,archived_cycle_ineligible
2833,1996-09-29,51,testing,archived_cycle_ineligible
2866,1985-10-09,10,testing,archived_cycle_ineligible
2866,1985-10-09,51,testing,archived_cycle_ineligible
2866,1991-10-11,10,testing,archived_cycle_ineligible
2866,1991-10-11,31,testing,archived_cycle_ineligible
2866,1991-10-11,51,testing,archived_cycle_ineligible
2866,1999-10-08,10,testing,archived_cycle_ineligible
2866,1999-10-08,31,testing,archived_cycle_ineligible
2882,2000-09-25,10,testing,archived_cycle_ineligible
2886,1994-09-28,10,testing,archived_cycle_ineligible
2886,1994-09-28,31,testing,archived_cycle_ineligible
2886,1994-09-28,51,testing,archived_cycle_ineligible
2899,2010-10-18,10,testing,archived_cycle_ineligible
2899,2010-10-18,31,testing,archived_cycle_ineligible
2899,2010-10-18,51,testing,archived_cycle_ineligible
2899,2010-10-18,85,testing,archived_cycle_ineligible
2909,2008-10-07,10,testing,archived_cycle_ineligible
2918,1985-09-26,51,testing,archived_cycle_ineligible
2939,1997-10-18,10,testing,archived_cycle_ineligible
2939,1997-10-18,31,testing,archived_cycle_ineligible
2939,1997-10-18,51,testing,archived_cycle_ineligible
2978,1990-10-15,10,testing,archived_cycle_ineligible
3003,1989-09-22,10,testing,archived_cycle_ineligible
3003,1989-09-22,51,testing,archived_cycle_ineligible
3003,1993-10-18,10,testing,archived_cycle_ineligible
3003,1993-10-18,51,testing,archived_cycle_ineligible
3003,1996-10-26,10,testing,archived_cycle_ineligible
3003,1996-10-26,31,testing,archived_cycle_ineligible
3003,1996-10-26,51,testing,archived_cycle_ineligible
3003,1999-10-23,31,testing,archived_cycle_ineligible
3003,1999-10-23,51,testing,archived_cycle_ineligible
3007,1995-10-09,10,testing,archived_cycle_ineligible
3007,1995-10-09,31,testing,archived_cycle_ineligible
3007,1995-10-09,51,testing,archived_cycle_ineligible
3007,2001-10-05,10,testing,archived_cycle_ineligible
3007,2001-10-05,31,testing,archived_cycle_ineligible
3007,2001-10-05,51,testing,archived_cycle_ineligible
3014,2012-10-17,10,testing,archived_cycle_ineligible
3014,2012-10-17,31,testing,archived_cycle_ineligible
3014,2012-10-17,51,testing,archived_cycle_ineligible
3014,2012-10-17,85,testing,archived_cycle_ineligible
3037,1989-10-20,10,testing,archived_cycle_ineligible
3037,1989-10-20,31,testing,archived_cycle_ineligible
3037,1989-10-20,51,testing,archived_cycle_ineligible
3037,1991-10-14,10,testing,archived_cycle_ineligible
3037,1991-10-14,31,testing,archived_cycle_ineligible
3037,1991-10-14,51,testing,archived_cycle_ineligible
3040,1988-10-27,10,testing,archived_cycle_ineligible
3040,1988-10-27,31,testing,archived_cycle_ineligible
3040,1988-10-27,51,testing,archived_cycle_ineligible
3052,1989-10-12,10,testing,archived_cycle_ineligible
3052,1989-10-12,31,testing,archived_cycle_ineligible
3052,1989-10-12,51,testing,archived_cycle_ineligible
3063,1995-10-12,10,testing,archived_cycle_ineligible
3063,2010-10-11,10,testing,archived_cycle_ineligible
3063,2010-10-11,51,testing,archived_cycle_ineligible
3063,2010-10-11,85,testing,archived_cycle_ineligible
3065,1998-09-21,10,testing,archived_cycle_ineligible
3065,1998-09-21,31,testing,archived_cycle_ineligible
3065,1998-09-21,51,testing,archived_cycle_ineligible
3065,2009-09-25,10,testing,archived_cycle_ineligible
3068,1989-09-30,10,testing,archived_cycle_ineligible
3068,1989-09-30,31,testing,archived_cycle_ineligible
3068,1989-09-30,51,testing,archived_cycle_ineligible
3081,1996-11-03,10,testing,archived_cycle_ineligible
3081,1996-11-03,31,testing,archived_cycle_ineligible
3081,1996-11-03,51,testing,archived_cycle_ineligible
3087,1995-10-26,10,testing,archived_cycle_ineligible
3087,1995-10-26,31,testing,archived_cycle_ineligible
3087,1995-10-26,51,testing,archived_cycle_ineligible
3087,1998-10-19,10,testing,archived_cycle_ineligible
3087,1998-10-19,31,testing,archived_cycle_ineligible
3087,1998-10-19,51,testing,archived_cycle_ineligible
3090,1988-10-17,10,testing,archived_cycle_ineligible
3090,1991-10-12,10,testing,archived_cycle_ineligible
3090,1993-10-28,10,testing,archived_cycle_ineligible
3090,1993-10-28,31,testing,archived_cycle_ineligible
3090,1993-10-28,51,testing,archived_cycle_ineligible
3091,2001-10-13,10,testing,archived_cycle_ineligible
3091,2001-10-13,31,testing,archived_cycle_ineligible
3091,2001-10-13,51,testing,archived_cycle_ineligible
3091,2007-10-22,31,testing,archived_cycle_ineligible
3091,2007-10-22,51,testing,archived_cycle_ineligible
3091,2007-10-22,85,testing,archived_cycle_ineligible
3091,2009-10-23,31,testing,archived_cycle_ineligible
3091,2009-10-23,51,testing,archived_cycle_ineligible
3091,2009-10-23,85,testing,archived_cycle_ineligible
3112,1986-10-30,10,testing,archived_cycle_ineligible
3112,1988-09-25,10,testing,archived_cycle_ineligible
3124,1999-10-13,10,testing,archived_cycle_ineligible
3124,1999-10-13,31,testing,archived_cycle_ineligible
3124,1999-10-13,51,testing,archived_cycle_ineligible
3124,2001-10-16,10,testing,archived_cycle_ineligible
3124,2001-10-16,31,testing,archived_cycle_ineligible
3124,2001-10-16,51,testing,archived_cycle_ineligible
3124,2006-10-16,10,testing,archived_cycle_ineligible
3145,1989-10-05,10,testing,archived_cycle_ineligible
3159,1990-09-26,10,testing,archived_cycle_ineligible
3181,2008-10-06,10,testing,archived_cycle_ineligible
3181,2008-10-06,31,testing,archived_cycle_ineligible
3181,2008-10-06,51,testing,archived_cycle_ineligible
3181,2008-10-06,85,testing,archived_cycle_ineligible
3200,1999-10-18,10,testing,archived_cycle_ineligible
3200,1999-10-18,31,testing,archived_cycle_ineligible
3200,1999-10-18,51,testing,archived_cycle_ineligible
3200,2001-10-18,10,testing,archived_cycle_ineligible
3200,2001-10-18,31,testing,archived_cycle_ineligible
3200,2001-10-18,51,testing,archived_cycle_ineligible
3213,1992-10-18,10,testing,archived_cycle_ineligible
3213,1992-10-18,51,testing,archived_cycle_ineligible
3216,1986-11-07,31,testing,archived_cycle_ineligible
3216,1986-11-07,51,testing,archived_cycle_ineligible
3216,1990-10-01,10,testing,archived_cycle_ineligible
3216,1990-10-01,31,testing,archived_cycle_ineligible
3228,1994-09-29,10,testing,archived_cycle_ineligible
3228,1994-09-29,31,testing,archived_cycle_ineligible
3228,1994-09-29,51,testing,archived_cycle_ineligible
3229,1993-10-29,10,testing,archived_cycle_ineligible
3229,1993-10-29,31,testing,archived_cycle_ineligible
3229,1993-10-29,51,testing,archived_cycle_ineligible
3237,1999-10-16,10,testing,archived_cycle_ineligible
3237,1999-10-16,31,testing,archived_cycle_ineligible
3237,1999-10-16,51,testing,archived_cycle_ineligible
3237,2003-10-12,10,testing,archived_cycle_ineligible
3237,2003-10-12,31,testing,archived_cycle_ineligible
3237,2003-10-12,51,testing,archived_cycle_ineligible
3240,1991-10-24,10,testing,archived_cycle_ineligible
3240,1991-10-24,51,testing,archived_cycle_ineligible
3241,1987-10-15,10,testing,archived_cycle_ineligible
3241,1987-10-15,31,testing,archived_cycle_ineligible
3241,1987-10-15,51,testing,archived_cycle_ineligible
3252,1987-10-09,10,testing,archived_cycle_ineligible
3252,1987-10-09,31,testing,archived_cycle_ineligible
3252,1987-10-09,51,testing,archived_cycle_ineligible
3252,1991-10-15,10,testing,archived_cycle_ineligible
3252,1991-10-15,51,testing,archived_cycle_ineligible
3282,2010-11-03,10,testing,archived_cycle_ineligible
3282,2010-11-03,31,testing,archived_cycle_ineligible
3282,2010-11-03,51,testing,archived_cycle_ineligible
3282,2010-11-03,85,testing,archived_cycle_ineligible
3298,1986-10-09,10,testing,archived_cycle_ineligible
3298,1986-10-09,31,testing,archived_cycle_ineligible
3298,1986-10-09,51,testing,archived_cycle_ineligible
3322,1985-10-14,10,testing,archived_cycle_ineligible
3322,1985-10-14,31,testing,archived_cycle_ineligible
3322,1985-10-14,51,testing,archived_cycle_ineligible
3359,1986-09-30,10,testing,archived_cycle_ineligible
3359,1986-09-30,31,testing,archived_cycle_ineligible
3359,1986-09-30,51,testing,archived_cycle_ineligible
3373,1989-10-16,10,testing,archived_cycle_ineligible
3373,1991-10-11,10,testing,archived_cycle_ineligible
3373,1991-10-11,31,testing,archived_cycle_ineligible
3388,1991-10-01,10,testing,archived_cycle_ineligible
3388,2012-09-22,10,testing,archived_cycle_ineligible
3388,2012-09-22,85,testing,archived_cycle_ineligible
3390,2011-10-18,85,testing,archived_cycle_ineligible
3392,1991-10-11,10,testing,archived_cycle_ineligible
3392,1999-09-09,10,testing,archived_cycle_ineligible
3392,1999-09-09,31,testing,archived_cycle_ineligible
3392,1999-09-09,51,testing,archived_cycle_ineligible
3412,1995-09-30,10,testing,archived_cycle_ineligible
3412,1995-09-30,31,testing,archived_cycle_ineligible
3412,1995-09-30,51,testing,archived_cycle_ineligible
3422,2008-10-08,10,testing,archived_cycle_ineligible
3422,2008-10-08,31,testing,archived_cycle_ineligible
3422,2008-10-08,51,testing,archived_cycle_ineligible
3422,2008-10-08,85,testing,archived_cycle_ineligible
3437,1988-10-17,10,testing,archived_cycle_ineligible
3437,1988-10-17,31,testing,archived_cycle_ineligible
3441,2002-10-12,10,testing,archived_cycle_ineligible
3446,1992-09-11,10,testing,archived_cycle_ineligible
3446,1992-09-11,31,testing,archived_cycle_ineligible
3446,1992-09-11,51,testing,archived_cycle_ineligible
3470,1988-09-16,10,testing,archived_cycle_ineligible
3470,1988-09-16,31,testing,archived_cycle_ineligible
3470,1988-09-16,51,testing,archived_cycle_ineligible
3472,1989-10-03,10,testing,archived_cycle_ineligible
3472,1989-10-03,31,testing,archived_cycle_ineligible
3472,1989-10-03,51,testing,archived_cycle_ineligible
3474,1990-10-13,10,testing,archived_cycle_ineligible
3484,1986-10-07,10,testing,archived_cycle_ineligible
3484,1986-10-07,31,testing,archived_cycle_ineligible
3484,1986-10-07,51,testing,archived_cycle_ineligible
3484,1993-10-12,10,testing,archived_cycle_ineligible
3484,2001-10-08,10,testing,archived_cycle_ineligible
3488,1990-10-10,10,testing,archived_cycle_ineligible
3488,1990-10-10,31,testing,archived_cycle_ineligible
3488,1990-10-10,51,testing,archived_cycle_ineligible
3488,1994-10-06,10,testing,archived_cycle_ineligible
3488,1994-10-06,31,testing,archived_cycle_ineligible
3488,1994-10-06,51,testing,archived_cycle_ineligible
3500,1993-09-18,10,testing,archived_cycle_ineligible
3500,2001-10-13,10,testing,archived_cycle_ineligible
3500,2001-10-13,51,testing,archived_cycle_ineligible
3501,1993-10-15,10,testing,archived_cycle_ineligible
3501,1993-10-15,31,testing,archived_cycle_ineligible
3501,1993-10-15,51,testing,archived_cycle_ineligible
3533,1990-09-11,10,testing,archived_cycle_ineligible
3533,1990-09-11,31,testing,archived_cycle_ineligible
3533,1990-09-11,51,testing,archived_cycle_ineligible
3533,1994-09-27,31,testing,archived_cycle_ineligible
3533,1994-09-27,51,testing,archived_cycle_ineligible
3533,1997-09-17,10,testing,archived_cycle_ineligible
3533,1997-09-17,31,testing,archived_cycle_ineligible
3533,1997-09-17,51,testing,archived_cycle_ineligible
3533,2000-09-16,10,testing,archived_cycle_ineligible
3533,2000-09-16,31,testing,archived_cycle_ineligible
3533,2000-09-16,51,testing,archived_cycle_ineligible
3533,2002-09-15,10,testing,archived_cycle_ineligible
3533,2002-09-15,31,testing,archived_cycle_ineligible
3533,2002-09-15,51,testing,archived_cycle_ineligible
3542,1993-10-12,10,testing,archived_cycle_ineligible
3542,1993-10-12,31,testing,archived_cycle_ineligible
3542,1993-10-12,51,testing,archived_cycle_ineligible
3542,1995-10-12,10,testing,archived_cycle_ineligible
3542,1995-10-12,31,testing,archived_cycle_ineligible
3542,1998-10-23,51,testing,archived_cycle_ineligible
3542,2000-10-23,10,testing,archived_cycle_ineligible
3542,2000-10-23,31,testing,archived_cycle_ineligible
3542,2004-10-17,10,testing,archived_cycle_ineligible
3542,2004-10-17,51,testing,archived_cycle_ineligible
3542,2008-10-19,51,testing,archived_cycle_ineligible
3542,2010-10-29,10,testing,archived_cycle_ineligible
3542,2010-10-29,31,testing,archived_cycle_ineligible
3542,2010-10-29,51,testing,archived_cycle_ineligible
3565,2007-10-30,10,testing,archived_cycle_ineligible
3565,2007-10-30,51,testing,archived_cycle_ineligible
3565,2007-10-30,85,testing,archived_cycle_ineligible
3602,1985-10-23,51,testing,archived_cycle_ineligible
3611,1989-11-03,10,testing,archived_cycle_ineligible
3611,1989-11-03,31,testing,archived_cycle_ineligible
3611,1989-11-03,51,testing,archived_cycle_ineligible
3618,1989-10-26,10,testing,archived_cycle_ineligible
3618,1989-10-26,31,testing,archived_cycle_ineligible
3618,1989-10-26,51,testing,archived_cycle_ineligible
3655,1987-10-20,10,testing,archived_cycle_ineligible
3655,1987-10-20,31,testing,archived_cycle_ineligible
3655,1987-10-20,51,testing,archived_cycle_ineligible
3655,1989-10-18,10,testing,archived_cycle_ineligible
3655,1989-10-18,31,testing,archived_cycle_ineligible
3655,1989-10-18,51,testing,archived_cycle_ineligible
3655,1997-10-10,10,testing,archived_cycle_ineligible
3655,1997-10-10,51,testing,archived_cycle_ineligible
3683,1987-10-19,10,testing,archived_cycle_ineligible
3693,1987-10-26,31,testing,archived_cycle_ineligible
3693,1987-10-26,51,testing,archived_cycle_ineligible
3693,1989-10-14,10,testing,archived_cycle_ineligible
3693,1989-10-14,31,testing,archived_cycle_ineligible
3693,1989-10-14,51,testing,archived_cycle_ineligible
3693,1992-10-11,31,testing,archived_cycle_ineligible
3693,1992-10-11,51,testing,archived_cycle_ineligible
3693,1998-10-14,10,testing,archived_cycle_ineligible
3693,1998-10-14,51,testing,archived_cycle_ineligible
3693,2001-10-20,10,testing,archived_cycle_ineligible
3693,2001-10-20,51,testing,archived_cycle_ineligible
3697,1992-10-07,10,testing,archived_cycle_ineligible
3697,1992-10-07,31,testing,archived_cycle_ineligible
3697,1992-10-07,51,testing,archived_cycle_ineligible
3697,1995-10-20,10,testing,archived_cycle_ineligible
3697,1995-10-20,31,testing,archived_cycle_ineligible
3697,1995-10-20,51,testing,archived_cycle_ineligible
3701,2005-10-05,31,testing,archived_cycle_ineligible
3701,2005-10-05,51,testing,archived_cycle_ineligible
3703,1994-10-13,10,testing,archived_cycle_ineligible
3703,1994-10-13,31,testing,archived_cycle_ineligible
3703,1994-10-13,51,testing,archived_cycle_ineligible
3703,1996-10-14,10,testing,archived_cycle_ineligible
3703,1996-10-14,31,testing,archived_cycle_ineligible
3703,1996-10-14,51,testing,archived_cycle_ineligible
3723,1993-10-14,10,testing,archived_cycle_ineligible
3723,1993-10-14,31,testing,archived_cycle_ineligible
3723,1993-10-14,51,testing,archived_cycle_ineligible
3727,1995-10-14,10,testing,archived_cycle_ineligible
3727,1995-10-14,51,testing,archived_cycle_ineligible
3733,2009-10-25,10,testing,archived_cycle_ineligible
3733,2012-10-04,10,testing,archived_cycle_ineligible
3741,1993-10-06,10,testing,archived_cycle_ineligible
3747,2008-10-25,10,testing,archived_cycle_ineligible
3753,1996-10-10,10,testing,archived_cycle_ineligible
3753,1996-10-10,31,testing,archived_cycle_ineligible
3753,1996-10-10,51,testing,archived_cycle_ineligible
3798,1999-10-06,10,testing,archived_cycle_ineligible
3798,1999-10-06,31,testing,archived_cycle_ineligible
3798,1999-10-06,51,testing,archived_cycle_ineligible
3798,2003-10-07,10,testing,archived_cycle_ineligible
3798,2003-10-07,31,testing,archived_cycle_ineligible
3798,2003-10-07,51,testing,archived_cycle_ineligible
3804,2006-10-07,10,testing,archived_cycle_ineligible
3806,2010-10-20,10,testing,archived_cycle_ineligible
3806,2010-10-20,31,testing,archived_cycle_ineligible
3806,2010-10-20,51,testing,archived_cycle_ineligible
3806,2010-10-20,85,testing,archived_cycle_ineligible
3806,2012-10-11,10,testing,archived_cycle_ineligible
3806,2012-10-11,31,testing,archived_cycle_ineligible
3806,2012-10-11,85,testing,archived_cycle_ineligible
3831,1989-10-23,10,testing,archived_cycle_ineligible
3831,1989-10-23,51,testing,archived_cycle_ineligible
3846,1997-10-07,10,testing,archived_cycle_ineligible
3846,1997-10-07,31,testing,archived_cycle_ineligible
3846,1997-10-07,51,testing,archived_cycle_ineligible
3848,1990-10-10,10,testing,archived_cycle_ineligible
3852,1986-10-05,10,testing,archived_cycle_ineligible
3852,1991-10-17,10,testing,archived_cycle_ineligible
3852,1996-10-14,10,testing,archived_cycle_ineligible
3853,1988-09-19,10,testing,archived_cycle_ineligible
3853,1988-09-19,31,testing,archived_cycle_ineligible
3853,1988-09-19,51,testing,archived_cycle_ineligible
3860,1994-09-17,10,testing,archived_cycle_ineligible
3875,1991-09-25,10,testing,archived_cycle_ineligible
3875,1991-09-25,31,testing,archived_cycle_ineligible
3875,1991-09-25,51,testing,archived_cycle_ineligible
3875,1996-09-22,10,testing,archived_cycle_ineligible
3875,1996-09-22,31,testing,archived_cycle_ineligible
3875,1996-09-22,51,testing,archived_cycle_ineligible
3875,2000-10-05,10,testing,archived_cycle_ineligible
3875,2000-10-05,31,testing,archived_cycle_ineligible
3887,1986-10-11,10,testing,archived_cycle_ineligible
3887,1986-10-11,51,testing,archived_cycle_ineligible
3887,1990-10-16,10,testing,archived_cycle_ineligible
3887,1990-10-16,31,testing,archived_cycle_ineligible
3887,1990-10-16,51,testing,archived_cycle_ineligible
3887,1992-10-18,10,testing,archived_cycle_ineligible
3887,1992-10-18,31,testing,archived_cycle_ineligible
3887,1992-10-18,51,testing,archived_cycle_ineligible
3897,2009-09-22,10,testing,archived_cycle_ineligible
3897,2011-10-01,10,testing,archived_cycle_ineligible
3897,2011-10-01,85,testing,archived_cycle_ineligible
3907,1987-09-17,10,testing,archived_cycle_ineligible
3926,1996-10-20,10,testing,archived_cycle_ineligible
3926,2011-10-15,10,testing,archived_cycle_ineligible
3934,1987-10-06,10,testing,archived_cycle_ineligible
3934,1987-10-06,31,testing,archived_cycle_ineligible
3934,1987-10-06,51,testing,archived_cycle_ineligible
3940,1988-09-22,10,testing,archived_cycle_ineligible
3940,1991-09-06,31,testing,archived_cycle_ineligible
3940,1991-09-06,51,testing,archived_cycle_ineligible
3940,1998-09-10,31,testing,archived_cycle_ineligible
3940,1998-09-10,51,testing,archived_cycle_ineligible
3940,2011-09-14,85,testing,archived_cycle_ineligible
3956,1988-10-03,10,testing,archived_cycle_ineligible
3956,1988-10-03,51,testing,archived_cycle_ineligible
3963,1986-10-02,10,testing,archived_cycle_ineligible
3963,1994-10-20,10,testing,archived_cycle_ineligible
3963,1994-10-20,31,testing,archived_cycle_ineligible
3963,1994-10-20,51,testing,archived_cycle_ineligible
3964,1989-10-07,10,testing,archived_cycle_ineligible
3967,1985-10-10,10,testing,archived_cycle_ineligible
3967,1988-10-03,10,testing,archived_cycle_ineligible
3983,1989-10-12,10,testing,archived_cycle_ineligible
3986,2002-10-05,10,testing,archived_cycle_ineligible
3986,2004-10-05,10,testing,archived_cycle_ineligible
3989,1994-09-22,10,testing,archived_cycle_ineligible
3989,1994-09-22,31,testing,archived_cycle_ineligible
3989,1994-09-22,51,testing,archived_cycle_ineligible
3990,1999-10-18,10,testing,archived_cycle_ineligible
3990,1999-10-18,31,testing,archived_cycle_ineligible
3990,1999-10-18,51,testing,archived_cycle_ineligible
4044,1986-09-23,10,testing,archived_cycle_ineligible
4044,1986-09-23,51,testing,archived_cycle_ineligible
4059,1989-10-24,10,testing,archived_cycle_ineligible
4059,1989-10-24,31,testing,archived_cycle_ineligible
4059,1989-10-24,51,testing,archived_cycle_ineligible
4059,1994-09-28,10,testing,archived_cycle_ineligible
4060,2000-10-17,10,testing,archived_cycle_ineligible
4060,2000-10-17,31,testing,archived_cycle_ineligible
4060,2000-10-17,51,testing,archived_cycle_ineligible
4060,2003-10-02,10,testing,archived_cycle_ineligible
4060,2003-10-02,31,testing,archived_cycle_ineligible
4060,2003-10-02,51,testing,archived_cycle_ineligible
4060,2005-10-10,10,testing,archived_cycle_ineligible
4060,2005-10-10,31,testing,archived_cycle_ineligible
4060,2005-10-10,51,testing,archived_cycle_ineligible
4060,2005-10-10,85,testing,archived_cycle_ineligible
4065,1990-10-08,10,testing,archived_cycle_ineligible
4068,1996-10-12,10,testing,archived_cycle_ineligible
4068,1996-10-12,31,testing,archived_cycle_ineligible
4068,1996-10-12,51,testing,archived_cycle_ineligible
4072,1987-10-10,10,testing,archived_cycle_ineligible
4072,1987-10-10,31,testing,archived_cycle_ineligible
4072,1987-10-10,51,testing,archived_cycle_ineligible
4083,2001-09-28,10,testing,archived_cycle_ineligible
4083,2001-09-28,31,testing,archived_cycle_ineligible
4083,2001-09-28,51,testing,archived_cycle_ineligible
4097,1994-10-11,10,testing,archived_cycle_ineligible
4097,1994-10-11,31,testing,archived_cycle_ineligible
4097,1994-10-11,51,testing,archived_cycle_ineligible
4097,1997-10-17,10,testing,archived_cycle_ineligible
4097,1997-10-17,31,testing,archived_cycle_ineligible
4097,1997-10-17,51,testing,archived_cycle_ineligible
4097,2001-10-11,10,testing,archived_cycle_ineligible
4097,2001-10-11,31,testing,archived_cycle_ineligible
4097,2001-10-11,51,testing,archived_cycle_ineligible
4103,1988-09-30,10,testing,archived_cycle_ineligible
4103,1988-09-30,31,testing,archived_cycle_ineligible
4103,1988-09-30,51,testing,archived_cycle_ineligible
4109,1997-10-02,10,testing,archived_cycle_ineligible
4109,1997-10-02,31,testing,archived_cycle_ineligible
4109,1997-10-02,51,testing,archived_cycle_ineligible
4109,2005-10-08,10,testing,archived_cycle_ineligible
4109,2005-10-08,31,testing,archived_cycle_ineligible
4109,2005-10-08,51,testing,archived_cycle_ineligible
4109,2005-10-08,85,testing,archived_cycle_ineligible
4129,1997-10-04,10,testing,archived_cycle_ineligible
4129,1997-10-04,31,testing,archived_cycle_ineligible
4129,1997-10-04,51,testing,archived_cycle_ineligible
4146,1988-10-11,31,testing,archived_cycle_ineligible
4146,1988-10-11,51,testing,archived_cycle_ineligible
4159,1990-09-27,10,testing,archived_cycle_ineligible
4159,1990-09-27,31,testing,archived_cycle_ineligible
4159,1990-09-27,51,testing,archived_cycle_ineligible
4159,1992-10-03,10,testing,archived_cycle_ineligible
4159,1992-10-03,31,testing,archived_cycle_ineligible
4159,1992-10-03,51,testing,archived_cycle_ineligible
4159,1999-10-04,10,testing,archived_cycle_ineligible
4160,1996-10-24,51,testing,archived_cycle_ineligible
4166,1990-10-08,10,testing,archived_cycle_ineligible
4166,1993-10-08,10,testing,archived_cycle_ineligible
4172,1991-11-05,31,testing,archived_cycle_ineligible
4172,1991-11-05,51,testing,archived_cycle_ineligible
4198,1991-10-27,10,testing,archived_cycle_ineligible
4205,2006-10-14,10,testing,archived_cycle_ineligible
4213,1998-10-06,10,testing,archived_cycle_ineligible
4213,1998-10-06,31,testing,archived_cycle_ineligible
4213,1998-10-06,51,testing,archived_cycle_ineligible
4231,1998-11-07,31,testing,archived_cycle_ineligible
4231,1998-11-07,51,testing,archived_cycle_ineligible
4270,1985-11-04,10,testing,archived_cycle_ineligible
4270,1985-11-04,31,testing,archived_cycle_ineligible
4270,1985-11-04,51,testing,archived_cycle_ineligible
4270,2000-09-09,10,testing,archived_cycle_ineligible
4281,1992-10-27,10,testing,archived_cycle_ineligible
4281,1997-10-18,10,testing,archived_cycle_ineligible
4281,2001-10-16,10,testing,archived_cycle_ineligible
4281,2001-10-16,31,testing,archived_cycle_ineligible
4281,2009-10-27,85,testing,archived_cycle_ineligible
4281,2011-10-08,85,testing,archived_cycle_ineligible
4342,2004-10-12,10,testing,archived_cycle_ineligible
4350,1993-09-24,10,testing,archived_cycle_ineligible
4350,1993-09-24,31,testing,archived_cycle_ineligible
4350,1993-09-24,51,testing,archived_cycle_ineligible
4372,1986-10-14,10,testing,archived_cycle_ineligible
4372,1986-10-14,31,testing,archived_cycle_ineligible
4372,1986-10-14,51,testing,archived_cycle_ineligible
4378,1989-10-16,10,testing,archived_cycle_ineligible
4378,1989-10-16,31,testing,archived_cycle_ineligible
4378,1989-10-16,51,testing,archived_cycle_ineligible
4394,1991-09-28,10,testing,archived_cycle_ineligible
4394,1996-10-24,31,testing,archived_cycle_ineligible
4394,1996-10-24,51,testing,archived_cycle_ineligible
4409,1985-10-07,10,testing,archived_cycle_ineligible
4409,1985-10-07,51,testing,archived_cycle_ineligible
4409,1990-10-15,10,testing,archived_cycle_ineligible
4409,1990-10-15,31,testing,archived_cycle_ineligible
4409,1990-10-15,51,testing,archived_cycle_ineligible
4409,1995-10-28,51,testing,archived_cycle_ineligible
4409,1999-10-14,10,testing,archived_cycle_ineligible
4409,1999-10-14,31,testing,archived_cycle_ineligible
4409,1999-10-14,51,testing,archived_cycle_ineligible
4409,2006-09-29,10,testing,archived_cycle_ineligible
4409,2006-09-29,51,testing,archived_cycle_ineligible
4424,1987-10-28,10,testing,archived_cycle_ineligible
4424,1987-10-28,31,testing,archived_cycle_ineligible
4424,1987-10-28,51,testing,archived_cycle_ineligible
4438,1985-09-12,51,testing,archived_cycle_ineligible
4438,1989-10-17,51,testing,archived_cycle_ineligible
4447,1986-10-20,10,testing,archived_cycle_ineligible
4447,1986-10-20,31,testing,archived_cycle_ineligible
4447,1986-10-20,51,testing,archived_cycle_ineligible
4448,1991-10-09,10,testing,archived_cycle_ineligible
4448,1991-10-09,31,testing,archived_cycle_ineligible
4448,1991-10-09,51,testing,archived_cycle_ineligible
4463,1991-10-12,10,testing,archived_cycle_ineligible
4486,1988-10-17,10,testing,archived_cycle_ineligible
4498,2010-09-21,10,testing,archived_cycle_ineligible
4498,2010-09-21,31,testing,archived_cycle_ineligible
4498,2010-09-21,85,testing,archived_cycle_ineligible
4539,2009-10-14,10,testing,archived_cycle_ineligible
4551,1990-10-10,10,testing,archived_cycle_ineligible
4551,1993-10-01,10,testing,archived_cycle_ineligible
4560,2003-10-16,10,testing,archived_cycle_ineligible
4560,2003-10-16,31,testing,archived_cycle_ineligible
4560,2003-10-16,51,testing,archived_cycle_ineligible
4564,1990-10-12,10,testing,archived_cycle_ineligible
4564,1990-10-12,31,testing,archived_cycle_ineligible
4564,1990-10-12,51,testing,archived_cycle_ineligible
4573,1999-10-13,10,testing,archived_cycle_ineligible
4624,1992-10-18,10,testing,archived_cycle_ineligible
4632,1996-10-04,10,testing,archived_cycle_ineligible
4632,1996-10-04,31,testing,archived_cycle_ineligible
4632,1996-10-04,51,testing,archived_cycle_ineligible
4637,1987-10-16,10,testing,archived_cycle_ineligible
4637,1987-10-16,31,testing,archived_cycle_ineligible
4637,1987-10-16,51,testing,archived_cycle_ineligible
4649,1985-10-05,10,testing,archived_cycle_ineligible
4649,1985-10-05,31,testing,archived_cycle_ineligible
4649,1985-10-05,51,testing,archived_cycle_ineligible
4649,1989-09-28,10,testing,archived_cycle_ineligible
4649,1989-09-28,31,testing,archived_cycle_ineligible
4649,1989-09-28,51,testing,archived_cycle_ineligible
4649,1994-09-29,10,testing,archived_cycle_ineligible
4649,1994-09-29,31,testing,archived_cycle_ineligible
4649,1994-09-29,51,testing,archived_cycle_ineligible
4649,2005-09-23,10,testing,archived_cycle_ineligible
4649,2005-09-23,85,testing,archived_cycle_ineligible
4653,1987-10-24,10,testing,archived_cycle_ineligible
4653,1987-10-24,31,testing,archived_cycle_ineligible
4653,1987-10-24,51,testing,archived_cycle_ineligible
4708,1993-10-11,10,testing,archived_cycle_ineligible
4708,1993-10-11,31,testing,archived_cycle_ineligible
4738,1998-10-21,10,testing,archived_cycle_ineligible
4738,1998-10-21,31,testing,archived_cycle_ineligible
4738,1998-10-21,51,testing,archived_cycle_ineligible
4757,2008-09-17,10,testing,archived_cycle_ineligible
4757,2008-09-17,31,testing,archived_cycle_ineligible
4757,2008-09-17,51,testing,archived_cycle_ineligible
4757,2008-09-17,85,testing,archived_cycle_ineligible
4805,1996-10-14,10,testing,archived_cycle_ineligible
4805,1999-10-29,10,testing,archived_cycle_ineligible
4825,1994-10-11,10,testing,archived_cycle_ineligible
4825,1994-10-11,31,testing,archived_cycle_ineligible
4825,1994-10-11,51,testing,archived_cycle_ineligible
4846,1995-10-09,10,testing,archived_cycle_ineligible
4846,1995-10-09,31,testing,archived_cycle_ineligible
4846,1995-10-09,51,testing,archived_cycle_ineligible
4846,1998-10-19,10,testing,archived_cycle_ineligible
4846,1998-10-19,31,testing,archived_cycle_ineligible
4846,1998-10-19,51,testing,archived_cycle_ineligible
4846,2005-10-05,10,testing,archived_cycle_ineligible
4846,2005-10-05,31,testing,archived_cycle_ineligible
4846,2005-10-05,51,testing,archived_cycle_ineligible
4846,2005-10-05,85,testing,archived_cycle_ineligible
4872,2002-09-16,10,testing,archived_cycle_ineligible
4872,2002-09-16,31,testing,archived_cycle_ineligible
4872,2002-09-16,51,testing,archived_cycle_ineligible
4891,1995-10-20,10,testing,archived_cycle_ineligible
4909,1993-10-04,10,testing,archived_cycle_ineligible
4909,1993-10-04,31,testing,archived_cycle_ineligible
4909,1993-10-04,51,testing,archived_cycle_ineligible
4909,1997-10-13,10,testing,archived_cycle_ineligible
4909,1997-10-13,31,testing,archived_cycle_ineligible
4909,1997-10-13,51,testing,archived_cycle_ineligible
4910,1999-10-17,10,testing,archived_cycle_ineligible
4929,1998-10-10,10,testing,archived_cycle_ineligible
4929,2009-09-17,10,testing,archived_cycle_ineligible
4929,2009-09-17,31,testing,archived_cycle_ineligible
4929,2009-09-17,85,testing,archived_cycle_ineligible
4929,2013-09-24,10,testing,archived_cycle_ineligible
4929,2013-09-24,31,testing,archived_cycle_ineligible
4929,2013-09-24,51,testing,archived_cycle_ineligible
4929,2013-09-24,85,testing,archived_cycle_ineligible
4937,1999-10-25,10,testing,archived_cycle_ineligible
4937,1999-10-25,31,testing,archived_cycle_ineligible
4937,1999-10-25,51,testing,archived_cycle_ineligible
4942,1994-10-06,10,testing,archived_cycle_ineligible
4942,2003-09-04,10,testing,archived_cycle_ineligible
4942,2003-09-04,31,testing,archived_cycle_ineligible
4942,2003-09-04,51,testing,archived_cycle_ineligible
4967,2002-09-20,10,testing,archived_cycle_ineligible
4967,2002-09-20,31,testing,archived_cycle_ineligible
4967,2002-09-20,51,testing,archived_cycle_ineligible
4993,1999-10-07,10,testing,archived_cycle_ineligible
5043,2002-10-05,10,testing,archived_cycle_ineligible
5080,2002-09-21,10,testing,archived_cycle_ineligible
5080,2002-09-21,31,testing,archived_cycle_ineligible
5080,2002-09-21,51,testing,archived_cycle_ineligible
5080,2007-09-23,10,testing,archived_cycle_ineligible
5080,2007-09-23,31,testing,archived_cycle_ineligible
5080,2007-09-23,51,testing,archived_cycle_ineligible
5080,2007-09-23,85,testing,archived_cycle_ineligible
5080,2011-09-21,10,testing,archived_cycle_ineligible
5080,2011-09-21,85,testing,archived_cycle_ineligible
5085,1994-10-20,10,testing,archived_cycle_ineligible
5129,2008-09-19,10,testing,archived_cycle_ineligible
5129,2008-09-19,31,testing,archived_cycle_ineligible
5129,2008-09-19,51,testing,archived_cycle_ineligible
5129,2008-09-19,85,testing,archived_cycle_ineligible
5143,1993-10-18,31,testing,archived_cycle_ineligible
5143,1993-10-18,51,testing,archived_cycle_ineligible
5144,1994-09-14,10,testing,archived_cycle_ineligible
5144,1994-09-14,31,testing,archived_cycle_ineligible
5144,1994-09-14,51,testing,archived_cycle_ineligible
5144,1997-09-11,10,testing,archived_cycle_ineligible
5144,2000-10-04,10,testing,archived_cycle_ineligible
5144,2008-09-27,10,testing,archived_cycle_ineligible
5171,1997-10-07,10,testing,archived_cycle_ineligible
5171,1997-10-07,31,testing,archived_cycle_ineligible
5171,1997-10-07,51,testing,archived_cycle_ineligible
5171,2002-09-26,10,testing,archived_cycle_ineligible
5171,2002-09-26,31,testing,archived_cycle_ineligible
5171,2002-09-26,51,testing,archived_cycle_ineligible
5171,2006-09-22,10,testing,archived_cycle_ineligible
5171,2006-09-22,31,testing,archived_cycle_ineligible
5171,2006-09-22,51,testing,archived_cycle_ineligible
5171,2006-09-22,85,testing,archived_cycle_ineligible
5171,2010-10-02,10,testing,archived_cycle_ineligible
5171,2010-10-02,51,testing,archived_cycle_ineligible
5171,2010-10-02,85,testing,archived_cycle_ineligible
5171,2013-10-17,10,testing,archived_cycle_ineligible
5171,2013-10-17,51,testing,archived_cycle_ineligible
5171,2013-10-17,85,testing,archived_cycle_ineligible
5283,2003-09-24,10,testing,archived_cycle_ineligible
5283,2003-09-24,31,testing,archived_cycle_ineligible
5283,2003-09-24,51,testing,archived_cycle_ineligible
5292,2002-09-19,10,testing,archived_cycle_ineligible
5384,2008-09-29,10,testing,archived_cycle_ineligible
5384,2008-09-29,31,testing,archived_cycle_ineligible
5384,2008-09-29,51,testing,archived_cycle_ineligible
5415,1992-10-06,10,testing,archived_cycle_ineligible
5415,1992-10-06,31,testing,archived_cycle_ineligible
5415,1992-10-06,51,testing,archived_cycle_ineligible
5421,2008-10-20,10,testing,archived_cycle_ineligible
5421,2008-10-20,31,testing,archived_cycle_ineligible
5421,2008-10-20,51,testing,archived_cycle_ineligible
5421,2008-10-20,85,testing,archived_cycle_ineligible
5431,1992-09-22,10,testing,archived_cycle_ineligible
5431,1992-09-22,31,testing,archived_cycle_ineligible
5431,1992-09-22,51,testing,archived_cycle_ineligible
5433,1992-10-17,10,testing,archived_cycle_ineligible
5433,1992-10-17,31,testing,archived_cycle_ineligible
5433,1992-10-17,51,testing,archived_cycle_ineligible
5443,2012-09-28,51,testing,archived_cycle_ineligible
5656,1999-10-08,10,testing,archived_cycle_ineligible
5678,1993-09-28,10,testing,archived_cycle_ineligible
5678,1993-09-28,51,testing,archived_cycle_ineligible
5678,2005-10-08,10,testing,archived_cycle_ineligible
5678,2005-10-08,51,testing,archived_cycle_ineligible
5693,2000-10-03,10,testing,archived_cycle_ineligible
5695,1993-10-05,10,testing,archived_cycle_ineligible
5707,1993-10-08,10,testing,archived_cycle_ineligible
5707,1993-10-08,31,testing,archived_cycle_ineligible
5707,1993-10-08,51,testing,archived_cycle_ineligible
5712,1999-10-20,31,testing,archived_cycle_ineligible
5712,1999-10-20,51,testing,archived_cycle_ineligible
5712,2001-10-15,10,testing,archived_cycle_ineligible
5744,2006-10-02,10,testing,archived_cycle_ineligible
5744,2006-10-02,31,testing,archived_cycle_ineligible
5744,2006-10-02,51,testing,archived_cycle_ineligible
5744,2006-10-02,85,testing,archived_cycle_ineligible
5744,2013-09-24,10,testing,archived_cycle_ineligible
5744,2013-09-24,31,testing,archived_cycle_ineligible
5744,2013-09-24,51,testing,archived_cycle_ineligible
5744,2013-09-24,85,testing,archived_cycle_ineligible
5756,2010-10-27,10,testing,archived_cycle_ineligible
5756,2010-10-27,31,testing,archived_cycle_ineligible
5756,2010-10-27,51,testing,archived_cycle_ineligible
5756,2010-10-27,85,testing,archived_cycle_ineligible
5828,2002-10-11,10,testing,archived_cycle_ineligible
5842,1996-10-07,10,testing,archived_cycle_ineligible
5842,1996-10-07,31,testing,archived_cycle_ineligible
5842,1996-10-07,51,testing,archived_cycle_ineligible
5875,1992-11-21,10,testing,archived_cycle_ineligible
5875,2010-09-25,10,testing,archived_cycle_ineligible
5875,2010-09-25,31,testing,archived_cycle_ineligible
5875,2010-09-25,51,testing,archived_cycle_ineligible
5875,2010-09-25,85,testing,archived_cycle_ineligible
5893,1993-10-10,10,testing,archived_cycle_ineligible
5935,1992-10-20,10,testing,archived_cycle_ineligible
5935,1992-10-20,31,testing,archived_cycle_ineligible
5935,1992-10-20,51,testing,archived_cycle_ineligible
5935,1994-10-10,10,testing,archived_cycle_ineligible
5935,1994-10-10,31,testing,archived_cycle_ineligible
5935,1994-10-10,51,testing,archived_cycle_ineligible
5935,1996-10-14,10,testing,archived_cycle_ineligible
5935,1996-10-14,31,testing,archived_cycle_ineligible
5935,1996-10-14,51,testing,archived_cycle_ineligible
5941,1992-09-27,10,testing,archived_cycle_ineligible
5941,1992-09-27,31,testing,archived_cycle_ineligible
5941,1992-09-27,51,testing,archived_cycle_ineligible
5941,1998-09-18,10,testing,archived_cycle_ineligible
5941,1998-09-18,31,testing,archived_cycle_ineligible
5941,1998-09-18,51,testing,archived_cycle_ineligible
5942,1995-10-10,10,testing,archived_cycle_ineligible
5942,2002-10-20,10,testing,archived_cycle_ineligible
5943,2004-10-03,10,testing,archived_cycle_ineligible
5968,1996-11-01,10,testing,archived_cycle_ineligible
5968,1996-11-01,31,testing,archived_cycle_ineligible
5968,1996-11-01,51,testing,archived_cycle_ineligible
5982,1998-09-22,10,testing,archived_cycle_ineligible
5982,1998-09-22,31,testing,archived_cycle_ineligible
5982,1998-09-22,51,testing,archived_cycle_ineligible
6024,2010-10-22,10,testing,archived_cycle_ineligible
6024,2010-10-22,31,testing,archived_cycle_ineligible
6024,2010-10-22,51,testing,archived_cycle_ineligible
6024,2010-10-22,85,testing,archived_cycle_ineligible
6045,2012-09-03,85,testing,archived_cycle_ineligible
6088,2002-10-16,10,testing,archived_cycle_ineligible
6093,1997-10-23,10,testing,archived_cycle_ineligible
6093,1997-10-23,31,testing,archived_cycle_ineligible
6093,1997-10-23,51,testing,archived_cycle_ineligible
6103,2001-10-16,10,testing,archived_cycle_ineligible
6103,2001-10-16,51,testing,archived_cycle_ineligible
6137,2007-10-15,10,testing,archived_cycle_ineligible
6155,1993-10-18,10,testing,archived_cycle_ineligible
6155,1993-10-18,31,testing,archived_cycle_ineligible
6160,2003-09-08,10,testing,archived_cycle_ineligible
6160,2003-09-08,31,testing,archived_cycle_ineligible
6160,2003-09-08,51,testing,archived_cycle_ineligible
6162,1997-10-30,10,testing,archived_cycle_ineligible
6162,2000-09-27,10,testing,archived_cycle_ineligible
6163,2011-10-20,10,testing,archived_cycle_ineligible
6188,1995-10-10,10,testing,archived_cycle_ineligible
6188,1995-10-10,31,testing,archived_cycle_ineligible
6188,1995-10-10,51,testing,archived_cycle_ineligible
6188,2001-10-05,10,testing,archived_cycle_ineligible
6188,2001-10-05,31,testing,archived_cycle_ineligible
6188,2001-10-05,51,testing,archived_cycle_ineligible
6188,2007-10-08,10,testing,archived_cycle_ineligible
6195,2002-09-26,10,testing,archived_cycle_ineligible
6203,1997-10-10,31,testing,archived_cycle_ineligible
6203,1997-10-10,51,testing,archived_cycle_ineligible
6203,1999-10-15,10,testing,archived_cycle_ineligible
6203,1999-10-15,31,testing,archived_cycle_ineligible
6239,2000-09-18,10,testing,archived_cycle_ineligible
6239,2000-09-18,31,testing,archived_cycle_ineligible
6239,2000-09-18,51,testing,archived_cycle_ineligible
6241,1997-09-22,10,testing,archived_cycle_ineligible
6241,1997-09-22,31,testing,archived_cycle_ineligible
6241,1997-09-22,51,testing,archived_cycle_ineligible
6241,2006-10-13,10,testing,archived_cycle_ineligible
6241,2006-10-13,31,testing,archived_cycle_ineligible
6241,2006-10-13,51,testing,archived_cycle_ineligible
6241,2006-10-13,85,testing,archived_cycle_ineligible
6241,2011-10-21,10,testing,archived_cycle_ineligible
6241,2011-10-21,85,testing,archived_cycle_ineligible
6280,1993-10-25,10,testing,archived_cycle_ineligible
6280,1993-10-25,31,testing,archived_cycle_ineligible
6280,1993-10-25,51,testing,archived_cycle_ineligible
6285,1997-10-03,10,testing,archived_cycle_ineligible
6285,1997-10-03,51,testing,archived_cycle_ineligible
6285,2006-10-03,10,testing,archived_cycle_ineligible
6285,2006-10-03,31,testing,archived_cycle_ineligible
6285,2006-10-03,51,testing,archived_cycle_ineligible
6285,2006-10-03,85,testing,archived_cycle_ineligible
6292,1997-09-25,10,testing,archived_cycle_ineligible
6292,1997-09-25,31,testing,archived_cycle_ineligible
6292,1999-10-12,10,testing,archived_cycle_ineligible
6292,1999-10-12,31,testing,archived_cycle_ineligible
6292,1999-10-12,51,testing,archived_cycle_ineligible
6292,2001-09-26,10,testing,archived_cycle_ineligible
6292,2001-09-26,31,testing,archived_cycle_ineligible
6292,2007-10-10,10,testing,archived_cycle_ineligible
6292,2007-10-10,31,testing,archived_cycle_ineligible
6292,2007-10-10,51,testing,archived_cycle_ineligible
6292,2007-10-10,85,testing,archived_cycle_ineligible
6338,2009-10-19,10,testing,archived_cycle_ineligible
6338,2009-10-19,31,testing,archived_cycle_ineligible
6338,2009-10-19,51,testing,archived_cycle_ineligible
6379,2006-09-24,10,testing,archived_cycle_ineligible
6379,2006-09-24,31,testing,archived_cycle_ineligible
6379,2006-09-24,51,testing,archived_cycle_ineligible
6379,2006-09-24,85,testing,archived_cycle_ineligible
6401,2001-10-11,10,testing,archived_cycle_ineligible
6415,1998-09-24,10,testing,archived_cycle_ineligible
6415,2006-10-17,10,testing,archived_cycle_ineligible
6416,1999-09-21,10,testing,archived_cycle_ineligible
6416,1999-09-21,31,testing,archived_cycle_ineligible
6416,1999-09-21,51,testing,archived_cycle_ineligible
6419,1998-09-24,10,testing,archived_cycle_ineligible
6419,1998-09-24,31,testing,archived_cycle_ineligible
6419,1998-09-24,51,testing,archived_cycle_ineligible
6419,2005-09-19,10,testing,archived_cycle_ineligible
6419,2005-09-19,31,testing,archived_cycle_ineligible
6419,2005-09-19,51,testing,archived_cycle_ineligible
6424,2005-09-23,10,testing,archived_cycle_ineligible
6424,2005-09-23,31,testing,archived_cycle_ineligible
6424,2005-09-23,51,testing,archived_cycle_ineligible
6424,2005-09-23,85,testing,archived_cycle_ineligible
6424,2008-09-26,10,testing,archived_cycle_ineligible
6424,2008-09-26,31,testing,archived_cycle_ineligible
6424,2008-09-26,51,testing,archived_cycle_ineligible
6424,2008-09-26,85,testing,archived_cycle_ineligible
6424,2011-09-28,10,testing,archived_cycle_ineligible
6424,2011-09-28,85,testing,archived_cycle_ineligible
6437,1995-10-10,10,testing,archived_cycle_ineligible
6437,1995-10-10,31,testing,archived_cycle_ineligible
6437,1995-10-10,51,testing,archived_cycle_ineligible
6441,1995-10-13,10,testing,archived_cycle_ineligible
6441,2005-10-02,10,testing,archived_cycle_ineligible
6441,2005-10-02,31,testing,archived_cycle_ineligible
6441,2005-10-02,51,testing,archived_cycle_ineligible
6441,2005-10-02,85,testing,archived_cycle_ineligible
6441,2007-10-09,10,testing,archived_cycle_ineligible
6441,2007-10-09,31,testing,archived_cycle_ineligible
6441,2007-10-09,51,testing,archived_cycle_ineligible
6441,2007-10-09,85,testing,archived_cycle_ineligible
6441,2010-10-07,10,testing,archived_cycle_ineligible
6443,1994-10-25,10,testing,archived_cycle_ineligible
6443,1994-10-25,51,testing,archived_cycle_ineligible
6443,2000-10-04,10,testing,archived_cycle_ineligible
6443,2000-10-04,31,testing,archived_cycle_ineligible
8138,2013-10-10,10,testing,archived_cycle_ineligible
8138,2013-10-10,31,testing,archived_cycle_ineligible
8138,2013-10-10,51,testing,archived_cycle_ineligible
8138,2013-10-10,85,testing,archived_cycle_ineligible
8149,2009-10-04,10,testing,archived_cycle_ineligible
8149,2009-10-04,31,testing,archived_cycle_ineligible
8149,2009-10-04,51,testing,archived_cycle_ineligible
8149,2009-10-04,85,testing,archived_cycle_ineligible
8169,2010-10-29,10,testing,archived_cycle_ineligible
8179,2006-10-17,10,testing,archived_cycle_ineligible
8179,2009-09-28,10,testing,archived_cycle_ineligible
8179,2009-09-28,51,testing,archived_cycle_ineligible
8179,2012-10-16,10,testing,archived_cycle_ineligible
8191,2010-10-09,10,testing,archived_cycle_ineligible
8191,2010-10-09,51,testing,archived_cycle_ineligible
8198,2013-10-08,10,testing,archived_cycle_ineligible
8198,2013-10-08,31,testing,archived_cycle_ineligible
8198,2013-10-08,51,testing,archived_cycle_ineligible
8203,2012-09-24,10,testing,archived_cycle_ineligible
8203,2012-09-24,31,testing,archived_cycle_ineligible
8206,2013-09-03,10,testing,archived_cycle_ineligible
8236,2006-10-17,10,testing,archived_cycle_ineligible
8236,2006-10-17,31,testing,archived_cycle_ineligible
8236,2006-10-17,51,testing,archived_cycle_ineligible
8236,2006-10-17,85,testing,archived_cycle_ineligible
8236,2009-10-20,10,testing,archived_cycle_ineligible
8267,2011-10-01,10,testing,archived_cycle_ineligible
8267,2011-10-01,85,testing,archived_cycle_ineligible
19310,2013-10-08,10,testing,archived_cycle_ineligible
19310,2013-10-08,51,testing,archived_cycle_ineligible
19310,2013-10-08,85,testing,archived_cycle_ineligible
