TrialId,year,Date,mixture,rep,var_origin,Value,n_numeric,n_senescent,n_unassessed,source_rows,leaf_rank,series_id,location_id,coordinate_year,Country,cultivar,season_year,episode_index,start,day,conditioning,target_leaf_index,fraction,observed_percent,predicted_percent,model
2018|M1|bloc1|APA,2018,2018-05-28,M1,bloc1,APA,0.0,10,0,0,"641,642,643,644,645,646,647,648,649,650",1,2018|M1|bloc1|APA|F1,era5loc_ed480fff4117,era5loc_ed480fff4117|2018,FRANCE,APA,2018,0,2018-05-11,17,False,0,0.0,0.0,13.721414086282477,primary_secondary_hidden_BASF_frozen
2018|M1|bloc1|APA,2018,2018-06-09,M1,bloc1,APA,2.0,10,0,0,"881,882,883,884,885,886,887,888,889,890",1,2018|M1|bloc1|APA|F1,era5loc_ed480fff4117,era5loc_ed480fff4117|2018,FRANCE,APA,2018,0,2018-05-11,29,False,0,0.02,2.0,38.68029747716989,primary_secondary_hidden_BASF_frozen
2018|M1|bloc1|APA,2018,2018-06-15,M1,bloc1,APA,15.0,10,0,0,"1121,1122,1123,1124,1125,1126,1127,1128,1129,1130",1,2018|M1|bloc1|APA|F1,era5loc_ed480fff4117,era5loc_ed480fff4117|2018,FRANCE,APA,2018,0,2018-05-11,35,False,0,0.15,15.0,54.54525614100834,primary_secondary_hidden_BASF_frozen
2018|M1|bloc1|APA,2018,2018-05-28,M1,bloc1,APA,0.6,10,0,0,"641,642,643,644,645,646,647,648,649,650",2,2018|M1|bloc1|APA|F2,era5loc_ed480fff4117,era5loc_ed480fff4117|2018,FRANCE,APA,2018,1,2018-05-11,17,False,1,0.006,0.6,14.492182929208974,primary_secondary_hidden_BASF_frozen
2018|M1|bloc1|APA,2018,2018-06-09,M1,bloc1,APA,7.8,10,0,0,"881,882,883,884,885,886,887,888,889,890",2,2018|M1|bloc1|APA|F2,era5loc_ed480fff4117,era5loc_ed480fff4117|2018,FRANCE,APA,2018,1,2018-05-11,29,False,1,0.078,7.8,41.58207956941349,primary_secondary_hidden_BASF_frozen
2018|M1|bloc1|APA,2018,2018-05-28,M1,bloc1,APA,4.8,10,0,0,"641,642,643,644,645,646,647,648,649,650",3,2018|M1|bloc1|APA|F3,era5loc_ed480fff4117,era5loc_ed480fff4117|2018,FRANCE,APA,2018,2,2018-05-11,17,False,2,0.048,4.8,30.88285258107866,primary_secondary_hidden_BASF_frozen
2018|M1|bloc1|APA,2018,2018-06-09,M1,bloc1,APA,13.3,10,0,0,"881,882,883,884,885,886,887,888,889,890",3,2018|M1|bloc1|APA|F3,era5loc_ed480fff4117,era5loc_ed480fff4117|2018,FRANCE,APA,2018,2,2018-05-11,29,False,2,0.133,13.3,57.96583229657355,primary_secondary_hidden_BASF_frozen
2018|M1|bloc2|APA,2018,2018-05-28,M1,bloc2,APA,1.0,9,0,1,"561,562,563,564,565,566,567,568,569,570",1,2018|M1|bloc2|APA|F1,era5loc_ed480fff4117,era5loc_ed480fff4117|2018,FRANCE,APA,2018,3,2018-05-11,17,False,0,0.01,1.0,13.907509586295113,primary_secondary_hidden_BASF_frozen
2018|M1|bloc2|APA,2018,2018-06-09,M1,bloc2,APA,3.6,10,0,0,"801,802,803,804,805,806,807,808,809,810",1,2018|M1|bloc2|APA|F1,era5loc_ed480fff4117,era5loc_ed480fff4117|2018,FRANCE,APA,2018,3,2018-05-11,29,False,0,0.036000000000000004,3.6,39.437631604184304,primary_secondary_hidden_BASF_frozen
2018|M1|bloc2|APA,2018,2018-06-15,M1,bloc2,APA,25.0,10,0,0,"1041,1042,1043,1044,1045,1046,1047,1048,1049,1050",1,2018|M1|bloc2|APA|F1,era5loc_ed480fff4117,era5loc_ed480fff4117|2018,FRANCE,APA,2018,3,2018-05-11,35,False,0,0.25,25.0,55.351690780851555,primary_secondary_hidden_BASF_frozen
2018|M1|bloc2|APA,2018,2018-05-28,M1,bloc2,APA,1.7,10,0,0,"561,562,563,564,565,566,567,568,569,570",2,2018|M1|bloc2|APA|F2,era5loc_ed480fff4117,era5loc_ed480fff4117|2018,FRANCE,APA,2018,4,2018-05-11,17,False,1,0.017,1.7,15.405562457768065,primary_secondary_hidden_BASF_frozen
2018|M1|bloc2|APA,2018,2018-06-09,M1,bloc2,APA,14.4,10,0,0,"801,802,803,804,805,806,807,808,809,810",2,2018|M1|bloc2|APA|F2,era5loc_ed480fff4117,era5loc_ed480fff4117|2018,FRANCE,APA,2018,4,2018-05-11,29,False,1,0.14400000000000002,14.4,43.378995256640565,primary_secondary_hidden_BASF_frozen
2018|M1|bloc2|APA,2018,2018-05-28,M1,bloc2,APA,14.5,10,0,0,"561,562,563,564,565,566,567,568,569,570",3,2018|M1|bloc2|APA|F3,era5loc_ed480fff4117,era5loc_ed480fff4117|2018,FRANCE,APA,2018,5,2018-05-11,17,False,2,0.145,14.5,34.51428656007014,primary_secondary_hidden_BASF_frozen
2018|M1|bloc2|APA,2018,2018-06-09,M1,bloc2,APA,23.333333333333332,9,0,1,"801,802,803,804,805,806,807,808,809,810",3,2018|M1|bloc2|APA|F3,era5loc_ed480fff4117,era5loc_ed480fff4117|2018,FRANCE,APA,2018,5,2018-05-11,29,False,2,0.2333333333333333,23.333333333333332,61.45451181779442,primary_secondary_hidden_BASF_frozen
2018|M1|bloc3|APA,2018,2018-05-28,M1,bloc3,APA,0.0,10,0,0,"481,482,483,484,485,486,487,488,489,490",1,2018|M1|bloc3|APA|F1,era5loc_ed480fff4117,era5loc_ed480fff4117|2018,FRANCE,APA,2018,6,2018-05-11,17,False,0,0.0,0.0,13.581131493626147,primary_secondary_hidden_BASF_frozen
2018|M1|bloc3|APA,2018,2018-06-09,M1,bloc3,APA,3.7,10,0,0,"721,722,723,724,725,726,727,728,729,730",1,2018|M1|bloc3|APA|F1,era5loc_ed480fff4117,era5loc_ed480fff4117|2018,FRANCE,APA,2018,6,2018-05-11,29,False,0,0.037000000000000005,3.7,38.08811598566656,primary_secondary_hidden_BASF_frozen
2018|M1|bloc3|APA,2018,2018-06-15,M1,bloc3,APA,15.5,10,0,0,"961,962,963,964,965,966,967,968,969,970",1,2018|M1|bloc3|APA|F1,era5loc_ed480fff4117,era5loc_ed480fff4117|2018,FRANCE,APA,2018,6,2018-05-11,35,False,0,0.155,15.5,53.901889013932625,primary_secondary_hidden_BASF_frozen
2018|M1|bloc3|APA,2018,2018-05-28,M1,bloc3,APA,0.3,10,0,0,"481,482,483,484,485,486,487,488,489,490",2,2018|M1|bloc3|APA|F2,era5loc_ed480fff4117,era5loc_ed480fff4117|2018,FRANCE,APA,2018,7,2018-05-11,17,False,1,0.003,0.3,14.354350970772472,primary_secondary_hidden_BASF_frozen
2018|M1|bloc3|APA,2018,2018-06-09,M1,bloc3,APA,15.7,10,0,0,"721,722,723,724,725,726,727,728,729,730",2,2018|M1|bloc3|APA|F2,era5loc_ed480fff4117,era5loc_ed480fff4117|2018,FRANCE,APA,2018,7,2018-05-11,29,False,1,0.157,15.7,40.52739801686319,primary_secondary_hidden_BASF_frozen
2018|M1|bloc3|APA,2018,2018-05-28,M1,bloc3,APA,15.4,10,0,0,"481,482,483,484,485,486,487,488,489,490",3,2018|M1|bloc3|APA|F3,era5loc_ed480fff4117,era5loc_ed480fff4117|2018,FRANCE,APA,2018,8,2018-05-11,17,False,2,0.154,15.4,26.382743281544162,primary_secondary_hidden_BASF_frozen
2018|M1|bloc3|APA,2018,2018-06-09,M1,bloc3,APA,34.5,10,0,0,"721,722,723,724,725,726,727,728,729,730",3,2018|M1|bloc3|APA|F3,era5loc_ed480fff4117,era5loc_ed480fff4117|2018,FRANCE,APA,2018,8,2018-05-11,29,False,2,0.345,34.5,53.33768694003253,primary_secondary_hidden_BASF_frozen
2018|M2|bloc1|CEL,2018,2018-05-28,M2,bloc1,CEL,0.2,10,0,0,"651,652,653,654,655,656,657,658,659,660",1,2018|M2|bloc1|CEL|F1,era5loc_ed480fff4117,era5loc_ed480fff4117|2018,FRANCE,CEL,2018,9,2018-05-11,17,False,0,0.002,0.2,13.600478653180945,primary_secondary_hidden_BASF_frozen
2018|M2|bloc1|CEL,2018,2018-06-09,M2,bloc1,CEL,5.2,10,0,0,"891,892,893,894,895,896,897,898,899,900",1,2018|M2|bloc1|CEL|F1,era5loc_ed480fff4117,era5loc_ed480fff4117|2018,FRANCE,CEL,2018,9,2018-05-11,29,False,0,0.052000000000000005,5.2,38.16801438194549,primary_secondary_hidden_BASF_frozen
2018|M2|bloc1|CEL,2018,2018-06-15,M2,bloc1,CEL,11.6,10,0,0,"1131,1132,1133,1134,1135,1136,1137,1138,1139,1140",1,2018|M2|bloc1|CEL|F1,era5loc_ed480fff4117,era5loc_ed480fff4117|2018,FRANCE,CEL,2018,9,2018-05-11,35,False,0,0.11599999999999999,11.6,53.987746433578664,primary_secondary_hidden_BASF_frozen
2018|M2|bloc1|CEL,2018,2018-05-28,M2,bloc1,CEL,0.4,10,0,0,"651,652,653,654,655,656,657,658,659,660",2,2018|M2|bloc1|CEL|F2,era5loc_ed480fff4117,era5loc_ed480fff4117|2018,FRANCE,CEL,2018,10,2018-05-11,17,False,1,0.004,0.4,14.568798983972474,primary_secondary_hidden_BASF_frozen
2018|M2|bloc1|CEL,2018,2018-06-09,M2,bloc1,CEL,12.3,10,0,0,"891,892,893,894,895,896,897,898,899,900",2,2018|M2|bloc1|CEL|F2,era5loc_ed480fff4117,era5loc_ed480fff4117|2018,FRANCE,CEL,2018,10,2018-05-11,29,False,1,0.12300000000000001,12.3,40.806359149545514,primary_secondary_hidden_BASF_frozen
2018|M2|bloc1|CEL,2018,2018-05-28,M2,bloc1,CEL,7.9,10,0,0,"651,652,653,654,655,656,657,658,659,660",3,2018|M2|bloc1|CEL|F3,era5loc_ed480fff4117,era5loc_ed480fff4117|2018,FRANCE,CEL,2018,11,2018-05-11,17,False,2,0.079,7.9,26.396063308427358,primary_secondary_hidden_BASF_frozen
2018|M2|bloc1|CEL,2018,2018-06-09,M2,bloc1,CEL,23.88888888888889,9,0,1,"891,892,893,894,895,896,897,898,899,900",3,2018|M2|bloc1|CEL|F3,era5loc_ed480fff4117,era5loc_ed480fff4117|2018,FRANCE,CEL,2018,11,2018-05-11,29,False,2,0.2388888888888889,23.88888888888889,53.38214324037488,primary_secondary_hidden_BASF_frozen
2018|M2|bloc2|CEL,2018,2018-05-28,M2,bloc2,CEL,0.0,10,0,0,"571,572,573,574,575,576,577,578,579,580",1,2018|M2|bloc2|CEL|F1,era5loc_ed480fff4117,era5loc_ed480fff4117|2018,FRANCE,CEL,2018,12,2018-05-11,17,False,0,0.0,0.0,13.399728105940431,primary_secondary_hidden_BASF_frozen
2018|M2|bloc2|CEL,2018,2018-06-09,M2,bloc2,CEL,1.1,10,0,0,"811,812,813,814,815,816,817,818,819,820",1,2018|M2|bloc2|CEL|F1,era5loc_ed480fff4117,era5loc_ed480fff4117|2018,FRANCE,CEL,2018,12,2018-05-11,29,False,0,0.011000000000000001,1.1,37.305498171746756,primary_secondary_hidden_BASF_frozen
2018|M2|bloc2|CEL,2018,2018-06-15,M2,bloc2,CEL,5.5,10,0,0,"1051,1052,1053,1054,1055,1056,1057,1058,1059,1060",1,2018|M2|bloc2|CEL|F1,era5loc_ed480fff4117,era5loc_ed480fff4117|2018,FRANCE,CEL,2018,12,2018-05-11,35,False,0,0.055,5.5,53.04034244636263,primary_secondary_hidden_BASF_frozen
2018|M2|bloc2|CEL,2018,2018-05-28,M2,bloc2,CEL,0.3,10,0,0,"571,572,573,574,575,576,577,578,579,580",2,2018|M2|bloc2|CEL|F2,era5loc_ed480fff4117,era5loc_ed480fff4117|2018,FRANCE,CEL,2018,13,2018-05-11,17,False,1,0.003,0.3,13.774958963129006,primary_secondary_hidden_BASF_frozen
2018|M2|bloc2|CEL,2018,2018-06-09,M2,bloc2,CEL,13.4,10,0,0,"811,812,813,814,815,816,817,818,819,820",2,2018|M2|bloc2|CEL|F2,era5loc_ed480fff4117,era5loc_ed480fff4117|2018,FRANCE,CEL,2018,13,2018-05-11,29,False,1,0.134,13.4,38.80523003676662,primary_secondary_hidden_BASF_frozen
2018|M2|bloc2|CEL,2018,2018-05-28,M2,bloc2,CEL,5.5,10,0,0,"571,572,573,574,575,576,577,578,579,580",3,2018|M2|bloc2|CEL|F3,era5loc_ed480fff4117,era5loc_ed480fff4117|2018,FRANCE,CEL,2018,14,2018-05-11,17,False,2,0.055,5.5,21.68984089286552,primary_secondary_hidden_BASF_frozen
2018|M2|bloc2|CEL,2018,2018-06-09,M2,bloc2,CEL,24.0,10,0,0,"811,812,813,814,815,816,817,818,819,820",3,2018|M2|bloc2|CEL|F3,era5loc_ed480fff4117,era5loc_ed480fff4117|2018,FRANCE,CEL,2018,14,2018-05-11,29,False,2,0.24,24.0,47.87684086099632,primary_secondary_hidden_BASF_frozen
2018|M2|bloc3|CEL,2018,2018-05-28,M2,bloc3,CEL,0.0,10,0,0,"491,492,493,494,495,496,497,498,499,500",1,2018|M2|bloc3|CEL|F1,era5loc_ed480fff4117,era5loc_ed480fff4117|2018,FRANCE,CEL,2018,15,2018-05-11,17,False,0,0.0,0.0,13.406979915080047,primary_secondary_hidden_BASF_frozen
2018|M2|bloc3|CEL,2018,2018-06-09,M2,bloc3,CEL,0.5,10,0,0,"731,732,733,734,735,736,737,738,739,740",1,2018|M2|bloc3|CEL|F1,era5loc_ed480fff4117,era5loc_ed480fff4117|2018,FRANCE,CEL,2018,15,2018-05-11,29,False,0,0.005,0.5,37.33739681802008,primary_secondary_hidden_BASF_frozen
2018|M2|bloc3|CEL,2018,2018-06-15,M2,bloc3,CEL,2.9,10,0,0,"971,972,973,974,975,976,977,978,979,980",1,2018|M2|bloc3|CEL|F1,era5loc_ed480fff4117,era5loc_ed480fff4117|2018,FRANCE,CEL,2018,15,2018-05-11,35,False,0,0.028999999999999998,2.9,53.075854359679894,primary_secondary_hidden_BASF_frozen
2018|M2|bloc3|CEL,2018,2018-05-28,M2,bloc3,CEL,0.3,10,0,0,"491,492,493,494,495,496,497,498,499,500",2,2018|M2|bloc3|CEL|F2,era5loc_ed480fff4117,era5loc_ed480fff4117|2018,FRANCE,CEL,2018,16,2018-05-11,17,False,1,0.003,0.3,13.791424467392094,primary_secondary_hidden_BASF_frozen
2018|M2|bloc3|CEL,2018,2018-06-09,M2,bloc3,CEL,10.222222222222221,9,0,1,"731,732,733,734,735,736,737,738,739,740",2,2018|M2|bloc3|CEL|F2,era5loc_ed480fff4117,era5loc_ed480fff4117|2018,FRANCE,CEL,2018,16,2018-05-11,29,False,1,0.10222222222222221,10.222222222222221,38.8717430271736,primary_secondary_hidden_BASF_frozen
2018|M2|bloc3|CEL,2018,2018-05-28,M2,bloc3,CEL,7.6,10,0,0,"491,492,493,494,495,496,497,498,499,500",3,2018|M2|bloc3|CEL|F3,era5loc_ed480fff4117,era5loc_ed480fff4117|2018,FRANCE,CEL,2018,17,2018-05-11,17,False,2,0.076,7.6,21.90166488241875,primary_secondary_hidden_BASF_frozen
2018|M2|bloc3|CEL,2018,2018-06-09,M2,bloc3,CEL,18.125,8,0,2,"731,732,733,734,735,736,737,738,739,740",3,2018|M2|bloc3|CEL|F3,era5loc_ed480fff4117,era5loc_ed480fff4117|2018,FRANCE,CEL,2018,17,2018-05-11,29,False,2,0.18125,18.125,48.13618539706903,primary_secondary_hidden_BASF_frozen
2018|M3|bloc1|APA,2018,2018-05-28,M3,bloc1,APA,0.0,10,0,0,"661,662,663,664,665,666,667,668,669,670",1,2018|M3|bloc1|APA|F1,era5loc_ed480fff4117,era5loc_ed480fff4117|2018,FRANCE,APA,2018,18,2018-05-11,17,False,0,0.0,0.0,13.451928159288752,primary_secondary_hidden_BASF_frozen
2018|M3|bloc1|APA,2018,2018-06-09,M3,bloc1,APA,1.2,10,0,0,"901,902,903,904,905,906,907,908,909,910",1,2018|M3|bloc1|APA|F1,era5loc_ed480fff4117,era5loc_ed480fff4117|2018,FRANCE,APA,2018,18,2018-05-11,29,False,0,0.012,1.2,37.53116861506568,primary_secondary_hidden_BASF_frozen
2018|M3|bloc1|APA,2018,2018-06-15,M3,bloc1,APA,10.0,10,0,0,"1141,1142,1143,1144,1145,1146,1147,1148,1149,1150",1,2018|M3|bloc1|APA|F1,era5loc_ed480fff4117,era5loc_ed480fff4117|2018,FRANCE,APA,2018,18,2018-05-11,35,False,0,0.1,10.0,53.289229517132775,primary_secondary_hidden_BASF_frozen
2018|M3|bloc1|APA,2018,2018-05-28,M3,bloc1,APA,0.9,10,0,0,"661,662,663,664,665,666,667,668,669,670",2,2018|M3|bloc1|APA|F2,era5loc_ed480fff4117,era5loc_ed480fff4117|2018,FRANCE,APA,2018,19,2018-05-11,17,False,1,0.009000000000000001,0.9,14.065389342805604,primary_secondary_hidden_BASF_frozen
2018|M3|bloc1|APA,2018,2018-06-09,M3,bloc1,APA,6.0,8,0,2,"901,902,903,904,905,906,907,908,909,910",2,2018|M3|bloc1|APA|F2,era5loc_ed480fff4117,era5loc_ed480fff4117|2018,FRANCE,APA,2018,19,2018-05-11,29,False,1,0.06,6.0,39.395043632162654,primary_secondary_hidden_BASF_frozen
2018|M3|bloc1|APA,2018,2018-05-28,M3,bloc1,APA,2.5,10,0,0,"661,662,663,664,665,666,667,668,669,670",3,2018|M3|bloc1|APA|F3,era5loc_ed480fff4117,era5loc_ed480fff4117|2018,FRANCE,APA,2018,20,2018-05-11,17,False,2,0.025,2.5,22.655198650440052,primary_secondary_hidden_BASF_frozen
2018|M3|bloc1|APA,2018,2018-06-09,M3,bloc1,APA,10.0,5,0,5,"901,902,903,904,905,906,907,908,909,910",3,2018|M3|bloc1|APA|F3,era5loc_ed480fff4117,era5loc_ed480fff4117|2018,FRANCE,APA,2018,20,2018-05-11,29,False,2,0.1,10.0,49.08330920516381,primary_secondary_hidden_BASF_frozen
2018|M3|bloc1|CEL,2018,2018-05-28,M3,bloc1,CEL,0.0,10,0,0,"671,672,673,674,675,676,677,678,679,680",1,2018|M3|bloc1|CEL|F1,era5loc_ed480fff4117,era5loc_ed480fff4117|2018,FRANCE,CEL,2018,21,2018-05-11,17,False,0,0.0,0.0,13.54386579405992,primary_secondary_hidden_BASF_frozen
2018|M3|bloc1|CEL,2018,2018-06-09,M3,bloc1,CEL,1.5,10,0,0,"911,912,913,914,915,916,917,918,919,920",1,2018|M3|bloc1|CEL|F1,era5loc_ed480fff4117,era5loc_ed480fff4117|2018,FRANCE,CEL,2018,21,2018-05-11,29,False,0,0.015,1.5,37.931376798254576,primary_secondary_hidden_BASF_frozen
2018|M3|bloc1|CEL,2018,2018-06-15,M3,bloc1,CEL,6.7,10,0,0,"1151,1152,1153,1154,1155,1156,1157,1158,1159,1160",1,2018|M3|bloc1|CEL|F1,era5loc_ed480fff4117,era5loc_ed480fff4117|2018,FRANCE,CEL,2018,21,2018-05-11,35,False,0,0.067,6.7,53.731780277462924,primary_secondary_hidden_BASF_frozen
2018|M3|bloc1|CEL,2018,2018-05-28,M3,bloc1,CEL,0.1,10,0,0,"671,672,673,674,675,676,677,678,679,680",2,2018|M3|bloc1|CEL|F2,era5loc_ed480fff4117,era5loc_ed480fff4117|2018,FRANCE,CEL,2018,22,2018-05-11,17,False,1,0.001,0.1,14.09964860804504,primary_secondary_hidden_BASF_frozen
2018|M3|bloc1|CEL,2018,2018-06-09,M3,bloc1,CEL,4.2,10,0,0,"911,912,913,914,915,916,917,918,919,920",2,2018|M3|bloc1|CEL|F2,era5loc_ed480fff4117,era5loc_ed480fff4117|2018,FRANCE,CEL,2018,22,2018-05-11,29,False,1,0.042,4.2,40.091872997979316,primary_secondary_hidden_BASF_frozen
2018|M3|bloc1|CEL,2018,2018-05-28,M3,bloc1,CEL,7.777777777777778,9,0,1,"671,672,673,674,675,676,677,678,679,680",3,2018|M3|bloc1|CEL|F3,era5loc_ed480fff4117,era5loc_ed480fff4117|2018,FRANCE,CEL,2018,23,2018-05-11,17,False,2,0.07777777777777778,7.777777777777778,25.85805821285774,primary_secondary_hidden_BASF_frozen
2018|M3|bloc1|CEL,2018,2018-06-09,M3,bloc1,CEL,8.571428571428571,7,0,3,"911,912,913,914,915,916,917,918,919,920",3,2018|M3|bloc1|CEL|F3,era5loc_ed480fff4117,era5loc_ed480fff4117|2018,FRANCE,CEL,2018,23,2018-05-11,29,False,2,0.08571428571428572,8.571428571428571,52.73146745171704,primary_secondary_hidden_BASF_frozen
2018|M3|bloc2|APA,2018,2018-05-28,M3,bloc2,APA,0.2,10,0,0,"581,582,583,584,585,586,587,588,589,590",1,2018|M3|bloc2|APA|F1,era5loc_ed480fff4117,era5loc_ed480fff4117|2018,FRANCE,APA,2018,24,2018-05-11,17,False,0,0.002,0.2,13.757083721949497,primary_secondary_hidden_BASF_frozen
2018|M3|bloc2|APA,2018,2018-06-09,M3,bloc2,APA,4.9,10,0,0,"821,822,823,824,825,826,827,828,829,830",1,2018|M3|bloc2|APA|F1,era5loc_ed480fff4117,era5loc_ed480fff4117|2018,FRANCE,APA,2018,24,2018-05-11,29,False,0,0.049,4.9,38.82537147444773,primary_secondary_hidden_BASF_frozen
2018|M3|bloc2|APA,2018,2018-06-15,M3,bloc2,APA,6.5,10,0,0,"1061,1062,1063,1064,1065,1066,1067,1068,1069,1070",1,2018|M3|bloc2|APA|F1,era5loc_ed480fff4117,era5loc_ed480fff4117|2018,FRANCE,APA,2018,24,2018-05-11,35,False,0,0.065,6.5,54.69974682944818,primary_secondary_hidden_BASF_frozen
2018|M3|bloc2|APA,2018,2018-05-28,M3,bloc2,APA,0.7,10,0,0,"581,582,583,584,585,586,587,588,589,590",2,2018|M3|bloc2|APA|F2,era5loc_ed480fff4117,era5loc_ed480fff4117|2018,FRANCE,APA,2018,25,2018-05-11,17,False,1,0.006999999999999999,0.7,14.826357354532488,primary_secondary_hidden_BASF_frozen
2018|M3|bloc2|APA,2018,2018-06-09,M3,bloc2,APA,16.0,10,0,0,"821,822,823,824,825,826,827,828,829,830",2,2018|M3|bloc2|APA|F2,era5loc_ed480fff4117,era5loc_ed480fff4117|2018,FRANCE,APA,2018,25,2018-05-11,29,False,1,0.16,16.0,42.03936040922264,primary_secondary_hidden_BASF_frozen
2018|M3|bloc2|APA,2018,2018-05-28,M3,bloc2,APA,10.333333333333334,9,0,1,"581,582,583,584,585,586,587,588,589,590",3,2018|M3|bloc2|APA|F3,era5loc_ed480fff4117,era5loc_ed480fff4117|2018,FRANCE,APA,2018,26,2018-05-11,17,False,2,0.10333333333333333,10.333333333333334,31.096980635664885,primary_secondary_hidden_BASF_frozen
2018|M3|bloc2|APA,2018,2018-06-09,M3,bloc2,APA,34.333333333333336,6,0,4,"821,822,823,824,825,826,827,828,829,830",3,2018|M3|bloc2|APA|F3,era5loc_ed480fff4117,era5loc_ed480fff4117|2018,FRANCE,APA,2018,26,2018-05-11,29,False,2,0.3433333333333334,34.333333333333336,58.21152744646929,primary_secondary_hidden_BASF_frozen
2018|M3|bloc2|CEL,2018,2018-05-28,M3,bloc2,CEL,0.0,10,0,0,"591,592,593,594,595,596,597,598,599,600",1,2018|M3|bloc2|CEL|F1,era5loc_ed480fff4117,era5loc_ed480fff4117|2018,FRANCE,CEL,2018,27,2018-05-11,17,False,0,0.0,0.0,13.296646146644104,primary_secondary_hidden_BASF_frozen
2018|M3|bloc2|CEL,2018,2018-06-09,M3,bloc2,CEL,3.1,10,0,0,"831,832,833,834,835,836,837,838,839,840",1,2018|M3|bloc2|CEL|F1,era5loc_ed480fff4117,era5loc_ed480fff4117|2018,FRANCE,CEL,2018,27,2018-05-11,29,False,0,0.031,3.1,36.845233239746214,primary_secondary_hidden_BASF_frozen
2018|M3|bloc2|CEL,2018,2018-06-15,M3,bloc2,CEL,2.2,10,0,0,"1071,1072,1073,1074,1075,1076,1077,1078,1079,1080",1,2018|M3|bloc2|CEL|F1,era5loc_ed480fff4117,era5loc_ed480fff4117|2018,FRANCE,CEL,2018,27,2018-05-11,35,False,0,0.022000000000000002,2.2,52.52340245884064,primary_secondary_hidden_BASF_frozen
2018|M3|bloc2|CEL,2018,2018-05-28,M3,bloc2,CEL,0.3,10,0,0,"591,592,593,594,595,596,597,598,599,600",2,2018|M3|bloc2|CEL|F2,era5loc_ed480fff4117,era5loc_ed480fff4117|2018,FRANCE,CEL,2018,28,2018-05-11,17,False,1,0.003,0.3,13.625872971193736,primary_secondary_hidden_BASF_frozen
2018|M3|bloc2|CEL,2018,2018-06-09,M3,bloc2,CEL,6.666666666666667,9,0,1,"831,832,833,834,835,836,837,838,839,840",2,2018|M3|bloc2|CEL|F2,era5loc_ed480fff4117,era5loc_ed480fff4117|2018,FRANCE,CEL,2018,28,2018-05-11,29,False,1,0.06666666666666667,6.666666666666667,37.896049387242655,primary_secondary_hidden_BASF_frozen
2018|M3|bloc2|CEL,2018,2018-05-28,M3,bloc2,CEL,2.5,10,0,0,"591,592,593,594,595,596,597,598,599,600",3,2018|M3|bloc2|CEL|F3,era5loc_ed480fff4117,era5loc_ed480fff4117|2018,FRANCE,CEL,2018,29,2018-05-11,17,False,2,0.025,2.5,18.36589422342532,primary_secondary_hidden_BASF_frozen
2018|M3|bloc2|CEL,2018,2018-06-09,M3,bloc2,CEL,18.0,5,0,5,"831,832,833,834,835,836,837,838,839,840",3,2018|M3|bloc2|CEL|F3,era5loc_ed480fff4117,era5loc_ed480fff4117|2018,FRANCE,CEL,2018,29,2018-05-11,29,False,2,0.18,18.0,43.63251048699234,primary_secondary_hidden_BASF_frozen
2018|M3|bloc3|APA,2018,2018-05-28,M3,bloc3,APA,0.0,10,0,0,"501,502,503,504,505,506,507,508,509,510",1,2018|M3|bloc3|APA|F1,era5loc_ed480fff4117,era5loc_ed480fff4117|2018,FRANCE,APA,2018,30,2018-05-11,17,False,0,0.0,0.0,13.640100223346952,primary_secondary_hidden_BASF_frozen
2018|M3|bloc3|APA,2018,2018-06-09,M3,bloc3,APA,1.4,10,0,0,"741,742,743,744,745,746,747,748,749,750",1,2018|M3|bloc3|APA|F1,era5loc_ed480fff4117,era5loc_ed480fff4117|2018,FRANCE,APA,2018,30,2018-05-11,29,False,0,0.013999999999999999,1.4,38.34017338110346,primary_secondary_hidden_BASF_frozen
2018|M3|bloc3|APA,2018,2018-06-15,M3,bloc3,APA,3.9,10,0,0,"981,982,983,984,985,986,987,988,989,990",1,2018|M3|bloc3|APA|F1,era5loc_ed480fff4117,era5loc_ed480fff4117|2018,FRANCE,APA,2018,30,2018-05-11,35,False,0,0.039,3.9,54.17760261057762,primary_secondary_hidden_BASF_frozen
2018|M3|bloc3|APA,2018,2018-05-28,M3,bloc3,APA,0.5,10,0,0,"501,502,503,504,505,506,507,508,509,510",2,2018|M3|bloc3|APA|F2,era5loc_ed480fff4117,era5loc_ed480fff4117|2018,FRANCE,APA,2018,31,2018-05-11,17,False,1,0.005,0.5,14.313420185457215,primary_secondary_hidden_BASF_frozen
2018|M3|bloc3|APA,2018,2018-06-09,M3,bloc3,APA,21.0,10,0,0,"741,742,743,744,745,746,747,748,749,750",2,2018|M3|bloc3|APA|F2,era5loc_ed480fff4117,era5loc_ed480fff4117|2018,FRANCE,APA,2018,31,2018-05-11,29,False,1,0.21,21.0,40.91181381158561,primary_secondary_hidden_BASF_frozen
2018|M3|bloc3|APA,2018,2018-05-28,M3,bloc3,APA,6.0,10,0,0,"501,502,503,504,505,506,507,508,509,510",3,2018|M3|bloc3|APA|F3,era5loc_ed480fff4117,era5loc_ed480fff4117|2018,FRANCE,APA,2018,32,2018-05-11,17,False,2,0.06,6.0,28.59538468811893,primary_secondary_hidden_BASF_frozen
2018|M3|bloc3|APA,2018,2018-06-09,M3,bloc3,APA,26.11111111111111,9,0,1,"741,742,743,744,745,746,747,748,749,750",3,2018|M3|bloc3|APA|F3,era5loc_ed480fff4117,era5loc_ed480fff4117|2018,FRANCE,APA,2018,32,2018-05-11,29,False,2,0.2611111111111111,26.11111111111111,55.659182137302075,primary_secondary_hidden_BASF_frozen
2018|M3|bloc3|CEL,2018,2018-05-28,M3,bloc3,CEL,0.4,10,0,0,"511,512,513,514,515,516,517,518,519,520",1,2018|M3|bloc3|CEL|F1,era5loc_ed480fff4117,era5loc_ed480fff4117|2018,FRANCE,CEL,2018,33,2018-05-11,17,False,0,0.004,0.4,13.224245927969761,primary_secondary_hidden_BASF_frozen
2018|M3|bloc3|CEL,2018,2018-06-09,M3,bloc3,CEL,0.3,10,0,0,"751,752,753,754,755,756,757,758,759,760",1,2018|M3|bloc3|CEL|F1,era5loc_ed480fff4117,era5loc_ed480fff4117|2018,FRANCE,CEL,2018,33,2018-05-11,29,False,0,0.003,0.3,36.519366332316736,primary_secondary_hidden_BASF_frozen
2018|M3|bloc3|CEL,2018,2018-06-15,M3,bloc3,CEL,1.6,10,0,0,"991,992,993,994,995,996,997,998,999,1000",1,2018|M3|bloc3|CEL|F1,era5loc_ed480fff4117,era5loc_ed480fff4117|2018,FRANCE,CEL,2018,33,2018-05-11,35,False,0,0.016,1.6,52.15527946149503,primary_secondary_hidden_BASF_frozen
2018|M3|bloc3|CEL,2018,2018-05-28,M3,bloc3,CEL,0.4,10,0,0,"511,512,513,514,515,516,517,518,519,520",2,2018|M3|bloc3|CEL|F2,era5loc_ed480fff4117,era5loc_ed480fff4117|2018,FRANCE,CEL,2018,34,2018-05-11,17,False,1,0.004,0.4,13.37229602445032,primary_secondary_hidden_BASF_frozen
2018|M3|bloc3|CEL,2018,2018-06-09,M3,bloc3,CEL,4.6,10,0,0,"751,752,753,754,755,756,757,758,759,760",2,2018|M3|bloc3|CEL|F2,era5loc_ed480fff4117,era5loc_ed480fff4117|2018,FRANCE,CEL,2018,34,2018-05-11,29,False,1,0.046,4.6,37.13300915180335,primary_secondary_hidden_BASF_frozen
2018|M3|bloc3|CEL,2018,2018-05-28,M3,bloc3,CEL,9.9,10,0,0,"511,512,513,514,515,516,517,518,519,520",3,2018|M3|bloc3|CEL|F3,era5loc_ed480fff4117,era5loc_ed480fff4117|2018,FRANCE,CEL,2018,35,2018-05-11,17,False,2,0.099,9.9,16.48840020321164,primary_secondary_hidden_BASF_frozen
2018|M3|bloc3|CEL,2018,2018-06-09,M3,bloc3,CEL,11.8,10,0,0,"751,752,753,754,755,756,757,758,759,760",3,2018|M3|bloc3|CEL|F3,era5loc_ed480fff4117,era5loc_ed480fff4117|2018,FRANCE,CEL,2018,35,2018-05-11,29,False,2,0.11800000000000001,11.8,41.02326200754812,primary_secondary_hidden_BASF_frozen
2018|M4|bloc1|APA,2018,2018-05-28,M4,bloc1,APA,0.4,10,0,0,"681,682,683,684,685,686,687,688,689,690",1,2018|M4|bloc1|APA|F1,era5loc_ed480fff4117,era5loc_ed480fff4117|2018,FRANCE,APA,2018,36,2018-05-11,17,False,0,0.004,0.4,13.549998296433568,primary_secondary_hidden_BASF_frozen
2018|M4|bloc1|APA,2018,2018-06-09,M4,bloc1,APA,2.9,10,0,0,"921,922,923,924,925,926,927,928,929,930",1,2018|M4|bloc1|APA|F1,era5loc_ed480fff4117,era5loc_ed480fff4117|2018,FRANCE,APA,2018,36,2018-05-11,29,False,0,0.028999999999999998,2.9,37.956385788728944,primary_secondary_hidden_BASF_frozen
2018|M4|bloc1|APA,2018,2018-06-15,M4,bloc1,APA,12.3,10,0,0,"1161,1162,1163,1164,1165,1166,1167,1168,1169,1170",1,2018|M4|bloc1|APA|F1,era5loc_ed480fff4117,era5loc_ed480fff4117|2018,FRANCE,APA,2018,36,2018-05-11,35,False,0,0.12300000000000001,12.3,53.75847293186523,primary_secondary_hidden_BASF_frozen
2018|M4|bloc1|APA,2018,2018-05-28,M4,bloc1,APA,1.2,10,0,0,"681,682,683,684,685,686,687,688,689,690",2,2018|M4|bloc1|APA|F2,era5loc_ed480fff4117,era5loc_ed480fff4117|2018,FRANCE,APA,2018,37,2018-05-11,17,False,1,0.012,1.2,14.199230590739445,primary_secondary_hidden_BASF_frozen
2018|M4|bloc1|APA,2018,2018-06-09,M4,bloc1,APA,7.777777777777778,9,0,1,"921,922,923,924,925,926,927,928,929,930",2,2018|M4|bloc1|APA|F2,era5loc_ed480fff4117,era5loc_ed480fff4117|2018,FRANCE,APA,2018,37,2018-05-11,29,False,1,0.07777777777777778,7.777777777777778,40.202383991634115,primary_secondary_hidden_BASF_frozen
2018|M4|bloc1|APA,2018,2018-05-28,M4,bloc1,APA,3.9,10,0,0,"681,682,683,684,685,686,687,688,689,690",3,2018|M4|bloc1|APA|F3,era5loc_ed480fff4117,era5loc_ed480fff4117|2018,FRANCE,APA,2018,38,2018-05-11,17,False,2,0.039,3.9,25.76235214479295,primary_secondary_hidden_BASF_frozen
2018|M4|bloc1|APA,2018,2018-06-09,M4,bloc1,APA,14.8,10,0,0,"921,922,923,924,925,926,927,928,929,930",3,2018|M4|bloc1|APA|F3,era5loc_ed480fff4117,era5loc_ed480fff4117|2018,FRANCE,APA,2018,38,2018-05-11,29,False,2,0.14800000000000002,14.8,52.64106963099182,primary_secondary_hidden_BASF_frozen
2018|M4|bloc1|CEL,2018,2018-05-28,M4,bloc1,CEL,0.1,10,0,0,"691,692,693,694,695,696,697,698,699,700",1,2018|M4|bloc1|CEL|F1,era5loc_ed480fff4117,era5loc_ed480fff4117|2018,FRANCE,CEL,2018,39,2018-05-11,17,False,0,0.001,0.1,13.387250723643614,primary_secondary_hidden_BASF_frozen
2018|M4|bloc1|CEL,2018,2018-06-09,M4,bloc1,CEL,1.3,10,0,0,"931,932,933,934,935,936,937,938,939,940",1,2018|M4|bloc1|CEL|F1,era5loc_ed480fff4117,era5loc_ed480fff4117|2018,FRANCE,CEL,2018,39,2018-05-11,29,False,0,0.013000000000000001,1.3,37.242171902254974,primary_secondary_hidden_BASF_frozen
2018|M4|bloc1|CEL,2018,2018-06-15,M4,bloc1,CEL,2.3,10,0,0,"1171,1172,1173,1174,1175,1176,1177,1178,1179,1180",1,2018|M4|bloc1|CEL|F1,era5loc_ed480fff4117,era5loc_ed480fff4117|2018,FRANCE,CEL,2018,39,2018-05-11,35,False,0,0.023,2.3,52.96486766778957,primary_secondary_hidden_BASF_frozen
2018|M4|bloc1|CEL,2018,2018-05-28,M4,bloc1,CEL,0.2,10,0,0,"691,692,693,694,695,696,697,698,699,700",2,2018|M4|bloc1|CEL|F2,era5loc_ed480fff4117,era5loc_ed480fff4117|2018,FRANCE,CEL,2018,40,2018-05-11,17,False,1,0.002,0.2,14.17786773539712,primary_secondary_hidden_BASF_frozen
2018|M4|bloc1|CEL,2018,2018-06-09,M4,bloc1,CEL,3.5,10,0,0,"931,932,933,934,935,936,937,938,939,940",2,2018|M4|bloc1|CEL|F2,era5loc_ed480fff4117,era5loc_ed480fff4117|2018,FRANCE,CEL,2018,40,2018-05-11,29,False,1,0.035,3.5,38.97931270059127,primary_secondary_hidden_BASF_frozen
2018|M4|bloc1|CEL,2018,2018-05-28,M4,bloc1,CEL,6.0,10,0,0,"691,692,693,694,695,696,697,698,699,700",3,2018|M4|bloc1|CEL|F3,era5loc_ed480fff4117,era5loc_ed480fff4117|2018,FRANCE,CEL,2018,41,2018-05-11,17,False,2,0.06,6.0,19.915042355683255,primary_secondary_hidden_BASF_frozen
2018|M4|bloc1|CEL,2018,2018-06-09,M4,bloc1,CEL,15.8,10,0,0,"931,932,933,934,935,936,937,938,939,940",3,2018|M4|bloc1|CEL|F3,era5loc_ed480fff4117,era5loc_ed480fff4117|2018,FRANCE,CEL,2018,41,2018-05-11,29,False,2,0.158,15.8,45.748764256269006,primary_secondary_hidden_BASF_frozen
2018|M4|bloc2|APA,2018,2018-05-28,M4,bloc2,APA,0.0,10,0,0,"601,602,603,604,605,606,607,608,609,610",1,2018|M4|bloc2|APA|F1,era5loc_ed480fff4117,era5loc_ed480fff4117|2018,FRANCE,APA,2018,42,2018-05-11,17,False,0,0.0,0.0,13.595393937739669,primary_secondary_hidden_BASF_frozen
2018|M4|bloc2|APA,2018,2018-06-09,M4,bloc2,APA,1.0,10,0,0,"841,842,843,844,845,846,847,848,849,850",1,2018|M4|bloc2|APA|F1,era5loc_ed480fff4117,era5loc_ed480fff4117|2018,FRANCE,APA,2018,42,2018-05-11,29,False,0,0.01,1.0,38.148795755808614,primary_secondary_hidden_BASF_frozen
2018|M4|bloc2|APA,2018,2018-06-15,M4,bloc2,APA,9.6,10,0,0,"1081,1082,1083,1084,1085,1086,1087,1088,1089,1090",1,2018|M4|bloc2|APA|F1,era5loc_ed480fff4117,era5loc_ed480fff4117|2018,FRANCE,APA,2018,42,2018-05-11,35,False,0,0.096,9.6,53.96812624357508,primary_secondary_hidden_BASF_frozen
2018|M4|bloc2|APA,2018,2018-05-28,M4,bloc2,APA,0.3,10,0,0,"601,602,603,604,605,606,607,608,609,610",2,2018|M4|bloc2|APA|F2,era5loc_ed480fff4117,era5loc_ed480fff4117|2018,FRANCE,APA,2018,43,2018-05-11,17,False,1,0.003,0.3,14.385983324682055,primary_secondary_hidden_BASF_frozen
2018|M4|bloc2|APA,2018,2018-06-09,M4,bloc2,APA,5.4,10,0,0,"841,842,843,844,845,846,847,848,849,850",2,2018|M4|bloc2|APA|F2,era5loc_ed480fff4117,era5loc_ed480fff4117|2018,FRANCE,APA,2018,43,2018-05-11,29,False,1,0.054000000000000006,5.4,40.648966951739176,primary_secondary_hidden_BASF_frozen
2018|M4|bloc2|APA,2018,2018-05-28,M4,bloc2,APA,3.1,10,0,0,"601,602,603,604,605,606,607,608,609,610",3,2018|M4|bloc2|APA|F3,era5loc_ed480fff4117,era5loc_ed480fff4117|2018,FRANCE,APA,2018,44,2018-05-11,17,False,2,0.031,3.1,26.790162226622055,primary_secondary_hidden_BASF_frozen
2018|M4|bloc2|APA,2018,2018-06-09,M4,bloc2,APA,11.444444444444445,9,0,1,"841,842,843,844,845,846,847,848,849,850",3,2018|M4|bloc2|APA|F3,era5loc_ed480fff4117,era5loc_ed480fff4117|2018,FRANCE,APA,2018,44,2018-05-11,29,False,2,0.11444444444444445,11.444444444444445,53.77947459408177,primary_secondary_hidden_BASF_frozen
2018|M4|bloc2|CEL,2018,2018-05-28,M4,bloc2,CEL,0.0,10,0,0,"611,612,613,614,615,616,617,618,619,620",1,2018|M4|bloc2|CEL|F1,era5loc_ed480fff4117,era5loc_ed480fff4117|2018,FRANCE,CEL,2018,45,2018-05-11,17,False,0,0.0,0.0,13.182569747265138,primary_secondary_hidden_BASF_frozen
2018|M4|bloc2|CEL,2018,2018-06-09,M4,bloc2,CEL,0.0,10,0,0,"851,852,853,854,855,856,857,858,859,860",1,2018|M4|bloc2|CEL|F1,era5loc_ed480fff4117,era5loc_ed480fff4117|2018,FRANCE,CEL,2018,45,2018-05-11,29,False,0,0.0,0.0,36.326196735387185,primary_secondary_hidden_BASF_frozen
2018|M4|bloc2|CEL,2018,2018-06-15,M4,bloc2,CEL,1.1,10,0,0,"1091,1092,1093,1094,1095,1096,1097,1098,1099,1100",1,2018|M4|bloc2|CEL|F1,era5loc_ed480fff4117,era5loc_ed480fff4117|2018,FRANCE,CEL,2018,45,2018-05-11,35,False,0,0.011000000000000001,1.1,51.93338562368284,primary_secondary_hidden_BASF_frozen
2018|M4|bloc2|CEL,2018,2018-05-28,M4,bloc2,CEL,0.1,10,0,0,"611,612,613,614,615,616,617,618,619,620",2,2018|M4|bloc2|CEL|F2,era5loc_ed480fff4117,era5loc_ed480fff4117|2018,FRANCE,CEL,2018,46,2018-05-11,17,False,1,0.001,0.1,13.362191906439014,primary_secondary_hidden_BASF_frozen
2018|M4|bloc2|CEL,2018,2018-06-09,M4,bloc2,CEL,3.1,10,0,0,"851,852,853,854,855,856,857,858,859,860",2,2018|M4|bloc2|CEL|F2,era5loc_ed480fff4117,era5loc_ed480fff4117|2018,FRANCE,CEL,2018,46,2018-05-11,29,False,1,0.031,3.1,36.775177331123174,primary_secondary_hidden_BASF_frozen
2018|M4|bloc2|CEL,2018,2018-05-28,M4,bloc2,CEL,2.4444444444444446,9,0,1,"611,612,613,614,615,616,617,618,619,620",3,2018|M4|bloc2|CEL|F3,era5loc_ed480fff4117,era5loc_ed480fff4117|2018,FRANCE,CEL,2018,47,2018-05-11,17,False,2,0.024444444444444446,2.4444444444444446,14.935498109926554,primary_secondary_hidden_BASF_frozen
2018|M4|bloc2|CEL,2018,2018-06-09,M4,bloc2,CEL,6.25,8,0,2,"851,852,853,854,855,856,857,858,859,860",3,2018|M4|bloc2|CEL|F3,era5loc_ed480fff4117,era5loc_ed480fff4117|2018,FRANCE,CEL,2018,47,2018-05-11,29,False,2,0.0625,6.25,38.8030406739898,primary_secondary_hidden_BASF_frozen
2018|M4|bloc3|APA,2018,2018-05-28,M4,bloc3,APA,0.1,10,0,0,"521,522,523,524,525,526,527,528,529,530",1,2018|M4|bloc3|APA|F1,era5loc_ed480fff4117,era5loc_ed480fff4117|2018,FRANCE,APA,2018,48,2018-05-11,17,False,0,0.001,0.1,13.334247054469273,primary_secondary_hidden_BASF_frozen
2018|M4|bloc3|APA,2018,2018-06-09,M4,bloc3,APA,0.7,10,0,0,"761,762,763,764,765,766,767,768,769,770",1,2018|M4|bloc3|APA|F1,era5loc_ed480fff4117,era5loc_ed480fff4117|2018,FRANCE,APA,2018,48,2018-05-11,29,False,0,0.006999999999999999,0.7,37.015405625210484,primary_secondary_hidden_BASF_frozen
2018|M4|bloc3|APA,2018,2018-06-15,M4,bloc3,APA,1.1,10,0,0,"1001,1002,1003,1004,1005,1006,1007,1008,1009,1010",1,2018|M4|bloc3|APA|F1,era5loc_ed480fff4117,era5loc_ed480fff4117|2018,FRANCE,APA,2018,48,2018-05-11,35,False,0,0.011000000000000001,1.1,52.715989573703304,primary_secondary_hidden_BASF_frozen
2018|M4|bloc3|APA,2018,2018-05-28,M4,bloc3,APA,0.8,10,0,0,"521,522,523,524,525,526,527,528,529,530",2,2018|M4|bloc3|APA|F2,era5loc_ed480fff4117,era5loc_ed480fff4117|2018,FRANCE,APA,2018,49,2018-05-11,17,False,1,0.008,0.8,13.625655973538505,primary_secondary_hidden_BASF_frozen
2018|M4|bloc3|APA,2018,2018-06-09,M4,bloc3,APA,18.5,10,0,0,"761,762,763,764,765,766,767,768,769,770",2,2018|M4|bloc3|APA|F2,era5loc_ed480fff4117,era5loc_ed480fff4117|2018,FRANCE,APA,2018,49,2018-05-11,29,False,1,0.185,18.5,38.19561567771878,primary_secondary_hidden_BASF_frozen
2018|M4|bloc3|APA,2018,2018-05-28,M4,bloc3,APA,10.555555555555555,9,0,1,"521,522,523,524,525,526,527,528,529,530",3,2018|M4|bloc3|APA|F3,era5loc_ed480fff4117,era5loc_ed480fff4117|2018,FRANCE,APA,2018,50,2018-05-11,17,False,2,0.10555555555555556,10.555555555555555,19.766304183818477,primary_secondary_hidden_BASF_frozen
2018|M4|bloc3|APA,2018,2018-06-09,M4,bloc3,APA,29.375,8,0,2,"761,762,763,764,765,766,767,768,769,770",3,2018|M4|bloc3|APA|F3,era5loc_ed480fff4117,era5loc_ed480fff4117|2018,FRANCE,APA,2018,50,2018-05-11,29,False,2,0.29375,29.375,45.454357311948336,primary_secondary_hidden_BASF_frozen
2018|M4|bloc3|CEL,2018,2018-05-28,M4,bloc3,CEL,0.0,10,0,0,"531,532,533,534,535,536,537,538,539,540",1,2018|M4|bloc3|CEL|F1,era5loc_ed480fff4117,era5loc_ed480fff4117|2018,FRANCE,CEL,2018,51,2018-05-11,17,False,0,0.0,0.0,13.165131369323133,primary_secondary_hidden_BASF_frozen
2018|M4|bloc3|CEL,2018,2018-06-09,M4,bloc3,CEL,0.1,10,0,0,"771,772,773,774,775,776,777,778,779,780",1,2018|M4|bloc3|CEL|F1,era5loc_ed480fff4117,era5loc_ed480fff4117|2018,FRANCE,CEL,2018,51,2018-05-11,29,False,0,0.001,0.1,36.248020923994716,primary_secondary_hidden_BASF_frozen
2018|M4|bloc3|CEL,2018,2018-06-15,M4,bloc3,CEL,0.6,10,0,0,"1011,1012,1013,1014,1015,1016,1017,1018,1019,1020",1,2018|M4|bloc3|CEL|F1,era5loc_ed480fff4117,era5loc_ed480fff4117|2018,FRANCE,CEL,2018,51,2018-05-11,35,False,0,0.006,0.6,51.84512983465459,primary_secondary_hidden_BASF_frozen
2018|M4|bloc3|CEL,2018,2018-05-28,M4,bloc3,CEL,0.1,10,0,0,"531,532,533,534,535,536,537,538,539,540",2,2018|M4|bloc3|CEL|F2,era5loc_ed480fff4117,era5loc_ed480fff4117|2018,FRANCE,CEL,2018,52,2018-05-11,17,False,1,0.001,0.1,13.234814342183581,primary_secondary_hidden_BASF_frozen
2018|M4|bloc3|CEL,2018,2018-06-09,M4,bloc3,CEL,1.7,10,0,0,"771,772,773,774,775,776,777,778,779,780",2,2018|M4|bloc3|CEL|F2,era5loc_ed480fff4117,era5loc_ed480fff4117|2018,FRANCE,CEL,2018,52,2018-05-11,29,False,1,0.017,1.7,36.540612803245196,primary_secondary_hidden_BASF_frozen
2018|M4|bloc3|CEL,2018,2018-05-28,M4,bloc3,CEL,3.1,10,0,0,"531,532,533,534,535,536,537,538,539,540",3,2018|M4|bloc3|CEL|F3,era5loc_ed480fff4117,era5loc_ed480fff4117|2018,FRANCE,CEL,2018,53,2018-05-11,17,False,2,0.031,3.1,14.700946962297861,primary_secondary_hidden_BASF_frozen
2018|M4|bloc3|CEL,2018,2018-06-09,M4,bloc3,CEL,9.777777777777779,9,0,1,"771,772,773,774,775,776,777,778,779,780",3,2018|M4|bloc3|CEL|F3,era5loc_ed480fff4117,era5loc_ed480fff4117|2018,FRANCE,CEL,2018,53,2018-05-11,29,False,2,0.09777777777777778,9.777777777777779,38.4284683237824,primary_secondary_hidden_BASF_frozen
2018|M5|bloc1|APA,2018,2018-05-28,M5,bloc1,APA,0.1,10,0,0,"701,702,703,704,705,706,707,708,709,710",1,2018|M5|bloc1|APA|F1,era5loc_ed480fff4117,era5loc_ed480fff4117|2018,FRANCE,APA,2018,54,2018-05-11,17,False,0,0.001,0.1,13.728456231864715,primary_secondary_hidden_BASF_frozen
2018|M5|bloc1|APA,2018,2018-06-09,M5,bloc1,APA,1.6,10,0,0,"941,942,943,944,945,946,947,948,949,950",1,2018|M5|bloc1|APA|F1,era5loc_ed480fff4117,era5loc_ed480fff4117|2018,FRANCE,APA,2018,54,2018-05-11,29,False,0,0.016,1.6,38.70953417070514,primary_secondary_hidden_BASF_frozen
2018|M5|bloc1|APA,2018,2018-06-15,M5,bloc1,APA,12.6,10,0,0,"1181,1182,1183,1184,1185,1186,1187,1188,1189,1190",1,2018|M5|bloc1|APA|F1,era5loc_ed480fff4117,era5loc_ed480fff4117|2018,FRANCE,APA,2018,54,2018-05-11,35,False,0,0.126,12.6,54.576725095781406,primary_secondary_hidden_BASF_frozen
2018|M5|bloc1|APA,2018,2018-05-28,M5,bloc1,APA,0.9,10,0,0,"701,702,703,704,705,706,707,708,709,710",2,2018|M5|bloc1|APA|F2,era5loc_ed480fff4117,era5loc_ed480fff4117|2018,FRANCE,APA,2018,55,2018-05-11,17,False,1,0.009000000000000001,0.9,14.50758454294398,primary_secondary_hidden_BASF_frozen
2018|M5|bloc1|APA,2018,2018-06-09,M5,bloc1,APA,4.6,10,0,0,"941,942,943,944,945,946,947,948,949,950",2,2018|M5|bloc1|APA|F2,era5loc_ed480fff4117,era5loc_ed480fff4117|2018,FRANCE,APA,2018,55,2018-05-11,29,False,1,0.046,4.6,41.639196988984594,primary_secondary_hidden_BASF_frozen
2018|M5|bloc1|APA,2018,2018-05-28,M5,bloc1,APA,6.8,10,0,0,"701,702,703,704,705,706,707,708,709,710",3,2018|M5|bloc1|APA|F3,era5loc_ed480fff4117,era5loc_ed480fff4117|2018,FRANCE,APA,2018,56,2018-05-11,17,False,2,0.068,6.8,31.079931853196964,primary_secondary_hidden_BASF_frozen
2018|M5|bloc1|APA,2018,2018-06-09,M5,bloc1,APA,10.11111111111111,9,0,1,"941,942,943,944,945,946,947,948,949,950",3,2018|M5|bloc1|APA|F3,era5loc_ed480fff4117,era5loc_ed480fff4117|2018,FRANCE,APA,2018,56,2018-05-11,29,False,2,0.10111111111111111,10.11111111111111,58.15900091866879,primary_secondary_hidden_BASF_frozen
2018|M5|bloc1|CEL,2018,2018-05-28,M5,bloc1,CEL,0.0,10,0,0,"711,712,713,714,715,716,717,718,719,720",1,2018|M5|bloc1|CEL|F1,era5loc_ed480fff4117,era5loc_ed480fff4117|2018,FRANCE,CEL,2018,57,2018-05-11,17,False,0,0.0,0.0,13.168835213140435,primary_secondary_hidden_BASF_frozen
2018|M5|bloc1|CEL,2018,2018-06-09,M5,bloc1,CEL,0.0,10,0,0,"951,952,953,954,955,956,957,958,959,960",1,2018|M5|bloc1|CEL|F1,era5loc_ed480fff4117,era5loc_ed480fff4117|2018,FRANCE,CEL,2018,57,2018-05-11,29,False,0,0.0,0.0,36.26512420643849,primary_secondary_hidden_BASF_frozen
2018|M5|bloc1|CEL,2018,2018-06-15,M5,bloc1,CEL,0.6,10,0,0,"1191,1192,1193,1194,1195,1196,1197,1198,1199,1200",1,2018|M5|bloc1|CEL|F1,era5loc_ed480fff4117,era5loc_ed480fff4117|2018,FRANCE,CEL,2018,57,2018-05-11,35,False,0,0.006,0.6,51.86475336613321,primary_secondary_hidden_BASF_frozen
2018|M5|bloc1|CEL,2018,2018-05-28,M5,bloc1,CEL,0.1,10,0,0,"711,712,713,714,715,716,717,718,719,720",2,2018|M5|bloc1|CEL|F2,era5loc_ed480fff4117,era5loc_ed480fff4117|2018,FRANCE,CEL,2018,58,2018-05-11,17,False,1,0.001,0.1,13.243455634010775,primary_secondary_hidden_BASF_frozen
2018|M5|bloc1|CEL,2018,2018-06-09,M5,bloc1,CEL,0.3,10,0,0,"951,952,953,954,955,956,957,958,959,960",2,2018|M5|bloc1|CEL|F2,era5loc_ed480fff4117,era5loc_ed480fff4117|2018,FRANCE,CEL,2018,58,2018-05-11,29,False,1,0.003,0.3,36.578190047582886,primary_secondary_hidden_BASF_frozen
2018|M5|bloc1|CEL,2018,2018-05-28,M5,bloc1,CEL,2.3,10,0,0,"711,712,713,714,715,716,717,718,719,720",3,2018|M5|bloc1|CEL|F3,era5loc_ed480fff4117,era5loc_ed480fff4117|2018,FRANCE,CEL,2018,59,2018-05-11,17,False,2,0.023,2.3,14.813499141554102,primary_secondary_hidden_BASF_frozen
2018|M5|bloc1|CEL,2018,2018-06-09,M5,bloc1,CEL,4.5,10,0,0,"951,952,953,954,955,956,957,958,959,960",3,2018|M5|bloc1|CEL|F3,era5loc_ed480fff4117,era5loc_ed480fff4117|2018,FRANCE,CEL,2018,59,2018-05-11,29,False,2,0.045,4.5,38.595862566071574,primary_secondary_hidden_BASF_frozen
2018|M5|bloc2|APA,2018,2018-05-28,M5,bloc2,APA,0.4,10,0,0,"621,622,623,624,625,626,627,628,629,630",1,2018|M5|bloc2|APA|F1,era5loc_ed480fff4117,era5loc_ed480fff4117|2018,FRANCE,APA,2018,60,2018-05-11,17,False,0,0.004,0.4,13.643136585373103,primary_secondary_hidden_BASF_frozen
2018|M5|bloc2|APA,2018,2018-06-09,M5,bloc2,APA,1.7,10,0,0,"861,862,863,864,865,866,867,868,869,870",1,2018|M5|bloc2|APA|F1,era5loc_ed480fff4117,era5loc_ed480fff4117|2018,FRANCE,APA,2018,60,2018-05-11,29,False,0,0.017,1.7,38.3485940539486,primary_secondary_hidden_BASF_frozen
2018|M5|bloc2|APA,2018,2018-06-15,M5,bloc2,APA,14.5,10,0,0,"1101,1102,1103,1104,1105,1106,1107,1108,1109,1110",1,2018|M5|bloc2|APA|F1,era5loc_ed480fff4117,era5loc_ed480fff4117|2018,FRANCE,APA,2018,60,2018-05-11,35,False,0,0.145,14.5,54.18430252002398,primary_secondary_hidden_BASF_frozen
2018|M5|bloc2|APA,2018,2018-05-28,M5,bloc2,APA,0.6,10,0,0,"621,622,623,624,625,626,627,628,629,630",2,2018|M5|bloc2|APA|F2,era5loc_ed480fff4117,era5loc_ed480fff4117|2018,FRANCE,APA,2018,61,2018-05-11,17,False,1,0.006,0.6,14.662850619724566,primary_secondary_hidden_BASF_frozen
2018|M5|bloc2|APA,2018,2018-06-09,M5,bloc2,APA,7.6,10,0,0,"861,862,863,864,865,866,867,868,869,870",2,2018|M5|bloc2|APA|F2,era5loc_ed480fff4117,era5loc_ed480fff4117|2018,FRANCE,APA,2018,61,2018-05-11,29,False,1,0.076,7.6,41.16505773877825,primary_secondary_hidden_BASF_frozen
2018|M5|bloc2|APA,2018,2018-05-28,M5,bloc2,APA,8.2,10,0,0,"621,622,623,624,625,626,627,628,629,630",3,2018|M5|bloc2|APA|F3,era5loc_ed480fff4117,era5loc_ed480fff4117|2018,FRANCE,APA,2018,62,2018-05-11,17,False,2,0.08199999999999999,8.2,27.613926147641454,primary_secondary_hidden_BASF_frozen
2018|M5|bloc2|APA,2018,2018-06-09,M5,bloc2,APA,17.0,10,0,0,"861,862,863,864,865,866,867,868,869,870",3,2018|M5|bloc2|APA|F3,era5loc_ed480fff4117,era5loc_ed480fff4117|2018,FRANCE,APA,2018,62,2018-05-11,29,False,2,0.17,17.0,54.68789596211195,primary_secondary_hidden_BASF_frozen
2018|M5|bloc2|CEL,2018,2018-05-28,M5,bloc2,CEL,0.1,10,0,0,"631,632,633,634,635,636,637,638,639,640",1,2018|M5|bloc2|CEL|F1,era5loc_ed480fff4117,era5loc_ed480fff4117|2018,FRANCE,CEL,2018,63,2018-05-11,17,False,0,0.001,0.1,13.183638320786942,primary_secondary_hidden_BASF_frozen
2018|M5|bloc2|CEL,2018,2018-06-09,M5,bloc2,CEL,0.5,10,0,0,"871,872,873,874,875,876,877,878,879,880",1,2018|M5|bloc2|CEL|F1,era5loc_ed480fff4117,era5loc_ed480fff4117|2018,FRANCE,CEL,2018,63,2018-05-11,29,False,0,0.005,0.5,36.3333430984179,primary_secondary_hidden_BASF_frozen
2018|M5|bloc2|CEL,2018,2018-06-15,M5,bloc2,CEL,0.3,10,0,0,"1111,1112,1113,1114,1115,1116,1117,1118,1119,1120",1,2018|M5|bloc2|CEL|F1,era5loc_ed480fff4117,era5loc_ed480fff4117|2018,FRANCE,CEL,2018,63,2018-05-11,35,False,0,0.003,0.3,51.94292412879482,primary_secondary_hidden_BASF_frozen
2018|M5|bloc2|CEL,2018,2018-05-28,M5,bloc2,CEL,0.4,10,0,0,"631,632,633,634,635,636,637,638,639,640",2,2018|M5|bloc2|CEL|F2,era5loc_ed480fff4117,era5loc_ed480fff4117|2018,FRANCE,CEL,2018,64,2018-05-11,17,False,1,0.004,0.4,13.277955666848184,primary_secondary_hidden_BASF_frozen
2018|M5|bloc2|CEL,2018,2018-06-09,M5,bloc2,CEL,2.8,10,0,0,"871,872,873,874,875,876,877,878,879,880",2,2018|M5|bloc2|CEL|F2,era5loc_ed480fff4117,era5loc_ed480fff4117|2018,FRANCE,CEL,2018,64,2018-05-11,29,False,1,0.027999999999999997,2.8,36.727752272227285,primary_secondary_hidden_BASF_frozen
2018|M5|bloc2|CEL,2018,2018-05-28,M5,bloc2,CEL,2.7777777777777777,9,0,1,"631,632,633,634,635,636,637,638,639,640",3,2018|M5|bloc2|CEL|F3,era5loc_ed480fff4117,era5loc_ed480fff4117|2018,FRANCE,CEL,2018,65,2018-05-11,17,False,2,0.027777777777777776,2.7777777777777777,15.2625803727156,primary_secondary_hidden_BASF_frozen
2018|M5|bloc2|CEL,2018,2018-06-09,M5,bloc2,CEL,7.9,10,0,0,"871,872,873,874,875,876,877,878,879,880",3,2018|M5|bloc2|CEL|F3,era5loc_ed480fff4117,era5loc_ed480fff4117|2018,FRANCE,CEL,2018,65,2018-05-11,29,False,2,0.079,7.9,39.25830085937607,primary_secondary_hidden_BASF_frozen
2018|M5|bloc3|APA,2018,2018-05-28,M5,bloc3,APA,0.1,10,0,0,"541,542,543,544,545,546,547,548,549,550",1,2018|M5|bloc3|APA|F1,era5loc_ed480fff4117,era5loc_ed480fff4117|2018,FRANCE,APA,2018,66,2018-05-11,17,False,0,0.001,0.1,13.33789506349246,primary_secondary_hidden_BASF_frozen
2018|M5|bloc3|APA,2018,2018-06-09,M5,bloc3,APA,1.3,10,0,0,"781,782,783,784,785,786,787,788,789,790",1,2018|M5|bloc3|APA|F1,era5loc_ed480fff4117,era5loc_ed480fff4117|2018,FRANCE,APA,2018,66,2018-05-11,29,False,0,0.013000000000000001,1.3,37.03166607524268,primary_secondary_hidden_BASF_frozen
2018|M5|bloc3|APA,2018,2018-06-15,M5,bloc3,APA,10.3,10,0,0,"1021,1022,1023,1024,1025,1026,1027,1028,1029,1030",1,2018|M5|bloc3|APA|F1,era5loc_ed480fff4117,era5loc_ed480fff4117|2018,FRANCE,APA,2018,66,2018-05-11,35,False,0,0.10300000000000001,10.3,52.734238167431,primary_secondary_hidden_BASF_frozen
2018|M5|bloc3|APA,2018,2018-05-28,M5,bloc3,APA,0.9,10,0,0,"541,542,543,544,545,546,547,548,549,550",2,2018|M5|bloc3|APA|F2,era5loc_ed480fff4117,era5loc_ed480fff4117|2018,FRANCE,APA,2018,67,2018-05-11,17,False,1,0.009000000000000001,0.9,13.634003465017505,primary_secondary_hidden_BASF_frozen
2018|M5|bloc3|APA,2018,2018-06-09,M5,bloc3,APA,15.4,10,0,0,"781,782,783,784,785,786,787,788,789,790",2,2018|M5|bloc3|APA|F2,era5loc_ed480fff4117,era5loc_ed480fff4117|2018,FRANCE,APA,2018,67,2018-05-11,29,False,1,0.154,15.4,38.23001359586736,primary_secondary_hidden_BASF_frozen
2018|M5|bloc3|APA,2018,2018-05-28,M5,bloc3,APA,5.4,10,0,0,"541,542,543,544,545,546,547,548,549,550",3,2018|M5|bloc3|APA|F3,era5loc_ed480fff4117,era5loc_ed480fff4117|2018,FRANCE,APA,2018,68,2018-05-11,17,False,2,0.054000000000000006,5.4,19.873991243425422,primary_secondary_hidden_BASF_frozen
2018|M5|bloc3|APA,2018,2018-06-09,M5,bloc3,APA,25.22222222222222,9,0,1,"781,782,783,784,785,786,787,788,789,790",3,2018|M5|bloc3|APA|F3,era5loc_ed480fff4117,era5loc_ed480fff4117|2018,FRANCE,APA,2018,68,2018-05-11,29,False,2,0.25222222222222224,25.22222222222222,45.593281316694764,primary_secondary_hidden_BASF_frozen
2018|M5|bloc3|CEL,2018,2018-05-28,M5,bloc3,CEL,0.0,10,0,0,"551,552,553,554,555,556,557,558,559,560",1,2018|M5|bloc3|CEL|F1,era5loc_ed480fff4117,era5loc_ed480fff4117|2018,FRANCE,CEL,2018,69,2018-05-11,17,False,0,0.0,0.0,13.17887035331036,primary_secondary_hidden_BASF_frozen
2018|M5|bloc3|CEL,2018,2018-06-09,M5,bloc3,CEL,0.0,10,0,0,"791,792,793,794,795,796,797,798,799,800",1,2018|M5|bloc3|CEL|F1,era5loc_ed480fff4117,era5loc_ed480fff4117|2018,FRANCE,CEL,2018,69,2018-05-11,29,False,0,0.0,0.0,36.30915254733084,primary_secondary_hidden_BASF_frozen
2018|M5|bloc3|CEL,2018,2018-06-15,M5,bloc3,CEL,0.3,10,0,0,"1031,1032,1033,1034,1035,1036,1037,1038,1039,1040",1,2018|M5|bloc3|CEL|F1,era5loc_ed480fff4117,era5loc_ed480fff4117|2018,FRANCE,CEL,2018,69,2018-05-11,35,False,0,0.003,0.3,51.91385716999526,primary_secondary_hidden_BASF_frozen
2018|M5|bloc3|CEL,2018,2018-05-28,M5,bloc3,CEL,0.1,10,0,0,"551,552,553,554,555,556,557,558,559,560",2,2018|M5|bloc3|CEL|F2,era5loc_ed480fff4117,era5loc_ed480fff4117|2018,FRANCE,CEL,2018,70,2018-05-11,17,False,1,0.001,0.1,13.353583141405062,primary_secondary_hidden_BASF_frozen
2018|M5|bloc3|CEL,2018,2018-06-09,M5,bloc3,CEL,1.1,10,0,0,"791,792,793,794,795,796,797,798,799,800",2,2018|M5|bloc3|CEL|F2,era5loc_ed480fff4117,era5loc_ed480fff4117|2018,FRANCE,CEL,2018,70,2018-05-11,29,False,1,0.011000000000000001,1.1,36.73787715926423,primary_secondary_hidden_BASF_frozen
2018|M5|bloc3|CEL,2018,2018-05-28,M5,bloc3,CEL,0.4,10,0,0,"551,552,553,554,555,556,557,558,559,560",3,2018|M5|bloc3|CEL|F3,era5loc_ed480fff4117,era5loc_ed480fff4117|2018,FRANCE,CEL,2018,71,2018-05-11,17,False,2,0.004,0.4,14.823090964562633,primary_secondary_hidden_BASF_frozen
2018|M5|bloc3|CEL,2018,2018-06-09,M5,bloc3,CEL,6.5,10,0,0,"791,792,793,794,795,796,797,798,799,800",3,2018|M5|bloc3|CEL|F3,era5loc_ed480fff4117,era5loc_ed480fff4117|2018,FRANCE,CEL,2018,71,2018-05-11,29,False,2,0.065,6.5,38.636608729345504,primary_secondary_hidden_BASF_frozen
2019|M1|bloc1|APA,2019,2019-06-13,M1,bloc1,APA,9.1,10,0,0,"1741,1742,1743,1744,1745,1746,1747,1748,1749,1750",1,2019|M1|bloc1|APA|F1,era5loc_ed480fff4117,era5loc_ed480fff4117|2019,FRANCE,APA,2019,72,2019-06-06,7,False,0,0.091,9.1,6.127391526758755,primary_secondary_hidden_BASF_frozen
2019|M1|bloc1|APA,2019,2019-06-18,M1,bloc1,APA,12.3,10,0,0,"2101,2102,2103,2104,2105,2106,2107,2108,2109,2110",1,2019|M1|bloc1|APA|F1,era5loc_ed480fff4117,era5loc_ed480fff4117|2019,FRANCE,APA,2019,72,2019-06-06,12,False,0,0.12300000000000001,12.3,11.25928528506819,primary_secondary_hidden_BASF_frozen
2019|M1|bloc1|APA,2019,2019-06-26,M1,bloc1,APA,33.5,10,0,0,"1621,1622,1623,1624,1625,1626,1627,1628,1629,1630",1,2019|M1|bloc1|APA|F1,era5loc_ed480fff4117,era5loc_ed480fff4117|2019,FRANCE,APA,2019,72,2019-06-06,20,False,0,0.335,33.5,25.969515368109285,primary_secondary_hidden_BASF_frozen
2019|M1|bloc1|APA,2019,2019-06-13,M1,bloc1,APA,12.5,10,0,0,"1741,1742,1743,1744,1745,1746,1747,1748,1749,1750",2,2019|M1|bloc1|APA|F2,era5loc_ed480fff4117,era5loc_ed480fff4117|2019,FRANCE,APA,2019,73,2019-06-06,7,False,1,0.125,12.5,6.417937807143748,primary_secondary_hidden_BASF_frozen
2019|M1|bloc1|APA,2019,2019-06-18,M1,bloc1,APA,23.0,10,0,0,"2101,2102,2103,2104,2105,2106,2107,2108,2109,2110",2,2019|M1|bloc1|APA|F2,era5loc_ed480fff4117,era5loc_ed480fff4117|2019,FRANCE,APA,2019,73,2019-06-06,12,False,1,0.23,23.0,11.540715975838015,primary_secondary_hidden_BASF_frozen
2019|M1|bloc1|APA,2019,2019-06-26,M1,bloc1,APA,39.375,8,2,0,"1621,1622,1623,1624,1625,1626,1627,1628,1629,1630",2,2019|M1|bloc1|APA|F2,era5loc_ed480fff4117,era5loc_ed480fff4117|2019,FRANCE,APA,2019,73,2019-06-06,20,False,1,0.39375,39.375,26.27711748296867,primary_secondary_hidden_BASF_frozen
2019|M1|bloc1|APA,2019,2019-06-13,M1,bloc1,APA,10.88888888888889,9,1,0,"1741,1742,1743,1744,1745,1746,1747,1748,1749,1750",3,2019|M1|bloc1|APA|F3,era5loc_ed480fff4117,era5loc_ed480fff4117|2019,FRANCE,APA,2019,74,2019-06-06,7,False,2,0.1088888888888889,10.88888888888889,6.03047080782432,primary_secondary_hidden_BASF_frozen
2019|M1|bloc1|APA,2019,2019-06-18,M1,bloc1,APA,26.0,10,0,0,"2101,2102,2103,2104,2105,2106,2107,2108,2109,2110",3,2019|M1|bloc1|APA|F3,era5loc_ed480fff4117,era5loc_ed480fff4117|2019,FRANCE,APA,2019,74,2019-06-06,12,False,2,0.26,26.0,11.163166341008177,primary_secondary_hidden_BASF_frozen
2019|M1|bloc1|APA,2019,2019-06-26,M1,bloc1,APA,38.333333333333336,3,7,0,"1621,1622,1623,1624,1625,1626,1627,1628,1629,1630",3,2019|M1|bloc1|APA|F3,era5loc_ed480fff4117,era5loc_ed480fff4117|2019,FRANCE,APA,2019,74,2019-06-06,20,False,2,0.38333333333333336,38.333333333333336,25.84070342357765,primary_secondary_hidden_BASF_frozen
2019|M1|bloc2|APA,2019,2019-06-13,M1,bloc2,APA,19.5,10,0,0,"1761,1762,1763,1764,1765,1766,1767,1768,1769,1770",1,2019|M1|bloc2|APA|F1,era5loc_ed480fff4117,era5loc_ed480fff4117|2019,FRANCE,APA,2019,75,2019-06-06,7,False,0,0.195,19.5,13.301661693749928,primary_secondary_hidden_BASF_frozen
2019|M1|bloc2|APA,2019,2019-06-18,M1,bloc2,APA,20.5,10,0,0,"2071,2072,2073,2074,2075,2076,2077,2078,2079,2080",1,2019|M1|bloc2|APA|F1,era5loc_ed480fff4117,era5loc_ed480fff4117|2019,FRANCE,APA,2019,75,2019-06-06,12,False,0,0.205,20.5,18.402861491098392,primary_secondary_hidden_BASF_frozen
2019|M1|bloc2|APA,2019,2019-06-26,M1,bloc2,APA,40.0,8,2,0,"1591,1592,1593,1594,1595,1596,1597,1598,1599,1600",1,2019|M1|bloc2|APA|F1,era5loc_ed480fff4117,era5loc_ed480fff4117|2019,FRANCE,APA,2019,75,2019-06-06,20,False,0,0.4,40.0,35.53553029364133,primary_secondary_hidden_BASF_frozen
2019|M1|bloc2|APA,2019,2019-06-13,M1,bloc2,APA,13.0,10,0,0,"1761,1762,1763,1764,1765,1766,1767,1768,1769,1770",2,2019|M1|bloc2|APA|F2,era5loc_ed480fff4117,era5loc_ed480fff4117|2019,FRANCE,APA,2019,76,2019-06-06,7,False,1,0.13,13.0,7.393616515439967,primary_secondary_hidden_BASF_frozen
2019|M1|bloc2|APA,2019,2019-06-18,M1,bloc2,APA,22.0,10,0,0,"2071,2072,2073,2074,2075,2076,2077,2078,2079,2080",2,2019|M1|bloc2|APA|F2,era5loc_ed480fff4117,era5loc_ed480fff4117|2019,FRANCE,APA,2019,76,2019-06-06,12,False,1,0.22,22.0,12.694341200719359,primary_secondary_hidden_BASF_frozen
2019|M1|bloc2|APA,2019,2019-06-26,M1,bloc2,APA,40.0,9,1,0,"1591,1592,1593,1594,1595,1596,1597,1598,1599,1600",2,2019|M1|bloc2|APA|F2,era5loc_ed480fff4117,era5loc_ed480fff4117|2019,FRANCE,APA,2019,76,2019-06-06,20,False,1,0.4,40.0,29.62572199392769,primary_secondary_hidden_BASF_frozen
2019|M1|bloc2|APA,2019,2019-06-13,M1,bloc2,APA,29.375,8,2,0,"1761,1762,1763,1764,1765,1766,1767,1768,1769,1770",3,2019|M1|bloc2|APA|F3,era5loc_ed480fff4117,era5loc_ed480fff4117|2019,FRANCE,APA,2019,77,2019-06-06,7,False,2,0.29375,29.375,10.976186841129485,primary_secondary_hidden_BASF_frozen
2019|M1|bloc2|APA,2019,2019-06-18,M1,bloc2,APA,30.0,6,4,0,"2071,2072,2073,2074,2075,2076,2077,2078,2079,2080",3,2019|M1|bloc2|APA|F3,era5loc_ed480fff4117,era5loc_ed480fff4117|2019,FRANCE,APA,2019,77,2019-06-06,12,False,2,0.3,30.0,16.130861007373255,primary_secondary_hidden_BASF_frozen
2019|M1|bloc3|APA,2019,2019-06-12,M1,bloc3,APA,8.2,10,0,0,"1901,1902,1903,1904,1905,1906,1907,1908,1909,1910",1,2019|M1|bloc3|APA|F1,era5loc_ed480fff4117,era5loc_ed480fff4117|2019,FRANCE,APA,2019,78,2019-06-03,9,False,0,0.08199999999999999,8.2,8.984534394031256,primary_secondary_hidden_BASF_frozen
2019|M1|bloc3|APA,2019,2019-06-18,M1,bloc3,APA,15.5,10,0,0,"1921,1922,1923,1924,1925,1926,1927,1928,1929,1930",1,2019|M1|bloc3|APA|F1,era5loc_ed480fff4117,era5loc_ed480fff4117|2019,FRANCE,APA,2019,78,2019-06-03,15,False,0,0.155,15.5,16.14205516405494,primary_secondary_hidden_BASF_frozen
2019|M1|bloc3|APA,2019,2019-06-25,M1,bloc3,APA,25.555555555555557,9,1,0,"1481,1482,1483,1484,1485,1486,1487,1488,1489,1490",1,2019|M1|bloc3|APA|F1,era5loc_ed480fff4117,era5loc_ed480fff4117|2019,FRANCE,APA,2019,78,2019-06-03,22,False,0,0.2555555555555556,25.555555555555557,31.315688030230216,primary_secondary_hidden_BASF_frozen
2019|M1|bloc3|APA,2019,2019-06-12,M1,bloc3,APA,8.4,10,0,0,"1901,1902,1903,1904,1905,1906,1907,1908,1909,1910",2,2019|M1|bloc3|APA|F2,era5loc_ed480fff4117,era5loc_ed480fff4117|2019,FRANCE,APA,2019,79,2019-06-03,9,False,1,0.084,8.4,7.452106603457831,primary_secondary_hidden_BASF_frozen
2019|M1|bloc3|APA,2019,2019-06-18,M1,bloc3,APA,20.5,10,0,0,"1921,1922,1923,1924,1925,1926,1927,1928,1929,1930",2,2019|M1|bloc3|APA|F2,era5loc_ed480fff4117,era5loc_ed480fff4117|2019,FRANCE,APA,2019,79,2019-06-03,15,False,1,0.205,20.5,14.484915114370958,primary_secondary_hidden_BASF_frozen
2019|M1|bloc3|APA,2019,2019-06-25,M1,bloc3,APA,26.5,10,0,0,"1481,1482,1483,1484,1485,1486,1487,1488,1489,1490",2,2019|M1|bloc3|APA|F2,era5loc_ed480fff4117,era5loc_ed480fff4117|2019,FRANCE,APA,2019,79,2019-06-03,22,False,1,0.265,26.5,29.223399911781765,primary_secondary_hidden_BASF_frozen
2019|M1|bloc3|APA,2019,2019-06-12,M1,bloc3,APA,19.0,10,0,0,"1901,1902,1903,1904,1905,1906,1907,1908,1909,1910",3,2019|M1|bloc3|APA|F3,era5loc_ed480fff4117,era5loc_ed480fff4117|2019,FRANCE,APA,2019,80,2019-06-03,9,False,2,0.19,19.0,7.765301326182208,primary_secondary_hidden_BASF_frozen
2019|M1|bloc3|APA,2019,2019-06-18,M1,bloc3,APA,29.0,10,0,0,"1921,1922,1923,1924,1925,1926,1927,1928,1929,1930",3,2019|M1|bloc3|APA|F3,era5loc_ed480fff4117,era5loc_ed480fff4117|2019,FRANCE,APA,2019,80,2019-06-03,15,False,2,0.29,29.0,14.75849940848476,primary_secondary_hidden_BASF_frozen
2019|M1|bloc3|APA,2019,2019-06-25,M1,bloc3,APA,43.75,4,6,0,"1481,1482,1483,1484,1485,1486,1487,1488,1489,1490",3,2019|M1|bloc3|APA|F3,era5loc_ed480fff4117,era5loc_ed480fff4117|2019,FRANCE,APA,2019,80,2019-06-03,22,False,2,0.4375,43.75,29.3996739407809,primary_secondary_hidden_BASF_frozen
2019|M2|bloc1|CEL,2019,2019-06-13,M2,bloc1,CEL,2.3,10,0,0,"1751,1752,1753,1754,1755,1756,1757,1758,1759,1760",1,2019|M2|bloc1|CEL|F1,era5loc_ed480fff4117,era5loc_ed480fff4117|2019,FRANCE,CEL,2019,81,2019-06-06,7,False,0,0.023,2.3,4.284319927290093,primary_secondary_hidden_BASF_frozen
2019|M2|bloc1|CEL,2019,2019-06-18,M2,bloc1,CEL,3.7,10,0,0,"2111,2112,2113,2114,2115,2116,2117,2118,2119,2120",1,2019|M2|bloc1|CEL|F1,era5loc_ed480fff4117,era5loc_ed480fff4117|2019,FRANCE,CEL,2019,81,2019-06-06,12,False,0,0.037000000000000005,3.7,9.378378273005266,primary_secondary_hidden_BASF_frozen
2019|M2|bloc1|CEL,2019,2019-06-26,M2,bloc1,CEL,16.8,10,0,0,"1651,1652,1653,1654,1655,1656,1657,1658,1659,1660",1,2019|M2|bloc1|CEL|F1,era5loc_ed480fff4117,era5loc_ed480fff4117|2019,FRANCE,CEL,2019,81,2019-06-06,20,False,0,0.168,16.8,22.858952397471498,primary_secondary_hidden_BASF_frozen
2019|M2|bloc1|CEL,2019,2019-06-13,M2,bloc1,CEL,4.6,10,0,0,"1751,1752,1753,1754,1755,1756,1757,1758,1759,1760",2,2019|M2|bloc1|CEL|F2,era5loc_ed480fff4117,era5loc_ed480fff4117|2019,FRANCE,CEL,2019,82,2019-06-06,7,False,1,0.046,4.6,4.769212689082944,primary_secondary_hidden_BASF_frozen
2019|M2|bloc1|CEL,2019,2019-06-18,M2,bloc1,CEL,8.3,10,0,0,"2111,2112,2113,2114,2115,2116,2117,2118,2119,2120",2,2019|M2|bloc1|CEL|F2,era5loc_ed480fff4117,era5loc_ed480fff4117|2019,FRANCE,CEL,2019,82,2019-06-06,12,False,1,0.083,8.3,9.869961469241506,primary_secondary_hidden_BASF_frozen
2019|M2|bloc1|CEL,2019,2019-06-26,M2,bloc1,CEL,17.5,8,2,0,"1651,1652,1653,1654,1655,1656,1657,1658,1659,1660",2,2019|M2|bloc1|CEL|F2,era5loc_ed480fff4117,era5loc_ed480fff4117|2019,FRANCE,CEL,2019,82,2019-06-06,20,False,1,0.175,17.5,23.64453587558198,primary_secondary_hidden_BASF_frozen
2019|M2|bloc1|CEL,2019,2019-06-13,M2,bloc1,CEL,8.4,10,0,0,"1751,1752,1753,1754,1755,1756,1757,1758,1759,1760",3,2019|M2|bloc1|CEL|F3,era5loc_ed480fff4117,era5loc_ed480fff4117|2019,FRANCE,CEL,2019,83,2019-06-06,7,False,2,0.084,8.4,6.028989620947285,primary_secondary_hidden_BASF_frozen
2019|M2|bloc1|CEL,2019,2019-06-18,M2,bloc1,CEL,11.1,10,0,0,"2111,2112,2113,2114,2115,2116,2117,2118,2119,2120",3,2019|M2|bloc1|CEL|F3,era5loc_ed480fff4117,era5loc_ed480fff4117|2019,FRANCE,CEL,2019,83,2019-06-06,12,False,2,0.111,11.1,11.115195581018298,primary_secondary_hidden_BASF_frozen
2019|M2|bloc1|CEL,2019,2019-06-26,M2,bloc1,CEL,20.0,4,6,0,"1651,1652,1653,1654,1655,1656,1657,1658,1659,1660",3,2019|M2|bloc1|CEL|F3,era5loc_ed480fff4117,era5loc_ed480fff4117|2019,FRANCE,CEL,2019,83,2019-06-06,20,False,2,0.2,20.0,25.287730694222915,primary_secondary_hidden_BASF_frozen
2019|M2|bloc2|CEL,2019,2019-06-13,M2,bloc2,CEL,1.3,10,0,0,"1771,1772,1773,1774,1775,1776,1777,1778,1779,1780",1,2019|M2|bloc2|CEL|F1,era5loc_ed480fff4117,era5loc_ed480fff4117|2019,FRANCE,CEL,2019,84,2019-06-06,7,False,0,0.013000000000000001,1.3,3.4110933930597596,primary_secondary_hidden_BASF_frozen
2019|M2|bloc2|CEL,2019,2019-06-18,M2,bloc2,CEL,3.2,10,0,0,"2061,2062,2063,2064,2065,2066,2067,2068,2069,2070",1,2019|M2|bloc2|CEL|F1,era5loc_ed480fff4117,era5loc_ed480fff4117|2019,FRANCE,CEL,2019,84,2019-06-06,12,False,0,0.032,3.2,8.47766644154001,primary_secondary_hidden_BASF_frozen
2019|M2|bloc2|CEL,2019,2019-06-26,M2,bloc2,CEL,12.222222222222221,9,0,1,"1581,1582,1583,1584,1585,1586,1587,1588,1589,1590",1,2019|M2|bloc2|CEL|F1,era5loc_ed480fff4117,era5loc_ed480fff4117|2019,FRANCE,CEL,2019,84,2019-06-06,20,False,0,0.12222222222222222,12.222222222222221,21.238210612935955,primary_secondary_hidden_BASF_frozen
2019|M2|bloc2|CEL,2019,2019-06-13,M2,bloc2,CEL,2.4,10,0,0,"1771,1772,1773,1774,1775,1776,1777,1778,1779,1780",2,2019|M2|bloc2|CEL|F2,era5loc_ed480fff4117,era5loc_ed480fff4117|2019,FRANCE,CEL,2019,85,2019-06-06,7,False,1,0.024,2.4,4.089782052574118,primary_secondary_hidden_BASF_frozen
2019|M2|bloc2|CEL,2019,2019-06-18,M2,bloc2,CEL,6.4,10,0,0,"2061,2062,2063,2064,2065,2066,2067,2068,2069,2070",2,2019|M2|bloc2|CEL|F2,era5loc_ed480fff4117,era5loc_ed480fff4117|2019,FRANCE,CEL,2019,85,2019-06-06,12,False,1,0.064,6.4,9.161677526487335,primary_secondary_hidden_BASF_frozen
2019|M2|bloc2|CEL,2019,2019-06-26,M2,bloc2,CEL,16.77777777777778,9,0,1,"1581,1582,1583,1584,1585,1586,1587,1588,1589,1590",2,2019|M2|bloc2|CEL|F2,era5loc_ed480fff4117,era5loc_ed480fff4117|2019,FRANCE,CEL,2019,85,2019-06-06,20,False,1,0.16777777777777778,16.77777777777778,22.300062908958207,primary_secondary_hidden_BASF_frozen
2019|M2|bloc2|CEL,2019,2019-06-13,M2,bloc2,CEL,6.4,10,0,0,"1771,1772,1773,1774,1775,1776,1777,1778,1779,1780",3,2019|M2|bloc2|CEL|F3,era5loc_ed480fff4117,era5loc_ed480fff4117|2019,FRANCE,CEL,2019,86,2019-06-06,7,False,2,0.064,6.4,5.26353747952454,primary_secondary_hidden_BASF_frozen
2019|M2|bloc2|CEL,2019,2019-06-18,M2,bloc2,CEL,11.2,10,0,0,"2061,2062,2063,2064,2065,2066,2067,2068,2069,2070",3,2019|M2|bloc2|CEL|F3,era5loc_ed480fff4117,era5loc_ed480fff4117|2019,FRANCE,CEL,2019,86,2019-06-06,12,False,2,0.11199999999999999,11.2,10.327193751249268,primary_secondary_hidden_BASF_frozen
2019|M2|bloc2|CEL,2019,2019-06-26,M2,bloc2,CEL,23.0,5,5,0,"1581,1582,1583,1584,1585,1586,1587,1588,1589,1590",3,2019|M2|bloc2|CEL|F3,era5loc_ed480fff4117,era5loc_ed480fff4117|2019,FRANCE,CEL,2019,86,2019-06-06,20,False,2,0.23,23.0,23.909131819087577,primary_secondary_hidden_BASF_frozen
2019|M2|bloc3|CEL,2019,2019-06-12,M2,bloc3,CEL,1.8,10,0,0,"1911,1912,1913,1914,1915,1916,1917,1918,1919,1920",1,2019|M2|bloc3|CEL|F1,era5loc_ed480fff4117,era5loc_ed480fff4117|2019,FRANCE,CEL,2019,87,2019-06-03,9,False,0,0.018000000000000002,1.8,6.991993195390907,primary_secondary_hidden_BASF_frozen
2019|M2|bloc3|CEL,2019,2019-06-18,M2,bloc3,CEL,3.1,10,0,0,"1931,1932,1933,1934,1935,1936,1937,1938,1939,1940",1,2019|M2|bloc3|CEL|F1,era5loc_ed480fff4117,era5loc_ed480fff4117|2019,FRANCE,CEL,2019,87,2019-06-03,15,False,0,0.031,3.1,13.735516719976596,primary_secondary_hidden_BASF_frozen
2019|M2|bloc3|CEL,2019,2019-06-25,M2,bloc3,CEL,18.0,10,0,0,"1491,1492,1493,1494,1495,1496,1497,1498,1499,1500",1,2019|M2|bloc3|CEL|F1,era5loc_ed480fff4117,era5loc_ed480fff4117|2019,FRANCE,CEL,2019,87,2019-06-03,22,False,0,0.18,18.0,27.58931478346234,primary_secondary_hidden_BASF_frozen
2019|M2|bloc3|CEL,2019,2019-06-12,M2,bloc3,CEL,6.5,10,0,0,"1911,1912,1913,1914,1915,1916,1917,1918,1919,1920",2,2019|M2|bloc3|CEL|F2,era5loc_ed480fff4117,era5loc_ed480fff4117|2019,FRANCE,CEL,2019,88,2019-06-03,9,False,1,0.065,6.5,6.887082502538277,primary_secondary_hidden_BASF_frozen
2019|M2|bloc3|CEL,2019,2019-06-18,M2,bloc3,CEL,11.7,10,0,0,"1931,1932,1933,1934,1935,1936,1937,1938,1939,1940",2,2019|M2|bloc3|CEL|F2,era5loc_ed480fff4117,era5loc_ed480fff4117|2019,FRANCE,CEL,2019,88,2019-06-03,15,False,1,0.11699999999999999,11.7,13.639751215445953,primary_secondary_hidden_BASF_frozen
2019|M2|bloc3|CEL,2019,2019-06-25,M2,bloc3,CEL,24.0,10,0,0,"1491,1492,1493,1494,1495,1496,1497,1498,1499,1500",2,2019|M2|bloc3|CEL|F2,era5loc_ed480fff4117,era5loc_ed480fff4117|2019,FRANCE,CEL,2019,88,2019-06-03,22,False,1,0.24,24.0,27.514487954760348,primary_secondary_hidden_BASF_frozen
2019|M2|bloc3|CEL,2019,2019-06-12,M2,bloc3,CEL,6.4,10,0,0,"1911,1912,1913,1914,1915,1916,1917,1918,1919,1920",3,2019|M2|bloc3|CEL|F3,era5loc_ed480fff4117,era5loc_ed480fff4117|2019,FRANCE,CEL,2019,89,2019-06-03,9,False,2,0.064,6.4,7.316392654129254,primary_secondary_hidden_BASF_frozen
2019|M2|bloc3|CEL,2019,2019-06-18,M2,bloc3,CEL,11.222222222222221,9,1,0,"1931,1932,1933,1934,1935,1936,1937,1938,1939,1940",3,2019|M2|bloc3|CEL|F3,era5loc_ed480fff4117,era5loc_ed480fff4117|2019,FRANCE,CEL,2019,89,2019-06-03,15,False,2,0.11222222222222221,11.222222222222221,14.110710127725309,primary_secondary_hidden_BASF_frozen
2019|M2|bloc3|CEL,2019,2019-06-25,M2,bloc3,CEL,18.333333333333332,6,4,0,"1491,1492,1493,1494,1495,1496,1497,1498,1499,1500",3,2019|M2|bloc3|CEL|F3,era5loc_ed480fff4117,era5loc_ed480fff4117|2019,FRANCE,CEL,2019,89,2019-06-03,22,False,2,0.18333333333333332,18.333333333333332,28.13516728171439,primary_secondary_hidden_BASF_frozen
2019|M3|bloc1|APA,2019,2019-06-13,M3,bloc1,APA,0.8,10,0,0,"1681,1682,1683,1684,1685,1686,1687,1688,1689,1690",1,2019|M3|bloc1|APA|F1,era5loc_ed480fff4117,era5loc_ed480fff4117|2019,FRANCE,APA,2019,90,2019-06-06,7,False,0,0.008,0.8,3.5087329852302216,primary_secondary_hidden_BASF_frozen
2019|M3|bloc1|APA,2019,2019-06-18,M3,bloc1,APA,1.1,10,0,0,"2081,2082,2083,2084,2085,2086,2087,2088,2089,2090",1,2019|M3|bloc1|APA|F1,era5loc_ed480fff4117,era5loc_ed480fff4117|2019,FRANCE,APA,2019,90,2019-06-06,12,False,0,0.011000000000000001,1.1,8.599233019536966,primary_secondary_hidden_BASF_frozen
2019|M3|bloc1|APA,2019,2019-06-26,M3,bloc1,APA,1.4,10,0,0,"1631,1632,1633,1634,1635,1636,1637,1638,1639,1640",1,2019|M3|bloc1|APA|F1,era5loc_ed480fff4117,era5loc_ed480fff4117|2019,FRANCE,APA,2019,90,2019-06-06,20,False,0,0.013999999999999999,1.4,21.681898441281565,primary_secondary_hidden_BASF_frozen
2019|M3|bloc1|APA,2019,2019-06-13,M3,bloc1,APA,4.0,10,0,0,"1681,1682,1683,1684,1685,1686,1687,1688,1689,1690",2,2019|M3|bloc1|APA|F2,era5loc_ed480fff4117,era5loc_ed480fff4117|2019,FRANCE,APA,2019,91,2019-06-06,7,False,1,0.04,4.0,4.76888557961214,primary_secondary_hidden_BASF_frozen
2019|M3|bloc1|APA,2019,2019-06-18,M3,bloc1,APA,5.0,10,0,0,"2081,2082,2083,2084,2085,2086,2087,2088,2089,2090",2,2019|M3|bloc1|APA|F2,era5loc_ed480fff4117,era5loc_ed480fff4117|2019,FRANCE,APA,2019,91,2019-06-06,12,False,1,0.05,5.0,9.858976142614202,primary_secondary_hidden_BASF_frozen
2019|M3|bloc1|APA,2019,2019-06-26,M3,bloc1,APA,8.8,10,0,0,"1631,1632,1633,1634,1635,1636,1637,1638,1639,1640",2,2019|M3|bloc1|APA|F2,era5loc_ed480fff4117,era5loc_ed480fff4117|2019,FRANCE,APA,2019,91,2019-06-06,20,False,1,0.08800000000000001,8.8,23.51420645251277,primary_secondary_hidden_BASF_frozen
2019|M3|bloc1|APA,2019,2019-06-13,M3,bloc1,APA,6.8,10,0,0,"1681,1682,1683,1684,1685,1686,1687,1688,1689,1690",3,2019|M3|bloc1|APA|F3,era5loc_ed480fff4117,era5loc_ed480fff4117|2019,FRANCE,APA,2019,92,2019-06-06,7,False,2,0.068,6.8,6.2226986146105,primary_secondary_hidden_BASF_frozen
2019|M3|bloc1|APA,2019,2019-06-18,M3,bloc1,APA,11.0,10,0,0,"2081,2082,2083,2084,2085,2086,2087,2088,2089,2090",3,2019|M3|bloc1|APA|F3,era5loc_ed480fff4117,era5loc_ed480fff4117|2019,FRANCE,APA,2019,92,2019-06-06,12,False,2,0.11,11.0,11.303297263999637,primary_secondary_hidden_BASF_frozen
2019|M3|bloc1|APA,2019,2019-06-26,M3,bloc1,APA,17.5,6,4,0,"1631,1632,1633,1634,1635,1636,1637,1638,1639,1640",3,2019|M3|bloc1|APA|F3,era5loc_ed480fff4117,era5loc_ed480fff4117|2019,FRANCE,APA,2019,92,2019-06-06,20,False,2,0.175,17.5,25.498891059061872,primary_secondary_hidden_BASF_frozen
2019|M3|bloc1|CEL,2019,2019-06-13,M3,bloc1,CEL,0.3,10,0,0,"1691,1692,1693,1694,1695,1696,1697,1698,1699,1700",1,2019|M3|bloc1|CEL|F1,era5loc_ed480fff4117,era5loc_ed480fff4117|2019,FRANCE,CEL,2019,93,2019-06-06,7,False,0,0.003,0.3,3.313638533251131,primary_secondary_hidden_BASF_frozen
2019|M3|bloc1|CEL,2019,2019-06-18,M3,bloc1,CEL,0.2,10,0,0,"2091,2092,2093,2094,2095,2096,2097,2098,2099,2100",1,2019|M3|bloc1|CEL|F1,era5loc_ed480fff4117,era5loc_ed480fff4117|2019,FRANCE,CEL,2019,93,2019-06-06,12,False,0,0.002,0.2,8.3622807735061,primary_secondary_hidden_BASF_frozen
2019|M3|bloc1|CEL,2019,2019-06-26,M3,bloc1,CEL,4.6,10,0,0,"1641,1642,1643,1644,1645,1646,1647,1648,1649,1650",1,2019|M3|bloc1|CEL|F1,era5loc_ed480fff4117,era5loc_ed480fff4117|2019,FRANCE,CEL,2019,93,2019-06-06,20,False,0,0.046,4.6,20.86739620282281,primary_secondary_hidden_BASF_frozen
2019|M3|bloc1|CEL,2019,2019-06-13,M3,bloc1,CEL,1.5,10,0,0,"1691,1692,1693,1694,1695,1696,1697,1698,1699,1700",2,2019|M3|bloc1|CEL|F2,era5loc_ed480fff4117,era5loc_ed480fff4117|2019,FRANCE,CEL,2019,94,2019-06-06,7,False,1,0.015,1.5,3.7014382243296873,primary_secondary_hidden_BASF_frozen
2019|M3|bloc1|CEL,2019,2019-06-18,M3,bloc1,CEL,2.2,10,0,0,"2091,2092,2093,2094,2095,2096,2097,2098,2099,2100",2,2019|M3|bloc1|CEL|F2,era5loc_ed480fff4117,era5loc_ed480fff4117|2019,FRANCE,CEL,2019,94,2019-06-06,12,False,1,0.022000000000000002,2.2,8.752678971115477,primary_secondary_hidden_BASF_frozen
2019|M3|bloc1|CEL,2019,2019-06-26,M3,bloc1,CEL,4.5,10,0,0,"1641,1642,1643,1644,1645,1646,1647,1648,1649,1650",2,2019|M3|bloc1|CEL|F2,era5loc_ed480fff4117,era5loc_ed480fff4117|2019,FRANCE,CEL,2019,94,2019-06-06,20,False,1,0.045,4.5,21.471558043929985,primary_secondary_hidden_BASF_frozen
2019|M3|bloc1|CEL,2019,2019-06-13,M3,bloc1,CEL,2.0,10,0,0,"1691,1692,1693,1694,1695,1696,1697,1698,1699,1700",3,2019|M3|bloc1|CEL|F3,era5loc_ed480fff4117,era5loc_ed480fff4117|2019,FRANCE,CEL,2019,95,2019-06-06,7,False,2,0.02,2.0,4.282967392202335,primary_secondary_hidden_BASF_frozen
2019|M3|bloc1|CEL,2019,2019-06-18,M3,bloc1,CEL,3.5,10,0,0,"2091,2092,2093,2094,2095,2096,2097,2098,2099,2100",3,2019|M3|bloc1|CEL|F3,era5loc_ed480fff4117,era5loc_ed480fff4117|2019,FRANCE,CEL,2019,95,2019-06-06,12,False,2,0.035,3.5,9.331967242303346,primary_secondary_hidden_BASF_frozen
2019|M3|bloc1|CEL,2019,2019-06-26,M3,bloc1,CEL,7.222222222222222,9,1,0,"1641,1642,1643,1644,1645,1646,1647,1648,1649,1650",3,2019|M3|bloc1|CEL|F3,era5loc_ed480fff4117,era5loc_ed480fff4117|2019,FRANCE,CEL,2019,95,2019-06-06,20,False,2,0.07222222222222223,7.222222222222222,22.297481717070617,primary_secondary_hidden_BASF_frozen
2019|M3|bloc2|APA,2019,2019-06-13,M3,bloc2,APA,0.6,10,0,0,"1801,1802,1803,1804,1805,1806,1807,1808,1809,1810",1,2019|M3|bloc2|APA|F1,era5loc_ed480fff4117,era5loc_ed480fff4117|2019,FRANCE,APA,2019,96,2019-06-06,7,False,0,0.006,0.6,3.647559327924758,primary_secondary_hidden_BASF_frozen
2019|M3|bloc2|APA,2019,2019-06-18,M3,bloc2,APA,1.4,10,0,0,"2001,2002,2003,2004,2005,2006,2007,2008,2009,2010",1,2019|M3|bloc2|APA|F1,era5loc_ed480fff4117,era5loc_ed480fff4117|2019,FRANCE,APA,2019,96,2019-06-06,12,False,0,0.013999999999999999,1.4,8.697848541852157,primary_secondary_hidden_BASF_frozen
2019|M3|bloc2|APA,2019,2019-06-26,M3,bloc2,APA,4.0,10,0,0,"1541,1542,1543,1544,1545,1546,1547,1548,1549,1550",1,2019|M3|bloc2|APA|F1,era5loc_ed480fff4117,era5loc_ed480fff4117|2019,FRANCE,APA,2019,96,2019-06-06,20,False,0,0.04,4.0,21.380906799519913,primary_secondary_hidden_BASF_frozen
2019|M3|bloc2|APA,2019,2019-06-13,M3,bloc2,APA,2.6,10,0,0,"1801,1802,1803,1804,1805,1806,1807,1808,1809,1810",2,2019|M3|bloc2|APA|F2,era5loc_ed480fff4117,era5loc_ed480fff4117|2019,FRANCE,APA,2019,97,2019-06-06,7,False,1,0.026000000000000002,2.6,3.4326848895113624,primary_secondary_hidden_BASF_frozen
2019|M3|bloc2|APA,2019,2019-06-18,M3,bloc2,APA,4.0,10,0,0,"2001,2002,2003,2004,2005,2006,2007,2008,2009,2010",2,2019|M3|bloc2|APA|F2,era5loc_ed480fff4117,era5loc_ed480fff4117|2019,FRANCE,APA,2019,97,2019-06-06,12,False,1,0.04,4.0,8.500990101010014,primary_secondary_hidden_BASF_frozen
2019|M3|bloc2|APA,2019,2019-06-26,M3,bloc2,APA,9.3,10,0,0,"1541,1542,1543,1544,1545,1546,1547,1548,1549,1550",2,2019|M3|bloc2|APA|F2,era5loc_ed480fff4117,era5loc_ed480fff4117|2019,FRANCE,APA,2019,97,2019-06-06,20,False,1,0.09300000000000001,9.3,21.290735483067174,primary_secondary_hidden_BASF_frozen
2019|M3|bloc2|APA,2019,2019-06-13,M3,bloc2,APA,4.6,10,0,0,"1801,1802,1803,1804,1805,1806,1807,1808,1809,1810",3,2019|M3|bloc2|APA|F3,era5loc_ed480fff4117,era5loc_ed480fff4117|2019,FRANCE,APA,2019,98,2019-06-06,7,False,2,0.046,4.6,4.832274207032068,primary_secondary_hidden_BASF_frozen
2019|M3|bloc2|APA,2019,2019-06-18,M3,bloc2,APA,6.5,10,0,0,"2001,2002,2003,2004,2005,2006,2007,2008,2009,2010",3,2019|M3|bloc2|APA|F3,era5loc_ed480fff4117,era5loc_ed480fff4117|2019,FRANCE,APA,2019,98,2019-06-06,12,False,2,0.065,6.5,9.881660890190732,primary_secondary_hidden_BASF_frozen
2019|M3|bloc2|APA,2019,2019-06-26,M3,bloc2,APA,11.142857142857142,7,3,0,"1541,1542,1543,1544,1545,1546,1547,1548,1549,1550",3,2019|M3|bloc2|APA|F3,era5loc_ed480fff4117,era5loc_ed480fff4117|2019,FRANCE,APA,2019,98,2019-06-06,20,False,2,0.11142857142857142,11.142857142857142,23.10608822156528,primary_secondary_hidden_BASF_frozen
2019|M3|bloc2|CEL,2019,2019-06-13,M3,bloc2,CEL,0.6,10,0,0,"1811,1812,1813,1814,1815,1816,1817,1818,1819,1820",1,2019|M3|bloc2|CEL|F1,era5loc_ed480fff4117,era5loc_ed480fff4117|2019,FRANCE,CEL,2019,99,2019-06-06,7,False,0,0.006,0.6,3.539558905811507,primary_secondary_hidden_BASF_frozen
2019|M3|bloc2|CEL,2019,2019-06-18,M3,bloc2,CEL,1.0,10,0,0,"2011,2012,2013,2014,2015,2016,2017,2018,2019,2020",1,2019|M3|bloc2|CEL|F1,era5loc_ed480fff4117,era5loc_ed480fff4117|2019,FRANCE,CEL,2019,99,2019-06-06,12,False,0,0.01,1.0,8.579596090772679,primary_secondary_hidden_BASF_frozen
2019|M3|bloc2|CEL,2019,2019-06-26,M3,bloc2,CEL,5.3,10,0,0,"1551,1552,1553,1554,1555,1556,1557,1558,1559,1560",1,2019|M3|bloc2|CEL|F1,era5loc_ed480fff4117,era5loc_ed480fff4117|2019,FRANCE,CEL,2019,99,2019-06-06,20,False,0,0.053,5.3,21.09126370691023,primary_secondary_hidden_BASF_frozen
2019|M3|bloc2|CEL,2019,2019-06-13,M3,bloc2,CEL,1.4,10,0,0,"1811,1812,1813,1814,1815,1816,1817,1818,1819,1820",2,2019|M3|bloc2|CEL|F2,era5loc_ed480fff4117,era5loc_ed480fff4117|2019,FRANCE,CEL,2019,100,2019-06-06,7,False,1,0.013999999999999999,1.4,3.5395233129526393,primary_secondary_hidden_BASF_frozen
2019|M3|bloc2|CEL,2019,2019-06-18,M3,bloc2,CEL,2.9,10,0,0,"2011,2012,2013,2014,2015,2016,2017,2018,2019,2020",2,2019|M3|bloc2|CEL|F2,era5loc_ed480fff4117,era5loc_ed480fff4117|2019,FRANCE,CEL,2019,100,2019-06-06,12,False,1,0.028999999999999998,2.9,8.578338426891136,primary_secondary_hidden_BASF_frozen
2019|M3|bloc2|CEL,2019,2019-06-26,M3,bloc2,CEL,7.0,10,0,0,"1551,1552,1553,1554,1555,1556,1557,1558,1559,1560",2,2019|M3|bloc2|CEL|F2,era5loc_ed480fff4117,era5loc_ed480fff4117|2019,FRANCE,CEL,2019,100,2019-06-06,20,False,1,0.07,7.0,21.075782449971133,primary_secondary_hidden_BASF_frozen
2019|M3|bloc2|CEL,2019,2019-06-13,M3,bloc2,CEL,0.7,10,0,0,"1811,1812,1813,1814,1815,1816,1817,1818,1819,1820",3,2019|M3|bloc2|CEL|F3,era5loc_ed480fff4117,era5loc_ed480fff4117|2019,FRANCE,CEL,2019,101,2019-06-06,7,False,2,0.006999999999999999,0.7,3.4318540335639245,primary_secondary_hidden_BASF_frozen
2019|M3|bloc2|CEL,2019,2019-06-18,M3,bloc2,CEL,2.3,10,0,0,"2011,2012,2013,2014,2015,2016,2017,2018,2019,2020",3,2019|M3|bloc2|CEL|F3,era5loc_ed480fff4117,era5loc_ed480fff4117|2019,FRANCE,CEL,2019,101,2019-06-06,12,False,2,0.023,2.3,8.47173264150344,primary_secondary_hidden_BASF_frozen
2019|M3|bloc2|CEL,2019,2019-06-26,M3,bloc2,CEL,6.625,8,2,0,"1551,1552,1553,1554,1555,1556,1557,1558,1559,1560",3,2019|M3|bloc2|CEL|F3,era5loc_ed480fff4117,era5loc_ed480fff4117|2019,FRANCE,CEL,2019,101,2019-06-06,20,False,2,0.06625,6.625,20.930296282111584,primary_secondary_hidden_BASF_frozen
2019|M3|bloc3|APA,2019,2019-06-12,M3,bloc3,APA,1.3,10,0,0,"1881,1882,1883,1884,1885,1886,1887,1888,1889,1890",1,2019|M3|bloc3|APA|F1,era5loc_ed480fff4117,era5loc_ed480fff4117|2019,FRANCE,APA,2019,102,2019-06-03,9,False,0,0.013000000000000001,1.3,5.353975910117229,primary_secondary_hidden_BASF_frozen
2019|M3|bloc3|APA,2019,2019-06-18,M3,bloc3,APA,2.0,10,0,0,"1941,1942,1943,1944,1945,1946,1947,1948,1949,1950",1,2019|M3|bloc3|APA|F1,era5loc_ed480fff4117,era5loc_ed480fff4117|2019,FRANCE,APA,2019,102,2019-06-03,15,False,0,0.02,2.0,11.706275641146034,primary_secondary_hidden_BASF_frozen
2019|M3|bloc3|APA,2019,2019-06-25,M3,bloc3,APA,5.5,10,0,0,"1501,1502,1503,1504,1505,1506,1507,1508,1509,1510",1,2019|M3|bloc3|APA|F1,era5loc_ed480fff4117,era5loc_ed480fff4117|2019,FRANCE,APA,2019,102,2019-06-03,22,False,0,0.055,5.5,24.247098685256148,primary_secondary_hidden_BASF_frozen
2019|M3|bloc3|APA,2019,2019-06-12,M3,bloc3,APA,3.7,10,0,0,"1881,1882,1883,1884,1885,1886,1887,1888,1889,1890",2,2019|M3|bloc3|APA|F2,era5loc_ed480fff4117,era5loc_ed480fff4117|2019,FRANCE,APA,2019,103,2019-06-03,9,False,1,0.037000000000000005,3.7,6.425058430174868,primary_secondary_hidden_BASF_frozen
2019|M3|bloc3|APA,2019,2019-06-18,M3,bloc3,APA,5.6,10,0,0,"1941,1942,1943,1944,1945,1946,1947,1948,1949,1950",2,2019|M3|bloc3|APA|F2,era5loc_ed480fff4117,era5loc_ed480fff4117|2019,FRANCE,APA,2019,103,2019-06-03,15,False,1,0.055999999999999994,5.6,12.954651003462292,primary_secondary_hidden_BASF_frozen
2019|M3|bloc3|APA,2019,2019-06-25,M3,bloc3,APA,13.0,10,0,0,"1501,1502,1503,1504,1505,1506,1507,1508,1509,1510",2,2019|M3|bloc3|APA|F2,era5loc_ed480fff4117,era5loc_ed480fff4117|2019,FRANCE,APA,2019,103,2019-06-03,22,False,1,0.13,13.0,26.117492605783767,primary_secondary_hidden_BASF_frozen
2019|M3|bloc3|APA,2019,2019-06-12,M3,bloc3,APA,8.5,10,0,0,"1881,1882,1883,1884,1885,1886,1887,1888,1889,1890",3,2019|M3|bloc3|APA|F3,era5loc_ed480fff4117,era5loc_ed480fff4117|2019,FRANCE,APA,2019,104,2019-06-03,9,False,2,0.085,8.5,7.206151828744234,primary_secondary_hidden_BASF_frozen
2019|M3|bloc3|APA,2019,2019-06-18,M3,bloc3,APA,10.8,10,0,0,"1941,1942,1943,1944,1945,1946,1947,1948,1949,1950",3,2019|M3|bloc3|APA|F3,era5loc_ed480fff4117,era5loc_ed480fff4117|2019,FRANCE,APA,2019,104,2019-06-03,15,False,2,0.10800000000000001,10.8,13.880085461089935,primary_secondary_hidden_BASF_frozen
2019|M3|bloc3|APA,2019,2019-06-25,M3,bloc3,APA,20.0,3,7,0,"1501,1502,1503,1504,1505,1506,1507,1508,1509,1510",3,2019|M3|bloc3|APA|F3,era5loc_ed480fff4117,era5loc_ed480fff4117|2019,FRANCE,APA,2019,104,2019-06-03,22,False,2,0.2,20.0,27.531062787616722,primary_secondary_hidden_BASF_frozen
2019|M3|bloc3|CEL,2019,2019-06-12,M3,bloc3,CEL,0.3,10,0,0,"1891,1892,1893,1894,1895,1896,1897,1898,1899,1900",1,2019|M3|bloc3|CEL|F1,era5loc_ed480fff4117,era5loc_ed480fff4117|2019,FRANCE,CEL,2019,105,2019-06-03,9,False,0,0.003,0.3,5.5322462656133515,primary_secondary_hidden_BASF_frozen
2019|M3|bloc3|CEL,2019,2019-06-18,M3,bloc3,CEL,0.4,10,0,0,"1951,1952,1953,1954,1955,1956,1957,1958,1959,1960",1,2019|M3|bloc3|CEL|F1,era5loc_ed480fff4117,era5loc_ed480fff4117|2019,FRANCE,CEL,2019,105,2019-06-03,15,False,0,0.004,0.4,11.779456756035033,primary_secondary_hidden_BASF_frozen
2019|M3|bloc3|CEL,2019,2019-06-25,M3,bloc3,CEL,3.7,10,0,0,"1511,1512,1513,1514,1515,1516,1517,1518,1519,1520",1,2019|M3|bloc3|CEL|F1,era5loc_ed480fff4117,era5loc_ed480fff4117|2019,FRANCE,CEL,2019,105,2019-06-03,22,False,0,0.037000000000000005,3.7,23.992735711929864,primary_secondary_hidden_BASF_frozen
2019|M3|bloc3|CEL,2019,2019-06-12,M3,bloc3,CEL,0.6,10,0,0,"1891,1892,1893,1894,1895,1896,1897,1898,1899,1900",2,2019|M3|bloc3|CEL|F2,era5loc_ed480fff4117,era5loc_ed480fff4117|2019,FRANCE,CEL,2019,106,2019-06-03,9,False,1,0.006,0.6,5.5341440955407535,primary_secondary_hidden_BASF_frozen
2019|M3|bloc3|CEL,2019,2019-06-18,M3,bloc3,CEL,2.4,10,0,0,"1951,1952,1953,1954,1955,1956,1957,1958,1959,1960",2,2019|M3|bloc3|CEL|F2,era5loc_ed480fff4117,era5loc_ed480fff4117|2019,FRANCE,CEL,2019,106,2019-06-03,15,False,1,0.024,2.4,11.797193910055908,primary_secondary_hidden_BASF_frozen
2019|M3|bloc3|CEL,2019,2019-06-25,M3,bloc3,CEL,6.1,10,0,0,"1511,1512,1513,1514,1515,1516,1517,1518,1519,1520",2,2019|M3|bloc3|CEL|F2,era5loc_ed480fff4117,era5loc_ed480fff4117|2019,FRANCE,CEL,2019,106,2019-06-03,22,False,1,0.061,6.1,24.06075897697148,primary_secondary_hidden_BASF_frozen
2019|M3|bloc3|CEL,2019,2019-06-12,M3,bloc3,CEL,1.6,10,0,0,"1891,1892,1893,1894,1895,1896,1897,1898,1899,1900",3,2019|M3|bloc3|CEL|F3,era5loc_ed480fff4117,era5loc_ed480fff4117|2019,FRANCE,CEL,2019,107,2019-06-03,9,False,2,0.016,1.6,5.82511735299007,primary_secondary_hidden_BASF_frozen
2019|M3|bloc3|CEL,2019,2019-06-18,M3,bloc3,CEL,5.2,10,0,0,"1951,1952,1953,1954,1955,1956,1957,1958,1959,1960",3,2019|M3|bloc3|CEL|F3,era5loc_ed480fff4117,era5loc_ed480fff4117|2019,FRANCE,CEL,2019,107,2019-06-03,15,False,2,0.052000000000000005,5.2,12.127584919387669,primary_secondary_hidden_BASF_frozen
2019|M3|bloc3|CEL,2019,2019-06-25,M3,bloc3,CEL,8.5,10,0,0,"1511,1512,1513,1514,1515,1516,1517,1518,1519,1520",3,2019|M3|bloc3|CEL|F3,era5loc_ed480fff4117,era5loc_ed480fff4117|2019,FRANCE,CEL,2019,107,2019-06-03,22,False,2,0.085,8.5,24.53602567605708,primary_secondary_hidden_BASF_frozen
2019|M4|bloc1|APA,2019,2019-06-13,M4,bloc1,APA,1.7,10,0,0,"1721,1722,1723,1724,1725,1726,1727,1728,1729,1730",1,2019|M4|bloc1|APA|F1,era5loc_ed480fff4117,era5loc_ed480fff4117|2019,FRANCE,APA,2019,108,2019-06-06,7,False,0,0.017,1.7,3.895539204700517,primary_secondary_hidden_BASF_frozen
2019|M4|bloc1|APA,2019,2019-06-18,M4,bloc1,APA,1.8,10,0,0,"2141,2142,2143,2144,2145,2146,2147,2148,2149,2150",1,2019|M4|bloc1|APA|F1,era5loc_ed480fff4117,era5loc_ed480fff4117|2019,FRANCE,APA,2019,108,2019-06-06,12,False,0,0.018000000000000002,1.8,8.954806062993423,primary_secondary_hidden_BASF_frozen
2019|M4|bloc1|APA,2019,2019-06-26,M4,bloc1,APA,11.0,10,0,0,"1661,1662,1663,1664,1665,1666,1667,1668,1669,1670",1,2019|M4|bloc1|APA|F1,era5loc_ed480fff4117,era5loc_ed480fff4117|2019,FRANCE,APA,2019,108,2019-06-06,20,False,0,0.11,11.0,21.858223416870974,primary_secondary_hidden_BASF_frozen
2019|M4|bloc1|APA,2019,2019-06-13,M4,bloc1,APA,2.2,10,0,0,"1721,1722,1723,1724,1725,1726,1727,1728,1729,1730",2,2019|M4|bloc1|APA|F2,era5loc_ed480fff4117,era5loc_ed480fff4117|2019,FRANCE,APA,2019,109,2019-06-06,7,False,1,0.022000000000000002,2.2,3.798925532950064,primary_secondary_hidden_BASF_frozen
2019|M4|bloc1|APA,2019,2019-06-18,M4,bloc1,APA,3.3,10,0,0,"2141,2142,2143,2144,2145,2146,2147,2148,2149,2150",2,2019|M4|bloc1|APA|F2,era5loc_ed480fff4117,era5loc_ed480fff4117|2019,FRANCE,APA,2019,109,2019-06-06,12,False,1,0.033,3.3,8.868964555513424,primary_secondary_hidden_BASF_frozen
2019|M4|bloc1|APA,2019,2019-06-26,M4,bloc1,APA,7.0,10,0,0,"1661,1662,1663,1664,1665,1666,1667,1668,1669,1670",2,2019|M4|bloc1|APA|F2,era5loc_ed480fff4117,era5loc_ed480fff4117|2019,FRANCE,APA,2019,109,2019-06-06,20,False,1,0.07,7.0,21.8506958166505,primary_secondary_hidden_BASF_frozen
2019|M4|bloc1|APA,2019,2019-06-13,M4,bloc1,APA,3.5,10,0,0,"1721,1722,1723,1724,1725,1726,1727,1728,1729,1730",3,2019|M4|bloc1|APA|F3,era5loc_ed480fff4117,era5loc_ed480fff4117|2019,FRANCE,APA,2019,110,2019-06-06,7,False,2,0.035,3.5,4.670984831134462,primary_secondary_hidden_BASF_frozen
2019|M4|bloc1|APA,2019,2019-06-18,M4,bloc1,APA,7.3,10,0,0,"2141,2142,2143,2144,2145,2146,2147,2148,2149,2150",3,2019|M4|bloc1|APA|F3,era5loc_ed480fff4117,era5loc_ed480fff4117|2019,FRANCE,APA,2019,110,2019-06-06,12,False,2,0.073,7.3,9.729328710915045,primary_secondary_hidden_BASF_frozen
2019|M4|bloc1|APA,2019,2019-06-26,M4,bloc1,APA,13.0,6,4,0,"1661,1662,1663,1664,1665,1666,1667,1668,1669,1670",3,2019|M4|bloc1|APA|F3,era5loc_ed480fff4117,era5loc_ed480fff4117|2019,FRANCE,APA,2019,110,2019-06-06,20,False,2,0.13,13.0,22.981493606897384,primary_secondary_hidden_BASF_frozen
2019|M4|bloc1|CEL,2019,2019-06-13,M4,bloc1,CEL,0.0,10,0,0,"1731,1732,1733,1734,1735,1736,1737,1738,1739,1740",1,2019|M4|bloc1|CEL|F1,era5loc_ed480fff4117,era5loc_ed480fff4117|2019,FRANCE,CEL,2019,111,2019-06-06,7,False,0,0.0,0.0,3.2162275974820367,primary_secondary_hidden_BASF_frozen
2019|M4|bloc1|CEL,2019,2019-06-18,M4,bloc1,CEL,0.1,10,0,0,"2151,2152,2153,2154,2155,2156,2157,2158,2159,2160",1,2019|M4|bloc1|CEL|F1,era5loc_ed480fff4117,era5loc_ed480fff4117|2019,FRANCE,CEL,2019,111,2019-06-06,12,False,0,0.001,0.1,8.2482393704835,primary_secondary_hidden_BASF_frozen
2019|M4|bloc1|CEL,2019,2019-06-26,M4,bloc1,CEL,3.8,10,0,0,"1671,1672,1673,1674,1675,1676,1677,1678,1679,1680",1,2019|M4|bloc1|CEL|F1,era5loc_ed480fff4117,era5loc_ed480fff4117|2019,FRANCE,CEL,2019,111,2019-06-06,20,False,0,0.038,3.8,20.51132694451912,primary_secondary_hidden_BASF_frozen
2019|M4|bloc1|CEL,2019,2019-06-13,M4,bloc1,CEL,0.0,10,0,0,"1731,1732,1733,1734,1735,1736,1737,1738,1739,1740",2,2019|M4|bloc1|CEL|F2,era5loc_ed480fff4117,era5loc_ed480fff4117|2019,FRANCE,CEL,2019,112,2019-06-06,7,False,1,0.0,0.0,3.216406412491294,primary_secondary_hidden_BASF_frozen
2019|M4|bloc1|CEL,2019,2019-06-18,M4,bloc1,CEL,0.4,10,0,0,"2151,2152,2153,2154,2155,2156,2157,2158,2159,2160",2,2019|M4|bloc1|CEL|F2,era5loc_ed480fff4117,era5loc_ed480fff4117|2019,FRANCE,CEL,2019,112,2019-06-06,12,False,1,0.004,0.4,8.254612802246474,primary_secondary_hidden_BASF_frozen
2019|M4|bloc1|CEL,2019,2019-06-26,M4,bloc1,CEL,2.9,10,0,0,"1671,1672,1673,1674,1675,1676,1677,1678,1679,1680",2,2019|M4|bloc1|CEL|F2,era5loc_ed480fff4117,era5loc_ed480fff4117|2019,FRANCE,CEL,2019,112,2019-06-06,20,False,1,0.028999999999999998,2.9,20.59031261523694,primary_secondary_hidden_BASF_frozen
2019|M4|bloc1|CEL,2019,2019-06-13,M4,bloc1,CEL,3.0,10,0,0,"1731,1732,1733,1734,1735,1736,1737,1738,1739,1740",3,2019|M4|bloc1|CEL|F3,era5loc_ed480fff4117,era5loc_ed480fff4117|2019,FRANCE,CEL,2019,113,2019-06-06,7,False,2,0.03,3.0,3.7547535766637226,primary_secondary_hidden_BASF_frozen
2019|M4|bloc1|CEL,2019,2019-06-18,M4,bloc1,CEL,5.7,10,0,0,"2151,2152,2153,2154,2155,2156,2157,2158,2159,2160",3,2019|M4|bloc1|CEL|F3,era5loc_ed480fff4117,era5loc_ed480fff4117|2019,FRANCE,CEL,2019,113,2019-06-06,12,False,2,0.057,5.7,8.787704983585568,primary_secondary_hidden_BASF_frozen
2019|M4|bloc1|CEL,2019,2019-06-26,M4,bloc1,CEL,5.5,8,2,0,"1671,1672,1673,1674,1675,1676,1677,1678,1679,1680",3,2019|M4|bloc1|CEL|F3,era5loc_ed480fff4117,era5loc_ed480fff4117|2019,FRANCE,CEL,2019,113,2019-06-06,20,False,2,0.055,5.5,21.31888012460159,primary_secondary_hidden_BASF_frozen
2019|M4|bloc2|APA,2019,2019-06-13,M4,bloc2,APA,1.4,10,0,0,"1821,1822,1823,1824,1825,1826,1827,1828,1829,1830",1,2019|M4|bloc2|APA|F1,era5loc_ed480fff4117,era5loc_ed480fff4117|2019,FRANCE,APA,2019,114,2019-06-06,7,False,0,0.013999999999999999,1.4,3.993256034657797,primary_secondary_hidden_BASF_frozen
2019|M4|bloc2|APA,2019,2019-06-18,M4,bloc2,APA,1.2,10,0,0,"2041,2042,2043,2044,2045,2046,2047,2048,2049,2050",1,2019|M4|bloc2|APA|F1,era5loc_ed480fff4117,era5loc_ed480fff4117|2019,FRANCE,APA,2019,114,2019-06-06,12,False,0,0.012,1.2,9.078799280845235,primary_secondary_hidden_BASF_frozen
2019|M4|bloc2|APA,2019,2019-06-26,M4,bloc2,APA,4.571428571428571,7,0,3,"1561,1562,1563,1564,1565,1566,1567,1568,1569,1570",1,2019|M4|bloc2|APA|F1,era5loc_ed480fff4117,era5loc_ed480fff4117|2019,FRANCE,APA,2019,114,2019-06-06,20,False,0,0.045714285714285714,4.571428571428571,22.32899688293918,primary_secondary_hidden_BASF_frozen
2019|M4|bloc2|APA,2019,2019-06-13,M4,bloc2,APA,3.1,10,0,0,"1821,1822,1823,1824,1825,1826,1827,1828,1829,1830",2,2019|M4|bloc2|APA|F2,era5loc_ed480fff4117,era5loc_ed480fff4117|2019,FRANCE,APA,2019,115,2019-06-06,7,False,1,0.031,3.1,4.671793691446897,primary_secondary_hidden_BASF_frozen
2019|M4|bloc2|APA,2019,2019-06-18,M4,bloc2,APA,4.5,10,0,0,"2041,2042,2043,2044,2045,2046,2047,2048,2049,2050",2,2019|M4|bloc2|APA|F2,era5loc_ed480fff4117,era5loc_ed480fff4117|2019,FRANCE,APA,2019,115,2019-06-06,12,False,1,0.045,4.5,9.75683642914229,primary_secondary_hidden_BASF_frozen
2019|M4|bloc2|APA,2019,2019-06-26,M4,bloc2,APA,8.571428571428571,7,0,3,"1561,1562,1563,1564,1565,1566,1567,1568,1569,1570",2,2019|M4|bloc2|APA|F2,era5loc_ed480fff4117,era5loc_ed480fff4117|2019,FRANCE,APA,2019,115,2019-06-06,20,False,1,0.08571428571428572,8.571428571428571,23.311479929559624,primary_secondary_hidden_BASF_frozen
2019|M4|bloc2|APA,2019,2019-06-13,M4,bloc2,APA,6.25,8,2,0,"1821,1822,1823,1824,1825,1826,1827,1828,1829,1830",3,2019|M4|bloc2|APA|F3,era5loc_ed480fff4117,era5loc_ed480fff4117|2019,FRANCE,APA,2019,116,2019-06-06,7,False,2,0.0625,6.25,5.447176776621731,primary_secondary_hidden_BASF_frozen
2019|M4|bloc2|APA,2019,2019-06-18,M4,bloc2,APA,7.777777777777778,9,1,0,"2041,2042,2043,2044,2045,2046,2047,2048,2049,2050",3,2019|M4|bloc2|APA|F3,era5loc_ed480fff4117,era5loc_ed480fff4117|2019,FRANCE,APA,2019,116,2019-06-06,12,False,2,0.07777777777777778,7.777777777777778,10.528113039088367,primary_secondary_hidden_BASF_frozen
2019|M4|bloc2|APA,2019,2019-06-26,M4,bloc2,APA,16.0,5,5,0,"1561,1562,1563,1564,1565,1566,1567,1568,1569,1570",3,2019|M4|bloc2|APA|F3,era5loc_ed480fff4117,era5loc_ed480fff4117|2019,FRANCE,APA,2019,116,2019-06-06,20,False,2,0.16,16.0,24.385428297076754,primary_secondary_hidden_BASF_frozen
2019|M4|bloc2|CEL,2019,2019-06-13,M4,bloc2,CEL,0.4,10,0,0,"1831,1832,1833,1834,1835,1836,1837,1838,1839,1840",1,2019|M4|bloc2|CEL|F1,era5loc_ed480fff4117,era5loc_ed480fff4117|2019,FRANCE,CEL,2019,117,2019-06-06,7,False,0,0.004,0.4,4.379911489706087,primary_secondary_hidden_BASF_frozen
2019|M4|bloc2|CEL,2019,2019-06-18,M4,bloc2,CEL,0.2,10,0,0,"2051,2052,2053,2054,2055,2056,2057,2058,2059,2060",1,2019|M4|bloc2|CEL|F1,era5loc_ed480fff4117,era5loc_ed480fff4117|2019,FRANCE,CEL,2019,117,2019-06-06,12,False,0,0.002,0.2,9.429263797215103,primary_secondary_hidden_BASF_frozen
2019|M4|bloc2|CEL,2019,2019-06-26,M4,bloc2,CEL,3.0,6,0,4,"1571,1572,1573,1574,1575,1576,1577,1578,1579,1580",1,2019|M4|bloc2|CEL|F1,era5loc_ed480fff4117,era5loc_ed480fff4117|2019,FRANCE,CEL,2019,117,2019-06-06,20,False,0,0.03,3.0,22.44421916844045,primary_secondary_hidden_BASF_frozen
2019|M4|bloc2|CEL,2019,2019-06-13,M4,bloc2,CEL,1.0,10,0,0,"1831,1832,1833,1834,1835,1836,1837,1838,1839,1840",2,2019|M4|bloc2|CEL|F2,era5loc_ed480fff4117,era5loc_ed480fff4117|2019,FRANCE,CEL,2019,118,2019-06-06,7,False,1,0.01,1.0,3.507904625618191,primary_secondary_hidden_BASF_frozen
2019|M4|bloc2|CEL,2019,2019-06-18,M4,bloc2,CEL,1.7,10,0,0,"2051,2052,2053,2054,2055,2056,2057,2058,2059,2060",2,2019|M4|bloc2|CEL|F2,era5loc_ed480fff4117,era5loc_ed480fff4117|2019,FRANCE,CEL,2019,118,2019-06-06,12,False,1,0.017,1.7,8.570370646682246,primary_secondary_hidden_BASF_frozen
2019|M4|bloc2|CEL,2019,2019-06-26,M4,bloc2,CEL,4.0,6,0,4,"1571,1572,1573,1574,1575,1576,1577,1578,1579,1580",2,2019|M4|bloc2|CEL|F2,era5loc_ed480fff4117,era5loc_ed480fff4117|2019,FRANCE,CEL,2019,118,2019-06-06,20,False,1,0.04,4.0,21.327984819936376,primary_secondary_hidden_BASF_frozen
2019|M4|bloc2|CEL,2019,2019-06-13,M4,bloc2,CEL,2.4,10,0,0,"1831,1832,1833,1834,1835,1836,1837,1838,1839,1840",3,2019|M4|bloc2|CEL|F3,era5loc_ed480fff4117,era5loc_ed480fff4117|2019,FRANCE,CEL,2019,119,2019-06-06,7,False,2,0.024,2.4,3.798320685907578,primary_secondary_hidden_BASF_frozen
2019|M4|bloc2|CEL,2019,2019-06-18,M4,bloc2,CEL,2.9,10,0,0,"2051,2052,2053,2054,2055,2056,2057,2058,2059,2060",3,2019|M4|bloc2|CEL|F3,era5loc_ed480fff4117,era5loc_ed480fff4117|2019,FRANCE,CEL,2019,119,2019-06-06,12,False,2,0.028999999999999998,2.9,8.84788687810484,primary_secondary_hidden_BASF_frozen
2019|M4|bloc2|CEL,2019,2019-06-26,M4,bloc2,CEL,4.666666666666667,9,1,0,"1571,1572,1573,1574,1575,1576,1577,1578,1579,1580",3,2019|M4|bloc2|CEL|F3,era5loc_ed480fff4117,era5loc_ed480fff4117|2019,FRANCE,CEL,2019,119,2019-06-06,20,False,2,0.04666666666666667,4.666666666666667,21.593442557402334,primary_secondary_hidden_BASF_frozen
2019|M4|bloc3|APA,2019,2019-06-12,M4,bloc3,APA,0.5,10,0,0,"1841,1842,1843,1844,1845,1846,1847,1848,1849,1850",1,2019|M4|bloc3|APA|F1,era5loc_ed480fff4117,era5loc_ed480fff4117|2019,FRANCE,APA,2019,120,2019-06-03,9,False,0,0.005,0.5,5.463730153479167,primary_secondary_hidden_BASF_frozen
2019|M4|bloc3|APA,2019,2019-06-18,M4,bloc3,APA,0.9,10,0,0,"1961,1962,1963,1964,1965,1966,1967,1968,1969,1970",1,2019|M4|bloc3|APA|F1,era5loc_ed480fff4117,era5loc_ed480fff4117|2019,FRANCE,APA,2019,120,2019-06-03,15,False,0,0.009000000000000001,0.9,11.847079385307016,primary_secondary_hidden_BASF_frozen
2019|M4|bloc3|APA,2019,2019-06-25,M4,bloc3,APA,5.6,10,0,0,"1441,1442,1443,1444,1445,1446,1447,1448,1449,1450",1,2019|M4|bloc3|APA|F1,era5loc_ed480fff4117,era5loc_ed480fff4117|2019,FRANCE,APA,2019,120,2019-06-03,22,False,0,0.055999999999999994,5.6,24.49322192678702,primary_secondary_hidden_BASF_frozen
2019|M4|bloc3|APA,2019,2019-06-12,M4,bloc3,APA,3.1,10,0,0,"1841,1842,1843,1844,1845,1846,1847,1848,1849,1850",2,2019|M4|bloc3|APA|F2,era5loc_ed480fff4117,era5loc_ed480fff4117|2019,FRANCE,APA,2019,121,2019-06-03,9,False,1,0.031,3.1,6.522641696927221,primary_secondary_hidden_BASF_frozen
2019|M4|bloc3|APA,2019,2019-06-18,M4,bloc3,APA,7.7,10,0,0,"1961,1962,1963,1964,1965,1966,1967,1968,1969,1970",2,2019|M4|bloc3|APA|F2,era5loc_ed480fff4117,era5loc_ed480fff4117|2019,FRANCE,APA,2019,121,2019-06-03,15,False,1,0.077,7.7,13.069971418254656,primary_secondary_hidden_BASF_frozen
2019|M4|bloc3|APA,2019,2019-06-25,M4,bloc3,APA,10.88888888888889,9,1,0,"1441,1442,1443,1444,1445,1446,1447,1448,1449,1450",2,2019|M4|bloc3|APA|F2,era5loc_ed480fff4117,era5loc_ed480fff4117|2019,FRANCE,APA,2019,121,2019-06-03,22,False,1,0.1088888888888889,10.88888888888889,26.293970845628884,primary_secondary_hidden_BASF_frozen
2019|M4|bloc3|APA,2019,2019-06-12,M4,bloc3,APA,6.0,9,1,0,"1841,1842,1843,1844,1845,1846,1847,1848,1849,1850",3,2019|M4|bloc3|APA|F3,era5loc_ed480fff4117,era5loc_ed480fff4117|2019,FRANCE,APA,2019,122,2019-06-03,9,False,2,0.06,6.0,7.1100163710484345,primary_secondary_hidden_BASF_frozen
2019|M4|bloc3|APA,2019,2019-06-18,M4,bloc3,APA,13.333333333333334,9,1,0,"1961,1962,1963,1964,1965,1966,1967,1968,1969,1970",3,2019|M4|bloc3|APA|F3,era5loc_ed480fff4117,era5loc_ed480fff4117|2019,FRANCE,APA,2019,122,2019-06-03,15,False,2,0.13333333333333333,13.333333333333334,13.778256775461251,primary_secondary_hidden_BASF_frozen
2019|M4|bloc3|APA,2019,2019-06-25,M4,bloc3,APA,17.5,6,4,0,"1441,1442,1443,1444,1445,1446,1447,1448,1449,1450",3,2019|M4|bloc3|APA|F3,era5loc_ed480fff4117,era5loc_ed480fff4117|2019,FRANCE,APA,2019,122,2019-06-03,22,False,2,0.175,17.5,27.406580992449157,primary_secondary_hidden_BASF_frozen
2019|M4|bloc3|CEL,2019,2019-06-12,M4,bloc3,CEL,0.1,10,0,0,"1851,1852,1853,1854,1855,1856,1857,1858,1859,1860",1,2019|M4|bloc3|CEL|F1,era5loc_ed480fff4117,era5loc_ed480fff4117|2019,FRANCE,CEL,2019,123,2019-06-03,9,False,0,0.001,0.1,5.4304963505417785,primary_secondary_hidden_BASF_frozen
2019|M4|bloc3|CEL,2019,2019-06-18,M4,bloc3,CEL,0.9,10,0,0,"1971,1972,1973,1974,1975,1976,1977,1978,1979,1980",1,2019|M4|bloc3|CEL|F1,era5loc_ed480fff4117,era5loc_ed480fff4117|2019,FRANCE,CEL,2019,123,2019-06-03,15,False,0,0.009000000000000001,0.9,11.624547355428811,primary_secondary_hidden_BASF_frozen
2019|M4|bloc3|CEL,2019,2019-06-25,M4,bloc3,CEL,5.5,10,0,0,"1451,1452,1453,1454,1455,1456,1457,1458,1459,1460",1,2019|M4|bloc3|CEL|F1,era5loc_ed480fff4117,era5loc_ed480fff4117|2019,FRANCE,CEL,2019,123,2019-06-03,22,False,0,0.055,5.5,23.65859875434118,primary_secondary_hidden_BASF_frozen
2019|M4|bloc3|CEL,2019,2019-06-12,M4,bloc3,CEL,0.8,10,0,0,"1851,1852,1853,1854,1855,1856,1857,1858,1859,1860",2,2019|M4|bloc3|CEL|F2,era5loc_ed480fff4117,era5loc_ed480fff4117|2019,FRANCE,CEL,2019,124,2019-06-03,9,False,1,0.008,0.8,5.4298584551730755,primary_secondary_hidden_BASF_frozen
2019|M4|bloc3|CEL,2019,2019-06-18,M4,bloc3,CEL,1.4,10,0,0,"1971,1972,1973,1974,1975,1976,1977,1978,1979,1980",2,2019|M4|bloc3|CEL|F2,era5loc_ed480fff4117,era5loc_ed480fff4117|2019,FRANCE,CEL,2019,124,2019-06-03,15,False,1,0.013999999999999999,1.4,11.618567591726256,primary_secondary_hidden_BASF_frozen
2019|M4|bloc3|CEL,2019,2019-06-25,M4,bloc3,CEL,3.1,10,0,0,"1451,1452,1453,1454,1455,1456,1457,1458,1459,1460",2,2019|M4|bloc3|CEL|F2,era5loc_ed480fff4117,era5loc_ed480fff4117|2019,FRANCE,CEL,2019,124,2019-06-03,22,False,1,0.031,3.1,23.635540610135045,primary_secondary_hidden_BASF_frozen
2019|M4|bloc3|CEL,2019,2019-06-12,M4,bloc3,CEL,1.0,10,0,0,"1851,1852,1853,1854,1855,1856,1857,1858,1859,1860",3,2019|M4|bloc3|CEL|F3,era5loc_ed480fff4117,era5loc_ed480fff4117|2019,FRANCE,CEL,2019,125,2019-06-03,9,False,2,0.01,1.0,5.332816308330774,primary_secondary_hidden_BASF_frozen
2019|M4|bloc3|CEL,2019,2019-06-18,M4,bloc3,CEL,1.5,10,0,0,"1971,1972,1973,1974,1975,1976,1977,1978,1979,1980",3,2019|M4|bloc3|CEL|F3,era5loc_ed480fff4117,era5loc_ed480fff4117|2019,FRANCE,CEL,2019,125,2019-06-03,15,False,2,0.015,1.5,11.507849462997964,primary_secondary_hidden_BASF_frozen
2019|M4|bloc3|CEL,2019,2019-06-25,M4,bloc3,CEL,4.6,10,0,0,"1451,1452,1453,1454,1455,1456,1457,1458,1459,1460",3,2019|M4|bloc3|CEL|F3,era5loc_ed480fff4117,era5loc_ed480fff4117|2019,FRANCE,CEL,2019,125,2019-06-03,22,False,2,0.046,4.6,23.474156001594682,primary_secondary_hidden_BASF_frozen
2019|M5|bloc1|APA,2019,2019-06-13,M5,bloc1,APA,1.7,10,0,0,"1701,1702,1703,1704,1705,1706,1707,1708,1709,1710",1,2019|M5|bloc1|APA|F1,era5loc_ed480fff4117,era5loc_ed480fff4117|2019,FRANCE,APA,2019,126,2019-06-06,7,False,0,0.017,1.7,3.7025196610706703,primary_secondary_hidden_BASF_frozen
2019|M5|bloc1|APA,2019,2019-06-18,M5,bloc1,APA,2.1,10,0,0,"2121,2122,2123,2124,2125,2126,2127,2128,2129,2130",1,2019|M5|bloc1|APA|F1,era5loc_ed480fff4117,era5loc_ed480fff4117|2019,FRANCE,APA,2019,126,2019-06-06,12,False,0,0.021,2.1,8.790301939317663,primary_secondary_hidden_BASF_frozen
2019|M5|bloc1|APA,2019,2019-06-26,M5,bloc1,APA,8.8,10,0,0,"1601,1602,1603,1604,1605,1606,1607,1608,1609,1610",1,2019|M5|bloc1|APA|F1,era5loc_ed480fff4117,era5loc_ed480fff4117|2019,FRANCE,APA,2019,126,2019-06-06,20,False,0,0.08800000000000001,8.8,21.93152443063959,primary_secondary_hidden_BASF_frozen
2019|M5|bloc1|APA,2019,2019-06-13,M5,bloc1,APA,7.8,10,0,0,"1701,1702,1703,1704,1705,1706,1707,1708,1709,1710",2,2019|M5|bloc1|APA|F2,era5loc_ed480fff4117,era5loc_ed480fff4117|2019,FRANCE,APA,2019,127,2019-06-06,7,False,1,0.078,7.8,4.865486326530995,primary_secondary_hidden_BASF_frozen
2019|M5|bloc1|APA,2019,2019-06-18,M5,bloc1,APA,7.5,10,0,0,"2121,2122,2123,2124,2125,2126,2127,2128,2129,2130",2,2019|M5|bloc1|APA|F2,era5loc_ed480fff4117,era5loc_ed480fff4117|2019,FRANCE,APA,2019,127,2019-06-06,12,False,1,0.075,7.5,9.944553426105658,primary_secondary_hidden_BASF_frozen
2019|M5|bloc1|APA,2019,2019-06-26,M5,bloc1,APA,11.444444444444445,9,1,0,"1601,1602,1603,1604,1605,1606,1607,1608,1609,1610",2,2019|M5|bloc1|APA|F2,era5loc_ed480fff4117,era5loc_ed480fff4117|2019,FRANCE,APA,2019,127,2019-06-06,20,False,1,0.11444444444444445,11.444444444444445,23.519969972258284,primary_secondary_hidden_BASF_frozen
2019|M5|bloc1|APA,2019,2019-06-13,M5,bloc1,APA,5.222222222222222,9,1,0,"1701,1702,1703,1704,1705,1706,1707,1708,1709,1710",3,2019|M5|bloc1|APA|F3,era5loc_ed480fff4117,era5loc_ed480fff4117|2019,FRANCE,APA,2019,128,2019-06-06,7,False,2,0.052222222222222225,5.222222222222222,5.447232708558317,primary_secondary_hidden_BASF_frozen
2019|M5|bloc1|APA,2019,2019-06-18,M5,bloc1,APA,8.88888888888889,9,1,0,"2121,2122,2123,2124,2125,2126,2127,2128,2129,2130",3,2019|M5|bloc1|APA|F3,era5loc_ed480fff4117,era5loc_ed480fff4117|2019,FRANCE,APA,2019,128,2019-06-06,12,False,2,0.08888888888888889,8.88888888888889,10.529971754063993,primary_secondary_hidden_BASF_frozen
2019|M5|bloc1|APA,2019,2019-06-26,M5,bloc1,APA,14.4,5,5,0,"1601,1602,1603,1604,1605,1606,1607,1608,1609,1610",3,2019|M5|bloc1|APA|F3,era5loc_ed480fff4117,era5loc_ed480fff4117|2019,FRANCE,APA,2019,128,2019-06-06,20,False,2,0.14400000000000002,14.4,24.407155280697722,primary_secondary_hidden_BASF_frozen
2019|M5|bloc1|CEL,2019,2019-06-13,M5,bloc1,CEL,0.4,10,0,0,"1711,1712,1713,1714,1715,1716,1717,1718,1719,1720",1,2019|M5|bloc1|CEL|F1,era5loc_ed480fff4117,era5loc_ed480fff4117|2019,FRANCE,CEL,2019,129,2019-06-06,7,False,0,0.004,0.4,3.5074428552646926,primary_secondary_hidden_BASF_frozen
2019|M5|bloc1|CEL,2019,2019-06-18,M5,bloc1,CEL,0.5,10,0,0,"2131,2132,2133,2134,2135,2136,2137,2138,2139,2140",1,2019|M5|bloc1|CEL|F1,era5loc_ed480fff4117,era5loc_ed480fff4117|2019,FRANCE,CEL,2019,129,2019-06-06,12,False,0,0.005,0.5,8.554141710382588,primary_secondary_hidden_BASF_frozen
2019|M5|bloc1|CEL,2019,2019-06-26,M5,bloc1,CEL,1.8,10,0,0,"1611,1612,1613,1614,1615,1616,1617,1618,1619,1620",1,2019|M5|bloc1|CEL|F1,era5loc_ed480fff4117,era5loc_ed480fff4117|2019,FRANCE,CEL,2019,129,2019-06-06,20,False,0,0.018000000000000002,1.8,21.12864285954975,primary_secondary_hidden_BASF_frozen
2019|M5|bloc1|CEL,2019,2019-06-13,M5,bloc1,CEL,1.0,10,0,0,"1711,1712,1713,1714,1715,1716,1717,1718,1719,1720",2,2019|M5|bloc1|CEL|F2,era5loc_ed480fff4117,era5loc_ed480fff4117|2019,FRANCE,CEL,2019,130,2019-06-06,7,False,1,0.01,1.0,3.6045046533745255,primary_secondary_hidden_BASF_frozen
2019|M5|bloc1|CEL,2019,2019-06-18,M5,bloc1,CEL,1.1,10,0,0,"2131,2132,2133,2134,2135,2136,2137,2138,2139,2140",2,2019|M5|bloc1|CEL|F2,era5loc_ed480fff4117,era5loc_ed480fff4117|2019,FRANCE,CEL,2019,130,2019-06-06,12,False,1,0.011000000000000001,1.1,8.655673793522062,primary_secondary_hidden_BASF_frozen
2019|M5|bloc1|CEL,2019,2019-06-26,M5,bloc1,CEL,3.5,10,0,0,"1611,1612,1613,1614,1615,1616,1617,1618,1619,1620",2,2019|M5|bloc1|CEL|F2,era5loc_ed480fff4117,era5loc_ed480fff4117|2019,FRANCE,CEL,2019,130,2019-06-06,20,False,1,0.035,3.5,21.32788856383542,primary_secondary_hidden_BASF_frozen
2019|M5|bloc1|CEL,2019,2019-06-13,M5,bloc1,CEL,1.9,10,0,0,"1711,1712,1713,1714,1715,1716,1717,1718,1719,1720",3,2019|M5|bloc1|CEL|F3,era5loc_ed480fff4117,era5loc_ed480fff4117|2019,FRANCE,CEL,2019,131,2019-06-06,7,False,2,0.019,1.9,4.089040689458226,primary_secondary_hidden_BASF_frozen
2019|M5|bloc1|CEL,2019,2019-06-18,M5,bloc1,CEL,2.2,10,0,0,"2131,2132,2133,2134,2135,2136,2137,2138,2139,2140",3,2019|M5|bloc1|CEL|F3,era5loc_ed480fff4117,era5loc_ed480fff4117|2019,FRANCE,CEL,2019,131,2019-06-06,12,False,2,0.022000000000000002,2.2,9.135999248126616,primary_secondary_hidden_BASF_frozen
2019|M5|bloc1|CEL,2019,2019-06-26,M5,bloc1,CEL,7.2,10,0,0,"1611,1612,1613,1614,1615,1616,1617,1618,1619,1620",3,2019|M5|bloc1|CEL|F3,era5loc_ed480fff4117,era5loc_ed480fff4117|2019,FRANCE,CEL,2019,131,2019-06-06,20,False,2,0.07200000000000001,7.2,21.98751338497709,primary_secondary_hidden_BASF_frozen
2019|M5|bloc2|APA,2019,2019-06-13,M5,bloc2,APA,0.8,10,0,0,"1781,1782,1783,1784,1785,1786,1787,1788,1789,1790",1,2019|M5|bloc2|APA|F1,era5loc_ed480fff4117,era5loc_ed480fff4117|2019,FRANCE,APA,2019,132,2019-06-06,7,False,0,0.008,0.8,3.6059778119961408,primary_secondary_hidden_BASF_frozen
2019|M5|bloc2|APA,2019,2019-06-18,M5,bloc2,APA,1.8,10,0,0,"2021,2022,2023,2024,2025,2026,2027,2028,2029,2030",1,2019|M5|bloc2|APA|F1,era5loc_ed480fff4117,era5loc_ed480fff4117|2019,FRANCE,APA,2019,132,2019-06-06,12,False,0,0.018000000000000002,1.8,8.706898769686248,primary_secondary_hidden_BASF_frozen
2019|M5|bloc2|APA,2019,2019-06-26,M5,bloc2,APA,7.7,10,0,0,"1521,1522,1523,1524,1525,1526,1527,1528,1529,1530",1,2019|M5|bloc2|APA|F1,era5loc_ed480fff4117,era5loc_ed480fff4117|2019,FRANCE,APA,2019,132,2019-06-06,20,False,0,0.077,7.7,21.95454921878566,primary_secondary_hidden_BASF_frozen
2019|M5|bloc2|APA,2019,2019-06-13,M5,bloc2,APA,3.0,10,0,0,"1781,1782,1783,1784,1785,1786,1787,1788,1789,1790",2,2019|M5|bloc2|APA|F2,era5loc_ed480fff4117,era5loc_ed480fff4117|2019,FRANCE,APA,2019,133,2019-06-06,7,False,1,0.03,3.0,4.672830485192802,primary_secondary_hidden_BASF_frozen
2019|M5|bloc2|APA,2019,2019-06-18,M5,bloc2,APA,5.4,10,0,0,"2021,2022,2023,2024,2025,2026,2027,2028,2029,2030",2,2019|M5|bloc2|APA|F2,era5loc_ed480fff4117,era5loc_ed480fff4117|2019,FRANCE,APA,2019,133,2019-06-06,12,False,1,0.054000000000000006,5.4,9.791633044079024,primary_secondary_hidden_BASF_frozen
2019|M5|bloc2|APA,2019,2019-06-26,M5,bloc2,APA,8.0,10,0,0,"1521,1522,1523,1524,1525,1526,1527,1528,1529,1530",2,2019|M5|bloc2|APA|F2,era5loc_ed480fff4117,era5loc_ed480fff4117|2019,FRANCE,APA,2019,133,2019-06-06,20,False,1,0.08,8.0,23.723709289888397,primary_secondary_hidden_BASF_frozen
2019|M5|bloc2|APA,2019,2019-06-13,M5,bloc2,APA,7.8,10,0,0,"1781,1782,1783,1784,1785,1786,1787,1788,1789,1790",3,2019|M5|bloc2|APA|F3,era5loc_ed480fff4117,era5loc_ed480fff4117|2019,FRANCE,APA,2019,134,2019-06-06,7,False,2,0.078,7.8,7.676790865422675,primary_secondary_hidden_BASF_frozen
2019|M5|bloc2|APA,2019,2019-06-18,M5,bloc2,APA,11.25,8,1,1,"2021,2022,2023,2024,2025,2026,2027,2028,2029,2030",3,2019|M5|bloc2|APA|F3,era5loc_ed480fff4117,era5loc_ed480fff4117|2019,FRANCE,APA,2019,134,2019-06-06,12,False,2,0.1125,11.25,12.754289193241803,primary_secondary_hidden_BASF_frozen
2019|M5|bloc2|APA,2019,2019-06-26,M5,bloc2,APA,5.0,1,9,0,"1521,1522,1523,1524,1525,1526,1527,1528,1529,1530",3,2019|M5|bloc2|APA|F3,era5loc_ed480fff4117,era5loc_ed480fff4117|2019,FRANCE,APA,2019,134,2019-06-06,20,False,2,0.05,5.0,27.538921115661203,primary_secondary_hidden_BASF_frozen
2019|M5|bloc2|CEL,2019,2019-06-13,M5,bloc2,CEL,0.4,10,0,0,"1791,1792,1793,1794,1795,1796,1797,1798,1799,1800",1,2019|M5|bloc2|CEL|F1,era5loc_ed480fff4117,era5loc_ed480fff4117|2019,FRANCE,CEL,2019,135,2019-06-06,7,False,0,0.004,0.4,3.3133197434206187,primary_secondary_hidden_BASF_frozen
2019|M5|bloc2|CEL,2019,2019-06-18,M5,bloc2,CEL,0.3,10,0,0,"2031,2032,2033,2034,2035,2036,2037,2038,2039,2040",1,2019|M5|bloc2|CEL|F1,era5loc_ed480fff4117,era5loc_ed480fff4117|2019,FRANCE,CEL,2019,135,2019-06-06,12,False,0,0.003,0.3,8.350972163163965,primary_secondary_hidden_BASF_frozen
2019|M5|bloc2|CEL,2019,2019-06-26,M5,bloc2,CEL,1.6,10,0,0,"1531,1532,1533,1534,1535,1536,1537,1538,1539,1540",1,2019|M5|bloc2|CEL|F1,era5loc_ed480fff4117,era5loc_ed480fff4117|2019,FRANCE,CEL,2019,135,2019-06-06,20,False,0,0.016,1.6,20.726790453213447,primary_secondary_hidden_BASF_frozen
2019|M5|bloc2|CEL,2019,2019-06-13,M5,bloc2,CEL,1.1,10,0,0,"1791,1792,1793,1794,1795,1796,1797,1798,1799,1800",2,2019|M5|bloc2|CEL|F2,era5loc_ed480fff4117,era5loc_ed480fff4117|2019,FRANCE,CEL,2019,136,2019-06-06,7,False,1,0.011000000000000001,1.1,3.507125119797003,primary_secondary_hidden_BASF_frozen
2019|M5|bloc2|CEL,2019,2019-06-18,M5,bloc2,CEL,1.3,10,0,0,"2031,2032,2033,2034,2035,2036,2037,2038,2039,2040",2,2019|M5|bloc2|CEL|F2,era5loc_ed480fff4117,era5loc_ed480fff4117|2019,FRANCE,CEL,2019,136,2019-06-06,12,False,1,0.013000000000000001,1.3,8.542909205018729,primary_secondary_hidden_BASF_frozen
2019|M5|bloc2|CEL,2019,2019-06-26,M5,bloc2,CEL,2.4,10,0,0,"1531,1532,1533,1534,1535,1536,1537,1538,1539,1540",2,2019|M5|bloc2|CEL|F2,era5loc_ed480fff4117,era5loc_ed480fff4117|2019,FRANCE,CEL,2019,136,2019-06-06,20,False,1,0.024,2.4,20.989457744744342,primary_secondary_hidden_BASF_frozen
2019|M5|bloc2|CEL,2019,2019-06-13,M5,bloc2,CEL,1.4,10,0,0,"1791,1792,1793,1794,1795,1796,1797,1798,1799,1800",3,2019|M5|bloc2|CEL|F3,era5loc_ed480fff4117,era5loc_ed480fff4117|2019,FRANCE,CEL,2019,137,2019-06-06,7,False,2,0.013999999999999999,1.4,3.5071892267784643,primary_secondary_hidden_BASF_frozen
2019|M5|bloc2|CEL,2019,2019-06-18,M5,bloc2,CEL,2.8,10,0,0,"2031,2032,2033,2034,2035,2036,2037,2038,2039,2040",3,2019|M5|bloc2|CEL|F3,era5loc_ed480fff4117,era5loc_ed480fff4117|2019,FRANCE,CEL,2019,137,2019-06-06,12,False,2,0.027999999999999997,2.8,8.545178357931674,primary_secondary_hidden_BASF_frozen
2019|M5|bloc2|CEL,2019,2019-06-26,M5,bloc2,CEL,3.875,8,2,0,"1531,1532,1533,1534,1535,1536,1537,1538,1539,1540",3,2019|M5|bloc2|CEL|F3,era5loc_ed480fff4117,era5loc_ed480fff4117|2019,FRANCE,CEL,2019,137,2019-06-06,20,False,2,0.03875,3.875,21.01742895891709,primary_secondary_hidden_BASF_frozen
2019|M5|bloc3|APA,2019,2019-06-12,M5,bloc3,APA,1.2222222222222223,9,0,1,"1861,1862,1863,1864,1865,1866,1867,1868,1869,1870",1,2019|M5|bloc3|APA|F1,era5loc_ed480fff4117,era5loc_ed480fff4117|2019,FRANCE,APA,2019,138,2019-06-03,9,False,0,0.012222222222222223,1.2222222222222223,5.5453351022704895,primary_secondary_hidden_BASF_frozen
2019|M5|bloc3|APA,2019,2019-06-18,M5,bloc3,APA,2.2222222222222223,9,0,1,"1981,1982,1983,1984,1985,1986,1987,1988,1989,1990",1,2019|M5|bloc3|APA|F1,era5loc_ed480fff4117,era5loc_ed480fff4117|2019,FRANCE,APA,2019,138,2019-06-03,15,False,0,0.022222222222222223,2.2222222222222223,11.902034681231429,primary_secondary_hidden_BASF_frozen
2019|M5|bloc3|APA,2019,2019-06-25,M5,bloc3,APA,5.111111111111111,9,0,1,"1461,1462,1463,1464,1465,1466,1467,1468,1469,1470",1,2019|M5|bloc3|APA|F1,era5loc_ed480fff4117,era5loc_ed480fff4117|2019,FRANCE,APA,2019,138,2019-06-03,22,False,0,0.05111111111111111,5.111111111111111,24.470288605117858,primary_secondary_hidden_BASF_frozen
2019|M5|bloc3|APA,2019,2019-06-12,M5,bloc3,APA,2.7,10,0,0,"1861,1862,1863,1864,1865,1866,1867,1868,1869,1870",2,2019|M5|bloc3|APA|F2,era5loc_ed480fff4117,era5loc_ed480fff4117|2019,FRANCE,APA,2019,139,2019-06-03,9,False,1,0.027000000000000003,2.7,5.848539863379904,primary_secondary_hidden_BASF_frozen
2019|M5|bloc3|APA,2019,2019-06-18,M5,bloc3,APA,7.0,10,0,0,"1981,1982,1983,1984,1985,1986,1987,1988,1989,1990",2,2019|M5|bloc3|APA|F2,era5loc_ed480fff4117,era5loc_ed480fff4117|2019,FRANCE,APA,2019,139,2019-06-03,15,False,1,0.07,7.0,12.34542480274596,primary_secondary_hidden_BASF_frozen
2019|M5|bloc3|APA,2019,2019-06-25,M5,bloc3,APA,14.5,10,0,0,"1461,1462,1463,1464,1465,1466,1467,1468,1469,1470",2,2019|M5|bloc3|APA|F2,era5loc_ed480fff4117,era5loc_ed480fff4117|2019,FRANCE,APA,2019,139,2019-06-03,22,False,1,0.145,14.5,25.369896401208518,primary_secondary_hidden_BASF_frozen
2019|M5|bloc3|APA,2019,2019-06-12,M5,bloc3,APA,6.9,10,0,0,"1861,1862,1863,1864,1865,1866,1867,1868,1869,1870",3,2019|M5|bloc3|APA|F3,era5loc_ed480fff4117,era5loc_ed480fff4117|2019,FRANCE,APA,2019,140,2019-06-03,9,False,2,0.069,6.9,7.786543842389608,primary_secondary_hidden_BASF_frozen
2019|M5|bloc3|APA,2019,2019-06-18,M5,bloc3,APA,11.5,10,0,0,"1981,1982,1983,1984,1985,1986,1987,1988,1989,1990",3,2019|M5|bloc3|APA|F3,era5loc_ed480fff4117,era5loc_ed480fff4117|2019,FRANCE,APA,2019,140,2019-06-03,15,False,2,0.115,11.5,14.523602161606245,primary_secondary_hidden_BASF_frozen
2019|M5|bloc3|APA,2019,2019-06-25,M5,bloc3,APA,16.666666666666668,6,4,0,"1461,1462,1463,1464,1465,1466,1467,1468,1469,1470",3,2019|M5|bloc3|APA|F3,era5loc_ed480fff4117,era5loc_ed480fff4117|2019,FRANCE,APA,2019,140,2019-06-03,22,False,2,0.16666666666666669,16.666666666666668,28.399082189014184,primary_secondary_hidden_BASF_frozen
2019|M5|bloc3|CEL,2019,2019-06-12,M5,bloc3,CEL,0.0,10,0,0,"1871,1872,1873,1874,1875,1876,1877,1878,1879,1880",1,2019|M5|bloc3|CEL|F1,era5loc_ed480fff4117,era5loc_ed480fff4117|2019,FRANCE,CEL,2019,141,2019-06-03,9,False,0,0.0,0.0,5.33210896110676,primary_secondary_hidden_BASF_frozen
2019|M5|bloc3|CEL,2019,2019-06-18,M5,bloc3,CEL,0.0,10,0,0,"1991,1992,1993,1994,1995,1996,1997,1998,1999,2000",1,2019|M5|bloc3|CEL|F1,era5loc_ed480fff4117,era5loc_ed480fff4117|2019,FRANCE,CEL,2019,141,2019-06-03,15,False,0,0.0,0.0,11.501213121168112,primary_secondary_hidden_BASF_frozen
2019|M5|bloc3|CEL,2019,2019-06-25,M5,bloc3,CEL,1.0,10,0,0,"1471,1472,1473,1474,1475,1476,1477,1478,1479,1480",1,2019|M5|bloc3|CEL|F1,era5loc_ed480fff4117,era5loc_ed480fff4117|2019,FRANCE,CEL,2019,141,2019-06-03,22,False,0,0.01,1.0,23.448548811949532,primary_secondary_hidden_BASF_frozen
2019|M5|bloc3|CEL,2019,2019-06-12,M5,bloc3,CEL,0.0,10,0,0,"1871,1872,1873,1874,1875,1876,1877,1878,1879,1880",2,2019|M5|bloc3|CEL|F2,era5loc_ed480fff4117,era5loc_ed480fff4117|2019,FRANCE,CEL,2019,142,2019-06-03,9,False,1,0.0,0.0,5.333531255641824,primary_secondary_hidden_BASF_frozen
2019|M5|bloc3|CEL,2019,2019-06-18,M5,bloc3,CEL,0.6,10,0,0,"1991,1992,1993,1994,1995,1996,1997,1998,1999,2000",2,2019|M5|bloc3|CEL|F2,era5loc_ed480fff4117,era5loc_ed480fff4117|2019,FRANCE,CEL,2019,142,2019-06-03,15,False,1,0.006,0.6,11.514558345400207,primary_secondary_hidden_BASF_frozen
2019|M5|bloc3|CEL,2019,2019-06-25,M5,bloc3,CEL,1.1,10,0,0,"1471,1472,1473,1474,1475,1476,1477,1478,1479,1480",2,2019|M5|bloc3|CEL|F2,era5loc_ed480fff4117,era5loc_ed480fff4117|2019,FRANCE,CEL,2019,142,2019-06-03,22,False,1,0.011000000000000001,1.1,23.50008614354139,primary_secondary_hidden_BASF_frozen
2019|M5|bloc3|CEL,2019,2019-06-12,M5,bloc3,CEL,1.1,10,0,0,"1871,1872,1873,1874,1875,1876,1877,1878,1879,1880",3,2019|M5|bloc3|CEL|F3,era5loc_ed480fff4117,era5loc_ed480fff4117|2019,FRANCE,CEL,2019,143,2019-06-03,9,False,2,0.011000000000000001,1.1,5.54916249499077,primary_secondary_hidden_BASF_frozen
2019|M5|bloc3|CEL,2019,2019-06-18,M5,bloc3,CEL,1.1,10,0,0,"1991,1992,1993,1994,1995,1996,1997,1998,1999,2000",3,2019|M5|bloc3|CEL|F3,era5loc_ed480fff4117,era5loc_ed480fff4117|2019,FRANCE,CEL,2019,143,2019-06-03,15,False,2,0.011000000000000001,1.1,11.760393457669357,primary_secondary_hidden_BASF_frozen
2019|M5|bloc3|CEL,2019,2019-06-25,M5,bloc3,CEL,4.3,10,0,0,"1471,1472,1473,1474,1475,1476,1477,1478,1479,1480",3,2019|M5|bloc3|CEL|F3,era5loc_ed480fff4117,era5loc_ed480fff4117|2019,FRANCE,CEL,2019,143,2019-06-03,22,False,2,0.043,4.3,23.857698964982262,primary_secondary_hidden_BASF_frozen
2018|M1|bloc1|APA,2018,2018-05-28,M1,bloc1,APA,0.0,10,0,0,"641,642,643,644,645,646,647,648,649,650",1,2018|M1|bloc1|APA|F1,era5loc_ed480fff4117,era5loc_ed480fff4117|2018,FRANCE,APA,2018,0,2018-05-11,17,False,0,0.0,0.0,0.0,persistence_BASF_frozen
2018|M1|bloc1|APA,2018,2018-06-09,M1,bloc1,APA,2.0,10,0,0,"881,882,883,884,885,886,887,888,889,890",1,2018|M1|bloc1|APA|F1,era5loc_ed480fff4117,era5loc_ed480fff4117|2018,FRANCE,APA,2018,0,2018-05-11,29,False,0,0.02,2.0,0.0,persistence_BASF_frozen
2018|M1|bloc1|APA,2018,2018-06-15,M1,bloc1,APA,15.0,10,0,0,"1121,1122,1123,1124,1125,1126,1127,1128,1129,1130",1,2018|M1|bloc1|APA|F1,era5loc_ed480fff4117,era5loc_ed480fff4117|2018,FRANCE,APA,2018,0,2018-05-11,35,False,0,0.15,15.0,0.0,persistence_BASF_frozen
2018|M1|bloc1|APA,2018,2018-05-28,M1,bloc1,APA,0.6,10,0,0,"641,642,643,644,645,646,647,648,649,650",2,2018|M1|bloc1|APA|F2,era5loc_ed480fff4117,era5loc_ed480fff4117|2018,FRANCE,APA,2018,1,2018-05-11,17,False,1,0.006,0.6,0.0,persistence_BASF_frozen
2018|M1|bloc1|APA,2018,2018-06-09,M1,bloc1,APA,7.8,10,0,0,"881,882,883,884,885,886,887,888,889,890",2,2018|M1|bloc1|APA|F2,era5loc_ed480fff4117,era5loc_ed480fff4117|2018,FRANCE,APA,2018,1,2018-05-11,29,False,1,0.078,7.8,0.0,persistence_BASF_frozen
2018|M1|bloc1|APA,2018,2018-05-28,M1,bloc1,APA,4.8,10,0,0,"641,642,643,644,645,646,647,648,649,650",3,2018|M1|bloc1|APA|F3,era5loc_ed480fff4117,era5loc_ed480fff4117|2018,FRANCE,APA,2018,2,2018-05-11,17,False,2,0.048,4.8,16.8,persistence_BASF_frozen
2018|M1|bloc1|APA,2018,2018-06-09,M1,bloc1,APA,13.3,10,0,0,"881,882,883,884,885,886,887,888,889,890",3,2018|M1|bloc1|APA|F3,era5loc_ed480fff4117,era5loc_ed480fff4117|2018,FRANCE,APA,2018,2,2018-05-11,29,False,2,0.133,13.3,16.8,persistence_BASF_frozen
2018|M1|bloc2|APA,2018,2018-05-28,M1,bloc2,APA,1.0,9,0,1,"561,562,563,564,565,566,567,568,569,570",1,2018|M1|bloc2|APA|F1,era5loc_ed480fff4117,era5loc_ed480fff4117|2018,FRANCE,APA,2018,3,2018-05-11,17,False,0,0.01,1.0,0.0,persistence_BASF_frozen
2018|M1|bloc2|APA,2018,2018-06-09,M1,bloc2,APA,3.6,10,0,0,"801,802,803,804,805,806,807,808,809,810",1,2018|M1|bloc2|APA|F1,era5loc_ed480fff4117,era5loc_ed480fff4117|2018,FRANCE,APA,2018,3,2018-05-11,29,False,0,0.036000000000000004,3.6,0.0,persistence_BASF_frozen
2018|M1|bloc2|APA,2018,2018-06-15,M1,bloc2,APA,25.0,10,0,0,"1041,1042,1043,1044,1045,1046,1047,1048,1049,1050",1,2018|M1|bloc2|APA|F1,era5loc_ed480fff4117,era5loc_ed480fff4117|2018,FRANCE,APA,2018,3,2018-05-11,35,False,0,0.25,25.0,0.0,persistence_BASF_frozen
2018|M1|bloc2|APA,2018,2018-05-28,M1,bloc2,APA,1.7,10,0,0,"561,562,563,564,565,566,567,568,569,570",2,2018|M1|bloc2|APA|F2,era5loc_ed480fff4117,era5loc_ed480fff4117|2018,FRANCE,APA,2018,4,2018-05-11,17,False,1,0.017,1.7,0.6,persistence_BASF_frozen
2018|M1|bloc2|APA,2018,2018-06-09,M1,bloc2,APA,14.4,10,0,0,"801,802,803,804,805,806,807,808,809,810",2,2018|M1|bloc2|APA|F2,era5loc_ed480fff4117,era5loc_ed480fff4117|2018,FRANCE,APA,2018,4,2018-05-11,29,False,1,0.14400000000000002,14.4,0.6,persistence_BASF_frozen
2018|M1|bloc2|APA,2018,2018-05-28,M1,bloc2,APA,14.5,10,0,0,"561,562,563,564,565,566,567,568,569,570",3,2018|M1|bloc2|APA|F3,era5loc_ed480fff4117,era5loc_ed480fff4117|2018,FRANCE,APA,2018,5,2018-05-11,17,False,2,0.145,14.5,20.5,persistence_BASF_frozen
2018|M1|bloc2|APA,2018,2018-06-09,M1,bloc2,APA,23.333333333333332,9,0,1,"801,802,803,804,805,806,807,808,809,810",3,2018|M1|bloc2|APA|F3,era5loc_ed480fff4117,era5loc_ed480fff4117|2018,FRANCE,APA,2018,5,2018-05-11,29,False,2,0.2333333333333333,23.333333333333332,20.5,persistence_BASF_frozen
2018|M1|bloc3|APA,2018,2018-05-28,M1,bloc3,APA,0.0,10,0,0,"481,482,483,484,485,486,487,488,489,490",1,2018|M1|bloc3|APA|F1,era5loc_ed480fff4117,era5loc_ed480fff4117|2018,FRANCE,APA,2018,6,2018-05-11,17,False,0,0.0,0.0,0.0,persistence_BASF_frozen
2018|M1|bloc3|APA,2018,2018-06-09,M1,bloc3,APA,3.7,10,0,0,"721,722,723,724,725,726,727,728,729,730",1,2018|M1|bloc3|APA|F1,era5loc_ed480fff4117,era5loc_ed480fff4117|2018,FRANCE,APA,2018,6,2018-05-11,29,False,0,0.037000000000000005,3.7,0.0,persistence_BASF_frozen
2018|M1|bloc3|APA,2018,2018-06-15,M1,bloc3,APA,15.5,10,0,0,"961,962,963,964,965,966,967,968,969,970",1,2018|M1|bloc3|APA|F1,era5loc_ed480fff4117,era5loc_ed480fff4117|2018,FRANCE,APA,2018,6,2018-05-11,35,False,0,0.155,15.5,0.0,persistence_BASF_frozen
2018|M1|bloc3|APA,2018,2018-05-28,M1,bloc3,APA,0.3,10,0,0,"481,482,483,484,485,486,487,488,489,490",2,2018|M1|bloc3|APA|F2,era5loc_ed480fff4117,era5loc_ed480fff4117|2018,FRANCE,APA,2018,7,2018-05-11,17,False,1,0.003,0.3,0.2,persistence_BASF_frozen
2018|M1|bloc3|APA,2018,2018-06-09,M1,bloc3,APA,15.7,10,0,0,"721,722,723,724,725,726,727,728,729,730",2,2018|M1|bloc3|APA|F2,era5loc_ed480fff4117,era5loc_ed480fff4117|2018,FRANCE,APA,2018,7,2018-05-11,29,False,1,0.157,15.7,0.2,persistence_BASF_frozen
2018|M1|bloc3|APA,2018,2018-05-28,M1,bloc3,APA,15.4,10,0,0,"481,482,483,484,485,486,487,488,489,490",3,2018|M1|bloc3|APA|F3,era5loc_ed480fff4117,era5loc_ed480fff4117|2018,FRANCE,APA,2018,8,2018-05-11,17,False,2,0.154,15.4,12.3,persistence_BASF_frozen
2018|M1|bloc3|APA,2018,2018-06-09,M1,bloc3,APA,34.5,10,0,0,"721,722,723,724,725,726,727,728,729,730",3,2018|M1|bloc3|APA|F3,era5loc_ed480fff4117,era5loc_ed480fff4117|2018,FRANCE,APA,2018,8,2018-05-11,29,False,2,0.345,34.5,12.3,persistence_BASF_frozen
2018|M2|bloc1|CEL,2018,2018-05-28,M2,bloc1,CEL,0.2,10,0,0,"651,652,653,654,655,656,657,658,659,660",1,2018|M2|bloc1|CEL|F1,era5loc_ed480fff4117,era5loc_ed480fff4117|2018,FRANCE,CEL,2018,9,2018-05-11,17,False,0,0.002,0.2,0.0,persistence_BASF_frozen
2018|M2|bloc1|CEL,2018,2018-06-09,M2,bloc1,CEL,5.2,10,0,0,"891,892,893,894,895,896,897,898,899,900",1,2018|M2|bloc1|CEL|F1,era5loc_ed480fff4117,era5loc_ed480fff4117|2018,FRANCE,CEL,2018,9,2018-05-11,29,False,0,0.052000000000000005,5.2,0.0,persistence_BASF_frozen
2018|M2|bloc1|CEL,2018,2018-06-15,M2,bloc1,CEL,11.6,10,0,0,"1131,1132,1133,1134,1135,1136,1137,1138,1139,1140",1,2018|M2|bloc1|CEL|F1,era5loc_ed480fff4117,era5loc_ed480fff4117|2018,FRANCE,CEL,2018,9,2018-05-11,35,False,0,0.11599999999999999,11.6,0.0,persistence_BASF_frozen
2018|M2|bloc1|CEL,2018,2018-05-28,M2,bloc1,CEL,0.4,10,0,0,"651,652,653,654,655,656,657,658,659,660",2,2018|M2|bloc1|CEL|F2,era5loc_ed480fff4117,era5loc_ed480fff4117|2018,FRANCE,CEL,2018,10,2018-05-11,17,False,1,0.004,0.4,0.4,persistence_BASF_frozen
2018|M2|bloc1|CEL,2018,2018-06-09,M2,bloc1,CEL,12.3,10,0,0,"891,892,893,894,895,896,897,898,899,900",2,2018|M2|bloc1|CEL|F2,era5loc_ed480fff4117,era5loc_ed480fff4117|2018,FRANCE,CEL,2018,10,2018-05-11,29,False,1,0.12300000000000001,12.3,0.4,persistence_BASF_frozen
2018|M2|bloc1|CEL,2018,2018-05-28,M2,bloc1,CEL,7.9,10,0,0,"651,652,653,654,655,656,657,658,659,660",3,2018|M2|bloc1|CEL|F3,era5loc_ed480fff4117,era5loc_ed480fff4117|2018,FRANCE,CEL,2018,11,2018-05-11,17,False,2,0.079,7.9,12.3,persistence_BASF_frozen
2018|M2|bloc1|CEL,2018,2018-06-09,M2,bloc1,CEL,23.88888888888889,9,0,1,"891,892,893,894,895,896,897,898,899,900",3,2018|M2|bloc1|CEL|F3,era5loc_ed480fff4117,era5loc_ed480fff4117|2018,FRANCE,CEL,2018,11,2018-05-11,29,False,2,0.2388888888888889,23.88888888888889,12.3,persistence_BASF_frozen
2018|M2|bloc2|CEL,2018,2018-05-28,M2,bloc2,CEL,0.0,10,0,0,"571,572,573,574,575,576,577,578,579,580",1,2018|M2|bloc2|CEL|F1,era5loc_ed480fff4117,era5loc_ed480fff4117|2018,FRANCE,CEL,2018,12,2018-05-11,17,False,0,0.0,0.0,0.0,persistence_BASF_frozen
2018|M2|bloc2|CEL,2018,2018-06-09,M2,bloc2,CEL,1.1,10,0,0,"811,812,813,814,815,816,817,818,819,820",1,2018|M2|bloc2|CEL|F1,era5loc_ed480fff4117,era5loc_ed480fff4117|2018,FRANCE,CEL,2018,12,2018-05-11,29,False,0,0.011000000000000001,1.1,0.0,persistence_BASF_frozen
2018|M2|bloc2|CEL,2018,2018-06-15,M2,bloc2,CEL,5.5,10,0,0,"1051,1052,1053,1054,1055,1056,1057,1058,1059,1060",1,2018|M2|bloc2|CEL|F1,era5loc_ed480fff4117,era5loc_ed480fff4117|2018,FRANCE,CEL,2018,12,2018-05-11,35,False,0,0.055,5.5,0.0,persistence_BASF_frozen
2018|M2|bloc2|CEL,2018,2018-05-28,M2,bloc2,CEL,0.3,10,0,0,"571,572,573,574,575,576,577,578,579,580",2,2018|M2|bloc2|CEL|F2,era5loc_ed480fff4117,era5loc_ed480fff4117|2018,FRANCE,CEL,2018,13,2018-05-11,17,False,1,0.003,0.3,0.0,persistence_BASF_frozen
2018|M2|bloc2|CEL,2018,2018-06-09,M2,bloc2,CEL,13.4,10,0,0,"811,812,813,814,815,816,817,818,819,820",2,2018|M2|bloc2|CEL|F2,era5loc_ed480fff4117,era5loc_ed480fff4117|2018,FRANCE,CEL,2018,13,2018-05-11,29,False,1,0.134,13.4,0.0,persistence_BASF_frozen
2018|M2|bloc2|CEL,2018,2018-05-28,M2,bloc2,CEL,5.5,10,0,0,"571,572,573,574,575,576,577,578,579,580",3,2018|M2|bloc2|CEL|F3,era5loc_ed480fff4117,era5loc_ed480fff4117|2018,FRANCE,CEL,2018,14,2018-05-11,17,False,2,0.055,5.5,7.8,persistence_BASF_frozen
2018|M2|bloc2|CEL,2018,2018-06-09,M2,bloc2,CEL,24.0,10,0,0,"811,812,813,814,815,816,817,818,819,820",3,2018|M2|bloc2|CEL|F3,era5loc_ed480fff4117,era5loc_ed480fff4117|2018,FRANCE,CEL,2018,14,2018-05-11,29,False,2,0.24,24.0,7.8,persistence_BASF_frozen
2018|M2|bloc3|CEL,2018,2018-05-28,M2,bloc3,CEL,0.0,10,0,0,"491,492,493,494,495,496,497,498,499,500",1,2018|M2|bloc3|CEL|F1,era5loc_ed480fff4117,era5loc_ed480fff4117|2018,FRANCE,CEL,2018,15,2018-05-11,17,False,0,0.0,0.0,0.0,persistence_BASF_frozen
2018|M2|bloc3|CEL,2018,2018-06-09,M2,bloc3,CEL,0.5,10,0,0,"731,732,733,734,735,736,737,738,739,740",1,2018|M2|bloc3|CEL|F1,era5loc_ed480fff4117,era5loc_ed480fff4117|2018,FRANCE,CEL,2018,15,2018-05-11,29,False,0,0.005,0.5,0.0,persistence_BASF_frozen
2018|M2|bloc3|CEL,2018,2018-06-15,M2,bloc3,CEL,2.9,10,0,0,"971,972,973,974,975,976,977,978,979,980",1,2018|M2|bloc3|CEL|F1,era5loc_ed480fff4117,era5loc_ed480fff4117|2018,FRANCE,CEL,2018,15,2018-05-11,35,False,0,0.028999999999999998,2.9,0.0,persistence_BASF_frozen
2018|M2|bloc3|CEL,2018,2018-05-28,M2,bloc3,CEL,0.3,10,0,0,"491,492,493,494,495,496,497,498,499,500",2,2018|M2|bloc3|CEL|F2,era5loc_ed480fff4117,era5loc_ed480fff4117|2018,FRANCE,CEL,2018,16,2018-05-11,17,False,1,0.003,0.3,0.0,persistence_BASF_frozen
2018|M2|bloc3|CEL,2018,2018-06-09,M2,bloc3,CEL,10.222222222222221,9,0,1,"731,732,733,734,735,736,737,738,739,740",2,2018|M2|bloc3|CEL|F2,era5loc_ed480fff4117,era5loc_ed480fff4117|2018,FRANCE,CEL,2018,16,2018-05-11,29,False,1,0.10222222222222221,10.222222222222221,0.0,persistence_BASF_frozen
2018|M2|bloc3|CEL,2018,2018-05-28,M2,bloc3,CEL,7.6,10,0,0,"491,492,493,494,495,496,497,498,499,500",3,2018|M2|bloc3|CEL|F3,era5loc_ed480fff4117,era5loc_ed480fff4117|2018,FRANCE,CEL,2018,17,2018-05-11,17,False,2,0.076,7.6,8.0,persistence_BASF_frozen
2018|M2|bloc3|CEL,2018,2018-06-09,M2,bloc3,CEL,18.125,8,0,2,"731,732,733,734,735,736,737,738,739,740",3,2018|M2|bloc3|CEL|F3,era5loc_ed480fff4117,era5loc_ed480fff4117|2018,FRANCE,CEL,2018,17,2018-05-11,29,False,2,0.18125,18.125,8.0,persistence_BASF_frozen
2018|M3|bloc1|APA,2018,2018-05-28,M3,bloc1,APA,0.0,10,0,0,"661,662,663,664,665,666,667,668,669,670",1,2018|M3|bloc1|APA|F1,era5loc_ed480fff4117,era5loc_ed480fff4117|2018,FRANCE,APA,2018,18,2018-05-11,17,False,0,0.0,0.0,0.0,persistence_BASF_frozen
2018|M3|bloc1|APA,2018,2018-06-09,M3,bloc1,APA,1.2,10,0,0,"901,902,903,904,905,906,907,908,909,910",1,2018|M3|bloc1|APA|F1,era5loc_ed480fff4117,era5loc_ed480fff4117|2018,FRANCE,APA,2018,18,2018-05-11,29,False,0,0.012,1.2,0.0,persistence_BASF_frozen
2018|M3|bloc1|APA,2018,2018-06-15,M3,bloc1,APA,10.0,10,0,0,"1141,1142,1143,1144,1145,1146,1147,1148,1149,1150",1,2018|M3|bloc1|APA|F1,era5loc_ed480fff4117,era5loc_ed480fff4117|2018,FRANCE,APA,2018,18,2018-05-11,35,False,0,0.1,10.0,0.0,persistence_BASF_frozen
2018|M3|bloc1|APA,2018,2018-05-28,M3,bloc1,APA,0.9,10,0,0,"661,662,663,664,665,666,667,668,669,670",2,2018|M3|bloc1|APA|F2,era5loc_ed480fff4117,era5loc_ed480fff4117|2018,FRANCE,APA,2018,19,2018-05-11,17,False,1,0.009000000000000001,0.9,0.2,persistence_BASF_frozen
2018|M3|bloc1|APA,2018,2018-06-09,M3,bloc1,APA,6.0,8,0,2,"901,902,903,904,905,906,907,908,909,910",2,2018|M3|bloc1|APA|F2,era5loc_ed480fff4117,era5loc_ed480fff4117|2018,FRANCE,APA,2018,19,2018-05-11,29,False,1,0.06,6.0,0.2,persistence_BASF_frozen
2018|M3|bloc1|APA,2018,2018-05-28,M3,bloc1,APA,2.5,10,0,0,"661,662,663,664,665,666,667,668,669,670",3,2018|M3|bloc1|APA|F3,era5loc_ed480fff4117,era5loc_ed480fff4117|2018,FRANCE,APA,2018,20,2018-05-11,17,False,2,0.025,2.5,8.7,persistence_BASF_frozen
2018|M3|bloc1|APA,2018,2018-06-09,M3,bloc1,APA,10.0,5,0,5,"901,902,903,904,905,906,907,908,909,910",3,2018|M3|bloc1|APA|F3,era5loc_ed480fff4117,era5loc_ed480fff4117|2018,FRANCE,APA,2018,20,2018-05-11,29,False,2,0.1,10.0,8.7,persistence_BASF_frozen
2018|M3|bloc1|CEL,2018,2018-05-28,M3,bloc1,CEL,0.0,10,0,0,"671,672,673,674,675,676,677,678,679,680",1,2018|M3|bloc1|CEL|F1,era5loc_ed480fff4117,era5loc_ed480fff4117|2018,FRANCE,CEL,2018,21,2018-05-11,17,False,0,0.0,0.0,0.0,persistence_BASF_frozen
2018|M3|bloc1|CEL,2018,2018-06-09,M3,bloc1,CEL,1.5,10,0,0,"911,912,913,914,915,916,917,918,919,920",1,2018|M3|bloc1|CEL|F1,era5loc_ed480fff4117,era5loc_ed480fff4117|2018,FRANCE,CEL,2018,21,2018-05-11,29,False,0,0.015,1.5,0.0,persistence_BASF_frozen
2018|M3|bloc1|CEL,2018,2018-06-15,M3,bloc1,CEL,6.7,10,0,0,"1151,1152,1153,1154,1155,1156,1157,1158,1159,1160",1,2018|M3|bloc1|CEL|F1,era5loc_ed480fff4117,era5loc_ed480fff4117|2018,FRANCE,CEL,2018,21,2018-05-11,35,False,0,0.067,6.7,0.0,persistence_BASF_frozen
2018|M3|bloc1|CEL,2018,2018-05-28,M3,bloc1,CEL,0.1,10,0,0,"671,672,673,674,675,676,677,678,679,680",2,2018|M3|bloc1|CEL|F2,era5loc_ed480fff4117,era5loc_ed480fff4117|2018,FRANCE,CEL,2018,22,2018-05-11,17,False,1,0.001,0.1,0.0,persistence_BASF_frozen
2018|M3|bloc1|CEL,2018,2018-06-09,M3,bloc1,CEL,4.2,10,0,0,"911,912,913,914,915,916,917,918,919,920",2,2018|M3|bloc1|CEL|F2,era5loc_ed480fff4117,era5loc_ed480fff4117|2018,FRANCE,CEL,2018,22,2018-05-11,29,False,1,0.042,4.2,0.0,persistence_BASF_frozen
2018|M3|bloc1|CEL,2018,2018-05-28,M3,bloc1,CEL,7.777777777777778,9,0,1,"671,672,673,674,675,676,677,678,679,680",3,2018|M3|bloc1|CEL|F3,era5loc_ed480fff4117,era5loc_ed480fff4117|2018,FRANCE,CEL,2018,23,2018-05-11,17,False,2,0.07777777777777778,7.777777777777778,11.8,persistence_BASF_frozen
2018|M3|bloc1|CEL,2018,2018-06-09,M3,bloc1,CEL,8.571428571428571,7,0,3,"911,912,913,914,915,916,917,918,919,920",3,2018|M3|bloc1|CEL|F3,era5loc_ed480fff4117,era5loc_ed480fff4117|2018,FRANCE,CEL,2018,23,2018-05-11,29,False,2,0.08571428571428572,8.571428571428571,11.8,persistence_BASF_frozen
2018|M3|bloc2|APA,2018,2018-05-28,M3,bloc2,APA,0.2,10,0,0,"581,582,583,584,585,586,587,588,589,590",1,2018|M3|bloc2|APA|F1,era5loc_ed480fff4117,era5loc_ed480fff4117|2018,FRANCE,APA,2018,24,2018-05-11,17,False,0,0.002,0.2,0.0,persistence_BASF_frozen
2018|M3|bloc2|APA,2018,2018-06-09,M3,bloc2,APA,4.9,10,0,0,"821,822,823,824,825,826,827,828,829,830",1,2018|M3|bloc2|APA|F1,era5loc_ed480fff4117,era5loc_ed480fff4117|2018,FRANCE,APA,2018,24,2018-05-11,29,False,0,0.049,4.9,0.0,persistence_BASF_frozen
2018|M3|bloc2|APA,2018,2018-06-15,M3,bloc2,APA,6.5,10,0,0,"1061,1062,1063,1064,1065,1066,1067,1068,1069,1070",1,2018|M3|bloc2|APA|F1,era5loc_ed480fff4117,era5loc_ed480fff4117|2018,FRANCE,APA,2018,24,2018-05-11,35,False,0,0.065,6.5,0.0,persistence_BASF_frozen
2018|M3|bloc2|APA,2018,2018-05-28,M3,bloc2,APA,0.7,10,0,0,"581,582,583,584,585,586,587,588,589,590",2,2018|M3|bloc2|APA|F2,era5loc_ed480fff4117,era5loc_ed480fff4117|2018,FRANCE,APA,2018,25,2018-05-11,17,False,1,0.006999999999999999,0.7,0.3,persistence_BASF_frozen
2018|M3|bloc2|APA,2018,2018-06-09,M3,bloc2,APA,16.0,10,0,0,"821,822,823,824,825,826,827,828,829,830",2,2018|M3|bloc2|APA|F2,era5loc_ed480fff4117,era5loc_ed480fff4117|2018,FRANCE,APA,2018,25,2018-05-11,29,False,1,0.16,16.0,0.3,persistence_BASF_frozen
2018|M3|bloc2|APA,2018,2018-05-28,M3,bloc2,APA,10.333333333333334,9,0,1,"581,582,583,584,585,586,587,588,589,590",3,2018|M3|bloc2|APA|F3,era5loc_ed480fff4117,era5loc_ed480fff4117|2018,FRANCE,APA,2018,26,2018-05-11,17,False,2,0.10333333333333333,10.333333333333334,17.0,persistence_BASF_frozen
2018|M3|bloc2|APA,2018,2018-06-09,M3,bloc2,APA,34.333333333333336,6,0,4,"821,822,823,824,825,826,827,828,829,830",3,2018|M3|bloc2|APA|F3,era5loc_ed480fff4117,era5loc_ed480fff4117|2018,FRANCE,APA,2018,26,2018-05-11,29,False,2,0.3433333333333334,34.333333333333336,17.0,persistence_BASF_frozen
2018|M3|bloc2|CEL,2018,2018-05-28,M3,bloc2,CEL,0.0,10,0,0,"591,592,593,594,595,596,597,598,599,600",1,2018|M3|bloc2|CEL|F1,era5loc_ed480fff4117,era5loc_ed480fff4117|2018,FRANCE,CEL,2018,27,2018-05-11,17,False,0,0.0,0.0,0.0,persistence_BASF_frozen
2018|M3|bloc2|CEL,2018,2018-06-09,M3,bloc2,CEL,3.1,10,0,0,"831,832,833,834,835,836,837,838,839,840",1,2018|M3|bloc2|CEL|F1,era5loc_ed480fff4117,era5loc_ed480fff4117|2018,FRANCE,CEL,2018,27,2018-05-11,29,False,0,0.031,3.1,0.0,persistence_BASF_frozen
2018|M3|bloc2|CEL,2018,2018-06-15,M3,bloc2,CEL,2.2,10,0,0,"1071,1072,1073,1074,1075,1076,1077,1078,1079,1080",1,2018|M3|bloc2|CEL|F1,era5loc_ed480fff4117,era5loc_ed480fff4117|2018,FRANCE,CEL,2018,27,2018-05-11,35,False,0,0.022000000000000002,2.2,0.0,persistence_BASF_frozen
2018|M3|bloc2|CEL,2018,2018-05-28,M3,bloc2,CEL,0.3,10,0,0,"591,592,593,594,595,596,597,598,599,600",2,2018|M3|bloc2|CEL|F2,era5loc_ed480fff4117,era5loc_ed480fff4117|2018,FRANCE,CEL,2018,28,2018-05-11,17,False,1,0.003,0.3,0.1,persistence_BASF_frozen
2018|M3|bloc2|CEL,2018,2018-06-09,M3,bloc2,CEL,6.666666666666667,9,0,1,"831,832,833,834,835,836,837,838,839,840",2,2018|M3|bloc2|CEL|F2,era5loc_ed480fff4117,era5loc_ed480fff4117|2018,FRANCE,CEL,2018,28,2018-05-11,29,False,1,0.06666666666666667,6.666666666666667,0.1,persistence_BASF_frozen
2018|M3|bloc2|CEL,2018,2018-05-28,M3,bloc2,CEL,2.5,10,0,0,"591,592,593,594,595,596,597,598,599,600",3,2018|M3|bloc2|CEL|F3,era5loc_ed480fff4117,era5loc_ed480fff4117|2018,FRANCE,CEL,2018,29,2018-05-11,17,False,2,0.025,2.5,4.7,persistence_BASF_frozen
2018|M3|bloc2|CEL,2018,2018-06-09,M3,bloc2,CEL,18.0,5,0,5,"831,832,833,834,835,836,837,838,839,840",3,2018|M3|bloc2|CEL|F3,era5loc_ed480fff4117,era5loc_ed480fff4117|2018,FRANCE,CEL,2018,29,2018-05-11,29,False,2,0.18,18.0,4.7,persistence_BASF_frozen
2018|M3|bloc3|APA,2018,2018-05-28,M3,bloc3,APA,0.0,10,0,0,"501,502,503,504,505,506,507,508,509,510",1,2018|M3|bloc3|APA|F1,era5loc_ed480fff4117,era5loc_ed480fff4117|2018,FRANCE,APA,2018,30,2018-05-11,17,False,0,0.0,0.0,0.0,persistence_BASF_frozen
2018|M3|bloc3|APA,2018,2018-06-09,M3,bloc3,APA,1.4,10,0,0,"741,742,743,744,745,746,747,748,749,750",1,2018|M3|bloc3|APA|F1,era5loc_ed480fff4117,era5loc_ed480fff4117|2018,FRANCE,APA,2018,30,2018-05-11,29,False,0,0.013999999999999999,1.4,0.0,persistence_BASF_frozen
2018|M3|bloc3|APA,2018,2018-06-15,M3,bloc3,APA,3.9,10,0,0,"981,982,983,984,985,986,987,988,989,990",1,2018|M3|bloc3|APA|F1,era5loc_ed480fff4117,era5loc_ed480fff4117|2018,FRANCE,APA,2018,30,2018-05-11,35,False,0,0.039,3.9,0.0,persistence_BASF_frozen
2018|M3|bloc3|APA,2018,2018-05-28,M3,bloc3,APA,0.5,10,0,0,"501,502,503,504,505,506,507,508,509,510",2,2018|M3|bloc3|APA|F2,era5loc_ed480fff4117,era5loc_ed480fff4117|2018,FRANCE,APA,2018,31,2018-05-11,17,False,1,0.005,0.5,0.0,persistence_BASF_frozen
2018|M3|bloc3|APA,2018,2018-06-09,M3,bloc3,APA,21.0,10,0,0,"741,742,743,744,745,746,747,748,749,750",2,2018|M3|bloc3|APA|F2,era5loc_ed480fff4117,era5loc_ed480fff4117|2018,FRANCE,APA,2018,31,2018-05-11,29,False,1,0.21,21.0,0.0,persistence_BASF_frozen
2018|M3|bloc3|APA,2018,2018-05-28,M3,bloc3,APA,6.0,10,0,0,"501,502,503,504,505,506,507,508,509,510",3,2018|M3|bloc3|APA|F3,era5loc_ed480fff4117,era5loc_ed480fff4117|2018,FRANCE,APA,2018,32,2018-05-11,17,False,2,0.06,6.0,14.499999999999998,persistence_BASF_frozen
2018|M3|bloc3|APA,2018,2018-06-09,M3,bloc3,APA,26.11111111111111,9,0,1,"741,742,743,744,745,746,747,748,749,750",3,2018|M3|bloc3|APA|F3,era5loc_ed480fff4117,era5loc_ed480fff4117|2018,FRANCE,APA,2018,32,2018-05-11,29,False,2,0.2611111111111111,26.11111111111111,14.499999999999998,persistence_BASF_frozen
2018|M3|bloc3|CEL,2018,2018-05-28,M3,bloc3,CEL,0.4,10,0,0,"511,512,513,514,515,516,517,518,519,520",1,2018|M3|bloc3|CEL|F1,era5loc_ed480fff4117,era5loc_ed480fff4117|2018,FRANCE,CEL,2018,33,2018-05-11,17,False,0,0.004,0.4,0.0,persistence_BASF_frozen
2018|M3|bloc3|CEL,2018,2018-06-09,M3,bloc3,CEL,0.3,10,0,0,"751,752,753,754,755,756,757,758,759,760",1,2018|M3|bloc3|CEL|F1,era5loc_ed480fff4117,era5loc_ed480fff4117|2018,FRANCE,CEL,2018,33,2018-05-11,29,False,0,0.003,0.3,0.0,persistence_BASF_frozen
2018|M3|bloc3|CEL,2018,2018-06-15,M3,bloc3,CEL,1.6,10,0,0,"991,992,993,994,995,996,997,998,999,1000",1,2018|M3|bloc3|CEL|F1,era5loc_ed480fff4117,era5loc_ed480fff4117|2018,FRANCE,CEL,2018,33,2018-05-11,35,False,0,0.016,1.6,0.0,persistence_BASF_frozen
2018|M3|bloc3|CEL,2018,2018-05-28,M3,bloc3,CEL,0.4,10,0,0,"511,512,513,514,515,516,517,518,519,520",2,2018|M3|bloc3|CEL|F2,era5loc_ed480fff4117,era5loc_ed480fff4117|2018,FRANCE,CEL,2018,34,2018-05-11,17,False,1,0.004,0.4,0.0,persistence_BASF_frozen
2018|M3|bloc3|CEL,2018,2018-06-09,M3,bloc3,CEL,4.6,10,0,0,"751,752,753,754,755,756,757,758,759,760",2,2018|M3|bloc3|CEL|F2,era5loc_ed480fff4117,era5loc_ed480fff4117|2018,FRANCE,CEL,2018,34,2018-05-11,29,False,1,0.046,4.6,0.0,persistence_BASF_frozen
2018|M3|bloc3|CEL,2018,2018-05-28,M3,bloc3,CEL,9.9,10,0,0,"511,512,513,514,515,516,517,518,519,520",3,2018|M3|bloc3|CEL|F3,era5loc_ed480fff4117,era5loc_ed480fff4117|2018,FRANCE,CEL,2018,35,2018-05-11,17,False,2,0.099,9.9,3.0,persistence_BASF_frozen
2018|M3|bloc3|CEL,2018,2018-06-09,M3,bloc3,CEL,11.8,10,0,0,"751,752,753,754,755,756,757,758,759,760",3,2018|M3|bloc3|CEL|F3,era5loc_ed480fff4117,era5loc_ed480fff4117|2018,FRANCE,CEL,2018,35,2018-05-11,29,False,2,0.11800000000000001,11.8,3.0,persistence_BASF_frozen
2018|M4|bloc1|APA,2018,2018-05-28,M4,bloc1,APA,0.4,10,0,0,"681,682,683,684,685,686,687,688,689,690",1,2018|M4|bloc1|APA|F1,era5loc_ed480fff4117,era5loc_ed480fff4117|2018,FRANCE,APA,2018,36,2018-05-11,17,False,0,0.004,0.4,0.0,persistence_BASF_frozen
2018|M4|bloc1|APA,2018,2018-06-09,M4,bloc1,APA,2.9,10,0,0,"921,922,923,924,925,926,927,928,929,930",1,2018|M4|bloc1|APA|F1,era5loc_ed480fff4117,era5loc_ed480fff4117|2018,FRANCE,APA,2018,36,2018-05-11,29,False,0,0.028999999999999998,2.9,0.0,persistence_BASF_frozen
2018|M4|bloc1|APA,2018,2018-06-15,M4,bloc1,APA,12.3,10,0,0,"1161,1162,1163,1164,1165,1166,1167,1168,1169,1170",1,2018|M4|bloc1|APA|F1,era5loc_ed480fff4117,era5loc_ed480fff4117|2018,FRANCE,APA,2018,36,2018-05-11,35,False,0,0.12300000000000001,12.3,0.0,persistence_BASF_frozen
2018|M4|bloc1|APA,2018,2018-05-28,M4,bloc1,APA,1.2,10,0,0,"681,682,683,684,685,686,687,688,689,690",2,2018|M4|bloc1|APA|F2,era5loc_ed480fff4117,era5loc_ed480fff4117|2018,FRANCE,APA,2018,37,2018-05-11,17,False,1,0.012,1.2,0.1,persistence_BASF_frozen
2018|M4|bloc1|APA,2018,2018-06-09,M4,bloc1,APA,7.777777777777778,9,0,1,"921,922,923,924,925,926,927,928,929,930",2,2018|M4|bloc1|APA|F2,era5loc_ed480fff4117,era5loc_ed480fff4117|2018,FRANCE,APA,2018,37,2018-05-11,29,False,1,0.07777777777777778,7.777777777777778,0.1,persistence_BASF_frozen
2018|M4|bloc1|APA,2018,2018-05-28,M4,bloc1,APA,3.9,10,0,0,"681,682,683,684,685,686,687,688,689,690",3,2018|M4|bloc1|APA|F3,era5loc_ed480fff4117,era5loc_ed480fff4117|2018,FRANCE,APA,2018,38,2018-05-11,17,False,2,0.039,3.9,11.7,persistence_BASF_frozen
2018|M4|bloc1|APA,2018,2018-06-09,M4,bloc1,APA,14.8,10,0,0,"921,922,923,924,925,926,927,928,929,930",3,2018|M4|bloc1|APA|F3,era5loc_ed480fff4117,era5loc_ed480fff4117|2018,FRANCE,APA,2018,38,2018-05-11,29,False,2,0.14800000000000002,14.8,11.7,persistence_BASF_frozen
2018|M4|bloc1|CEL,2018,2018-05-28,M4,bloc1,CEL,0.1,10,0,0,"691,692,693,694,695,696,697,698,699,700",1,2018|M4|bloc1|CEL|F1,era5loc_ed480fff4117,era5loc_ed480fff4117|2018,FRANCE,CEL,2018,39,2018-05-11,17,False,0,0.001,0.1,0.0,persistence_BASF_frozen
2018|M4|bloc1|CEL,2018,2018-06-09,M4,bloc1,CEL,1.3,10,0,0,"931,932,933,934,935,936,937,938,939,940",1,2018|M4|bloc1|CEL|F1,era5loc_ed480fff4117,era5loc_ed480fff4117|2018,FRANCE,CEL,2018,39,2018-05-11,29,False,0,0.013000000000000001,1.3,0.0,persistence_BASF_frozen
2018|M4|bloc1|CEL,2018,2018-06-15,M4,bloc1,CEL,2.3,10,0,0,"1171,1172,1173,1174,1175,1176,1177,1178,1179,1180",1,2018|M4|bloc1|CEL|F1,era5loc_ed480fff4117,era5loc_ed480fff4117|2018,FRANCE,CEL,2018,39,2018-05-11,35,False,0,0.023,2.3,0.0,persistence_BASF_frozen
2018|M4|bloc1|CEL,2018,2018-05-28,M4,bloc1,CEL,0.2,10,0,0,"691,692,693,694,695,696,697,698,699,700",2,2018|M4|bloc1|CEL|F2,era5loc_ed480fff4117,era5loc_ed480fff4117|2018,FRANCE,CEL,2018,40,2018-05-11,17,False,1,0.002,0.2,0.5,persistence_BASF_frozen
2018|M4|bloc1|CEL,2018,2018-06-09,M4,bloc1,CEL,3.5,10,0,0,"931,932,933,934,935,936,937,938,939,940",2,2018|M4|bloc1|CEL|F2,era5loc_ed480fff4117,era5loc_ed480fff4117|2018,FRANCE,CEL,2018,40,2018-05-11,29,False,1,0.035,3.5,0.5,persistence_BASF_frozen
2018|M4|bloc1|CEL,2018,2018-05-28,M4,bloc1,CEL,6.0,10,0,0,"691,692,693,694,695,696,697,698,699,700",3,2018|M4|bloc1|CEL|F3,era5loc_ed480fff4117,era5loc_ed480fff4117|2018,FRANCE,CEL,2018,41,2018-05-11,17,False,2,0.06,6.0,6.1,persistence_BASF_frozen
2018|M4|bloc1|CEL,2018,2018-06-09,M4,bloc1,CEL,15.8,10,0,0,"931,932,933,934,935,936,937,938,939,940",3,2018|M4|bloc1|CEL|F3,era5loc_ed480fff4117,era5loc_ed480fff4117|2018,FRANCE,CEL,2018,41,2018-05-11,29,False,2,0.158,15.8,6.1,persistence_BASF_frozen
2018|M4|bloc2|APA,2018,2018-05-28,M4,bloc2,APA,0.0,10,0,0,"601,602,603,604,605,606,607,608,609,610",1,2018|M4|bloc2|APA|F1,era5loc_ed480fff4117,era5loc_ed480fff4117|2018,FRANCE,APA,2018,42,2018-05-11,17,False,0,0.0,0.0,0.0,persistence_BASF_frozen
2018|M4|bloc2|APA,2018,2018-06-09,M4,bloc2,APA,1.0,10,0,0,"841,842,843,844,845,846,847,848,849,850",1,2018|M4|bloc2|APA|F1,era5loc_ed480fff4117,era5loc_ed480fff4117|2018,FRANCE,APA,2018,42,2018-05-11,29,False,0,0.01,1.0,0.0,persistence_BASF_frozen
2018|M4|bloc2|APA,2018,2018-06-15,M4,bloc2,APA,9.6,10,0,0,"1081,1082,1083,1084,1085,1086,1087,1088,1089,1090",1,2018|M4|bloc2|APA|F1,era5loc_ed480fff4117,era5loc_ed480fff4117|2018,FRANCE,APA,2018,42,2018-05-11,35,False,0,0.096,9.6,0.0,persistence_BASF_frozen
2018|M4|bloc2|APA,2018,2018-05-28,M4,bloc2,APA,0.3,10,0,0,"601,602,603,604,605,606,607,608,609,610",2,2018|M4|bloc2|APA|F2,era5loc_ed480fff4117,era5loc_ed480fff4117|2018,FRANCE,APA,2018,43,2018-05-11,17,False,1,0.003,0.3,0.2,persistence_BASF_frozen
2018|M4|bloc2|APA,2018,2018-06-09,M4,bloc2,APA,5.4,10,0,0,"841,842,843,844,845,846,847,848,849,850",2,2018|M4|bloc2|APA|F2,era5loc_ed480fff4117,era5loc_ed480fff4117|2018,FRANCE,APA,2018,43,2018-05-11,29,False,1,0.054000000000000006,5.4,0.2,persistence_BASF_frozen
2018|M4|bloc2|APA,2018,2018-05-28,M4,bloc2,APA,3.1,10,0,0,"601,602,603,604,605,606,607,608,609,610",3,2018|M4|bloc2|APA|F3,era5loc_ed480fff4117,era5loc_ed480fff4117|2018,FRANCE,APA,2018,44,2018-05-11,17,False,2,0.031,3.1,12.7,persistence_BASF_frozen
2018|M4|bloc2|APA,2018,2018-06-09,M4,bloc2,APA,11.444444444444445,9,0,1,"841,842,843,844,845,846,847,848,849,850",3,2018|M4|bloc2|APA|F3,era5loc_ed480fff4117,era5loc_ed480fff4117|2018,FRANCE,APA,2018,44,2018-05-11,29,False,2,0.11444444444444445,11.444444444444445,12.7,persistence_BASF_frozen
2018|M4|bloc2|CEL,2018,2018-05-28,M4,bloc2,CEL,0.0,10,0,0,"611,612,613,614,615,616,617,618,619,620",1,2018|M4|bloc2|CEL|F1,era5loc_ed480fff4117,era5loc_ed480fff4117|2018,FRANCE,CEL,2018,45,2018-05-11,17,False,0,0.0,0.0,0.0,persistence_BASF_frozen
2018|M4|bloc2|CEL,2018,2018-06-09,M4,bloc2,CEL,0.0,10,0,0,"851,852,853,854,855,856,857,858,859,860",1,2018|M4|bloc2|CEL|F1,era5loc_ed480fff4117,era5loc_ed480fff4117|2018,FRANCE,CEL,2018,45,2018-05-11,29,False,0,0.0,0.0,0.0,persistence_BASF_frozen
2018|M4|bloc2|CEL,2018,2018-06-15,M4,bloc2,CEL,1.1,10,0,0,"1091,1092,1093,1094,1095,1096,1097,1098,1099,1100",1,2018|M4|bloc2|CEL|F1,era5loc_ed480fff4117,era5loc_ed480fff4117|2018,FRANCE,CEL,2018,45,2018-05-11,35,False,0,0.011000000000000001,1.1,0.0,persistence_BASF_frozen
2018|M4|bloc2|CEL,2018,2018-05-28,M4,bloc2,CEL,0.1,10,0,0,"611,612,613,614,615,616,617,618,619,620",2,2018|M4|bloc2|CEL|F2,era5loc_ed480fff4117,era5loc_ed480fff4117|2018,FRANCE,CEL,2018,46,2018-05-11,17,False,1,0.001,0.1,0.1,persistence_BASF_frozen
2018|M4|bloc2|CEL,2018,2018-06-09,M4,bloc2,CEL,3.1,10,0,0,"851,852,853,854,855,856,857,858,859,860",2,2018|M4|bloc2|CEL|F2,era5loc_ed480fff4117,era5loc_ed480fff4117|2018,FRANCE,CEL,2018,46,2018-05-11,29,False,1,0.031,3.1,0.1,persistence_BASF_frozen
2018|M4|bloc2|CEL,2018,2018-05-28,M4,bloc2,CEL,2.4444444444444446,9,0,1,"611,612,613,614,615,616,617,618,619,620",3,2018|M4|bloc2|CEL|F3,era5loc_ed480fff4117,era5loc_ed480fff4117|2018,FRANCE,CEL,2018,47,2018-05-11,17,False,2,0.024444444444444446,2.4444444444444446,1.6,persistence_BASF_frozen
2018|M4|bloc2|CEL,2018,2018-06-09,M4,bloc2,CEL,6.25,8,0,2,"851,852,853,854,855,856,857,858,859,860",3,2018|M4|bloc2|CEL|F3,era5loc_ed480fff4117,era5loc_ed480fff4117|2018,FRANCE,CEL,2018,47,2018-05-11,29,False,2,0.0625,6.25,1.6,persistence_BASF_frozen
2018|M4|bloc3|APA,2018,2018-05-28,M4,bloc3,APA,0.1,10,0,0,"521,522,523,524,525,526,527,528,529,530",1,2018|M4|bloc3|APA|F1,era5loc_ed480fff4117,era5loc_ed480fff4117|2018,FRANCE,APA,2018,48,2018-05-11,17,False,0,0.001,0.1,0.0,persistence_BASF_frozen
2018|M4|bloc3|APA,2018,2018-06-09,M4,bloc3,APA,0.7,10,0,0,"761,762,763,764,765,766,767,768,769,770",1,2018|M4|bloc3|APA|F1,era5loc_ed480fff4117,era5loc_ed480fff4117|2018,FRANCE,APA,2018,48,2018-05-11,29,False,0,0.006999999999999999,0.7,0.0,persistence_BASF_frozen
2018|M4|bloc3|APA,2018,2018-06-15,M4,bloc3,APA,1.1,10,0,0,"1001,1002,1003,1004,1005,1006,1007,1008,1009,1010",1,2018|M4|bloc3|APA|F1,era5loc_ed480fff4117,era5loc_ed480fff4117|2018,FRANCE,APA,2018,48,2018-05-11,35,False,0,0.011000000000000001,1.1,0.0,persistence_BASF_frozen
2018|M4|bloc3|APA,2018,2018-05-28,M4,bloc3,APA,0.8,10,0,0,"521,522,523,524,525,526,527,528,529,530",2,2018|M4|bloc3|APA|F2,era5loc_ed480fff4117,era5loc_ed480fff4117|2018,FRANCE,APA,2018,49,2018-05-11,17,False,1,0.008,0.8,0.0,persistence_BASF_frozen
2018|M4|bloc3|APA,2018,2018-06-09,M4,bloc3,APA,18.5,10,0,0,"761,762,763,764,765,766,767,768,769,770",2,2018|M4|bloc3|APA|F2,era5loc_ed480fff4117,era5loc_ed480fff4117|2018,FRANCE,APA,2018,49,2018-05-11,29,False,1,0.185,18.5,0.0,persistence_BASF_frozen
2018|M4|bloc3|APA,2018,2018-05-28,M4,bloc3,APA,10.555555555555555,9,0,1,"521,522,523,524,525,526,527,528,529,530",3,2018|M4|bloc3|APA|F3,era5loc_ed480fff4117,era5loc_ed480fff4117|2018,FRANCE,APA,2018,50,2018-05-11,17,False,2,0.10555555555555556,10.555555555555555,6.0,persistence_BASF_frozen
2018|M4|bloc3|APA,2018,2018-06-09,M4,bloc3,APA,29.375,8,0,2,"761,762,763,764,765,766,767,768,769,770",3,2018|M4|bloc3|APA|F3,era5loc_ed480fff4117,era5loc_ed480fff4117|2018,FRANCE,APA,2018,50,2018-05-11,29,False,2,0.29375,29.375,6.0,persistence_BASF_frozen
2018|M4|bloc3|CEL,2018,2018-05-28,M4,bloc3,CEL,0.0,10,0,0,"531,532,533,534,535,536,537,538,539,540",1,2018|M4|bloc3|CEL|F1,era5loc_ed480fff4117,era5loc_ed480fff4117|2018,FRANCE,CEL,2018,51,2018-05-11,17,False,0,0.0,0.0,0.0,persistence_BASF_frozen
2018|M4|bloc3|CEL,2018,2018-06-09,M4,bloc3,CEL,0.1,10,0,0,"771,772,773,774,775,776,777,778,779,780",1,2018|M4|bloc3|CEL|F1,era5loc_ed480fff4117,era5loc_ed480fff4117|2018,FRANCE,CEL,2018,51,2018-05-11,29,False,0,0.001,0.1,0.0,persistence_BASF_frozen
2018|M4|bloc3|CEL,2018,2018-06-15,M4,bloc3,CEL,0.6,10,0,0,"1011,1012,1013,1014,1015,1016,1017,1018,1019,1020",1,2018|M4|bloc3|CEL|F1,era5loc_ed480fff4117,era5loc_ed480fff4117|2018,FRANCE,CEL,2018,51,2018-05-11,35,False,0,0.006,0.6,0.0,persistence_BASF_frozen
2018|M4|bloc3|CEL,2018,2018-05-28,M4,bloc3,CEL,0.1,10,0,0,"531,532,533,534,535,536,537,538,539,540",2,2018|M4|bloc3|CEL|F2,era5loc_ed480fff4117,era5loc_ed480fff4117|2018,FRANCE,CEL,2018,52,2018-05-11,17,False,1,0.001,0.1,0.0,persistence_BASF_frozen
2018|M4|bloc3|CEL,2018,2018-06-09,M4,bloc3,CEL,1.7,10,0,0,"771,772,773,774,775,776,777,778,779,780",2,2018|M4|bloc3|CEL|F2,era5loc_ed480fff4117,era5loc_ed480fff4117|2018,FRANCE,CEL,2018,52,2018-05-11,29,False,1,0.017,1.7,0.0,persistence_BASF_frozen
2018|M4|bloc3|CEL,2018,2018-05-28,M4,bloc3,CEL,3.1,10,0,0,"531,532,533,534,535,536,537,538,539,540",3,2018|M4|bloc3|CEL|F3,era5loc_ed480fff4117,era5loc_ed480fff4117|2018,FRANCE,CEL,2018,53,2018-05-11,17,False,2,0.031,3.1,1.4,persistence_BASF_frozen
2018|M4|bloc3|CEL,2018,2018-06-09,M4,bloc3,CEL,9.777777777777779,9,0,1,"771,772,773,774,775,776,777,778,779,780",3,2018|M4|bloc3|CEL|F3,era5loc_ed480fff4117,era5loc_ed480fff4117|2018,FRANCE,CEL,2018,53,2018-05-11,29,False,2,0.09777777777777778,9.777777777777779,1.4,persistence_BASF_frozen
2018|M5|bloc1|APA,2018,2018-05-28,M5,bloc1,APA,0.1,10,0,0,"701,702,703,704,705,706,707,708,709,710",1,2018|M5|bloc1|APA|F1,era5loc_ed480fff4117,era5loc_ed480fff4117|2018,FRANCE,APA,2018,54,2018-05-11,17,False,0,0.001,0.1,0.0,persistence_BASF_frozen
2018|M5|bloc1|APA,2018,2018-06-09,M5,bloc1,APA,1.6,10,0,0,"941,942,943,944,945,946,947,948,949,950",1,2018|M5|bloc1|APA|F1,era5loc_ed480fff4117,era5loc_ed480fff4117|2018,FRANCE,APA,2018,54,2018-05-11,29,False,0,0.016,1.6,0.0,persistence_BASF_frozen
2018|M5|bloc1|APA,2018,2018-06-15,M5,bloc1,APA,12.6,10,0,0,"1181,1182,1183,1184,1185,1186,1187,1188,1189,1190",1,2018|M5|bloc1|APA|F1,era5loc_ed480fff4117,era5loc_ed480fff4117|2018,FRANCE,APA,2018,54,2018-05-11,35,False,0,0.126,12.6,0.0,persistence_BASF_frozen
2018|M5|bloc1|APA,2018,2018-05-28,M5,bloc1,APA,0.9,10,0,0,"701,702,703,704,705,706,707,708,709,710",2,2018|M5|bloc1|APA|F2,era5loc_ed480fff4117,era5loc_ed480fff4117|2018,FRANCE,APA,2018,55,2018-05-11,17,False,1,0.009000000000000001,0.9,0.0,persistence_BASF_frozen
2018|M5|bloc1|APA,2018,2018-06-09,M5,bloc1,APA,4.6,10,0,0,"941,942,943,944,945,946,947,948,949,950",2,2018|M5|bloc1|APA|F2,era5loc_ed480fff4117,era5loc_ed480fff4117|2018,FRANCE,APA,2018,55,2018-05-11,29,False,1,0.046,4.6,0.0,persistence_BASF_frozen
2018|M5|bloc1|APA,2018,2018-05-28,M5,bloc1,APA,6.8,10,0,0,"701,702,703,704,705,706,707,708,709,710",3,2018|M5|bloc1|APA|F3,era5loc_ed480fff4117,era5loc_ed480fff4117|2018,FRANCE,APA,2018,56,2018-05-11,17,False,2,0.068,6.8,17.0,persistence_BASF_frozen
2018|M5|bloc1|APA,2018,2018-06-09,M5,bloc1,APA,10.11111111111111,9,0,1,"941,942,943,944,945,946,947,948,949,950",3,2018|M5|bloc1|APA|F3,era5loc_ed480fff4117,era5loc_ed480fff4117|2018,FRANCE,APA,2018,56,2018-05-11,29,False,2,0.10111111111111111,10.11111111111111,17.0,persistence_BASF_frozen
2018|M5|bloc1|CEL,2018,2018-05-28,M5,bloc1,CEL,0.0,10,0,0,"711,712,713,714,715,716,717,718,719,720",1,2018|M5|bloc1|CEL|F1,era5loc_ed480fff4117,era5loc_ed480fff4117|2018,FRANCE,CEL,2018,57,2018-05-11,17,False,0,0.0,0.0,0.0,persistence_BASF_frozen
2018|M5|bloc1|CEL,2018,2018-06-09,M5,bloc1,CEL,0.0,10,0,0,"951,952,953,954,955,956,957,958,959,960",1,2018|M5|bloc1|CEL|F1,era5loc_ed480fff4117,era5loc_ed480fff4117|2018,FRANCE,CEL,2018,57,2018-05-11,29,False,0,0.0,0.0,0.0,persistence_BASF_frozen
2018|M5|bloc1|CEL,2018,2018-06-15,M5,bloc1,CEL,0.6,10,0,0,"1191,1192,1193,1194,1195,1196,1197,1198,1199,1200",1,2018|M5|bloc1|CEL|F1,era5loc_ed480fff4117,era5loc_ed480fff4117|2018,FRANCE,CEL,2018,57,2018-05-11,35,False,0,0.006,0.6,0.0,persistence_BASF_frozen
2018|M5|bloc1|CEL,2018,2018-05-28,M5,bloc1,CEL,0.1,10,0,0,"711,712,713,714,715,716,717,718,719,720",2,2018|M5|bloc1|CEL|F2,era5loc_ed480fff4117,era5loc_ed480fff4117|2018,FRANCE,CEL,2018,58,2018-05-11,17,False,1,0.001,0.1,0.0,persistence_BASF_frozen
2018|M5|bloc1|CEL,2018,2018-06-09,M5,bloc1,CEL,0.3,10,0,0,"951,952,953,954,955,956,957,958,959,960",2,2018|M5|bloc1|CEL|F2,era5loc_ed480fff4117,era5loc_ed480fff4117|2018,FRANCE,CEL,2018,58,2018-05-11,29,False,1,0.003,0.3,0.0,persistence_BASF_frozen
2018|M5|bloc1|CEL,2018,2018-05-28,M5,bloc1,CEL,2.3,10,0,0,"711,712,713,714,715,716,717,718,719,720",3,2018|M5|bloc1|CEL|F3,era5loc_ed480fff4117,era5loc_ed480fff4117|2018,FRANCE,CEL,2018,59,2018-05-11,17,False,2,0.023,2.3,1.5,persistence_BASF_frozen
2018|M5|bloc1|CEL,2018,2018-06-09,M5,bloc1,CEL,4.5,10,0,0,"951,952,953,954,955,956,957,958,959,960",3,2018|M5|bloc1|CEL|F3,era5loc_ed480fff4117,era5loc_ed480fff4117|2018,FRANCE,CEL,2018,59,2018-05-11,29,False,2,0.045,4.5,1.5,persistence_BASF_frozen
2018|M5|bloc2|APA,2018,2018-05-28,M5,bloc2,APA,0.4,10,0,0,"621,622,623,624,625,626,627,628,629,630",1,2018|M5|bloc2|APA|F1,era5loc_ed480fff4117,era5loc_ed480fff4117|2018,FRANCE,APA,2018,60,2018-05-11,17,False,0,0.004,0.4,0.0,persistence_BASF_frozen
2018|M5|bloc2|APA,2018,2018-06-09,M5,bloc2,APA,1.7,10,0,0,"861,862,863,864,865,866,867,868,869,870",1,2018|M5|bloc2|APA|F1,era5loc_ed480fff4117,era5loc_ed480fff4117|2018,FRANCE,APA,2018,60,2018-05-11,29,False,0,0.017,1.7,0.0,persistence_BASF_frozen
2018|M5|bloc2|APA,2018,2018-06-15,M5,bloc2,APA,14.5,10,0,0,"1101,1102,1103,1104,1105,1106,1107,1108,1109,1110",1,2018|M5|bloc2|APA|F1,era5loc_ed480fff4117,era5loc_ed480fff4117|2018,FRANCE,APA,2018,60,2018-05-11,35,False,0,0.145,14.5,0.0,persistence_BASF_frozen
2018|M5|bloc2|APA,2018,2018-05-28,M5,bloc2,APA,0.6,10,0,0,"621,622,623,624,625,626,627,628,629,630",2,2018|M5|bloc2|APA|F2,era5loc_ed480fff4117,era5loc_ed480fff4117|2018,FRANCE,APA,2018,61,2018-05-11,17,False,1,0.006,0.6,0.4,persistence_BASF_frozen
2018|M5|bloc2|APA,2018,2018-06-09,M5,bloc2,APA,7.6,10,0,0,"861,862,863,864,865,866,867,868,869,870",2,2018|M5|bloc2|APA|F2,era5loc_ed480fff4117,era5loc_ed480fff4117|2018,FRANCE,APA,2018,61,2018-05-11,29,False,1,0.076,7.6,0.4,persistence_BASF_frozen
2018|M5|bloc2|APA,2018,2018-05-28,M5,bloc2,APA,8.2,10,0,0,"621,622,623,624,625,626,627,628,629,630",3,2018|M5|bloc2|APA|F3,era5loc_ed480fff4117,era5loc_ed480fff4117|2018,FRANCE,APA,2018,62,2018-05-11,17,False,2,0.08199999999999999,8.2,13.5,persistence_BASF_frozen
2018|M5|bloc2|APA,2018,2018-06-09,M5,bloc2,APA,17.0,10,0,0,"861,862,863,864,865,866,867,868,869,870",3,2018|M5|bloc2|APA|F3,era5loc_ed480fff4117,era5loc_ed480fff4117|2018,FRANCE,APA,2018,62,2018-05-11,29,False,2,0.17,17.0,13.5,persistence_BASF_frozen
2018|M5|bloc2|CEL,2018,2018-05-28,M5,bloc2,CEL,0.1,10,0,0,"631,632,633,634,635,636,637,638,639,640",1,2018|M5|bloc2|CEL|F1,era5loc_ed480fff4117,era5loc_ed480fff4117|2018,FRANCE,CEL,2018,63,2018-05-11,17,False,0,0.001,0.1,0.0,persistence_BASF_frozen
2018|M5|bloc2|CEL,2018,2018-06-09,M5,bloc2,CEL,0.5,10,0,0,"871,872,873,874,875,876,877,878,879,880",1,2018|M5|bloc2|CEL|F1,era5loc_ed480fff4117,era5loc_ed480fff4117|2018,FRANCE,CEL,2018,63,2018-05-11,29,False,0,0.005,0.5,0.0,persistence_BASF_frozen
2018|M5|bloc2|CEL,2018,2018-06-15,M5,bloc2,CEL,0.3,10,0,0,"1111,1112,1113,1114,1115,1116,1117,1118,1119,1120",1,2018|M5|bloc2|CEL|F1,era5loc_ed480fff4117,era5loc_ed480fff4117|2018,FRANCE,CEL,2018,63,2018-05-11,35,False,0,0.003,0.3,0.0,persistence_BASF_frozen
2018|M5|bloc2|CEL,2018,2018-05-28,M5,bloc2,CEL,0.4,10,0,0,"631,632,633,634,635,636,637,638,639,640",2,2018|M5|bloc2|CEL|F2,era5loc_ed480fff4117,era5loc_ed480fff4117|2018,FRANCE,CEL,2018,64,2018-05-11,17,False,1,0.004,0.4,0.0,persistence_BASF_frozen
2018|M5|bloc2|CEL,2018,2018-06-09,M5,bloc2,CEL,2.8,10,0,0,"871,872,873,874,875,876,877,878,879,880",2,2018|M5|bloc2|CEL|F2,era5loc_ed480fff4117,era5loc_ed480fff4117|2018,FRANCE,CEL,2018,64,2018-05-11,29,False,1,0.027999999999999997,2.8,0.0,persistence_BASF_frozen
2018|M5|bloc2|CEL,2018,2018-05-28,M5,bloc2,CEL,2.7777777777777777,9,0,1,"631,632,633,634,635,636,637,638,639,640",3,2018|M5|bloc2|CEL|F3,era5loc_ed480fff4117,era5loc_ed480fff4117|2018,FRANCE,CEL,2018,65,2018-05-11,17,False,2,0.027777777777777776,2.7777777777777777,1.9,persistence_BASF_frozen
2018|M5|bloc2|CEL,2018,2018-06-09,M5,bloc2,CEL,7.9,10,0,0,"871,872,873,874,875,876,877,878,879,880",3,2018|M5|bloc2|CEL|F3,era5loc_ed480fff4117,era5loc_ed480fff4117|2018,FRANCE,CEL,2018,65,2018-05-11,29,False,2,0.079,7.9,1.9,persistence_BASF_frozen
2018|M5|bloc3|APA,2018,2018-05-28,M5,bloc3,APA,0.1,10,0,0,"541,542,543,544,545,546,547,548,549,550",1,2018|M5|bloc3|APA|F1,era5loc_ed480fff4117,era5loc_ed480fff4117|2018,FRANCE,APA,2018,66,2018-05-11,17,False,0,0.001,0.1,0.0,persistence_BASF_frozen
2018|M5|bloc3|APA,2018,2018-06-09,M5,bloc3,APA,1.3,10,0,0,"781,782,783,784,785,786,787,788,789,790",1,2018|M5|bloc3|APA|F1,era5loc_ed480fff4117,era5loc_ed480fff4117|2018,FRANCE,APA,2018,66,2018-05-11,29,False,0,0.013000000000000001,1.3,0.0,persistence_BASF_frozen
2018|M5|bloc3|APA,2018,2018-06-15,M5,bloc3,APA,10.3,10,0,0,"1021,1022,1023,1024,1025,1026,1027,1028,1029,1030",1,2018|M5|bloc3|APA|F1,era5loc_ed480fff4117,era5loc_ed480fff4117|2018,FRANCE,APA,2018,66,2018-05-11,35,False,0,0.10300000000000001,10.3,0.0,persistence_BASF_frozen
2018|M5|bloc3|APA,2018,2018-05-28,M5,bloc3,APA,0.9,10,0,0,"541,542,543,544,545,546,547,548,549,550",2,2018|M5|bloc3|APA|F2,era5loc_ed480fff4117,era5loc_ed480fff4117|2018,FRANCE,APA,2018,67,2018-05-11,17,False,1,0.009000000000000001,0.9,0.0,persistence_BASF_frozen
2018|M5|bloc3|APA,2018,2018-06-09,M5,bloc3,APA,15.4,10,0,0,"781,782,783,784,785,786,787,788,789,790",2,2018|M5|bloc3|APA|F2,era5loc_ed480fff4117,era5loc_ed480fff4117|2018,FRANCE,APA,2018,67,2018-05-11,29,False,1,0.154,15.4,0.0,persistence_BASF_frozen
2018|M5|bloc3|APA,2018,2018-05-28,M5,bloc3,APA,5.4,10,0,0,"541,542,543,544,545,546,547,548,549,550",3,2018|M5|bloc3|APA|F3,era5loc_ed480fff4117,era5loc_ed480fff4117|2018,FRANCE,APA,2018,68,2018-05-11,17,False,2,0.054000000000000006,5.4,6.1,persistence_BASF_frozen
2018|M5|bloc3|APA,2018,2018-06-09,M5,bloc3,APA,25.22222222222222,9,0,1,"781,782,783,784,785,786,787,788,789,790",3,2018|M5|bloc3|APA|F3,era5loc_ed480fff4117,era5loc_ed480fff4117|2018,FRANCE,APA,2018,68,2018-05-11,29,False,2,0.25222222222222224,25.22222222222222,6.1,persistence_BASF_frozen
2018|M5|bloc3|CEL,2018,2018-05-28,M5,bloc3,CEL,0.0,10,0,0,"551,552,553,554,555,556,557,558,559,560",1,2018|M5|bloc3|CEL|F1,era5loc_ed480fff4117,era5loc_ed480fff4117|2018,FRANCE,CEL,2018,69,2018-05-11,17,False,0,0.0,0.0,0.0,persistence_BASF_frozen
2018|M5|bloc3|CEL,2018,2018-06-09,M5,bloc3,CEL,0.0,10,0,0,"791,792,793,794,795,796,797,798,799,800",1,2018|M5|bloc3|CEL|F1,era5loc_ed480fff4117,era5loc_ed480fff4117|2018,FRANCE,CEL,2018,69,2018-05-11,29,False,0,0.0,0.0,0.0,persistence_BASF_frozen
2018|M5|bloc3|CEL,2018,2018-06-15,M5,bloc3,CEL,0.3,10,0,0,"1031,1032,1033,1034,1035,1036,1037,1038,1039,1040",1,2018|M5|bloc3|CEL|F1,era5loc_ed480fff4117,era5loc_ed480fff4117|2018,FRANCE,CEL,2018,69,2018-05-11,35,False,0,0.003,0.3,0.0,persistence_BASF_frozen
2018|M5|bloc3|CEL,2018,2018-05-28,M5,bloc3,CEL,0.1,10,0,0,"551,552,553,554,555,556,557,558,559,560",2,2018|M5|bloc3|CEL|F2,era5loc_ed480fff4117,era5loc_ed480fff4117|2018,FRANCE,CEL,2018,70,2018-05-11,17,False,1,0.001,0.1,0.1,persistence_BASF_frozen
2018|M5|bloc3|CEL,2018,2018-06-09,M5,bloc3,CEL,1.1,10,0,0,"791,792,793,794,795,796,797,798,799,800",2,2018|M5|bloc3|CEL|F2,era5loc_ed480fff4117,era5loc_ed480fff4117|2018,FRANCE,CEL,2018,70,2018-05-11,29,False,1,0.011000000000000001,1.1,0.1,persistence_BASF_frozen
2018|M5|bloc3|CEL,2018,2018-05-28,M5,bloc3,CEL,0.4,10,0,0,"551,552,553,554,555,556,557,558,559,560",3,2018|M5|bloc3|CEL|F3,era5loc_ed480fff4117,era5loc_ed480fff4117|2018,FRANCE,CEL,2018,71,2018-05-11,17,False,2,0.004,0.4,1.5,persistence_BASF_frozen
2018|M5|bloc3|CEL,2018,2018-06-09,M5,bloc3,CEL,6.5,10,0,0,"791,792,793,794,795,796,797,798,799,800",3,2018|M5|bloc3|CEL|F3,era5loc_ed480fff4117,era5loc_ed480fff4117|2018,FRANCE,CEL,2018,71,2018-05-11,29,False,2,0.065,6.5,1.5,persistence_BASF_frozen
2019|M1|bloc1|APA,2019,2019-06-13,M1,bloc1,APA,9.1,10,0,0,"1741,1742,1743,1744,1745,1746,1747,1748,1749,1750",1,2019|M1|bloc1|APA|F1,era5loc_ed480fff4117,era5loc_ed480fff4117|2019,FRANCE,APA,2019,72,2019-06-06,7,False,0,0.091,9.1,3.0,persistence_BASF_frozen
2019|M1|bloc1|APA,2019,2019-06-18,M1,bloc1,APA,12.3,10,0,0,"2101,2102,2103,2104,2105,2106,2107,2108,2109,2110",1,2019|M1|bloc1|APA|F1,era5loc_ed480fff4117,era5loc_ed480fff4117|2019,FRANCE,APA,2019,72,2019-06-06,12,False,0,0.12300000000000001,12.3,3.0,persistence_BASF_frozen
2019|M1|bloc1|APA,2019,2019-06-26,M1,bloc1,APA,33.5,10,0,0,"1621,1622,1623,1624,1625,1626,1627,1628,1629,1630",1,2019|M1|bloc1|APA|F1,era5loc_ed480fff4117,era5loc_ed480fff4117|2019,FRANCE,APA,2019,72,2019-06-06,20,False,0,0.335,33.5,3.0,persistence_BASF_frozen
2019|M1|bloc1|APA,2019,2019-06-13,M1,bloc1,APA,12.5,10,0,0,"1741,1742,1743,1744,1745,1746,1747,1748,1749,1750",2,2019|M1|bloc1|APA|F2,era5loc_ed480fff4117,era5loc_ed480fff4117|2019,FRANCE,APA,2019,73,2019-06-06,7,False,1,0.125,12.5,3.3000000000000003,persistence_BASF_frozen
2019|M1|bloc1|APA,2019,2019-06-18,M1,bloc1,APA,23.0,10,0,0,"2101,2102,2103,2104,2105,2106,2107,2108,2109,2110",2,2019|M1|bloc1|APA|F2,era5loc_ed480fff4117,era5loc_ed480fff4117|2019,FRANCE,APA,2019,73,2019-06-06,12,False,1,0.23,23.0,3.3000000000000003,persistence_BASF_frozen
2019|M1|bloc1|APA,2019,2019-06-26,M1,bloc1,APA,39.375,8,2,0,"1621,1622,1623,1624,1625,1626,1627,1628,1629,1630",2,2019|M1|bloc1|APA|F2,era5loc_ed480fff4117,era5loc_ed480fff4117|2019,FRANCE,APA,2019,73,2019-06-06,20,False,1,0.39375,39.375,3.3000000000000003,persistence_BASF_frozen
2019|M1|bloc1|APA,2019,2019-06-13,M1,bloc1,APA,10.88888888888889,9,1,0,"1741,1742,1743,1744,1745,1746,1747,1748,1749,1750",3,2019|M1|bloc1|APA|F3,era5loc_ed480fff4117,era5loc_ed480fff4117|2019,FRANCE,APA,2019,74,2019-06-06,7,False,2,0.1088888888888889,10.88888888888889,2.9,persistence_BASF_frozen
2019|M1|bloc1|APA,2019,2019-06-18,M1,bloc1,APA,26.0,10,0,0,"2101,2102,2103,2104,2105,2106,2107,2108,2109,2110",3,2019|M1|bloc1|APA|F3,era5loc_ed480fff4117,era5loc_ed480fff4117|2019,FRANCE,APA,2019,74,2019-06-06,12,False,2,0.26,26.0,2.9,persistence_BASF_frozen
2019|M1|bloc1|APA,2019,2019-06-26,M1,bloc1,APA,38.333333333333336,3,7,0,"1621,1622,1623,1624,1625,1626,1627,1628,1629,1630",3,2019|M1|bloc1|APA|F3,era5loc_ed480fff4117,era5loc_ed480fff4117|2019,FRANCE,APA,2019,74,2019-06-06,20,False,2,0.38333333333333336,38.333333333333336,2.9,persistence_BASF_frozen
2019|M1|bloc2|APA,2019,2019-06-13,M1,bloc2,APA,19.5,10,0,0,"1761,1762,1763,1764,1765,1766,1767,1768,1769,1770",1,2019|M1|bloc2|APA|F1,era5loc_ed480fff4117,era5loc_ed480fff4117|2019,FRANCE,APA,2019,75,2019-06-06,7,False,0,0.195,19.5,10.4,persistence_BASF_frozen
2019|M1|bloc2|APA,2019,2019-06-18,M1,bloc2,APA,20.5,10,0,0,"2071,2072,2073,2074,2075,2076,2077,2078,2079,2080",1,2019|M1|bloc2|APA|F1,era5loc_ed480fff4117,era5loc_ed480fff4117|2019,FRANCE,APA,2019,75,2019-06-06,12,False,0,0.205,20.5,10.4,persistence_BASF_frozen
2019|M1|bloc2|APA,2019,2019-06-26,M1,bloc2,APA,40.0,8,2,0,"1591,1592,1593,1594,1595,1596,1597,1598,1599,1600",1,2019|M1|bloc2|APA|F1,era5loc_ed480fff4117,era5loc_ed480fff4117|2019,FRANCE,APA,2019,75,2019-06-06,20,False,0,0.4,40.0,10.4,persistence_BASF_frozen
2019|M1|bloc2|APA,2019,2019-06-13,M1,bloc2,APA,13.0,10,0,0,"1761,1762,1763,1764,1765,1766,1767,1768,1769,1770",2,2019|M1|bloc2|APA|F2,era5loc_ed480fff4117,era5loc_ed480fff4117|2019,FRANCE,APA,2019,76,2019-06-06,7,False,1,0.13,13.0,4.3,persistence_BASF_frozen
2019|M1|bloc2|APA,2019,2019-06-18,M1,bloc2,APA,22.0,10,0,0,"2071,2072,2073,2074,2075,2076,2077,2078,2079,2080",2,2019|M1|bloc2|APA|F2,era5loc_ed480fff4117,era5loc_ed480fff4117|2019,FRANCE,APA,2019,76,2019-06-06,12,False,1,0.22,22.0,4.3,persistence_BASF_frozen
2019|M1|bloc2|APA,2019,2019-06-26,M1,bloc2,APA,40.0,9,1,0,"1591,1592,1593,1594,1595,1596,1597,1598,1599,1600",2,2019|M1|bloc2|APA|F2,era5loc_ed480fff4117,era5loc_ed480fff4117|2019,FRANCE,APA,2019,76,2019-06-06,20,False,1,0.4,40.0,4.3,persistence_BASF_frozen
2019|M1|bloc2|APA,2019,2019-06-13,M1,bloc2,APA,29.375,8,2,0,"1761,1762,1763,1764,1765,1766,1767,1768,1769,1770",3,2019|M1|bloc2|APA|F3,era5loc_ed480fff4117,era5loc_ed480fff4117|2019,FRANCE,APA,2019,77,2019-06-06,7,False,2,0.29375,29.375,8.0,persistence_BASF_frozen
2019|M1|bloc2|APA,2019,2019-06-18,M1,bloc2,APA,30.0,6,4,0,"2071,2072,2073,2074,2075,2076,2077,2078,2079,2080",3,2019|M1|bloc2|APA|F3,era5loc_ed480fff4117,era5loc_ed480fff4117|2019,FRANCE,APA,2019,77,2019-06-06,12,False,2,0.3,30.0,8.0,persistence_BASF_frozen
2019|M1|bloc3|APA,2019,2019-06-12,M1,bloc3,APA,8.2,10,0,0,"1901,1902,1903,1904,1905,1906,1907,1908,1909,1910",1,2019|M1|bloc3|APA|F1,era5loc_ed480fff4117,era5loc_ed480fff4117|2019,FRANCE,APA,2019,78,2019-06-03,9,False,0,0.08199999999999999,8.2,3.7000000000000006,persistence_BASF_frozen
2019|M1|bloc3|APA,2019,2019-06-18,M1,bloc3,APA,15.5,10,0,0,"1921,1922,1923,1924,1925,1926,1927,1928,1929,1930",1,2019|M1|bloc3|APA|F1,era5loc_ed480fff4117,era5loc_ed480fff4117|2019,FRANCE,APA,2019,78,2019-06-03,15,False,0,0.155,15.5,3.7000000000000006,persistence_BASF_frozen
2019|M1|bloc3|APA,2019,2019-06-25,M1,bloc3,APA,25.555555555555557,9,1,0,"1481,1482,1483,1484,1485,1486,1487,1488,1489,1490",1,2019|M1|bloc3|APA|F1,era5loc_ed480fff4117,era5loc_ed480fff4117|2019,FRANCE,APA,2019,78,2019-06-03,22,False,0,0.2555555555555556,25.555555555555557,3.7000000000000006,persistence_BASF_frozen
2019|M1|bloc3|APA,2019,2019-06-12,M1,bloc3,APA,8.4,10,0,0,"1901,1902,1903,1904,1905,1906,1907,1908,1909,1910",2,2019|M1|bloc3|APA|F2,era5loc_ed480fff4117,era5loc_ed480fff4117|2019,FRANCE,APA,2019,79,2019-06-03,9,False,1,0.084,8.4,2.111111111111111,persistence_BASF_frozen
2019|M1|bloc3|APA,2019,2019-06-18,M1,bloc3,APA,20.5,10,0,0,"1921,1922,1923,1924,1925,1926,1927,1928,1929,1930",2,2019|M1|bloc3|APA|F2,era5loc_ed480fff4117,era5loc_ed480fff4117|2019,FRANCE,APA,2019,79,2019-06-03,15,False,1,0.205,20.5,2.111111111111111,persistence_BASF_frozen
2019|M1|bloc3|APA,2019,2019-06-25,M1,bloc3,APA,26.5,10,0,0,"1481,1482,1483,1484,1485,1486,1487,1488,1489,1490",2,2019|M1|bloc3|APA|F2,era5loc_ed480fff4117,era5loc_ed480fff4117|2019,FRANCE,APA,2019,79,2019-06-03,22,False,1,0.265,26.5,2.111111111111111,persistence_BASF_frozen
2019|M1|bloc3|APA,2019,2019-06-12,M1,bloc3,APA,19.0,10,0,0,"1901,1902,1903,1904,1905,1906,1907,1908,1909,1910",3,2019|M1|bloc3|APA|F3,era5loc_ed480fff4117,era5loc_ed480fff4117|2019,FRANCE,APA,2019,80,2019-06-03,9,False,2,0.19,19.0,2.4444444444444446,persistence_BASF_frozen
2019|M1|bloc3|APA,2019,2019-06-18,M1,bloc3,APA,29.0,10,0,0,"1921,1922,1923,1924,1925,1926,1927,1928,1929,1930",3,2019|M1|bloc3|APA|F3,era5loc_ed480fff4117,era5loc_ed480fff4117|2019,FRANCE,APA,2019,80,2019-06-03,15,False,2,0.29,29.0,2.4444444444444446,persistence_BASF_frozen
2019|M1|bloc3|APA,2019,2019-06-25,M1,bloc3,APA,43.75,4,6,0,"1481,1482,1483,1484,1485,1486,1487,1488,1489,1490",3,2019|M1|bloc3|APA|F3,era5loc_ed480fff4117,era5loc_ed480fff4117|2019,FRANCE,APA,2019,80,2019-06-03,22,False,2,0.4375,43.75,2.4444444444444446,persistence_BASF_frozen
2019|M2|bloc1|CEL,2019,2019-06-13,M2,bloc1,CEL,2.3,10,0,0,"1751,1752,1753,1754,1755,1756,1757,1758,1759,1760",1,2019|M2|bloc1|CEL|F1,era5loc_ed480fff4117,era5loc_ed480fff4117|2019,FRANCE,CEL,2019,81,2019-06-06,7,False,0,0.023,2.3,1.1,persistence_BASF_frozen
2019|M2|bloc1|CEL,2019,2019-06-18,M2,bloc1,CEL,3.7,10,0,0,"2111,2112,2113,2114,2115,2116,2117,2118,2119,2120",1,2019|M2|bloc1|CEL|F1,era5loc_ed480fff4117,era5loc_ed480fff4117|2019,FRANCE,CEL,2019,81,2019-06-06,12,False,0,0.037000000000000005,3.7,1.1,persistence_BASF_frozen
2019|M2|bloc1|CEL,2019,2019-06-26,M2,bloc1,CEL,16.8,10,0,0,"1651,1652,1653,1654,1655,1656,1657,1658,1659,1660",1,2019|M2|bloc1|CEL|F1,era5loc_ed480fff4117,era5loc_ed480fff4117|2019,FRANCE,CEL,2019,81,2019-06-06,20,False,0,0.168,16.8,1.1,persistence_BASF_frozen
2019|M2|bloc1|CEL,2019,2019-06-13,M2,bloc1,CEL,4.6,10,0,0,"1751,1752,1753,1754,1755,1756,1757,1758,1759,1760",2,2019|M2|bloc1|CEL|F2,era5loc_ed480fff4117,era5loc_ed480fff4117|2019,FRANCE,CEL,2019,82,2019-06-06,7,False,1,0.046,4.6,1.6,persistence_BASF_frozen
2019|M2|bloc1|CEL,2019,2019-06-18,M2,bloc1,CEL,8.3,10,0,0,"2111,2112,2113,2114,2115,2116,2117,2118,2119,2120",2,2019|M2|bloc1|CEL|F2,era5loc_ed480fff4117,era5loc_ed480fff4117|2019,FRANCE,CEL,2019,82,2019-06-06,12,False,1,0.083,8.3,1.6,persistence_BASF_frozen
2019|M2|bloc1|CEL,2019,2019-06-26,M2,bloc1,CEL,17.5,8,2,0,"1651,1652,1653,1654,1655,1656,1657,1658,1659,1660",2,2019|M2|bloc1|CEL|F2,era5loc_ed480fff4117,era5loc_ed480fff4117|2019,FRANCE,CEL,2019,82,2019-06-06,20,False,1,0.175,17.5,1.6,persistence_BASF_frozen
2019|M2|bloc1|CEL,2019,2019-06-13,M2,bloc1,CEL,8.4,10,0,0,"1751,1752,1753,1754,1755,1756,1757,1758,1759,1760",3,2019|M2|bloc1|CEL|F3,era5loc_ed480fff4117,era5loc_ed480fff4117|2019,FRANCE,CEL,2019,83,2019-06-06,7,False,2,0.084,8.4,2.9,persistence_BASF_frozen
2019|M2|bloc1|CEL,2019,2019-06-18,M2,bloc1,CEL,11.1,10,0,0,"2111,2112,2113,2114,2115,2116,2117,2118,2119,2120",3,2019|M2|bloc1|CEL|F3,era5loc_ed480fff4117,era5loc_ed480fff4117|2019,FRANCE,CEL,2019,83,2019-06-06,12,False,2,0.111,11.1,2.9,persistence_BASF_frozen
2019|M2|bloc1|CEL,2019,2019-06-26,M2,bloc1,CEL,20.0,4,6,0,"1651,1652,1653,1654,1655,1656,1657,1658,1659,1660",3,2019|M2|bloc1|CEL|F3,era5loc_ed480fff4117,era5loc_ed480fff4117|2019,FRANCE,CEL,2019,83,2019-06-06,20,False,2,0.2,20.0,2.9,persistence_BASF_frozen
2019|M2|bloc2|CEL,2019,2019-06-13,M2,bloc2,CEL,1.3,10,0,0,"1771,1772,1773,1774,1775,1776,1777,1778,1779,1780",1,2019|M2|bloc2|CEL|F1,era5loc_ed480fff4117,era5loc_ed480fff4117|2019,FRANCE,CEL,2019,84,2019-06-06,7,False,0,0.013000000000000001,1.3,0.2,persistence_BASF_frozen
2019|M2|bloc2|CEL,2019,2019-06-18,M2,bloc2,CEL,3.2,10,0,0,"2061,2062,2063,2064,2065,2066,2067,2068,2069,2070",1,2019|M2|bloc2|CEL|F1,era5loc_ed480fff4117,era5loc_ed480fff4117|2019,FRANCE,CEL,2019,84,2019-06-06,12,False,0,0.032,3.2,0.2,persistence_BASF_frozen
2019|M2|bloc2|CEL,2019,2019-06-26,M2,bloc2,CEL,12.222222222222221,9,0,1,"1581,1582,1583,1584,1585,1586,1587,1588,1589,1590",1,2019|M2|bloc2|CEL|F1,era5loc_ed480fff4117,era5loc_ed480fff4117|2019,FRANCE,CEL,2019,84,2019-06-06,20,False,0,0.12222222222222222,12.222222222222221,0.2,persistence_BASF_frozen
2019|M2|bloc2|CEL,2019,2019-06-13,M2,bloc2,CEL,2.4,10,0,0,"1771,1772,1773,1774,1775,1776,1777,1778,1779,1780",2,2019|M2|bloc2|CEL|F2,era5loc_ed480fff4117,era5loc_ed480fff4117|2019,FRANCE,CEL,2019,85,2019-06-06,7,False,1,0.024,2.4,0.9000000000000001,persistence_BASF_frozen
2019|M2|bloc2|CEL,2019,2019-06-18,M2,bloc2,CEL,6.4,10,0,0,"2061,2062,2063,2064,2065,2066,2067,2068,2069,2070",2,2019|M2|bloc2|CEL|F2,era5loc_ed480fff4117,era5loc_ed480fff4117|2019,FRANCE,CEL,2019,85,2019-06-06,12,False,1,0.064,6.4,0.9000000000000001,persistence_BASF_frozen
2019|M2|bloc2|CEL,2019,2019-06-26,M2,bloc2,CEL,16.77777777777778,9,0,1,"1581,1582,1583,1584,1585,1586,1587,1588,1589,1590",2,2019|M2|bloc2|CEL|F2,era5loc_ed480fff4117,era5loc_ed480fff4117|2019,FRANCE,CEL,2019,85,2019-06-06,20,False,1,0.16777777777777778,16.77777777777778,0.9000000000000001,persistence_BASF_frozen
2019|M2|bloc2|CEL,2019,2019-06-13,M2,bloc2,CEL,6.4,10,0,0,"1771,1772,1773,1774,1775,1776,1777,1778,1779,1780",3,2019|M2|bloc2|CEL|F3,era5loc_ed480fff4117,era5loc_ed480fff4117|2019,FRANCE,CEL,2019,86,2019-06-06,7,False,2,0.064,6.4,2.111111111111111,persistence_BASF_frozen
2019|M2|bloc2|CEL,2019,2019-06-18,M2,bloc2,CEL,11.2,10,0,0,"2061,2062,2063,2064,2065,2066,2067,2068,2069,2070",3,2019|M2|bloc2|CEL|F3,era5loc_ed480fff4117,era5loc_ed480fff4117|2019,FRANCE,CEL,2019,86,2019-06-06,12,False,2,0.11199999999999999,11.2,2.111111111111111,persistence_BASF_frozen
2019|M2|bloc2|CEL,2019,2019-06-26,M2,bloc2,CEL,23.0,5,5,0,"1581,1582,1583,1584,1585,1586,1587,1588,1589,1590",3,2019|M2|bloc2|CEL|F3,era5loc_ed480fff4117,era5loc_ed480fff4117|2019,FRANCE,CEL,2019,86,2019-06-06,20,False,2,0.23,23.0,2.111111111111111,persistence_BASF_frozen
2019|M2|bloc3|CEL,2019,2019-06-12,M2,bloc3,CEL,1.8,10,0,0,"1911,1912,1913,1914,1915,1916,1917,1918,1919,1920",1,2019|M2|bloc3|CEL|F1,era5loc_ed480fff4117,era5loc_ed480fff4117|2019,FRANCE,CEL,2019,87,2019-06-03,9,False,0,0.018000000000000002,1.8,1.6666666666666667,persistence_BASF_frozen
2019|M2|bloc3|CEL,2019,2019-06-18,M2,bloc3,CEL,3.1,10,0,0,"1931,1932,1933,1934,1935,1936,1937,1938,1939,1940",1,2019|M2|bloc3|CEL|F1,era5loc_ed480fff4117,era5loc_ed480fff4117|2019,FRANCE,CEL,2019,87,2019-06-03,15,False,0,0.031,3.1,1.6666666666666667,persistence_BASF_frozen
2019|M2|bloc3|CEL,2019,2019-06-25,M2,bloc3,CEL,18.0,10,0,0,"1491,1492,1493,1494,1495,1496,1497,1498,1499,1500",1,2019|M2|bloc3|CEL|F1,era5loc_ed480fff4117,era5loc_ed480fff4117|2019,FRANCE,CEL,2019,87,2019-06-03,22,False,0,0.18,18.0,1.6666666666666667,persistence_BASF_frozen
2019|M2|bloc3|CEL,2019,2019-06-12,M2,bloc3,CEL,6.5,10,0,0,"1911,1912,1913,1914,1915,1916,1917,1918,1919,1920",2,2019|M2|bloc3|CEL|F2,era5loc_ed480fff4117,era5loc_ed480fff4117|2019,FRANCE,CEL,2019,88,2019-06-03,9,False,1,0.065,6.5,1.5555555555555556,persistence_BASF_frozen
2019|M2|bloc3|CEL,2019,2019-06-18,M2,bloc3,CEL,11.7,10,0,0,"1931,1932,1933,1934,1935,1936,1937,1938,1939,1940",2,2019|M2|bloc3|CEL|F2,era5loc_ed480fff4117,era5loc_ed480fff4117|2019,FRANCE,CEL,2019,88,2019-06-03,15,False,1,0.11699999999999999,11.7,1.5555555555555556,persistence_BASF_frozen
2019|M2|bloc3|CEL,2019,2019-06-25,M2,bloc3,CEL,24.0,10,0,0,"1491,1492,1493,1494,1495,1496,1497,1498,1499,1500",2,2019|M2|bloc3|CEL|F2,era5loc_ed480fff4117,era5loc_ed480fff4117|2019,FRANCE,CEL,2019,88,2019-06-03,22,False,1,0.24,24.0,1.5555555555555556,persistence_BASF_frozen
2019|M2|bloc3|CEL,2019,2019-06-12,M2,bloc3,CEL,6.4,10,0,0,"1911,1912,1913,1914,1915,1916,1917,1918,1919,1920",3,2019|M2|bloc3|CEL|F3,era5loc_ed480fff4117,era5loc_ed480fff4117|2019,FRANCE,CEL,2019,89,2019-06-03,9,False,2,0.064,6.4,2.0,persistence_BASF_frozen
2019|M2|bloc3|CEL,2019,2019-06-18,M2,bloc3,CEL,11.222222222222221,9,1,0,"1931,1932,1933,1934,1935,1936,1937,1938,1939,1940",3,2019|M2|bloc3|CEL|F3,era5loc_ed480fff4117,era5loc_ed480fff4117|2019,FRANCE,CEL,2019,89,2019-06-03,15,False,2,0.11222222222222221,11.222222222222221,2.0,persistence_BASF_frozen
2019|M2|bloc3|CEL,2019,2019-06-25,M2,bloc3,CEL,18.333333333333332,6,4,0,"1491,1492,1493,1494,1495,1496,1497,1498,1499,1500",3,2019|M2|bloc3|CEL|F3,era5loc_ed480fff4117,era5loc_ed480fff4117|2019,FRANCE,CEL,2019,89,2019-06-03,22,False,2,0.18333333333333332,18.333333333333332,2.0,persistence_BASF_frozen
2019|M3|bloc1|APA,2019,2019-06-13,M3,bloc1,APA,0.8,10,0,0,"1681,1682,1683,1684,1685,1686,1687,1688,1689,1690",1,2019|M3|bloc1|APA|F1,era5loc_ed480fff4117,era5loc_ed480fff4117|2019,FRANCE,APA,2019,90,2019-06-06,7,False,0,0.008,0.8,0.3,persistence_BASF_frozen
2019|M3|bloc1|APA,2019,2019-06-18,M3,bloc1,APA,1.1,10,0,0,"2081,2082,2083,2084,2085,2086,2087,2088,2089,2090",1,2019|M3|bloc1|APA|F1,era5loc_ed480fff4117,era5loc_ed480fff4117|2019,FRANCE,APA,2019,90,2019-06-06,12,False,0,0.011000000000000001,1.1,0.3,persistence_BASF_frozen
2019|M3|bloc1|APA,2019,2019-06-26,M3,bloc1,APA,1.4,10,0,0,"1631,1632,1633,1634,1635,1636,1637,1638,1639,1640",1,2019|M3|bloc1|APA|F1,era5loc_ed480fff4117,era5loc_ed480fff4117|2019,FRANCE,APA,2019,90,2019-06-06,20,False,0,0.013999999999999999,1.4,0.3,persistence_BASF_frozen
2019|M3|bloc1|APA,2019,2019-06-13,M3,bloc1,APA,4.0,10,0,0,"1681,1682,1683,1684,1685,1686,1687,1688,1689,1690",2,2019|M3|bloc1|APA|F2,era5loc_ed480fff4117,era5loc_ed480fff4117|2019,FRANCE,APA,2019,91,2019-06-06,7,False,1,0.04,4.0,1.6,persistence_BASF_frozen
2019|M3|bloc1|APA,2019,2019-06-18,M3,bloc1,APA,5.0,10,0,0,"2081,2082,2083,2084,2085,2086,2087,2088,2089,2090",2,2019|M3|bloc1|APA|F2,era5loc_ed480fff4117,era5loc_ed480fff4117|2019,FRANCE,APA,2019,91,2019-06-06,12,False,1,0.05,5.0,1.6,persistence_BASF_frozen
2019|M3|bloc1|APA,2019,2019-06-26,M3,bloc1,APA,8.8,10,0,0,"1631,1632,1633,1634,1635,1636,1637,1638,1639,1640",2,2019|M3|bloc1|APA|F2,era5loc_ed480fff4117,era5loc_ed480fff4117|2019,FRANCE,APA,2019,91,2019-06-06,20,False,1,0.08800000000000001,8.8,1.6,persistence_BASF_frozen
2019|M3|bloc1|APA,2019,2019-06-13,M3,bloc1,APA,6.8,10,0,0,"1681,1682,1683,1684,1685,1686,1687,1688,1689,1690",3,2019|M3|bloc1|APA|F3,era5loc_ed480fff4117,era5loc_ed480fff4117|2019,FRANCE,APA,2019,92,2019-06-06,7,False,2,0.068,6.8,3.1,persistence_BASF_frozen
2019|M3|bloc1|APA,2019,2019-06-18,M3,bloc1,APA,11.0,10,0,0,"2081,2082,2083,2084,2085,2086,2087,2088,2089,2090",3,2019|M3|bloc1|APA|F3,era5loc_ed480fff4117,era5loc_ed480fff4117|2019,FRANCE,APA,2019,92,2019-06-06,12,False,2,0.11,11.0,3.1,persistence_BASF_frozen
2019|M3|bloc1|APA,2019,2019-06-26,M3,bloc1,APA,17.5,6,4,0,"1631,1632,1633,1634,1635,1636,1637,1638,1639,1640",3,2019|M3|bloc1|APA|F3,era5loc_ed480fff4117,era5loc_ed480fff4117|2019,FRANCE,APA,2019,92,2019-06-06,20,False,2,0.175,17.5,3.1,persistence_BASF_frozen
2019|M3|bloc1|CEL,2019,2019-06-13,M3,bloc1,CEL,0.3,10,0,0,"1691,1692,1693,1694,1695,1696,1697,1698,1699,1700",1,2019|M3|bloc1|CEL|F1,era5loc_ed480fff4117,era5loc_ed480fff4117|2019,FRANCE,CEL,2019,93,2019-06-06,7,False,0,0.003,0.3,0.1,persistence_BASF_frozen
2019|M3|bloc1|CEL,2019,2019-06-18,M3,bloc1,CEL,0.2,10,0,0,"2091,2092,2093,2094,2095,2096,2097,2098,2099,2100",1,2019|M3|bloc1|CEL|F1,era5loc_ed480fff4117,era5loc_ed480fff4117|2019,FRANCE,CEL,2019,93,2019-06-06,12,False,0,0.002,0.2,0.1,persistence_BASF_frozen
2019|M3|bloc1|CEL,2019,2019-06-26,M3,bloc1,CEL,4.6,10,0,0,"1641,1642,1643,1644,1645,1646,1647,1648,1649,1650",1,2019|M3|bloc1|CEL|F1,era5loc_ed480fff4117,era5loc_ed480fff4117|2019,FRANCE,CEL,2019,93,2019-06-06,20,False,0,0.046,4.6,0.1,persistence_BASF_frozen
2019|M3|bloc1|CEL,2019,2019-06-13,M3,bloc1,CEL,1.5,10,0,0,"1691,1692,1693,1694,1695,1696,1697,1698,1699,1700",2,2019|M3|bloc1|CEL|F2,era5loc_ed480fff4117,era5loc_ed480fff4117|2019,FRANCE,CEL,2019,94,2019-06-06,7,False,1,0.015,1.5,0.5,persistence_BASF_frozen
2019|M3|bloc1|CEL,2019,2019-06-18,M3,bloc1,CEL,2.2,10,0,0,"2091,2092,2093,2094,2095,2096,2097,2098,2099,2100",2,2019|M3|bloc1|CEL|F2,era5loc_ed480fff4117,era5loc_ed480fff4117|2019,FRANCE,CEL,2019,94,2019-06-06,12,False,1,0.022000000000000002,2.2,0.5,persistence_BASF_frozen
2019|M3|bloc1|CEL,2019,2019-06-26,M3,bloc1,CEL,4.5,10,0,0,"1641,1642,1643,1644,1645,1646,1647,1648,1649,1650",2,2019|M3|bloc1|CEL|F2,era5loc_ed480fff4117,era5loc_ed480fff4117|2019,FRANCE,CEL,2019,94,2019-06-06,20,False,1,0.045,4.5,0.5,persistence_BASF_frozen
2019|M3|bloc1|CEL,2019,2019-06-13,M3,bloc1,CEL,2.0,10,0,0,"1691,1692,1693,1694,1695,1696,1697,1698,1699,1700",3,2019|M3|bloc1|CEL|F3,era5loc_ed480fff4117,era5loc_ed480fff4117|2019,FRANCE,CEL,2019,95,2019-06-06,7,False,2,0.02,2.0,1.1,persistence_BASF_frozen
2019|M3|bloc1|CEL,2019,2019-06-18,M3,bloc1,CEL,3.5,10,0,0,"2091,2092,2093,2094,2095,2096,2097,2098,2099,2100",3,2019|M3|bloc1|CEL|F3,era5loc_ed480fff4117,era5loc_ed480fff4117|2019,FRANCE,CEL,2019,95,2019-06-06,12,False,2,0.035,3.5,1.1,persistence_BASF_frozen
2019|M3|bloc1|CEL,2019,2019-06-26,M3,bloc1,CEL,7.222222222222222,9,1,0,"1641,1642,1643,1644,1645,1646,1647,1648,1649,1650",3,2019|M3|bloc1|CEL|F3,era5loc_ed480fff4117,era5loc_ed480fff4117|2019,FRANCE,CEL,2019,95,2019-06-06,20,False,2,0.07222222222222223,7.222222222222222,1.1,persistence_BASF_frozen
2019|M3|bloc2|APA,2019,2019-06-13,M3,bloc2,APA,0.6,10,0,0,"1801,1802,1803,1804,1805,1806,1807,1808,1809,1810",1,2019|M3|bloc2|APA|F1,era5loc_ed480fff4117,era5loc_ed480fff4117|2019,FRANCE,APA,2019,96,2019-06-06,7,False,0,0.006,0.6,0.4444444444444444,persistence_BASF_frozen
2019|M3|bloc2|APA,2019,2019-06-18,M3,bloc2,APA,1.4,10,0,0,"2001,2002,2003,2004,2005,2006,2007,2008,2009,2010",1,2019|M3|bloc2|APA|F1,era5loc_ed480fff4117,era5loc_ed480fff4117|2019,FRANCE,APA,2019,96,2019-06-06,12,False,0,0.013999999999999999,1.4,0.4444444444444444,persistence_BASF_frozen
2019|M3|bloc2|APA,2019,2019-06-26,M3,bloc2,APA,4.0,10,0,0,"1541,1542,1543,1544,1545,1546,1547,1548,1549,1550",1,2019|M3|bloc2|APA|F1,era5loc_ed480fff4117,era5loc_ed480fff4117|2019,FRANCE,APA,2019,96,2019-06-06,20,False,0,0.04,4.0,0.4444444444444444,persistence_BASF_frozen
2019|M3|bloc2|APA,2019,2019-06-13,M3,bloc2,APA,2.6,10,0,0,"1801,1802,1803,1804,1805,1806,1807,1808,1809,1810",2,2019|M3|bloc2|APA|F2,era5loc_ed480fff4117,era5loc_ed480fff4117|2019,FRANCE,APA,2019,97,2019-06-06,7,False,1,0.026000000000000002,2.6,0.2222222222222222,persistence_BASF_frozen
2019|M3|bloc2|APA,2019,2019-06-18,M3,bloc2,APA,4.0,10,0,0,"2001,2002,2003,2004,2005,2006,2007,2008,2009,2010",2,2019|M3|bloc2|APA|F2,era5loc_ed480fff4117,era5loc_ed480fff4117|2019,FRANCE,APA,2019,97,2019-06-06,12,False,1,0.04,4.0,0.2222222222222222,persistence_BASF_frozen
2019|M3|bloc2|APA,2019,2019-06-26,M3,bloc2,APA,9.3,10,0,0,"1541,1542,1543,1544,1545,1546,1547,1548,1549,1550",2,2019|M3|bloc2|APA|F2,era5loc_ed480fff4117,era5loc_ed480fff4117|2019,FRANCE,APA,2019,97,2019-06-06,20,False,1,0.09300000000000001,9.3,0.2222222222222222,persistence_BASF_frozen
2019|M3|bloc2|APA,2019,2019-06-13,M3,bloc2,APA,4.6,10,0,0,"1801,1802,1803,1804,1805,1806,1807,1808,1809,1810",3,2019|M3|bloc2|APA|F3,era5loc_ed480fff4117,era5loc_ed480fff4117|2019,FRANCE,APA,2019,98,2019-06-06,7,False,2,0.046,4.6,1.6666666666666667,persistence_BASF_frozen
2019|M3|bloc2|APA,2019,2019-06-18,M3,bloc2,APA,6.5,10,0,0,"2001,2002,2003,2004,2005,2006,2007,2008,2009,2010",3,2019|M3|bloc2|APA|F3,era5loc_ed480fff4117,era5loc_ed480fff4117|2019,FRANCE,APA,2019,98,2019-06-06,12,False,2,0.065,6.5,1.6666666666666667,persistence_BASF_frozen
2019|M3|bloc2|APA,2019,2019-06-26,M3,bloc2,APA,11.142857142857142,7,3,0,"1541,1542,1543,1544,1545,1546,1547,1548,1549,1550",3,2019|M3|bloc2|APA|F3,era5loc_ed480fff4117,era5loc_ed480fff4117|2019,FRANCE,APA,2019,98,2019-06-06,20,False,2,0.11142857142857142,11.142857142857142,1.6666666666666667,persistence_BASF_frozen
2019|M3|bloc2|CEL,2019,2019-06-13,M3,bloc2,CEL,0.6,10,0,0,"1811,1812,1813,1814,1815,1816,1817,1818,1819,1820",1,2019|M3|bloc2|CEL|F1,era5loc_ed480fff4117,era5loc_ed480fff4117|2019,FRANCE,CEL,2019,99,2019-06-06,7,False,0,0.006,0.6,0.3333333333333333,persistence_BASF_frozen
2019|M3|bloc2|CEL,2019,2019-06-18,M3,bloc2,CEL,1.0,10,0,0,"2011,2012,2013,2014,2015,2016,2017,2018,2019,2020",1,2019|M3|bloc2|CEL|F1,era5loc_ed480fff4117,era5loc_ed480fff4117|2019,FRANCE,CEL,2019,99,2019-06-06,12,False,0,0.01,1.0,0.3333333333333333,persistence_BASF_frozen
2019|M3|bloc2|CEL,2019,2019-06-26,M3,bloc2,CEL,5.3,10,0,0,"1551,1552,1553,1554,1555,1556,1557,1558,1559,1560",1,2019|M3|bloc2|CEL|F1,era5loc_ed480fff4117,era5loc_ed480fff4117|2019,FRANCE,CEL,2019,99,2019-06-06,20,False,0,0.053,5.3,0.3333333333333333,persistence_BASF_frozen
2019|M3|bloc2|CEL,2019,2019-06-13,M3,bloc2,CEL,1.4,10,0,0,"1811,1812,1813,1814,1815,1816,1817,1818,1819,1820",2,2019|M3|bloc2|CEL|F2,era5loc_ed480fff4117,era5loc_ed480fff4117|2019,FRANCE,CEL,2019,100,2019-06-06,7,False,1,0.013999999999999999,1.4,0.3333333333333333,persistence_BASF_frozen
2019|M3|bloc2|CEL,2019,2019-06-18,M3,bloc2,CEL,2.9,10,0,0,"2011,2012,2013,2014,2015,2016,2017,2018,2019,2020",2,2019|M3|bloc2|CEL|F2,era5loc_ed480fff4117,era5loc_ed480fff4117|2019,FRANCE,CEL,2019,100,2019-06-06,12,False,1,0.028999999999999998,2.9,0.3333333333333333,persistence_BASF_frozen
2019|M3|bloc2|CEL,2019,2019-06-26,M3,bloc2,CEL,7.0,10,0,0,"1551,1552,1553,1554,1555,1556,1557,1558,1559,1560",2,2019|M3|bloc2|CEL|F2,era5loc_ed480fff4117,era5loc_ed480fff4117|2019,FRANCE,CEL,2019,100,2019-06-06,20,False,1,0.07,7.0,0.3333333333333333,persistence_BASF_frozen
2019|M3|bloc2|CEL,2019,2019-06-13,M3,bloc2,CEL,0.7,10,0,0,"1811,1812,1813,1814,1815,1816,1817,1818,1819,1820",3,2019|M3|bloc2|CEL|F3,era5loc_ed480fff4117,era5loc_ed480fff4117|2019,FRANCE,CEL,2019,101,2019-06-06,7,False,2,0.006999999999999999,0.7,0.2222222222222222,persistence_BASF_frozen
2019|M3|bloc2|CEL,2019,2019-06-18,M3,bloc2,CEL,2.3,10,0,0,"2011,2012,2013,2014,2015,2016,2017,2018,2019,2020",3,2019|M3|bloc2|CEL|F3,era5loc_ed480fff4117,era5loc_ed480fff4117|2019,FRANCE,CEL,2019,101,2019-06-06,12,False,2,0.023,2.3,0.2222222222222222,persistence_BASF_frozen
2019|M3|bloc2|CEL,2019,2019-06-26,M3,bloc2,CEL,6.625,8,2,0,"1551,1552,1553,1554,1555,1556,1557,1558,1559,1560",3,2019|M3|bloc2|CEL|F3,era5loc_ed480fff4117,era5loc_ed480fff4117|2019,FRANCE,CEL,2019,101,2019-06-06,20,False,2,0.06625,6.625,0.2222222222222222,persistence_BASF_frozen
2019|M3|bloc3|APA,2019,2019-06-12,M3,bloc3,APA,1.3,10,0,0,"1881,1882,1883,1884,1885,1886,1887,1888,1889,1890",1,2019|M3|bloc3|APA|F1,era5loc_ed480fff4117,era5loc_ed480fff4117|2019,FRANCE,APA,2019,102,2019-06-03,9,False,0,0.013000000000000001,1.3,0.0,persistence_BASF_frozen
2019|M3|bloc3|APA,2019,2019-06-18,M3,bloc3,APA,2.0,10,0,0,"1941,1942,1943,1944,1945,1946,1947,1948,1949,1950",1,2019|M3|bloc3|APA|F1,era5loc_ed480fff4117,era5loc_ed480fff4117|2019,FRANCE,APA,2019,102,2019-06-03,15,False,0,0.02,2.0,0.0,persistence_BASF_frozen
2019|M3|bloc3|APA,2019,2019-06-25,M3,bloc3,APA,5.5,10,0,0,"1501,1502,1503,1504,1505,1506,1507,1508,1509,1510",1,2019|M3|bloc3|APA|F1,era5loc_ed480fff4117,era5loc_ed480fff4117|2019,FRANCE,APA,2019,102,2019-06-03,22,False,0,0.055,5.5,0.0,persistence_BASF_frozen
2019|M3|bloc3|APA,2019,2019-06-12,M3,bloc3,APA,3.7,10,0,0,"1881,1882,1883,1884,1885,1886,1887,1888,1889,1890",2,2019|M3|bloc3|APA|F2,era5loc_ed480fff4117,era5loc_ed480fff4117|2019,FRANCE,APA,2019,103,2019-06-03,9,False,1,0.037000000000000005,3.7,1.1,persistence_BASF_frozen
2019|M3|bloc3|APA,2019,2019-06-18,M3,bloc3,APA,5.6,10,0,0,"1941,1942,1943,1944,1945,1946,1947,1948,1949,1950",2,2019|M3|bloc3|APA|F2,era5loc_ed480fff4117,era5loc_ed480fff4117|2019,FRANCE,APA,2019,103,2019-06-03,15,False,1,0.055999999999999994,5.6,1.1,persistence_BASF_frozen
2019|M3|bloc3|APA,2019,2019-06-25,M3,bloc3,APA,13.0,10,0,0,"1501,1502,1503,1504,1505,1506,1507,1508,1509,1510",2,2019|M3|bloc3|APA|F2,era5loc_ed480fff4117,era5loc_ed480fff4117|2019,FRANCE,APA,2019,103,2019-06-03,22,False,1,0.13,13.0,1.1,persistence_BASF_frozen
2019|M3|bloc3|APA,2019,2019-06-12,M3,bloc3,APA,8.5,10,0,0,"1881,1882,1883,1884,1885,1886,1887,1888,1889,1890",3,2019|M3|bloc3|APA|F3,era5loc_ed480fff4117,era5loc_ed480fff4117|2019,FRANCE,APA,2019,104,2019-06-03,9,False,2,0.085,8.5,1.9,persistence_BASF_frozen
2019|M3|bloc3|APA,2019,2019-06-18,M3,bloc3,APA,10.8,10,0,0,"1941,1942,1943,1944,1945,1946,1947,1948,1949,1950",3,2019|M3|bloc3|APA|F3,era5loc_ed480fff4117,era5loc_ed480fff4117|2019,FRANCE,APA,2019,104,2019-06-03,15,False,2,0.10800000000000001,10.8,1.9,persistence_BASF_frozen
2019|M3|bloc3|APA,2019,2019-06-25,M3,bloc3,APA,20.0,3,7,0,"1501,1502,1503,1504,1505,1506,1507,1508,1509,1510",3,2019|M3|bloc3|APA|F3,era5loc_ed480fff4117,era5loc_ed480fff4117|2019,FRANCE,APA,2019,104,2019-06-03,22,False,2,0.2,20.0,1.9,persistence_BASF_frozen
2019|M3|bloc3|CEL,2019,2019-06-12,M3,bloc3,CEL,0.3,10,0,0,"1891,1892,1893,1894,1895,1896,1897,1898,1899,1900",1,2019|M3|bloc3|CEL|F1,era5loc_ed480fff4117,era5loc_ed480fff4117|2019,FRANCE,CEL,2019,105,2019-06-03,9,False,0,0.003,0.3,0.2,persistence_BASF_frozen
2019|M3|bloc3|CEL,2019,2019-06-18,M3,bloc3,CEL,0.4,10,0,0,"1951,1952,1953,1954,1955,1956,1957,1958,1959,1960",1,2019|M3|bloc3|CEL|F1,era5loc_ed480fff4117,era5loc_ed480fff4117|2019,FRANCE,CEL,2019,105,2019-06-03,15,False,0,0.004,0.4,0.2,persistence_BASF_frozen
2019|M3|bloc3|CEL,2019,2019-06-25,M3,bloc3,CEL,3.7,10,0,0,"1511,1512,1513,1514,1515,1516,1517,1518,1519,1520",1,2019|M3|bloc3|CEL|F1,era5loc_ed480fff4117,era5loc_ed480fff4117|2019,FRANCE,CEL,2019,105,2019-06-03,22,False,0,0.037000000000000005,3.7,0.2,persistence_BASF_frozen
2019|M3|bloc3|CEL,2019,2019-06-12,M3,bloc3,CEL,0.6,10,0,0,"1891,1892,1893,1894,1895,1896,1897,1898,1899,1900",2,2019|M3|bloc3|CEL|F2,era5loc_ed480fff4117,era5loc_ed480fff4117|2019,FRANCE,CEL,2019,106,2019-06-03,9,False,1,0.006,0.6,0.2,persistence_BASF_frozen
2019|M3|bloc3|CEL,2019,2019-06-18,M3,bloc3,CEL,2.4,10,0,0,"1951,1952,1953,1954,1955,1956,1957,1958,1959,1960",2,2019|M3|bloc3|CEL|F2,era5loc_ed480fff4117,era5loc_ed480fff4117|2019,FRANCE,CEL,2019,106,2019-06-03,15,False,1,0.024,2.4,0.2,persistence_BASF_frozen
2019|M3|bloc3|CEL,2019,2019-06-25,M3,bloc3,CEL,6.1,10,0,0,"1511,1512,1513,1514,1515,1516,1517,1518,1519,1520",2,2019|M3|bloc3|CEL|F2,era5loc_ed480fff4117,era5loc_ed480fff4117|2019,FRANCE,CEL,2019,106,2019-06-03,22,False,1,0.061,6.1,0.2,persistence_BASF_frozen
2019|M3|bloc3|CEL,2019,2019-06-12,M3,bloc3,CEL,1.6,10,0,0,"1891,1892,1893,1894,1895,1896,1897,1898,1899,1900",3,2019|M3|bloc3|CEL|F3,era5loc_ed480fff4117,era5loc_ed480fff4117|2019,FRANCE,CEL,2019,107,2019-06-03,9,False,2,0.016,1.6,0.5,persistence_BASF_frozen
2019|M3|bloc3|CEL,2019,2019-06-18,M3,bloc3,CEL,5.2,10,0,0,"1951,1952,1953,1954,1955,1956,1957,1958,1959,1960",3,2019|M3|bloc3|CEL|F3,era5loc_ed480fff4117,era5loc_ed480fff4117|2019,FRANCE,CEL,2019,107,2019-06-03,15,False,2,0.052000000000000005,5.2,0.5,persistence_BASF_frozen
2019|M3|bloc3|CEL,2019,2019-06-25,M3,bloc3,CEL,8.5,10,0,0,"1511,1512,1513,1514,1515,1516,1517,1518,1519,1520",3,2019|M3|bloc3|CEL|F3,era5loc_ed480fff4117,era5loc_ed480fff4117|2019,FRANCE,CEL,2019,107,2019-06-03,22,False,2,0.085,8.5,0.5,persistence_BASF_frozen
2019|M4|bloc1|APA,2019,2019-06-13,M4,bloc1,APA,1.7,10,0,0,"1721,1722,1723,1724,1725,1726,1727,1728,1729,1730",1,2019|M4|bloc1|APA|F1,era5loc_ed480fff4117,era5loc_ed480fff4117|2019,FRANCE,APA,2019,108,2019-06-06,7,False,0,0.017,1.7,0.7,persistence_BASF_frozen
2019|M4|bloc1|APA,2019,2019-06-18,M4,bloc1,APA,1.8,10,0,0,"2141,2142,2143,2144,2145,2146,2147,2148,2149,2150",1,2019|M4|bloc1|APA|F1,era5loc_ed480fff4117,era5loc_ed480fff4117|2019,FRANCE,APA,2019,108,2019-06-06,12,False,0,0.018000000000000002,1.8,0.7,persistence_BASF_frozen
2019|M4|bloc1|APA,2019,2019-06-26,M4,bloc1,APA,11.0,10,0,0,"1661,1662,1663,1664,1665,1666,1667,1668,1669,1670",1,2019|M4|bloc1|APA|F1,era5loc_ed480fff4117,era5loc_ed480fff4117|2019,FRANCE,APA,2019,108,2019-06-06,20,False,0,0.11,11.0,0.7,persistence_BASF_frozen
2019|M4|bloc1|APA,2019,2019-06-13,M4,bloc1,APA,2.2,10,0,0,"1721,1722,1723,1724,1725,1726,1727,1728,1729,1730",2,2019|M4|bloc1|APA|F2,era5loc_ed480fff4117,era5loc_ed480fff4117|2019,FRANCE,APA,2019,109,2019-06-06,7,False,1,0.022000000000000002,2.2,0.6,persistence_BASF_frozen
2019|M4|bloc1|APA,2019,2019-06-18,M4,bloc1,APA,3.3,10,0,0,"2141,2142,2143,2144,2145,2146,2147,2148,2149,2150",2,2019|M4|bloc1|APA|F2,era5loc_ed480fff4117,era5loc_ed480fff4117|2019,FRANCE,APA,2019,109,2019-06-06,12,False,1,0.033,3.3,0.6,persistence_BASF_frozen
2019|M4|bloc1|APA,2019,2019-06-26,M4,bloc1,APA,7.0,10,0,0,"1661,1662,1663,1664,1665,1666,1667,1668,1669,1670",2,2019|M4|bloc1|APA|F2,era5loc_ed480fff4117,era5loc_ed480fff4117|2019,FRANCE,APA,2019,109,2019-06-06,20,False,1,0.07,7.0,0.6,persistence_BASF_frozen
2019|M4|bloc1|APA,2019,2019-06-13,M4,bloc1,APA,3.5,10,0,0,"1721,1722,1723,1724,1725,1726,1727,1728,1729,1730",3,2019|M4|bloc1|APA|F3,era5loc_ed480fff4117,era5loc_ed480fff4117|2019,FRANCE,APA,2019,110,2019-06-06,7,False,2,0.035,3.5,1.5,persistence_BASF_frozen
2019|M4|bloc1|APA,2019,2019-06-18,M4,bloc1,APA,7.3,10,0,0,"2141,2142,2143,2144,2145,2146,2147,2148,2149,2150",3,2019|M4|bloc1|APA|F3,era5loc_ed480fff4117,era5loc_ed480fff4117|2019,FRANCE,APA,2019,110,2019-06-06,12,False,2,0.073,7.3,1.5,persistence_BASF_frozen
2019|M4|bloc1|APA,2019,2019-06-26,M4,bloc1,APA,13.0,6,4,0,"1661,1662,1663,1664,1665,1666,1667,1668,1669,1670",3,2019|M4|bloc1|APA|F3,era5loc_ed480fff4117,era5loc_ed480fff4117|2019,FRANCE,APA,2019,110,2019-06-06,20,False,2,0.13,13.0,1.5,persistence_BASF_frozen
2019|M4|bloc1|CEL,2019,2019-06-13,M4,bloc1,CEL,0.0,10,0,0,"1731,1732,1733,1734,1735,1736,1737,1738,1739,1740",1,2019|M4|bloc1|CEL|F1,era5loc_ed480fff4117,era5loc_ed480fff4117|2019,FRANCE,CEL,2019,111,2019-06-06,7,False,0,0.0,0.0,0.0,persistence_BASF_frozen
2019|M4|bloc1|CEL,2019,2019-06-18,M4,bloc1,CEL,0.1,10,0,0,"2151,2152,2153,2154,2155,2156,2157,2158,2159,2160",1,2019|M4|bloc1|CEL|F1,era5loc_ed480fff4117,era5loc_ed480fff4117|2019,FRANCE,CEL,2019,111,2019-06-06,12,False,0,0.001,0.1,0.0,persistence_BASF_frozen
2019|M4|bloc1|CEL,2019,2019-06-26,M4,bloc1,CEL,3.8,10,0,0,"1671,1672,1673,1674,1675,1676,1677,1678,1679,1680",1,2019|M4|bloc1|CEL|F1,era5loc_ed480fff4117,era5loc_ed480fff4117|2019,FRANCE,CEL,2019,111,2019-06-06,20,False,0,0.038,3.8,0.0,persistence_BASF_frozen
2019|M4|bloc1|CEL,2019,2019-06-13,M4,bloc1,CEL,0.0,10,0,0,"1731,1732,1733,1734,1735,1736,1737,1738,1739,1740",2,2019|M4|bloc1|CEL|F2,era5loc_ed480fff4117,era5loc_ed480fff4117|2019,FRANCE,CEL,2019,112,2019-06-06,7,False,1,0.0,0.0,0.0,persistence_BASF_frozen
2019|M4|bloc1|CEL,2019,2019-06-18,M4,bloc1,CEL,0.4,10,0,0,"2151,2152,2153,2154,2155,2156,2157,2158,2159,2160",2,2019|M4|bloc1|CEL|F2,era5loc_ed480fff4117,era5loc_ed480fff4117|2019,FRANCE,CEL,2019,112,2019-06-06,12,False,1,0.004,0.4,0.0,persistence_BASF_frozen
2019|M4|bloc1|CEL,2019,2019-06-26,M4,bloc1,CEL,2.9,10,0,0,"1671,1672,1673,1674,1675,1676,1677,1678,1679,1680",2,2019|M4|bloc1|CEL|F2,era5loc_ed480fff4117,era5loc_ed480fff4117|2019,FRANCE,CEL,2019,112,2019-06-06,20,False,1,0.028999999999999998,2.9,0.0,persistence_BASF_frozen
2019|M4|bloc1|CEL,2019,2019-06-13,M4,bloc1,CEL,3.0,10,0,0,"1731,1732,1733,1734,1735,1736,1737,1738,1739,1740",3,2019|M4|bloc1|CEL|F3,era5loc_ed480fff4117,era5loc_ed480fff4117|2019,FRANCE,CEL,2019,113,2019-06-06,7,False,2,0.03,3.0,0.5555555555555556,persistence_BASF_frozen
2019|M4|bloc1|CEL,2019,2019-06-18,M4,bloc1,CEL,5.7,10,0,0,"2151,2152,2153,2154,2155,2156,2157,2158,2159,2160",3,2019|M4|bloc1|CEL|F3,era5loc_ed480fff4117,era5loc_ed480fff4117|2019,FRANCE,CEL,2019,113,2019-06-06,12,False,2,0.057,5.7,0.5555555555555556,persistence_BASF_frozen
2019|M4|bloc1|CEL,2019,2019-06-26,M4,bloc1,CEL,5.5,8,2,0,"1671,1672,1673,1674,1675,1676,1677,1678,1679,1680",3,2019|M4|bloc1|CEL|F3,era5loc_ed480fff4117,era5loc_ed480fff4117|2019,FRANCE,CEL,2019,113,2019-06-06,20,False,2,0.055,5.5,0.5555555555555556,persistence_BASF_frozen
2019|M4|bloc2|APA,2019,2019-06-13,M4,bloc2,APA,1.4,10,0,0,"1821,1822,1823,1824,1825,1826,1827,1828,1829,1830",1,2019|M4|bloc2|APA|F1,era5loc_ed480fff4117,era5loc_ed480fff4117|2019,FRANCE,APA,2019,114,2019-06-06,7,False,0,0.013999999999999999,1.4,0.8,persistence_BASF_frozen
2019|M4|bloc2|APA,2019,2019-06-18,M4,bloc2,APA,1.2,10,0,0,"2041,2042,2043,2044,2045,2046,2047,2048,2049,2050",1,2019|M4|bloc2|APA|F1,era5loc_ed480fff4117,era5loc_ed480fff4117|2019,FRANCE,APA,2019,114,2019-06-06,12,False,0,0.012,1.2,0.8,persistence_BASF_frozen
2019|M4|bloc2|APA,2019,2019-06-26,M4,bloc2,APA,4.571428571428571,7,0,3,"1561,1562,1563,1564,1565,1566,1567,1568,1569,1570",1,2019|M4|bloc2|APA|F1,era5loc_ed480fff4117,era5loc_ed480fff4117|2019,FRANCE,APA,2019,114,2019-06-06,20,False,0,0.045714285714285714,4.571428571428571,0.8,persistence_BASF_frozen
2019|M4|bloc2|APA,2019,2019-06-13,M4,bloc2,APA,3.1,10,0,0,"1821,1822,1823,1824,1825,1826,1827,1828,1829,1830",2,2019|M4|bloc2|APA|F2,era5loc_ed480fff4117,era5loc_ed480fff4117|2019,FRANCE,APA,2019,115,2019-06-06,7,False,1,0.031,3.1,1.5,persistence_BASF_frozen
2019|M4|bloc2|APA,2019,2019-06-18,M4,bloc2,APA,4.5,10,0,0,"2041,2042,2043,2044,2045,2046,2047,2048,2049,2050",2,2019|M4|bloc2|APA|F2,era5loc_ed480fff4117,era5loc_ed480fff4117|2019,FRANCE,APA,2019,115,2019-06-06,12,False,1,0.045,4.5,1.5,persistence_BASF_frozen
2019|M4|bloc2|APA,2019,2019-06-26,M4,bloc2,APA,8.571428571428571,7,0,3,"1561,1562,1563,1564,1565,1566,1567,1568,1569,1570",2,2019|M4|bloc2|APA|F2,era5loc_ed480fff4117,era5loc_ed480fff4117|2019,FRANCE,APA,2019,115,2019-06-06,20,False,1,0.08571428571428572,8.571428571428571,1.5,persistence_BASF_frozen
2019|M4|bloc2|APA,2019,2019-06-13,M4,bloc2,APA,6.25,8,2,0,"1821,1822,1823,1824,1825,1826,1827,1828,1829,1830",3,2019|M4|bloc2|APA|F3,era5loc_ed480fff4117,era5loc_ed480fff4117|2019,FRANCE,APA,2019,116,2019-06-06,7,False,2,0.0625,6.25,2.3,persistence_BASF_frozen
2019|M4|bloc2|APA,2019,2019-06-18,M4,bloc2,APA,7.777777777777778,9,1,0,"2041,2042,2043,2044,2045,2046,2047,2048,2049,2050",3,2019|M4|bloc2|APA|F3,era5loc_ed480fff4117,era5loc_ed480fff4117|2019,FRANCE,APA,2019,116,2019-06-06,12,False,2,0.07777777777777778,7.777777777777778,2.3,persistence_BASF_frozen
2019|M4|bloc2|APA,2019,2019-06-26,M4,bloc2,APA,16.0,5,5,0,"1561,1562,1563,1564,1565,1566,1567,1568,1569,1570",3,2019|M4|bloc2|APA|F3,era5loc_ed480fff4117,era5loc_ed480fff4117|2019,FRANCE,APA,2019,116,2019-06-06,20,False,2,0.16,16.0,2.3,persistence_BASF_frozen
2019|M4|bloc2|CEL,2019,2019-06-13,M4,bloc2,CEL,0.4,10,0,0,"1831,1832,1833,1834,1835,1836,1837,1838,1839,1840",1,2019|M4|bloc2|CEL|F1,era5loc_ed480fff4117,era5loc_ed480fff4117|2019,FRANCE,CEL,2019,117,2019-06-06,7,False,0,0.004,0.4,1.2,persistence_BASF_frozen
2019|M4|bloc2|CEL,2019,2019-06-18,M4,bloc2,CEL,0.2,10,0,0,"2051,2052,2053,2054,2055,2056,2057,2058,2059,2060",1,2019|M4|bloc2|CEL|F1,era5loc_ed480fff4117,era5loc_ed480fff4117|2019,FRANCE,CEL,2019,117,2019-06-06,12,False,0,0.002,0.2,1.2,persistence_BASF_frozen
2019|M4|bloc2|CEL,2019,2019-06-26,M4,bloc2,CEL,3.0,6,0,4,"1571,1572,1573,1574,1575,1576,1577,1578,1579,1580",1,2019|M4|bloc2|CEL|F1,era5loc_ed480fff4117,era5loc_ed480fff4117|2019,FRANCE,CEL,2019,117,2019-06-06,20,False,0,0.03,3.0,1.2,persistence_BASF_frozen
2019|M4|bloc2|CEL,2019,2019-06-13,M4,bloc2,CEL,1.0,10,0,0,"1831,1832,1833,1834,1835,1836,1837,1838,1839,1840",2,2019|M4|bloc2|CEL|F2,era5loc_ed480fff4117,era5loc_ed480fff4117|2019,FRANCE,CEL,2019,118,2019-06-06,7,False,1,0.01,1.0,0.3,persistence_BASF_frozen
2019|M4|bloc2|CEL,2019,2019-06-18,M4,bloc2,CEL,1.7,10,0,0,"2051,2052,2053,2054,2055,2056,2057,2058,2059,2060",2,2019|M4|bloc2|CEL|F2,era5loc_ed480fff4117,era5loc_ed480fff4117|2019,FRANCE,CEL,2019,118,2019-06-06,12,False,1,0.017,1.7,0.3,persistence_BASF_frozen
2019|M4|bloc2|CEL,2019,2019-06-26,M4,bloc2,CEL,4.0,6,0,4,"1571,1572,1573,1574,1575,1576,1577,1578,1579,1580",2,2019|M4|bloc2|CEL|F2,era5loc_ed480fff4117,era5loc_ed480fff4117|2019,FRANCE,CEL,2019,118,2019-06-06,20,False,1,0.04,4.0,0.3,persistence_BASF_frozen
2019|M4|bloc2|CEL,2019,2019-06-13,M4,bloc2,CEL,2.4,10,0,0,"1831,1832,1833,1834,1835,1836,1837,1838,1839,1840",3,2019|M4|bloc2|CEL|F3,era5loc_ed480fff4117,era5loc_ed480fff4117|2019,FRANCE,CEL,2019,119,2019-06-06,7,False,2,0.024,2.4,0.6,persistence_BASF_frozen
2019|M4|bloc2|CEL,2019,2019-06-18,M4,bloc2,CEL,2.9,10,0,0,"2051,2052,2053,2054,2055,2056,2057,2058,2059,2060",3,2019|M4|bloc2|CEL|F3,era5loc_ed480fff4117,era5loc_ed480fff4117|2019,FRANCE,CEL,2019,119,2019-06-06,12,False,2,0.028999999999999998,2.9,0.6,persistence_BASF_frozen
2019|M4|bloc2|CEL,2019,2019-06-26,M4,bloc2,CEL,4.666666666666667,9,1,0,"1571,1572,1573,1574,1575,1576,1577,1578,1579,1580",3,2019|M4|bloc2|CEL|F3,era5loc_ed480fff4117,era5loc_ed480fff4117|2019,FRANCE,CEL,2019,119,2019-06-06,20,False,2,0.04666666666666667,4.666666666666667,0.6,persistence_BASF_frozen
2019|M4|bloc3|APA,2019,2019-06-12,M4,bloc3,APA,0.5,10,0,0,"1841,1842,1843,1844,1845,1846,1847,1848,1849,1850",1,2019|M4|bloc3|APA|F1,era5loc_ed480fff4117,era5loc_ed480fff4117|2019,FRANCE,APA,2019,120,2019-06-03,9,False,0,0.005,0.5,0.1111111111111111,persistence_BASF_frozen
2019|M4|bloc3|APA,2019,2019-06-18,M4,bloc3,APA,0.9,10,0,0,"1961,1962,1963,1964,1965,1966,1967,1968,1969,1970",1,2019|M4|bloc3|APA|F1,era5loc_ed480fff4117,era5loc_ed480fff4117|2019,FRANCE,APA,2019,120,2019-06-03,15,False,0,0.009000000000000001,0.9,0.1111111111111111,persistence_BASF_frozen
2019|M4|bloc3|APA,2019,2019-06-25,M4,bloc3,APA,5.6,10,0,0,"1441,1442,1443,1444,1445,1446,1447,1448,1449,1450",1,2019|M4|bloc3|APA|F1,era5loc_ed480fff4117,era5loc_ed480fff4117|2019,FRANCE,APA,2019,120,2019-06-03,22,False,0,0.055999999999999994,5.6,0.1111111111111111,persistence_BASF_frozen
2019|M4|bloc3|APA,2019,2019-06-12,M4,bloc3,APA,3.1,10,0,0,"1841,1842,1843,1844,1845,1846,1847,1848,1849,1850",2,2019|M4|bloc3|APA|F2,era5loc_ed480fff4117,era5loc_ed480fff4117|2019,FRANCE,APA,2019,121,2019-06-03,9,False,1,0.031,3.1,1.2,persistence_BASF_frozen
2019|M4|bloc3|APA,2019,2019-06-18,M4,bloc3,APA,7.7,10,0,0,"1961,1962,1963,1964,1965,1966,1967,1968,1969,1970",2,2019|M4|bloc3|APA|F2,era5loc_ed480fff4117,era5loc_ed480fff4117|2019,FRANCE,APA,2019,121,2019-06-03,15,False,1,0.077,7.7,1.2,persistence_BASF_frozen
2019|M4|bloc3|APA,2019,2019-06-25,M4,bloc3,APA,10.88888888888889,9,1,0,"1441,1442,1443,1444,1445,1446,1447,1448,1449,1450",2,2019|M4|bloc3|APA|F2,era5loc_ed480fff4117,era5loc_ed480fff4117|2019,FRANCE,APA,2019,121,2019-06-03,22,False,1,0.1088888888888889,10.88888888888889,1.2,persistence_BASF_frozen
2019|M4|bloc3|APA,2019,2019-06-12,M4,bloc3,APA,6.0,9,1,0,"1841,1842,1843,1844,1845,1846,1847,1848,1849,1850",3,2019|M4|bloc3|APA|F3,era5loc_ed480fff4117,era5loc_ed480fff4117|2019,FRANCE,APA,2019,122,2019-06-03,9,False,2,0.06,6.0,1.8000000000000003,persistence_BASF_frozen
2019|M4|bloc3|APA,2019,2019-06-18,M4,bloc3,APA,13.333333333333334,9,1,0,"1961,1962,1963,1964,1965,1966,1967,1968,1969,1970",3,2019|M4|bloc3|APA|F3,era5loc_ed480fff4117,era5loc_ed480fff4117|2019,FRANCE,APA,2019,122,2019-06-03,15,False,2,0.13333333333333333,13.333333333333334,1.8000000000000003,persistence_BASF_frozen
2019|M4|bloc3|APA,2019,2019-06-25,M4,bloc3,APA,17.5,6,4,0,"1441,1442,1443,1444,1445,1446,1447,1448,1449,1450",3,2019|M4|bloc3|APA|F3,era5loc_ed480fff4117,era5loc_ed480fff4117|2019,FRANCE,APA,2019,122,2019-06-03,22,False,2,0.175,17.5,1.8000000000000003,persistence_BASF_frozen
2019|M4|bloc3|CEL,2019,2019-06-12,M4,bloc3,CEL,0.1,10,0,0,"1851,1852,1853,1854,1855,1856,1857,1858,1859,1860",1,2019|M4|bloc3|CEL|F1,era5loc_ed480fff4117,era5loc_ed480fff4117|2019,FRANCE,CEL,2019,123,2019-06-03,9,False,0,0.001,0.1,0.1,persistence_BASF_frozen
2019|M4|bloc3|CEL,2019,2019-06-18,M4,bloc3,CEL,0.9,10,0,0,"1971,1972,1973,1974,1975,1976,1977,1978,1979,1980",1,2019|M4|bloc3|CEL|F1,era5loc_ed480fff4117,era5loc_ed480fff4117|2019,FRANCE,CEL,2019,123,2019-06-03,15,False,0,0.009000000000000001,0.9,0.1,persistence_BASF_frozen
2019|M4|bloc3|CEL,2019,2019-06-25,M4,bloc3,CEL,5.5,10,0,0,"1451,1452,1453,1454,1455,1456,1457,1458,1459,1460",1,2019|M4|bloc3|CEL|F1,era5loc_ed480fff4117,era5loc_ed480fff4117|2019,FRANCE,CEL,2019,123,2019-06-03,22,False,0,0.055,5.5,0.1,persistence_BASF_frozen
2019|M4|bloc3|CEL,2019,2019-06-12,M4,bloc3,CEL,0.8,10,0,0,"1851,1852,1853,1854,1855,1856,1857,1858,1859,1860",2,2019|M4|bloc3|CEL|F2,era5loc_ed480fff4117,era5loc_ed480fff4117|2019,FRANCE,CEL,2019,124,2019-06-03,9,False,1,0.008,0.8,0.1,persistence_BASF_frozen
2019|M4|bloc3|CEL,2019,2019-06-18,M4,bloc3,CEL,1.4,10,0,0,"1971,1972,1973,1974,1975,1976,1977,1978,1979,1980",2,2019|M4|bloc3|CEL|F2,era5loc_ed480fff4117,era5loc_ed480fff4117|2019,FRANCE,CEL,2019,124,2019-06-03,15,False,1,0.013999999999999999,1.4,0.1,persistence_BASF_frozen
2019|M4|bloc3|CEL,2019,2019-06-25,M4,bloc3,CEL,3.1,10,0,0,"1451,1452,1453,1454,1455,1456,1457,1458,1459,1460",2,2019|M4|bloc3|CEL|F2,era5loc_ed480fff4117,era5loc_ed480fff4117|2019,FRANCE,CEL,2019,124,2019-06-03,22,False,1,0.031,3.1,0.1,persistence_BASF_frozen
2019|M4|bloc3|CEL,2019,2019-06-12,M4,bloc3,CEL,1.0,10,0,0,"1851,1852,1853,1854,1855,1856,1857,1858,1859,1860",3,2019|M4|bloc3|CEL|F3,era5loc_ed480fff4117,era5loc_ed480fff4117|2019,FRANCE,CEL,2019,125,2019-06-03,9,False,2,0.01,1.0,0.0,persistence_BASF_frozen
2019|M4|bloc3|CEL,2019,2019-06-18,M4,bloc3,CEL,1.5,10,0,0,"1971,1972,1973,1974,1975,1976,1977,1978,1979,1980",3,2019|M4|bloc3|CEL|F3,era5loc_ed480fff4117,era5loc_ed480fff4117|2019,FRANCE,CEL,2019,125,2019-06-03,15,False,2,0.015,1.5,0.0,persistence_BASF_frozen
2019|M4|bloc3|CEL,2019,2019-06-25,M4,bloc3,CEL,4.6,10,0,0,"1451,1452,1453,1454,1455,1456,1457,1458,1459,1460",3,2019|M4|bloc3|CEL|F3,era5loc_ed480fff4117,era5loc_ed480fff4117|2019,FRANCE,CEL,2019,125,2019-06-03,22,False,2,0.046,4.6,0.0,persistence_BASF_frozen
2019|M5|bloc1|APA,2019,2019-06-13,M5,bloc1,APA,1.7,10,0,0,"1701,1702,1703,1704,1705,1706,1707,1708,1709,1710",1,2019|M5|bloc1|APA|F1,era5loc_ed480fff4117,era5loc_ed480fff4117|2019,FRANCE,APA,2019,126,2019-06-06,7,False,0,0.017,1.7,0.5,persistence_BASF_frozen
2019|M5|bloc1|APA,2019,2019-06-18,M5,bloc1,APA,2.1,10,0,0,"2121,2122,2123,2124,2125,2126,2127,2128,2129,2130",1,2019|M5|bloc1|APA|F1,era5loc_ed480fff4117,era5loc_ed480fff4117|2019,FRANCE,APA,2019,126,2019-06-06,12,False,0,0.021,2.1,0.5,persistence_BASF_frozen
2019|M5|bloc1|APA,2019,2019-06-26,M5,bloc1,APA,8.8,10,0,0,"1601,1602,1603,1604,1605,1606,1607,1608,1609,1610",1,2019|M5|bloc1|APA|F1,era5loc_ed480fff4117,era5loc_ed480fff4117|2019,FRANCE,APA,2019,126,2019-06-06,20,False,0,0.08800000000000001,8.8,0.5,persistence_BASF_frozen
2019|M5|bloc1|APA,2019,2019-06-13,M5,bloc1,APA,7.8,10,0,0,"1701,1702,1703,1704,1705,1706,1707,1708,1709,1710",2,2019|M5|bloc1|APA|F2,era5loc_ed480fff4117,era5loc_ed480fff4117|2019,FRANCE,APA,2019,127,2019-06-06,7,False,1,0.078,7.8,1.7000000000000002,persistence_BASF_frozen
2019|M5|bloc1|APA,2019,2019-06-18,M5,bloc1,APA,7.5,10,0,0,"2121,2122,2123,2124,2125,2126,2127,2128,2129,2130",2,2019|M5|bloc1|APA|F2,era5loc_ed480fff4117,era5loc_ed480fff4117|2019,FRANCE,APA,2019,127,2019-06-06,12,False,1,0.075,7.5,1.7000000000000002,persistence_BASF_frozen
2019|M5|bloc1|APA,2019,2019-06-26,M5,bloc1,APA,11.444444444444445,9,1,0,"1601,1602,1603,1604,1605,1606,1607,1608,1609,1610",2,2019|M5|bloc1|APA|F2,era5loc_ed480fff4117,era5loc_ed480fff4117|2019,FRANCE,APA,2019,127,2019-06-06,20,False,1,0.11444444444444445,11.444444444444445,1.7000000000000002,persistence_BASF_frozen
2019|M5|bloc1|APA,2019,2019-06-13,M5,bloc1,APA,5.222222222222222,9,1,0,"1701,1702,1703,1704,1705,1706,1707,1708,1709,1710",3,2019|M5|bloc1|APA|F3,era5loc_ed480fff4117,era5loc_ed480fff4117|2019,FRANCE,APA,2019,128,2019-06-06,7,False,2,0.052222222222222225,5.222222222222222,2.3,persistence_BASF_frozen
2019|M5|bloc1|APA,2019,2019-06-18,M5,bloc1,APA,8.88888888888889,9,1,0,"2121,2122,2123,2124,2125,2126,2127,2128,2129,2130",3,2019|M5|bloc1|APA|F3,era5loc_ed480fff4117,era5loc_ed480fff4117|2019,FRANCE,APA,2019,128,2019-06-06,12,False,2,0.08888888888888889,8.88888888888889,2.3,persistence_BASF_frozen
2019|M5|bloc1|APA,2019,2019-06-26,M5,bloc1,APA,14.4,5,5,0,"1601,1602,1603,1604,1605,1606,1607,1608,1609,1610",3,2019|M5|bloc1|APA|F3,era5loc_ed480fff4117,era5loc_ed480fff4117|2019,FRANCE,APA,2019,128,2019-06-06,20,False,2,0.14400000000000002,14.4,2.3,persistence_BASF_frozen
2019|M5|bloc1|CEL,2019,2019-06-13,M5,bloc1,CEL,0.4,10,0,0,"1711,1712,1713,1714,1715,1716,1717,1718,1719,1720",1,2019|M5|bloc1|CEL|F1,era5loc_ed480fff4117,era5loc_ed480fff4117|2019,FRANCE,CEL,2019,129,2019-06-06,7,False,0,0.004,0.4,0.3,persistence_BASF_frozen
2019|M5|bloc1|CEL,2019,2019-06-18,M5,bloc1,CEL,0.5,10,0,0,"2131,2132,2133,2134,2135,2136,2137,2138,2139,2140",1,2019|M5|bloc1|CEL|F1,era5loc_ed480fff4117,era5loc_ed480fff4117|2019,FRANCE,CEL,2019,129,2019-06-06,12,False,0,0.005,0.5,0.3,persistence_BASF_frozen
2019|M5|bloc1|CEL,2019,2019-06-26,M5,bloc1,CEL,1.8,10,0,0,"1611,1612,1613,1614,1615,1616,1617,1618,1619,1620",1,2019|M5|bloc1|CEL|F1,era5loc_ed480fff4117,era5loc_ed480fff4117|2019,FRANCE,CEL,2019,129,2019-06-06,20,False,0,0.018000000000000002,1.8,0.3,persistence_BASF_frozen
2019|M5|bloc1|CEL,2019,2019-06-13,M5,bloc1,CEL,1.0,10,0,0,"1711,1712,1713,1714,1715,1716,1717,1718,1719,1720",2,2019|M5|bloc1|CEL|F2,era5loc_ed480fff4117,era5loc_ed480fff4117|2019,FRANCE,CEL,2019,130,2019-06-06,7,False,1,0.01,1.0,0.4,persistence_BASF_frozen
2019|M5|bloc1|CEL,2019,2019-06-18,M5,bloc1,CEL,1.1,10,0,0,"2131,2132,2133,2134,2135,2136,2137,2138,2139,2140",2,2019|M5|bloc1|CEL|F2,era5loc_ed480fff4117,era5loc_ed480fff4117|2019,FRANCE,CEL,2019,130,2019-06-06,12,False,1,0.011000000000000001,1.1,0.4,persistence_BASF_frozen
2019|M5|bloc1|CEL,2019,2019-06-26,M5,bloc1,CEL,3.5,10,0,0,"1611,1612,1613,1614,1615,1616,1617,1618,1619,1620",2,2019|M5|bloc1|CEL|F2,era5loc_ed480fff4117,era5loc_ed480fff4117|2019,FRANCE,CEL,2019,130,2019-06-06,20,False,1,0.035,3.5,0.4,persistence_BASF_frozen
2019|M5|bloc1|CEL,2019,2019-06-13,M5,bloc1,CEL,1.9,10,0,0,"1711,1712,1713,1714,1715,1716,1717,1718,1719,1720",3,2019|M5|bloc1|CEL|F3,era5loc_ed480fff4117,era5loc_ed480fff4117|2019,FRANCE,CEL,2019,131,2019-06-06,7,False,2,0.019,1.9,0.9000000000000001,persistence_BASF_frozen
2019|M5|bloc1|CEL,2019,2019-06-18,M5,bloc1,CEL,2.2,10,0,0,"2131,2132,2133,2134,2135,2136,2137,2138,2139,2140",3,2019|M5|bloc1|CEL|F3,era5loc_ed480fff4117,era5loc_ed480fff4117|2019,FRANCE,CEL,2019,131,2019-06-06,12,False,2,0.022000000000000002,2.2,0.9000000000000001,persistence_BASF_frozen
2019|M5|bloc1|CEL,2019,2019-06-26,M5,bloc1,CEL,7.2,10,0,0,"1611,1612,1613,1614,1615,1616,1617,1618,1619,1620",3,2019|M5|bloc1|CEL|F3,era5loc_ed480fff4117,era5loc_ed480fff4117|2019,FRANCE,CEL,2019,131,2019-06-06,20,False,2,0.07200000000000001,7.2,0.9000000000000001,persistence_BASF_frozen
2019|M5|bloc2|APA,2019,2019-06-13,M5,bloc2,APA,0.8,10,0,0,"1781,1782,1783,1784,1785,1786,1787,1788,1789,1790",1,2019|M5|bloc2|APA|F1,era5loc_ed480fff4117,era5loc_ed480fff4117|2019,FRANCE,APA,2019,132,2019-06-06,7,False,0,0.008,0.8,0.4,persistence_BASF_frozen
2019|M5|bloc2|APA,2019,2019-06-18,M5,bloc2,APA,1.8,10,0,0,"2021,2022,2023,2024,2025,2026,2027,2028,2029,2030",1,2019|M5|bloc2|APA|F1,era5loc_ed480fff4117,era5loc_ed480fff4117|2019,FRANCE,APA,2019,132,2019-06-06,12,False,0,0.018000000000000002,1.8,0.4,persistence_BASF_frozen
2019|M5|bloc2|APA,2019,2019-06-26,M5,bloc2,APA,7.7,10,0,0,"1521,1522,1523,1524,1525,1526,1527,1528,1529,1530",1,2019|M5|bloc2|APA|F1,era5loc_ed480fff4117,era5loc_ed480fff4117|2019,FRANCE,APA,2019,132,2019-06-06,20,False,0,0.077,7.7,0.4,persistence_BASF_frozen
2019|M5|bloc2|APA,2019,2019-06-13,M5,bloc2,APA,3.0,10,0,0,"1781,1782,1783,1784,1785,1786,1787,1788,1789,1790",2,2019|M5|bloc2|APA|F2,era5loc_ed480fff4117,era5loc_ed480fff4117|2019,FRANCE,APA,2019,133,2019-06-06,7,False,1,0.03,3.0,1.5,persistence_BASF_frozen
2019|M5|bloc2|APA,2019,2019-06-18,M5,bloc2,APA,5.4,10,0,0,"2021,2022,2023,2024,2025,2026,2027,2028,2029,2030",2,2019|M5|bloc2|APA|F2,era5loc_ed480fff4117,era5loc_ed480fff4117|2019,FRANCE,APA,2019,133,2019-06-06,12,False,1,0.054000000000000006,5.4,1.5,persistence_BASF_frozen
2019|M5|bloc2|APA,2019,2019-06-26,M5,bloc2,APA,8.0,10,0,0,"1521,1522,1523,1524,1525,1526,1527,1528,1529,1530",2,2019|M5|bloc2|APA|F2,era5loc_ed480fff4117,era5loc_ed480fff4117|2019,FRANCE,APA,2019,133,2019-06-06,20,False,1,0.08,8.0,1.5,persistence_BASF_frozen
2019|M5|bloc2|APA,2019,2019-06-13,M5,bloc2,APA,7.8,10,0,0,"1781,1782,1783,1784,1785,1786,1787,1788,1789,1790",3,2019|M5|bloc2|APA|F3,era5loc_ed480fff4117,era5loc_ed480fff4117|2019,FRANCE,APA,2019,134,2019-06-06,7,False,2,0.078,7.8,4.6,persistence_BASF_frozen
2019|M5|bloc2|APA,2019,2019-06-18,M5,bloc2,APA,11.25,8,1,1,"2021,2022,2023,2024,2025,2026,2027,2028,2029,2030",3,2019|M5|bloc2|APA|F3,era5loc_ed480fff4117,era5loc_ed480fff4117|2019,FRANCE,APA,2019,134,2019-06-06,12,False,2,0.1125,11.25,4.6,persistence_BASF_frozen
2019|M5|bloc2|APA,2019,2019-06-26,M5,bloc2,APA,5.0,1,9,0,"1521,1522,1523,1524,1525,1526,1527,1528,1529,1530",3,2019|M5|bloc2|APA|F3,era5loc_ed480fff4117,era5loc_ed480fff4117|2019,FRANCE,APA,2019,134,2019-06-06,20,False,2,0.05,5.0,4.6,persistence_BASF_frozen
2019|M5|bloc2|CEL,2019,2019-06-13,M5,bloc2,CEL,0.4,10,0,0,"1791,1792,1793,1794,1795,1796,1797,1798,1799,1800",1,2019|M5|bloc2|CEL|F1,era5loc_ed480fff4117,era5loc_ed480fff4117|2019,FRANCE,CEL,2019,135,2019-06-06,7,False,0,0.004,0.4,0.1,persistence_BASF_frozen
2019|M5|bloc2|CEL,2019,2019-06-18,M5,bloc2,CEL,0.3,10,0,0,"2031,2032,2033,2034,2035,2036,2037,2038,2039,2040",1,2019|M5|bloc2|CEL|F1,era5loc_ed480fff4117,era5loc_ed480fff4117|2019,FRANCE,CEL,2019,135,2019-06-06,12,False,0,0.003,0.3,0.1,persistence_BASF_frozen
2019|M5|bloc2|CEL,2019,2019-06-26,M5,bloc2,CEL,1.6,10,0,0,"1531,1532,1533,1534,1535,1536,1537,1538,1539,1540",1,2019|M5|bloc2|CEL|F1,era5loc_ed480fff4117,era5loc_ed480fff4117|2019,FRANCE,CEL,2019,135,2019-06-06,20,False,0,0.016,1.6,0.1,persistence_BASF_frozen
2019|M5|bloc2|CEL,2019,2019-06-13,M5,bloc2,CEL,1.1,10,0,0,"1791,1792,1793,1794,1795,1796,1797,1798,1799,1800",2,2019|M5|bloc2|CEL|F2,era5loc_ed480fff4117,era5loc_ed480fff4117|2019,FRANCE,CEL,2019,136,2019-06-06,7,False,1,0.011000000000000001,1.1,0.3,persistence_BASF_frozen
2019|M5|bloc2|CEL,2019,2019-06-18,M5,bloc2,CEL,1.3,10,0,0,"2031,2032,2033,2034,2035,2036,2037,2038,2039,2040",2,2019|M5|bloc2|CEL|F2,era5loc_ed480fff4117,era5loc_ed480fff4117|2019,FRANCE,CEL,2019,136,2019-06-06,12,False,1,0.013000000000000001,1.3,0.3,persistence_BASF_frozen
2019|M5|bloc2|CEL,2019,2019-06-26,M5,bloc2,CEL,2.4,10,0,0,"1531,1532,1533,1534,1535,1536,1537,1538,1539,1540",2,2019|M5|bloc2|CEL|F2,era5loc_ed480fff4117,era5loc_ed480fff4117|2019,FRANCE,CEL,2019,136,2019-06-06,20,False,1,0.024,2.4,0.3,persistence_BASF_frozen
2019|M5|bloc2|CEL,2019,2019-06-13,M5,bloc2,CEL,1.4,10,0,0,"1791,1792,1793,1794,1795,1796,1797,1798,1799,1800",3,2019|M5|bloc2|CEL|F3,era5loc_ed480fff4117,era5loc_ed480fff4117|2019,FRANCE,CEL,2019,137,2019-06-06,7,False,2,0.013999999999999999,1.4,0.3,persistence_BASF_frozen
2019|M5|bloc2|CEL,2019,2019-06-18,M5,bloc2,CEL,2.8,10,0,0,"2031,2032,2033,2034,2035,2036,2037,2038,2039,2040",3,2019|M5|bloc2|CEL|F3,era5loc_ed480fff4117,era5loc_ed480fff4117|2019,FRANCE,CEL,2019,137,2019-06-06,12,False,2,0.027999999999999997,2.8,0.3,persistence_BASF_frozen
2019|M5|bloc2|CEL,2019,2019-06-26,M5,bloc2,CEL,3.875,8,2,0,"1531,1532,1533,1534,1535,1536,1537,1538,1539,1540",3,2019|M5|bloc2|CEL|F3,era5loc_ed480fff4117,era5loc_ed480fff4117|2019,FRANCE,CEL,2019,137,2019-06-06,20,False,2,0.03875,3.875,0.3,persistence_BASF_frozen
2019|M5|bloc3|APA,2019,2019-06-12,M5,bloc3,APA,1.2222222222222223,9,0,1,"1861,1862,1863,1864,1865,1866,1867,1868,1869,1870",1,2019|M5|bloc3|APA|F1,era5loc_ed480fff4117,era5loc_ed480fff4117|2019,FRANCE,APA,2019,138,2019-06-03,9,False,0,0.012222222222222223,1.2222222222222223,0.2,persistence_BASF_frozen
2019|M5|bloc3|APA,2019,2019-06-18,M5,bloc3,APA,2.2222222222222223,9,0,1,"1981,1982,1983,1984,1985,1986,1987,1988,1989,1990",1,2019|M5|bloc3|APA|F1,era5loc_ed480fff4117,era5loc_ed480fff4117|2019,FRANCE,APA,2019,138,2019-06-03,15,False,0,0.022222222222222223,2.2222222222222223,0.2,persistence_BASF_frozen
2019|M5|bloc3|APA,2019,2019-06-25,M5,bloc3,APA,5.111111111111111,9,0,1,"1461,1462,1463,1464,1465,1466,1467,1468,1469,1470",1,2019|M5|bloc3|APA|F1,era5loc_ed480fff4117,era5loc_ed480fff4117|2019,FRANCE,APA,2019,138,2019-06-03,22,False,0,0.05111111111111111,5.111111111111111,0.2,persistence_BASF_frozen
2019|M5|bloc3|APA,2019,2019-06-12,M5,bloc3,APA,2.7,10,0,0,"1861,1862,1863,1864,1865,1866,1867,1868,1869,1870",2,2019|M5|bloc3|APA|F2,era5loc_ed480fff4117,era5loc_ed480fff4117|2019,FRANCE,APA,2019,139,2019-06-03,9,False,1,0.027000000000000003,2.7,0.5,persistence_BASF_frozen
2019|M5|bloc3|APA,2019,2019-06-18,M5,bloc3,APA,7.0,10,0,0,"1981,1982,1983,1984,1985,1986,1987,1988,1989,1990",2,2019|M5|bloc3|APA|F2,era5loc_ed480fff4117,era5loc_ed480fff4117|2019,FRANCE,APA,2019,139,2019-06-03,15,False,1,0.07,7.0,0.5,persistence_BASF_frozen
2019|M5|bloc3|APA,2019,2019-06-25,M5,bloc3,APA,14.5,10,0,0,"1461,1462,1463,1464,1465,1466,1467,1468,1469,1470",2,2019|M5|bloc3|APA|F2,era5loc_ed480fff4117,era5loc_ed480fff4117|2019,FRANCE,APA,2019,139,2019-06-03,22,False,1,0.145,14.5,0.5,persistence_BASF_frozen
2019|M5|bloc3|APA,2019,2019-06-12,M5,bloc3,APA,6.9,10,0,0,"1861,1862,1863,1864,1865,1866,1867,1868,1869,1870",3,2019|M5|bloc3|APA|F3,era5loc_ed480fff4117,era5loc_ed480fff4117|2019,FRANCE,APA,2019,140,2019-06-03,9,False,2,0.069,6.9,2.5,persistence_BASF_frozen
2019|M5|bloc3|APA,2019,2019-06-18,M5,bloc3,APA,11.5,10,0,0,"1981,1982,1983,1984,1985,1986,1987,1988,1989,1990",3,2019|M5|bloc3|APA|F3,era5loc_ed480fff4117,era5loc_ed480fff4117|2019,FRANCE,APA,2019,140,2019-06-03,15,False,2,0.115,11.5,2.5,persistence_BASF_frozen
2019|M5|bloc3|APA,2019,2019-06-25,M5,bloc3,APA,16.666666666666668,6,4,0,"1461,1462,1463,1464,1465,1466,1467,1468,1469,1470",3,2019|M5|bloc3|APA|F3,era5loc_ed480fff4117,era5loc_ed480fff4117|2019,FRANCE,APA,2019,140,2019-06-03,22,False,2,0.16666666666666669,16.666666666666668,2.5,persistence_BASF_frozen
2019|M5|bloc3|CEL,2019,2019-06-12,M5,bloc3,CEL,0.0,10,0,0,"1871,1872,1873,1874,1875,1876,1877,1878,1879,1880",1,2019|M5|bloc3|CEL|F1,era5loc_ed480fff4117,era5loc_ed480fff4117|2019,FRANCE,CEL,2019,141,2019-06-03,9,False,0,0.0,0.0,0.0,persistence_BASF_frozen
2019|M5|bloc3|CEL,2019,2019-06-18,M5,bloc3,CEL,0.0,10,0,0,"1991,1992,1993,1994,1995,1996,1997,1998,1999,2000",1,2019|M5|bloc3|CEL|F1,era5loc_ed480fff4117,era5loc_ed480fff4117|2019,FRANCE,CEL,2019,141,2019-06-03,15,False,0,0.0,0.0,0.0,persistence_BASF_frozen
2019|M5|bloc3|CEL,2019,2019-06-25,M5,bloc3,CEL,1.0,10,0,0,"1471,1472,1473,1474,1475,1476,1477,1478,1479,1480",1,2019|M5|bloc3|CEL|F1,era5loc_ed480fff4117,era5loc_ed480fff4117|2019,FRANCE,CEL,2019,141,2019-06-03,22,False,0,0.01,1.0,0.0,persistence_BASF_frozen
2019|M5|bloc3|CEL,2019,2019-06-12,M5,bloc3,CEL,0.0,10,0,0,"1871,1872,1873,1874,1875,1876,1877,1878,1879,1880",2,2019|M5|bloc3|CEL|F2,era5loc_ed480fff4117,era5loc_ed480fff4117|2019,FRANCE,CEL,2019,142,2019-06-03,9,False,1,0.0,0.0,0.0,persistence_BASF_frozen
2019|M5|bloc3|CEL,2019,2019-06-18,M5,bloc3,CEL,0.6,10,0,0,"1991,1992,1993,1994,1995,1996,1997,1998,1999,2000",2,2019|M5|bloc3|CEL|F2,era5loc_ed480fff4117,era5loc_ed480fff4117|2019,FRANCE,CEL,2019,142,2019-06-03,15,False,1,0.006,0.6,0.0,persistence_BASF_frozen
2019|M5|bloc3|CEL,2019,2019-06-25,M5,bloc3,CEL,1.1,10,0,0,"1471,1472,1473,1474,1475,1476,1477,1478,1479,1480",2,2019|M5|bloc3|CEL|F2,era5loc_ed480fff4117,era5loc_ed480fff4117|2019,FRANCE,CEL,2019,142,2019-06-03,22,False,1,0.011000000000000001,1.1,0.0,persistence_BASF_frozen
2019|M5|bloc3|CEL,2019,2019-06-12,M5,bloc3,CEL,1.1,10,0,0,"1871,1872,1873,1874,1875,1876,1877,1878,1879,1880",3,2019|M5|bloc3|CEL|F3,era5loc_ed480fff4117,era5loc_ed480fff4117|2019,FRANCE,CEL,2019,143,2019-06-03,9,False,2,0.011000000000000001,1.1,0.2222222222222222,persistence_BASF_frozen
2019|M5|bloc3|CEL,2019,2019-06-18,M5,bloc3,CEL,1.1,10,0,0,"1991,1992,1993,1994,1995,1996,1997,1998,1999,2000",3,2019|M5|bloc3|CEL|F3,era5loc_ed480fff4117,era5loc_ed480fff4117|2019,FRANCE,CEL,2019,143,2019-06-03,15,False,2,0.011000000000000001,1.1,0.2222222222222222,persistence_BASF_frozen
2019|M5|bloc3|CEL,2019,2019-06-25,M5,bloc3,CEL,4.3,10,0,0,"1471,1472,1473,1474,1475,1476,1477,1478,1479,1480",3,2019|M5|bloc3|CEL|F3,era5loc_ed480fff4117,era5loc_ed480fff4117|2019,FRANCE,CEL,2019,143,2019-06-03,22,False,2,0.043,4.3,0.2222222222222222,persistence_BASF_frozen
2018|M1|bloc1|APA,2018,2018-05-28,M1,bloc1,APA,0.0,10,0,0,"641,642,643,644,645,646,647,648,649,650",1,2018|M1|bloc1|APA|F1,era5loc_ed480fff4117,era5loc_ed480fff4117|2018,FRANCE,APA,2018,0,2018-05-11,17,False,0,0.0,0.0,4.745799470307013,global_logit_trend_BASF_frozen
2018|M1|bloc1|APA,2018,2018-06-09,M1,bloc1,APA,2.0,10,0,0,"881,882,883,884,885,886,887,888,889,890",1,2018|M1|bloc1|APA|F1,era5loc_ed480fff4117,era5loc_ed480fff4117|2018,FRANCE,APA,2018,0,2018-05-11,29,False,0,0.02,2.0,20.1011558619234,global_logit_trend_BASF_frozen
2018|M1|bloc1|APA,2018,2018-06-15,M1,bloc1,APA,15.0,10,0,0,"1121,1122,1123,1124,1125,1126,1127,1128,1129,1130",1,2018|M1|bloc1|APA|F1,era5loc_ed480fff4117,era5loc_ed480fff4117|2018,FRANCE,APA,2018,0,2018-05-11,35,False,0,0.15,15.0,36.1160337205509,global_logit_trend_BASF_frozen
2018|M1|bloc1|APA,2018,2018-05-28,M1,bloc1,APA,0.6,10,0,0,"641,642,643,644,645,646,647,648,649,650",2,2018|M1|bloc1|APA|F2,era5loc_ed480fff4117,era5loc_ed480fff4117|2018,FRANCE,APA,2018,1,2018-05-11,17,False,1,0.006,0.6,4.745799470307013,global_logit_trend_BASF_frozen
2018|M1|bloc1|APA,2018,2018-06-09,M1,bloc1,APA,7.8,10,0,0,"881,882,883,884,885,886,887,888,889,890",2,2018|M1|bloc1|APA|F2,era5loc_ed480fff4117,era5loc_ed480fff4117|2018,FRANCE,APA,2018,1,2018-05-11,29,False,1,0.078,7.8,20.1011558619234,global_logit_trend_BASF_frozen
2018|M1|bloc1|APA,2018,2018-05-28,M1,bloc1,APA,4.8,10,0,0,"641,642,643,644,645,646,647,648,649,650",3,2018|M1|bloc1|APA|F3,era5loc_ed480fff4117,era5loc_ed480fff4117|2018,FRANCE,APA,2018,2,2018-05-11,17,False,2,0.048,4.8,66.68888461581638,global_logit_trend_BASF_frozen
2018|M1|bloc1|APA,2018,2018-06-09,M1,bloc1,APA,13.3,10,0,0,"881,882,883,884,885,886,887,888,889,890",3,2018|M1|bloc1|APA|F3,era5loc_ed480fff4117,era5loc_ed480fff4117|2018,FRANCE,APA,2018,2,2018-05-11,29,False,2,0.133,13.3,90.99850412204678,global_logit_trend_BASF_frozen
2018|M1|bloc2|APA,2018,2018-05-28,M1,bloc2,APA,1.0,9,0,1,"561,562,563,564,565,566,567,568,569,570",1,2018|M1|bloc2|APA|F1,era5loc_ed480fff4117,era5loc_ed480fff4117|2018,FRANCE,APA,2018,3,2018-05-11,17,False,0,0.01,1.0,4.745799470307013,global_logit_trend_BASF_frozen
2018|M1|bloc2|APA,2018,2018-06-09,M1,bloc2,APA,3.6,10,0,0,"801,802,803,804,805,806,807,808,809,810",1,2018|M1|bloc2|APA|F1,era5loc_ed480fff4117,era5loc_ed480fff4117|2018,FRANCE,APA,2018,3,2018-05-11,29,False,0,0.036000000000000004,3.6,20.1011558619234,global_logit_trend_BASF_frozen
2018|M1|bloc2|APA,2018,2018-06-15,M1,bloc2,APA,25.0,10,0,0,"1041,1042,1043,1044,1045,1046,1047,1048,1049,1050",1,2018|M1|bloc2|APA|F1,era5loc_ed480fff4117,era5loc_ed480fff4117|2018,FRANCE,APA,2018,3,2018-05-11,35,False,0,0.25,25.0,36.1160337205509,global_logit_trend_BASF_frozen
2018|M1|bloc2|APA,2018,2018-05-28,M1,bloc2,APA,1.7,10,0,0,"561,562,563,564,565,566,567,568,569,570",2,2018|M1|bloc2|APA|F2,era5loc_ed480fff4117,era5loc_ed480fff4117|2018,FRANCE,APA,2018,4,2018-05-11,17,False,1,0.017,1.7,5.646768317272093,global_logit_trend_BASF_frozen
2018|M1|bloc2|APA,2018,2018-06-09,M1,bloc2,APA,14.4,10,0,0,"801,802,803,804,805,806,807,808,809,810",2,2018|M1|bloc2|APA|F2,era5loc_ed480fff4117,era5loc_ed480fff4117|2018,FRANCE,APA,2018,4,2018-05-11,29,False,1,0.14400000000000002,14.4,23.207045494929464,global_logit_trend_BASF_frozen
2018|M1|bloc2|APA,2018,2018-05-28,M1,bloc2,APA,14.5,10,0,0,"561,562,563,564,565,566,567,568,569,570",3,2018|M1|bloc2|APA|F3,era5loc_ed480fff4117,era5loc_ed480fff4117|2018,FRANCE,APA,2018,5,2018-05-11,17,False,2,0.145,14.5,71.88336499993329,global_logit_trend_BASF_frozen
2018|M1|bloc2|APA,2018,2018-06-09,M1,bloc2,APA,23.333333333333332,9,0,1,"801,802,803,804,805,806,807,808,809,810",3,2018|M1|bloc2|APA|F3,era5loc_ed480fff4117,era5loc_ed480fff4117|2018,FRANCE,APA,2018,5,2018-05-11,29,False,2,0.2333333333333333,23.333333333333332,92.81083676086574,global_logit_trend_BASF_frozen
2018|M1|bloc3|APA,2018,2018-05-28,M1,bloc3,APA,0.0,10,0,0,"481,482,483,484,485,486,487,488,489,490",1,2018|M1|bloc3|APA|F1,era5loc_ed480fff4117,era5loc_ed480fff4117|2018,FRANCE,APA,2018,6,2018-05-11,17,False,0,0.0,0.0,4.745799470307013,global_logit_trend_BASF_frozen
2018|M1|bloc3|APA,2018,2018-06-09,M1,bloc3,APA,3.7,10,0,0,"721,722,723,724,725,726,727,728,729,730",1,2018|M1|bloc3|APA|F1,era5loc_ed480fff4117,era5loc_ed480fff4117|2018,FRANCE,APA,2018,6,2018-05-11,29,False,0,0.037000000000000005,3.7,20.1011558619234,global_logit_trend_BASF_frozen
2018|M1|bloc3|APA,2018,2018-06-15,M1,bloc3,APA,15.5,10,0,0,"961,962,963,964,965,966,967,968,969,970",1,2018|M1|bloc3|APA|F1,era5loc_ed480fff4117,era5loc_ed480fff4117|2018,FRANCE,APA,2018,6,2018-05-11,35,False,0,0.155,15.5,36.1160337205509,global_logit_trend_BASF_frozen
2018|M1|bloc3|APA,2018,2018-05-28,M1,bloc3,APA,0.3,10,0,0,"481,482,483,484,485,486,487,488,489,490",2,2018|M1|bloc3|APA|F2,era5loc_ed480fff4117,era5loc_ed480fff4117|2018,FRANCE,APA,2018,7,2018-05-11,17,False,1,0.003,0.3,4.745799470307013,global_logit_trend_BASF_frozen
2018|M1|bloc3|APA,2018,2018-06-09,M1,bloc3,APA,15.7,10,0,0,"721,722,723,724,725,726,727,728,729,730",2,2018|M1|bloc3|APA|F2,era5loc_ed480fff4117,era5loc_ed480fff4117|2018,FRANCE,APA,2018,7,2018-05-11,29,False,1,0.157,15.7,20.1011558619234,global_logit_trend_BASF_frozen
2018|M1|bloc3|APA,2018,2018-05-28,M1,bloc3,APA,15.4,10,0,0,"481,482,483,484,485,486,487,488,489,490",3,2018|M1|bloc3|APA|F3,era5loc_ed480fff4117,era5loc_ed480fff4117|2018,FRANCE,APA,2018,8,2018-05-11,17,False,2,0.154,15.4,58.168467212664275,global_logit_trend_BASF_frozen
2018|M1|bloc3|APA,2018,2018-06-09,M1,bloc3,APA,34.5,10,0,0,"721,722,723,724,725,726,727,728,729,730",3,2018|M1|bloc3|APA|F3,era5loc_ed480fff4117,era5loc_ed480fff4117|2018,FRANCE,APA,2018,8,2018-05-11,29,False,2,0.345,34.5,87.53373559425512,global_logit_trend_BASF_frozen
2018|M2|bloc1|CEL,2018,2018-05-28,M2,bloc1,CEL,0.2,10,0,0,"651,652,653,654,655,656,657,658,659,660",1,2018|M2|bloc1|CEL|F1,era5loc_ed480fff4117,era5loc_ed480fff4117|2018,FRANCE,CEL,2018,9,2018-05-11,17,False,0,0.002,0.2,4.745799470307013,global_logit_trend_BASF_frozen
2018|M2|bloc1|CEL,2018,2018-06-09,M2,bloc1,CEL,5.2,10,0,0,"891,892,893,894,895,896,897,898,899,900",1,2018|M2|bloc1|CEL|F1,era5loc_ed480fff4117,era5loc_ed480fff4117|2018,FRANCE,CEL,2018,9,2018-05-11,29,False,0,0.052000000000000005,5.2,20.1011558619234,global_logit_trend_BASF_frozen
2018|M2|bloc1|CEL,2018,2018-06-15,M2,bloc1,CEL,11.6,10,0,0,"1131,1132,1133,1134,1135,1136,1137,1138,1139,1140",1,2018|M2|bloc1|CEL|F1,era5loc_ed480fff4117,era5loc_ed480fff4117|2018,FRANCE,CEL,2018,9,2018-05-11,35,False,0,0.11599999999999999,11.6,36.1160337205509,global_logit_trend_BASF_frozen
2018|M2|bloc1|CEL,2018,2018-05-28,M2,bloc1,CEL,0.4,10,0,0,"651,652,653,654,655,656,657,658,659,660",2,2018|M2|bloc1|CEL|F2,era5loc_ed480fff4117,era5loc_ed480fff4117|2018,FRANCE,CEL,2018,10,2018-05-11,17,False,1,0.004,0.4,4.745799470307013,global_logit_trend_BASF_frozen
2018|M2|bloc1|CEL,2018,2018-06-09,M2,bloc1,CEL,12.3,10,0,0,"891,892,893,894,895,896,897,898,899,900",2,2018|M2|bloc1|CEL|F2,era5loc_ed480fff4117,era5loc_ed480fff4117|2018,FRANCE,CEL,2018,10,2018-05-11,29,False,1,0.12300000000000001,12.3,20.1011558619234,global_logit_trend_BASF_frozen
2018|M2|bloc1|CEL,2018,2018-05-28,M2,bloc1,CEL,7.9,10,0,0,"651,652,653,654,655,656,657,658,659,660",3,2018|M2|bloc1|CEL|F3,era5loc_ed480fff4117,era5loc_ed480fff4117|2018,FRANCE,CEL,2018,11,2018-05-11,17,False,2,0.079,7.9,58.168467212664275,global_logit_trend_BASF_frozen
2018|M2|bloc1|CEL,2018,2018-06-09,M2,bloc1,CEL,23.88888888888889,9,0,1,"891,892,893,894,895,896,897,898,899,900",3,2018|M2|bloc1|CEL|F3,era5loc_ed480fff4117,era5loc_ed480fff4117|2018,FRANCE,CEL,2018,11,2018-05-11,29,False,2,0.2388888888888889,23.88888888888889,87.53373559425512,global_logit_trend_BASF_frozen
2018|M2|bloc2|CEL,2018,2018-05-28,M2,bloc2,CEL,0.0,10,0,0,"571,572,573,574,575,576,577,578,579,580",1,2018|M2|bloc2|CEL|F1,era5loc_ed480fff4117,era5loc_ed480fff4117|2018,FRANCE,CEL,2018,12,2018-05-11,17,False,0,0.0,0.0,4.745799470307013,global_logit_trend_BASF_frozen
2018|M2|bloc2|CEL,2018,2018-06-09,M2,bloc2,CEL,1.1,10,0,0,"811,812,813,814,815,816,817,818,819,820",1,2018|M2|bloc2|CEL|F1,era5loc_ed480fff4117,era5loc_ed480fff4117|2018,FRANCE,CEL,2018,12,2018-05-11,29,False,0,0.011000000000000001,1.1,20.1011558619234,global_logit_trend_BASF_frozen
2018|M2|bloc2|CEL,2018,2018-06-15,M2,bloc2,CEL,5.5,10,0,0,"1051,1052,1053,1054,1055,1056,1057,1058,1059,1060",1,2018|M2|bloc2|CEL|F1,era5loc_ed480fff4117,era5loc_ed480fff4117|2018,FRANCE,CEL,2018,12,2018-05-11,35,False,0,0.055,5.5,36.1160337205509,global_logit_trend_BASF_frozen
2018|M2|bloc2|CEL,2018,2018-05-28,M2,bloc2,CEL,0.3,10,0,0,"571,572,573,574,575,576,577,578,579,580",2,2018|M2|bloc2|CEL|F2,era5loc_ed480fff4117,era5loc_ed480fff4117|2018,FRANCE,CEL,2018,13,2018-05-11,17,False,1,0.003,0.3,4.745799470307013,global_logit_trend_BASF_frozen
2018|M2|bloc2|CEL,2018,2018-06-09,M2,bloc2,CEL,13.4,10,0,0,"811,812,813,814,815,816,817,818,819,820",2,2018|M2|bloc2|CEL|F2,era5loc_ed480fff4117,era5loc_ed480fff4117|2018,FRANCE,CEL,2018,13,2018-05-11,29,False,1,0.134,13.4,20.1011558619234,global_logit_trend_BASF_frozen
2018|M2|bloc2|CEL,2018,2018-05-28,M2,bloc2,CEL,5.5,10,0,0,"571,572,573,574,575,576,577,578,579,580",3,2018|M2|bloc2|CEL|F3,era5loc_ed480fff4117,era5loc_ed480fff4117|2018,FRANCE,CEL,2018,14,2018-05-11,17,False,2,0.055,5.5,45.6157687992799,global_logit_trend_BASF_frozen
2018|M2|bloc2|CEL,2018,2018-06-09,M2,bloc2,CEL,24.0,10,0,0,"811,812,813,814,815,816,817,818,819,820",3,2018|M2|bloc2|CEL|F3,era5loc_ed480fff4117,era5loc_ed480fff4117|2018,FRANCE,CEL,2018,14,2018-05-11,29,False,2,0.24,24.0,80.89936447868611,global_logit_trend_BASF_frozen
2018|M2|bloc3|CEL,2018,2018-05-28,M2,bloc3,CEL,0.0,10,0,0,"491,492,493,494,495,496,497,498,499,500",1,2018|M2|bloc3|CEL|F1,era5loc_ed480fff4117,era5loc_ed480fff4117|2018,FRANCE,CEL,2018,15,2018-05-11,17,False,0,0.0,0.0,4.745799470307013,global_logit_trend_BASF_frozen
2018|M2|bloc3|CEL,2018,2018-06-09,M2,bloc3,CEL,0.5,10,0,0,"731,732,733,734,735,736,737,738,739,740",1,2018|M2|bloc3|CEL|F1,era5loc_ed480fff4117,era5loc_ed480fff4117|2018,FRANCE,CEL,2018,15,2018-05-11,29,False,0,0.005,0.5,20.1011558619234,global_logit_trend_BASF_frozen
2018|M2|bloc3|CEL,2018,2018-06-15,M2,bloc3,CEL,2.9,10,0,0,"971,972,973,974,975,976,977,978,979,980",1,2018|M2|bloc3|CEL|F1,era5loc_ed480fff4117,era5loc_ed480fff4117|2018,FRANCE,CEL,2018,15,2018-05-11,35,False,0,0.028999999999999998,2.9,36.1160337205509,global_logit_trend_BASF_frozen
2018|M2|bloc3|CEL,2018,2018-05-28,M2,bloc3,CEL,0.3,10,0,0,"491,492,493,494,495,496,497,498,499,500",2,2018|M2|bloc3|CEL|F2,era5loc_ed480fff4117,era5loc_ed480fff4117|2018,FRANCE,CEL,2018,16,2018-05-11,17,False,1,0.003,0.3,4.745799470307013,global_logit_trend_BASF_frozen
2018|M2|bloc3|CEL,2018,2018-06-09,M2,bloc3,CEL,10.222222222222221,9,0,1,"731,732,733,734,735,736,737,738,739,740",2,2018|M2|bloc3|CEL|F2,era5loc_ed480fff4117,era5loc_ed480fff4117|2018,FRANCE,CEL,2018,16,2018-05-11,29,False,1,0.10222222222222221,10.222222222222221,20.1011558619234,global_logit_trend_BASF_frozen
2018|M2|bloc3|CEL,2018,2018-05-28,M2,bloc3,CEL,7.6,10,0,0,"491,492,493,494,495,496,497,498,499,500",3,2018|M2|bloc3|CEL|F3,era5loc_ed480fff4117,era5loc_ed480fff4117|2018,FRANCE,CEL,2018,17,2018-05-11,17,False,2,0.076,7.6,46.2984988055949,global_logit_trend_BASF_frozen
2018|M2|bloc3|CEL,2018,2018-06-09,M2,bloc3,CEL,18.125,8,0,2,"731,732,733,734,735,736,737,738,739,740",3,2018|M2|bloc3|CEL|F3,era5loc_ed480fff4117,era5loc_ed480fff4117|2018,FRANCE,CEL,2018,17,2018-05-11,29,False,2,0.18125,18.125,81.32053418690265,global_logit_trend_BASF_frozen
2018|M3|bloc1|APA,2018,2018-05-28,M3,bloc1,APA,0.0,10,0,0,"661,662,663,664,665,666,667,668,669,670",1,2018|M3|bloc1|APA|F1,era5loc_ed480fff4117,era5loc_ed480fff4117|2018,FRANCE,APA,2018,18,2018-05-11,17,False,0,0.0,0.0,4.745799470307013,global_logit_trend_BASF_frozen
2018|M3|bloc1|APA,2018,2018-06-09,M3,bloc1,APA,1.2,10,0,0,"901,902,903,904,905,906,907,908,909,910",1,2018|M3|bloc1|APA|F1,era5loc_ed480fff4117,era5loc_ed480fff4117|2018,FRANCE,APA,2018,18,2018-05-11,29,False,0,0.012,1.2,20.1011558619234,global_logit_trend_BASF_frozen
2018|M3|bloc1|APA,2018,2018-06-15,M3,bloc1,APA,10.0,10,0,0,"1141,1142,1143,1144,1145,1146,1147,1148,1149,1150",1,2018|M3|bloc1|APA|F1,era5loc_ed480fff4117,era5loc_ed480fff4117|2018,FRANCE,APA,2018,18,2018-05-11,35,False,0,0.1,10.0,36.1160337205509,global_logit_trend_BASF_frozen
2018|M3|bloc1|APA,2018,2018-05-28,M3,bloc1,APA,0.9,10,0,0,"661,662,663,664,665,666,667,668,669,670",2,2018|M3|bloc1|APA|F2,era5loc_ed480fff4117,era5loc_ed480fff4117|2018,FRANCE,APA,2018,19,2018-05-11,17,False,1,0.009000000000000001,0.9,4.745799470307013,global_logit_trend_BASF_frozen
2018|M3|bloc1|APA,2018,2018-06-09,M3,bloc1,APA,6.0,8,0,2,"901,902,903,904,905,906,907,908,909,910",2,2018|M3|bloc1|APA|F2,era5loc_ed480fff4117,era5loc_ed480fff4117|2018,FRANCE,APA,2018,19,2018-05-11,29,False,1,0.06,6.0,20.1011558619234,global_logit_trend_BASF_frozen
2018|M3|bloc1|APA,2018,2018-05-28,M3,bloc1,APA,2.5,10,0,0,"661,662,663,664,665,666,667,668,669,670",3,2018|M3|bloc1|APA|F3,era5loc_ed480fff4117,era5loc_ed480fff4117|2018,FRANCE,APA,2018,20,2018-05-11,17,False,2,0.025,2.5,48.58007825500103,global_logit_trend_BASF_frozen
2018|M3|bloc1|APA,2018,2018-06-09,M3,bloc1,APA,10.0,5,0,5,"901,902,903,904,905,906,907,908,909,910",3,2018|M3|bloc1|APA|F3,era5loc_ed480fff4117,era5loc_ed480fff4117|2018,FRANCE,APA,2018,20,2018-05-11,29,False,2,0.1,10.0,82.67107906012203,global_logit_trend_BASF_frozen
2018|M3|bloc1|CEL,2018,2018-05-28,M3,bloc1,CEL,0.0,10,0,0,"671,672,673,674,675,676,677,678,679,680",1,2018|M3|bloc1|CEL|F1,era5loc_ed480fff4117,era5loc_ed480fff4117|2018,FRANCE,CEL,2018,21,2018-05-11,17,False,0,0.0,0.0,4.745799470307013,global_logit_trend_BASF_frozen
2018|M3|bloc1|CEL,2018,2018-06-09,M3,bloc1,CEL,1.5,10,0,0,"911,912,913,914,915,916,917,918,919,920",1,2018|M3|bloc1|CEL|F1,era5loc_ed480fff4117,era5loc_ed480fff4117|2018,FRANCE,CEL,2018,21,2018-05-11,29,False,0,0.015,1.5,20.1011558619234,global_logit_trend_BASF_frozen
2018|M3|bloc1|CEL,2018,2018-06-15,M3,bloc1,CEL,6.7,10,0,0,"1151,1152,1153,1154,1155,1156,1157,1158,1159,1160",1,2018|M3|bloc1|CEL|F1,era5loc_ed480fff4117,era5loc_ed480fff4117|2018,FRANCE,CEL,2018,21,2018-05-11,35,False,0,0.067,6.7,36.1160337205509,global_logit_trend_BASF_frozen
2018|M3|bloc1|CEL,2018,2018-05-28,M3,bloc1,CEL,0.1,10,0,0,"671,672,673,674,675,676,677,678,679,680",2,2018|M3|bloc1|CEL|F2,era5loc_ed480fff4117,era5loc_ed480fff4117|2018,FRANCE,CEL,2018,22,2018-05-11,17,False,1,0.001,0.1,4.745799470307013,global_logit_trend_BASF_frozen
2018|M3|bloc1|CEL,2018,2018-06-09,M3,bloc1,CEL,4.2,10,0,0,"911,912,913,914,915,916,917,918,919,920",2,2018|M3|bloc1|CEL|F2,era5loc_ed480fff4117,era5loc_ed480fff4117|2018,FRANCE,CEL,2018,22,2018-05-11,29,False,1,0.042,4.2,20.1011558619234,global_logit_trend_BASF_frozen
2018|M3|bloc1|CEL,2018,2018-05-28,M3,bloc1,CEL,7.777777777777778,9,0,1,"671,672,673,674,675,676,677,678,679,680",3,2018|M3|bloc1|CEL|F3,era5loc_ed480fff4117,era5loc_ed480fff4117|2018,FRANCE,CEL,2018,23,2018-05-11,17,False,2,0.07777777777777778,7.777777777777778,57.016103130797134,global_logit_trend_BASF_frozen
2018|M3|bloc1|CEL,2018,2018-06-09,M3,bloc1,CEL,8.571428571428571,7,0,3,"911,912,913,914,915,916,917,918,919,920",3,2018|M3|bloc1|CEL|F3,era5loc_ed480fff4117,era5loc_ed480fff4117|2018,FRANCE,CEL,2018,23,2018-05-11,29,False,2,0.08571428571428572,8.571428571428571,87.00966207067341,global_logit_trend_BASF_frozen
2018|M3|bloc2|APA,2018,2018-05-28,M3,bloc2,APA,0.2,10,0,0,"581,582,583,584,585,586,587,588,589,590",1,2018|M3|bloc2|APA|F1,era5loc_ed480fff4117,era5loc_ed480fff4117|2018,FRANCE,APA,2018,24,2018-05-11,17,False,0,0.002,0.2,4.745799470307013,global_logit_trend_BASF_frozen
2018|M3|bloc2|APA,2018,2018-06-09,M3,bloc2,APA,4.9,10,0,0,"821,822,823,824,825,826,827,828,829,830",1,2018|M3|bloc2|APA|F1,era5loc_ed480fff4117,era5loc_ed480fff4117|2018,FRANCE,APA,2018,24,2018-05-11,29,False,0,0.049,4.9,20.1011558619234,global_logit_trend_BASF_frozen
2018|M3|bloc2|APA,2018,2018-06-15,M3,bloc2,APA,6.5,10,0,0,"1061,1062,1063,1064,1065,1066,1067,1068,1069,1070",1,2018|M3|bloc2|APA|F1,era5loc_ed480fff4117,era5loc_ed480fff4117|2018,FRANCE,APA,2018,24,2018-05-11,35,False,0,0.065,6.5,36.1160337205509,global_logit_trend_BASF_frozen
2018|M3|bloc2|APA,2018,2018-05-28,M3,bloc2,APA,0.7,10,0,0,"581,582,583,584,585,586,587,588,589,590",2,2018|M3|bloc2|APA|F2,era5loc_ed480fff4117,era5loc_ed480fff4117|2018,FRANCE,APA,2018,25,2018-05-11,17,False,1,0.006999999999999999,0.7,4.745799470307013,global_logit_trend_BASF_frozen
2018|M3|bloc2|APA,2018,2018-06-09,M3,bloc2,APA,16.0,10,0,0,"821,822,823,824,825,826,827,828,829,830",2,2018|M3|bloc2|APA|F2,era5loc_ed480fff4117,era5loc_ed480fff4117|2018,FRANCE,APA,2018,25,2018-05-11,29,False,1,0.16,16.0,20.1011558619234,global_logit_trend_BASF_frozen
2018|M3|bloc2|APA,2018,2018-05-28,M3,bloc2,APA,10.333333333333334,9,0,1,"581,582,583,584,585,586,587,588,589,590",3,2018|M3|bloc2|APA|F3,era5loc_ed480fff4117,era5loc_ed480fff4117|2018,FRANCE,APA,2018,26,2018-05-11,17,False,2,0.10333333333333333,10.333333333333334,67.00449469131429,global_logit_trend_BASF_frozen
2018|M3|bloc2|APA,2018,2018-06-09,M3,bloc2,APA,34.333333333333336,6,0,4,"821,822,823,824,825,826,827,828,829,830",3,2018|M3|bloc2|APA|F3,era5loc_ed480fff4117,era5loc_ed480fff4117|2018,FRANCE,APA,2018,26,2018-05-11,29,False,2,0.3433333333333334,34.333333333333336,91.11447790560014,global_logit_trend_BASF_frozen
2018|M3|bloc2|CEL,2018,2018-05-28,M3,bloc2,CEL,0.0,10,0,0,"591,592,593,594,595,596,597,598,599,600",1,2018|M3|bloc2|CEL|F1,era5loc_ed480fff4117,era5loc_ed480fff4117|2018,FRANCE,CEL,2018,27,2018-05-11,17,False,0,0.0,0.0,4.745799470307013,global_logit_trend_BASF_frozen
2018|M3|bloc2|CEL,2018,2018-06-09,M3,bloc2,CEL,3.1,10,0,0,"831,832,833,834,835,836,837,838,839,840",1,2018|M3|bloc2|CEL|F1,era5loc_ed480fff4117,era5loc_ed480fff4117|2018,FRANCE,CEL,2018,27,2018-05-11,29,False,0,0.031,3.1,20.1011558619234,global_logit_trend_BASF_frozen
2018|M3|bloc2|CEL,2018,2018-06-15,M3,bloc2,CEL,2.2,10,0,0,"1071,1072,1073,1074,1075,1076,1077,1078,1079,1080",1,2018|M3|bloc2|CEL|F1,era5loc_ed480fff4117,era5loc_ed480fff4117|2018,FRANCE,CEL,2018,27,2018-05-11,35,False,0,0.022000000000000002,2.2,36.1160337205509,global_logit_trend_BASF_frozen
2018|M3|bloc2|CEL,2018,2018-05-28,M3,bloc2,CEL,0.3,10,0,0,"591,592,593,594,595,596,597,598,599,600",2,2018|M3|bloc2|CEL|F2,era5loc_ed480fff4117,era5loc_ed480fff4117|2018,FRANCE,CEL,2018,28,2018-05-11,17,False,1,0.003,0.3,4.745799470307013,global_logit_trend_BASF_frozen
2018|M3|bloc2|CEL,2018,2018-06-09,M3,bloc2,CEL,6.666666666666667,9,0,1,"831,832,833,834,835,836,837,838,839,840",2,2018|M3|bloc2|CEL|F2,era5loc_ed480fff4117,era5loc_ed480fff4117|2018,FRANCE,CEL,2018,28,2018-05-11,29,False,1,0.06666666666666667,6.666666666666667,20.1011558619234,global_logit_trend_BASF_frozen
2018|M3|bloc2|CEL,2018,2018-05-28,M3,bloc2,CEL,2.5,10,0,0,"591,592,593,594,595,596,597,598,599,600",3,2018|M3|bloc2|CEL|F3,era5loc_ed480fff4117,era5loc_ed480fff4117|2018,FRANCE,CEL,2018,29,2018-05-11,17,False,2,0.025,2.5,32.83953379768821,global_logit_trend_BASF_frozen
2018|M3|bloc2|CEL,2018,2018-06-09,M3,bloc2,CEL,18.0,5,0,5,"831,832,833,834,835,836,837,838,839,840",3,2018|M3|bloc2|CEL|F3,era5loc_ed480fff4117,era5loc_ed480fff4117|2018,FRANCE,CEL,2018,29,2018-05-11,29,False,2,0.18,18.0,71.17407447366915,global_logit_trend_BASF_frozen
2018|M3|bloc3|APA,2018,2018-05-28,M3,bloc3,APA,0.0,10,0,0,"501,502,503,504,505,506,507,508,509,510",1,2018|M3|bloc3|APA|F1,era5loc_ed480fff4117,era5loc_ed480fff4117|2018,FRANCE,APA,2018,30,2018-05-11,17,False,0,0.0,0.0,4.745799470307013,global_logit_trend_BASF_frozen
2018|M3|bloc3|APA,2018,2018-06-09,M3,bloc3,APA,1.4,10,0,0,"741,742,743,744,745,746,747,748,749,750",1,2018|M3|bloc3|APA|F1,era5loc_ed480fff4117,era5loc_ed480fff4117|2018,FRANCE,APA,2018,30,2018-05-11,29,False,0,0.013999999999999999,1.4,20.1011558619234,global_logit_trend_BASF_frozen
2018|M3|bloc3|APA,2018,2018-06-15,M3,bloc3,APA,3.9,10,0,0,"981,982,983,984,985,986,987,988,989,990",1,2018|M3|bloc3|APA|F1,era5loc_ed480fff4117,era5loc_ed480fff4117|2018,FRANCE,APA,2018,30,2018-05-11,35,False,0,0.039,3.9,36.1160337205509,global_logit_trend_BASF_frozen
2018|M3|bloc3|APA,2018,2018-05-28,M3,bloc3,APA,0.5,10,0,0,"501,502,503,504,505,506,507,508,509,510",2,2018|M3|bloc3|APA|F2,era5loc_ed480fff4117,era5loc_ed480fff4117|2018,FRANCE,APA,2018,31,2018-05-11,17,False,1,0.005,0.5,4.745799470307013,global_logit_trend_BASF_frozen
2018|M3|bloc3|APA,2018,2018-06-09,M3,bloc3,APA,21.0,10,0,0,"741,742,743,744,745,746,747,748,749,750",2,2018|M3|bloc3|APA|F2,era5loc_ed480fff4117,era5loc_ed480fff4117|2018,FRANCE,APA,2018,31,2018-05-11,29,False,1,0.21,21.0,20.1011558619234,global_logit_trend_BASF_frozen
2018|M3|bloc3|APA,2018,2018-05-28,M3,bloc3,APA,6.0,10,0,0,"501,502,503,504,505,506,507,508,509,510",3,2018|M3|bloc3|APA|F3,era5loc_ed480fff4117,era5loc_ed480fff4117|2018,FRANCE,APA,2018,32,2018-05-11,17,False,2,0.06,6.0,62.7065427506838,global_logit_trend_BASF_frozen
2018|M3|bloc3|APA,2018,2018-06-09,M3,bloc3,APA,26.11111111111111,9,0,1,"741,742,743,744,745,746,747,748,749,750",3,2018|M3|bloc3|APA|F3,era5loc_ed480fff4117,era5loc_ed480fff4117|2018,FRANCE,APA,2018,32,2018-05-11,29,False,2,0.2611111111111111,26.11111111111111,89.46319580554652,global_logit_trend_BASF_frozen
2018|M3|bloc3|CEL,2018,2018-05-28,M3,bloc3,CEL,0.4,10,0,0,"511,512,513,514,515,516,517,518,519,520",1,2018|M3|bloc3|CEL|F1,era5loc_ed480fff4117,era5loc_ed480fff4117|2018,FRANCE,CEL,2018,33,2018-05-11,17,False,0,0.004,0.4,4.745799470307013,global_logit_trend_BASF_frozen
2018|M3|bloc3|CEL,2018,2018-06-09,M3,bloc3,CEL,0.3,10,0,0,"751,752,753,754,755,756,757,758,759,760",1,2018|M3|bloc3|CEL|F1,era5loc_ed480fff4117,era5loc_ed480fff4117|2018,FRANCE,CEL,2018,33,2018-05-11,29,False,0,0.003,0.3,20.1011558619234,global_logit_trend_BASF_frozen
2018|M3|bloc3|CEL,2018,2018-06-15,M3,bloc3,CEL,1.6,10,0,0,"991,992,993,994,995,996,997,998,999,1000",1,2018|M3|bloc3|CEL|F1,era5loc_ed480fff4117,era5loc_ed480fff4117|2018,FRANCE,CEL,2018,33,2018-05-11,35,False,0,0.016,1.6,36.1160337205509,global_logit_trend_BASF_frozen
2018|M3|bloc3|CEL,2018,2018-05-28,M3,bloc3,CEL,0.4,10,0,0,"511,512,513,514,515,516,517,518,519,520",2,2018|M3|bloc3|CEL|F2,era5loc_ed480fff4117,era5loc_ed480fff4117|2018,FRANCE,CEL,2018,34,2018-05-11,17,False,1,0.004,0.4,4.745799470307013,global_logit_trend_BASF_frozen
2018|M3|bloc3|CEL,2018,2018-06-09,M3,bloc3,CEL,4.6,10,0,0,"751,752,753,754,755,756,757,758,759,760",2,2018|M3|bloc3|CEL|F2,era5loc_ed480fff4117,era5loc_ed480fff4117|2018,FRANCE,CEL,2018,34,2018-05-11,29,False,1,0.046,4.6,20.1011558619234,global_logit_trend_BASF_frozen
2018|M3|bloc3|CEL,2018,2018-05-28,M3,bloc3,CEL,9.9,10,0,0,"511,512,513,514,515,516,517,518,519,520",3,2018|M3|bloc3|CEL|F3,era5loc_ed480fff4117,era5loc_ed480fff4117|2018,FRANCE,CEL,2018,35,2018-05-11,17,False,2,0.099,9.9,23.4677860822743,global_logit_trend_BASF_frozen
2018|M3|bloc3|CEL,2018,2018-06-09,M3,bloc3,CEL,11.8,10,0,0,"751,752,753,754,755,756,757,758,759,760",3,2018|M3|bloc3|CEL|F3,era5loc_ed480fff4117,era5loc_ed480fff4117|2018,FRANCE,CEL,2018,35,2018-05-11,29,False,2,0.11800000000000001,11.8,60.75969063546255,global_logit_trend_BASF_frozen
2018|M4|bloc1|APA,2018,2018-05-28,M4,bloc1,APA,0.4,10,0,0,"681,682,683,684,685,686,687,688,689,690",1,2018|M4|bloc1|APA|F1,era5loc_ed480fff4117,era5loc_ed480fff4117|2018,FRANCE,APA,2018,36,2018-05-11,17,False,0,0.004,0.4,4.745799470307013,global_logit_trend_BASF_frozen
2018|M4|bloc1|APA,2018,2018-06-09,M4,bloc1,APA,2.9,10,0,0,"921,922,923,924,925,926,927,928,929,930",1,2018|M4|bloc1|APA|F1,era5loc_ed480fff4117,era5loc_ed480fff4117|2018,FRANCE,APA,2018,36,2018-05-11,29,False,0,0.028999999999999998,2.9,20.1011558619234,global_logit_trend_BASF_frozen
2018|M4|bloc1|APA,2018,2018-06-15,M4,bloc1,APA,12.3,10,0,0,"1161,1162,1163,1164,1165,1166,1167,1168,1169,1170",1,2018|M4|bloc1|APA|F1,era5loc_ed480fff4117,era5loc_ed480fff4117|2018,FRANCE,APA,2018,36,2018-05-11,35,False,0,0.12300000000000001,12.3,36.1160337205509,global_logit_trend_BASF_frozen
2018|M4|bloc1|APA,2018,2018-05-28,M4,bloc1,APA,1.2,10,0,0,"681,682,683,684,685,686,687,688,689,690",2,2018|M4|bloc1|APA|F2,era5loc_ed480fff4117,era5loc_ed480fff4117|2018,FRANCE,APA,2018,37,2018-05-11,17,False,1,0.012,1.2,4.745799470307013,global_logit_trend_BASF_frozen
2018|M4|bloc1|APA,2018,2018-06-09,M4,bloc1,APA,7.777777777777778,9,0,1,"921,922,923,924,925,926,927,928,929,930",2,2018|M4|bloc1|APA|F2,era5loc_ed480fff4117,era5loc_ed480fff4117|2018,FRANCE,APA,2018,37,2018-05-11,29,False,1,0.07777777777777778,7.777777777777778,20.1011558619234,global_logit_trend_BASF_frozen
2018|M4|bloc1|APA,2018,2018-05-28,M4,bloc1,APA,3.9,10,0,0,"681,682,683,684,685,686,687,688,689,690",3,2018|M4|bloc1|APA|F3,era5loc_ed480fff4117,era5loc_ed480fff4117|2018,FRANCE,APA,2018,38,2018-05-11,17,False,2,0.039,3.9,56.77959632683686,global_logit_trend_BASF_frozen
2018|M4|bloc1|APA,2018,2018-06-09,M4,bloc1,APA,14.8,10,0,0,"921,922,923,924,925,926,927,928,929,930",3,2018|M4|bloc1|APA|F3,era5loc_ed480fff4117,era5loc_ed480fff4117|2018,FRANCE,APA,2018,38,2018-05-11,29,False,2,0.14800000000000002,14.8,86.90026967680832,global_logit_trend_BASF_frozen
2018|M4|bloc1|CEL,2018,2018-05-28,M4,bloc1,CEL,0.1,10,0,0,"691,692,693,694,695,696,697,698,699,700",1,2018|M4|bloc1|CEL|F1,era5loc_ed480fff4117,era5loc_ed480fff4117|2018,FRANCE,CEL,2018,39,2018-05-11,17,False,0,0.001,0.1,4.745799470307013,global_logit_trend_BASF_frozen
2018|M4|bloc1|CEL,2018,2018-06-09,M4,bloc1,CEL,1.3,10,0,0,"931,932,933,934,935,936,937,938,939,940",1,2018|M4|bloc1|CEL|F1,era5loc_ed480fff4117,era5loc_ed480fff4117|2018,FRANCE,CEL,2018,39,2018-05-11,29,False,0,0.013000000000000001,1.3,20.1011558619234,global_logit_trend_BASF_frozen
2018|M4|bloc1|CEL,2018,2018-06-15,M4,bloc1,CEL,2.3,10,0,0,"1171,1172,1173,1174,1175,1176,1177,1178,1179,1180",1,2018|M4|bloc1|CEL|F1,era5loc_ed480fff4117,era5loc_ed480fff4117|2018,FRANCE,CEL,2018,39,2018-05-11,35,False,0,0.023,2.3,36.1160337205509,global_logit_trend_BASF_frozen
2018|M4|bloc1|CEL,2018,2018-05-28,M4,bloc1,CEL,0.2,10,0,0,"691,692,693,694,695,696,697,698,699,700",2,2018|M4|bloc1|CEL|F2,era5loc_ed480fff4117,era5loc_ed480fff4117|2018,FRANCE,CEL,2018,40,2018-05-11,17,False,1,0.002,0.2,4.745799470307013,global_logit_trend_BASF_frozen
2018|M4|bloc1|CEL,2018,2018-06-09,M4,bloc1,CEL,3.5,10,0,0,"931,932,933,934,935,936,937,938,939,940",2,2018|M4|bloc1|CEL|F2,era5loc_ed480fff4117,era5loc_ed480fff4117|2018,FRANCE,CEL,2018,40,2018-05-11,29,False,1,0.035,3.5,20.1011558619234,global_logit_trend_BASF_frozen
2018|M4|bloc1|CEL,2018,2018-05-28,M4,bloc1,CEL,6.0,10,0,0,"691,692,693,694,695,696,697,698,699,700",3,2018|M4|bloc1|CEL|F3,era5loc_ed480fff4117,era5loc_ed480fff4117|2018,FRANCE,CEL,2018,41,2018-05-11,17,False,2,0.06,6.0,39.175860243948044,global_logit_trend_BASF_frozen
2018|M4|bloc1|CEL,2018,2018-06-09,M4,bloc1,CEL,15.8,10,0,0,"931,932,933,934,935,936,937,938,939,940",3,2018|M4|bloc1|CEL|F3,era5loc_ed480fff4117,era5loc_ed480fff4117|2018,FRANCE,CEL,2018,41,2018-05-11,29,False,2,0.158,15.8,76.48361535453196,global_logit_trend_BASF_frozen
2018|M4|bloc2|APA,2018,2018-05-28,M4,bloc2,APA,0.0,10,0,0,"601,602,603,604,605,606,607,608,609,610",1,2018|M4|bloc2|APA|F1,era5loc_ed480fff4117,era5loc_ed480fff4117|2018,FRANCE,APA,2018,42,2018-05-11,17,False,0,0.0,0.0,4.745799470307013,global_logit_trend_BASF_frozen
2018|M4|bloc2|APA,2018,2018-06-09,M4,bloc2,APA,1.0,10,0,0,"841,842,843,844,845,846,847,848,849,850",1,2018|M4|bloc2|APA|F1,era5loc_ed480fff4117,era5loc_ed480fff4117|2018,FRANCE,APA,2018,42,2018-05-11,29,False,0,0.01,1.0,20.1011558619234,global_logit_trend_BASF_frozen
2018|M4|bloc2|APA,2018,2018-06-15,M4,bloc2,APA,9.6,10,0,0,"1081,1082,1083,1084,1085,1086,1087,1088,1089,1090",1,2018|M4|bloc2|APA|F1,era5loc_ed480fff4117,era5loc_ed480fff4117|2018,FRANCE,APA,2018,42,2018-05-11,35,False,0,0.096,9.6,36.1160337205509,global_logit_trend_BASF_frozen
2018|M4|bloc2|APA,2018,2018-05-28,M4,bloc2,APA,0.3,10,0,0,"601,602,603,604,605,606,607,608,609,610",2,2018|M4|bloc2|APA|F2,era5loc_ed480fff4117,era5loc_ed480fff4117|2018,FRANCE,APA,2018,43,2018-05-11,17,False,1,0.003,0.3,4.745799470307013,global_logit_trend_BASF_frozen
2018|M4|bloc2|APA,2018,2018-06-09,M4,bloc2,APA,5.4,10,0,0,"841,842,843,844,845,846,847,848,849,850",2,2018|M4|bloc2|APA|F2,era5loc_ed480fff4117,era5loc_ed480fff4117|2018,FRANCE,APA,2018,43,2018-05-11,29,False,1,0.054000000000000006,5.4,20.1011558619234,global_logit_trend_BASF_frozen
2018|M4|bloc2|APA,2018,2018-05-28,M4,bloc2,APA,3.1,10,0,0,"601,602,603,604,605,606,607,608,609,610",3,2018|M4|bloc2|APA|F3,era5loc_ed480fff4117,era5loc_ed480fff4117|2018,FRANCE,APA,2018,44,2018-05-11,17,False,2,0.031,3.1,59.055668255192984,global_logit_trend_BASF_frozen
2018|M4|bloc2|APA,2018,2018-06-09,M4,bloc2,APA,11.444444444444445,9,0,1,"841,842,843,844,845,846,847,848,849,850",3,2018|M4|bloc2|APA|F3,era5loc_ed480fff4117,era5loc_ed480fff4117|2018,FRANCE,APA,2018,44,2018-05-11,29,False,2,0.11444444444444445,11.444444444444445,87.92739189061834,global_logit_trend_BASF_frozen
2018|M4|bloc2|CEL,2018,2018-05-28,M4,bloc2,CEL,0.0,10,0,0,"611,612,613,614,615,616,617,618,619,620",1,2018|M4|bloc2|CEL|F1,era5loc_ed480fff4117,era5loc_ed480fff4117|2018,FRANCE,CEL,2018,45,2018-05-11,17,False,0,0.0,0.0,4.745799470307013,global_logit_trend_BASF_frozen
2018|M4|bloc2|CEL,2018,2018-06-09,M4,bloc2,CEL,0.0,10,0,0,"851,852,853,854,855,856,857,858,859,860",1,2018|M4|bloc2|CEL|F1,era5loc_ed480fff4117,era5loc_ed480fff4117|2018,FRANCE,CEL,2018,45,2018-05-11,29,False,0,0.0,0.0,20.1011558619234,global_logit_trend_BASF_frozen
2018|M4|bloc2|CEL,2018,2018-06-15,M4,bloc2,CEL,1.1,10,0,0,"1091,1092,1093,1094,1095,1096,1097,1098,1099,1100",1,2018|M4|bloc2|CEL|F1,era5loc_ed480fff4117,era5loc_ed480fff4117|2018,FRANCE,CEL,2018,45,2018-05-11,35,False,0,0.011000000000000001,1.1,36.1160337205509,global_logit_trend_BASF_frozen
2018|M4|bloc2|CEL,2018,2018-05-28,M4,bloc2,CEL,0.1,10,0,0,"611,612,613,614,615,616,617,618,619,620",2,2018|M4|bloc2|CEL|F2,era5loc_ed480fff4117,era5loc_ed480fff4117|2018,FRANCE,CEL,2018,46,2018-05-11,17,False,1,0.001,0.1,4.745799470307013,global_logit_trend_BASF_frozen
2018|M4|bloc2|CEL,2018,2018-06-09,M4,bloc2,CEL,3.1,10,0,0,"851,852,853,854,855,856,857,858,859,860",2,2018|M4|bloc2|CEL|F2,era5loc_ed480fff4117,era5loc_ed480fff4117|2018,FRANCE,CEL,2018,46,2018-05-11,29,False,1,0.031,3.1,20.1011558619234,global_logit_trend_BASF_frozen
2018|M4|bloc2|CEL,2018,2018-05-28,M4,bloc2,CEL,2.4444444444444446,9,0,1,"611,612,613,614,615,616,617,618,619,620",3,2018|M4|bloc2|CEL|F3,era5loc_ed480fff4117,era5loc_ed480fff4117|2018,FRANCE,CEL,2018,47,2018-05-11,17,False,2,0.024444444444444446,2.4444444444444446,13.883241604746566,global_logit_trend_BASF_frozen
2018|M4|bloc2|CEL,2018,2018-06-09,M4,bloc2,CEL,6.25,8,0,2,"851,852,853,854,855,856,857,858,859,860",3,2018|M4|bloc2|CEL|F3,era5loc_ed480fff4117,era5loc_ed480fff4117|2018,FRANCE,CEL,2018,47,2018-05-11,29,False,2,0.0625,6.25,44.87515014434317,global_logit_trend_BASF_frozen
2018|M4|bloc3|APA,2018,2018-05-28,M4,bloc3,APA,0.1,10,0,0,"521,522,523,524,525,526,527,528,529,530",1,2018|M4|bloc3|APA|F1,era5loc_ed480fff4117,era5loc_ed480fff4117|2018,FRANCE,APA,2018,48,2018-05-11,17,False,0,0.001,0.1,4.745799470307013,global_logit_trend_BASF_frozen
2018|M4|bloc3|APA,2018,2018-06-09,M4,bloc3,APA,0.7,10,0,0,"761,762,763,764,765,766,767,768,769,770",1,2018|M4|bloc3|APA|F1,era5loc_ed480fff4117,era5loc_ed480fff4117|2018,FRANCE,APA,2018,48,2018-05-11,29,False,0,0.006999999999999999,0.7,20.1011558619234,global_logit_trend_BASF_frozen
2018|M4|bloc3|APA,2018,2018-06-15,M4,bloc3,APA,1.1,10,0,0,"1001,1002,1003,1004,1005,1006,1007,1008,1009,1010",1,2018|M4|bloc3|APA|F1,era5loc_ed480fff4117,era5loc_ed480fff4117|2018,FRANCE,APA,2018,48,2018-05-11,35,False,0,0.011000000000000001,1.1,36.1160337205509,global_logit_trend_BASF_frozen
2018|M4|bloc3|APA,2018,2018-05-28,M4,bloc3,APA,0.8,10,0,0,"521,522,523,524,525,526,527,528,529,530",2,2018|M4|bloc3|APA|F2,era5loc_ed480fff4117,era5loc_ed480fff4117|2018,FRANCE,APA,2018,49,2018-05-11,17,False,1,0.008,0.8,4.745799470307013,global_logit_trend_BASF_frozen
2018|M4|bloc3|APA,2018,2018-06-09,M4,bloc3,APA,18.5,10,0,0,"761,762,763,764,765,766,767,768,769,770",2,2018|M4|bloc3|APA|F2,era5loc_ed480fff4117,era5loc_ed480fff4117|2018,FRANCE,APA,2018,49,2018-05-11,29,False,1,0.185,18.5,20.1011558619234,global_logit_trend_BASF_frozen
2018|M4|bloc3|APA,2018,2018-05-28,M4,bloc3,APA,10.555555555555555,9,0,1,"521,522,523,524,525,526,527,528,529,530",3,2018|M4|bloc3|APA|F3,era5loc_ed480fff4117,era5loc_ed480fff4117|2018,FRANCE,APA,2018,50,2018-05-11,17,False,2,0.10555555555555556,10.555555555555555,38.75743854381042,global_logit_trend_BASF_frozen
2018|M4|bloc3|APA,2018,2018-06-09,M4,bloc3,APA,29.375,8,0,2,"761,762,763,764,765,766,767,768,769,770",3,2018|M4|bloc3|APA|F3,era5loc_ed480fff4117,era5loc_ed480fff4117|2018,FRANCE,APA,2018,50,2018-05-11,29,False,2,0.29375,29.375,76.16569879972805,global_logit_trend_BASF_frozen
2018|M4|bloc3|CEL,2018,2018-05-28,M4,bloc3,CEL,0.0,10,0,0,"531,532,533,534,535,536,537,538,539,540",1,2018|M4|bloc3|CEL|F1,era5loc_ed480fff4117,era5loc_ed480fff4117|2018,FRANCE,CEL,2018,51,2018-05-11,17,False,0,0.0,0.0,4.745799470307013,global_logit_trend_BASF_frozen
2018|M4|bloc3|CEL,2018,2018-06-09,M4,bloc3,CEL,0.1,10,0,0,"771,772,773,774,775,776,777,778,779,780",1,2018|M4|bloc3|CEL|F1,era5loc_ed480fff4117,era5loc_ed480fff4117|2018,FRANCE,CEL,2018,51,2018-05-11,29,False,0,0.001,0.1,20.1011558619234,global_logit_trend_BASF_frozen
2018|M4|bloc3|CEL,2018,2018-06-15,M4,bloc3,CEL,0.6,10,0,0,"1011,1012,1013,1014,1015,1016,1017,1018,1019,1020",1,2018|M4|bloc3|CEL|F1,era5loc_ed480fff4117,era5loc_ed480fff4117|2018,FRANCE,CEL,2018,51,2018-05-11,35,False,0,0.006,0.6,36.1160337205509,global_logit_trend_BASF_frozen
2018|M4|bloc3|CEL,2018,2018-05-28,M4,bloc3,CEL,0.1,10,0,0,"531,532,533,534,535,536,537,538,539,540",2,2018|M4|bloc3|CEL|F2,era5loc_ed480fff4117,era5loc_ed480fff4117|2018,FRANCE,CEL,2018,52,2018-05-11,17,False,1,0.001,0.1,4.745799470307013,global_logit_trend_BASF_frozen
2018|M4|bloc3|CEL,2018,2018-06-09,M4,bloc3,CEL,1.7,10,0,0,"771,772,773,774,775,776,777,778,779,780",2,2018|M4|bloc3|CEL|F2,era5loc_ed480fff4117,era5loc_ed480fff4117|2018,FRANCE,CEL,2018,52,2018-05-11,29,False,1,0.017,1.7,20.1011558619234,global_logit_trend_BASF_frozen
2018|M4|bloc3|CEL,2018,2018-05-28,M4,bloc3,CEL,3.1,10,0,0,"531,532,533,534,535,536,537,538,539,540",3,2018|M4|bloc3|CEL|F3,era5loc_ed480fff4117,era5loc_ed480fff4117|2018,FRANCE,CEL,2018,53,2018-05-11,17,False,2,0.031,3.1,12.34039232439963,global_logit_trend_BASF_frozen
2018|M4|bloc3|CEL,2018,2018-06-09,M4,bloc3,CEL,9.777777777777779,9,0,1,"771,772,773,774,775,776,777,778,779,780",3,2018|M4|bloc3|CEL|F3,era5loc_ed480fff4117,era5loc_ed480fff4117|2018,FRANCE,CEL,2018,53,2018-05-11,29,False,2,0.09777777777777778,9.777777777777779,41.549900403812295,global_logit_trend_BASF_frozen
2018|M5|bloc1|APA,2018,2018-05-28,M5,bloc1,APA,0.1,10,0,0,"701,702,703,704,705,706,707,708,709,710",1,2018|M5|bloc1|APA|F1,era5loc_ed480fff4117,era5loc_ed480fff4117|2018,FRANCE,APA,2018,54,2018-05-11,17,False,0,0.001,0.1,4.745799470307013,global_logit_trend_BASF_frozen
2018|M5|bloc1|APA,2018,2018-06-09,M5,bloc1,APA,1.6,10,0,0,"941,942,943,944,945,946,947,948,949,950",1,2018|M5|bloc1|APA|F1,era5loc_ed480fff4117,era5loc_ed480fff4117|2018,FRANCE,APA,2018,54,2018-05-11,29,False,0,0.016,1.6,20.1011558619234,global_logit_trend_BASF_frozen
2018|M5|bloc1|APA,2018,2018-06-15,M5,bloc1,APA,12.6,10,0,0,"1181,1182,1183,1184,1185,1186,1187,1188,1189,1190",1,2018|M5|bloc1|APA|F1,era5loc_ed480fff4117,era5loc_ed480fff4117|2018,FRANCE,APA,2018,54,2018-05-11,35,False,0,0.126,12.6,36.1160337205509,global_logit_trend_BASF_frozen
2018|M5|bloc1|APA,2018,2018-05-28,M5,bloc1,APA,0.9,10,0,0,"701,702,703,704,705,706,707,708,709,710",2,2018|M5|bloc1|APA|F2,era5loc_ed480fff4117,era5loc_ed480fff4117|2018,FRANCE,APA,2018,55,2018-05-11,17,False,1,0.009000000000000001,0.9,4.745799470307013,global_logit_trend_BASF_frozen
2018|M5|bloc1|APA,2018,2018-06-09,M5,bloc1,APA,4.6,10,0,0,"941,942,943,944,945,946,947,948,949,950",2,2018|M5|bloc1|APA|F2,era5loc_ed480fff4117,era5loc_ed480fff4117|2018,FRANCE,APA,2018,55,2018-05-11,29,False,1,0.046,4.6,20.1011558619234,global_logit_trend_BASF_frozen
2018|M5|bloc1|APA,2018,2018-05-28,M5,bloc1,APA,6.8,10,0,0,"701,702,703,704,705,706,707,708,709,710",3,2018|M5|bloc1|APA|F3,era5loc_ed480fff4117,era5loc_ed480fff4117|2018,FRANCE,APA,2018,56,2018-05-11,17,False,2,0.068,6.8,67.00449469131429,global_logit_trend_BASF_frozen
2018|M5|bloc1|APA,2018,2018-06-09,M5,bloc1,APA,10.11111111111111,9,0,1,"941,942,943,944,945,946,947,948,949,950",3,2018|M5|bloc1|APA|F3,era5loc_ed480fff4117,era5loc_ed480fff4117|2018,FRANCE,APA,2018,56,2018-05-11,29,False,2,0.10111111111111111,10.11111111111111,91.11447790560014,global_logit_trend_BASF_frozen
2018|M5|bloc1|CEL,2018,2018-05-28,M5,bloc1,CEL,0.0,10,0,0,"711,712,713,714,715,716,717,718,719,720",1,2018|M5|bloc1|CEL|F1,era5loc_ed480fff4117,era5loc_ed480fff4117|2018,FRANCE,CEL,2018,57,2018-05-11,17,False,0,0.0,0.0,4.745799470307013,global_logit_trend_BASF_frozen
2018|M5|bloc1|CEL,2018,2018-06-09,M5,bloc1,CEL,0.0,10,0,0,"951,952,953,954,955,956,957,958,959,960",1,2018|M5|bloc1|CEL|F1,era5loc_ed480fff4117,era5loc_ed480fff4117|2018,FRANCE,CEL,2018,57,2018-05-11,29,False,0,0.0,0.0,20.1011558619234,global_logit_trend_BASF_frozen
2018|M5|bloc1|CEL,2018,2018-06-15,M5,bloc1,CEL,0.6,10,0,0,"1191,1192,1193,1194,1195,1196,1197,1198,1199,1200",1,2018|M5|bloc1|CEL|F1,era5loc_ed480fff4117,era5loc_ed480fff4117|2018,FRANCE,CEL,2018,57,2018-05-11,35,False,0,0.006,0.6,36.1160337205509,global_logit_trend_BASF_frozen
2018|M5|bloc1|CEL,2018,2018-05-28,M5,bloc1,CEL,0.1,10,0,0,"711,712,713,714,715,716,717,718,719,720",2,2018|M5|bloc1|CEL|F2,era5loc_ed480fff4117,era5loc_ed480fff4117|2018,FRANCE,CEL,2018,58,2018-05-11,17,False,1,0.001,0.1,4.745799470307013,global_logit_trend_BASF_frozen
2018|M5|bloc1|CEL,2018,2018-06-09,M5,bloc1,CEL,0.3,10,0,0,"951,952,953,954,955,956,957,958,959,960",2,2018|M5|bloc1|CEL|F2,era5loc_ed480fff4117,era5loc_ed480fff4117|2018,FRANCE,CEL,2018,58,2018-05-11,29,False,1,0.003,0.3,20.1011558619234,global_logit_trend_BASF_frozen
2018|M5|bloc1|CEL,2018,2018-05-28,M5,bloc1,CEL,2.3,10,0,0,"711,712,713,714,715,716,717,718,719,720",3,2018|M5|bloc1|CEL|F3,era5loc_ed480fff4117,era5loc_ed480fff4117|2018,FRANCE,CEL,2018,59,2018-05-11,17,False,2,0.023,2.3,13.117882833327263,global_logit_trend_BASF_frozen
2018|M5|bloc1|CEL,2018,2018-06-09,M5,bloc1,CEL,4.5,10,0,0,"951,952,953,954,955,956,957,958,959,960",3,2018|M5|bloc1|CEL|F3,era5loc_ed480fff4117,era5loc_ed480fff4117|2018,FRANCE,CEL,2018,59,2018-05-11,29,False,2,0.045,4.5,43.25951709247926,global_logit_trend_BASF_frozen
2018|M5|bloc2|APA,2018,2018-05-28,M5,bloc2,APA,0.4,10,0,0,"621,622,623,624,625,626,627,628,629,630",1,2018|M5|bloc2|APA|F1,era5loc_ed480fff4117,era5loc_ed480fff4117|2018,FRANCE,APA,2018,60,2018-05-11,17,False,0,0.004,0.4,4.745799470307013,global_logit_trend_BASF_frozen
2018|M5|bloc2|APA,2018,2018-06-09,M5,bloc2,APA,1.7,10,0,0,"861,862,863,864,865,866,867,868,869,870",1,2018|M5|bloc2|APA|F1,era5loc_ed480fff4117,era5loc_ed480fff4117|2018,FRANCE,APA,2018,60,2018-05-11,29,False,0,0.017,1.7,20.1011558619234,global_logit_trend_BASF_frozen
2018|M5|bloc2|APA,2018,2018-06-15,M5,bloc2,APA,14.5,10,0,0,"1101,1102,1103,1104,1105,1106,1107,1108,1109,1110",1,2018|M5|bloc2|APA|F1,era5loc_ed480fff4117,era5loc_ed480fff4117|2018,FRANCE,APA,2018,60,2018-05-11,35,False,0,0.145,14.5,36.1160337205509,global_logit_trend_BASF_frozen
2018|M5|bloc2|APA,2018,2018-05-28,M5,bloc2,APA,0.6,10,0,0,"621,622,623,624,625,626,627,628,629,630",2,2018|M5|bloc2|APA|F2,era5loc_ed480fff4117,era5loc_ed480fff4117|2018,FRANCE,APA,2018,61,2018-05-11,17,False,1,0.006,0.6,4.745799470307013,global_logit_trend_BASF_frozen
2018|M5|bloc2|APA,2018,2018-06-09,M5,bloc2,APA,7.6,10,0,0,"861,862,863,864,865,866,867,868,869,870",2,2018|M5|bloc2|APA|F2,era5loc_ed480fff4117,era5loc_ed480fff4117|2018,FRANCE,APA,2018,61,2018-05-11,29,False,1,0.076,7.6,20.1011558619234,global_logit_trend_BASF_frozen
2018|M5|bloc2|APA,2018,2018-05-28,M5,bloc2,APA,8.2,10,0,0,"621,622,623,624,625,626,627,628,629,630",3,2018|M5|bloc2|APA|F3,era5loc_ed480fff4117,era5loc_ed480fff4117|2018,FRANCE,APA,2018,62,2018-05-11,17,False,2,0.08199999999999999,8.2,60.74392547718244,global_logit_trend_BASF_frozen
2018|M5|bloc2|APA,2018,2018-06-09,M5,bloc2,APA,17.0,10,0,0,"861,862,863,864,865,866,867,868,869,870",3,2018|M5|bloc2|APA|F3,era5loc_ed480fff4117,era5loc_ed480fff4117|2018,FRANCE,APA,2018,62,2018-05-11,29,False,2,0.17,17.0,88.65390077110882,global_logit_trend_BASF_frozen
2018|M5|bloc2|CEL,2018,2018-05-28,M5,bloc2,CEL,0.1,10,0,0,"631,632,633,634,635,636,637,638,639,640",1,2018|M5|bloc2|CEL|F1,era5loc_ed480fff4117,era5loc_ed480fff4117|2018,FRANCE,CEL,2018,63,2018-05-11,17,False,0,0.001,0.1,4.745799470307013,global_logit_trend_BASF_frozen
2018|M5|bloc2|CEL,2018,2018-06-09,M5,bloc2,CEL,0.5,10,0,0,"871,872,873,874,875,876,877,878,879,880",1,2018|M5|bloc2|CEL|F1,era5loc_ed480fff4117,era5loc_ed480fff4117|2018,FRANCE,CEL,2018,63,2018-05-11,29,False,0,0.005,0.5,20.1011558619234,global_logit_trend_BASF_frozen
2018|M5|bloc2|CEL,2018,2018-06-15,M5,bloc2,CEL,0.3,10,0,0,"1111,1112,1113,1114,1115,1116,1117,1118,1119,1120",1,2018|M5|bloc2|CEL|F1,era5loc_ed480fff4117,era5loc_ed480fff4117|2018,FRANCE,CEL,2018,63,2018-05-11,35,False,0,0.003,0.3,36.1160337205509,global_logit_trend_BASF_frozen
2018|M5|bloc2|CEL,2018,2018-05-28,M5,bloc2,CEL,0.4,10,0,0,"631,632,633,634,635,636,637,638,639,640",2,2018|M5|bloc2|CEL|F2,era5loc_ed480fff4117,era5loc_ed480fff4117|2018,FRANCE,CEL,2018,64,2018-05-11,17,False,1,0.004,0.4,4.745799470307013,global_logit_trend_BASF_frozen
2018|M5|bloc2|CEL,2018,2018-06-09,M5,bloc2,CEL,2.8,10,0,0,"871,872,873,874,875,876,877,878,879,880",2,2018|M5|bloc2|CEL|F2,era5loc_ed480fff4117,era5loc_ed480fff4117|2018,FRANCE,CEL,2018,64,2018-05-11,29,False,1,0.027999999999999997,2.8,20.1011558619234,global_logit_trend_BASF_frozen
2018|M5|bloc2|CEL,2018,2018-05-28,M5,bloc2,CEL,2.7777777777777777,9,0,1,"631,632,633,634,635,636,637,638,639,640",3,2018|M5|bloc2|CEL|F3,era5loc_ed480fff4117,era5loc_ed480fff4117|2018,FRANCE,CEL,2018,65,2018-05-11,17,False,2,0.027777777777777776,2.7777777777777777,16.10930205572363,global_logit_trend_BASF_frozen
2018|M5|bloc2|CEL,2018,2018-06-09,M5,bloc2,CEL,7.9,10,0,0,"871,872,873,874,875,876,877,878,879,880",3,2018|M5|bloc2|CEL|F3,era5loc_ed480fff4117,era5loc_ed480fff4117|2018,FRANCE,CEL,2018,65,2018-05-11,29,False,2,0.079,7.9,49.22974286562029,global_logit_trend_BASF_frozen
2018|M5|bloc3|APA,2018,2018-05-28,M5,bloc3,APA,0.1,10,0,0,"541,542,543,544,545,546,547,548,549,550",1,2018|M5|bloc3|APA|F1,era5loc_ed480fff4117,era5loc_ed480fff4117|2018,FRANCE,APA,2018,66,2018-05-11,17,False,0,0.001,0.1,4.745799470307013,global_logit_trend_BASF_frozen
2018|M5|bloc3|APA,2018,2018-06-09,M5,bloc3,APA,1.3,10,0,0,"781,782,783,784,785,786,787,788,789,790",1,2018|M5|bloc3|APA|F1,era5loc_ed480fff4117,era5loc_ed480fff4117|2018,FRANCE,APA,2018,66,2018-05-11,29,False,0,0.013000000000000001,1.3,20.1011558619234,global_logit_trend_BASF_frozen
2018|M5|bloc3|APA,2018,2018-06-15,M5,bloc3,APA,10.3,10,0,0,"1021,1022,1023,1024,1025,1026,1027,1028,1029,1030",1,2018|M5|bloc3|APA|F1,era5loc_ed480fff4117,era5loc_ed480fff4117|2018,FRANCE,APA,2018,66,2018-05-11,35,False,0,0.10300000000000001,10.3,36.1160337205509,global_logit_trend_BASF_frozen
2018|M5|bloc3|APA,2018,2018-05-28,M5,bloc3,APA,0.9,10,0,0,"541,542,543,544,545,546,547,548,549,550",2,2018|M5|bloc3|APA|F2,era5loc_ed480fff4117,era5loc_ed480fff4117|2018,FRANCE,APA,2018,67,2018-05-11,17,False,1,0.009000000000000001,0.9,4.745799470307013,global_logit_trend_BASF_frozen
2018|M5|bloc3|APA,2018,2018-06-09,M5,bloc3,APA,15.4,10,0,0,"781,782,783,784,785,786,787,788,789,790",2,2018|M5|bloc3|APA|F2,era5loc_ed480fff4117,era5loc_ed480fff4117|2018,FRANCE,APA,2018,67,2018-05-11,29,False,1,0.154,15.4,20.1011558619234,global_logit_trend_BASF_frozen
2018|M5|bloc3|APA,2018,2018-05-28,M5,bloc3,APA,5.4,10,0,0,"541,542,543,544,545,546,547,548,549,550",3,2018|M5|bloc3|APA|F3,era5loc_ed480fff4117,era5loc_ed480fff4117|2018,FRANCE,APA,2018,68,2018-05-11,17,False,2,0.054000000000000006,5.4,39.175860243948044,global_logit_trend_BASF_frozen
2018|M5|bloc3|APA,2018,2018-06-09,M5,bloc3,APA,25.22222222222222,9,0,1,"781,782,783,784,785,786,787,788,789,790",3,2018|M5|bloc3|APA|F3,era5loc_ed480fff4117,era5loc_ed480fff4117|2018,FRANCE,APA,2018,68,2018-05-11,29,False,2,0.25222222222222224,25.22222222222222,76.48361535453196,global_logit_trend_BASF_frozen
2018|M5|bloc3|CEL,2018,2018-05-28,M5,bloc3,CEL,0.0,10,0,0,"551,552,553,554,555,556,557,558,559,560",1,2018|M5|bloc3|CEL|F1,era5loc_ed480fff4117,era5loc_ed480fff4117|2018,FRANCE,CEL,2018,69,2018-05-11,17,False,0,0.0,0.0,4.745799470307013,global_logit_trend_BASF_frozen
2018|M5|bloc3|CEL,2018,2018-06-09,M5,bloc3,CEL,0.0,10,0,0,"791,792,793,794,795,796,797,798,799,800",1,2018|M5|bloc3|CEL|F1,era5loc_ed480fff4117,era5loc_ed480fff4117|2018,FRANCE,CEL,2018,69,2018-05-11,29,False,0,0.0,0.0,20.1011558619234,global_logit_trend_BASF_frozen
2018|M5|bloc3|CEL,2018,2018-06-15,M5,bloc3,CEL,0.3,10,0,0,"1031,1032,1033,1034,1035,1036,1037,1038,1039,1040",1,2018|M5|bloc3|CEL|F1,era5loc_ed480fff4117,era5loc_ed480fff4117|2018,FRANCE,CEL,2018,69,2018-05-11,35,False,0,0.003,0.3,36.1160337205509,global_logit_trend_BASF_frozen
2018|M5|bloc3|CEL,2018,2018-05-28,M5,bloc3,CEL,0.1,10,0,0,"551,552,553,554,555,556,557,558,559,560",2,2018|M5|bloc3|CEL|F2,era5loc_ed480fff4117,era5loc_ed480fff4117|2018,FRANCE,CEL,2018,70,2018-05-11,17,False,1,0.001,0.1,4.745799470307013,global_logit_trend_BASF_frozen
2018|M5|bloc3|CEL,2018,2018-06-09,M5,bloc3,CEL,1.1,10,0,0,"791,792,793,794,795,796,797,798,799,800",2,2018|M5|bloc3|CEL|F2,era5loc_ed480fff4117,era5loc_ed480fff4117|2018,FRANCE,CEL,2018,70,2018-05-11,29,False,1,0.011000000000000001,1.1,20.1011558619234,global_logit_trend_BASF_frozen
2018|M5|bloc3|CEL,2018,2018-05-28,M5,bloc3,CEL,0.4,10,0,0,"551,552,553,554,555,556,557,558,559,560",3,2018|M5|bloc3|CEL|F3,era5loc_ed480fff4117,era5loc_ed480fff4117|2018,FRANCE,CEL,2018,71,2018-05-11,17,False,2,0.004,0.4,13.117882833327263,global_logit_trend_BASF_frozen
2018|M5|bloc3|CEL,2018,2018-06-09,M5,bloc3,CEL,6.5,10,0,0,"791,792,793,794,795,796,797,798,799,800",3,2018|M5|bloc3|CEL|F3,era5loc_ed480fff4117,era5loc_ed480fff4117|2018,FRANCE,CEL,2018,71,2018-05-11,29,False,2,0.065,6.5,43.25951709247926,global_logit_trend_BASF_frozen
2019|M1|bloc1|APA,2019,2019-06-13,M1,bloc1,APA,9.1,10,0,0,"1741,1742,1743,1744,1745,1746,1747,1748,1749,1750",1,2019|M1|bloc1|APA|F1,era5loc_ed480fff4117,era5loc_ed480fff4117|2019,FRANCE,APA,2019,72,2019-06-06,7,False,0,0.091,9.1,7.367893058498091,global_logit_trend_BASF_frozen
2019|M1|bloc1|APA,2019,2019-06-18,M1,bloc1,APA,12.3,10,0,0,"2101,2102,2103,2104,2105,2106,2107,2108,2109,2110",1,2019|M1|bloc1|APA|F1,era5loc_ed480fff4117,era5loc_ed480fff4117|2019,FRANCE,APA,2019,72,2019-06-06,12,False,0,0.12300000000000001,12.3,13.507722788811888,global_logit_trend_BASF_frozen
2019|M1|bloc1|APA,2019,2019-06-26,M1,bloc1,APA,33.5,10,0,0,"1621,1622,1623,1624,1625,1626,1627,1628,1629,1630",1,2019|M1|bloc1|APA|F1,era5loc_ed480fff4117,era5loc_ed480fff4117|2019,FRANCE,APA,2019,72,2019-06-06,20,False,0,0.335,33.5,31.491141194325433,global_logit_trend_BASF_frozen
2019|M1|bloc1|APA,2019,2019-06-13,M1,bloc1,APA,12.5,10,0,0,"1741,1742,1743,1744,1745,1746,1747,1748,1749,1750",2,2019|M1|bloc1|APA|F2,era5loc_ed480fff4117,era5loc_ed480fff4117|2019,FRANCE,APA,2019,73,2019-06-06,7,False,1,0.125,12.5,8.068350721964402,global_logit_trend_BASF_frozen
2019|M1|bloc1|APA,2019,2019-06-18,M1,bloc1,APA,23.0,10,0,0,"2101,2102,2103,2104,2105,2106,2107,2108,2109,2110",2,2019|M1|bloc1|APA|F2,era5loc_ed480fff4117,era5loc_ed480fff4117|2019,FRANCE,APA,2019,73,2019-06-06,12,False,1,0.23,23.0,14.699262311436781,global_logit_trend_BASF_frozen
2019|M1|bloc1|APA,2019,2019-06-26,M1,bloc1,APA,39.375,8,2,0,"1621,1622,1623,1624,1625,1626,1627,1628,1629,1630",2,2019|M1|bloc1|APA|F2,era5loc_ed480fff4117,era5loc_ed480fff4117|2019,FRANCE,APA,2019,73,2019-06-06,20,False,1,0.39375,39.375,33.65182350456711,global_logit_trend_BASF_frozen
2019|M1|bloc1|APA,2019,2019-06-13,M1,bloc1,APA,10.88888888888889,9,1,0,"1741,1742,1743,1744,1745,1746,1747,1748,1749,1750",3,2019|M1|bloc1|APA|F3,era5loc_ed480fff4117,era5loc_ed480fff4117|2019,FRANCE,APA,2019,74,2019-06-06,7,False,2,0.1088888888888889,10.88888888888889,7.133003219520247,global_logit_trend_BASF_frozen
2019|M1|bloc1|APA,2019,2019-06-18,M1,bloc1,APA,26.0,10,0,0,"2101,2102,2103,2104,2105,2106,2107,2108,2109,2110",3,2019|M1|bloc1|APA|F3,era5loc_ed480fff4117,era5loc_ed480fff4117|2019,FRANCE,APA,2019,74,2019-06-06,12,False,2,0.26,26.0,13.104785449359643,global_logit_trend_BASF_frozen
2019|M1|bloc1|APA,2019,2019-06-26,M1,bloc1,APA,38.333333333333336,3,7,0,"1621,1622,1623,1624,1625,1626,1627,1628,1629,1630",3,2019|M1|bloc1|APA|F3,era5loc_ed480fff4117,era5loc_ed480fff4117|2019,FRANCE,APA,2019,74,2019-06-06,20,False,2,0.38333333333333336,38.333333333333336,30.742428540148204,global_logit_trend_BASF_frozen
2019|M1|bloc2|APA,2019,2019-06-13,M1,bloc2,APA,19.5,10,0,0,"1761,1762,1763,1764,1765,1766,1767,1768,1769,1770",1,2019|M1|bloc2|APA|F1,era5loc_ed480fff4117,era5loc_ed480fff4117|2019,FRANCE,APA,2019,75,2019-06-06,7,False,0,0.195,19.5,22.988603075304678,global_logit_trend_BASF_frozen
2019|M1|bloc2|APA,2019,2019-06-18,M1,bloc2,APA,20.5,10,0,0,"2071,2072,2073,2074,2075,2076,2077,2078,2079,2080",1,2019|M1|bloc2|APA|F1,era5loc_ed480fff4117,era5loc_ed480fff4117|2019,FRANCE,APA,2019,75,2019-06-06,12,False,0,0.205,20.5,36.95275006793047,global_logit_trend_BASF_frozen
2019|M1|bloc2|APA,2019,2019-06-26,M1,bloc2,APA,40.0,8,2,0,"1591,1592,1593,1594,1595,1596,1597,1598,1599,1600",1,2019|M1|bloc2|APA|F1,era5loc_ed480fff4117,era5loc_ed480fff4117|2019,FRANCE,APA,2019,75,2019-06-06,20,False,0,0.4,40.0,63.30427009068751,global_logit_trend_BASF_frozen
2019|M1|bloc2|APA,2019,2019-06-13,M1,bloc2,APA,13.0,10,0,0,"1761,1762,1763,1764,1765,1766,1767,1768,1769,1770",2,2019|M1|bloc2|APA|F2,era5loc_ed480fff4117,era5loc_ed480fff4117|2019,FRANCE,APA,2019,76,2019-06-06,7,False,1,0.13,13.0,10.358521667846995,global_logit_trend_BASF_frozen
2019|M1|bloc2|APA,2019,2019-06-18,M1,bloc2,APA,22.0,10,0,0,"2071,2072,2073,2074,2075,2076,2077,2078,2079,2080",2,2019|M1|bloc2|APA|F2,era5loc_ed480fff4117,era5loc_ed480fff4117|2019,FRANCE,APA,2019,76,2019-06-06,12,False,1,0.22,22.0,18.492977228453988,global_logit_trend_BASF_frozen
2019|M1|bloc2|APA,2019,2019-06-26,M1,bloc2,APA,40.0,9,1,0,"1591,1592,1593,1594,1595,1596,1597,1598,1599,1600",2,2019|M1|bloc2|APA|F2,era5loc_ed480fff4117,era5loc_ed480fff4117|2019,FRANCE,APA,2019,76,2019-06-06,20,False,1,0.4,40.0,40.04089657378893,global_logit_trend_BASF_frozen
2019|M1|bloc2|APA,2019,2019-06-13,M1,bloc2,APA,29.375,8,2,0,"1761,1762,1763,1764,1765,1766,1767,1768,1769,1770",3,2019|M1|bloc2|APA|F3,era5loc_ed480fff4117,era5loc_ed480fff4117|2019,FRANCE,APA,2019,77,2019-06-06,7,False,2,0.29375,29.375,18.27609891881427,global_logit_trend_BASF_frozen
2019|M1|bloc2|APA,2019,2019-06-18,M1,bloc2,APA,30.0,6,4,0,"2071,2072,2073,2074,2075,2076,2077,2078,2079,2080",3,2019|M1|bloc2|APA|F3,era5loc_ed480fff4117,era5loc_ed480fff4117|2019,FRANCE,APA,2019,77,2019-06-06,12,False,2,0.3,30.0,30.511833193298255,global_logit_trend_BASF_frozen
2019|M1|bloc3|APA,2019,2019-06-12,M1,bloc3,APA,8.2,10,0,0,"1901,1902,1903,1904,1905,1906,1907,1908,1909,1910",1,2019|M1|bloc3|APA|F1,era5loc_ed480fff4117,era5loc_ed480fff4117|2019,FRANCE,APA,2019,78,2019-06-03,9,False,0,0.08199999999999999,8.2,11.459341218739374,global_logit_trend_BASF_frozen
2019|M1|bloc3|APA,2019,2019-06-18,M1,bloc3,APA,15.5,10,0,0,"1921,1922,1923,1924,1925,1926,1927,1928,1929,1930",1,2019|M1|bloc3|APA|F1,era5loc_ed480fff4117,era5loc_ed480fff4117|2019,FRANCE,APA,2019,78,2019-06-03,15,False,0,0.155,15.5,22.530679618273034,global_logit_trend_BASF_frozen
2019|M1|bloc3|APA,2019,2019-06-25,M1,bloc3,APA,25.555555555555557,9,1,0,"1481,1482,1483,1484,1485,1486,1487,1488,1489,1490",1,2019|M1|bloc3|APA|F1,era5loc_ed480fff4117,era5loc_ed480fff4117|2019,FRANCE,APA,2019,78,2019-06-03,22,False,0,0.2555555555555556,25.555555555555557,42.79036403293371,global_logit_trend_BASF_frozen
2019|M1|bloc3|APA,2019,2019-06-12,M1,bloc3,APA,8.4,10,0,0,"1901,1902,1903,1904,1905,1906,1907,1908,1909,1910",2,2019|M1|bloc3|APA|F2,era5loc_ed480fff4117,era5loc_ed480fff4117|2019,FRANCE,APA,2019,79,2019-06-03,9,False,1,0.084,8.4,6.772706190847193,global_logit_trend_BASF_frozen
2019|M1|bloc3|APA,2019,2019-06-18,M1,bloc3,APA,20.5,10,0,0,"1921,1922,1923,1924,1925,1926,1927,1928,1929,1930",2,2019|M1|bloc3|APA|F2,era5loc_ed480fff4117,era5loc_ed480fff4117|2019,FRANCE,APA,2019,79,2019-06-03,15,False,1,0.205,20.5,14.033779123763281,global_logit_trend_BASF_frozen
2019|M1|bloc3|APA,2019,2019-06-25,M1,bloc3,APA,26.5,10,0,0,"1481,1482,1483,1484,1485,1486,1487,1488,1489,1490",2,2019|M1|bloc3|APA|F2,era5loc_ed480fff4117,era5loc_ed480fff4117|2019,FRANCE,APA,2019,79,2019-06-03,22,False,1,0.265,26.5,29.569300661381654,global_logit_trend_BASF_frozen
2019|M1|bloc3|APA,2019,2019-06-12,M1,bloc3,APA,19.0,10,0,0,"1901,1902,1903,1904,1905,1906,1907,1908,1909,1910",3,2019|M1|bloc3|APA|F3,era5loc_ed480fff4117,era5loc_ed480fff4117|2019,FRANCE,APA,2019,80,2019-06-03,9,False,2,0.19,19.0,7.7835551269116285,global_logit_trend_BASF_frozen
2019|M1|bloc3|APA,2019,2019-06-18,M1,bloc3,APA,29.0,10,0,0,"1921,1922,1923,1924,1925,1926,1927,1928,1929,1930",3,2019|M1|bloc3|APA|F3,era5loc_ed480fff4117,era5loc_ed480fff4117|2019,FRANCE,APA,2019,80,2019-06-03,15,False,2,0.29,29.0,15.943034369873333,global_logit_trend_BASF_frozen
2019|M1|bloc3|APA,2019,2019-06-25,M1,bloc3,APA,43.75,4,6,0,"1481,1482,1483,1484,1485,1486,1487,1488,1489,1490",3,2019|M1|bloc3|APA|F3,era5loc_ed480fff4117,era5loc_ed480fff4117|2019,FRANCE,APA,2019,80,2019-06-03,22,False,2,0.4375,43.75,32.78604221585598,global_logit_trend_BASF_frozen
2019|M2|bloc1|CEL,2019,2019-06-13,M2,bloc1,CEL,2.3,10,0,0,"1751,1752,1753,1754,1755,1756,1757,1758,1759,1760",1,2019|M2|bloc1|CEL|F1,era5loc_ed480fff4117,era5loc_ed480fff4117|2019,FRANCE,CEL,2019,81,2019-06-06,7,False,0,0.023,2.3,2.7808680566179995,global_logit_trend_BASF_frozen
2019|M2|bloc1|CEL,2019,2019-06-18,M2,bloc1,CEL,3.7,10,0,0,"2111,2112,2113,2114,2115,2116,2117,2118,2119,2120",1,2019|M2|bloc1|CEL|F1,era5loc_ed480fff4117,era5loc_ed480fff4117|2019,FRANCE,CEL,2019,81,2019-06-06,12,False,0,0.037000000000000005,3.7,5.317661129668311,global_logit_trend_BASF_frozen
2019|M2|bloc1|CEL,2019,2019-06-26,M2,bloc1,CEL,16.8,10,0,0,"1651,1652,1653,1654,1655,1656,1657,1658,1659,1660",1,2019|M2|bloc1|CEL|F1,era5loc_ed480fff4117,era5loc_ed480fff4117|2019,FRANCE,CEL,2019,81,2019-06-06,20,False,0,0.168,16.8,14.185628020952947,global_logit_trend_BASF_frozen
2019|M2|bloc1|CEL,2019,2019-06-13,M2,bloc1,CEL,4.6,10,0,0,"1751,1752,1753,1754,1755,1756,1757,1758,1759,1760",2,2019|M2|bloc1|CEL|F2,era5loc_ed480fff4117,era5loc_ed480fff4117|2019,FRANCE,CEL,2019,82,2019-06-06,7,False,1,0.046,4.6,4.013890533039423,global_logit_trend_BASF_frozen
2019|M2|bloc1|CEL,2019,2019-06-18,M2,bloc1,CEL,8.3,10,0,0,"2111,2112,2113,2114,2115,2116,2117,2118,2119,2120",2,2019|M2|bloc1|CEL|F2,era5loc_ed480fff4117,era5loc_ed480fff4117|2019,FRANCE,CEL,2019,82,2019-06-06,12,False,1,0.083,8.3,7.58769675814365,global_logit_trend_BASF_frozen
2019|M2|bloc1|CEL,2019,2019-06-26,M2,bloc1,CEL,17.5,8,2,0,"1651,1652,1653,1654,1655,1656,1657,1658,1659,1660",2,2019|M2|bloc1|CEL|F2,era5loc_ed480fff4117,era5loc_ed480fff4117|2019,FRANCE,CEL,2019,82,2019-06-06,20,False,1,0.175,17.5,19.463097274568288,global_logit_trend_BASF_frozen
2019|M2|bloc1|CEL,2019,2019-06-13,M2,bloc1,CEL,8.4,10,0,0,"1751,1752,1753,1754,1755,1756,1757,1758,1759,1760",3,2019|M2|bloc1|CEL|F3,era5loc_ed480fff4117,era5loc_ed480fff4117|2019,FRANCE,CEL,2019,83,2019-06-06,7,False,2,0.084,8.4,7.133003219520247,global_logit_trend_BASF_frozen
2019|M2|bloc1|CEL,2019,2019-06-18,M2,bloc1,CEL,11.1,10,0,0,"2111,2112,2113,2114,2115,2116,2117,2118,2119,2120",3,2019|M2|bloc1|CEL|F3,era5loc_ed480fff4117,era5loc_ed480fff4117|2019,FRANCE,CEL,2019,83,2019-06-06,12,False,2,0.111,11.1,13.104785449359643,global_logit_trend_BASF_frozen
2019|M2|bloc1|CEL,2019,2019-06-26,M2,bloc1,CEL,20.0,4,6,0,"1651,1652,1653,1654,1655,1656,1657,1658,1659,1660",3,2019|M2|bloc1|CEL|F3,era5loc_ed480fff4117,era5loc_ed480fff4117|2019,FRANCE,CEL,2019,83,2019-06-06,20,False,2,0.2,20.0,30.742428540148204,global_logit_trend_BASF_frozen
2019|M2|bloc2|CEL,2019,2019-06-13,M2,bloc2,CEL,1.3,10,0,0,"1771,1772,1773,1774,1775,1776,1777,1778,1779,1780",1,2019|M2|bloc2|CEL|F1,era5loc_ed480fff4117,era5loc_ed480fff4117|2019,FRANCE,CEL,2019,84,2019-06-06,7,False,0,0.013000000000000001,1.3,1.2758585840887402,global_logit_trend_BASF_frozen
2019|M2|bloc2|CEL,2019,2019-06-18,M2,bloc2,CEL,3.2,10,0,0,"2061,2062,2063,2064,2065,2066,2067,2068,2069,2070",1,2019|M2|bloc2|CEL|F1,era5loc_ed480fff4117,era5loc_ed480fff4117|2019,FRANCE,CEL,2019,84,2019-06-06,12,False,0,0.032,3.2,2.4746830364250934,global_logit_trend_BASF_frozen
2019|M2|bloc2|CEL,2019,2019-06-26,M2,bloc2,CEL,12.222222222222221,9,0,1,"1581,1582,1583,1584,1585,1586,1587,1588,1589,1590",1,2019|M2|bloc2|CEL|F1,era5loc_ed480fff4117,era5loc_ed480fff4117|2019,FRANCE,CEL,2019,84,2019-06-06,20,False,0,0.12222222222222222,12.222222222222221,6.949562848044591,global_logit_trend_BASF_frozen
2019|M2|bloc2|CEL,2019,2019-06-13,M2,bloc2,CEL,2.4,10,0,0,"1771,1772,1773,1774,1775,1776,1777,1778,1779,1780",2,2019|M2|bloc2|CEL|F2,era5loc_ed480fff4117,era5loc_ed480fff4117|2019,FRANCE,CEL,2019,85,2019-06-06,7,False,1,0.024,2.4,2.282308277741063,global_logit_trend_BASF_frozen
2019|M2|bloc2|CEL,2019,2019-06-18,M2,bloc2,CEL,6.4,10,0,0,"2061,2062,2063,2064,2065,2066,2067,2068,2069,2070",2,2019|M2|bloc2|CEL|F2,era5loc_ed480fff4117,era5loc_ed480fff4117|2019,FRANCE,CEL,2019,85,2019-06-06,12,False,1,0.064,6.4,4.38481246225169,global_logit_trend_BASF_frozen
2019|M2|bloc2|CEL,2019,2019-06-26,M2,bloc2,CEL,16.77777777777778,9,0,1,"1581,1582,1583,1584,1585,1586,1587,1588,1589,1590",2,2019|M2|bloc2|CEL|F2,era5loc_ed480fff4117,era5loc_ed480fff4117|2019,FRANCE,CEL,2019,85,2019-06-06,20,False,1,0.16777777777777778,16.77777777777778,11.892517343345649,global_logit_trend_BASF_frozen
2019|M2|bloc2|CEL,2019,2019-06-13,M2,bloc2,CEL,6.4,10,0,0,"1771,1772,1773,1774,1775,1776,1777,1778,1779,1780",3,2019|M2|bloc2|CEL|F3,era5loc_ed480fff4117,era5loc_ed480fff4117|2019,FRANCE,CEL,2019,86,2019-06-06,7,False,2,0.064,6.4,5.254925748921373,global_logit_trend_BASF_frozen
2019|M2|bloc2|CEL,2019,2019-06-18,M2,bloc2,CEL,11.2,10,0,0,"2061,2062,2063,2064,2065,2066,2067,2068,2069,2070",3,2019|M2|bloc2|CEL|F3,era5loc_ed480fff4117,era5loc_ed480fff4117|2019,FRANCE,CEL,2019,86,2019-06-06,12,False,2,0.11199999999999999,11.2,9.820646880487235,global_logit_trend_BASF_frozen
2019|M2|bloc2|CEL,2019,2019-06-26,M2,bloc2,CEL,23.0,5,5,0,"1581,1582,1583,1584,1585,1586,1587,1588,1589,1590",3,2019|M2|bloc2|CEL|F3,era5loc_ed480fff4117,era5loc_ed480fff4117|2019,FRANCE,CEL,2019,86,2019-06-06,20,False,2,0.23,23.0,24.2728787082462,global_logit_trend_BASF_frozen
2019|M2|bloc3|CEL,2019,2019-06-12,M2,bloc3,CEL,1.8,10,0,0,"1911,1912,1913,1914,1915,1916,1917,1918,1919,1920",1,2019|M2|bloc3|CEL|F1,era5loc_ed480fff4117,era5loc_ed480fff4117|2019,FRANCE,CEL,2019,87,2019-06-03,9,False,0,0.018000000000000002,1.8,5.401021435583584,global_logit_trend_BASF_frozen
2019|M2|bloc3|CEL,2019,2019-06-18,M2,bloc3,CEL,3.1,10,0,0,"1931,1932,1933,1934,1935,1936,1937,1938,1939,1940",1,2019|M2|bloc3|CEL|F1,era5loc_ed480fff4117,era5loc_ed480fff4117|2019,FRANCE,CEL,2019,87,2019-06-03,15,False,0,0.031,3.1,11.37086742972884,global_logit_trend_BASF_frozen
2019|M2|bloc3|CEL,2019,2019-06-25,M2,bloc3,CEL,18.0,10,0,0,"1491,1492,1493,1494,1495,1496,1497,1498,1499,1500",1,2019|M2|bloc3|CEL|F1,era5loc_ed480fff4117,era5loc_ed480fff4117|2019,FRANCE,CEL,2019,87,2019-06-03,22,False,0,0.18,18.0,24.80925556793317,global_logit_trend_BASF_frozen
2019|M2|bloc3|CEL,2019,2019-06-12,M2,bloc3,CEL,6.5,10,0,0,"1911,1912,1913,1914,1915,1916,1917,1918,1919,1920",2,2019|M2|bloc3|CEL|F2,era5loc_ed480fff4117,era5loc_ed480fff4117|2019,FRANCE,CEL,2019,88,2019-06-03,9,False,1,0.065,6.5,5.0537482475859985,global_logit_trend_BASF_frozen
2019|M2|bloc3|CEL,2019,2019-06-18,M2,bloc3,CEL,11.7,10,0,0,"1931,1932,1933,1934,1935,1936,1937,1938,1939,1940",2,2019|M2|bloc3|CEL|F2,era5loc_ed480fff4117,era5loc_ed480fff4117|2019,FRANCE,CEL,2019,88,2019-06-03,15,False,1,0.11699999999999999,11.7,10.683094955807038,global_logit_trend_BASF_frozen
2019|M2|bloc3|CEL,2019,2019-06-25,M2,bloc3,CEL,24.0,10,0,0,"1491,1492,1493,1494,1495,1496,1497,1498,1499,1500",2,2019|M2|bloc3|CEL|F2,era5loc_ed480fff4117,era5loc_ed480fff4117|2019,FRANCE,CEL,2019,88,2019-06-03,22,False,1,0.24,24.0,23.52440047080172,global_logit_trend_BASF_frozen
2019|M2|bloc3|CEL,2019,2019-06-12,M2,bloc3,CEL,6.4,10,0,0,"1911,1912,1913,1914,1915,1916,1917,1918,1919,1920",3,2019|M2|bloc3|CEL|F3,era5loc_ed480fff4117,era5loc_ed480fff4117|2019,FRANCE,CEL,2019,89,2019-06-03,9,False,2,0.064,6.4,6.432369957090744,global_logit_trend_BASF_frozen
2019|M2|bloc3|CEL,2019,2019-06-18,M2,bloc3,CEL,11.222222222222221,9,1,0,"1931,1932,1933,1934,1935,1936,1937,1938,1939,1940",3,2019|M2|bloc3|CEL|F3,era5loc_ed480fff4117,era5loc_ed480fff4117|2019,FRANCE,CEL,2019,89,2019-06-03,15,False,2,0.11222222222222221,11.222222222222221,13.380936586787845,global_logit_trend_BASF_frozen
2019|M2|bloc3|CEL,2019,2019-06-25,M2,bloc3,CEL,18.333333333333332,6,4,0,"1491,1492,1493,1494,1495,1496,1497,1498,1499,1500",3,2019|M2|bloc3|CEL|F3,era5loc_ed480fff4117,era5loc_ed480fff4117|2019,FRANCE,CEL,2019,89,2019-06-03,22,False,2,0.18333333333333332,18.333333333333332,28.432784816451395,global_logit_trend_BASF_frozen
2019|M3|bloc1|APA,2019,2019-06-13,M3,bloc1,APA,0.8,10,0,0,"1681,1682,1683,1684,1685,1686,1687,1688,1689,1690",1,2019|M3|bloc1|APA|F1,era5loc_ed480fff4117,era5loc_ed480fff4117|2019,FRANCE,APA,2019,90,2019-06-06,7,False,0,0.008,0.8,1.2758585840887402,global_logit_trend_BASF_frozen
2019|M3|bloc1|APA,2019,2019-06-18,M3,bloc1,APA,1.1,10,0,0,"2081,2082,2083,2084,2085,2086,2087,2088,2089,2090",1,2019|M3|bloc1|APA|F1,era5loc_ed480fff4117,era5loc_ed480fff4117|2019,FRANCE,APA,2019,90,2019-06-06,12,False,0,0.011000000000000001,1.1,2.4746830364250934,global_logit_trend_BASF_frozen
2019|M3|bloc1|APA,2019,2019-06-26,M3,bloc1,APA,1.4,10,0,0,"1631,1632,1633,1634,1635,1636,1637,1638,1639,1640",1,2019|M3|bloc1|APA|F1,era5loc_ed480fff4117,era5loc_ed480fff4117|2019,FRANCE,APA,2019,90,2019-06-06,20,False,0,0.013999999999999999,1.4,6.949562848044591,global_logit_trend_BASF_frozen
2019|M3|bloc1|APA,2019,2019-06-13,M3,bloc1,APA,4.0,10,0,0,"1681,1682,1683,1684,1685,1686,1687,1688,1689,1690",2,2019|M3|bloc1|APA|F2,era5loc_ed480fff4117,era5loc_ed480fff4117|2019,FRANCE,APA,2019,91,2019-06-06,7,False,1,0.04,4.0,4.013890533039423,global_logit_trend_BASF_frozen
2019|M3|bloc1|APA,2019,2019-06-18,M3,bloc1,APA,5.0,10,0,0,"2081,2082,2083,2084,2085,2086,2087,2088,2089,2090",2,2019|M3|bloc1|APA|F2,era5loc_ed480fff4117,era5loc_ed480fff4117|2019,FRANCE,APA,2019,91,2019-06-06,12,False,1,0.05,5.0,7.58769675814365,global_logit_trend_BASF_frozen
2019|M3|bloc1|APA,2019,2019-06-26,M3,bloc1,APA,8.8,10,0,0,"1631,1632,1633,1634,1635,1636,1637,1638,1639,1640",2,2019|M3|bloc1|APA|F2,era5loc_ed480fff4117,era5loc_ed480fff4117|2019,FRANCE,APA,2019,91,2019-06-06,20,False,1,0.08800000000000001,8.8,19.463097274568288,global_logit_trend_BASF_frozen
2019|M3|bloc1|APA,2019,2019-06-13,M3,bloc1,APA,6.8,10,0,0,"1681,1682,1683,1684,1685,1686,1687,1688,1689,1690",3,2019|M3|bloc1|APA|F3,era5loc_ed480fff4117,era5loc_ed480fff4117|2019,FRANCE,APA,2019,92,2019-06-06,7,False,2,0.068,6.8,7.602078817733895,global_logit_trend_BASF_frozen
2019|M3|bloc1|APA,2019,2019-06-18,M3,bloc1,APA,11.0,10,0,0,"2081,2082,2083,2084,2085,2086,2087,2088,2089,2090",3,2019|M3|bloc1|APA|F3,era5loc_ed480fff4117,era5loc_ed480fff4117|2019,FRANCE,APA,2019,92,2019-06-06,12,False,2,0.11,11.0,13.907760664016061,global_logit_trend_BASF_frozen
2019|M3|bloc1|APA,2019,2019-06-26,M3,bloc1,APA,17.5,6,4,0,"1631,1632,1633,1634,1635,1636,1637,1638,1639,1640",3,2019|M3|bloc1|APA|F3,era5loc_ed480fff4117,era5loc_ed480fff4117|2019,FRANCE,APA,2019,92,2019-06-06,20,False,2,0.175,17.5,32.22533505166501,global_logit_trend_BASF_frozen
2019|M3|bloc1|CEL,2019,2019-06-13,M3,bloc1,CEL,0.3,10,0,0,"1691,1692,1693,1694,1695,1696,1697,1698,1699,1700",1,2019|M3|bloc1|CEL|F1,era5loc_ed480fff4117,era5loc_ed480fff4117|2019,FRANCE,CEL,2019,93,2019-06-06,7,False,0,0.003,0.3,1.2758585840887402,global_logit_trend_BASF_frozen
2019|M3|bloc1|CEL,2019,2019-06-18,M3,bloc1,CEL,0.2,10,0,0,"2091,2092,2093,2094,2095,2096,2097,2098,2099,2100",1,2019|M3|bloc1|CEL|F1,era5loc_ed480fff4117,era5loc_ed480fff4117|2019,FRANCE,CEL,2019,93,2019-06-06,12,False,0,0.002,0.2,2.4746830364250934,global_logit_trend_BASF_frozen
2019|M3|bloc1|CEL,2019,2019-06-26,M3,bloc1,CEL,4.6,10,0,0,"1641,1642,1643,1644,1645,1646,1647,1648,1649,1650",1,2019|M3|bloc1|CEL|F1,era5loc_ed480fff4117,era5loc_ed480fff4117|2019,FRANCE,CEL,2019,93,2019-06-06,20,False,0,0.046,4.6,6.949562848044591,global_logit_trend_BASF_frozen
2019|M3|bloc1|CEL,2019,2019-06-13,M3,bloc1,CEL,1.5,10,0,0,"1691,1692,1693,1694,1695,1696,1697,1698,1699,1700",2,2019|M3|bloc1|CEL|F2,era5loc_ed480fff4117,era5loc_ed480fff4117|2019,FRANCE,CEL,2019,94,2019-06-06,7,False,1,0.015,1.5,1.2758585840887402,global_logit_trend_BASF_frozen
2019|M3|bloc1|CEL,2019,2019-06-18,M3,bloc1,CEL,2.2,10,0,0,"2091,2092,2093,2094,2095,2096,2097,2098,2099,2100",2,2019|M3|bloc1|CEL|F2,era5loc_ed480fff4117,era5loc_ed480fff4117|2019,FRANCE,CEL,2019,94,2019-06-06,12,False,1,0.022000000000000002,2.2,2.4746830364250934,global_logit_trend_BASF_frozen
2019|M3|bloc1|CEL,2019,2019-06-26,M3,bloc1,CEL,4.5,10,0,0,"1641,1642,1643,1644,1645,1646,1647,1648,1649,1650",2,2019|M3|bloc1|CEL|F2,era5loc_ed480fff4117,era5loc_ed480fff4117|2019,FRANCE,CEL,2019,94,2019-06-06,20,False,1,0.045,4.5,6.949562848044591,global_logit_trend_BASF_frozen
2019|M3|bloc1|CEL,2019,2019-06-13,M3,bloc1,CEL,2.0,10,0,0,"1691,1692,1693,1694,1695,1696,1697,1698,1699,1700",3,2019|M3|bloc1|CEL|F3,era5loc_ed480fff4117,era5loc_ed480fff4117|2019,FRANCE,CEL,2019,95,2019-06-06,7,False,2,0.02,2.0,2.7808680566179995,global_logit_trend_BASF_frozen
2019|M3|bloc1|CEL,2019,2019-06-18,M3,bloc1,CEL,3.5,10,0,0,"2091,2092,2093,2094,2095,2096,2097,2098,2099,2100",3,2019|M3|bloc1|CEL|F3,era5loc_ed480fff4117,era5loc_ed480fff4117|2019,FRANCE,CEL,2019,95,2019-06-06,12,False,2,0.035,3.5,5.317661129668311,global_logit_trend_BASF_frozen
2019|M3|bloc1|CEL,2019,2019-06-26,M3,bloc1,CEL,7.222222222222222,9,1,0,"1641,1642,1643,1644,1645,1646,1647,1648,1649,1650",3,2019|M3|bloc1|CEL|F3,era5loc_ed480fff4117,era5loc_ed480fff4117|2019,FRANCE,CEL,2019,95,2019-06-06,20,False,2,0.07222222222222223,7.222222222222222,14.185628020952947,global_logit_trend_BASF_frozen
2019|M3|bloc2|APA,2019,2019-06-13,M3,bloc2,APA,0.6,10,0,0,"1801,1802,1803,1804,1805,1806,1807,1808,1809,1810",1,2019|M3|bloc2|APA|F1,era5loc_ed480fff4117,era5loc_ed480fff4117|2019,FRANCE,APA,2019,96,2019-06-06,7,False,0,0.006,0.6,1.2758585840887402,global_logit_trend_BASF_frozen
2019|M3|bloc2|APA,2019,2019-06-18,M3,bloc2,APA,1.4,10,0,0,"2001,2002,2003,2004,2005,2006,2007,2008,2009,2010",1,2019|M3|bloc2|APA|F1,era5loc_ed480fff4117,era5loc_ed480fff4117|2019,FRANCE,APA,2019,96,2019-06-06,12,False,0,0.013999999999999999,1.4,2.4746830364250934,global_logit_trend_BASF_frozen
2019|M3|bloc2|APA,2019,2019-06-26,M3,bloc2,APA,4.0,10,0,0,"1541,1542,1543,1544,1545,1546,1547,1548,1549,1550",1,2019|M3|bloc2|APA|F1,era5loc_ed480fff4117,era5loc_ed480fff4117|2019,FRANCE,APA,2019,96,2019-06-06,20,False,0,0.04,4.0,6.949562848044591,global_logit_trend_BASF_frozen
2019|M3|bloc2|APA,2019,2019-06-13,M3,bloc2,APA,2.6,10,0,0,"1801,1802,1803,1804,1805,1806,1807,1808,1809,1810",2,2019|M3|bloc2|APA|F2,era5loc_ed480fff4117,era5loc_ed480fff4117|2019,FRANCE,APA,2019,97,2019-06-06,7,False,1,0.026000000000000002,2.6,1.2758585840887402,global_logit_trend_BASF_frozen
2019|M3|bloc2|APA,2019,2019-06-18,M3,bloc2,APA,4.0,10,0,0,"2001,2002,2003,2004,2005,2006,2007,2008,2009,2010",2,2019|M3|bloc2|APA|F2,era5loc_ed480fff4117,era5loc_ed480fff4117|2019,FRANCE,APA,2019,97,2019-06-06,12,False,1,0.04,4.0,2.4746830364250934,global_logit_trend_BASF_frozen
2019|M3|bloc2|APA,2019,2019-06-26,M3,bloc2,APA,9.3,10,0,0,"1541,1542,1543,1544,1545,1546,1547,1548,1549,1550",2,2019|M3|bloc2|APA|F2,era5loc_ed480fff4117,era5loc_ed480fff4117|2019,FRANCE,APA,2019,97,2019-06-06,20,False,1,0.09300000000000001,9.3,6.949562848044591,global_logit_trend_BASF_frozen
2019|M3|bloc2|APA,2019,2019-06-13,M3,bloc2,APA,4.6,10,0,0,"1801,1802,1803,1804,1805,1806,1807,1808,1809,1810",3,2019|M3|bloc2|APA|F3,era5loc_ed480fff4117,era5loc_ed480fff4117|2019,FRANCE,APA,2019,98,2019-06-06,7,False,2,0.046,4.6,4.1768666211392445,global_logit_trend_BASF_frozen
2019|M3|bloc2|APA,2019,2019-06-18,M3,bloc2,APA,6.5,10,0,0,"2001,2002,2003,2004,2005,2006,2007,2008,2009,2010",3,2019|M3|bloc2|APA|F3,era5loc_ed480fff4117,era5loc_ed480fff4117|2019,FRANCE,APA,2019,98,2019-06-06,12,False,2,0.065,6.5,7.883861725836688,global_logit_trend_BASF_frozen
2019|M3|bloc2|APA,2019,2019-06-26,M3,bloc2,APA,11.142857142857142,7,3,0,"1541,1542,1543,1544,1545,1546,1547,1548,1549,1550",3,2019|M3|bloc2|APA|F3,era5loc_ed480fff4117,era5loc_ed480fff4117|2019,FRANCE,APA,2019,98,2019-06-06,20,False,2,0.11142857142857142,11.142857142857142,20.121858309245777,global_logit_trend_BASF_frozen
2019|M3|bloc2|CEL,2019,2019-06-13,M3,bloc2,CEL,0.6,10,0,0,"1811,1812,1813,1814,1815,1816,1817,1818,1819,1820",1,2019|M3|bloc2|CEL|F1,era5loc_ed480fff4117,era5loc_ed480fff4117|2019,FRANCE,CEL,2019,99,2019-06-06,7,False,0,0.006,0.6,1.2758585840887402,global_logit_trend_BASF_frozen
2019|M3|bloc2|CEL,2019,2019-06-18,M3,bloc2,CEL,1.0,10,0,0,"2011,2012,2013,2014,2015,2016,2017,2018,2019,2020",1,2019|M3|bloc2|CEL|F1,era5loc_ed480fff4117,era5loc_ed480fff4117|2019,FRANCE,CEL,2019,99,2019-06-06,12,False,0,0.01,1.0,2.4746830364250934,global_logit_trend_BASF_frozen
2019|M3|bloc2|CEL,2019,2019-06-26,M3,bloc2,CEL,5.3,10,0,0,"1551,1552,1553,1554,1555,1556,1557,1558,1559,1560",1,2019|M3|bloc2|CEL|F1,era5loc_ed480fff4117,era5loc_ed480fff4117|2019,FRANCE,CEL,2019,99,2019-06-06,20,False,0,0.053,5.3,6.949562848044591,global_logit_trend_BASF_frozen
2019|M3|bloc2|CEL,2019,2019-06-13,M3,bloc2,CEL,1.4,10,0,0,"1811,1812,1813,1814,1815,1816,1817,1818,1819,1820",2,2019|M3|bloc2|CEL|F2,era5loc_ed480fff4117,era5loc_ed480fff4117|2019,FRANCE,CEL,2019,100,2019-06-06,7,False,1,0.013999999999999999,1.4,1.2758585840887402,global_logit_trend_BASF_frozen
2019|M3|bloc2|CEL,2019,2019-06-18,M3,bloc2,CEL,2.9,10,0,0,"2011,2012,2013,2014,2015,2016,2017,2018,2019,2020",2,2019|M3|bloc2|CEL|F2,era5loc_ed480fff4117,era5loc_ed480fff4117|2019,FRANCE,CEL,2019,100,2019-06-06,12,False,1,0.028999999999999998,2.9,2.4746830364250934,global_logit_trend_BASF_frozen
2019|M3|bloc2|CEL,2019,2019-06-26,M3,bloc2,CEL,7.0,10,0,0,"1551,1552,1553,1554,1555,1556,1557,1558,1559,1560",2,2019|M3|bloc2|CEL|F2,era5loc_ed480fff4117,era5loc_ed480fff4117|2019,FRANCE,CEL,2019,100,2019-06-06,20,False,1,0.07,7.0,6.949562848044591,global_logit_trend_BASF_frozen
2019|M3|bloc2|CEL,2019,2019-06-13,M3,bloc2,CEL,0.7,10,0,0,"1811,1812,1813,1814,1815,1816,1817,1818,1819,1820",3,2019|M3|bloc2|CEL|F3,era5loc_ed480fff4117,era5loc_ed480fff4117|2019,FRANCE,CEL,2019,101,2019-06-06,7,False,2,0.006999999999999999,0.7,1.2758585840887402,global_logit_trend_BASF_frozen
2019|M3|bloc2|CEL,2019,2019-06-18,M3,bloc2,CEL,2.3,10,0,0,"2011,2012,2013,2014,2015,2016,2017,2018,2019,2020",3,2019|M3|bloc2|CEL|F3,era5loc_ed480fff4117,era5loc_ed480fff4117|2019,FRANCE,CEL,2019,101,2019-06-06,12,False,2,0.023,2.3,2.4746830364250934,global_logit_trend_BASF_frozen
2019|M3|bloc2|CEL,2019,2019-06-26,M3,bloc2,CEL,6.625,8,2,0,"1551,1552,1553,1554,1555,1556,1557,1558,1559,1560",3,2019|M3|bloc2|CEL|F3,era5loc_ed480fff4117,era5loc_ed480fff4117|2019,FRANCE,CEL,2019,101,2019-06-06,20,False,2,0.06625,6.625,6.949562848044591,global_logit_trend_BASF_frozen
2019|M3|bloc3|APA,2019,2019-06-12,M3,bloc3,APA,1.3,10,0,0,"1881,1882,1883,1884,1885,1886,1887,1888,1889,1890",1,2019|M3|bloc3|APA|F1,era5loc_ed480fff4117,era5loc_ed480fff4117|2019,FRANCE,APA,2019,102,2019-06-03,9,False,0,0.013000000000000001,1.3,1.6645562318804017,global_logit_trend_BASF_frozen
2019|M3|bloc3|APA,2019,2019-06-18,M3,bloc3,APA,2.0,10,0,0,"1941,1942,1943,1944,1945,1946,1947,1948,1949,1950",1,2019|M3|bloc3|APA|F1,era5loc_ed480fff4117,era5loc_ed480fff4117|2019,FRANCE,APA,2019,102,2019-06-03,15,False,0,0.02,2.0,3.6643997138274207,global_logit_trend_BASF_frozen
2019|M3|bloc3|APA,2019,2019-06-25,M3,bloc3,APA,5.5,10,0,0,"1501,1502,1503,1504,1505,1506,1507,1508,1509,1510",1,2019|M3|bloc3|APA|F1,era5loc_ed480fff4117,era5loc_ed480fff4117|2019,FRANCE,APA,2019,102,2019-06-03,22,False,0,0.055,5.5,8.910771502674883,global_logit_trend_BASF_frozen
2019|M3|bloc3|APA,2019,2019-06-12,M3,bloc3,APA,3.7,10,0,0,"1881,1882,1883,1884,1885,1886,1887,1888,1889,1890",2,2019|M3|bloc3|APA|F2,era5loc_ed480fff4117,era5loc_ed480fff4117|2019,FRANCE,APA,2019,103,2019-06-03,9,False,1,0.037000000000000005,3.7,3.611303318759138,global_logit_trend_BASF_frozen
2019|M3|bloc3|APA,2019,2019-06-18,M3,bloc3,APA,5.6,10,0,0,"1941,1942,1943,1944,1945,1946,1947,1948,1949,1950",2,2019|M3|bloc3|APA|F2,era5loc_ed480fff4117,era5loc_ed480fff4117|2019,FRANCE,APA,2019,103,2019-06-03,15,False,1,0.055999999999999994,5.6,7.765326444447429,global_logit_trend_BASF_frozen
2019|M3|bloc3|APA,2019,2019-06-25,M3,bloc3,APA,13.0,10,0,0,"1501,1502,1503,1504,1505,1506,1507,1508,1509,1510",2,2019|M3|bloc3|APA|F2,era5loc_ed480fff4117,era5loc_ed480fff4117|2019,FRANCE,APA,2019,103,2019-06-03,22,False,1,0.13,13.0,17.798301009301102,global_logit_trend_BASF_frozen
2019|M3|bloc3|APA,2019,2019-06-12,M3,bloc3,APA,8.5,10,0,0,"1881,1882,1883,1884,1885,1886,1887,1888,1889,1890",3,2019|M3|bloc3|APA|F3,era5loc_ed480fff4117,era5loc_ed480fff4117|2019,FRANCE,APA,2019,104,2019-06-03,9,False,2,0.085,8.5,6.124601714664382,global_logit_trend_BASF_frozen
2019|M3|bloc3|APA,2019,2019-06-18,M3,bloc3,APA,10.8,10,0,0,"1941,1942,1943,1944,1945,1946,1947,1948,1949,1950",3,2019|M3|bloc3|APA|F3,era5loc_ed480fff4117,era5loc_ed480fff4117|2019,FRANCE,APA,2019,104,2019-06-03,15,False,2,0.10800000000000001,10.8,12.786133725366094,global_logit_trend_BASF_frozen
2019|M3|bloc3|APA,2019,2019-06-25,M3,bloc3,APA,20.0,3,7,0,"1501,1502,1503,1504,1505,1506,1507,1508,1509,1510",3,2019|M3|bloc3|APA|F3,era5loc_ed480fff4117,era5loc_ed480fff4117|2019,FRANCE,APA,2019,104,2019-06-03,22,False,2,0.2,20.0,27.380400801431076,global_logit_trend_BASF_frozen
2019|M3|bloc3|CEL,2019,2019-06-12,M3,bloc3,CEL,0.3,10,0,0,"1891,1892,1893,1894,1895,1896,1897,1898,1899,1900",1,2019|M3|bloc3|CEL|F1,era5loc_ed480fff4117,era5loc_ed480fff4117|2019,FRANCE,CEL,2019,105,2019-06-03,9,False,0,0.003,0.3,1.6645562318804017,global_logit_trend_BASF_frozen
2019|M3|bloc3|CEL,2019,2019-06-18,M3,bloc3,CEL,0.4,10,0,0,"1951,1952,1953,1954,1955,1956,1957,1958,1959,1960",1,2019|M3|bloc3|CEL|F1,era5loc_ed480fff4117,era5loc_ed480fff4117|2019,FRANCE,CEL,2019,105,2019-06-03,15,False,0,0.004,0.4,3.6643997138274207,global_logit_trend_BASF_frozen
2019|M3|bloc3|CEL,2019,2019-06-25,M3,bloc3,CEL,3.7,10,0,0,"1511,1512,1513,1514,1515,1516,1517,1518,1519,1520",1,2019|M3|bloc3|CEL|F1,era5loc_ed480fff4117,era5loc_ed480fff4117|2019,FRANCE,CEL,2019,105,2019-06-03,22,False,0,0.037000000000000005,3.7,8.910771502674883,global_logit_trend_BASF_frozen
2019|M3|bloc3|CEL,2019,2019-06-12,M3,bloc3,CEL,0.6,10,0,0,"1891,1892,1893,1894,1895,1896,1897,1898,1899,1900",2,2019|M3|bloc3|CEL|F2,era5loc_ed480fff4117,era5loc_ed480fff4117|2019,FRANCE,CEL,2019,106,2019-06-03,9,False,1,0.006,0.6,1.6645562318804017,global_logit_trend_BASF_frozen
2019|M3|bloc3|CEL,2019,2019-06-18,M3,bloc3,CEL,2.4,10,0,0,"1951,1952,1953,1954,1955,1956,1957,1958,1959,1960",2,2019|M3|bloc3|CEL|F2,era5loc_ed480fff4117,era5loc_ed480fff4117|2019,FRANCE,CEL,2019,106,2019-06-03,15,False,1,0.024,2.4,3.6643997138274207,global_logit_trend_BASF_frozen
2019|M3|bloc3|CEL,2019,2019-06-25,M3,bloc3,CEL,6.1,10,0,0,"1511,1512,1513,1514,1515,1516,1517,1518,1519,1520",2,2019|M3|bloc3|CEL|F2,era5loc_ed480fff4117,era5loc_ed480fff4117|2019,FRANCE,CEL,2019,106,2019-06-03,22,False,1,0.061,6.1,8.910771502674883,global_logit_trend_BASF_frozen
2019|M3|bloc3|CEL,2019,2019-06-12,M3,bloc3,CEL,1.6,10,0,0,"1891,1892,1893,1894,1895,1896,1897,1898,1899,1900",3,2019|M3|bloc3|CEL|F3,era5loc_ed480fff4117,era5loc_ed480fff4117|2019,FRANCE,CEL,2019,107,2019-06-03,9,False,2,0.016,1.6,1.6645562318804017,global_logit_trend_BASF_frozen
2019|M3|bloc3|CEL,2019,2019-06-18,M3,bloc3,CEL,5.2,10,0,0,"1951,1952,1953,1954,1955,1956,1957,1958,1959,1960",3,2019|M3|bloc3|CEL|F3,era5loc_ed480fff4117,era5loc_ed480fff4117|2019,FRANCE,CEL,2019,107,2019-06-03,15,False,2,0.052000000000000005,5.2,3.6643997138274207,global_logit_trend_BASF_frozen
2019|M3|bloc3|CEL,2019,2019-06-25,M3,bloc3,CEL,8.5,10,0,0,"1511,1512,1513,1514,1515,1516,1517,1518,1519,1520",3,2019|M3|bloc3|CEL|F3,era5loc_ed480fff4117,era5loc_ed480fff4117|2019,FRANCE,CEL,2019,107,2019-06-03,22,False,2,0.085,8.5,8.910771502674883,global_logit_trend_BASF_frozen
2019|M4|bloc1|APA,2019,2019-06-13,M4,bloc1,APA,1.7,10,0,0,"1721,1722,1723,1724,1725,1726,1727,1728,1729,1730",1,2019|M4|bloc1|APA|F1,era5loc_ed480fff4117,era5loc_ed480fff4117|2019,FRANCE,APA,2019,108,2019-06-06,7,False,0,0.017,1.7,1.7806481237261078,global_logit_trend_BASF_frozen
2019|M4|bloc1|APA,2019,2019-06-18,M4,bloc1,APA,1.8,10,0,0,"2141,2142,2143,2144,2145,2146,2147,2148,2149,2150",1,2019|M4|bloc1|APA|F1,era5loc_ed480fff4117,era5loc_ed480fff4117|2019,FRANCE,APA,2019,108,2019-06-06,12,False,0,0.018000000000000002,1.8,3.4372697454356165,global_logit_trend_BASF_frozen
2019|M4|bloc1|APA,2019,2019-06-26,M4,bloc1,APA,11.0,10,0,0,"1661,1662,1663,1664,1665,1666,1667,1668,1669,1670",1,2019|M4|bloc1|APA|F1,era5loc_ed480fff4117,era5loc_ed480fff4117|2019,FRANCE,APA,2019,108,2019-06-06,20,False,0,0.11,11.0,9.483500813332496,global_logit_trend_BASF_frozen
2019|M4|bloc1|APA,2019,2019-06-13,M4,bloc1,APA,2.2,10,0,0,"1721,1722,1723,1724,1725,1726,1727,1728,1729,1730",2,2019|M4|bloc1|APA|F2,era5loc_ed480fff4117,era5loc_ed480fff4117|2019,FRANCE,APA,2019,109,2019-06-06,7,False,1,0.022000000000000002,2.2,1.5286463543816984,global_logit_trend_BASF_frozen
2019|M4|bloc1|APA,2019,2019-06-18,M4,bloc1,APA,3.3,10,0,0,"2141,2142,2143,2144,2145,2146,2147,2148,2149,2150",2,2019|M4|bloc1|APA|F2,era5loc_ed480fff4117,era5loc_ed480fff4117|2019,FRANCE,APA,2019,109,2019-06-06,12,False,1,0.033,3.3,2.9578791937248985,global_logit_trend_BASF_frozen
2019|M4|bloc1|APA,2019,2019-06-26,M4,bloc1,APA,7.0,10,0,0,"1661,1662,1663,1664,1665,1666,1667,1668,1669,1670",2,2019|M4|bloc1|APA|F2,era5loc_ed480fff4117,era5loc_ed480fff4117|2019,FRANCE,APA,2019,109,2019-06-06,20,False,1,0.07,7.0,8.232746540815299,global_logit_trend_BASF_frozen
2019|M4|bloc1|APA,2019,2019-06-13,M4,bloc1,APA,3.5,10,0,0,"1721,1722,1723,1724,1725,1726,1727,1728,1729,1730",3,2019|M4|bloc1|APA|F3,era5loc_ed480fff4117,era5loc_ed480fff4117|2019,FRANCE,APA,2019,110,2019-06-06,7,False,2,0.035,3.5,3.7688007489933275,global_logit_trend_BASF_frozen
2019|M4|bloc1|APA,2019,2019-06-18,M4,bloc1,APA,7.3,10,0,0,"2141,2142,2143,2144,2145,2146,2147,2148,2149,2150",3,2019|M4|bloc1|APA|F3,era5loc_ed480fff4117,era5loc_ed480fff4117|2019,FRANCE,APA,2019,110,2019-06-06,12,False,2,0.073,7.3,7.140622648694578,global_logit_trend_BASF_frozen
2019|M4|bloc1|APA,2019,2019-06-26,M4,bloc1,APA,13.0,6,4,0,"1661,1662,1663,1664,1665,1666,1667,1668,1669,1670",3,2019|M4|bloc1|APA|F3,era5loc_ed480fff4117,era5loc_ed480fff4117|2019,FRANCE,APA,2019,110,2019-06-06,20,False,2,0.13,13.0,18.456055572445514,global_logit_trend_BASF_frozen
2019|M4|bloc1|CEL,2019,2019-06-13,M4,bloc1,CEL,0.0,10,0,0,"1731,1732,1733,1734,1735,1736,1737,1738,1739,1740",1,2019|M4|bloc1|CEL|F1,era5loc_ed480fff4117,era5loc_ed480fff4117|2019,FRANCE,CEL,2019,111,2019-06-06,7,False,0,0.0,0.0,1.2758585840887402,global_logit_trend_BASF_frozen
2019|M4|bloc1|CEL,2019,2019-06-18,M4,bloc1,CEL,0.1,10,0,0,"2151,2152,2153,2154,2155,2156,2157,2158,2159,2160",1,2019|M4|bloc1|CEL|F1,era5loc_ed480fff4117,era5loc_ed480fff4117|2019,FRANCE,CEL,2019,111,2019-06-06,12,False,0,0.001,0.1,2.4746830364250934,global_logit_trend_BASF_frozen
2019|M4|bloc1|CEL,2019,2019-06-26,M4,bloc1,CEL,3.8,10,0,0,"1671,1672,1673,1674,1675,1676,1677,1678,1679,1680",1,2019|M4|bloc1|CEL|F1,era5loc_ed480fff4117,era5loc_ed480fff4117|2019,FRANCE,CEL,2019,111,2019-06-06,20,False,0,0.038,3.8,6.949562848044591,global_logit_trend_BASF_frozen
2019|M4|bloc1|CEL,2019,2019-06-13,M4,bloc1,CEL,0.0,10,0,0,"1731,1732,1733,1734,1735,1736,1737,1738,1739,1740",2,2019|M4|bloc1|CEL|F2,era5loc_ed480fff4117,era5loc_ed480fff4117|2019,FRANCE,CEL,2019,112,2019-06-06,7,False,1,0.0,0.0,1.2758585840887402,global_logit_trend_BASF_frozen
2019|M4|bloc1|CEL,2019,2019-06-18,M4,bloc1,CEL,0.4,10,0,0,"2151,2152,2153,2154,2155,2156,2157,2158,2159,2160",2,2019|M4|bloc1|CEL|F2,era5loc_ed480fff4117,era5loc_ed480fff4117|2019,FRANCE,CEL,2019,112,2019-06-06,12,False,1,0.004,0.4,2.4746830364250934,global_logit_trend_BASF_frozen
2019|M4|bloc1|CEL,2019,2019-06-26,M4,bloc1,CEL,2.9,10,0,0,"1671,1672,1673,1674,1675,1676,1677,1678,1679,1680",2,2019|M4|bloc1|CEL|F2,era5loc_ed480fff4117,era5loc_ed480fff4117|2019,FRANCE,CEL,2019,112,2019-06-06,20,False,1,0.028999999999999998,2.9,6.949562848044591,global_logit_trend_BASF_frozen
2019|M4|bloc1|CEL,2019,2019-06-13,M4,bloc1,CEL,3.0,10,0,0,"1731,1732,1733,1734,1735,1736,1737,1738,1739,1740",3,2019|M4|bloc1|CEL|F3,era5loc_ed480fff4117,era5loc_ed480fff4117|2019,FRANCE,CEL,2019,113,2019-06-06,7,False,2,0.03,3.0,1.4163934898054533,global_logit_trend_BASF_frozen
2019|M4|bloc1|CEL,2019,2019-06-18,M4,bloc1,CEL,5.7,10,0,0,"2151,2152,2153,2154,2155,2156,2157,2158,2159,2160",3,2019|M4|bloc1|CEL|F3,era5loc_ed480fff4117,era5loc_ed480fff4117|2019,FRANCE,CEL,2019,113,2019-06-06,12,False,2,0.057,5.7,2.743597861626846,global_logit_trend_BASF_frozen
2019|M4|bloc1|CEL,2019,2019-06-26,M4,bloc1,CEL,5.5,8,2,0,"1671,1672,1673,1674,1675,1676,1677,1678,1679,1680",3,2019|M4|bloc1|CEL|F3,era5loc_ed480fff4117,era5loc_ed480fff4117|2019,FRANCE,CEL,2019,113,2019-06-06,20,False,2,0.055,5.5,7.666520744208551,global_logit_trend_BASF_frozen
2019|M4|bloc2|APA,2019,2019-06-13,M4,bloc2,APA,1.4,10,0,0,"1821,1822,1823,1824,1825,1826,1827,1828,1829,1830",1,2019|M4|bloc2|APA|F1,era5loc_ed480fff4117,era5loc_ed480fff4117|2019,FRANCE,APA,2019,114,2019-06-06,7,False,0,0.013999999999999999,1.4,2.0318675523376877,global_logit_trend_BASF_frozen
2019|M4|bloc2|APA,2019,2019-06-18,M4,bloc2,APA,1.2,10,0,0,"2041,2042,2043,2044,2045,2046,2047,2048,2049,2050",1,2019|M4|bloc2|APA|F1,era5loc_ed480fff4117,era5loc_ed480fff4117|2019,FRANCE,APA,2019,114,2019-06-06,12,False,0,0.012,1.2,3.912899474070994,global_logit_trend_BASF_frozen
2019|M4|bloc2|APA,2019,2019-06-26,M4,bloc2,APA,4.571428571428571,7,0,3,"1561,1562,1563,1564,1565,1566,1567,1568,1569,1570",1,2019|M4|bloc2|APA|F1,era5loc_ed480fff4117,era5loc_ed480fff4117|2019,FRANCE,APA,2019,114,2019-06-06,20,False,0,0.045714285714285714,4.571428571428571,10.703039689673368,global_logit_trend_BASF_frozen
2019|M4|bloc2|APA,2019,2019-06-13,M4,bloc2,APA,3.1,10,0,0,"1821,1822,1823,1824,1825,1826,1827,1828,1829,1830",2,2019|M4|bloc2|APA|F2,era5loc_ed480fff4117,era5loc_ed480fff4117|2019,FRANCE,APA,2019,115,2019-06-06,7,False,1,0.031,3.1,3.7688007489933275,global_logit_trend_BASF_frozen
2019|M4|bloc2|APA,2019,2019-06-18,M4,bloc2,APA,4.5,10,0,0,"2041,2042,2043,2044,2045,2046,2047,2048,2049,2050",2,2019|M4|bloc2|APA|F2,era5loc_ed480fff4117,era5loc_ed480fff4117|2019,FRANCE,APA,2019,115,2019-06-06,12,False,1,0.045,4.5,7.140622648694578,global_logit_trend_BASF_frozen
2019|M4|bloc2|APA,2019,2019-06-26,M4,bloc2,APA,8.571428571428571,7,0,3,"1561,1562,1563,1564,1565,1566,1567,1568,1569,1570",2,2019|M4|bloc2|APA|F2,era5loc_ed480fff4117,era5loc_ed480fff4117|2019,FRANCE,APA,2019,115,2019-06-06,20,False,1,0.08571428571428572,8.571428571428571,18.456055572445514,global_logit_trend_BASF_frozen
2019|M4|bloc2|APA,2019,2019-06-13,M4,bloc2,APA,6.25,8,2,0,"1821,1822,1823,1824,1825,1826,1827,1828,1829,1830",3,2019|M4|bloc2|APA|F3,era5loc_ed480fff4117,era5loc_ed480fff4117|2019,FRANCE,APA,2019,116,2019-06-06,7,False,2,0.0625,6.25,5.7086990801046555,global_logit_trend_BASF_frozen
2019|M4|bloc2|APA,2019,2019-06-18,M4,bloc2,APA,7.777777777777778,9,1,0,"2041,2042,2043,2044,2045,2046,2047,2048,2049,2050",3,2019|M4|bloc2|APA|F3,era5loc_ed480fff4117,era5loc_ed480fff4117|2019,FRANCE,APA,2019,116,2019-06-06,12,False,2,0.07777777777777778,7.777777777777778,10.62446814578016,global_logit_trend_BASF_frozen
2019|M4|bloc2|APA,2019,2019-06-26,M4,bloc2,APA,16.0,5,5,0,"1561,1562,1563,1564,1565,1566,1567,1568,1569,1570",3,2019|M4|bloc2|APA|F3,era5loc_ed480fff4117,era5loc_ed480fff4117|2019,FRANCE,APA,2019,116,2019-06-06,20,False,2,0.16,16.0,25.919619511689046,global_logit_trend_BASF_frozen
2019|M4|bloc2|CEL,2019,2019-06-13,M4,bloc2,CEL,0.4,10,0,0,"1831,1832,1833,1834,1835,1836,1837,1838,1839,1840",1,2019|M4|bloc2|CEL|F1,era5loc_ed480fff4117,era5loc_ed480fff4117|2019,FRANCE,CEL,2019,117,2019-06-06,7,False,0,0.004,0.4,3.0289942732573265,global_logit_trend_BASF_frozen
2019|M4|bloc2|CEL,2019,2019-06-18,M4,bloc2,CEL,0.2,10,0,0,"2051,2052,2053,2054,2055,2056,2057,2058,2059,2060",1,2019|M4|bloc2|CEL|F1,era5loc_ed480fff4117,era5loc_ed480fff4117|2019,FRANCE,CEL,2019,117,2019-06-06,12,False,0,0.002,0.2,5.778681595682978,global_logit_trend_BASF_frozen
2019|M4|bloc2|CEL,2019,2019-06-26,M4,bloc2,CEL,3.0,6,0,4,"1571,1572,1573,1574,1575,1576,1577,1578,1579,1580",1,2019|M4|bloc2|CEL|F1,era5loc_ed480fff4117,era5loc_ed480fff4117|2019,FRANCE,CEL,2019,117,2019-06-06,20,False,0,0.03,3.0,15.291301636270378,global_logit_trend_BASF_frozen
2019|M4|bloc2|CEL,2019,2019-06-13,M4,bloc2,CEL,1.0,10,0,0,"1831,1832,1833,1834,1835,1836,1837,1838,1839,1840",2,2019|M4|bloc2|CEL|F2,era5loc_ed480fff4117,era5loc_ed480fff4117|2019,FRANCE,CEL,2019,118,2019-06-06,7,False,1,0.01,1.0,1.2758585840887402,global_logit_trend_BASF_frozen
2019|M4|bloc2|CEL,2019,2019-06-18,M4,bloc2,CEL,1.7,10,0,0,"2051,2052,2053,2054,2055,2056,2057,2058,2059,2060",2,2019|M4|bloc2|CEL|F2,era5loc_ed480fff4117,era5loc_ed480fff4117|2019,FRANCE,CEL,2019,118,2019-06-06,12,False,1,0.017,1.7,2.4746830364250934,global_logit_trend_BASF_frozen
2019|M4|bloc2|CEL,2019,2019-06-26,M4,bloc2,CEL,4.0,6,0,4,"1571,1572,1573,1574,1575,1576,1577,1578,1579,1580",2,2019|M4|bloc2|CEL|F2,era5loc_ed480fff4117,era5loc_ed480fff4117|2019,FRANCE,CEL,2019,118,2019-06-06,20,False,1,0.04,4.0,6.949562848044591,global_logit_trend_BASF_frozen
2019|M4|bloc2|CEL,2019,2019-06-13,M4,bloc2,CEL,2.4,10,0,0,"1831,1832,1833,1834,1835,1836,1837,1838,1839,1840",3,2019|M4|bloc2|CEL|F3,era5loc_ed480fff4117,era5loc_ed480fff4117|2019,FRANCE,CEL,2019,119,2019-06-06,7,False,2,0.024,2.4,1.5286463543816984,global_logit_trend_BASF_frozen
2019|M4|bloc2|CEL,2019,2019-06-18,M4,bloc2,CEL,2.9,10,0,0,"2051,2052,2053,2054,2055,2056,2057,2058,2059,2060",3,2019|M4|bloc2|CEL|F3,era5loc_ed480fff4117,era5loc_ed480fff4117|2019,FRANCE,CEL,2019,119,2019-06-06,12,False,2,0.028999999999999998,2.9,2.9578791937248985,global_logit_trend_BASF_frozen
2019|M4|bloc2|CEL,2019,2019-06-26,M4,bloc2,CEL,4.666666666666667,9,1,0,"1571,1572,1573,1574,1575,1576,1577,1578,1579,1580",3,2019|M4|bloc2|CEL|F3,era5loc_ed480fff4117,era5loc_ed480fff4117|2019,FRANCE,CEL,2019,119,2019-06-06,20,False,2,0.04666666666666667,4.666666666666667,8.232746540815299,global_logit_trend_BASF_frozen
2019|M4|bloc3|APA,2019,2019-06-12,M4,bloc3,APA,0.5,10,0,0,"1841,1842,1843,1844,1845,1846,1847,1848,1849,1850",1,2019|M4|bloc3|APA|F1,era5loc_ed480fff4117,era5loc_ed480fff4117|2019,FRANCE,APA,2019,120,2019-06-03,9,False,0,0.005,0.5,1.6645562318804017,global_logit_trend_BASF_frozen
2019|M4|bloc3|APA,2019,2019-06-18,M4,bloc3,APA,0.9,10,0,0,"1961,1962,1963,1964,1965,1966,1967,1968,1969,1970",1,2019|M4|bloc3|APA|F1,era5loc_ed480fff4117,era5loc_ed480fff4117|2019,FRANCE,APA,2019,120,2019-06-03,15,False,0,0.009000000000000001,0.9,3.6643997138274207,global_logit_trend_BASF_frozen
2019|M4|bloc3|APA,2019,2019-06-25,M4,bloc3,APA,5.6,10,0,0,"1441,1442,1443,1444,1445,1446,1447,1448,1449,1450",1,2019|M4|bloc3|APA|F1,era5loc_ed480fff4117,era5loc_ed480fff4117|2019,FRANCE,APA,2019,120,2019-06-03,22,False,0,0.055999999999999994,5.6,8.910771502674883,global_logit_trend_BASF_frozen
2019|M4|bloc3|APA,2019,2019-06-12,M4,bloc3,APA,3.1,10,0,0,"1841,1842,1843,1844,1845,1846,1847,1848,1849,1850",2,2019|M4|bloc3|APA|F2,era5loc_ed480fff4117,era5loc_ed480fff4117|2019,FRANCE,APA,2019,121,2019-06-03,9,False,1,0.031,3.1,3.930530402297612,global_logit_trend_BASF_frozen
2019|M4|bloc3|APA,2019,2019-06-18,M4,bloc3,APA,7.7,10,0,0,"1961,1962,1963,1964,1965,1966,1967,1968,1969,1970",2,2019|M4|bloc3|APA|F2,era5loc_ed480fff4117,era5loc_ed480fff4117|2019,FRANCE,APA,2019,121,2019-06-03,15,False,1,0.077,7.7,8.419679667916052,global_logit_trend_BASF_frozen
2019|M4|bloc3|APA,2019,2019-06-25,M4,bloc3,APA,10.88888888888889,9,1,0,"1441,1442,1443,1444,1445,1446,1447,1448,1449,1450",2,2019|M4|bloc3|APA|F2,era5loc_ed480fff4117,era5loc_ed480fff4117|2019,FRANCE,APA,2019,121,2019-06-03,22,False,1,0.1088888888888889,10.88888888888889,19.12281018225167,global_logit_trend_BASF_frozen
2019|M4|bloc3|APA,2019,2019-06-12,M4,bloc3,APA,6.0,9,1,0,"1841,1842,1843,1844,1845,1846,1847,1848,1849,1850",3,2019|M4|bloc3|APA|F3,era5loc_ed480fff4117,era5loc_ed480fff4117|2019,FRANCE,APA,2019,122,2019-06-03,9,False,2,0.06,6.0,5.815435165580985,global_logit_trend_BASF_frozen
2019|M4|bloc3|APA,2019,2019-06-18,M4,bloc3,APA,13.333333333333334,9,1,0,"1961,1962,1963,1964,1965,1966,1967,1968,1969,1970",3,2019|M4|bloc3|APA|F3,era5loc_ed480fff4117,era5loc_ed480fff4117|2019,FRANCE,APA,2019,122,2019-06-03,15,False,2,0.13333333333333333,13.333333333333334,12.184342137515992,global_logit_trend_BASF_frozen
2019|M4|bloc3|APA,2019,2019-06-25,M4,bloc3,APA,17.5,6,4,0,"1441,1442,1443,1444,1445,1446,1447,1448,1449,1450",3,2019|M4|bloc3|APA|F3,era5loc_ed480fff4117,era5loc_ed480fff4117|2019,FRANCE,APA,2019,122,2019-06-03,22,False,2,0.175,17.5,26.298844810098693,global_logit_trend_BASF_frozen
2019|M4|bloc3|CEL,2019,2019-06-12,M4,bloc3,CEL,0.1,10,0,0,"1851,1852,1853,1854,1855,1856,1857,1858,1859,1860",1,2019|M4|bloc3|CEL|F1,era5loc_ed480fff4117,era5loc_ed480fff4117|2019,FRANCE,CEL,2019,123,2019-06-03,9,False,0,0.001,0.1,1.6645562318804017,global_logit_trend_BASF_frozen
2019|M4|bloc3|CEL,2019,2019-06-18,M4,bloc3,CEL,0.9,10,0,0,"1971,1972,1973,1974,1975,1976,1977,1978,1979,1980",1,2019|M4|bloc3|CEL|F1,era5loc_ed480fff4117,era5loc_ed480fff4117|2019,FRANCE,CEL,2019,123,2019-06-03,15,False,0,0.009000000000000001,0.9,3.6643997138274207,global_logit_trend_BASF_frozen
2019|M4|bloc3|CEL,2019,2019-06-25,M4,bloc3,CEL,5.5,10,0,0,"1451,1452,1453,1454,1455,1456,1457,1458,1459,1460",1,2019|M4|bloc3|CEL|F1,era5loc_ed480fff4117,era5loc_ed480fff4117|2019,FRANCE,CEL,2019,123,2019-06-03,22,False,0,0.055,5.5,8.910771502674883,global_logit_trend_BASF_frozen
2019|M4|bloc3|CEL,2019,2019-06-12,M4,bloc3,CEL,0.8,10,0,0,"1851,1852,1853,1854,1855,1856,1857,1858,1859,1860",2,2019|M4|bloc3|CEL|F2,era5loc_ed480fff4117,era5loc_ed480fff4117|2019,FRANCE,CEL,2019,124,2019-06-03,9,False,1,0.008,0.8,1.6645562318804017,global_logit_trend_BASF_frozen
2019|M4|bloc3|CEL,2019,2019-06-18,M4,bloc3,CEL,1.4,10,0,0,"1971,1972,1973,1974,1975,1976,1977,1978,1979,1980",2,2019|M4|bloc3|CEL|F2,era5loc_ed480fff4117,era5loc_ed480fff4117|2019,FRANCE,CEL,2019,124,2019-06-03,15,False,1,0.013999999999999999,1.4,3.6643997138274207,global_logit_trend_BASF_frozen
2019|M4|bloc3|CEL,2019,2019-06-25,M4,bloc3,CEL,3.1,10,0,0,"1451,1452,1453,1454,1455,1456,1457,1458,1459,1460",2,2019|M4|bloc3|CEL|F2,era5loc_ed480fff4117,era5loc_ed480fff4117|2019,FRANCE,CEL,2019,124,2019-06-03,22,False,1,0.031,3.1,8.910771502674883,global_logit_trend_BASF_frozen
2019|M4|bloc3|CEL,2019,2019-06-12,M4,bloc3,CEL,1.0,10,0,0,"1851,1852,1853,1854,1855,1856,1857,1858,1859,1860",3,2019|M4|bloc3|CEL|F3,era5loc_ed480fff4117,era5loc_ed480fff4117|2019,FRANCE,CEL,2019,125,2019-06-03,9,False,2,0.01,1.0,1.6645562318804017,global_logit_trend_BASF_frozen
2019|M4|bloc3|CEL,2019,2019-06-18,M4,bloc3,CEL,1.5,10,0,0,"1971,1972,1973,1974,1975,1976,1977,1978,1979,1980",3,2019|M4|bloc3|CEL|F3,era5loc_ed480fff4117,era5loc_ed480fff4117|2019,FRANCE,CEL,2019,125,2019-06-03,15,False,2,0.015,1.5,3.6643997138274207,global_logit_trend_BASF_frozen
2019|M4|bloc3|CEL,2019,2019-06-25,M4,bloc3,CEL,4.6,10,0,0,"1451,1452,1453,1454,1455,1456,1457,1458,1459,1460",3,2019|M4|bloc3|CEL|F3,era5loc_ed480fff4117,era5loc_ed480fff4117|2019,FRANCE,CEL,2019,125,2019-06-03,22,False,2,0.046,4.6,8.910771502674883,global_logit_trend_BASF_frozen
2019|M5|bloc1|APA,2019,2019-06-13,M5,bloc1,APA,1.7,10,0,0,"1701,1702,1703,1704,1705,1706,1707,1708,1709,1710",1,2019|M5|bloc1|APA|F1,era5loc_ed480fff4117,era5loc_ed480fff4117|2019,FRANCE,APA,2019,126,2019-06-06,7,False,0,0.017,1.7,1.2758585840887402,global_logit_trend_BASF_frozen
2019|M5|bloc1|APA,2019,2019-06-18,M5,bloc1,APA,2.1,10,0,0,"2121,2122,2123,2124,2125,2126,2127,2128,2129,2130",1,2019|M5|bloc1|APA|F1,era5loc_ed480fff4117,era5loc_ed480fff4117|2019,FRANCE,APA,2019,126,2019-06-06,12,False,0,0.021,2.1,2.4746830364250934,global_logit_trend_BASF_frozen
2019|M5|bloc1|APA,2019,2019-06-26,M5,bloc1,APA,8.8,10,0,0,"1601,1602,1603,1604,1605,1606,1607,1608,1609,1610",1,2019|M5|bloc1|APA|F1,era5loc_ed480fff4117,era5loc_ed480fff4117|2019,FRANCE,APA,2019,126,2019-06-06,20,False,0,0.08800000000000001,8.8,6.949562848044591,global_logit_trend_BASF_frozen
2019|M5|bloc1|APA,2019,2019-06-13,M5,bloc1,APA,7.8,10,0,0,"1701,1702,1703,1704,1705,1706,1707,1708,1709,1710",2,2019|M5|bloc1|APA|F2,era5loc_ed480fff4117,era5loc_ed480fff4117|2019,FRANCE,APA,2019,127,2019-06-06,7,False,1,0.078,7.8,4.258229917925534,global_logit_trend_BASF_frozen
2019|M5|bloc1|APA,2019,2019-06-18,M5,bloc1,APA,7.5,10,0,0,"2121,2122,2123,2124,2125,2126,2127,2128,2129,2130",2,2019|M5|bloc1|APA|F2,era5loc_ed480fff4117,era5loc_ed480fff4117|2019,FRANCE,APA,2019,127,2019-06-06,12,False,1,0.075,7.5,8.031383161903427,global_logit_trend_BASF_frozen
2019|M5|bloc1|APA,2019,2019-06-26,M5,bloc1,APA,11.444444444444445,9,1,0,"1601,1602,1603,1604,1605,1606,1607,1608,1609,1610",2,2019|M5|bloc1|APA|F2,era5loc_ed480fff4117,era5loc_ed480fff4117|2019,FRANCE,APA,2019,127,2019-06-06,20,False,1,0.11444444444444445,11.444444444444445,20.44754361049139,global_logit_trend_BASF_frozen
2019|M5|bloc1|APA,2019,2019-06-13,M5,bloc1,APA,5.222222222222222,9,1,0,"1701,1702,1703,1704,1705,1706,1707,1708,1709,1710",3,2019|M5|bloc1|APA|F3,era5loc_ed480fff4117,era5loc_ed480fff4117|2019,FRANCE,APA,2019,128,2019-06-06,7,False,2,0.052222222222222225,5.222222222222222,5.7086990801046555,global_logit_trend_BASF_frozen
2019|M5|bloc1|APA,2019,2019-06-18,M5,bloc1,APA,8.88888888888889,9,1,0,"2121,2122,2123,2124,2125,2126,2127,2128,2129,2130",3,2019|M5|bloc1|APA|F3,era5loc_ed480fff4117,era5loc_ed480fff4117|2019,FRANCE,APA,2019,128,2019-06-06,12,False,2,0.08888888888888889,8.88888888888889,10.62446814578016,global_logit_trend_BASF_frozen
2019|M5|bloc1|APA,2019,2019-06-26,M5,bloc1,APA,14.4,5,5,0,"1601,1602,1603,1604,1605,1606,1607,1608,1609,1610",3,2019|M5|bloc1|APA|F3,era5loc_ed480fff4117,era5loc_ed480fff4117|2019,FRANCE,APA,2019,128,2019-06-06,20,False,2,0.14400000000000002,14.4,25.919619511689046,global_logit_trend_BASF_frozen
2019|M5|bloc1|CEL,2019,2019-06-13,M5,bloc1,CEL,0.4,10,0,0,"1711,1712,1713,1714,1715,1716,1717,1718,1719,1720",1,2019|M5|bloc1|CEL|F1,era5loc_ed480fff4117,era5loc_ed480fff4117|2019,FRANCE,CEL,2019,129,2019-06-06,7,False,0,0.004,0.4,1.2758585840887402,global_logit_trend_BASF_frozen
2019|M5|bloc1|CEL,2019,2019-06-18,M5,bloc1,CEL,0.5,10,0,0,"2131,2132,2133,2134,2135,2136,2137,2138,2139,2140",1,2019|M5|bloc1|CEL|F1,era5loc_ed480fff4117,era5loc_ed480fff4117|2019,FRANCE,CEL,2019,129,2019-06-06,12,False,0,0.005,0.5,2.4746830364250934,global_logit_trend_BASF_frozen
2019|M5|bloc1|CEL,2019,2019-06-26,M5,bloc1,CEL,1.8,10,0,0,"1611,1612,1613,1614,1615,1616,1617,1618,1619,1620",1,2019|M5|bloc1|CEL|F1,era5loc_ed480fff4117,era5loc_ed480fff4117|2019,FRANCE,CEL,2019,129,2019-06-06,20,False,0,0.018000000000000002,1.8,6.949562848044591,global_logit_trend_BASF_frozen
2019|M5|bloc1|CEL,2019,2019-06-13,M5,bloc1,CEL,1.0,10,0,0,"1711,1712,1713,1714,1715,1716,1717,1718,1719,1720",2,2019|M5|bloc1|CEL|F2,era5loc_ed480fff4117,era5loc_ed480fff4117|2019,FRANCE,CEL,2019,130,2019-06-06,7,False,1,0.01,1.0,1.2758585840887402,global_logit_trend_BASF_frozen
2019|M5|bloc1|CEL,2019,2019-06-18,M5,bloc1,CEL,1.1,10,0,0,"2131,2132,2133,2134,2135,2136,2137,2138,2139,2140",2,2019|M5|bloc1|CEL|F2,era5loc_ed480fff4117,era5loc_ed480fff4117|2019,FRANCE,CEL,2019,130,2019-06-06,12,False,1,0.011000000000000001,1.1,2.4746830364250934,global_logit_trend_BASF_frozen
2019|M5|bloc1|CEL,2019,2019-06-26,M5,bloc1,CEL,3.5,10,0,0,"1611,1612,1613,1614,1615,1616,1617,1618,1619,1620",2,2019|M5|bloc1|CEL|F2,era5loc_ed480fff4117,era5loc_ed480fff4117|2019,FRANCE,CEL,2019,130,2019-06-06,20,False,1,0.035,3.5,6.949562848044591,global_logit_trend_BASF_frozen
2019|M5|bloc1|CEL,2019,2019-06-13,M5,bloc1,CEL,1.9,10,0,0,"1711,1712,1713,1714,1715,1716,1717,1718,1719,1720",3,2019|M5|bloc1|CEL|F3,era5loc_ed480fff4117,era5loc_ed480fff4117|2019,FRANCE,CEL,2019,131,2019-06-06,7,False,2,0.019,1.9,2.282308277741063,global_logit_trend_BASF_frozen
2019|M5|bloc1|CEL,2019,2019-06-18,M5,bloc1,CEL,2.2,10,0,0,"2131,2132,2133,2134,2135,2136,2137,2138,2139,2140",3,2019|M5|bloc1|CEL|F3,era5loc_ed480fff4117,era5loc_ed480fff4117|2019,FRANCE,CEL,2019,131,2019-06-06,12,False,2,0.022000000000000002,2.2,4.38481246225169,global_logit_trend_BASF_frozen
2019|M5|bloc1|CEL,2019,2019-06-26,M5,bloc1,CEL,7.2,10,0,0,"1611,1612,1613,1614,1615,1616,1617,1618,1619,1620",3,2019|M5|bloc1|CEL|F3,era5loc_ed480fff4117,era5loc_ed480fff4117|2019,FRANCE,CEL,2019,131,2019-06-06,20,False,2,0.07200000000000001,7.2,11.892517343345649,global_logit_trend_BASF_frozen
2019|M5|bloc2|APA,2019,2019-06-13,M5,bloc2,APA,0.8,10,0,0,"1781,1782,1783,1784,1785,1786,1787,1788,1789,1790",1,2019|M5|bloc2|APA|F1,era5loc_ed480fff4117,era5loc_ed480fff4117|2019,FRANCE,APA,2019,132,2019-06-06,7,False,0,0.008,0.8,1.2758585840887402,global_logit_trend_BASF_frozen
2019|M5|bloc2|APA,2019,2019-06-18,M5,bloc2,APA,1.8,10,0,0,"2021,2022,2023,2024,2025,2026,2027,2028,2029,2030",1,2019|M5|bloc2|APA|F1,era5loc_ed480fff4117,era5loc_ed480fff4117|2019,FRANCE,APA,2019,132,2019-06-06,12,False,0,0.018000000000000002,1.8,2.4746830364250934,global_logit_trend_BASF_frozen
2019|M5|bloc2|APA,2019,2019-06-26,M5,bloc2,APA,7.7,10,0,0,"1521,1522,1523,1524,1525,1526,1527,1528,1529,1530",1,2019|M5|bloc2|APA|F1,era5loc_ed480fff4117,era5loc_ed480fff4117|2019,FRANCE,APA,2019,132,2019-06-06,20,False,0,0.077,7.7,6.949562848044591,global_logit_trend_BASF_frozen
2019|M5|bloc2|APA,2019,2019-06-13,M5,bloc2,APA,3.0,10,0,0,"1781,1782,1783,1784,1785,1786,1787,1788,1789,1790",2,2019|M5|bloc2|APA|F2,era5loc_ed480fff4117,era5loc_ed480fff4117|2019,FRANCE,APA,2019,133,2019-06-06,7,False,1,0.03,3.0,3.7688007489933275,global_logit_trend_BASF_frozen
2019|M5|bloc2|APA,2019,2019-06-18,M5,bloc2,APA,5.4,10,0,0,"2021,2022,2023,2024,2025,2026,2027,2028,2029,2030",2,2019|M5|bloc2|APA|F2,era5loc_ed480fff4117,era5loc_ed480fff4117|2019,FRANCE,APA,2019,133,2019-06-06,12,False,1,0.054000000000000006,5.4,7.140622648694578,global_logit_trend_BASF_frozen
2019|M5|bloc2|APA,2019,2019-06-26,M5,bloc2,APA,8.0,10,0,0,"1521,1522,1523,1524,1525,1526,1527,1528,1529,1530",2,2019|M5|bloc2|APA|F2,era5loc_ed480fff4117,era5loc_ed480fff4117|2019,FRANCE,APA,2019,133,2019-06-06,20,False,1,0.08,8.0,18.456055572445514,global_logit_trend_BASF_frozen
2019|M5|bloc2|APA,2019,2019-06-13,M5,bloc2,APA,7.8,10,0,0,"1781,1782,1783,1784,1785,1786,1787,1788,1789,1790",3,2019|M5|bloc2|APA|F3,era5loc_ed480fff4117,era5loc_ed480fff4117|2019,FRANCE,APA,2019,134,2019-06-06,7,False,2,0.078,7.8,11.03248098730552,global_logit_trend_BASF_frozen
2019|M5|bloc2|APA,2019,2019-06-18,M5,bloc2,APA,11.25,8,1,1,"2021,2022,2023,2024,2025,2026,2027,2028,2029,2030",3,2019|M5|bloc2|APA|F3,era5loc_ed480fff4117,era5loc_ed480fff4117|2019,FRANCE,APA,2019,134,2019-06-06,12,False,2,0.1125,11.25,19.58058467061568,global_logit_trend_BASF_frozen
2019|M5|bloc2|APA,2019,2019-06-26,M5,bloc2,APA,5.0,1,9,0,"1521,1522,1523,1524,1525,1526,1527,1528,1529,1530",3,2019|M5|bloc2|APA|F3,era5loc_ed480fff4117,era5loc_ed480fff4117|2019,FRANCE,APA,2019,134,2019-06-06,20,False,2,0.05,5.0,41.746699115686404,global_logit_trend_BASF_frozen
2019|M5|bloc2|CEL,2019,2019-06-13,M5,bloc2,CEL,0.4,10,0,0,"1791,1792,1793,1794,1795,1796,1797,1798,1799,1800",1,2019|M5|bloc2|CEL|F1,era5loc_ed480fff4117,era5loc_ed480fff4117|2019,FRANCE,CEL,2019,135,2019-06-06,7,False,0,0.004,0.4,1.2758585840887402,global_logit_trend_BASF_frozen
2019|M5|bloc2|CEL,2019,2019-06-18,M5,bloc2,CEL,0.3,10,0,0,"2031,2032,2033,2034,2035,2036,2037,2038,2039,2040",1,2019|M5|bloc2|CEL|F1,era5loc_ed480fff4117,era5loc_ed480fff4117|2019,FRANCE,CEL,2019,135,2019-06-06,12,False,0,0.003,0.3,2.4746830364250934,global_logit_trend_BASF_frozen
2019|M5|bloc2|CEL,2019,2019-06-26,M5,bloc2,CEL,1.6,10,0,0,"1531,1532,1533,1534,1535,1536,1537,1538,1539,1540",1,2019|M5|bloc2|CEL|F1,era5loc_ed480fff4117,era5loc_ed480fff4117|2019,FRANCE,CEL,2019,135,2019-06-06,20,False,0,0.016,1.6,6.949562848044591,global_logit_trend_BASF_frozen
2019|M5|bloc2|CEL,2019,2019-06-13,M5,bloc2,CEL,1.1,10,0,0,"1791,1792,1793,1794,1795,1796,1797,1798,1799,1800",2,2019|M5|bloc2|CEL|F2,era5loc_ed480fff4117,era5loc_ed480fff4117|2019,FRANCE,CEL,2019,136,2019-06-06,7,False,1,0.011000000000000001,1.1,1.2758585840887402,global_logit_trend_BASF_frozen
2019|M5|bloc2|CEL,2019,2019-06-18,M5,bloc2,CEL,1.3,10,0,0,"2031,2032,2033,2034,2035,2036,2037,2038,2039,2040",2,2019|M5|bloc2|CEL|F2,era5loc_ed480fff4117,era5loc_ed480fff4117|2019,FRANCE,CEL,2019,136,2019-06-06,12,False,1,0.013000000000000001,1.3,2.4746830364250934,global_logit_trend_BASF_frozen
2019|M5|bloc2|CEL,2019,2019-06-26,M5,bloc2,CEL,2.4,10,0,0,"1531,1532,1533,1534,1535,1536,1537,1538,1539,1540",2,2019|M5|bloc2|CEL|F2,era5loc_ed480fff4117,era5loc_ed480fff4117|2019,FRANCE,CEL,2019,136,2019-06-06,20,False,1,0.024,2.4,6.949562848044591,global_logit_trend_BASF_frozen
2019|M5|bloc2|CEL,2019,2019-06-13,M5,bloc2,CEL,1.4,10,0,0,"1791,1792,1793,1794,1795,1796,1797,1798,1799,1800",3,2019|M5|bloc2|CEL|F3,era5loc_ed480fff4117,era5loc_ed480fff4117|2019,FRANCE,CEL,2019,137,2019-06-06,7,False,2,0.013999999999999999,1.4,1.2758585840887402,global_logit_trend_BASF_frozen
2019|M5|bloc2|CEL,2019,2019-06-18,M5,bloc2,CEL,2.8,10,0,0,"2031,2032,2033,2034,2035,2036,2037,2038,2039,2040",3,2019|M5|bloc2|CEL|F3,era5loc_ed480fff4117,era5loc_ed480fff4117|2019,FRANCE,CEL,2019,137,2019-06-06,12,False,2,0.027999999999999997,2.8,2.4746830364250934,global_logit_trend_BASF_frozen
2019|M5|bloc2|CEL,2019,2019-06-26,M5,bloc2,CEL,3.875,8,2,0,"1531,1532,1533,1534,1535,1536,1537,1538,1539,1540",3,2019|M5|bloc2|CEL|F3,era5loc_ed480fff4117,era5loc_ed480fff4117|2019,FRANCE,CEL,2019,137,2019-06-06,20,False,2,0.03875,3.875,6.949562848044591,global_logit_trend_BASF_frozen
2019|M5|bloc3|APA,2019,2019-06-12,M5,bloc3,APA,1.2222222222222223,9,0,1,"1861,1862,1863,1864,1865,1866,1867,1868,1869,1870",1,2019|M5|bloc3|APA|F1,era5loc_ed480fff4117,era5loc_ed480fff4117|2019,FRANCE,APA,2019,138,2019-06-03,9,False,0,0.012222222222222223,1.2222222222222223,1.6645562318804017,global_logit_trend_BASF_frozen
2019|M5|bloc3|APA,2019,2019-06-18,M5,bloc3,APA,2.2222222222222223,9,0,1,"1981,1982,1983,1984,1985,1986,1987,1988,1989,1990",1,2019|M5|bloc3|APA|F1,era5loc_ed480fff4117,era5loc_ed480fff4117|2019,FRANCE,APA,2019,138,2019-06-03,15,False,0,0.022222222222222223,2.2222222222222223,3.6643997138274207,global_logit_trend_BASF_frozen
2019|M5|bloc3|APA,2019,2019-06-25,M5,bloc3,APA,5.111111111111111,9,0,1,"1461,1462,1463,1464,1465,1466,1467,1468,1469,1470",1,2019|M5|bloc3|APA|F1,era5loc_ed480fff4117,era5loc_ed480fff4117|2019,FRANCE,APA,2019,138,2019-06-03,22,False,0,0.05111111111111111,5.111111111111111,8.910771502674883,global_logit_trend_BASF_frozen
2019|M5|bloc3|APA,2019,2019-06-12,M5,bloc3,APA,2.7,10,0,0,"1861,1862,1863,1864,1865,1866,1867,1868,1869,1870",2,2019|M5|bloc3|APA|F2,era5loc_ed480fff4117,era5loc_ed480fff4117|2019,FRANCE,APA,2019,139,2019-06-03,9,False,1,0.027000000000000003,2.7,1.6645562318804017,global_logit_trend_BASF_frozen
2019|M5|bloc3|APA,2019,2019-06-18,M5,bloc3,APA,7.0,10,0,0,"1981,1982,1983,1984,1985,1986,1987,1988,1989,1990",2,2019|M5|bloc3|APA|F2,era5loc_ed480fff4117,era5loc_ed480fff4117|2019,FRANCE,APA,2019,139,2019-06-03,15,False,1,0.07,7.0,3.6643997138274207,global_logit_trend_BASF_frozen
2019|M5|bloc3|APA,2019,2019-06-25,M5,bloc3,APA,14.5,10,0,0,"1461,1462,1463,1464,1465,1466,1467,1468,1469,1470",2,2019|M5|bloc3|APA|F2,era5loc_ed480fff4117,era5loc_ed480fff4117|2019,FRANCE,APA,2019,139,2019-06-03,22,False,1,0.145,14.5,8.910771502674883,global_logit_trend_BASF_frozen
2019|M5|bloc3|APA,2019,2019-06-12,M5,bloc3,APA,6.9,10,0,0,"1861,1862,1863,1864,1865,1866,1867,1868,1869,1870",3,2019|M5|bloc3|APA|F3,era5loc_ed480fff4117,era5loc_ed480fff4117|2019,FRANCE,APA,2019,140,2019-06-03,9,False,2,0.069,6.9,7.950564882770843,global_logit_trend_BASF_frozen
2019|M5|bloc3|APA,2019,2019-06-18,M5,bloc3,APA,11.5,10,0,0,"1981,1982,1983,1984,1985,1986,1987,1988,1989,1990",3,2019|M5|bloc3|APA|F3,era5loc_ed480fff4117,era5loc_ed480fff4117|2019,FRANCE,APA,2019,140,2019-06-03,15,False,2,0.115,11.5,16.254260756607103,global_logit_trend_BASF_frozen
2019|M5|bloc3|APA,2019,2019-06-25,M5,bloc3,APA,16.666666666666668,6,4,0,"1461,1462,1463,1464,1465,1466,1467,1468,1469,1470",3,2019|M5|bloc3|APA|F3,era5loc_ed480fff4117,era5loc_ed480fff4117|2019,FRANCE,APA,2019,140,2019-06-03,22,False,2,0.16666666666666669,16.666666666666668,33.29582448032266,global_logit_trend_BASF_frozen
2019|M5|bloc3|CEL,2019,2019-06-12,M5,bloc3,CEL,0.0,10,0,0,"1871,1872,1873,1874,1875,1876,1877,1878,1879,1880",1,2019|M5|bloc3|CEL|F1,era5loc_ed480fff4117,era5loc_ed480fff4117|2019,FRANCE,CEL,2019,141,2019-06-03,9,False,0,0.0,0.0,1.6645562318804017,global_logit_trend_BASF_frozen
2019|M5|bloc3|CEL,2019,2019-06-18,M5,bloc3,CEL,0.0,10,0,0,"1991,1992,1993,1994,1995,1996,1997,1998,1999,2000",1,2019|M5|bloc3|CEL|F1,era5loc_ed480fff4117,era5loc_ed480fff4117|2019,FRANCE,CEL,2019,141,2019-06-03,15,False,0,0.0,0.0,3.6643997138274207,global_logit_trend_BASF_frozen
2019|M5|bloc3|CEL,2019,2019-06-25,M5,bloc3,CEL,1.0,10,0,0,"1471,1472,1473,1474,1475,1476,1477,1478,1479,1480",1,2019|M5|bloc3|CEL|F1,era5loc_ed480fff4117,era5loc_ed480fff4117|2019,FRANCE,CEL,2019,141,2019-06-03,22,False,0,0.01,1.0,8.910771502674883,global_logit_trend_BASF_frozen
2019|M5|bloc3|CEL,2019,2019-06-12,M5,bloc3,CEL,0.0,10,0,0,"1871,1872,1873,1874,1875,1876,1877,1878,1879,1880",2,2019|M5|bloc3|CEL|F2,era5loc_ed480fff4117,era5loc_ed480fff4117|2019,FRANCE,CEL,2019,142,2019-06-03,9,False,1,0.0,0.0,1.6645562318804017,global_logit_trend_BASF_frozen
2019|M5|bloc3|CEL,2019,2019-06-18,M5,bloc3,CEL,0.6,10,0,0,"1991,1992,1993,1994,1995,1996,1997,1998,1999,2000",2,2019|M5|bloc3|CEL|F2,era5loc_ed480fff4117,era5loc_ed480fff4117|2019,FRANCE,CEL,2019,142,2019-06-03,15,False,1,0.006,0.6,3.6643997138274207,global_logit_trend_BASF_frozen
2019|M5|bloc3|CEL,2019,2019-06-25,M5,bloc3,CEL,1.1,10,0,0,"1471,1472,1473,1474,1475,1476,1477,1478,1479,1480",2,2019|M5|bloc3|CEL|F2,era5loc_ed480fff4117,era5loc_ed480fff4117|2019,FRANCE,CEL,2019,142,2019-06-03,22,False,1,0.011000000000000001,1.1,8.910771502674883,global_logit_trend_BASF_frozen
2019|M5|bloc3|CEL,2019,2019-06-12,M5,bloc3,CEL,1.1,10,0,0,"1871,1872,1873,1874,1875,1876,1877,1878,1879,1880",3,2019|M5|bloc3|CEL|F3,era5loc_ed480fff4117,era5loc_ed480fff4117|2019,FRANCE,CEL,2019,143,2019-06-03,9,False,2,0.011000000000000001,1.1,1.6645562318804017,global_logit_trend_BASF_frozen
2019|M5|bloc3|CEL,2019,2019-06-18,M5,bloc3,CEL,1.1,10,0,0,"1991,1992,1993,1994,1995,1996,1997,1998,1999,2000",3,2019|M5|bloc3|CEL|F3,era5loc_ed480fff4117,era5loc_ed480fff4117|2019,FRANCE,CEL,2019,143,2019-06-03,15,False,2,0.011000000000000001,1.1,3.6643997138274207,global_logit_trend_BASF_frozen
2019|M5|bloc3|CEL,2019,2019-06-25,M5,bloc3,CEL,4.3,10,0,0,"1471,1472,1473,1474,1475,1476,1477,1478,1479,1480",3,2019|M5|bloc3|CEL|F3,era5loc_ed480fff4117,era5loc_ed480fff4117|2019,FRANCE,CEL,2019,143,2019-06-03,22,False,2,0.043,4.3,8.910771502674883,global_logit_trend_BASF_frozen
2018|M1|bloc1|APA,2018,2018-05-28,M1,bloc1,APA,0.0,10,0,0,"641,642,643,644,645,646,647,648,649,650",1,2018|M1|bloc1|APA|F1,era5loc_ed480fff4117,era5loc_ed480fff4117|2018,FRANCE,APA,2018,0,2018-05-11,17,False,0,0.0,0.0,4.03105242122646,thermal_logit_trend_BASF_frozen
2018|M1|bloc1|APA,2018,2018-06-09,M1,bloc1,APA,2.0,10,0,0,"881,882,883,884,885,886,887,888,889,890",1,2018|M1|bloc1|APA|F1,era5loc_ed480fff4117,era5loc_ed480fff4117|2018,FRANCE,APA,2018,0,2018-05-11,29,False,0,0.02,2.0,21.597508585085787,thermal_logit_trend_BASF_frozen
2018|M1|bloc1|APA,2018,2018-06-15,M1,bloc1,APA,15.0,10,0,0,"1121,1122,1123,1124,1125,1126,1127,1128,1129,1130",1,2018|M1|bloc1|APA|F1,era5loc_ed480fff4117,era5loc_ed480fff4117|2018,FRANCE,APA,2018,0,2018-05-11,35,False,0,0.15,15.0,39.20528985206372,thermal_logit_trend_BASF_frozen
2018|M1|bloc1|APA,2018,2018-05-28,M1,bloc1,APA,0.6,10,0,0,"641,642,643,644,645,646,647,648,649,650",2,2018|M1|bloc1|APA|F2,era5loc_ed480fff4117,era5loc_ed480fff4117|2018,FRANCE,APA,2018,1,2018-05-11,17,False,1,0.006,0.6,4.03105242122646,thermal_logit_trend_BASF_frozen
2018|M1|bloc1|APA,2018,2018-06-09,M1,bloc1,APA,7.8,10,0,0,"881,882,883,884,885,886,887,888,889,890",2,2018|M1|bloc1|APA|F2,era5loc_ed480fff4117,era5loc_ed480fff4117|2018,FRANCE,APA,2018,1,2018-05-11,29,False,1,0.078,7.8,21.597508585085787,thermal_logit_trend_BASF_frozen
2018|M1|bloc1|APA,2018,2018-05-28,M1,bloc1,APA,4.8,10,0,0,"641,642,643,644,645,646,647,648,649,650",3,2018|M1|bloc1|APA|F3,era5loc_ed480fff4117,era5loc_ed480fff4117|2018,FRANCE,APA,2018,2,2018-05-11,17,False,2,0.048,4.8,62.79516082609905,thermal_logit_trend_BASF_frozen
2018|M1|bloc1|APA,2018,2018-06-09,M1,bloc1,APA,13.3,10,0,0,"881,882,883,884,885,886,887,888,889,890",3,2018|M1|bloc1|APA|F3,era5loc_ed480fff4117,era5loc_ed480fff4117|2018,FRANCE,APA,2018,2,2018-05-11,29,False,2,0.133,13.3,91.71438700943199,thermal_logit_trend_BASF_frozen
2018|M1|bloc2|APA,2018,2018-05-28,M1,bloc2,APA,1.0,9,0,1,"561,562,563,564,565,566,567,568,569,570",1,2018|M1|bloc2|APA|F1,era5loc_ed480fff4117,era5loc_ed480fff4117|2018,FRANCE,APA,2018,3,2018-05-11,17,False,0,0.01,1.0,4.03105242122646,thermal_logit_trend_BASF_frozen
2018|M1|bloc2|APA,2018,2018-06-09,M1,bloc2,APA,3.6,10,0,0,"801,802,803,804,805,806,807,808,809,810",1,2018|M1|bloc2|APA|F1,era5loc_ed480fff4117,era5loc_ed480fff4117|2018,FRANCE,APA,2018,3,2018-05-11,29,False,0,0.036000000000000004,3.6,21.597508585085787,thermal_logit_trend_BASF_frozen
2018|M1|bloc2|APA,2018,2018-06-15,M1,bloc2,APA,25.0,10,0,0,"1041,1042,1043,1044,1045,1046,1047,1048,1049,1050",1,2018|M1|bloc2|APA|F1,era5loc_ed480fff4117,era5loc_ed480fff4117|2018,FRANCE,APA,2018,3,2018-05-11,35,False,0,0.25,25.0,39.20528985206372,thermal_logit_trend_BASF_frozen
2018|M1|bloc2|APA,2018,2018-05-28,M1,bloc2,APA,1.7,10,0,0,"561,562,563,564,565,566,567,568,569,570",2,2018|M1|bloc2|APA|F2,era5loc_ed480fff4117,era5loc_ed480fff4117|2018,FRANCE,APA,2018,4,2018-05-11,17,False,1,0.017,1.7,4.803171946813735,thermal_logit_trend_BASF_frozen
2018|M1|bloc2|APA,2018,2018-06-09,M1,bloc2,APA,14.4,10,0,0,"801,802,803,804,805,806,807,808,809,810",2,2018|M1|bloc2|APA|F2,era5loc_ed480fff4117,era5loc_ed480fff4117|2018,FRANCE,APA,2018,4,2018-05-11,29,False,1,0.14400000000000002,14.4,24.862658250084426,thermal_logit_trend_BASF_frozen
2018|M1|bloc2|APA,2018,2018-05-28,M1,bloc2,APA,14.5,10,0,0,"561,562,563,564,565,566,567,568,569,570",3,2018|M1|bloc2|APA|F3,era5loc_ed480fff4117,era5loc_ed480fff4117|2018,FRANCE,APA,2018,5,2018-05-11,17,False,2,0.145,14.5,68.30827914032793,thermal_logit_trend_BASF_frozen
2018|M1|bloc2|APA,2018,2018-06-09,M1,bloc2,APA,23.333333333333332,9,0,1,"801,802,803,804,805,806,807,808,809,810",3,2018|M1|bloc2|APA|F3,era5loc_ed480fff4117,era5loc_ed480fff4117|2018,FRANCE,APA,2018,5,2018-05-11,29,False,2,0.2333333333333333,23.333333333333332,93.39305088124159,thermal_logit_trend_BASF_frozen
2018|M1|bloc3|APA,2018,2018-05-28,M1,bloc3,APA,0.0,10,0,0,"481,482,483,484,485,486,487,488,489,490",1,2018|M1|bloc3|APA|F1,era5loc_ed480fff4117,era5loc_ed480fff4117|2018,FRANCE,APA,2018,6,2018-05-11,17,False,0,0.0,0.0,4.03105242122646,thermal_logit_trend_BASF_frozen
2018|M1|bloc3|APA,2018,2018-06-09,M1,bloc3,APA,3.7,10,0,0,"721,722,723,724,725,726,727,728,729,730",1,2018|M1|bloc3|APA|F1,era5loc_ed480fff4117,era5loc_ed480fff4117|2018,FRANCE,APA,2018,6,2018-05-11,29,False,0,0.037000000000000005,3.7,21.597508585085787,thermal_logit_trend_BASF_frozen
2018|M1|bloc3|APA,2018,2018-06-15,M1,bloc3,APA,15.5,10,0,0,"961,962,963,964,965,966,967,968,969,970",1,2018|M1|bloc3|APA|F1,era5loc_ed480fff4117,era5loc_ed480fff4117|2018,FRANCE,APA,2018,6,2018-05-11,35,False,0,0.155,15.5,39.20528985206372,thermal_logit_trend_BASF_frozen
2018|M1|bloc3|APA,2018,2018-05-28,M1,bloc3,APA,0.3,10,0,0,"481,482,483,484,485,486,487,488,489,490",2,2018|M1|bloc3|APA|F2,era5loc_ed480fff4117,era5loc_ed480fff4117|2018,FRANCE,APA,2018,7,2018-05-11,17,False,1,0.003,0.3,4.03105242122646,thermal_logit_trend_BASF_frozen
2018|M1|bloc3|APA,2018,2018-06-09,M1,bloc3,APA,15.7,10,0,0,"721,722,723,724,725,726,727,728,729,730",2,2018|M1|bloc3|APA|F2,era5loc_ed480fff4117,era5loc_ed480fff4117|2018,FRANCE,APA,2018,7,2018-05-11,29,False,1,0.157,15.7,21.597508585085787,thermal_logit_trend_BASF_frozen
2018|M1|bloc3|APA,2018,2018-05-28,M1,bloc3,APA,15.4,10,0,0,"481,482,483,484,485,486,487,488,489,490",3,2018|M1|bloc3|APA|F3,era5loc_ed480fff4117,era5loc_ed480fff4117|2018,FRANCE,APA,2018,8,2018-05-11,17,False,2,0.154,15.4,53.966274142700954,thermal_logit_trend_BASF_frozen
2018|M1|bloc3|APA,2018,2018-06-09,M1,bloc3,APA,34.5,10,0,0,"721,722,723,724,725,726,727,728,729,730",3,2018|M1|bloc3|APA|F3,era5loc_ed480fff4117,era5loc_ed480fff4117|2018,FRANCE,APA,2018,8,2018-05-11,29,False,2,0.345,34.5,88.4903169476887,thermal_logit_trend_BASF_frozen
2018|M2|bloc1|CEL,2018,2018-05-28,M2,bloc1,CEL,0.2,10,0,0,"651,652,653,654,655,656,657,658,659,660",1,2018|M2|bloc1|CEL|F1,era5loc_ed480fff4117,era5loc_ed480fff4117|2018,FRANCE,CEL,2018,9,2018-05-11,17,False,0,0.002,0.2,4.03105242122646,thermal_logit_trend_BASF_frozen
2018|M2|bloc1|CEL,2018,2018-06-09,M2,bloc1,CEL,5.2,10,0,0,"891,892,893,894,895,896,897,898,899,900",1,2018|M2|bloc1|CEL|F1,era5loc_ed480fff4117,era5loc_ed480fff4117|2018,FRANCE,CEL,2018,9,2018-05-11,29,False,0,0.052000000000000005,5.2,21.597508585085787,thermal_logit_trend_BASF_frozen
2018|M2|bloc1|CEL,2018,2018-06-15,M2,bloc1,CEL,11.6,10,0,0,"1131,1132,1133,1134,1135,1136,1137,1138,1139,1140",1,2018|M2|bloc1|CEL|F1,era5loc_ed480fff4117,era5loc_ed480fff4117|2018,FRANCE,CEL,2018,9,2018-05-11,35,False,0,0.11599999999999999,11.6,39.20528985206372,thermal_logit_trend_BASF_frozen
2018|M2|bloc1|CEL,2018,2018-05-28,M2,bloc1,CEL,0.4,10,0,0,"651,652,653,654,655,656,657,658,659,660",2,2018|M2|bloc1|CEL|F2,era5loc_ed480fff4117,era5loc_ed480fff4117|2018,FRANCE,CEL,2018,10,2018-05-11,17,False,1,0.004,0.4,4.03105242122646,thermal_logit_trend_BASF_frozen
2018|M2|bloc1|CEL,2018,2018-06-09,M2,bloc1,CEL,12.3,10,0,0,"891,892,893,894,895,896,897,898,899,900",2,2018|M2|bloc1|CEL|F2,era5loc_ed480fff4117,era5loc_ed480fff4117|2018,FRANCE,CEL,2018,10,2018-05-11,29,False,1,0.12300000000000001,12.3,21.597508585085787,thermal_logit_trend_BASF_frozen
2018|M2|bloc1|CEL,2018,2018-05-28,M2,bloc1,CEL,7.9,10,0,0,"651,652,653,654,655,656,657,658,659,660",3,2018|M2|bloc1|CEL|F3,era5loc_ed480fff4117,era5loc_ed480fff4117|2018,FRANCE,CEL,2018,11,2018-05-11,17,False,2,0.079,7.9,53.966274142700954,thermal_logit_trend_BASF_frozen
2018|M2|bloc1|CEL,2018,2018-06-09,M2,bloc1,CEL,23.88888888888889,9,0,1,"891,892,893,894,895,896,897,898,899,900",3,2018|M2|bloc1|CEL|F3,era5loc_ed480fff4117,era5loc_ed480fff4117|2018,FRANCE,CEL,2018,11,2018-05-11,29,False,2,0.2388888888888889,23.88888888888889,88.4903169476887,thermal_logit_trend_BASF_frozen
2018|M2|bloc2|CEL,2018,2018-05-28,M2,bloc2,CEL,0.0,10,0,0,"571,572,573,574,575,576,577,578,579,580",1,2018|M2|bloc2|CEL|F1,era5loc_ed480fff4117,era5loc_ed480fff4117|2018,FRANCE,CEL,2018,12,2018-05-11,17,False,0,0.0,0.0,4.03105242122646,thermal_logit_trend_BASF_frozen
2018|M2|bloc2|CEL,2018,2018-06-09,M2,bloc2,CEL,1.1,10,0,0,"811,812,813,814,815,816,817,818,819,820",1,2018|M2|bloc2|CEL|F1,era5loc_ed480fff4117,era5loc_ed480fff4117|2018,FRANCE,CEL,2018,12,2018-05-11,29,False,0,0.011000000000000001,1.1,21.597508585085787,thermal_logit_trend_BASF_frozen
2018|M2|bloc2|CEL,2018,2018-06-15,M2,bloc2,CEL,5.5,10,0,0,"1051,1052,1053,1054,1055,1056,1057,1058,1059,1060",1,2018|M2|bloc2|CEL|F1,era5loc_ed480fff4117,era5loc_ed480fff4117|2018,FRANCE,CEL,2018,12,2018-05-11,35,False,0,0.055,5.5,39.20528985206372,thermal_logit_trend_BASF_frozen
2018|M2|bloc2|CEL,2018,2018-05-28,M2,bloc2,CEL,0.3,10,0,0,"571,572,573,574,575,576,577,578,579,580",2,2018|M2|bloc2|CEL|F2,era5loc_ed480fff4117,era5loc_ed480fff4117|2018,FRANCE,CEL,2018,13,2018-05-11,17,False,1,0.003,0.3,4.03105242122646,thermal_logit_trend_BASF_frozen
2018|M2|bloc2|CEL,2018,2018-06-09,M2,bloc2,CEL,13.4,10,0,0,"811,812,813,814,815,816,817,818,819,820",2,2018|M2|bloc2|CEL|F2,era5loc_ed480fff4117,era5loc_ed480fff4117|2018,FRANCE,CEL,2018,13,2018-05-11,29,False,1,0.134,13.4,21.597508585085787,thermal_logit_trend_BASF_frozen
2018|M2|bloc2|CEL,2018,2018-05-28,M2,bloc2,CEL,5.5,10,0,0,"571,572,573,574,575,576,577,578,579,580",3,2018|M2|bloc2|CEL|F3,era5loc_ed480fff4117,era5loc_ed480fff4117|2018,FRANCE,CEL,2018,14,2018-05-11,17,False,2,0.055,5.5,41.42244400668423,thermal_logit_trend_BASF_frozen
2018|M2|bloc2|CEL,2018,2018-06-09,M2,bloc2,CEL,24.0,10,0,0,"811,812,813,814,815,816,817,818,819,820",3,2018|M2|bloc2|CEL|F3,era5loc_ed480fff4117,era5loc_ed480fff4117|2018,FRANCE,CEL,2018,14,2018-05-11,29,False,2,0.24,24.0,82.26186346280127,thermal_logit_trend_BASF_frozen
2018|M2|bloc3|CEL,2018,2018-05-28,M2,bloc3,CEL,0.0,10,0,0,"491,492,493,494,495,496,497,498,499,500",1,2018|M2|bloc3|CEL|F1,era5loc_ed480fff4117,era5loc_ed480fff4117|2018,FRANCE,CEL,2018,15,2018-05-11,17,False,0,0.0,0.0,4.03105242122646,thermal_logit_trend_BASF_frozen
2018|M2|bloc3|CEL,2018,2018-06-09,M2,bloc3,CEL,0.5,10,0,0,"731,732,733,734,735,736,737,738,739,740",1,2018|M2|bloc3|CEL|F1,era5loc_ed480fff4117,era5loc_ed480fff4117|2018,FRANCE,CEL,2018,15,2018-05-11,29,False,0,0.005,0.5,21.597508585085787,thermal_logit_trend_BASF_frozen
2018|M2|bloc3|CEL,2018,2018-06-15,M2,bloc3,CEL,2.9,10,0,0,"971,972,973,974,975,976,977,978,979,980",1,2018|M2|bloc3|CEL|F1,era5loc_ed480fff4117,era5loc_ed480fff4117|2018,FRANCE,CEL,2018,15,2018-05-11,35,False,0,0.028999999999999998,2.9,39.20528985206372,thermal_logit_trend_BASF_frozen
2018|M2|bloc3|CEL,2018,2018-05-28,M2,bloc3,CEL,0.3,10,0,0,"491,492,493,494,495,496,497,498,499,500",2,2018|M2|bloc3|CEL|F2,era5loc_ed480fff4117,era5loc_ed480fff4117|2018,FRANCE,CEL,2018,16,2018-05-11,17,False,1,0.003,0.3,4.03105242122646,thermal_logit_trend_BASF_frozen
2018|M2|bloc3|CEL,2018,2018-06-09,M2,bloc3,CEL,10.222222222222221,9,0,1,"731,732,733,734,735,736,737,738,739,740",2,2018|M2|bloc3|CEL|F2,era5loc_ed480fff4117,era5loc_ed480fff4117|2018,FRANCE,CEL,2018,16,2018-05-11,29,False,1,0.10222222222222221,10.222222222222221,21.597508585085787,thermal_logit_trend_BASF_frozen
2018|M2|bloc3|CEL,2018,2018-05-28,M2,bloc3,CEL,7.6,10,0,0,"491,492,493,494,495,496,497,498,499,500",3,2018|M2|bloc3|CEL|F3,era5loc_ed480fff4117,era5loc_ed480fff4117|2018,FRANCE,CEL,2018,17,2018-05-11,17,False,2,0.076,7.6,42.09098716213542,thermal_logit_trend_BASF_frozen
2018|M2|bloc3|CEL,2018,2018-06-09,M2,bloc3,CEL,18.125,8,0,2,"731,732,733,734,735,736,737,738,739,740",3,2018|M2|bloc3|CEL|F3,era5loc_ed480fff4117,era5loc_ed480fff4117|2018,FRANCE,CEL,2018,17,2018-05-11,29,False,2,0.18125,18.125,82.65942969109511,thermal_logit_trend_BASF_frozen
2018|M3|bloc1|APA,2018,2018-05-28,M3,bloc1,APA,0.0,10,0,0,"661,662,663,664,665,666,667,668,669,670",1,2018|M3|bloc1|APA|F1,era5loc_ed480fff4117,era5loc_ed480fff4117|2018,FRANCE,APA,2018,18,2018-05-11,17,False,0,0.0,0.0,4.03105242122646,thermal_logit_trend_BASF_frozen
2018|M3|bloc1|APA,2018,2018-06-09,M3,bloc1,APA,1.2,10,0,0,"901,902,903,904,905,906,907,908,909,910",1,2018|M3|bloc1|APA|F1,era5loc_ed480fff4117,era5loc_ed480fff4117|2018,FRANCE,APA,2018,18,2018-05-11,29,False,0,0.012,1.2,21.597508585085787,thermal_logit_trend_BASF_frozen
2018|M3|bloc1|APA,2018,2018-06-15,M3,bloc1,APA,10.0,10,0,0,"1141,1142,1143,1144,1145,1146,1147,1148,1149,1150",1,2018|M3|bloc1|APA|F1,era5loc_ed480fff4117,era5loc_ed480fff4117|2018,FRANCE,APA,2018,18,2018-05-11,35,False,0,0.1,10.0,39.20528985206372,thermal_logit_trend_BASF_frozen
2018|M3|bloc1|APA,2018,2018-05-28,M3,bloc1,APA,0.9,10,0,0,"661,662,663,664,665,666,667,668,669,670",2,2018|M3|bloc1|APA|F2,era5loc_ed480fff4117,era5loc_ed480fff4117|2018,FRANCE,APA,2018,19,2018-05-11,17,False,1,0.009000000000000001,0.9,4.03105242122646,thermal_logit_trend_BASF_frozen
2018|M3|bloc1|APA,2018,2018-06-09,M3,bloc1,APA,6.0,8,0,2,"901,902,903,904,905,906,907,908,909,910",2,2018|M3|bloc1|APA|F2,era5loc_ed480fff4117,era5loc_ed480fff4117|2018,FRANCE,APA,2018,19,2018-05-11,29,False,1,0.06,6.0,21.597508585085787,thermal_logit_trend_BASF_frozen
2018|M3|bloc1|APA,2018,2018-05-28,M3,bloc1,APA,2.5,10,0,0,"661,662,663,664,665,666,667,668,669,670",3,2018|M3|bloc1|APA|F3,era5loc_ed480fff4117,era5loc_ed480fff4117|2018,FRANCE,APA,2018,20,2018-05-11,17,False,2,0.025,2.5,44.336407335950554,thermal_logit_trend_BASF_frozen
2018|M3|bloc1|APA,2018,2018-06-09,M3,bloc1,APA,10.0,5,0,5,"901,902,903,904,905,906,907,908,909,910",3,2018|M3|bloc1|APA|F3,era5loc_ed480fff4117,era5loc_ed480fff4117|2018,FRANCE,APA,2018,20,2018-05-11,29,False,2,0.1,10.0,83.93229793125681,thermal_logit_trend_BASF_frozen
2018|M3|bloc1|CEL,2018,2018-05-28,M3,bloc1,CEL,0.0,10,0,0,"671,672,673,674,675,676,677,678,679,680",1,2018|M3|bloc1|CEL|F1,era5loc_ed480fff4117,era5loc_ed480fff4117|2018,FRANCE,CEL,2018,21,2018-05-11,17,False,0,0.0,0.0,4.03105242122646,thermal_logit_trend_BASF_frozen
2018|M3|bloc1|CEL,2018,2018-06-09,M3,bloc1,CEL,1.5,10,0,0,"911,912,913,914,915,916,917,918,919,920",1,2018|M3|bloc1|CEL|F1,era5loc_ed480fff4117,era5loc_ed480fff4117|2018,FRANCE,CEL,2018,21,2018-05-11,29,False,0,0.015,1.5,21.597508585085787,thermal_logit_trend_BASF_frozen
2018|M3|bloc1|CEL,2018,2018-06-15,M3,bloc1,CEL,6.7,10,0,0,"1151,1152,1153,1154,1155,1156,1157,1158,1159,1160",1,2018|M3|bloc1|CEL|F1,era5loc_ed480fff4117,era5loc_ed480fff4117|2018,FRANCE,CEL,2018,21,2018-05-11,35,False,0,0.067,6.7,39.20528985206372,thermal_logit_trend_BASF_frozen
2018|M3|bloc1|CEL,2018,2018-05-28,M3,bloc1,CEL,0.1,10,0,0,"671,672,673,674,675,676,677,678,679,680",2,2018|M3|bloc1|CEL|F2,era5loc_ed480fff4117,era5loc_ed480fff4117|2018,FRANCE,CEL,2018,22,2018-05-11,17,False,1,0.001,0.1,4.03105242122646,thermal_logit_trend_BASF_frozen
2018|M3|bloc1|CEL,2018,2018-06-09,M3,bloc1,CEL,4.2,10,0,0,"911,912,913,914,915,916,917,918,919,920",2,2018|M3|bloc1|CEL|F2,era5loc_ed480fff4117,era5loc_ed480fff4117|2018,FRANCE,CEL,2018,22,2018-05-11,29,False,1,0.042,4.2,21.597508585085787,thermal_logit_trend_BASF_frozen
2018|M3|bloc1|CEL,2018,2018-05-28,M3,bloc1,CEL,7.777777777777778,9,0,1,"671,672,673,674,675,676,677,678,679,680",3,2018|M3|bloc1|CEL|F3,era5loc_ed480fff4117,era5loc_ed480fff4117|2018,FRANCE,CEL,2018,23,2018-05-11,17,False,2,0.07777777777777778,7.777777777777778,52.79209747031046,thermal_logit_trend_BASF_frozen
2018|M3|bloc1|CEL,2018,2018-06-09,M3,bloc1,CEL,8.571428571428571,7,0,3,"911,912,913,914,915,916,917,918,919,920",3,2018|M3|bloc1|CEL|F3,era5loc_ed480fff4117,era5loc_ed480fff4117|2018,FRANCE,CEL,2018,23,2018-05-11,29,False,2,0.08571428571428572,8.571428571428571,88.00094496267417,thermal_logit_trend_BASF_frozen
2018|M3|bloc2|APA,2018,2018-05-28,M3,bloc2,APA,0.2,10,0,0,"581,582,583,584,585,586,587,588,589,590",1,2018|M3|bloc2|APA|F1,era5loc_ed480fff4117,era5loc_ed480fff4117|2018,FRANCE,APA,2018,24,2018-05-11,17,False,0,0.002,0.2,4.03105242122646,thermal_logit_trend_BASF_frozen
2018|M3|bloc2|APA,2018,2018-06-09,M3,bloc2,APA,4.9,10,0,0,"821,822,823,824,825,826,827,828,829,830",1,2018|M3|bloc2|APA|F1,era5loc_ed480fff4117,era5loc_ed480fff4117|2018,FRANCE,APA,2018,24,2018-05-11,29,False,0,0.049,4.9,21.597508585085787,thermal_logit_trend_BASF_frozen
2018|M3|bloc2|APA,2018,2018-06-15,M3,bloc2,APA,6.5,10,0,0,"1061,1062,1063,1064,1065,1066,1067,1068,1069,1070",1,2018|M3|bloc2|APA|F1,era5loc_ed480fff4117,era5loc_ed480fff4117|2018,FRANCE,APA,2018,24,2018-05-11,35,False,0,0.065,6.5,39.20528985206372,thermal_logit_trend_BASF_frozen
2018|M3|bloc2|APA,2018,2018-05-28,M3,bloc2,APA,0.7,10,0,0,"581,582,583,584,585,586,587,588,589,590",2,2018|M3|bloc2|APA|F2,era5loc_ed480fff4117,era5loc_ed480fff4117|2018,FRANCE,APA,2018,25,2018-05-11,17,False,1,0.006999999999999999,0.7,4.03105242122646,thermal_logit_trend_BASF_frozen
2018|M3|bloc2|APA,2018,2018-06-09,M3,bloc2,APA,16.0,10,0,0,"821,822,823,824,825,826,827,828,829,830",2,2018|M3|bloc2|APA|F2,era5loc_ed480fff4117,era5loc_ed480fff4117|2018,FRANCE,APA,2018,25,2018-05-11,29,False,1,0.16,16.0,21.597508585085787,thermal_logit_trend_BASF_frozen
2018|M3|bloc2|APA,2018,2018-05-28,M3,bloc2,APA,10.333333333333334,9,0,1,"581,582,583,584,585,586,587,588,589,590",3,2018|M3|bloc2|APA|F3,era5loc_ed480fff4117,era5loc_ed480fff4117|2018,FRANCE,APA,2018,26,2018-05-11,17,False,2,0.10333333333333333,10.333333333333334,63.127264861259036,thermal_logit_trend_BASF_frozen
2018|M3|bloc2|APA,2018,2018-06-09,M3,bloc2,APA,34.333333333333336,6,0,4,"821,822,823,824,825,826,827,828,829,830",3,2018|M3|bloc2|APA|F3,era5loc_ed480fff4117,era5loc_ed480fff4117|2018,FRANCE,APA,2018,26,2018-05-11,29,False,2,0.3433333333333334,34.333333333333336,91.82196637558316,thermal_logit_trend_BASF_frozen
2018|M3|bloc2|CEL,2018,2018-05-28,M3,bloc2,CEL,0.0,10,0,0,"591,592,593,594,595,596,597,598,599,600",1,2018|M3|bloc2|CEL|F1,era5loc_ed480fff4117,era5loc_ed480fff4117|2018,FRANCE,CEL,2018,27,2018-05-11,17,False,0,0.0,0.0,4.03105242122646,thermal_logit_trend_BASF_frozen
2018|M3|bloc2|CEL,2018,2018-06-09,M3,bloc2,CEL,3.1,10,0,0,"831,832,833,834,835,836,837,838,839,840",1,2018|M3|bloc2|CEL|F1,era5loc_ed480fff4117,era5loc_ed480fff4117|2018,FRANCE,CEL,2018,27,2018-05-11,29,False,0,0.031,3.1,21.597508585085787,thermal_logit_trend_BASF_frozen
2018|M3|bloc2|CEL,2018,2018-06-15,M3,bloc2,CEL,2.2,10,0,0,"1071,1072,1073,1074,1075,1076,1077,1078,1079,1080",1,2018|M3|bloc2|CEL|F1,era5loc_ed480fff4117,era5loc_ed480fff4117|2018,FRANCE,CEL,2018,27,2018-05-11,35,False,0,0.022000000000000002,2.2,39.20528985206372,thermal_logit_trend_BASF_frozen
2018|M3|bloc2|CEL,2018,2018-05-28,M3,bloc2,CEL,0.3,10,0,0,"591,592,593,594,595,596,597,598,599,600",2,2018|M3|bloc2|CEL|F2,era5loc_ed480fff4117,era5loc_ed480fff4117|2018,FRANCE,CEL,2018,28,2018-05-11,17,False,1,0.003,0.3,4.03105242122646,thermal_logit_trend_BASF_frozen
2018|M3|bloc2|CEL,2018,2018-06-09,M3,bloc2,CEL,6.666666666666667,9,0,1,"831,832,833,834,835,836,837,838,839,840",2,2018|M3|bloc2|CEL|F2,era5loc_ed480fff4117,era5loc_ed480fff4117|2018,FRANCE,CEL,2018,28,2018-05-11,29,False,1,0.06666666666666667,6.666666666666667,21.597508585085787,thermal_logit_trend_BASF_frozen
2018|M3|bloc2|CEL,2018,2018-05-28,M3,bloc2,CEL,2.5,10,0,0,"591,592,593,594,595,596,597,598,599,600",3,2018|M3|bloc2|CEL|F3,era5loc_ed480fff4117,era5loc_ed480fff4117|2018,FRANCE,CEL,2018,29,2018-05-11,17,False,2,0.025,2.5,29.19029730449233,thermal_logit_trend_BASF_frozen
2018|M3|bloc2|CEL,2018,2018-06-09,M3,bloc2,CEL,18.0,5,0,5,"831,832,833,834,835,836,837,838,839,840",3,2018|M3|bloc2|CEL|F3,era5loc_ed480fff4117,era5loc_ed480fff4117|2018,FRANCE,CEL,2018,29,2018-05-11,29,False,2,0.18,18.0,72.99876233777003,thermal_logit_trend_BASF_frozen
2018|M3|bloc3|APA,2018,2018-05-28,M3,bloc3,APA,0.0,10,0,0,"501,502,503,504,505,506,507,508,509,510",1,2018|M3|bloc3|APA|F1,era5loc_ed480fff4117,era5loc_ed480fff4117|2018,FRANCE,APA,2018,30,2018-05-11,17,False,0,0.0,0.0,4.03105242122646,thermal_logit_trend_BASF_frozen
2018|M3|bloc3|APA,2018,2018-06-09,M3,bloc3,APA,1.4,10,0,0,"741,742,743,744,745,746,747,748,749,750",1,2018|M3|bloc3|APA|F1,era5loc_ed480fff4117,era5loc_ed480fff4117|2018,FRANCE,APA,2018,30,2018-05-11,29,False,0,0.013999999999999999,1.4,21.597508585085787,thermal_logit_trend_BASF_frozen
2018|M3|bloc3|APA,2018,2018-06-15,M3,bloc3,APA,3.9,10,0,0,"981,982,983,984,985,986,987,988,989,990",1,2018|M3|bloc3|APA|F1,era5loc_ed480fff4117,era5loc_ed480fff4117|2018,FRANCE,APA,2018,30,2018-05-11,35,False,0,0.039,3.9,39.20528985206372,thermal_logit_trend_BASF_frozen
2018|M3|bloc3|APA,2018,2018-05-28,M3,bloc3,APA,0.5,10,0,0,"501,502,503,504,505,506,507,508,509,510",2,2018|M3|bloc3|APA|F2,era5loc_ed480fff4117,era5loc_ed480fff4117|2018,FRANCE,APA,2018,31,2018-05-11,17,False,1,0.005,0.5,4.03105242122646,thermal_logit_trend_BASF_frozen
2018|M3|bloc3|APA,2018,2018-06-09,M3,bloc3,APA,21.0,10,0,0,"741,742,743,744,745,746,747,748,749,750",2,2018|M3|bloc3|APA|F2,era5loc_ed480fff4117,era5loc_ed480fff4117|2018,FRANCE,APA,2018,31,2018-05-11,29,False,1,0.21,21.0,21.597508585085787,thermal_logit_trend_BASF_frozen
2018|M3|bloc3|APA,2018,2018-05-28,M3,bloc3,APA,6.0,10,0,0,"501,502,503,504,505,506,507,508,509,510",3,2018|M3|bloc3|APA|F3,era5loc_ed480fff4117,era5loc_ed480fff4117|2018,FRANCE,APA,2018,32,2018-05-11,17,False,2,0.06,6.0,58.636048635811164,thermal_logit_trend_BASF_frozen
2018|M3|bloc3|APA,2018,2018-06-09,M3,bloc3,APA,26.11111111111111,9,0,1,"741,742,743,744,745,746,747,748,749,750",3,2018|M3|bloc3|APA|F3,era5loc_ed480fff4117,era5loc_ed480fff4117|2018,FRANCE,APA,2018,32,2018-05-11,29,False,2,0.2611111111111111,26.11111111111111,90.28814933947065,thermal_logit_trend_BASF_frozen
2018|M3|bloc3|CEL,2018,2018-05-28,M3,bloc3,CEL,0.4,10,0,0,"511,512,513,514,515,516,517,518,519,520",1,2018|M3|bloc3|CEL|F1,era5loc_ed480fff4117,era5loc_ed480fff4117|2018,FRANCE,CEL,2018,33,2018-05-11,17,False,0,0.004,0.4,4.03105242122646,thermal_logit_trend_BASF_frozen
2018|M3|bloc3|CEL,2018,2018-06-09,M3,bloc3,CEL,0.3,10,0,0,"751,752,753,754,755,756,757,758,759,760",1,2018|M3|bloc3|CEL|F1,era5loc_ed480fff4117,era5loc_ed480fff4117|2018,FRANCE,CEL,2018,33,2018-05-11,29,False,0,0.003,0.3,21.597508585085787,thermal_logit_trend_BASF_frozen
2018|M3|bloc3|CEL,2018,2018-06-15,M3,bloc3,CEL,1.6,10,0,0,"991,992,993,994,995,996,997,998,999,1000",1,2018|M3|bloc3|CEL|F1,era5loc_ed480fff4117,era5loc_ed480fff4117|2018,FRANCE,CEL,2018,33,2018-05-11,35,False,0,0.016,1.6,39.20528985206372,thermal_logit_trend_BASF_frozen
2018|M3|bloc3|CEL,2018,2018-05-28,M3,bloc3,CEL,0.4,10,0,0,"511,512,513,514,515,516,517,518,519,520",2,2018|M3|bloc3|CEL|F2,era5loc_ed480fff4117,era5loc_ed480fff4117|2018,FRANCE,CEL,2018,34,2018-05-11,17,False,1,0.004,0.4,4.03105242122646,thermal_logit_trend_BASF_frozen
2018|M3|bloc3|CEL,2018,2018-06-09,M3,bloc3,CEL,4.6,10,0,0,"751,752,753,754,755,756,757,758,759,760",2,2018|M3|bloc3|CEL|F2,era5loc_ed480fff4117,era5loc_ed480fff4117|2018,FRANCE,CEL,2018,34,2018-05-11,29,False,1,0.046,4.6,21.597508585085787,thermal_logit_trend_BASF_frozen
2018|M3|bloc3|CEL,2018,2018-05-28,M3,bloc3,CEL,9.9,10,0,0,"511,512,513,514,515,516,517,518,519,520",3,2018|M3|bloc3|CEL|F3,era5loc_ed480fff4117,era5loc_ed480fff4117|2018,FRANCE,CEL,2018,35,2018-05-11,17,False,2,0.099,9.9,20.541444338130415,thermal_logit_trend_BASF_frozen
2018|M3|bloc3|CEL,2018,2018-06-09,M3,bloc3,CEL,11.8,10,0,0,"751,752,753,754,755,756,757,758,759,760",3,2018|M3|bloc3|CEL|F3,era5loc_ed480fff4117,era5loc_ed480fff4117|2018,FRANCE,CEL,2018,35,2018-05-11,29,False,2,0.11800000000000001,11.8,62.89998134172832,thermal_logit_trend_BASF_frozen
2018|M4|bloc1|APA,2018,2018-05-28,M4,bloc1,APA,0.4,10,0,0,"681,682,683,684,685,686,687,688,689,690",1,2018|M4|bloc1|APA|F1,era5loc_ed480fff4117,era5loc_ed480fff4117|2018,FRANCE,APA,2018,36,2018-05-11,17,False,0,0.004,0.4,4.03105242122646,thermal_logit_trend_BASF_frozen
2018|M4|bloc1|APA,2018,2018-06-09,M4,bloc1,APA,2.9,10,0,0,"921,922,923,924,925,926,927,928,929,930",1,2018|M4|bloc1|APA|F1,era5loc_ed480fff4117,era5loc_ed480fff4117|2018,FRANCE,APA,2018,36,2018-05-11,29,False,0,0.028999999999999998,2.9,21.597508585085787,thermal_logit_trend_BASF_frozen
2018|M4|bloc1|APA,2018,2018-06-15,M4,bloc1,APA,12.3,10,0,0,"1161,1162,1163,1164,1165,1166,1167,1168,1169,1170",1,2018|M4|bloc1|APA|F1,era5loc_ed480fff4117,era5loc_ed480fff4117|2018,FRANCE,APA,2018,36,2018-05-11,35,False,0,0.12300000000000001,12.3,39.20528985206372,thermal_logit_trend_BASF_frozen
2018|M4|bloc1|APA,2018,2018-05-28,M4,bloc1,APA,1.2,10,0,0,"681,682,683,684,685,686,687,688,689,690",2,2018|M4|bloc1|APA|F2,era5loc_ed480fff4117,era5loc_ed480fff4117|2018,FRANCE,APA,2018,37,2018-05-11,17,False,1,0.012,1.2,4.03105242122646,thermal_logit_trend_BASF_frozen
2018|M4|bloc1|APA,2018,2018-06-09,M4,bloc1,APA,7.777777777777778,9,0,1,"921,922,923,924,925,926,927,928,929,930",2,2018|M4|bloc1|APA|F2,era5loc_ed480fff4117,era5loc_ed480fff4117|2018,FRANCE,APA,2018,37,2018-05-11,29,False,1,0.07777777777777778,7.777777777777778,21.597508585085787,thermal_logit_trend_BASF_frozen
2018|M4|bloc1|APA,2018,2018-05-28,M4,bloc1,APA,3.9,10,0,0,"681,682,683,684,685,686,687,688,689,690",3,2018|M4|bloc1|APA|F3,era5loc_ed480fff4117,era5loc_ed480fff4117|2018,FRANCE,APA,2018,38,2018-05-11,17,False,2,0.039,3.9,52.551690558507794,thermal_logit_trend_BASF_frozen
2018|M4|bloc1|APA,2018,2018-06-09,M4,bloc1,APA,14.8,10,0,0,"921,922,923,924,925,926,927,928,929,930",3,2018|M4|bloc1|APA|F3,era5loc_ed480fff4117,era5loc_ed480fff4117|2018,FRANCE,APA,2018,38,2018-05-11,29,False,2,0.14800000000000002,14.8,87.89873923271264,thermal_logit_trend_BASF_frozen
2018|M4|bloc1|CEL,2018,2018-05-28,M4,bloc1,CEL,0.1,10,0,0,"691,692,693,694,695,696,697,698,699,700",1,2018|M4|bloc1|CEL|F1,era5loc_ed480fff4117,era5loc_ed480fff4117|2018,FRANCE,CEL,2018,39,2018-05-11,17,False,0,0.001,0.1,4.03105242122646,thermal_logit_trend_BASF_frozen
2018|M4|bloc1|CEL,2018,2018-06-09,M4,bloc1,CEL,1.3,10,0,0,"931,932,933,934,935,936,937,938,939,940",1,2018|M4|bloc1|CEL|F1,era5loc_ed480fff4117,era5loc_ed480fff4117|2018,FRANCE,CEL,2018,39,2018-05-11,29,False,0,0.013000000000000001,1.3,21.597508585085787,thermal_logit_trend_BASF_frozen
2018|M4|bloc1|CEL,2018,2018-06-15,M4,bloc1,CEL,2.3,10,0,0,"1171,1172,1173,1174,1175,1176,1177,1178,1179,1180",1,2018|M4|bloc1|CEL|F1,era5loc_ed480fff4117,era5loc_ed480fff4117|2018,FRANCE,CEL,2018,39,2018-05-11,35,False,0,0.023,2.3,39.20528985206372,thermal_logit_trend_BASF_frozen
2018|M4|bloc1|CEL,2018,2018-05-28,M4,bloc1,CEL,0.2,10,0,0,"691,692,693,694,695,696,697,698,699,700",2,2018|M4|bloc1|CEL|F2,era5loc_ed480fff4117,era5loc_ed480fff4117|2018,FRANCE,CEL,2018,40,2018-05-11,17,False,1,0.002,0.2,4.03105242122646,thermal_logit_trend_BASF_frozen
2018|M4|bloc1|CEL,2018,2018-06-09,M4,bloc1,CEL,3.5,10,0,0,"931,932,933,934,935,936,937,938,939,940",2,2018|M4|bloc1|CEL|F2,era5loc_ed480fff4117,era5loc_ed480fff4117|2018,FRANCE,CEL,2018,40,2018-05-11,29,False,1,0.035,3.5,21.597508585085787,thermal_logit_trend_BASF_frozen
2018|M4|bloc1|CEL,2018,2018-05-28,M4,bloc1,CEL,6.0,10,0,0,"691,692,693,694,695,696,697,698,699,700",3,2018|M4|bloc1|CEL|F3,era5loc_ed480fff4117,era5loc_ed480fff4117|2018,FRANCE,CEL,2018,41,2018-05-11,17,False,2,0.06,6.0,35.191459249786455,thermal_logit_trend_BASF_frozen
2018|M4|bloc1|CEL,2018,2018-06-09,M4,bloc1,CEL,15.8,10,0,0,"931,932,933,934,935,936,937,938,939,940",3,2018|M4|bloc1|CEL|F3,era5loc_ed480fff4117,era5loc_ed480fff4117|2018,FRANCE,CEL,2018,41,2018-05-11,29,False,2,0.158,15.8,78.07573785028313,thermal_logit_trend_BASF_frozen
2018|M4|bloc2|APA,2018,2018-05-28,M4,bloc2,APA,0.0,10,0,0,"601,602,603,604,605,606,607,608,609,610",1,2018|M4|bloc2|APA|F1,era5loc_ed480fff4117,era5loc_ed480fff4117|2018,FRANCE,APA,2018,42,2018-05-11,17,False,0,0.0,0.0,4.03105242122646,thermal_logit_trend_BASF_frozen
2018|M4|bloc2|APA,2018,2018-06-09,M4,bloc2,APA,1.0,10,0,0,"841,842,843,844,845,846,847,848,849,850",1,2018|M4|bloc2|APA|F1,era5loc_ed480fff4117,era5loc_ed480fff4117|2018,FRANCE,APA,2018,42,2018-05-11,29,False,0,0.01,1.0,21.597508585085787,thermal_logit_trend_BASF_frozen
2018|M4|bloc2|APA,2018,2018-06-15,M4,bloc2,APA,9.6,10,0,0,"1081,1082,1083,1084,1085,1086,1087,1088,1089,1090",1,2018|M4|bloc2|APA|F1,era5loc_ed480fff4117,era5loc_ed480fff4117|2018,FRANCE,APA,2018,42,2018-05-11,35,False,0,0.096,9.6,39.20528985206372,thermal_logit_trend_BASF_frozen
2018|M4|bloc2|APA,2018,2018-05-28,M4,bloc2,APA,0.3,10,0,0,"601,602,603,604,605,606,607,608,609,610",2,2018|M4|bloc2|APA|F2,era5loc_ed480fff4117,era5loc_ed480fff4117|2018,FRANCE,APA,2018,43,2018-05-11,17,False,1,0.003,0.3,4.03105242122646,thermal_logit_trend_BASF_frozen
2018|M4|bloc2|APA,2018,2018-06-09,M4,bloc2,APA,5.4,10,0,0,"841,842,843,844,845,846,847,848,849,850",2,2018|M4|bloc2|APA|F2,era5loc_ed480fff4117,era5loc_ed480fff4117|2018,FRANCE,APA,2018,43,2018-05-11,29,False,1,0.054000000000000006,5.4,21.597508585085787,thermal_logit_trend_BASF_frozen
2018|M4|bloc2|APA,2018,2018-05-28,M4,bloc2,APA,3.1,10,0,0,"601,602,603,604,605,606,607,608,609,610",3,2018|M4|bloc2|APA|F3,era5loc_ed480fff4117,era5loc_ed480fff4117|2018,FRANCE,APA,2018,44,2018-05-11,17,False,2,0.031,3.1,54.87345761706729,thermal_logit_trend_BASF_frozen
2018|M4|bloc2|APA,2018,2018-06-09,M4,bloc2,APA,11.444444444444445,9,0,1,"841,842,843,844,845,846,847,848,849,850",3,2018|M4|bloc2|APA|F3,era5loc_ed480fff4117,era5loc_ed480fff4117|2018,FRANCE,APA,2018,44,2018-05-11,29,False,2,0.11444444444444445,11.444444444444445,88.85761166105624,thermal_logit_trend_BASF_frozen
2018|M4|bloc2|CEL,2018,2018-05-28,M4,bloc2,CEL,0.0,10,0,0,"611,612,613,614,615,616,617,618,619,620",1,2018|M4|bloc2|CEL|F1,era5loc_ed480fff4117,era5loc_ed480fff4117|2018,FRANCE,CEL,2018,45,2018-05-11,17,False,0,0.0,0.0,4.03105242122646,thermal_logit_trend_BASF_frozen
2018|M4|bloc2|CEL,2018,2018-06-09,M4,bloc2,CEL,0.0,10,0,0,"851,852,853,854,855,856,857,858,859,860",1,2018|M4|bloc2|CEL|F1,era5loc_ed480fff4117,era5loc_ed480fff4117|2018,FRANCE,CEL,2018,45,2018-05-11,29,False,0,0.0,0.0,21.597508585085787,thermal_logit_trend_BASF_frozen
2018|M4|bloc2|CEL,2018,2018-06-15,M4,bloc2,CEL,1.1,10,0,0,"1091,1092,1093,1094,1095,1096,1097,1098,1099,1100",1,2018|M4|bloc2|CEL|F1,era5loc_ed480fff4117,era5loc_ed480fff4117|2018,FRANCE,CEL,2018,45,2018-05-11,35,False,0,0.011000000000000001,1.1,39.20528985206372,thermal_logit_trend_BASF_frozen
2018|M4|bloc2|CEL,2018,2018-05-28,M4,bloc2,CEL,0.1,10,0,0,"611,612,613,614,615,616,617,618,619,620",2,2018|M4|bloc2|CEL|F2,era5loc_ed480fff4117,era5loc_ed480fff4117|2018,FRANCE,CEL,2018,46,2018-05-11,17,False,1,0.001,0.1,4.03105242122646,thermal_logit_trend_BASF_frozen
2018|M4|bloc2|CEL,2018,2018-06-09,M4,bloc2,CEL,3.1,10,0,0,"851,852,853,854,855,856,857,858,859,860",2,2018|M4|bloc2|CEL|F2,era5loc_ed480fff4117,era5loc_ed480fff4117|2018,FRANCE,CEL,2018,46,2018-05-11,29,False,1,0.031,3.1,21.597508585085787,thermal_logit_trend_BASF_frozen
2018|M4|bloc2|CEL,2018,2018-05-28,M4,bloc2,CEL,2.4444444444444446,9,0,1,"611,612,613,614,615,616,617,618,619,620",3,2018|M4|bloc2|CEL|F3,era5loc_ed480fff4117,era5loc_ed480fff4117|2018,FRANCE,CEL,2018,47,2018-05-11,17,False,2,0.024444444444444446,2.4444444444444446,11.965202278133063,thermal_logit_trend_BASF_frozen
2018|M4|bloc2|CEL,2018,2018-06-09,M4,bloc2,CEL,6.25,8,0,2,"851,852,853,854,855,856,857,858,859,860",3,2018|M4|bloc2|CEL|F3,era5loc_ed480fff4117,era5loc_ed480fff4117|2018,FRANCE,CEL,2018,47,2018-05-11,29,False,2,0.0625,6.25,47.12791287622225,thermal_logit_trend_BASF_frozen
2018|M4|bloc3|APA,2018,2018-05-28,M4,bloc3,APA,0.1,10,0,0,"521,522,523,524,525,526,527,528,529,530",1,2018|M4|bloc3|APA|F1,era5loc_ed480fff4117,era5loc_ed480fff4117|2018,FRANCE,APA,2018,48,2018-05-11,17,False,0,0.001,0.1,4.03105242122646,thermal_logit_trend_BASF_frozen
2018|M4|bloc3|APA,2018,2018-06-09,M4,bloc3,APA,0.7,10,0,0,"761,762,763,764,765,766,767,768,769,770",1,2018|M4|bloc3|APA|F1,era5loc_ed480fff4117,era5loc_ed480fff4117|2018,FRANCE,APA,2018,48,2018-05-11,29,False,0,0.006999999999999999,0.7,21.597508585085787,thermal_logit_trend_BASF_frozen
2018|M4|bloc3|APA,2018,2018-06-15,M4,bloc3,APA,1.1,10,0,0,"1001,1002,1003,1004,1005,1006,1007,1008,1009,1010",1,2018|M4|bloc3|APA|F1,era5loc_ed480fff4117,era5loc_ed480fff4117|2018,FRANCE,APA,2018,48,2018-05-11,35,False,0,0.011000000000000001,1.1,39.20528985206372,thermal_logit_trend_BASF_frozen
2018|M4|bloc3|APA,2018,2018-05-28,M4,bloc3,APA,0.8,10,0,0,"521,522,523,524,525,526,527,528,529,530",2,2018|M4|bloc3|APA|F2,era5loc_ed480fff4117,era5loc_ed480fff4117|2018,FRANCE,APA,2018,49,2018-05-11,17,False,1,0.008,0.8,4.03105242122646,thermal_logit_trend_BASF_frozen
2018|M4|bloc3|APA,2018,2018-06-09,M4,bloc3,APA,18.5,10,0,0,"761,762,763,764,765,766,767,768,769,770",2,2018|M4|bloc3|APA|F2,era5loc_ed480fff4117,era5loc_ed480fff4117|2018,FRANCE,APA,2018,49,2018-05-11,29,False,1,0.185,18.5,21.597508585085787,thermal_logit_trend_BASF_frozen
2018|M4|bloc3|APA,2018,2018-05-28,M4,bloc3,APA,10.555555555555555,9,0,1,"521,522,523,524,525,526,527,528,529,530",3,2018|M4|bloc3|APA|F3,era5loc_ed480fff4117,era5loc_ed480fff4117|2018,FRANCE,APA,2018,50,2018-05-11,17,False,2,0.10555555555555556,10.555555555555555,34.791251538904305,thermal_logit_trend_BASF_frozen
2018|M4|bloc3|APA,2018,2018-06-09,M4,bloc3,APA,29.375,8,0,2,"761,762,763,764,765,766,767,768,769,770",3,2018|M4|bloc3|APA|F3,era5loc_ed480fff4117,era5loc_ed480fff4117|2018,FRANCE,APA,2018,50,2018-05-11,29,False,2,0.29375,29.375,77.77309006632721,thermal_logit_trend_BASF_frozen
2018|M4|bloc3|CEL,2018,2018-05-28,M4,bloc3,CEL,0.0,10,0,0,"531,532,533,534,535,536,537,538,539,540",1,2018|M4|bloc3|CEL|F1,era5loc_ed480fff4117,era5loc_ed480fff4117|2018,FRANCE,CEL,2018,51,2018-05-11,17,False,0,0.0,0.0,4.03105242122646,thermal_logit_trend_BASF_frozen
2018|M4|bloc3|CEL,2018,2018-06-09,M4,bloc3,CEL,0.1,10,0,0,"771,772,773,774,775,776,777,778,779,780",1,2018|M4|bloc3|CEL|F1,era5loc_ed480fff4117,era5loc_ed480fff4117|2018,FRANCE,CEL,2018,51,2018-05-11,29,False,0,0.001,0.1,21.597508585085787,thermal_logit_trend_BASF_frozen
2018|M4|bloc3|CEL,2018,2018-06-15,M4,bloc3,CEL,0.6,10,0,0,"1011,1012,1013,1014,1015,1016,1017,1018,1019,1020",1,2018|M4|bloc3|CEL|F1,era5loc_ed480fff4117,era5loc_ed480fff4117|2018,FRANCE,CEL,2018,51,2018-05-11,35,False,0,0.006,0.6,39.20528985206372,thermal_logit_trend_BASF_frozen
2018|M4|bloc3|CEL,2018,2018-05-28,M4,bloc3,CEL,0.1,10,0,0,"531,532,533,534,535,536,537,538,539,540",2,2018|M4|bloc3|CEL|F2,era5loc_ed480fff4117,era5loc_ed480fff4117|2018,FRANCE,CEL,2018,52,2018-05-11,17,False,1,0.001,0.1,4.03105242122646,thermal_logit_trend_BASF_frozen
2018|M4|bloc3|CEL,2018,2018-06-09,M4,bloc3,CEL,1.7,10,0,0,"771,772,773,774,775,776,777,778,779,780",2,2018|M4|bloc3|CEL|F2,era5loc_ed480fff4117,era5loc_ed480fff4117|2018,FRANCE,CEL,2018,52,2018-05-11,29,False,1,0.017,1.7,21.597508585085787,thermal_logit_trend_BASF_frozen
2018|M4|bloc3|CEL,2018,2018-05-28,M4,bloc3,CEL,3.1,10,0,0,"531,532,533,534,535,536,537,538,539,540",3,2018|M4|bloc3|CEL|F3,era5loc_ed480fff4117,era5loc_ed480fff4117|2018,FRANCE,CEL,2018,53,2018-05-11,17,False,2,0.031,3.1,10.609245818219422,thermal_logit_trend_BASF_frozen
2018|M4|bloc3|CEL,2018,2018-06-09,M4,bloc3,CEL,9.777777777777779,9,0,1,"771,772,773,774,775,776,777,778,779,780",3,2018|M4|bloc3|CEL|F3,era5loc_ed480fff4117,era5loc_ed480fff4117|2018,FRANCE,CEL,2018,53,2018-05-11,29,False,2,0.09777777777777778,9.777777777777779,43.768273004622756,thermal_logit_trend_BASF_frozen
2018|M5|bloc1|APA,2018,2018-05-28,M5,bloc1,APA,0.1,10,0,0,"701,702,703,704,705,706,707,708,709,710",1,2018|M5|bloc1|APA|F1,era5loc_ed480fff4117,era5loc_ed480fff4117|2018,FRANCE,APA,2018,54,2018-05-11,17,False,0,0.001,0.1,4.03105242122646,thermal_logit_trend_BASF_frozen
2018|M5|bloc1|APA,2018,2018-06-09,M5,bloc1,APA,1.6,10,0,0,"941,942,943,944,945,946,947,948,949,950",1,2018|M5|bloc1|APA|F1,era5loc_ed480fff4117,era5loc_ed480fff4117|2018,FRANCE,APA,2018,54,2018-05-11,29,False,0,0.016,1.6,21.597508585085787,thermal_logit_trend_BASF_frozen
2018|M5|bloc1|APA,2018,2018-06-15,M5,bloc1,APA,12.6,10,0,0,"1181,1182,1183,1184,1185,1186,1187,1188,1189,1190",1,2018|M5|bloc1|APA|F1,era5loc_ed480fff4117,era5loc_ed480fff4117|2018,FRANCE,APA,2018,54,2018-05-11,35,False,0,0.126,12.6,39.20528985206372,thermal_logit_trend_BASF_frozen
2018|M5|bloc1|APA,2018,2018-05-28,M5,bloc1,APA,0.9,10,0,0,"701,702,703,704,705,706,707,708,709,710",2,2018|M5|bloc1|APA|F2,era5loc_ed480fff4117,era5loc_ed480fff4117|2018,FRANCE,APA,2018,55,2018-05-11,17,False,1,0.009000000000000001,0.9,4.03105242122646,thermal_logit_trend_BASF_frozen
2018|M5|bloc1|APA,2018,2018-06-09,M5,bloc1,APA,4.6,10,0,0,"941,942,943,944,945,946,947,948,949,950",2,2018|M5|bloc1|APA|F2,era5loc_ed480fff4117,era5loc_ed480fff4117|2018,FRANCE,APA,2018,55,2018-05-11,29,False,1,0.046,4.6,21.597508585085787,thermal_logit_trend_BASF_frozen
2018|M5|bloc1|APA,2018,2018-05-28,M5,bloc1,APA,6.8,10,0,0,"701,702,703,704,705,706,707,708,709,710",3,2018|M5|bloc1|APA|F3,era5loc_ed480fff4117,era5loc_ed480fff4117|2018,FRANCE,APA,2018,56,2018-05-11,17,False,2,0.068,6.8,63.127264861259036,thermal_logit_trend_BASF_frozen
2018|M5|bloc1|APA,2018,2018-06-09,M5,bloc1,APA,10.11111111111111,9,0,1,"941,942,943,944,945,946,947,948,949,950",3,2018|M5|bloc1|APA|F3,era5loc_ed480fff4117,era5loc_ed480fff4117|2018,FRANCE,APA,2018,56,2018-05-11,29,False,2,0.10111111111111111,10.11111111111111,91.82196637558316,thermal_logit_trend_BASF_frozen
2018|M5|bloc1|CEL,2018,2018-05-28,M5,bloc1,CEL,0.0,10,0,0,"711,712,713,714,715,716,717,718,719,720",1,2018|M5|bloc1|CEL|F1,era5loc_ed480fff4117,era5loc_ed480fff4117|2018,FRANCE,CEL,2018,57,2018-05-11,17,False,0,0.0,0.0,4.03105242122646,thermal_logit_trend_BASF_frozen
2018|M5|bloc1|CEL,2018,2018-06-09,M5,bloc1,CEL,0.0,10,0,0,"951,952,953,954,955,956,957,958,959,960",1,2018|M5|bloc1|CEL|F1,era5loc_ed480fff4117,era5loc_ed480fff4117|2018,FRANCE,CEL,2018,57,2018-05-11,29,False,0,0.0,0.0,21.597508585085787,thermal_logit_trend_BASF_frozen
2018|M5|bloc1|CEL,2018,2018-06-15,M5,bloc1,CEL,0.6,10,0,0,"1191,1192,1193,1194,1195,1196,1197,1198,1199,1200",1,2018|M5|bloc1|CEL|F1,era5loc_ed480fff4117,era5loc_ed480fff4117|2018,FRANCE,CEL,2018,57,2018-05-11,35,False,0,0.006,0.6,39.20528985206372,thermal_logit_trend_BASF_frozen
2018|M5|bloc1|CEL,2018,2018-05-28,M5,bloc1,CEL,0.1,10,0,0,"711,712,713,714,715,716,717,718,719,720",2,2018|M5|bloc1|CEL|F2,era5loc_ed480fff4117,era5loc_ed480fff4117|2018,FRANCE,CEL,2018,58,2018-05-11,17,False,1,0.001,0.1,4.03105242122646,thermal_logit_trend_BASF_frozen
2018|M5|bloc1|CEL,2018,2018-06-09,M5,bloc1,CEL,0.3,10,0,0,"951,952,953,954,955,956,957,958,959,960",2,2018|M5|bloc1|CEL|F2,era5loc_ed480fff4117,era5loc_ed480fff4117|2018,FRANCE,CEL,2018,58,2018-05-11,29,False,1,0.003,0.3,21.597508585085787,thermal_logit_trend_BASF_frozen
2018|M5|bloc1|CEL,2018,2018-05-28,M5,bloc1,CEL,2.3,10,0,0,"711,712,713,714,715,716,717,718,719,720",3,2018|M5|bloc1|CEL|F3,era5loc_ed480fff4117,era5loc_ed480fff4117|2018,FRANCE,CEL,2018,59,2018-05-11,17,False,2,0.023,2.3,11.291717158881909,thermal_logit_trend_BASF_frozen
2018|M5|bloc1|CEL,2018,2018-06-09,M5,bloc1,CEL,4.5,10,0,0,"951,952,953,954,955,956,957,958,959,960",3,2018|M5|bloc1|CEL|F3,era5loc_ed480fff4117,era5loc_ed480fff4117|2018,FRANCE,CEL,2018,59,2018-05-11,29,False,2,0.045,4.5,45.49811589285191,thermal_logit_trend_BASF_frozen
2018|M5|bloc2|APA,2018,2018-05-28,M5,bloc2,APA,0.4,10,0,0,"621,622,623,624,625,626,627,628,629,630",1,2018|M5|bloc2|APA|F1,era5loc_ed480fff4117,era5loc_ed480fff4117|2018,FRANCE,APA,2018,60,2018-05-11,17,False,0,0.004,0.4,4.03105242122646,thermal_logit_trend_BASF_frozen
2018|M5|bloc2|APA,2018,2018-06-09,M5,bloc2,APA,1.7,10,0,0,"861,862,863,864,865,866,867,868,869,870",1,2018|M5|bloc2|APA|F1,era5loc_ed480fff4117,era5loc_ed480fff4117|2018,FRANCE,APA,2018,60,2018-05-11,29,False,0,0.017,1.7,21.597508585085787,thermal_logit_trend_BASF_frozen
2018|M5|bloc2|APA,2018,2018-06-15,M5,bloc2,APA,14.5,10,0,0,"1101,1102,1103,1104,1105,1106,1107,1108,1109,1110",1,2018|M5|bloc2|APA|F1,era5loc_ed480fff4117,era5loc_ed480fff4117|2018,FRANCE,APA,2018,60,2018-05-11,35,False,0,0.145,14.5,39.20528985206372,thermal_logit_trend_BASF_frozen
2018|M5|bloc2|APA,2018,2018-05-28,M5,bloc2,APA,0.6,10,0,0,"621,622,623,624,625,626,627,628,629,630",2,2018|M5|bloc2|APA|F2,era5loc_ed480fff4117,era5loc_ed480fff4117|2018,FRANCE,APA,2018,61,2018-05-11,17,False,1,0.006,0.6,4.03105242122646,thermal_logit_trend_BASF_frozen
2018|M5|bloc2|APA,2018,2018-06-09,M5,bloc2,APA,7.6,10,0,0,"861,862,863,864,865,866,867,868,869,870",2,2018|M5|bloc2|APA|F2,era5loc_ed480fff4117,era5loc_ed480fff4117|2018,FRANCE,APA,2018,61,2018-05-11,29,False,1,0.076,7.6,21.597508585085787,thermal_logit_trend_BASF_frozen
2018|M5|bloc2|APA,2018,2018-05-28,M5,bloc2,APA,8.2,10,0,0,"621,622,623,624,625,626,627,628,629,630",3,2018|M5|bloc2|APA|F3,era5loc_ed480fff4117,era5loc_ed480fff4117|2018,FRANCE,APA,2018,62,2018-05-11,17,False,2,0.08199999999999999,8.2,56.60745181223571,thermal_logit_trend_BASF_frozen
2018|M5|bloc2|APA,2018,2018-06-09,M5,bloc2,APA,17.0,10,0,0,"861,862,863,864,865,866,867,868,869,870",3,2018|M5|bloc2|APA|F3,era5loc_ed480fff4117,era5loc_ed480fff4117|2018,FRANCE,APA,2018,62,2018-05-11,29,False,2,0.17,17.0,89.53480418275188,thermal_logit_trend_BASF_frozen
2018|M5|bloc2|CEL,2018,2018-05-28,M5,bloc2,CEL,0.1,10,0,0,"631,632,633,634,635,636,637,638,639,640",1,2018|M5|bloc2|CEL|F1,era5loc_ed480fff4117,era5loc_ed480fff4117|2018,FRANCE,CEL,2018,63,2018-05-11,17,False,0,0.001,0.1,4.03105242122646,thermal_logit_trend_BASF_frozen
2018|M5|bloc2|CEL,2018,2018-06-09,M5,bloc2,CEL,0.5,10,0,0,"871,872,873,874,875,876,877,878,879,880",1,2018|M5|bloc2|CEL|F1,era5loc_ed480fff4117,era5loc_ed480fff4117|2018,FRANCE,CEL,2018,63,2018-05-11,29,False,0,0.005,0.5,21.597508585085787,thermal_logit_trend_BASF_frozen
2018|M5|bloc2|CEL,2018,2018-06-15,M5,bloc2,CEL,0.3,10,0,0,"1111,1112,1113,1114,1115,1116,1117,1118,1119,1120",1,2018|M5|bloc2|CEL|F1,era5loc_ed480fff4117,era5loc_ed480fff4117|2018,FRANCE,CEL,2018,63,2018-05-11,35,False,0,0.003,0.3,39.20528985206372,thermal_logit_trend_BASF_frozen
2018|M5|bloc2|CEL,2018,2018-05-28,M5,bloc2,CEL,0.4,10,0,0,"631,632,633,634,635,636,637,638,639,640",2,2018|M5|bloc2|CEL|F2,era5loc_ed480fff4117,era5loc_ed480fff4117|2018,FRANCE,CEL,2018,64,2018-05-11,17,False,1,0.004,0.4,4.03105242122646,thermal_logit_trend_BASF_frozen
2018|M5|bloc2|CEL,2018,2018-06-09,M5,bloc2,CEL,2.8,10,0,0,"871,872,873,874,875,876,877,878,879,880",2,2018|M5|bloc2|CEL|F2,era5loc_ed480fff4117,era5loc_ed480fff4117|2018,FRANCE,CEL,2018,64,2018-05-11,29,False,1,0.027999999999999997,2.8,21.597508585085787,thermal_logit_trend_BASF_frozen
2018|M5|bloc2|CEL,2018,2018-05-28,M5,bloc2,CEL,2.7777777777777777,9,0,1,"631,632,633,634,635,636,637,638,639,640",3,2018|M5|bloc2|CEL|F3,era5loc_ed480fff4117,era5loc_ed480fff4117|2018,FRANCE,CEL,2018,65,2018-05-11,17,False,2,0.027777777777777776,2.7777777777777777,13.933480779374666,thermal_logit_trend_BASF_frozen
2018|M5|bloc2|CEL,2018,2018-06-09,M5,bloc2,CEL,7.9,10,0,0,"871,872,873,874,875,876,877,878,879,880",3,2018|M5|bloc2|CEL|F3,era5loc_ed480fff4117,era5loc_ed480fff4117|2018,FRANCE,CEL,2018,65,2018-05-11,29,False,2,0.079,7.9,51.49689264960781,thermal_logit_trend_BASF_frozen
2018|M5|bloc3|APA,2018,2018-05-28,M5,bloc3,APA,0.1,10,0,0,"541,542,543,544,545,546,547,548,549,550",1,2018|M5|bloc3|APA|F1,era5loc_ed480fff4117,era5loc_ed480fff4117|2018,FRANCE,APA,2018,66,2018-05-11,17,False,0,0.001,0.1,4.03105242122646,thermal_logit_trend_BASF_frozen
2018|M5|bloc3|APA,2018,2018-06-09,M5,bloc3,APA,1.3,10,0,0,"781,782,783,784,785,786,787,788,789,790",1,2018|M5|bloc3|APA|F1,era5loc_ed480fff4117,era5loc_ed480fff4117|2018,FRANCE,APA,2018,66,2018-05-11,29,False,0,0.013000000000000001,1.3,21.597508585085787,thermal_logit_trend_BASF_frozen
2018|M5|bloc3|APA,2018,2018-06-15,M5,bloc3,APA,10.3,10,0,0,"1021,1022,1023,1024,1025,1026,1027,1028,1029,1030",1,2018|M5|bloc3|APA|F1,era5loc_ed480fff4117,era5loc_ed480fff4117|2018,FRANCE,APA,2018,66,2018-05-11,35,False,0,0.10300000000000001,10.3,39.20528985206372,thermal_logit_trend_BASF_frozen
2018|M5|bloc3|APA,2018,2018-05-28,M5,bloc3,APA,0.9,10,0,0,"541,542,543,544,545,546,547,548,549,550",2,2018|M5|bloc3|APA|F2,era5loc_ed480fff4117,era5loc_ed480fff4117|2018,FRANCE,APA,2018,67,2018-05-11,17,False,1,0.009000000000000001,0.9,4.03105242122646,thermal_logit_trend_BASF_frozen
2018|M5|bloc3|APA,2018,2018-06-09,M5,bloc3,APA,15.4,10,0,0,"781,782,783,784,785,786,787,788,789,790",2,2018|M5|bloc3|APA|F2,era5loc_ed480fff4117,era5loc_ed480fff4117|2018,FRANCE,APA,2018,67,2018-05-11,29,False,1,0.154,15.4,21.597508585085787,thermal_logit_trend_BASF_frozen
2018|M5|bloc3|APA,2018,2018-05-28,M5,bloc3,APA,5.4,10,0,0,"541,542,543,544,545,546,547,548,549,550",3,2018|M5|bloc3|APA|F3,era5loc_ed480fff4117,era5loc_ed480fff4117|2018,FRANCE,APA,2018,68,2018-05-11,17,False,2,0.054000000000000006,5.4,35.191459249786455,thermal_logit_trend_BASF_frozen
2018|M5|bloc3|APA,2018,2018-06-09,M5,bloc3,APA,25.22222222222222,9,0,1,"781,782,783,784,785,786,787,788,789,790",3,2018|M5|bloc3|APA|F3,era5loc_ed480fff4117,era5loc_ed480fff4117|2018,FRANCE,APA,2018,68,2018-05-11,29,False,2,0.25222222222222224,25.22222222222222,78.07573785028313,thermal_logit_trend_BASF_frozen
2018|M5|bloc3|CEL,2018,2018-05-28,M5,bloc3,CEL,0.0,10,0,0,"551,552,553,554,555,556,557,558,559,560",1,2018|M5|bloc3|CEL|F1,era5loc_ed480fff4117,era5loc_ed480fff4117|2018,FRANCE,CEL,2018,69,2018-05-11,17,False,0,0.0,0.0,4.03105242122646,thermal_logit_trend_BASF_frozen
2018|M5|bloc3|CEL,2018,2018-06-09,M5,bloc3,CEL,0.0,10,0,0,"791,792,793,794,795,796,797,798,799,800",1,2018|M5|bloc3|CEL|F1,era5loc_ed480fff4117,era5loc_ed480fff4117|2018,FRANCE,CEL,2018,69,2018-05-11,29,False,0,0.0,0.0,21.597508585085787,thermal_logit_trend_BASF_frozen
2018|M5|bloc3|CEL,2018,2018-06-15,M5,bloc3,CEL,0.3,10,0,0,"1031,1032,1033,1034,1035,1036,1037,1038,1039,1040",1,2018|M5|bloc3|CEL|F1,era5loc_ed480fff4117,era5loc_ed480fff4117|2018,FRANCE,CEL,2018,69,2018-05-11,35,False,0,0.003,0.3,39.20528985206372,thermal_logit_trend_BASF_frozen
2018|M5|bloc3|CEL,2018,2018-05-28,M5,bloc3,CEL,0.1,10,0,0,"551,552,553,554,555,556,557,558,559,560",2,2018|M5|bloc3|CEL|F2,era5loc_ed480fff4117,era5loc_ed480fff4117|2018,FRANCE,CEL,2018,70,2018-05-11,17,False,1,0.001,0.1,4.03105242122646,thermal_logit_trend_BASF_frozen
2018|M5|bloc3|CEL,2018,2018-06-09,M5,bloc3,CEL,1.1,10,0,0,"791,792,793,794,795,796,797,798,799,800",2,2018|M5|bloc3|CEL|F2,era5loc_ed480fff4117,era5loc_ed480fff4117|2018,FRANCE,CEL,2018,70,2018-05-11,29,False,1,0.011000000000000001,1.1,21.597508585085787,thermal_logit_trend_BASF_frozen
2018|M5|bloc3|CEL,2018,2018-05-28,M5,bloc3,CEL,0.4,10,0,0,"551,552,553,554,555,556,557,558,559,560",3,2018|M5|bloc3|CEL|F3,era5loc_ed480fff4117,era5loc_ed480fff4117|2018,FRANCE,CEL,2018,71,2018-05-11,17,False,2,0.004,0.4,11.291717158881909,thermal_logit_trend_BASF_frozen
2018|M5|bloc3|CEL,2018,2018-06-09,M5,bloc3,CEL,6.5,10,0,0,"791,792,793,794,795,796,797,798,799,800",3,2018|M5|bloc3|CEL|F3,era5loc_ed480fff4117,era5loc_ed480fff4117|2018,FRANCE,CEL,2018,71,2018-05-11,29,False,2,0.065,6.5,45.49811589285191,thermal_logit_trend_BASF_frozen
2019|M1|bloc1|APA,2019,2019-06-13,M1,bloc1,APA,9.1,10,0,0,"1741,1742,1743,1744,1745,1746,1747,1748,1749,1750",1,2019|M1|bloc1|APA|F1,era5loc_ed480fff4117,era5loc_ed480fff4117|2019,FRANCE,APA,2019,72,2019-06-06,7,False,0,0.091,9.1,6.264258296488808,thermal_logit_trend_BASF_frozen
2019|M1|bloc1|APA,2019,2019-06-18,M1,bloc1,APA,12.3,10,0,0,"2101,2102,2103,2104,2105,2106,2107,2108,2109,2110",1,2019|M1|bloc1|APA|F1,era5loc_ed480fff4117,era5loc_ed480fff4117|2019,FRANCE,APA,2019,72,2019-06-06,12,False,0,0.12300000000000001,12.3,11.735143692039241,thermal_logit_trend_BASF_frozen
2019|M1|bloc1|APA,2019,2019-06-26,M1,bloc1,APA,33.5,10,0,0,"1621,1622,1623,1624,1625,1626,1627,1628,1629,1630",1,2019|M1|bloc1|APA|F1,era5loc_ed480fff4117,era5loc_ed480fff4117|2019,FRANCE,APA,2019,72,2019-06-06,20,False,0,0.335,33.5,33.781891273434645,thermal_logit_trend_BASF_frozen
2019|M1|bloc1|APA,2019,2019-06-13,M1,bloc1,APA,12.5,10,0,0,"1741,1742,1743,1744,1745,1746,1747,1748,1749,1750",2,2019|M1|bloc1|APA|F2,era5loc_ed480fff4117,era5loc_ed480fff4117|2019,FRANCE,APA,2019,73,2019-06-06,7,False,1,0.125,12.5,6.8675732673596235,thermal_logit_trend_BASF_frozen
2019|M1|bloc1|APA,2019,2019-06-18,M1,bloc1,APA,23.0,10,0,0,"2101,2102,2103,2104,2105,2106,2107,2108,2109,2110",2,2019|M1|bloc1|APA|F2,era5loc_ed480fff4117,era5loc_ed480fff4117|2019,FRANCE,APA,2019,73,2019-06-06,12,False,1,0.23,23.0,12.793449177856184,thermal_logit_trend_BASF_frozen
2019|M1|bloc1|APA,2019,2019-06-26,M1,bloc1,APA,39.375,8,2,0,"1621,1622,1623,1624,1625,1626,1627,1628,1629,1630",2,2019|M1|bloc1|APA|F2,era5loc_ed480fff4117,era5loc_ed480fff4117|2019,FRANCE,APA,2019,73,2019-06-06,20,False,1,0.39375,39.375,36.01711651965378,thermal_logit_trend_BASF_frozen
2019|M1|bloc1|APA,2019,2019-06-13,M1,bloc1,APA,10.88888888888889,9,1,0,"1741,1742,1743,1744,1745,1746,1747,1748,1749,1750",3,2019|M1|bloc1|APA|F3,era5loc_ed480fff4117,era5loc_ed480fff4117|2019,FRANCE,APA,2019,74,2019-06-06,7,False,2,0.1088888888888889,10.88888888888889,6.062249944226406,thermal_logit_trend_BASF_frozen
2019|M1|bloc1|APA,2019,2019-06-18,M1,bloc1,APA,26.0,10,0,0,"2101,2102,2103,2104,2105,2106,2107,2108,2109,2110",3,2019|M1|bloc1|APA|F3,era5loc_ed480fff4117,era5loc_ed480fff4117|2019,FRANCE,APA,2019,74,2019-06-06,12,False,2,0.26,26.0,11.378126727704165,thermal_logit_trend_BASF_frozen
2019|M1|bloc1|APA,2019,2019-06-26,M1,bloc1,APA,38.333333333333336,3,7,0,"1621,1622,1623,1624,1625,1626,1627,1628,1629,1630",3,2019|M1|bloc1|APA|F3,era5loc_ed480fff4117,era5loc_ed480fff4117|2019,FRANCE,APA,2019,74,2019-06-06,20,False,2,0.38333333333333336,38.333333333333336,33.00495362409391,thermal_logit_trend_BASF_frozen
2019|M1|bloc2|APA,2019,2019-06-13,M1,bloc2,APA,19.5,10,0,0,"1761,1762,1763,1764,1765,1766,1767,1768,1769,1770",1,2019|M1|bloc2|APA|F1,era5loc_ed480fff4117,era5loc_ed480fff4117|2019,FRANCE,APA,2019,75,2019-06-06,7,False,0,0.195,19.5,20.05163654459217,thermal_logit_trend_BASF_frozen
2019|M1|bloc2|APA,2019,2019-06-18,M1,bloc2,APA,20.5,10,0,0,"2071,2072,2073,2074,2075,2076,2077,2078,2079,2080",1,2019|M1|bloc2|APA|F1,era5loc_ed480fff4117,era5loc_ed480fff4117|2019,FRANCE,APA,2019,75,2019-06-06,12,False,0,0.205,20.5,33.28762470115987,thermal_logit_trend_BASF_frozen
2019|M1|bloc2|APA,2019,2019-06-26,M1,bloc2,APA,40.0,8,2,0,"1591,1592,1593,1594,1595,1596,1597,1598,1599,1600",1,2019|M1|bloc2|APA|F1,era5loc_ed480fff4117,era5loc_ed480fff4117|2019,FRANCE,APA,2019,75,2019-06-06,20,False,0,0.4,40.0,65.69023107269221,thermal_logit_trend_BASF_frozen
2019|M1|bloc2|APA,2019,2019-06-13,M1,bloc2,APA,13.0,10,0,0,"1761,1762,1763,1764,1765,1766,1767,1768,1769,1770",2,2019|M1|bloc2|APA|F2,era5loc_ed480fff4117,era5loc_ed480fff4117|2019,FRANCE,APA,2019,76,2019-06-06,7,False,1,0.13,13.0,8.849718346972775,thermal_logit_trend_BASF_frozen
2019|M1|bloc2|APA,2019,2019-06-18,M1,bloc2,APA,22.0,10,0,0,"2071,2072,2073,2074,2075,2076,2077,2078,2079,2080",2,2019|M1|bloc2|APA|F2,era5loc_ed480fff4117,era5loc_ed480fff4117|2019,FRANCE,APA,2019,76,2019-06-06,12,False,1,0.22,22.0,16.188643533577544,thermal_logit_trend_BASF_frozen
2019|M1|bloc2|APA,2019,2019-06-26,M1,bloc2,APA,40.0,9,1,0,"1591,1592,1593,1594,1595,1596,1597,1598,1599,1600",2,2019|M1|bloc2|APA|F2,era5loc_ed480fff4117,era5loc_ed480fff4117|2019,FRANCE,APA,2019,76,2019-06-06,20,False,1,0.4,40.0,42.56714879792567,thermal_logit_trend_BASF_frozen
2019|M1|bloc2|APA,2019,2019-06-13,M1,bloc2,APA,29.375,8,2,0,"1761,1762,1763,1764,1765,1766,1767,1768,1769,1770",3,2019|M1|bloc2|APA|F3,era5loc_ed480fff4117,era5loc_ed480fff4117|2019,FRANCE,APA,2019,77,2019-06-06,7,False,2,0.29375,29.375,15.817532246551188,thermal_logit_trend_BASF_frozen
2019|M1|bloc2|APA,2019,2019-06-18,M1,bloc2,APA,30.0,6,4,0,"2071,2072,2073,2074,2075,2076,2077,2078,2079,2080",3,2019|M1|bloc2|APA|F3,era5loc_ed480fff4117,era5loc_ed480fff4117|2019,FRANCE,APA,2019,77,2019-06-06,12,False,2,0.3,30.0,27.20983627650151,thermal_logit_trend_BASF_frozen
2019|M1|bloc3|APA,2019,2019-06-12,M1,bloc3,APA,8.2,10,0,0,"1901,1902,1903,1904,1905,1906,1907,1908,1909,1910",1,2019|M1|bloc3|APA|F1,era5loc_ed480fff4117,era5loc_ed480fff4117|2019,FRANCE,APA,2019,78,2019-06-03,9,False,0,0.08199999999999999,8.2,10.101355405905892,thermal_logit_trend_BASF_frozen
2019|M1|bloc3|APA,2019,2019-06-18,M1,bloc3,APA,15.5,10,0,0,"1921,1922,1923,1924,1925,1926,1927,1928,1929,1930",1,2019|M1|bloc3|APA|F1,era5loc_ed480fff4117,era5loc_ed480fff4117|2019,FRANCE,APA,2019,78,2019-06-03,15,False,0,0.155,15.5,19.82883854205838,thermal_logit_trend_BASF_frozen
2019|M1|bloc3|APA,2019,2019-06-25,M1,bloc3,APA,25.555555555555557,9,1,0,"1481,1482,1483,1484,1485,1486,1487,1488,1489,1490",1,2019|M1|bloc3|APA|F1,era5loc_ed480fff4117,era5loc_ed480fff4117|2019,FRANCE,APA,2019,78,2019-06-03,22,False,0,0.2555555555555556,25.555555555555557,43.592838273101265,thermal_logit_trend_BASF_frozen
2019|M1|bloc3|APA,2019,2019-06-12,M1,bloc3,APA,8.4,10,0,0,"1901,1902,1903,1904,1905,1906,1907,1908,1909,1910",2,2019|M1|bloc3|APA|F2,era5loc_ed480fff4117,era5loc_ed480fff4117|2019,FRANCE,APA,2019,79,2019-06-03,9,False,1,0.084,8.4,5.932893450433883,thermal_logit_trend_BASF_frozen
2019|M1|bloc3|APA,2019,2019-06-18,M1,bloc3,APA,20.5,10,0,0,"1921,1922,1923,1924,1925,1926,1927,1928,1929,1930",2,2019|M1|bloc3|APA|F2,era5loc_ed480fff4117,era5loc_ed480fff4117|2019,FRANCE,APA,2019,79,2019-06-03,15,False,1,0.205,20.5,12.190533081267702,thermal_logit_trend_BASF_frozen
2019|M1|bloc3|APA,2019,2019-06-25,M1,bloc3,APA,26.5,10,0,0,"1481,1482,1483,1484,1485,1486,1487,1488,1489,1490",2,2019|M1|bloc3|APA|F2,era5loc_ed480fff4117,era5loc_ed480fff4117|2019,FRANCE,APA,2019,79,2019-06-03,22,False,1,0.265,26.5,30.254955086000578,thermal_logit_trend_BASF_frozen
2019|M1|bloc3|APA,2019,2019-06-12,M1,bloc3,APA,19.0,10,0,0,"1901,1902,1903,1904,1905,1906,1907,1908,1909,1910",3,2019|M1|bloc3|APA|F3,era5loc_ed480fff4117,era5loc_ed480fff4117|2019,FRANCE,APA,2019,80,2019-06-03,9,False,2,0.19,19.0,6.827577272941815,thermal_logit_trend_BASF_frozen
2019|M1|bloc3|APA,2019,2019-06-18,M1,bloc3,APA,29.0,10,0,0,"1921,1922,1923,1924,1925,1926,1927,1928,1929,1930",3,2019|M1|bloc3|APA|F3,era5loc_ed480fff4117,era5loc_ed480fff4117|2019,FRANCE,APA,2019,80,2019-06-03,15,False,2,0.29,29.0,13.889536572016853,thermal_logit_trend_BASF_frozen
2019|M1|bloc3|APA,2019,2019-06-25,M1,bloc3,APA,43.75,4,6,0,"1481,1482,1483,1484,1485,1486,1487,1488,1489,1490",3,2019|M1|bloc3|APA|F3,era5loc_ed480fff4117,era5loc_ed480fff4117|2019,FRANCE,APA,2019,80,2019-06-03,22,False,2,0.4375,43.75,33.510796837322424,thermal_logit_trend_BASF_frozen
2019|M2|bloc1|CEL,2019,2019-06-13,M2,bloc1,CEL,2.3,10,0,0,"1751,1752,1753,1754,1755,1756,1757,1758,1759,1760",1,2019|M2|bloc1|CEL|F1,era5loc_ed480fff4117,era5loc_ed480fff4117|2019,FRANCE,CEL,2019,81,2019-06-06,7,False,0,0.023,2.3,2.3469145613702813,thermal_logit_trend_BASF_frozen
2019|M2|bloc1|CEL,2019,2019-06-18,M2,bloc1,CEL,3.7,10,0,0,"2111,2112,2113,2114,2115,2116,2117,2118,2119,2120",1,2019|M2|bloc1|CEL|F1,era5loc_ed480fff4117,era5loc_ed480fff4117|2019,FRANCE,CEL,2019,81,2019-06-06,12,False,0,0.037000000000000005,3.7,4.563138144175182,thermal_logit_trend_BASF_frozen
2019|M2|bloc1|CEL,2019,2019-06-26,M2,bloc1,CEL,16.8,10,0,0,"1651,1652,1653,1654,1655,1656,1657,1658,1659,1660",1,2019|M2|bloc1|CEL|F1,era5loc_ed480fff4117,era5loc_ed480fff4117|2019,FRANCE,CEL,2019,81,2019-06-06,20,False,0,0.168,16.8,15.502384785038833,thermal_logit_trend_BASF_frozen
2019|M2|bloc1|CEL,2019,2019-06-13,M2,bloc1,CEL,4.6,10,0,0,"1751,1752,1753,1754,1755,1756,1757,1758,1759,1760",2,2019|M2|bloc1|CEL|F2,era5loc_ed480fff4117,era5loc_ed480fff4117|2019,FRANCE,CEL,2019,82,2019-06-06,7,False,1,0.046,4.6,3.394242074249791,thermal_logit_trend_BASF_frozen
2019|M2|bloc1|CEL,2019,2019-06-18,M2,bloc1,CEL,8.3,10,0,0,"2111,2112,2113,2114,2115,2116,2117,2118,2119,2120",2,2019|M2|bloc1|CEL|F2,era5loc_ed480fff4117,era5loc_ed480fff4117|2019,FRANCE,CEL,2019,82,2019-06-06,12,False,1,0.083,8.3,6.533303734254001,thermal_logit_trend_BASF_frozen
2019|M2|bloc1|CEL,2019,2019-06-26,M2,bloc1,CEL,17.5,8,2,0,"1651,1652,1653,1654,1655,1656,1657,1658,1659,1660",2,2019|M2|bloc1|CEL|F2,era5loc_ed480fff4117,era5loc_ed480fff4117|2019,FRANCE,CEL,2019,82,2019-06-06,20,False,1,0.175,17.5,21.148996900412534,thermal_logit_trend_BASF_frozen
2019|M2|bloc1|CEL,2019,2019-06-13,M2,bloc1,CEL,8.4,10,0,0,"1751,1752,1753,1754,1755,1756,1757,1758,1759,1760",3,2019|M2|bloc1|CEL|F3,era5loc_ed480fff4117,era5loc_ed480fff4117|2019,FRANCE,CEL,2019,83,2019-06-06,7,False,2,0.084,8.4,6.062249944226406,thermal_logit_trend_BASF_frozen
2019|M2|bloc1|CEL,2019,2019-06-18,M2,bloc1,CEL,11.1,10,0,0,"2111,2112,2113,2114,2115,2116,2117,2118,2119,2120",3,2019|M2|bloc1|CEL|F3,era5loc_ed480fff4117,era5loc_ed480fff4117|2019,FRANCE,CEL,2019,83,2019-06-06,12,False,2,0.111,11.1,11.378126727704165,thermal_logit_trend_BASF_frozen
2019|M2|bloc1|CEL,2019,2019-06-26,M2,bloc1,CEL,20.0,4,6,0,"1651,1652,1653,1654,1655,1656,1657,1658,1659,1660",3,2019|M2|bloc1|CEL|F3,era5loc_ed480fff4117,era5loc_ed480fff4117|2019,FRANCE,CEL,2019,83,2019-06-06,20,False,2,0.2,20.0,33.00495362409391,thermal_logit_trend_BASF_frozen
2019|M2|bloc2|CEL,2019,2019-06-13,M2,bloc2,CEL,1.3,10,0,0,"1771,1772,1773,1774,1775,1776,1777,1778,1779,1780",1,2019|M2|bloc2|CEL|F1,era5loc_ed480fff4117,era5loc_ed480fff4117|2019,FRANCE,CEL,2019,84,2019-06-06,7,False,0,0.013000000000000001,1.3,1.0741663874035599,thermal_logit_trend_BASF_frozen
2019|M2|bloc2|CEL,2019,2019-06-18,M2,bloc2,CEL,3.2,10,0,0,"2061,2062,2063,2064,2065,2066,2067,2068,2069,2070",1,2019|M2|bloc2|CEL|F1,era5loc_ed480fff4117,era5loc_ed480fff4117|2019,FRANCE,CEL,2019,84,2019-06-06,12,False,0,0.032,3.2,2.1145413223268092,thermal_logit_trend_BASF_frozen
2019|M2|bloc2|CEL,2019,2019-06-26,M2,bloc2,CEL,12.222222222222221,9,0,1,"1581,1582,1583,1584,1585,1586,1587,1588,1589,1590",1,2019|M2|bloc2|CEL|F1,era5loc_ed480fff4117,era5loc_ed480fff4117|2019,FRANCE,CEL,2019,84,2019-06-06,20,False,0,0.12222222222222222,12.222222222222221,7.654556967587936,thermal_logit_trend_BASF_frozen
2019|M2|bloc2|CEL,2019,2019-06-13,M2,bloc2,CEL,2.4,10,0,0,"1771,1772,1773,1774,1775,1776,1777,1778,1779,1780",2,2019|M2|bloc2|CEL|F2,era5loc_ed480fff4117,era5loc_ed480fff4117|2019,FRANCE,CEL,2019,85,2019-06-06,7,False,1,0.024,2.4,1.9246146807764164,thermal_logit_trend_BASF_frozen
2019|M2|bloc2|CEL,2019,2019-06-18,M2,bloc2,CEL,6.4,10,0,0,"2061,2062,2063,2064,2065,2066,2067,2068,2069,2070",2,2019|M2|bloc2|CEL|F2,era5loc_ed480fff4117,era5loc_ed480fff4117|2019,FRANCE,CEL,2019,85,2019-06-06,12,False,1,0.064,6.4,3.7573986980776777,thermal_logit_trend_BASF_frozen
2019|M2|bloc2|CEL,2019,2019-06-26,M2,bloc2,CEL,16.77777777777778,9,0,1,"1581,1582,1583,1584,1585,1586,1587,1588,1589,1590",2,2019|M2|bloc2|CEL|F2,era5loc_ed480fff4117,era5loc_ed480fff4117|2019,FRANCE,CEL,2019,85,2019-06-06,20,False,1,0.16777777777777778,16.77777777777778,13.028736510844006,thermal_logit_trend_BASF_frozen
2019|M2|bloc2|CEL,2019,2019-06-13,M2,bloc2,CEL,6.4,10,0,0,"1771,1772,1773,1774,1775,1776,1777,1778,1779,1780",3,2019|M2|bloc2|CEL|F3,era5loc_ed480fff4117,era5loc_ed480fff4117|2019,FRANCE,CEL,2019,86,2019-06-06,7,False,2,0.064,6.4,4.452578453489667,thermal_logit_trend_BASF_frozen
2019|M2|bloc2|CEL,2019,2019-06-18,M2,bloc2,CEL,11.2,10,0,0,"2061,2062,2063,2064,2065,2066,2067,2068,2069,2070",3,2019|M2|bloc2|CEL|F3,era5loc_ed480fff4117,era5loc_ed480fff4117|2019,FRANCE,CEL,2019,86,2019-06-06,12,False,2,0.11199999999999999,11.2,8.484449369826049,thermal_logit_trend_BASF_frozen
2019|M2|bloc2|CEL,2019,2019-06-26,M2,bloc2,CEL,23.0,5,5,0,"1581,1582,1583,1584,1585,1586,1587,1588,1589,1590",3,2019|M2|bloc2|CEL|F3,era5loc_ed480fff4117,era5loc_ed480fff4117|2019,FRANCE,CEL,2019,86,2019-06-06,20,False,2,0.23,23.0,26.239662935973136,thermal_logit_trend_BASF_frozen
2019|M2|bloc3|CEL,2019,2019-06-12,M2,bloc3,CEL,1.8,10,0,0,"1911,1912,1913,1914,1915,1916,1917,1918,1919,1920",1,2019|M2|bloc3|CEL|F1,era5loc_ed480fff4117,era5loc_ed480fff4117|2019,FRANCE,CEL,2019,87,2019-06-03,9,False,0,0.018000000000000002,1.8,4.722680747414658,thermal_logit_trend_BASF_frozen
2019|M2|bloc3|CEL,2019,2019-06-18,M2,bloc3,CEL,3.1,10,0,0,"1931,1932,1933,1934,1935,1936,1937,1938,1939,1940",1,2019|M2|bloc3|CEL|F1,era5loc_ed480fff4117,era5loc_ed480fff4117|2019,FRANCE,CEL,2019,87,2019-06-03,15,False,0,0.031,3.1,9.837354022974994,thermal_logit_trend_BASF_frozen
2019|M2|bloc3|CEL,2019,2019-06-25,M2,bloc3,CEL,18.0,10,0,0,"1491,1492,1493,1494,1495,1496,1497,1498,1499,1500",1,2019|M2|bloc3|CEL|F1,era5loc_ed480fff4117,era5loc_ed480fff4117|2019,FRANCE,CEL,2019,87,2019-06-03,22,False,0,0.18,18.0,25.42437789270892,thermal_logit_trend_BASF_frozen
2019|M2|bloc3|CEL,2019,2019-06-12,M2,bloc3,CEL,6.5,10,0,0,"1911,1912,1913,1914,1915,1916,1917,1918,1919,1920",2,2019|M2|bloc3|CEL|F2,era5loc_ed480fff4117,era5loc_ed480fff4117|2019,FRANCE,CEL,2019,88,2019-06-03,9,False,1,0.065,6.5,4.416986804164194,thermal_logit_trend_BASF_frozen
2019|M2|bloc3|CEL,2019,2019-06-18,M2,bloc3,CEL,11.7,10,0,0,"1931,1932,1933,1934,1935,1936,1937,1938,1939,1940",2,2019|M2|bloc3|CEL|F2,era5loc_ed480fff4117,era5loc_ed480fff4117|2019,FRANCE,CEL,2019,88,2019-06-03,15,False,1,0.11699999999999999,11.7,9.232674350651315,thermal_logit_trend_BASF_frozen
2019|M2|bloc3|CEL,2019,2019-06-25,M2,bloc3,CEL,24.0,10,0,0,"1491,1492,1493,1494,1495,1496,1497,1498,1499,1500",2,2019|M2|bloc3|CEL|F2,era5loc_ed480fff4117,era5loc_ed480fff4117|2019,FRANCE,CEL,2019,88,2019-06-03,22,False,1,0.24,24.0,24.117884268104426,thermal_logit_trend_BASF_frozen
2019|M2|bloc3|CEL,2019,2019-06-12,M2,bloc3,CEL,6.4,10,0,0,"1911,1912,1913,1914,1915,1916,1917,1918,1919,1920",3,2019|M2|bloc3|CEL|F3,era5loc_ed480fff4117,era5loc_ed480fff4117|2019,FRANCE,CEL,2019,89,2019-06-03,9,False,2,0.064,6.4,5.632209214190574,thermal_logit_trend_BASF_frozen
2019|M2|bloc3|CEL,2019,2019-06-18,M2,bloc3,CEL,11.222222222222221,9,1,0,"1931,1932,1933,1934,1935,1936,1937,1938,1939,1940",3,2019|M2|bloc3|CEL|F3,era5loc_ed480fff4117,era5loc_ed480fff4117|2019,FRANCE,CEL,2019,89,2019-06-03,15,False,2,0.11222222222222221,11.222222222222221,11.611854990110379,thermal_logit_trend_BASF_frozen
2019|M2|bloc3|CEL,2019,2019-06-25,M2,bloc3,CEL,18.333333333333332,6,4,0,"1491,1492,1493,1494,1495,1496,1497,1498,1499,1500",3,2019|M2|bloc3|CEL|F3,era5loc_ed480fff4117,era5loc_ed480fff4117|2019,FRANCE,CEL,2019,89,2019-06-03,22,False,2,0.18333333333333332,18.333333333333332,29.10297533466832,thermal_logit_trend_BASF_frozen
2019|M3|bloc1|APA,2019,2019-06-13,M3,bloc1,APA,0.8,10,0,0,"1681,1682,1683,1684,1685,1686,1687,1688,1689,1690",1,2019|M3|bloc1|APA|F1,era5loc_ed480fff4117,era5loc_ed480fff4117|2019,FRANCE,APA,2019,90,2019-06-06,7,False,0,0.008,0.8,1.0741663874035599,thermal_logit_trend_BASF_frozen
2019|M3|bloc1|APA,2019,2019-06-18,M3,bloc1,APA,1.1,10,0,0,"2081,2082,2083,2084,2085,2086,2087,2088,2089,2090",1,2019|M3|bloc1|APA|F1,era5loc_ed480fff4117,era5loc_ed480fff4117|2019,FRANCE,APA,2019,90,2019-06-06,12,False,0,0.011000000000000001,1.1,2.1145413223268092,thermal_logit_trend_BASF_frozen
2019|M3|bloc1|APA,2019,2019-06-26,M3,bloc1,APA,1.4,10,0,0,"1631,1632,1633,1634,1635,1636,1637,1638,1639,1640",1,2019|M3|bloc1|APA|F1,era5loc_ed480fff4117,era5loc_ed480fff4117|2019,FRANCE,APA,2019,90,2019-06-06,20,False,0,0.013999999999999999,1.4,7.654556967587936,thermal_logit_trend_BASF_frozen
2019|M3|bloc1|APA,2019,2019-06-13,M3,bloc1,APA,4.0,10,0,0,"1681,1682,1683,1684,1685,1686,1687,1688,1689,1690",2,2019|M3|bloc1|APA|F2,era5loc_ed480fff4117,era5loc_ed480fff4117|2019,FRANCE,APA,2019,91,2019-06-06,7,False,1,0.04,4.0,3.394242074249791,thermal_logit_trend_BASF_frozen
2019|M3|bloc1|APA,2019,2019-06-18,M3,bloc1,APA,5.0,10,0,0,"2081,2082,2083,2084,2085,2086,2087,2088,2089,2090",2,2019|M3|bloc1|APA|F2,era5loc_ed480fff4117,era5loc_ed480fff4117|2019,FRANCE,APA,2019,91,2019-06-06,12,False,1,0.05,5.0,6.533303734254001,thermal_logit_trend_BASF_frozen
2019|M3|bloc1|APA,2019,2019-06-26,M3,bloc1,APA,8.8,10,0,0,"1631,1632,1633,1634,1635,1636,1637,1638,1639,1640",2,2019|M3|bloc1|APA|F2,era5loc_ed480fff4117,era5loc_ed480fff4117|2019,FRANCE,APA,2019,91,2019-06-06,20,False,1,0.08800000000000001,8.8,21.148996900412534,thermal_logit_trend_BASF_frozen
2019|M3|bloc1|APA,2019,2019-06-13,M3,bloc1,APA,6.8,10,0,0,"1681,1682,1683,1684,1685,1686,1687,1688,1689,1690",3,2019|M3|bloc1|APA|F3,era5loc_ed480fff4117,era5loc_ed480fff4117|2019,FRANCE,APA,2019,92,2019-06-06,7,False,2,0.068,6.8,6.465813955564895,thermal_logit_trend_BASF_frozen
2019|M3|bloc1|APA,2019,2019-06-18,M3,bloc1,APA,11.0,10,0,0,"2081,2082,2083,2084,2085,2086,2087,2088,2089,2090",3,2019|M3|bloc1|APA|F3,era5loc_ed480fff4117,era5loc_ed480fff4117|2019,FRANCE,APA,2019,92,2019-06-06,12,False,2,0.11,11.0,12.090023707092918,thermal_logit_trend_BASF_frozen
2019|M3|bloc1|APA,2019,2019-06-26,M3,bloc1,APA,17.5,6,4,0,"1631,1632,1633,1634,1635,1636,1637,1638,1639,1640",3,2019|M3|bloc1|APA|F3,era5loc_ed480fff4117,era5loc_ed480fff4117|2019,FRANCE,APA,2019,92,2019-06-06,20,False,2,0.175,17.5,34.54256412577075,thermal_logit_trend_BASF_frozen
2019|M3|bloc1|CEL,2019,2019-06-13,M3,bloc1,CEL,0.3,10,0,0,"1691,1692,1693,1694,1695,1696,1697,1698,1699,1700",1,2019|M3|bloc1|CEL|F1,era5loc_ed480fff4117,era5loc_ed480fff4117|2019,FRANCE,CEL,2019,93,2019-06-06,7,False,0,0.003,0.3,1.0741663874035599,thermal_logit_trend_BASF_frozen
2019|M3|bloc1|CEL,2019,2019-06-18,M3,bloc1,CEL,0.2,10,0,0,"2091,2092,2093,2094,2095,2096,2097,2098,2099,2100",1,2019|M3|bloc1|CEL|F1,era5loc_ed480fff4117,era5loc_ed480fff4117|2019,FRANCE,CEL,2019,93,2019-06-06,12,False,0,0.002,0.2,2.1145413223268092,thermal_logit_trend_BASF_frozen
2019|M3|bloc1|CEL,2019,2019-06-26,M3,bloc1,CEL,4.6,10,0,0,"1641,1642,1643,1644,1645,1646,1647,1648,1649,1650",1,2019|M3|bloc1|CEL|F1,era5loc_ed480fff4117,era5loc_ed480fff4117|2019,FRANCE,CEL,2019,93,2019-06-06,20,False,0,0.046,4.6,7.654556967587936,thermal_logit_trend_BASF_frozen
2019|M3|bloc1|CEL,2019,2019-06-13,M3,bloc1,CEL,1.5,10,0,0,"1691,1692,1693,1694,1695,1696,1697,1698,1699,1700",2,2019|M3|bloc1|CEL|F2,era5loc_ed480fff4117,era5loc_ed480fff4117|2019,FRANCE,CEL,2019,94,2019-06-06,7,False,1,0.015,1.5,1.0741663874035599,thermal_logit_trend_BASF_frozen
2019|M3|bloc1|CEL,2019,2019-06-18,M3,bloc1,CEL,2.2,10,0,0,"2091,2092,2093,2094,2095,2096,2097,2098,2099,2100",2,2019|M3|bloc1|CEL|F2,era5loc_ed480fff4117,era5loc_ed480fff4117|2019,FRANCE,CEL,2019,94,2019-06-06,12,False,1,0.022000000000000002,2.2,2.1145413223268092,thermal_logit_trend_BASF_frozen
2019|M3|bloc1|CEL,2019,2019-06-26,M3,bloc1,CEL,4.5,10,0,0,"1641,1642,1643,1644,1645,1646,1647,1648,1649,1650",2,2019|M3|bloc1|CEL|F2,era5loc_ed480fff4117,era5loc_ed480fff4117|2019,FRANCE,CEL,2019,94,2019-06-06,20,False,1,0.045,4.5,7.654556967587936,thermal_logit_trend_BASF_frozen
2019|M3|bloc1|CEL,2019,2019-06-13,M3,bloc1,CEL,2.0,10,0,0,"1691,1692,1693,1694,1695,1696,1697,1698,1699,1700",3,2019|M3|bloc1|CEL|F3,era5loc_ed480fff4117,era5loc_ed480fff4117|2019,FRANCE,CEL,2019,95,2019-06-06,7,False,2,0.02,2.0,2.3469145613702813,thermal_logit_trend_BASF_frozen
2019|M3|bloc1|CEL,2019,2019-06-18,M3,bloc1,CEL,3.5,10,0,0,"2091,2092,2093,2094,2095,2096,2097,2098,2099,2100",3,2019|M3|bloc1|CEL|F3,era5loc_ed480fff4117,era5loc_ed480fff4117|2019,FRANCE,CEL,2019,95,2019-06-06,12,False,2,0.035,3.5,4.563138144175182,thermal_logit_trend_BASF_frozen
2019|M3|bloc1|CEL,2019,2019-06-26,M3,bloc1,CEL,7.222222222222222,9,1,0,"1641,1642,1643,1644,1645,1646,1647,1648,1649,1650",3,2019|M3|bloc1|CEL|F3,era5loc_ed480fff4117,era5loc_ed480fff4117|2019,FRANCE,CEL,2019,95,2019-06-06,20,False,2,0.07222222222222223,7.222222222222222,15.502384785038833,thermal_logit_trend_BASF_frozen
2019|M3|bloc2|APA,2019,2019-06-13,M3,bloc2,APA,0.6,10,0,0,"1801,1802,1803,1804,1805,1806,1807,1808,1809,1810",1,2019|M3|bloc2|APA|F1,era5loc_ed480fff4117,era5loc_ed480fff4117|2019,FRANCE,APA,2019,96,2019-06-06,7,False,0,0.006,0.6,1.0741663874035599,thermal_logit_trend_BASF_frozen
2019|M3|bloc2|APA,2019,2019-06-18,M3,bloc2,APA,1.4,10,0,0,"2001,2002,2003,2004,2005,2006,2007,2008,2009,2010",1,2019|M3|bloc2|APA|F1,era5loc_ed480fff4117,era5loc_ed480fff4117|2019,FRANCE,APA,2019,96,2019-06-06,12,False,0,0.013999999999999999,1.4,2.1145413223268092,thermal_logit_trend_BASF_frozen
2019|M3|bloc2|APA,2019,2019-06-26,M3,bloc2,APA,4.0,10,0,0,"1541,1542,1543,1544,1545,1546,1547,1548,1549,1550",1,2019|M3|bloc2|APA|F1,era5loc_ed480fff4117,era5loc_ed480fff4117|2019,FRANCE,APA,2019,96,2019-06-06,20,False,0,0.04,4.0,7.654556967587936,thermal_logit_trend_BASF_frozen
2019|M3|bloc2|APA,2019,2019-06-13,M3,bloc2,APA,2.6,10,0,0,"1801,1802,1803,1804,1805,1806,1807,1808,1809,1810",2,2019|M3|bloc2|APA|F2,era5loc_ed480fff4117,era5loc_ed480fff4117|2019,FRANCE,APA,2019,97,2019-06-06,7,False,1,0.026000000000000002,2.6,1.0741663874035599,thermal_logit_trend_BASF_frozen
2019|M3|bloc2|APA,2019,2019-06-18,M3,bloc2,APA,4.0,10,0,0,"2001,2002,2003,2004,2005,2006,2007,2008,2009,2010",2,2019|M3|bloc2|APA|F2,era5loc_ed480fff4117,era5loc_ed480fff4117|2019,FRANCE,APA,2019,97,2019-06-06,12,False,1,0.04,4.0,2.1145413223268092,thermal_logit_trend_BASF_frozen
2019|M3|bloc2|APA,2019,2019-06-26,M3,bloc2,APA,9.3,10,0,0,"1541,1542,1543,1544,1545,1546,1547,1548,1549,1550",2,2019|M3|bloc2|APA|F2,era5loc_ed480fff4117,era5loc_ed480fff4117|2019,FRANCE,APA,2019,97,2019-06-06,20,False,1,0.09300000000000001,9.3,7.654556967587936,thermal_logit_trend_BASF_frozen
2019|M3|bloc2|APA,2019,2019-06-13,M3,bloc2,APA,4.6,10,0,0,"1801,1802,1803,1804,1805,1806,1807,1808,1809,1810",3,2019|M3|bloc2|APA|F3,era5loc_ed480fff4117,era5loc_ed480fff4117|2019,FRANCE,APA,2019,98,2019-06-06,7,False,2,0.046,4.6,3.532984617634588,thermal_logit_trend_BASF_frozen
2019|M3|bloc2|APA,2019,2019-06-18,M3,bloc2,APA,6.5,10,0,0,"2001,2002,2003,2004,2005,2006,2007,2008,2009,2010",3,2019|M3|bloc2|APA|F3,era5loc_ed480fff4117,era5loc_ed480fff4117|2019,FRANCE,APA,2019,98,2019-06-06,12,False,2,0.065,6.5,6.79133784464569,thermal_logit_trend_BASF_frozen
2019|M3|bloc2|APA,2019,2019-06-26,M3,bloc2,APA,11.142857142857142,7,3,0,"1541,1542,1543,1544,1545,1546,1547,1548,1549,1550",3,2019|M3|bloc2|APA|F3,era5loc_ed480fff4117,era5loc_ed480fff4117|2019,FRANCE,APA,2019,98,2019-06-06,20,False,2,0.11142857142857142,11.142857142857142,21.849339307510256,thermal_logit_trend_BASF_frozen
2019|M3|bloc2|CEL,2019,2019-06-13,M3,bloc2,CEL,0.6,10,0,0,"1811,1812,1813,1814,1815,1816,1817,1818,1819,1820",1,2019|M3|bloc2|CEL|F1,era5loc_ed480fff4117,era5loc_ed480fff4117|2019,FRANCE,CEL,2019,99,2019-06-06,7,False,0,0.006,0.6,1.0741663874035599,thermal_logit_trend_BASF_frozen
2019|M3|bloc2|CEL,2019,2019-06-18,M3,bloc2,CEL,1.0,10,0,0,"2011,2012,2013,2014,2015,2016,2017,2018,2019,2020",1,2019|M3|bloc2|CEL|F1,era5loc_ed480fff4117,era5loc_ed480fff4117|2019,FRANCE,CEL,2019,99,2019-06-06,12,False,0,0.01,1.0,2.1145413223268092,thermal_logit_trend_BASF_frozen
2019|M3|bloc2|CEL,2019,2019-06-26,M3,bloc2,CEL,5.3,10,0,0,"1551,1552,1553,1554,1555,1556,1557,1558,1559,1560",1,2019|M3|bloc2|CEL|F1,era5loc_ed480fff4117,era5loc_ed480fff4117|2019,FRANCE,CEL,2019,99,2019-06-06,20,False,0,0.053,5.3,7.654556967587936,thermal_logit_trend_BASF_frozen
2019|M3|bloc2|CEL,2019,2019-06-13,M3,bloc2,CEL,1.4,10,0,0,"1811,1812,1813,1814,1815,1816,1817,1818,1819,1820",2,2019|M3|bloc2|CEL|F2,era5loc_ed480fff4117,era5loc_ed480fff4117|2019,FRANCE,CEL,2019,100,2019-06-06,7,False,1,0.013999999999999999,1.4,1.0741663874035599,thermal_logit_trend_BASF_frozen
2019|M3|bloc2|CEL,2019,2019-06-18,M3,bloc2,CEL,2.9,10,0,0,"2011,2012,2013,2014,2015,2016,2017,2018,2019,2020",2,2019|M3|bloc2|CEL|F2,era5loc_ed480fff4117,era5loc_ed480fff4117|2019,FRANCE,CEL,2019,100,2019-06-06,12,False,1,0.028999999999999998,2.9,2.1145413223268092,thermal_logit_trend_BASF_frozen
2019|M3|bloc2|CEL,2019,2019-06-26,M3,bloc2,CEL,7.0,10,0,0,"1551,1552,1553,1554,1555,1556,1557,1558,1559,1560",2,2019|M3|bloc2|CEL|F2,era5loc_ed480fff4117,era5loc_ed480fff4117|2019,FRANCE,CEL,2019,100,2019-06-06,20,False,1,0.07,7.0,7.654556967587936,thermal_logit_trend_BASF_frozen
2019|M3|bloc2|CEL,2019,2019-06-13,M3,bloc2,CEL,0.7,10,0,0,"1811,1812,1813,1814,1815,1816,1817,1818,1819,1820",3,2019|M3|bloc2|CEL|F3,era5loc_ed480fff4117,era5loc_ed480fff4117|2019,FRANCE,CEL,2019,101,2019-06-06,7,False,2,0.006999999999999999,0.7,1.0741663874035599,thermal_logit_trend_BASF_frozen
2019|M3|bloc2|CEL,2019,2019-06-18,M3,bloc2,CEL,2.3,10,0,0,"2011,2012,2013,2014,2015,2016,2017,2018,2019,2020",3,2019|M3|bloc2|CEL|F3,era5loc_ed480fff4117,era5loc_ed480fff4117|2019,FRANCE,CEL,2019,101,2019-06-06,12,False,2,0.023,2.3,2.1145413223268092,thermal_logit_trend_BASF_frozen
2019|M3|bloc2|CEL,2019,2019-06-26,M3,bloc2,CEL,6.625,8,2,0,"1551,1552,1553,1554,1555,1556,1557,1558,1559,1560",3,2019|M3|bloc2|CEL|F3,era5loc_ed480fff4117,era5loc_ed480fff4117|2019,FRANCE,CEL,2019,101,2019-06-06,20,False,2,0.06625,6.625,7.654556967587936,thermal_logit_trend_BASF_frozen
2019|M3|bloc3|APA,2019,2019-06-12,M3,bloc3,APA,1.3,10,0,0,"1881,1882,1883,1884,1885,1886,1887,1888,1889,1890",1,2019|M3|bloc3|APA|F1,era5loc_ed480fff4117,era5loc_ed480fff4117|2019,FRANCE,APA,2019,102,2019-06-03,9,False,0,0.013000000000000001,1.3,1.4483117784457924,thermal_logit_trend_BASF_frozen
2019|M3|bloc3|APA,2019,2019-06-18,M3,bloc3,APA,2.0,10,0,0,"1941,1942,1943,1944,1945,1946,1947,1948,1949,1950",1,2019|M3|bloc3|APA|F1,era5loc_ed480fff4117,era5loc_ed480fff4117|2019,FRANCE,APA,2019,102,2019-06-03,15,False,0,0.02,2.0,3.133461537713214,thermal_logit_trend_BASF_frozen
2019|M3|bloc3|APA,2019,2019-06-25,M3,bloc3,APA,5.5,10,0,0,"1501,1502,1503,1504,1505,1506,1507,1508,1509,1510",1,2019|M3|bloc3|APA|F1,era5loc_ed480fff4117,era5loc_ed480fff4117|2019,FRANCE,APA,2019,102,2019-06-03,22,False,0,0.055,5.5,9.179831097543083,thermal_logit_trend_BASF_frozen
2019|M3|bloc3|APA,2019,2019-06-12,M3,bloc3,APA,3.7,10,0,0,"1881,1882,1883,1884,1885,1886,1887,1888,1889,1890",2,2019|M3|bloc3|APA|F2,era5loc_ed480fff4117,era5loc_ed480fff4117|2019,FRANCE,APA,2019,103,2019-06-03,9,False,1,0.037000000000000005,3.7,3.150256660365841,thermal_logit_trend_BASF_frozen
2019|M3|bloc3|APA,2019,2019-06-18,M3,bloc3,APA,5.6,10,0,0,"1941,1942,1943,1944,1945,1946,1947,1948,1949,1950",2,2019|M3|bloc3|APA|F2,era5loc_ed480fff4117,era5loc_ed480fff4117|2019,FRANCE,APA,2019,103,2019-06-03,15,False,1,0.055999999999999994,5.6,6.681411481608839,thermal_logit_trend_BASF_frozen
2019|M3|bloc3|APA,2019,2019-06-25,M3,bloc3,APA,13.0,10,0,0,"1501,1502,1503,1504,1505,1506,1507,1508,1509,1510",2,2019|M3|bloc3|APA|F2,era5loc_ed480fff4117,era5loc_ed480fff4117|2019,FRANCE,APA,2019,103,2019-06-03,22,False,1,0.13,13.0,18.281858261518916,thermal_logit_trend_BASF_frozen
2019|M3|bloc3|APA,2019,2019-06-12,M3,bloc3,APA,8.5,10,0,0,"1881,1882,1883,1884,1885,1886,1887,1888,1889,1890",3,2019|M3|bloc3|APA|F3,era5loc_ed480fff4117,era5loc_ed480fff4117|2019,FRANCE,APA,2019,104,2019-06-03,9,False,2,0.085,8.5,5.360532721002572,thermal_logit_trend_BASF_frozen
2019|M3|bloc3|APA,2019,2019-06-18,M3,bloc3,APA,10.8,10,0,0,"1941,1942,1943,1944,1945,1946,1947,1948,1949,1950",3,2019|M3|bloc3|APA|F3,era5loc_ed480fff4117,era5loc_ed480fff4117|2019,FRANCE,APA,2019,104,2019-06-03,15,False,2,0.10800000000000001,10.8,11.085626236451457,thermal_logit_trend_BASF_frozen
2019|M3|bloc3|APA,2019,2019-06-25,M3,bloc3,APA,20.0,3,7,0,"1501,1502,1503,1504,1505,1506,1507,1508,1509,1510",3,2019|M3|bloc3|APA|F3,era5loc_ed480fff4117,era5loc_ed480fff4117|2019,FRANCE,APA,2019,104,2019-06-03,22,False,2,0.2,20.0,28.035502865205654,thermal_logit_trend_BASF_frozen
2019|M3|bloc3|CEL,2019,2019-06-12,M3,bloc3,CEL,0.3,10,0,0,"1891,1892,1893,1894,1895,1896,1897,1898,1899,1900",1,2019|M3|bloc3|CEL|F1,era5loc_ed480fff4117,era5loc_ed480fff4117|2019,FRANCE,CEL,2019,105,2019-06-03,9,False,0,0.003,0.3,1.4483117784457924,thermal_logit_trend_BASF_frozen
2019|M3|bloc3|CEL,2019,2019-06-18,M3,bloc3,CEL,0.4,10,0,0,"1951,1952,1953,1954,1955,1956,1957,1958,1959,1960",1,2019|M3|bloc3|CEL|F1,era5loc_ed480fff4117,era5loc_ed480fff4117|2019,FRANCE,CEL,2019,105,2019-06-03,15,False,0,0.004,0.4,3.133461537713214,thermal_logit_trend_BASF_frozen
2019|M3|bloc3|CEL,2019,2019-06-25,M3,bloc3,CEL,3.7,10,0,0,"1511,1512,1513,1514,1515,1516,1517,1518,1519,1520",1,2019|M3|bloc3|CEL|F1,era5loc_ed480fff4117,era5loc_ed480fff4117|2019,FRANCE,CEL,2019,105,2019-06-03,22,False,0,0.037000000000000005,3.7,9.179831097543083,thermal_logit_trend_BASF_frozen
2019|M3|bloc3|CEL,2019,2019-06-12,M3,bloc3,CEL,0.6,10,0,0,"1891,1892,1893,1894,1895,1896,1897,1898,1899,1900",2,2019|M3|bloc3|CEL|F2,era5loc_ed480fff4117,era5loc_ed480fff4117|2019,FRANCE,CEL,2019,106,2019-06-03,9,False,1,0.006,0.6,1.4483117784457924,thermal_logit_trend_BASF_frozen
2019|M3|bloc3|CEL,2019,2019-06-18,M3,bloc3,CEL,2.4,10,0,0,"1951,1952,1953,1954,1955,1956,1957,1958,1959,1960",2,2019|M3|bloc3|CEL|F2,era5loc_ed480fff4117,era5loc_ed480fff4117|2019,FRANCE,CEL,2019,106,2019-06-03,15,False,1,0.024,2.4,3.133461537713214,thermal_logit_trend_BASF_frozen
2019|M3|bloc3|CEL,2019,2019-06-25,M3,bloc3,CEL,6.1,10,0,0,"1511,1512,1513,1514,1515,1516,1517,1518,1519,1520",2,2019|M3|bloc3|CEL|F2,era5loc_ed480fff4117,era5loc_ed480fff4117|2019,FRANCE,CEL,2019,106,2019-06-03,22,False,1,0.061,6.1,9.179831097543083,thermal_logit_trend_BASF_frozen
2019|M3|bloc3|CEL,2019,2019-06-12,M3,bloc3,CEL,1.6,10,0,0,"1891,1892,1893,1894,1895,1896,1897,1898,1899,1900",3,2019|M3|bloc3|CEL|F3,era5loc_ed480fff4117,era5loc_ed480fff4117|2019,FRANCE,CEL,2019,107,2019-06-03,9,False,2,0.016,1.6,1.4483117784457924,thermal_logit_trend_BASF_frozen
2019|M3|bloc3|CEL,2019,2019-06-18,M3,bloc3,CEL,5.2,10,0,0,"1951,1952,1953,1954,1955,1956,1957,1958,1959,1960",3,2019|M3|bloc3|CEL|F3,era5loc_ed480fff4117,era5loc_ed480fff4117|2019,FRANCE,CEL,2019,107,2019-06-03,15,False,2,0.052000000000000005,5.2,3.133461537713214,thermal_logit_trend_BASF_frozen
2019|M3|bloc3|CEL,2019,2019-06-25,M3,bloc3,CEL,8.5,10,0,0,"1511,1512,1513,1514,1515,1516,1517,1518,1519,1520",3,2019|M3|bloc3|CEL|F3,era5loc_ed480fff4117,era5loc_ed480fff4117|2019,FRANCE,CEL,2019,107,2019-06-03,22,False,2,0.085,8.5,9.179831097543083,thermal_logit_trend_BASF_frozen
2019|M4|bloc1|APA,2019,2019-06-13,M4,bloc1,APA,1.7,10,0,0,"1721,1722,1723,1724,1725,1726,1727,1728,1729,1730",1,2019|M4|bloc1|APA|F1,era5loc_ed480fff4117,era5loc_ed480fff4117|2019,FRANCE,APA,2019,108,2019-06-06,7,False,0,0.017,1.7,1.5003697789649522,thermal_logit_trend_BASF_frozen
2019|M4|bloc1|APA,2019,2019-06-18,M4,bloc1,APA,1.8,10,0,0,"2141,2142,2143,2144,2145,2146,2147,2148,2149,2150",1,2019|M4|bloc1|APA|F1,era5loc_ed480fff4117,era5loc_ed480fff4117|2019,FRANCE,APA,2019,108,2019-06-06,12,False,0,0.018000000000000002,1.8,2.9412672082515945,thermal_logit_trend_BASF_frozen
2019|M4|bloc1|APA,2019,2019-06-26,M4,bloc1,APA,11.0,10,0,0,"1661,1662,1663,1664,1665,1666,1667,1668,1669,1670",1,2019|M4|bloc1|APA|F1,era5loc_ed480fff4117,era5loc_ed480fff4117|2019,FRANCE,APA,2019,108,2019-06-06,20,False,0,0.11,11.0,10.416772157363837,thermal_logit_trend_BASF_frozen
2019|M4|bloc1|APA,2019,2019-06-13,M4,bloc1,APA,2.2,10,0,0,"1721,1722,1723,1724,1725,1726,1727,1728,1729,1730",2,2019|M4|bloc1|APA|F2,era5loc_ed480fff4117,era5loc_ed480fff4117|2019,FRANCE,APA,2019,109,2019-06-06,7,False,1,0.022000000000000002,2.2,1.2875137410381927,thermal_logit_trend_BASF_frozen
2019|M4|bloc1|APA,2019,2019-06-18,M4,bloc1,APA,3.3,10,0,0,"2141,2142,2143,2144,2145,2146,2147,2148,2149,2150",2,2019|M4|bloc1|APA|F2,era5loc_ed480fff4117,era5loc_ed480fff4117|2019,FRANCE,APA,2019,109,2019-06-06,12,False,1,0.033,3.3,2.5292414163783357,thermal_logit_trend_BASF_frozen
2019|M4|bloc1|APA,2019,2019-06-26,M4,bloc1,APA,7.0,10,0,0,"1661,1662,1663,1664,1665,1666,1667,1668,1669,1670",2,2019|M4|bloc1|APA|F2,era5loc_ed480fff4117,era5loc_ed480fff4117|2019,FRANCE,APA,2019,109,2019-06-06,20,False,1,0.07,7.0,9.05524471454143,thermal_logit_trend_BASF_frozen
2019|M4|bloc1|APA,2019,2019-06-13,M4,bloc1,APA,3.5,10,0,0,"1721,1722,1723,1724,1725,1726,1727,1728,1729,1730",3,2019|M4|bloc1|APA|F3,era5loc_ed480fff4117,era5loc_ed480fff4117|2019,FRANCE,APA,2019,110,2019-06-06,7,False,2,0.035,3.5,3.1857325183653766,thermal_logit_trend_BASF_frozen
2019|M4|bloc1|APA,2019,2019-06-18,M4,bloc1,APA,7.3,10,0,0,"2141,2142,2143,2144,2145,2146,2147,2148,2149,2150",3,2019|M4|bloc1|APA|F3,era5loc_ed480fff4117,era5loc_ed480fff4117|2019,FRANCE,APA,2019,110,2019-06-06,12,False,2,0.073,7.3,6.144224872501596,thermal_logit_trend_BASF_frozen
2019|M4|bloc1|APA,2019,2019-06-26,M4,bloc1,APA,13.0,6,4,0,"1661,1662,1663,1664,1665,1666,1667,1668,1669,1670",3,2019|M4|bloc1|APA|F3,era5loc_ed480fff4117,era5loc_ed480fff4117|2019,FRANCE,APA,2019,110,2019-06-06,20,False,2,0.13,13.0,20.076469940065074,thermal_logit_trend_BASF_frozen
2019|M4|bloc1|CEL,2019,2019-06-13,M4,bloc1,CEL,0.0,10,0,0,"1731,1732,1733,1734,1735,1736,1737,1738,1739,1740",1,2019|M4|bloc1|CEL|F1,era5loc_ed480fff4117,era5loc_ed480fff4117|2019,FRANCE,CEL,2019,111,2019-06-06,7,False,0,0.0,0.0,1.0741663874035599,thermal_logit_trend_BASF_frozen
2019|M4|bloc1|CEL,2019,2019-06-18,M4,bloc1,CEL,0.1,10,0,0,"2151,2152,2153,2154,2155,2156,2157,2158,2159,2160",1,2019|M4|bloc1|CEL|F1,era5loc_ed480fff4117,era5loc_ed480fff4117|2019,FRANCE,CEL,2019,111,2019-06-06,12,False,0,0.001,0.1,2.1145413223268092,thermal_logit_trend_BASF_frozen
2019|M4|bloc1|CEL,2019,2019-06-26,M4,bloc1,CEL,3.8,10,0,0,"1671,1672,1673,1674,1675,1676,1677,1678,1679,1680",1,2019|M4|bloc1|CEL|F1,era5loc_ed480fff4117,era5loc_ed480fff4117|2019,FRANCE,CEL,2019,111,2019-06-06,20,False,0,0.038,3.8,7.654556967587936,thermal_logit_trend_BASF_frozen
2019|M4|bloc1|CEL,2019,2019-06-13,M4,bloc1,CEL,0.0,10,0,0,"1731,1732,1733,1734,1735,1736,1737,1738,1739,1740",2,2019|M4|bloc1|CEL|F2,era5loc_ed480fff4117,era5loc_ed480fff4117|2019,FRANCE,CEL,2019,112,2019-06-06,7,False,1,0.0,0.0,1.0741663874035599,thermal_logit_trend_BASF_frozen
2019|M4|bloc1|CEL,2019,2019-06-18,M4,bloc1,CEL,0.4,10,0,0,"2151,2152,2153,2154,2155,2156,2157,2158,2159,2160",2,2019|M4|bloc1|CEL|F2,era5loc_ed480fff4117,era5loc_ed480fff4117|2019,FRANCE,CEL,2019,112,2019-06-06,12,False,1,0.004,0.4,2.1145413223268092,thermal_logit_trend_BASF_frozen
2019|M4|bloc1|CEL,2019,2019-06-26,M4,bloc1,CEL,2.9,10,0,0,"1671,1672,1673,1674,1675,1676,1677,1678,1679,1680",2,2019|M4|bloc1|CEL|F2,era5loc_ed480fff4117,era5loc_ed480fff4117|2019,FRANCE,CEL,2019,112,2019-06-06,20,False,1,0.028999999999999998,2.9,7.654556967587936,thermal_logit_trend_BASF_frozen
2019|M4|bloc1|CEL,2019,2019-06-13,M4,bloc1,CEL,3.0,10,0,0,"1731,1732,1733,1734,1735,1736,1737,1738,1739,1740",3,2019|M4|bloc1|CEL|F3,era5loc_ed480fff4117,era5loc_ed480fff4117|2019,FRANCE,CEL,2019,113,2019-06-06,7,False,2,0.03,3.0,1.192753452290092,thermal_logit_trend_BASF_frozen
2019|M4|bloc1|CEL,2019,2019-06-18,M4,bloc1,CEL,5.7,10,0,0,"2151,2152,2153,2154,2155,2156,2157,2158,2159,2160",3,2019|M4|bloc1|CEL|F3,era5loc_ed480fff4117,era5loc_ed480fff4117|2019,FRANCE,CEL,2019,113,2019-06-06,12,False,2,0.057,5.7,2.345261969128237,thermal_logit_trend_BASF_frozen
2019|M4|bloc1|CEL,2019,2019-06-26,M4,bloc1,CEL,5.5,8,2,0,"1671,1672,1673,1674,1675,1676,1677,1678,1679,1680",3,2019|M4|bloc1|CEL|F3,era5loc_ed480fff4117,era5loc_ed480fff4117|2019,FRANCE,CEL,2019,113,2019-06-06,20,False,2,0.055,5.5,8.437651063698643,thermal_logit_trend_BASF_frozen
2019|M4|bloc2|APA,2019,2019-06-13,M4,bloc2,APA,1.4,10,0,0,"1821,1822,1823,1824,1825,1826,1827,1828,1829,1830",1,2019|M4|bloc2|APA|F1,era5loc_ed480fff4117,era5loc_ed480fff4117|2019,FRANCE,APA,2019,114,2019-06-06,7,False,0,0.013999999999999999,1.4,1.7127361964016958,thermal_logit_trend_BASF_frozen
2019|M4|bloc2|APA,2019,2019-06-18,M4,bloc2,APA,1.2,10,0,0,"2041,2042,2043,2044,2045,2046,2047,2048,2049,2050",1,2019|M4|bloc2|APA|F1,era5loc_ed480fff4117,era5loc_ed480fff4117|2019,FRANCE,APA,2019,114,2019-06-06,12,False,0,0.012,1.2,3.35064448371057,thermal_logit_trend_BASF_frozen
2019|M4|bloc2|APA,2019,2019-06-26,M4,bloc2,APA,4.571428571428571,7,0,3,"1561,1562,1563,1564,1565,1566,1567,1568,1569,1570",1,2019|M4|bloc2|APA|F1,era5loc_ed480fff4117,era5loc_ed480fff4117|2019,FRANCE,APA,2019,114,2019-06-06,20,False,0,0.045714285714285714,4.571428571428571,11.740758915938882,thermal_logit_trend_BASF_frozen
2019|M4|bloc2|APA,2019,2019-06-13,M4,bloc2,APA,3.1,10,0,0,"1821,1822,1823,1824,1825,1826,1827,1828,1829,1830",2,2019|M4|bloc2|APA|F2,era5loc_ed480fff4117,era5loc_ed480fff4117|2019,FRANCE,APA,2019,115,2019-06-06,7,False,1,0.031,3.1,3.1857325183653766,thermal_logit_trend_BASF_frozen
2019|M4|bloc2|APA,2019,2019-06-18,M4,bloc2,APA,4.5,10,0,0,"2041,2042,2043,2044,2045,2046,2047,2048,2049,2050",2,2019|M4|bloc2|APA|F2,era5loc_ed480fff4117,era5loc_ed480fff4117|2019,FRANCE,APA,2019,115,2019-06-06,12,False,1,0.045,4.5,6.144224872501596,thermal_logit_trend_BASF_frozen
2019|M4|bloc2|APA,2019,2019-06-26,M4,bloc2,APA,8.571428571428571,7,0,3,"1561,1562,1563,1564,1565,1566,1567,1568,1569,1570",2,2019|M4|bloc2|APA|F2,era5loc_ed480fff4117,era5loc_ed480fff4117|2019,FRANCE,APA,2019,115,2019-06-06,20,False,1,0.08571428571428572,8.571428571428571,20.076469940065074,thermal_logit_trend_BASF_frozen
2019|M4|bloc2|APA,2019,2019-06-13,M4,bloc2,APA,6.25,8,2,0,"1821,1822,1823,1824,1825,1826,1827,1828,1829,1830",3,2019|M4|bloc2|APA|F3,era5loc_ed480fff4117,era5loc_ed480fff4117|2019,FRANCE,APA,2019,116,2019-06-06,7,False,2,0.0625,6.25,4.840607287614089,thermal_logit_trend_BASF_frozen
2019|M4|bloc2|APA,2019,2019-06-18,M4,bloc2,APA,7.777777777777778,9,1,0,"2041,2042,2043,2044,2045,2046,2047,2048,2049,2050",3,2019|M4|bloc2|APA|F3,era5loc_ed480fff4117,era5loc_ed480fff4117|2019,FRANCE,APA,2019,116,2019-06-06,12,False,2,0.07777777777777778,7.777777777777778,9.190048219616981,thermal_logit_trend_BASF_frozen
2019|M4|bloc2|APA,2019,2019-06-26,M4,bloc2,APA,16.0,5,5,0,"1561,1562,1563,1564,1565,1566,1567,1568,1569,1570",3,2019|M4|bloc2|APA|F3,era5loc_ed480fff4117,era5loc_ed480fff4117|2019,FRANCE,APA,2019,116,2019-06-06,20,False,2,0.16,16.0,27.970551459900094,thermal_logit_trend_BASF_frozen
2019|M4|bloc2|CEL,2019,2019-06-13,M4,bloc2,CEL,0.4,10,0,0,"1831,1832,1833,1834,1835,1836,1837,1838,1839,1840",1,2019|M4|bloc2|CEL|F1,era5loc_ed480fff4117,era5loc_ed480fff4117|2019,FRANCE,CEL,2019,117,2019-06-06,7,False,0,0.004,0.4,2.5573392938967983,thermal_logit_trend_BASF_frozen
2019|M4|bloc2|CEL,2019,2019-06-18,M4,bloc2,CEL,0.2,10,0,0,"2051,2052,2053,2054,2055,2056,2057,2058,2059,2060",1,2019|M4|bloc2|CEL|F1,era5loc_ed480fff4117,era5loc_ed480fff4117|2019,FRANCE,CEL,2019,117,2019-06-06,12,False,0,0.002,0.2,4.962172681327711,thermal_logit_trend_BASF_frozen
2019|M4|bloc2|CEL,2019,2019-06-26,M4,bloc2,CEL,3.0,6,0,4,"1571,1572,1573,1574,1575,1576,1577,1578,1579,1580",1,2019|M4|bloc2|CEL|F1,era5loc_ed480fff4117,era5loc_ed480fff4117|2019,FRANCE,CEL,2019,117,2019-06-06,20,False,0,0.03,3.0,16.69072889329905,thermal_logit_trend_BASF_frozen
2019|M4|bloc2|CEL,2019,2019-06-13,M4,bloc2,CEL,1.0,10,0,0,"1831,1832,1833,1834,1835,1836,1837,1838,1839,1840",2,2019|M4|bloc2|CEL|F2,era5loc_ed480fff4117,era5loc_ed480fff4117|2019,FRANCE,CEL,2019,118,2019-06-06,7,False,1,0.01,1.0,1.0741663874035599,thermal_logit_trend_BASF_frozen
2019|M4|bloc2|CEL,2019,2019-06-18,M4,bloc2,CEL,1.7,10,0,0,"2051,2052,2053,2054,2055,2056,2057,2058,2059,2060",2,2019|M4|bloc2|CEL|F2,era5loc_ed480fff4117,era5loc_ed480fff4117|2019,FRANCE,CEL,2019,118,2019-06-06,12,False,1,0.017,1.7,2.1145413223268092,thermal_logit_trend_BASF_frozen
2019|M4|bloc2|CEL,2019,2019-06-26,M4,bloc2,CEL,4.0,6,0,4,"1571,1572,1573,1574,1575,1576,1577,1578,1579,1580",2,2019|M4|bloc2|CEL|F2,era5loc_ed480fff4117,era5loc_ed480fff4117|2019,FRANCE,CEL,2019,118,2019-06-06,20,False,1,0.04,4.0,7.654556967587936,thermal_logit_trend_BASF_frozen
2019|M4|bloc2|CEL,2019,2019-06-13,M4,bloc2,CEL,2.4,10,0,0,"1831,1832,1833,1834,1835,1836,1837,1838,1839,1840",3,2019|M4|bloc2|CEL|F3,era5loc_ed480fff4117,era5loc_ed480fff4117|2019,FRANCE,CEL,2019,119,2019-06-06,7,False,2,0.024,2.4,1.2875137410381927,thermal_logit_trend_BASF_frozen
2019|M4|bloc2|CEL,2019,2019-06-18,M4,bloc2,CEL,2.9,10,0,0,"2051,2052,2053,2054,2055,2056,2057,2058,2059,2060",3,2019|M4|bloc2|CEL|F3,era5loc_ed480fff4117,era5loc_ed480fff4117|2019,FRANCE,CEL,2019,119,2019-06-06,12,False,2,0.028999999999999998,2.9,2.5292414163783357,thermal_logit_trend_BASF_frozen
2019|M4|bloc2|CEL,2019,2019-06-26,M4,bloc2,CEL,4.666666666666667,9,1,0,"1571,1572,1573,1574,1575,1576,1577,1578,1579,1580",3,2019|M4|bloc2|CEL|F3,era5loc_ed480fff4117,era5loc_ed480fff4117|2019,FRANCE,CEL,2019,119,2019-06-06,20,False,2,0.04666666666666667,4.666666666666667,9.05524471454143,thermal_logit_trend_BASF_frozen
2019|M4|bloc3|APA,2019,2019-06-12,M4,bloc3,APA,0.5,10,0,0,"1841,1842,1843,1844,1845,1846,1847,1848,1849,1850",1,2019|M4|bloc3|APA|F1,era5loc_ed480fff4117,era5loc_ed480fff4117|2019,FRANCE,APA,2019,120,2019-06-03,9,False,0,0.005,0.5,1.4483117784457924,thermal_logit_trend_BASF_frozen
2019|M4|bloc3|APA,2019,2019-06-18,M4,bloc3,APA,0.9,10,0,0,"1961,1962,1963,1964,1965,1966,1967,1968,1969,1970",1,2019|M4|bloc3|APA|F1,era5loc_ed480fff4117,era5loc_ed480fff4117|2019,FRANCE,APA,2019,120,2019-06-03,15,False,0,0.009000000000000001,0.9,3.133461537713214,thermal_logit_trend_BASF_frozen
2019|M4|bloc3|APA,2019,2019-06-25,M4,bloc3,APA,5.6,10,0,0,"1441,1442,1443,1444,1445,1446,1447,1448,1449,1450",1,2019|M4|bloc3|APA|F1,era5loc_ed480fff4117,era5loc_ed480fff4117|2019,FRANCE,APA,2019,120,2019-06-03,22,False,0,0.055999999999999994,5.6,9.179831097543083,thermal_logit_trend_BASF_frozen
2019|M4|bloc3|APA,2019,2019-06-12,M4,bloc3,APA,3.1,10,0,0,"1841,1842,1843,1844,1845,1846,1847,1848,1849,1850",2,2019|M4|bloc3|APA|F2,era5loc_ed480fff4117,era5loc_ed480fff4117|2019,FRANCE,APA,2019,121,2019-06-03,9,False,1,0.031,3.1,3.430179112923671,thermal_logit_trend_BASF_frozen
2019|M4|bloc3|APA,2019,2019-06-18,M4,bloc3,APA,7.7,10,0,0,"1961,1962,1963,1964,1965,1966,1967,1968,1969,1970",2,2019|M4|bloc3|APA|F2,era5loc_ed480fff4117,era5loc_ed480fff4117|2019,FRANCE,APA,2019,121,2019-06-03,15,False,1,0.077,7.7,7.251608544153782,thermal_logit_trend_BASF_frozen
2019|M4|bloc3|APA,2019,2019-06-25,M4,bloc3,APA,10.88888888888889,9,1,0,"1441,1442,1443,1444,1445,1446,1447,1448,1449,1450",2,2019|M4|bloc3|APA|F2,era5loc_ed480fff4117,era5loc_ed480fff4117|2019,FRANCE,APA,2019,121,2019-06-03,22,False,1,0.1088888888888889,10.88888888888889,19.633757646608707,thermal_logit_trend_BASF_frozen
2019|M4|bloc3|APA,2019,2019-06-12,M4,bloc3,APA,6.0,9,1,0,"1841,1842,1843,1844,1845,1846,1847,1848,1849,1850",3,2019|M4|bloc3|APA|F3,era5loc_ed480fff4117,era5loc_ed480fff4117|2019,FRANCE,APA,2019,122,2019-06-03,9,False,2,0.06,6.0,5.0878455575823605,thermal_logit_trend_BASF_frozen
2019|M4|bloc3|APA,2019,2019-06-18,M4,bloc3,APA,13.333333333333334,9,1,0,"1961,1962,1963,1964,1965,1966,1967,1968,1969,1970",3,2019|M4|bloc3|APA|F3,era5loc_ed480fff4117,era5loc_ed480fff4117|2019,FRANCE,APA,2019,122,2019-06-03,15,False,2,0.13333333333333333,13.333333333333334,10.55418509999725,thermal_logit_trend_BASF_frozen
2019|M4|bloc3|APA,2019,2019-06-25,M4,bloc3,APA,17.5,6,4,0,"1441,1442,1443,1444,1445,1446,1447,1448,1449,1450",3,2019|M4|bloc3|APA|F3,era5loc_ed480fff4117,era5loc_ed480fff4117|2019,FRANCE,APA,2019,122,2019-06-03,22,False,2,0.175,17.5,26.937668584066195,thermal_logit_trend_BASF_frozen
2019|M4|bloc3|CEL,2019,2019-06-12,M4,bloc3,CEL,0.1,10,0,0,"1851,1852,1853,1854,1855,1856,1857,1858,1859,1860",1,2019|M4|bloc3|CEL|F1,era5loc_ed480fff4117,era5loc_ed480fff4117|2019,FRANCE,CEL,2019,123,2019-06-03,9,False,0,0.001,0.1,1.4483117784457924,thermal_logit_trend_BASF_frozen
2019|M4|bloc3|CEL,2019,2019-06-18,M4,bloc3,CEL,0.9,10,0,0,"1971,1972,1973,1974,1975,1976,1977,1978,1979,1980",1,2019|M4|bloc3|CEL|F1,era5loc_ed480fff4117,era5loc_ed480fff4117|2019,FRANCE,CEL,2019,123,2019-06-03,15,False,0,0.009000000000000001,0.9,3.133461537713214,thermal_logit_trend_BASF_frozen
2019|M4|bloc3|CEL,2019,2019-06-25,M4,bloc3,CEL,5.5,10,0,0,"1451,1452,1453,1454,1455,1456,1457,1458,1459,1460",1,2019|M4|bloc3|CEL|F1,era5loc_ed480fff4117,era5loc_ed480fff4117|2019,FRANCE,CEL,2019,123,2019-06-03,22,False,0,0.055,5.5,9.179831097543083,thermal_logit_trend_BASF_frozen
2019|M4|bloc3|CEL,2019,2019-06-12,M4,bloc3,CEL,0.8,10,0,0,"1851,1852,1853,1854,1855,1856,1857,1858,1859,1860",2,2019|M4|bloc3|CEL|F2,era5loc_ed480fff4117,era5loc_ed480fff4117|2019,FRANCE,CEL,2019,124,2019-06-03,9,False,1,0.008,0.8,1.4483117784457924,thermal_logit_trend_BASF_frozen
2019|M4|bloc3|CEL,2019,2019-06-18,M4,bloc3,CEL,1.4,10,0,0,"1971,1972,1973,1974,1975,1976,1977,1978,1979,1980",2,2019|M4|bloc3|CEL|F2,era5loc_ed480fff4117,era5loc_ed480fff4117|2019,FRANCE,CEL,2019,124,2019-06-03,15,False,1,0.013999999999999999,1.4,3.133461537713214,thermal_logit_trend_BASF_frozen
2019|M4|bloc3|CEL,2019,2019-06-25,M4,bloc3,CEL,3.1,10,0,0,"1451,1452,1453,1454,1455,1456,1457,1458,1459,1460",2,2019|M4|bloc3|CEL|F2,era5loc_ed480fff4117,era5loc_ed480fff4117|2019,FRANCE,CEL,2019,124,2019-06-03,22,False,1,0.031,3.1,9.179831097543083,thermal_logit_trend_BASF_frozen
2019|M4|bloc3|CEL,2019,2019-06-12,M4,bloc3,CEL,1.0,10,0,0,"1851,1852,1853,1854,1855,1856,1857,1858,1859,1860",3,2019|M4|bloc3|CEL|F3,era5loc_ed480fff4117,era5loc_ed480fff4117|2019,FRANCE,CEL,2019,125,2019-06-03,9,False,2,0.01,1.0,1.4483117784457924,thermal_logit_trend_BASF_frozen
2019|M4|bloc3|CEL,2019,2019-06-18,M4,bloc3,CEL,1.5,10,0,0,"1971,1972,1973,1974,1975,1976,1977,1978,1979,1980",3,2019|M4|bloc3|CEL|F3,era5loc_ed480fff4117,era5loc_ed480fff4117|2019,FRANCE,CEL,2019,125,2019-06-03,15,False,2,0.015,1.5,3.133461537713214,thermal_logit_trend_BASF_frozen
2019|M4|bloc3|CEL,2019,2019-06-25,M4,bloc3,CEL,4.6,10,0,0,"1451,1452,1453,1454,1455,1456,1457,1458,1459,1460",3,2019|M4|bloc3|CEL|F3,era5loc_ed480fff4117,era5loc_ed480fff4117|2019,FRANCE,CEL,2019,125,2019-06-03,22,False,2,0.046,4.6,9.179831097543083,thermal_logit_trend_BASF_frozen
2019|M5|bloc1|APA,2019,2019-06-13,M5,bloc1,APA,1.7,10,0,0,"1701,1702,1703,1704,1705,1706,1707,1708,1709,1710",1,2019|M5|bloc1|APA|F1,era5loc_ed480fff4117,era5loc_ed480fff4117|2019,FRANCE,APA,2019,126,2019-06-06,7,False,0,0.017,1.7,1.0741663874035599,thermal_logit_trend_BASF_frozen
2019|M5|bloc1|APA,2019,2019-06-18,M5,bloc1,APA,2.1,10,0,0,"2121,2122,2123,2124,2125,2126,2127,2128,2129,2130",1,2019|M5|bloc1|APA|F1,era5loc_ed480fff4117,era5loc_ed480fff4117|2019,FRANCE,APA,2019,126,2019-06-06,12,False,0,0.021,2.1,2.1145413223268092,thermal_logit_trend_BASF_frozen
2019|M5|bloc1|APA,2019,2019-06-26,M5,bloc1,APA,8.8,10,0,0,"1601,1602,1603,1604,1605,1606,1607,1608,1609,1610",1,2019|M5|bloc1|APA|F1,era5loc_ed480fff4117,era5loc_ed480fff4117|2019,FRANCE,APA,2019,126,2019-06-06,20,False,0,0.08800000000000001,8.8,7.654556967587936,thermal_logit_trend_BASF_frozen
2019|M5|bloc1|APA,2019,2019-06-13,M5,bloc1,APA,7.8,10,0,0,"1701,1702,1703,1704,1705,1706,1707,1708,1709,1710",2,2019|M5|bloc1|APA|F2,era5loc_ed480fff4117,era5loc_ed480fff4117|2019,FRANCE,APA,2019,127,2019-06-06,7,False,1,0.078,7.8,3.602276921360293,thermal_logit_trend_BASF_frozen
2019|M5|bloc1|APA,2019,2019-06-18,M5,bloc1,APA,7.5,10,0,0,"2121,2122,2123,2124,2125,2126,2127,2128,2129,2130",2,2019|M5|bloc1|APA|F2,era5loc_ed480fff4117,era5loc_ed480fff4117|2019,FRANCE,APA,2019,127,2019-06-06,12,False,1,0.075,7.5,6.919951894143707,thermal_logit_trend_BASF_frozen
2019|M5|bloc1|APA,2019,2019-06-26,M5,bloc1,APA,11.444444444444445,9,1,0,"1601,1602,1603,1604,1605,1606,1607,1608,1609,1610",2,2019|M5|bloc1|APA|F2,era5loc_ed480fff4117,era5loc_ed480fff4117|2019,FRANCE,APA,2019,127,2019-06-06,20,False,1,0.11444444444444445,11.444444444444445,22.195215834262,thermal_logit_trend_BASF_frozen
2019|M5|bloc1|APA,2019,2019-06-13,M5,bloc1,APA,5.222222222222222,9,1,0,"1701,1702,1703,1704,1705,1706,1707,1708,1709,1710",3,2019|M5|bloc1|APA|F3,era5loc_ed480fff4117,era5loc_ed480fff4117|2019,FRANCE,APA,2019,128,2019-06-06,7,False,2,0.052222222222222225,5.222222222222222,4.840607287614089,thermal_logit_trend_BASF_frozen
2019|M5|bloc1|APA,2019,2019-06-18,M5,bloc1,APA,8.88888888888889,9,1,0,"2121,2122,2123,2124,2125,2126,2127,2128,2129,2130",3,2019|M5|bloc1|APA|F3,era5loc_ed480fff4117,era5loc_ed480fff4117|2019,FRANCE,APA,2019,128,2019-06-06,12,False,2,0.08888888888888889,8.88888888888889,9.190048219616981,thermal_logit_trend_BASF_frozen
2019|M5|bloc1|APA,2019,2019-06-26,M5,bloc1,APA,14.4,5,5,0,"1601,1602,1603,1604,1605,1606,1607,1608,1609,1610",3,2019|M5|bloc1|APA|F3,era5loc_ed480fff4117,era5loc_ed480fff4117|2019,FRANCE,APA,2019,128,2019-06-06,20,False,2,0.14400000000000002,14.4,27.970551459900094,thermal_logit_trend_BASF_frozen
2019|M5|bloc1|CEL,2019,2019-06-13,M5,bloc1,CEL,0.4,10,0,0,"1711,1712,1713,1714,1715,1716,1717,1718,1719,1720",1,2019|M5|bloc1|CEL|F1,era5loc_ed480fff4117,era5loc_ed480fff4117|2019,FRANCE,CEL,2019,129,2019-06-06,7,False,0,0.004,0.4,1.0741663874035599,thermal_logit_trend_BASF_frozen
2019|M5|bloc1|CEL,2019,2019-06-18,M5,bloc1,CEL,0.5,10,0,0,"2131,2132,2133,2134,2135,2136,2137,2138,2139,2140",1,2019|M5|bloc1|CEL|F1,era5loc_ed480fff4117,era5loc_ed480fff4117|2019,FRANCE,CEL,2019,129,2019-06-06,12,False,0,0.005,0.5,2.1145413223268092,thermal_logit_trend_BASF_frozen
2019|M5|bloc1|CEL,2019,2019-06-26,M5,bloc1,CEL,1.8,10,0,0,"1611,1612,1613,1614,1615,1616,1617,1618,1619,1620",1,2019|M5|bloc1|CEL|F1,era5loc_ed480fff4117,era5loc_ed480fff4117|2019,FRANCE,CEL,2019,129,2019-06-06,20,False,0,0.018000000000000002,1.8,7.654556967587936,thermal_logit_trend_BASF_frozen
2019|M5|bloc1|CEL,2019,2019-06-13,M5,bloc1,CEL,1.0,10,0,0,"1711,1712,1713,1714,1715,1716,1717,1718,1719,1720",2,2019|M5|bloc1|CEL|F2,era5loc_ed480fff4117,era5loc_ed480fff4117|2019,FRANCE,CEL,2019,130,2019-06-06,7,False,1,0.01,1.0,1.0741663874035599,thermal_logit_trend_BASF_frozen
2019|M5|bloc1|CEL,2019,2019-06-18,M5,bloc1,CEL,1.1,10,0,0,"2131,2132,2133,2134,2135,2136,2137,2138,2139,2140",2,2019|M5|bloc1|CEL|F2,era5loc_ed480fff4117,era5loc_ed480fff4117|2019,FRANCE,CEL,2019,130,2019-06-06,12,False,1,0.011000000000000001,1.1,2.1145413223268092,thermal_logit_trend_BASF_frozen
2019|M5|bloc1|CEL,2019,2019-06-26,M5,bloc1,CEL,3.5,10,0,0,"1611,1612,1613,1614,1615,1616,1617,1618,1619,1620",2,2019|M5|bloc1|CEL|F2,era5loc_ed480fff4117,era5loc_ed480fff4117|2019,FRANCE,CEL,2019,130,2019-06-06,20,False,1,0.035,3.5,7.654556967587936,thermal_logit_trend_BASF_frozen
2019|M5|bloc1|CEL,2019,2019-06-13,M5,bloc1,CEL,1.9,10,0,0,"1711,1712,1713,1714,1715,1716,1717,1718,1719,1720",3,2019|M5|bloc1|CEL|F3,era5loc_ed480fff4117,era5loc_ed480fff4117|2019,FRANCE,CEL,2019,131,2019-06-06,7,False,2,0.019,1.9,1.9246146807764164,thermal_logit_trend_BASF_frozen
2019|M5|bloc1|CEL,2019,2019-06-18,M5,bloc1,CEL,2.2,10,0,0,"2131,2132,2133,2134,2135,2136,2137,2138,2139,2140",3,2019|M5|bloc1|CEL|F3,era5loc_ed480fff4117,era5loc_ed480fff4117|2019,FRANCE,CEL,2019,131,2019-06-06,12,False,2,0.022000000000000002,2.2,3.7573986980776777,thermal_logit_trend_BASF_frozen
2019|M5|bloc1|CEL,2019,2019-06-26,M5,bloc1,CEL,7.2,10,0,0,"1611,1612,1613,1614,1615,1616,1617,1618,1619,1620",3,2019|M5|bloc1|CEL|F3,era5loc_ed480fff4117,era5loc_ed480fff4117|2019,FRANCE,CEL,2019,131,2019-06-06,20,False,2,0.07200000000000001,7.2,13.028736510844006,thermal_logit_trend_BASF_frozen
2019|M5|bloc2|APA,2019,2019-06-13,M5,bloc2,APA,0.8,10,0,0,"1781,1782,1783,1784,1785,1786,1787,1788,1789,1790",1,2019|M5|bloc2|APA|F1,era5loc_ed480fff4117,era5loc_ed480fff4117|2019,FRANCE,APA,2019,132,2019-06-06,7,False,0,0.008,0.8,1.0741663874035599,thermal_logit_trend_BASF_frozen
2019|M5|bloc2|APA,2019,2019-06-18,M5,bloc2,APA,1.8,10,0,0,"2021,2022,2023,2024,2025,2026,2027,2028,2029,2030",1,2019|M5|bloc2|APA|F1,era5loc_ed480fff4117,era5loc_ed480fff4117|2019,FRANCE,APA,2019,132,2019-06-06,12,False,0,0.018000000000000002,1.8,2.1145413223268092,thermal_logit_trend_BASF_frozen
2019|M5|bloc2|APA,2019,2019-06-26,M5,bloc2,APA,7.7,10,0,0,"1521,1522,1523,1524,1525,1526,1527,1528,1529,1530",1,2019|M5|bloc2|APA|F1,era5loc_ed480fff4117,era5loc_ed480fff4117|2019,FRANCE,APA,2019,132,2019-06-06,20,False,0,0.077,7.7,7.654556967587936,thermal_logit_trend_BASF_frozen
2019|M5|bloc2|APA,2019,2019-06-13,M5,bloc2,APA,3.0,10,0,0,"1781,1782,1783,1784,1785,1786,1787,1788,1789,1790",2,2019|M5|bloc2|APA|F2,era5loc_ed480fff4117,era5loc_ed480fff4117|2019,FRANCE,APA,2019,133,2019-06-06,7,False,1,0.03,3.0,3.1857325183653766,thermal_logit_trend_BASF_frozen
2019|M5|bloc2|APA,2019,2019-06-18,M5,bloc2,APA,5.4,10,0,0,"2021,2022,2023,2024,2025,2026,2027,2028,2029,2030",2,2019|M5|bloc2|APA|F2,era5loc_ed480fff4117,era5loc_ed480fff4117|2019,FRANCE,APA,2019,133,2019-06-06,12,False,1,0.054000000000000006,5.4,6.144224872501596,thermal_logit_trend_BASF_frozen
2019|M5|bloc2|APA,2019,2019-06-26,M5,bloc2,APA,8.0,10,0,0,"1521,1522,1523,1524,1525,1526,1527,1528,1529,1530",2,2019|M5|bloc2|APA|F2,era5loc_ed480fff4117,era5loc_ed480fff4117|2019,FRANCE,APA,2019,133,2019-06-06,20,False,1,0.08,8.0,20.076469940065074,thermal_logit_trend_BASF_frozen
2019|M5|bloc2|APA,2019,2019-06-13,M5,bloc2,APA,7.8,10,0,0,"1781,1782,1783,1784,1785,1786,1787,1788,1789,1790",3,2019|M5|bloc2|APA|F3,era5loc_ed480fff4117,era5loc_ed480fff4117|2019,FRANCE,APA,2019,134,2019-06-06,7,False,2,0.078,7.8,9.435843313338193,thermal_logit_trend_BASF_frozen
2019|M5|bloc2|APA,2019,2019-06-18,M5,bloc2,APA,11.25,8,1,1,"2021,2022,2023,2024,2025,2026,2027,2028,2029,2030",3,2019|M5|bloc2|APA|F3,era5loc_ed480fff4117,era5loc_ed480fff4117|2019,FRANCE,APA,2019,134,2019-06-06,12,False,2,0.1125,11.25,17.169276166146265,thermal_logit_trend_BASF_frozen
2019|M5|bloc2|APA,2019,2019-06-26,M5,bloc2,APA,5.0,1,9,0,"1521,1522,1523,1524,1525,1526,1527,1528,1529,1530",3,2019|M5|bloc2|APA|F3,era5loc_ed480fff4117,era5loc_ed480fff4117|2019,FRANCE,APA,2019,134,2019-06-06,20,False,2,0.05,5.0,44.30105637519945,thermal_logit_trend_BASF_frozen
2019|M5|bloc2|CEL,2019,2019-06-13,M5,bloc2,CEL,0.4,10,0,0,"1791,1792,1793,1794,1795,1796,1797,1798,1799,1800",1,2019|M5|bloc2|CEL|F1,era5loc_ed480fff4117,era5loc_ed480fff4117|2019,FRANCE,CEL,2019,135,2019-06-06,7,False,0,0.004,0.4,1.0741663874035599,thermal_logit_trend_BASF_frozen
2019|M5|bloc2|CEL,2019,2019-06-18,M5,bloc2,CEL,0.3,10,0,0,"2031,2032,2033,2034,2035,2036,2037,2038,2039,2040",1,2019|M5|bloc2|CEL|F1,era5loc_ed480fff4117,era5loc_ed480fff4117|2019,FRANCE,CEL,2019,135,2019-06-06,12,False,0,0.003,0.3,2.1145413223268092,thermal_logit_trend_BASF_frozen
2019|M5|bloc2|CEL,2019,2019-06-26,M5,bloc2,CEL,1.6,10,0,0,"1531,1532,1533,1534,1535,1536,1537,1538,1539,1540",1,2019|M5|bloc2|CEL|F1,era5loc_ed480fff4117,era5loc_ed480fff4117|2019,FRANCE,CEL,2019,135,2019-06-06,20,False,0,0.016,1.6,7.654556967587936,thermal_logit_trend_BASF_frozen
2019|M5|bloc2|CEL,2019,2019-06-13,M5,bloc2,CEL,1.1,10,0,0,"1791,1792,1793,1794,1795,1796,1797,1798,1799,1800",2,2019|M5|bloc2|CEL|F2,era5loc_ed480fff4117,era5loc_ed480fff4117|2019,FRANCE,CEL,2019,136,2019-06-06,7,False,1,0.011000000000000001,1.1,1.0741663874035599,thermal_logit_trend_BASF_frozen
2019|M5|bloc2|CEL,2019,2019-06-18,M5,bloc2,CEL,1.3,10,0,0,"2031,2032,2033,2034,2035,2036,2037,2038,2039,2040",2,2019|M5|bloc2|CEL|F2,era5loc_ed480fff4117,era5loc_ed480fff4117|2019,FRANCE,CEL,2019,136,2019-06-06,12,False,1,0.013000000000000001,1.3,2.1145413223268092,thermal_logit_trend_BASF_frozen
2019|M5|bloc2|CEL,2019,2019-06-26,M5,bloc2,CEL,2.4,10,0,0,"1531,1532,1533,1534,1535,1536,1537,1538,1539,1540",2,2019|M5|bloc2|CEL|F2,era5loc_ed480fff4117,era5loc_ed480fff4117|2019,FRANCE,CEL,2019,136,2019-06-06,20,False,1,0.024,2.4,7.654556967587936,thermal_logit_trend_BASF_frozen
2019|M5|bloc2|CEL,2019,2019-06-13,M5,bloc2,CEL,1.4,10,0,0,"1791,1792,1793,1794,1795,1796,1797,1798,1799,1800",3,2019|M5|bloc2|CEL|F3,era5loc_ed480fff4117,era5loc_ed480fff4117|2019,FRANCE,CEL,2019,137,2019-06-06,7,False,2,0.013999999999999999,1.4,1.0741663874035599,thermal_logit_trend_BASF_frozen
2019|M5|bloc2|CEL,2019,2019-06-18,M5,bloc2,CEL,2.8,10,0,0,"2031,2032,2033,2034,2035,2036,2037,2038,2039,2040",3,2019|M5|bloc2|CEL|F3,era5loc_ed480fff4117,era5loc_ed480fff4117|2019,FRANCE,CEL,2019,137,2019-06-06,12,False,2,0.027999999999999997,2.8,2.1145413223268092,thermal_logit_trend_BASF_frozen
2019|M5|bloc2|CEL,2019,2019-06-26,M5,bloc2,CEL,3.875,8,2,0,"1531,1532,1533,1534,1535,1536,1537,1538,1539,1540",3,2019|M5|bloc2|CEL|F3,era5loc_ed480fff4117,era5loc_ed480fff4117|2019,FRANCE,CEL,2019,137,2019-06-06,20,False,2,0.03875,3.875,7.654556967587936,thermal_logit_trend_BASF_frozen
2019|M5|bloc3|APA,2019,2019-06-12,M5,bloc3,APA,1.2222222222222223,9,0,1,"1861,1862,1863,1864,1865,1866,1867,1868,1869,1870",1,2019|M5|bloc3|APA|F1,era5loc_ed480fff4117,era5loc_ed480fff4117|2019,FRANCE,APA,2019,138,2019-06-03,9,False,0,0.012222222222222223,1.2222222222222223,1.4483117784457924,thermal_logit_trend_BASF_frozen
2019|M5|bloc3|APA,2019,2019-06-18,M5,bloc3,APA,2.2222222222222223,9,0,1,"1981,1982,1983,1984,1985,1986,1987,1988,1989,1990",1,2019|M5|bloc3|APA|F1,era5loc_ed480fff4117,era5loc_ed480fff4117|2019,FRANCE,APA,2019,138,2019-06-03,15,False,0,0.022222222222222223,2.2222222222222223,3.133461537713214,thermal_logit_trend_BASF_frozen
2019|M5|bloc3|APA,2019,2019-06-25,M5,bloc3,APA,5.111111111111111,9,0,1,"1461,1462,1463,1464,1465,1466,1467,1468,1469,1470",1,2019|M5|bloc3|APA|F1,era5loc_ed480fff4117,era5loc_ed480fff4117|2019,FRANCE,APA,2019,138,2019-06-03,22,False,0,0.05111111111111111,5.111111111111111,9.179831097543083,thermal_logit_trend_BASF_frozen
2019|M5|bloc3|APA,2019,2019-06-12,M5,bloc3,APA,2.7,10,0,0,"1861,1862,1863,1864,1865,1866,1867,1868,1869,1870",2,2019|M5|bloc3|APA|F2,era5loc_ed480fff4117,era5loc_ed480fff4117|2019,FRANCE,APA,2019,139,2019-06-03,9,False,1,0.027000000000000003,2.7,1.4483117784457924,thermal_logit_trend_BASF_frozen
2019|M5|bloc3|APA,2019,2019-06-18,M5,bloc3,APA,7.0,10,0,0,"1981,1982,1983,1984,1985,1986,1987,1988,1989,1990",2,2019|M5|bloc3|APA|F2,era5loc_ed480fff4117,era5loc_ed480fff4117|2019,FRANCE,APA,2019,139,2019-06-03,15,False,1,0.07,7.0,3.133461537713214,thermal_logit_trend_BASF_frozen
2019|M5|bloc3|APA,2019,2019-06-25,M5,bloc3,APA,14.5,10,0,0,"1461,1462,1463,1464,1465,1466,1467,1468,1469,1470",2,2019|M5|bloc3|APA|F2,era5loc_ed480fff4117,era5loc_ed480fff4117|2019,FRANCE,APA,2019,139,2019-06-03,22,False,1,0.145,14.5,9.179831097543083,thermal_logit_trend_BASF_frozen
2019|M5|bloc3|APA,2019,2019-06-12,M5,bloc3,APA,6.9,10,0,0,"1861,1862,1863,1864,1865,1866,1867,1868,1869,1870",3,2019|M5|bloc3|APA|F3,era5loc_ed480fff4117,era5loc_ed480fff4117|2019,FRANCE,APA,2019,140,2019-06-03,9,False,2,0.069,6.9,6.9756264800454275,thermal_logit_trend_BASF_frozen
2019|M5|bloc3|APA,2019,2019-06-18,M5,bloc3,APA,11.5,10,0,0,"1981,1982,1983,1984,1985,1986,1987,1988,1989,1990",3,2019|M5|bloc3|APA|F3,era5loc_ed480fff4117,era5loc_ed480fff4117|2019,FRANCE,APA,2019,140,2019-06-03,15,False,2,0.115,11.5,14.16743274496764,thermal_logit_trend_BASF_frozen
2019|M5|bloc3|APA,2019,2019-06-25,M5,bloc3,APA,16.666666666666668,6,4,0,"1461,1462,1463,1464,1465,1466,1467,1468,1469,1470",3,2019|M5|bloc3|APA|F3,era5loc_ed480fff4117,era5loc_ed480fff4117|2019,FRANCE,APA,2019,140,2019-06-03,22,False,2,0.16666666666666669,16.666666666666668,34.02614334245659,thermal_logit_trend_BASF_frozen
2019|M5|bloc3|CEL,2019,2019-06-12,M5,bloc3,CEL,0.0,10,0,0,"1871,1872,1873,1874,1875,1876,1877,1878,1879,1880",1,2019|M5|bloc3|CEL|F1,era5loc_ed480fff4117,era5loc_ed480fff4117|2019,FRANCE,CEL,2019,141,2019-06-03,9,False,0,0.0,0.0,1.4483117784457924,thermal_logit_trend_BASF_frozen
2019|M5|bloc3|CEL,2019,2019-06-18,M5,bloc3,CEL,0.0,10,0,0,"1991,1992,1993,1994,1995,1996,1997,1998,1999,2000",1,2019|M5|bloc3|CEL|F1,era5loc_ed480fff4117,era5loc_ed480fff4117|2019,FRANCE,CEL,2019,141,2019-06-03,15,False,0,0.0,0.0,3.133461537713214,thermal_logit_trend_BASF_frozen
2019|M5|bloc3|CEL,2019,2019-06-25,M5,bloc3,CEL,1.0,10,0,0,"1471,1472,1473,1474,1475,1476,1477,1478,1479,1480",1,2019|M5|bloc3|CEL|F1,era5loc_ed480fff4117,era5loc_ed480fff4117|2019,FRANCE,CEL,2019,141,2019-06-03,22,False,0,0.01,1.0,9.179831097543083,thermal_logit_trend_BASF_frozen
2019|M5|bloc3|CEL,2019,2019-06-12,M5,bloc3,CEL,0.0,10,0,0,"1871,1872,1873,1874,1875,1876,1877,1878,1879,1880",2,2019|M5|bloc3|CEL|F2,era5loc_ed480fff4117,era5loc_ed480fff4117|2019,FRANCE,CEL,2019,142,2019-06-03,9,False,1,0.0,0.0,1.4483117784457924,thermal_logit_trend_BASF_frozen
2019|M5|bloc3|CEL,2019,2019-06-18,M5,bloc3,CEL,0.6,10,0,0,"1991,1992,1993,1994,1995,1996,1997,1998,1999,2000",2,2019|M5|bloc3|CEL|F2,era5loc_ed480fff4117,era5loc_ed480fff4117|2019,FRANCE,CEL,2019,142,2019-06-03,15,False,1,0.006,0.6,3.133461537713214,thermal_logit_trend_BASF_frozen
2019|M5|bloc3|CEL,2019,2019-06-25,M5,bloc3,CEL,1.1,10,0,0,"1471,1472,1473,1474,1475,1476,1477,1478,1479,1480",2,2019|M5|bloc3|CEL|F2,era5loc_ed480fff4117,era5loc_ed480fff4117|2019,FRANCE,CEL,2019,142,2019-06-03,22,False,1,0.011000000000000001,1.1,9.179831097543083,thermal_logit_trend_BASF_frozen
2019|M5|bloc3|CEL,2019,2019-06-12,M5,bloc3,CEL,1.1,10,0,0,"1871,1872,1873,1874,1875,1876,1877,1878,1879,1880",3,2019|M5|bloc3|CEL|F3,era5loc_ed480fff4117,era5loc_ed480fff4117|2019,FRANCE,CEL,2019,143,2019-06-03,9,False,2,0.011000000000000001,1.1,1.4483117784457924,thermal_logit_trend_BASF_frozen
2019|M5|bloc3|CEL,2019,2019-06-18,M5,bloc3,CEL,1.1,10,0,0,"1991,1992,1993,1994,1995,1996,1997,1998,1999,2000",3,2019|M5|bloc3|CEL|F3,era5loc_ed480fff4117,era5loc_ed480fff4117|2019,FRANCE,CEL,2019,143,2019-06-03,15,False,2,0.011000000000000001,1.1,3.133461537713214,thermal_logit_trend_BASF_frozen
2019|M5|bloc3|CEL,2019,2019-06-25,M5,bloc3,CEL,4.3,10,0,0,"1471,1472,1473,1474,1475,1476,1477,1478,1479,1480",3,2019|M5|bloc3|CEL|F3,era5loc_ed480fff4117,era5loc_ed480fff4117|2019,FRANCE,CEL,2019,143,2019-06-03,22,False,2,0.043,4.3,9.179831097543083,thermal_logit_trend_BASF_frozen
2018|M1|bloc1|APA,2018,2018-05-28,M1,bloc1,APA,0.0,10,0,0,"641,642,643,644,645,646,647,648,649,650",1,2018|M1|bloc1|APA|F1,era5loc_ed480fff4117,era5loc_ed480fff4117|2018,FRANCE,APA,2018,0,2018-05-11,17,False,0,0.0,0.0,4.7529440867904,canopy_logit_trend_BASF_frozen
2018|M1|bloc1|APA,2018,2018-06-09,M1,bloc1,APA,2.0,10,0,0,"881,882,883,884,885,886,887,888,889,890",1,2018|M1|bloc1|APA|F1,era5loc_ed480fff4117,era5loc_ed480fff4117|2018,FRANCE,APA,2018,0,2018-05-11,29,False,0,0.02,2.0,20.144460588425694,canopy_logit_trend_BASF_frozen
2018|M1|bloc1|APA,2018,2018-06-15,M1,bloc1,APA,15.0,10,0,0,"1121,1122,1123,1124,1125,1126,1127,1128,1129,1130",1,2018|M1|bloc1|APA|F1,era5loc_ed480fff4117,era5loc_ed480fff4117|2018,FRANCE,APA,2018,0,2018-05-11,35,False,0,0.15,15.0,36.191089087159135,canopy_logit_trend_BASF_frozen
2018|M1|bloc1|APA,2018,2018-05-28,M1,bloc1,APA,0.6,10,0,0,"641,642,643,644,645,646,647,648,649,650",2,2018|M1|bloc1|APA|F2,era5loc_ed480fff4117,era5loc_ed480fff4117|2018,FRANCE,APA,2018,1,2018-05-11,17,False,1,0.006,0.6,4.7529440867904,canopy_logit_trend_BASF_frozen
2018|M1|bloc1|APA,2018,2018-06-09,M1,bloc1,APA,7.8,10,0,0,"881,882,883,884,885,886,887,888,889,890",2,2018|M1|bloc1|APA|F2,era5loc_ed480fff4117,era5loc_ed480fff4117|2018,FRANCE,APA,2018,1,2018-05-11,29,False,1,0.078,7.8,20.144460588425694,canopy_logit_trend_BASF_frozen
2018|M1|bloc1|APA,2018,2018-05-28,M1,bloc1,APA,4.8,10,0,0,"641,642,643,644,645,646,647,648,649,650",3,2018|M1|bloc1|APA|F3,era5loc_ed480fff4117,era5loc_ed480fff4117|2018,FRANCE,APA,2018,2,2018-05-11,17,False,2,0.048,4.8,66.7239600509959,canopy_logit_trend_BASF_frozen
2018|M1|bloc1|APA,2018,2018-06-09,M1,bloc1,APA,13.3,10,0,0,"881,882,883,884,885,886,887,888,889,890",3,2018|M1|bloc1|APA|F3,era5loc_ed480fff4117,era5loc_ed480fff4117|2018,FRANCE,APA,2018,2,2018-05-11,29,False,2,0.133,13.3,91.02054826886797,canopy_logit_trend_BASF_frozen
2018|M1|bloc2|APA,2018,2018-05-28,M1,bloc2,APA,1.0,9,0,1,"561,562,563,564,565,566,567,568,569,570",1,2018|M1|bloc2|APA|F1,era5loc_ed480fff4117,era5loc_ed480fff4117|2018,FRANCE,APA,2018,3,2018-05-11,17,False,0,0.01,1.0,4.750976546490261,canopy_logit_trend_BASF_frozen
2018|M1|bloc2|APA,2018,2018-06-09,M1,bloc2,APA,3.6,10,0,0,"801,802,803,804,805,806,807,808,809,810",1,2018|M1|bloc2|APA|F1,era5loc_ed480fff4117,era5loc_ed480fff4117|2018,FRANCE,APA,2018,3,2018-05-11,29,False,0,0.036000000000000004,3.6,20.132534215152027,canopy_logit_trend_BASF_frozen
2018|M1|bloc2|APA,2018,2018-06-15,M1,bloc2,APA,25.0,10,0,0,"1041,1042,1043,1044,1045,1046,1047,1048,1049,1050",1,2018|M1|bloc2|APA|F1,era5loc_ed480fff4117,era5loc_ed480fff4117|2018,FRANCE,APA,2018,3,2018-05-11,35,False,0,0.25,25.0,36.170423716478695,canopy_logit_trend_BASF_frozen
2018|M1|bloc2|APA,2018,2018-05-28,M1,bloc2,APA,1.7,10,0,0,"561,562,563,564,565,566,567,568,569,570",2,2018|M1|bloc2|APA|F2,era5loc_ed480fff4117,era5loc_ed480fff4117|2018,FRANCE,APA,2018,4,2018-05-11,17,False,1,0.017,1.7,5.652869911239489,canopy_logit_trend_BASF_frozen
2018|M1|bloc2|APA,2018,2018-06-09,M1,bloc2,APA,14.4,10,0,0,"801,802,803,804,805,806,807,808,809,810",2,2018|M1|bloc2|APA|F2,era5loc_ed480fff4117,era5loc_ed480fff4117|2018,FRANCE,APA,2018,4,2018-05-11,29,False,1,0.14400000000000002,14.4,23.24186186561843,canopy_logit_trend_BASF_frozen
2018|M1|bloc2|APA,2018,2018-05-28,M1,bloc2,APA,14.5,10,0,0,"561,562,563,564,565,566,567,568,569,570",3,2018|M1|bloc2|APA|F3,era5loc_ed480fff4117,era5loc_ed480fff4117|2018,FRANCE,APA,2018,5,2018-05-11,17,False,2,0.145,14.5,71.90649358088936,canopy_logit_trend_BASF_frozen
2018|M1|bloc2|APA,2018,2018-06-09,M1,bloc2,APA,23.333333333333332,9,0,1,"801,802,803,804,805,806,807,808,809,810",3,2018|M1|bloc2|APA|F3,era5loc_ed480fff4117,era5loc_ed480fff4117|2018,FRANCE,APA,2018,5,2018-05-11,29,False,2,0.2333333333333333,23.333333333333332,92.82385430766413,canopy_logit_trend_BASF_frozen
2018|M1|bloc3|APA,2018,2018-05-28,M1,bloc3,APA,0.0,10,0,0,"481,482,483,484,485,486,487,488,489,490",1,2018|M1|bloc3|APA|F1,era5loc_ed480fff4117,era5loc_ed480fff4117|2018,FRANCE,APA,2018,6,2018-05-11,17,False,0,0.0,0.0,4.754912401238856,canopy_logit_trend_BASF_frozen
2018|M1|bloc3|APA,2018,2018-06-09,M1,bloc3,APA,3.7,10,0,0,"721,722,723,724,725,726,727,728,729,730",1,2018|M1|bloc3|APA|F1,era5loc_ed480fff4117,era5loc_ed480fff4117|2018,FRANCE,APA,2018,6,2018-05-11,29,False,0,0.037000000000000005,3.7,20.156392243759296,canopy_logit_trend_BASF_frozen
2018|M1|bloc3|APA,2018,2018-06-15,M1,bloc3,APA,15.5,10,0,0,"961,962,963,964,965,966,967,968,969,970",1,2018|M1|bloc3|APA|F1,era5loc_ed480fff4117,era5loc_ed480fff4117|2018,FRANCE,APA,2018,6,2018-05-11,35,False,0,0.155,15.5,36.21175956641941,canopy_logit_trend_BASF_frozen
2018|M1|bloc3|APA,2018,2018-05-28,M1,bloc3,APA,0.3,10,0,0,"481,482,483,484,485,486,487,488,489,490",2,2018|M1|bloc3|APA|F2,era5loc_ed480fff4117,era5loc_ed480fff4117|2018,FRANCE,APA,2018,7,2018-05-11,17,False,1,0.003,0.3,4.754912401238856,canopy_logit_trend_BASF_frozen
2018|M1|bloc3|APA,2018,2018-06-09,M1,bloc3,APA,15.7,10,0,0,"721,722,723,724,725,726,727,728,729,730",2,2018|M1|bloc3|APA|F2,era5loc_ed480fff4117,era5loc_ed480fff4117|2018,FRANCE,APA,2018,7,2018-05-11,29,False,1,0.157,15.7,20.156392243759296,canopy_logit_trend_BASF_frozen
2018|M1|bloc3|APA,2018,2018-05-28,M1,bloc3,APA,15.4,10,0,0,"481,482,483,484,485,486,487,488,489,490",3,2018|M1|bloc3|APA|F3,era5loc_ed480fff4117,era5loc_ed480fff4117|2018,FRANCE,APA,2018,8,2018-05-11,17,False,2,0.154,15.4,58.217466357564064,canopy_logit_trend_BASF_frozen
2018|M1|bloc3|APA,2018,2018-06-09,M1,bloc3,APA,34.5,10,0,0,"721,722,723,724,725,726,727,728,729,730",3,2018|M1|bloc3|APA|F3,era5loc_ed480fff4117,era5loc_ed480fff4117|2018,FRANCE,APA,2018,8,2018-05-11,29,False,2,0.345,34.5,87.5711784921459,canopy_logit_trend_BASF_frozen
2018|M2|bloc1|CEL,2018,2018-05-28,M2,bloc1,CEL,0.2,10,0,0,"651,652,653,654,655,656,657,658,659,660",1,2018|M2|bloc1|CEL|F1,era5loc_ed480fff4117,era5loc_ed480fff4117|2018,FRANCE,CEL,2018,9,2018-05-11,17,False,0,0.002,0.2,4.754820834559636,canopy_logit_trend_BASF_frozen
2018|M2|bloc1|CEL,2018,2018-06-09,M2,bloc1,CEL,5.2,10,0,0,"891,892,893,894,895,896,897,898,899,900",1,2018|M2|bloc1|CEL|F1,era5loc_ed480fff4117,era5loc_ed480fff4117|2018,FRANCE,CEL,2018,9,2018-05-11,29,False,0,0.052000000000000005,5.2,20.155837165917642,canopy_logit_trend_BASF_frozen
2018|M2|bloc1|CEL,2018,2018-06-15,M2,bloc1,CEL,11.6,10,0,0,"1131,1132,1133,1134,1135,1136,1137,1138,1139,1140",1,2018|M2|bloc1|CEL|F1,era5loc_ed480fff4117,era5loc_ed480fff4117|2018,FRANCE,CEL,2018,9,2018-05-11,35,False,0,0.11599999999999999,11.6,36.210798035593186,canopy_logit_trend_BASF_frozen
2018|M2|bloc1|CEL,2018,2018-05-28,M2,bloc1,CEL,0.4,10,0,0,"651,652,653,654,655,656,657,658,659,660",2,2018|M2|bloc1|CEL|F2,era5loc_ed480fff4117,era5loc_ed480fff4117|2018,FRANCE,CEL,2018,10,2018-05-11,17,False,1,0.004,0.4,4.754820834559636,canopy_logit_trend_BASF_frozen
2018|M2|bloc1|CEL,2018,2018-06-09,M2,bloc1,CEL,12.3,10,0,0,"891,892,893,894,895,896,897,898,899,900",2,2018|M2|bloc1|CEL|F2,era5loc_ed480fff4117,era5loc_ed480fff4117|2018,FRANCE,CEL,2018,10,2018-05-11,29,False,1,0.12300000000000001,12.3,20.155837165917642,canopy_logit_trend_BASF_frozen
2018|M2|bloc1|CEL,2018,2018-05-28,M2,bloc1,CEL,7.9,10,0,0,"651,652,653,654,655,656,657,658,659,660",3,2018|M2|bloc1|CEL|F3,era5loc_ed480fff4117,era5loc_ed480fff4117|2018,FRANCE,CEL,2018,11,2018-05-11,17,False,2,0.079,7.9,58.21697453876483,canopy_logit_trend_BASF_frozen
2018|M2|bloc1|CEL,2018,2018-06-09,M2,bloc1,CEL,23.88888888888889,9,0,1,"891,892,893,894,895,896,897,898,899,900",3,2018|M2|bloc1|CEL|F3,era5loc_ed480fff4117,era5loc_ed480fff4117|2018,FRANCE,CEL,2018,11,2018-05-11,29,False,2,0.2388888888888889,23.88888888888889,87.57080308530621,canopy_logit_trend_BASF_frozen
2018|M2|bloc2|CEL,2018,2018-05-28,M2,bloc2,CEL,0.0,10,0,0,"571,572,573,574,575,576,577,578,579,580",1,2018|M2|bloc2|CEL|F1,era5loc_ed480fff4117,era5loc_ed480fff4117|2018,FRANCE,CEL,2018,12,2018-05-11,17,False,0,0.0,0.0,4.7570647005437445,canopy_logit_trend_BASF_frozen
2018|M2|bloc2|CEL,2018,2018-06-09,M2,bloc2,CEL,1.1,10,0,0,"811,812,813,814,815,816,817,818,819,820",1,2018|M2|bloc2|CEL|F1,era5loc_ed480fff4117,era5loc_ed480fff4117|2018,FRANCE,CEL,2018,12,2018-05-11,29,False,0,0.011000000000000001,1.1,20.169439862732165,canopy_logit_trend_BASF_frozen
2018|M2|bloc2|CEL,2018,2018-06-15,M2,bloc2,CEL,5.5,10,0,0,"1051,1052,1053,1054,1055,1056,1057,1058,1059,1060",1,2018|M2|bloc2|CEL|F1,era5loc_ed480fff4117,era5loc_ed480fff4117|2018,FRANCE,CEL,2018,12,2018-05-11,35,False,0,0.055,5.5,36.23435871693518,canopy_logit_trend_BASF_frozen
2018|M2|bloc2|CEL,2018,2018-05-28,M2,bloc2,CEL,0.3,10,0,0,"571,572,573,574,575,576,577,578,579,580",2,2018|M2|bloc2|CEL|F2,era5loc_ed480fff4117,era5loc_ed480fff4117|2018,FRANCE,CEL,2018,13,2018-05-11,17,False,1,0.003,0.3,4.7570647005437445,canopy_logit_trend_BASF_frozen
2018|M2|bloc2|CEL,2018,2018-06-09,M2,bloc2,CEL,13.4,10,0,0,"811,812,813,814,815,816,817,818,819,820",2,2018|M2|bloc2|CEL|F2,era5loc_ed480fff4117,era5loc_ed480fff4117|2018,FRANCE,CEL,2018,13,2018-05-11,29,False,1,0.134,13.4,20.169439862732165,canopy_logit_trend_BASF_frozen
2018|M2|bloc2|CEL,2018,2018-05-28,M2,bloc2,CEL,5.5,10,0,0,"571,572,573,574,575,576,577,578,579,580",3,2018|M2|bloc2|CEL|F3,era5loc_ed480fff4117,era5loc_ed480fff4117|2018,FRANCE,CEL,2018,14,2018-05-11,17,False,2,0.055,5.5,45.67752668949831,canopy_logit_trend_BASF_frozen
2018|M2|bloc2|CEL,2018,2018-06-09,M2,bloc2,CEL,24.0,10,0,0,"811,812,813,814,815,816,817,818,819,820",3,2018|M2|bloc2|CEL|F3,era5loc_ed480fff4117,era5loc_ed480fff4117|2018,FRANCE,CEL,2018,14,2018-05-11,29,False,2,0.24,24.0,80.96489282190316,canopy_logit_trend_BASF_frozen
2018|M2|bloc3|CEL,2018,2018-05-28,M2,bloc3,CEL,0.0,10,0,0,"491,492,493,494,495,496,497,498,499,500",1,2018|M2|bloc3|CEL|F1,era5loc_ed480fff4117,era5loc_ed480fff4117|2018,FRANCE,CEL,2018,15,2018-05-11,17,False,0,0.0,0.0,4.756973094487164,canopy_logit_trend_BASF_frozen
2018|M2|bloc3|CEL,2018,2018-06-09,M2,bloc3,CEL,0.5,10,0,0,"731,732,733,734,735,736,737,738,739,740",1,2018|M2|bloc3|CEL|F1,era5loc_ed480fff4117,era5loc_ed480fff4117|2018,FRANCE,CEL,2018,15,2018-05-11,29,False,0,0.005,0.5,20.16888451634208,canopy_logit_trend_BASF_frozen
2018|M2|bloc3|CEL,2018,2018-06-15,M2,bloc3,CEL,2.9,10,0,0,"971,972,973,974,975,976,977,978,979,980",1,2018|M2|bloc3|CEL|F1,era5loc_ed480fff4117,era5loc_ed480fff4117|2018,FRANCE,CEL,2018,15,2018-05-11,35,False,0,0.028999999999999998,2.9,36.23339692689222,canopy_logit_trend_BASF_frozen
2018|M2|bloc3|CEL,2018,2018-05-28,M2,bloc3,CEL,0.3,10,0,0,"491,492,493,494,495,496,497,498,499,500",2,2018|M2|bloc3|CEL|F2,era5loc_ed480fff4117,era5loc_ed480fff4117|2018,FRANCE,CEL,2018,16,2018-05-11,17,False,1,0.003,0.3,4.756973094487164,canopy_logit_trend_BASF_frozen
2018|M2|bloc3|CEL,2018,2018-06-09,M2,bloc3,CEL,10.222222222222221,9,0,1,"731,732,733,734,735,736,737,738,739,740",2,2018|M2|bloc3|CEL|F2,era5loc_ed480fff4117,era5loc_ed480fff4117|2018,FRANCE,CEL,2018,16,2018-05-11,29,False,1,0.10222222222222221,10.222222222222221,20.16888451634208,canopy_logit_trend_BASF_frozen
2018|M2|bloc3|CEL,2018,2018-05-28,M2,bloc3,CEL,7.6,10,0,0,"491,492,493,494,495,496,497,498,499,500",3,2018|M2|bloc3|CEL|F3,era5loc_ed480fff4117,era5loc_ed480fff4117|2018,FRANCE,CEL,2018,17,2018-05-11,17,False,2,0.076,7.6,46.359890278674726,canopy_logit_trend_BASF_frozen
2018|M2|bloc3|CEL,2018,2018-06-09,M2,bloc3,CEL,18.125,8,0,2,"731,732,733,734,735,736,737,738,739,740",3,2018|M2|bloc3|CEL|F3,era5loc_ed480fff4117,era5loc_ed480fff4117|2018,FRANCE,CEL,2018,17,2018-05-11,29,False,2,0.18125,18.125,81.38442756304886,canopy_logit_trend_BASF_frozen
2018|M3|bloc1|APA,2018,2018-05-28,M3,bloc1,APA,0.0,10,0,0,"661,662,663,664,665,666,667,668,669,670",1,2018|M3|bloc1|APA|F1,era5loc_ed480fff4117,era5loc_ed480fff4117|2018,FRANCE,APA,2018,18,2018-05-11,17,False,0,0.0,0.0,4.756560887971916,canopy_logit_trend_BASF_frozen
2018|M3|bloc1|APA,2018,2018-06-09,M3,bloc1,APA,1.2,10,0,0,"901,902,903,904,905,906,907,908,909,910",1,2018|M3|bloc1|APA|F1,era5loc_ed480fff4117,era5loc_ed480fff4117|2018,FRANCE,APA,2018,18,2018-05-11,29,False,0,0.012,1.2,20.166385599005963,canopy_logit_trend_BASF_frozen
2018|M3|bloc1|APA,2018,2018-06-15,M3,bloc1,APA,10.0,10,0,0,"1141,1142,1143,1144,1145,1146,1147,1148,1149,1150",1,2018|M3|bloc1|APA|F1,era5loc_ed480fff4117,era5loc_ed480fff4117|2018,FRANCE,APA,2018,18,2018-05-11,35,False,0,0.1,10.0,36.22906900812109,canopy_logit_trend_BASF_frozen
2018|M3|bloc1|APA,2018,2018-05-28,M3,bloc1,APA,0.9,10,0,0,"661,662,663,664,665,666,667,668,669,670",2,2018|M3|bloc1|APA|F2,era5loc_ed480fff4117,era5loc_ed480fff4117|2018,FRANCE,APA,2018,19,2018-05-11,17,False,1,0.009000000000000001,0.9,4.756560887971916,canopy_logit_trend_BASF_frozen
2018|M3|bloc1|APA,2018,2018-06-09,M3,bloc1,APA,6.0,8,0,2,"901,902,903,904,905,906,907,908,909,910",2,2018|M3|bloc1|APA|F2,era5loc_ed480fff4117,era5loc_ed480fff4117|2018,FRANCE,APA,2018,19,2018-05-11,29,False,1,0.06,6.0,20.166385599005963,canopy_logit_trend_BASF_frozen
2018|M3|bloc1|APA,2018,2018-05-28,M3,bloc1,APA,2.5,10,0,0,"661,662,663,664,665,666,667,668,669,670",3,2018|M3|bloc1|APA|F3,era5loc_ed480fff4117,era5loc_ed480fff4117|2018,FRANCE,APA,2018,20,2018-05-11,17,False,2,0.025,2.5,48.63948183810642,canopy_logit_trend_BASF_frozen
2018|M3|bloc1|APA,2018,2018-06-09,M3,bloc1,APA,10.0,5,0,5,"901,902,903,904,905,906,907,908,909,910",3,2018|M3|bloc1|APA|F3,era5loc_ed480fff4117,era5loc_ed480fff4117|2018,FRANCE,APA,2018,20,2018-05-11,29,False,2,0.1,10.0,82.72911632940026,canopy_logit_trend_BASF_frozen
2018|M3|bloc1|CEL,2018,2018-05-28,M3,bloc1,CEL,0.0,10,0,0,"671,672,673,674,675,676,677,678,679,680",1,2018|M3|bloc1|CEL|F1,era5loc_ed480fff4117,era5loc_ed480fff4117|2018,FRANCE,CEL,2018,21,2018-05-11,17,False,0,0.0,0.0,4.755232897809496,canopy_logit_trend_BASF_frozen
2018|M3|bloc1|CEL,2018,2018-06-09,M3,bloc1,CEL,1.5,10,0,0,"911,912,913,914,915,916,917,918,919,920",1,2018|M3|bloc1|CEL|F1,era5loc_ed480fff4117,era5loc_ed480fff4117|2018,FRANCE,CEL,2018,21,2018-05-11,29,False,0,0.015,1.5,20.158335106195537,canopy_logit_trend_BASF_frozen
2018|M3|bloc1|CEL,2018,2018-06-15,M3,bloc1,CEL,6.7,10,0,0,"1151,1152,1153,1154,1155,1156,1157,1158,1159,1160",1,2018|M3|bloc1|CEL|F1,era5loc_ed480fff4117,era5loc_ed480fff4117|2018,FRANCE,CEL,2018,21,2018-05-11,35,False,0,0.067,6.7,36.21512501122914,canopy_logit_trend_BASF_frozen
2018|M3|bloc1|CEL,2018,2018-05-28,M3,bloc1,CEL,0.1,10,0,0,"671,672,673,674,675,676,677,678,679,680",2,2018|M3|bloc1|CEL|F2,era5loc_ed480fff4117,era5loc_ed480fff4117|2018,FRANCE,CEL,2018,22,2018-05-11,17,False,1,0.001,0.1,4.755232897809496,canopy_logit_trend_BASF_frozen
2018|M3|bloc1|CEL,2018,2018-06-09,M3,bloc1,CEL,4.2,10,0,0,"911,912,913,914,915,916,917,918,919,920",2,2018|M3|bloc1|CEL|F2,era5loc_ed480fff4117,era5loc_ed480fff4117|2018,FRANCE,CEL,2018,22,2018-05-11,29,False,1,0.042,4.2,20.158335106195537,canopy_logit_trend_BASF_frozen
2018|M3|bloc1|CEL,2018,2018-05-28,M3,bloc1,CEL,7.777777777777778,9,0,1,"671,672,673,674,675,676,677,678,679,680",3,2018|M3|bloc1|CEL|F3,era5loc_ed480fff4117,era5loc_ed480fff4117|2018,FRANCE,CEL,2018,23,2018-05-11,17,False,2,0.07777777777777778,7.777777777777778,57.06718959653212,canopy_logit_trend_BASF_frozen
2018|M3|bloc1|CEL,2018,2018-06-09,M3,bloc1,CEL,8.571428571428571,7,0,3,"911,912,913,914,915,916,917,918,919,920",3,2018|M3|bloc1|CEL|F3,era5loc_ed480fff4117,era5loc_ed480fff4117|2018,FRANCE,CEL,2018,23,2018-05-11,29,False,2,0.08571428571428572,8.571428571428571,87.04980707562412,canopy_logit_trend_BASF_frozen
2018|M3|bloc2|APA,2018,2018-05-28,M3,bloc2,APA,0.2,10,0,0,"581,582,583,584,585,586,587,588,589,590",1,2018|M3|bloc2|APA|F1,era5loc_ed480fff4117,era5loc_ed480fff4117|2018,FRANCE,APA,2018,24,2018-05-11,17,False,0,0.002,0.2,4.752715263264686,canopy_logit_trend_BASF_frozen
2018|M3|bloc2|APA,2018,2018-06-09,M3,bloc2,APA,4.9,10,0,0,"821,822,823,824,825,826,827,828,829,830",1,2018|M3|bloc2|APA|F1,era5loc_ed480fff4117,era5loc_ed480fff4117|2018,FRANCE,APA,2018,24,2018-05-11,29,False,0,0.049,4.9,20.143073529452487,canopy_logit_trend_BASF_frozen
2018|M3|bloc2|APA,2018,2018-06-15,M3,bloc2,APA,6.5,10,0,0,"1061,1062,1063,1064,1065,1066,1067,1068,1069,1070",1,2018|M3|bloc2|APA|F1,era5loc_ed480fff4117,era5loc_ed480fff4117|2018,FRANCE,APA,2018,24,2018-05-11,35,False,0,0.065,6.5,36.1886858744836,canopy_logit_trend_BASF_frozen
2018|M3|bloc2|APA,2018,2018-05-28,M3,bloc2,APA,0.7,10,0,0,"581,582,583,584,585,586,587,588,589,590",2,2018|M3|bloc2|APA|F2,era5loc_ed480fff4117,era5loc_ed480fff4117|2018,FRANCE,APA,2018,25,2018-05-11,17,False,1,0.006999999999999999,0.7,4.752715263264686,canopy_logit_trend_BASF_frozen
2018|M3|bloc2|APA,2018,2018-06-09,M3,bloc2,APA,16.0,10,0,0,"821,822,823,824,825,826,827,828,829,830",2,2018|M3|bloc2|APA|F2,era5loc_ed480fff4117,era5loc_ed480fff4117|2018,FRANCE,APA,2018,25,2018-05-11,29,False,1,0.16,16.0,20.143073529452487,canopy_logit_trend_BASF_frozen
2018|M3|bloc2|APA,2018,2018-05-28,M3,bloc2,APA,10.333333333333334,9,0,1,"581,582,583,584,585,586,587,588,589,590",3,2018|M3|bloc2|APA|F3,era5loc_ed480fff4117,era5loc_ed480fff4117|2018,FRANCE,APA,2018,26,2018-05-11,17,False,2,0.10333333333333333,10.333333333333334,67.03828512224432,canopy_logit_trend_BASF_frozen
2018|M3|bloc2|APA,2018,2018-06-09,M3,bloc2,APA,34.333333333333336,6,0,4,"821,822,823,824,825,826,827,828,829,830",3,2018|M3|bloc2|APA|F3,era5loc_ed480fff4117,era5loc_ed480fff4117|2018,FRANCE,APA,2018,26,2018-05-11,29,False,2,0.3433333333333334,34.333333333333336,91.13556912722196,canopy_logit_trend_BASF_frozen
2018|M3|bloc2|CEL,2018,2018-05-28,M3,bloc2,CEL,0.0,10,0,0,"591,592,593,594,595,596,597,598,599,600",1,2018|M3|bloc2|CEL|F1,era5loc_ed480fff4117,era5loc_ed480fff4117|2018,FRANCE,CEL,2018,27,2018-05-11,17,False,0,0.0,0.0,4.758438992523635,canopy_logit_trend_BASF_frozen
2018|M3|bloc2|CEL,2018,2018-06-09,M3,bloc2,CEL,3.1,10,0,0,"831,832,833,834,835,836,837,838,839,840",1,2018|M3|bloc2|CEL|F1,era5loc_ed480fff4117,era5loc_ed480fff4117|2018,FRANCE,CEL,2018,27,2018-05-11,29,False,0,0.031,3.1,20.177771429940226,canopy_logit_trend_BASF_frozen
2018|M3|bloc2|CEL,2018,2018-06-15,M3,bloc2,CEL,2.2,10,0,0,"1071,1072,1073,1074,1075,1076,1077,1078,1079,1080",1,2018|M3|bloc2|CEL|F1,era5loc_ed480fff4117,era5loc_ed480fff4117|2018,FRANCE,CEL,2018,27,2018-05-11,35,False,0,0.022000000000000002,2.2,36.24878688993275,canopy_logit_trend_BASF_frozen
2018|M3|bloc2|CEL,2018,2018-05-28,M3,bloc2,CEL,0.3,10,0,0,"591,592,593,594,595,596,597,598,599,600",2,2018|M3|bloc2|CEL|F2,era5loc_ed480fff4117,era5loc_ed480fff4117|2018,FRANCE,CEL,2018,28,2018-05-11,17,False,1,0.003,0.3,4.758438992523635,canopy_logit_trend_BASF_frozen
2018|M3|bloc2|CEL,2018,2018-06-09,M3,bloc2,CEL,6.666666666666667,9,0,1,"831,832,833,834,835,836,837,838,839,840",2,2018|M3|bloc2|CEL|F2,era5loc_ed480fff4117,era5loc_ed480fff4117|2018,FRANCE,CEL,2018,28,2018-05-11,29,False,1,0.06666666666666667,6.666666666666667,20.177771429940226,canopy_logit_trend_BASF_frozen
2018|M3|bloc2|CEL,2018,2018-05-28,M3,bloc2,CEL,2.5,10,0,0,"591,592,593,594,595,596,597,598,599,600",3,2018|M3|bloc2|CEL|F3,era5loc_ed480fff4117,era5loc_ed480fff4117|2018,FRANCE,CEL,2018,29,2018-05-11,17,False,2,0.025,2.5,32.90115168708035,canopy_logit_trend_BASF_frozen
2018|M3|bloc2|CEL,2018,2018-06-09,M3,bloc2,CEL,18.0,5,0,5,"831,832,833,834,835,836,837,838,839,840",3,2018|M3|bloc2|CEL|F3,era5loc_ed480fff4117,era5loc_ed480fff4117|2018,FRANCE,CEL,2018,29,2018-05-11,29,False,2,0.18,18.0,71.27170907661863,canopy_logit_trend_BASF_frozen
2018|M3|bloc3|APA,2018,2018-05-28,M3,bloc3,APA,0.0,10,0,0,"501,502,503,504,505,506,507,508,509,510",1,2018|M3|bloc3|APA|F1,era5loc_ed480fff4117,era5loc_ed480fff4117|2018,FRANCE,APA,2018,30,2018-05-11,17,False,0,0.0,0.0,4.753996809831791,canopy_logit_trend_BASF_frozen
2018|M3|bloc3|APA,2018,2018-06-09,M3,bloc3,APA,1.4,10,0,0,"741,742,743,744,745,746,747,748,749,750",1,2018|M3|bloc3|APA|F1,era5loc_ed480fff4117,era5loc_ed480fff4117|2018,FRANCE,APA,2018,30,2018-05-11,29,False,0,0.013999999999999999,1.4,20.150841979569186,canopy_logit_trend_BASF_frozen
2018|M3|bloc3|APA,2018,2018-06-15,M3,bloc3,APA,3.9,10,0,0,"981,982,983,984,985,986,987,988,989,990",1,2018|M3|bloc3|APA|F1,era5loc_ed480fff4117,era5loc_ed480fff4117|2018,FRANCE,APA,2018,30,2018-05-11,35,False,0,0.039,3.9,36.20214475496135,canopy_logit_trend_BASF_frozen
2018|M3|bloc3|APA,2018,2018-05-28,M3,bloc3,APA,0.5,10,0,0,"501,502,503,504,505,506,507,508,509,510",2,2018|M3|bloc3|APA|F2,era5loc_ed480fff4117,era5loc_ed480fff4117|2018,FRANCE,APA,2018,31,2018-05-11,17,False,1,0.005,0.5,4.753996809831791,canopy_logit_trend_BASF_frozen
2018|M3|bloc3|APA,2018,2018-06-09,M3,bloc3,APA,21.0,10,0,0,"741,742,743,744,745,746,747,748,749,750",2,2018|M3|bloc3|APA|F2,era5loc_ed480fff4117,era5loc_ed480fff4117|2018,FRANCE,APA,2018,31,2018-05-11,29,False,1,0.21,21.0,20.150841979569186,canopy_logit_trend_BASF_frozen
2018|M3|bloc3|APA,2018,2018-05-28,M3,bloc3,APA,6.0,10,0,0,"501,502,503,504,505,506,507,508,509,510",3,2018|M3|bloc3|APA|F3,era5loc_ed480fff4117,era5loc_ed480fff4117|2018,FRANCE,APA,2018,32,2018-05-11,17,False,2,0.06,6.0,62.74890399336394,canopy_logit_trend_BASF_frozen
2018|M3|bloc3|APA,2018,2018-06-09,M3,bloc3,APA,26.11111111111111,9,0,1,"741,742,743,744,745,746,747,748,749,750",3,2018|M3|bloc3|APA|F3,era5loc_ed480fff4117,era5loc_ed480fff4117|2018,FRANCE,APA,2018,32,2018-05-11,29,False,2,0.2611111111111111,26.11111111111111,89.49229600257279,canopy_logit_trend_BASF_frozen
2018|M3|bloc3|CEL,2018,2018-05-28,M3,bloc3,CEL,0.4,10,0,0,"511,512,513,514,515,516,517,518,519,520",1,2018|M3|bloc3|CEL|F1,era5loc_ed480fff4117,era5loc_ed480fff4117|2018,FRANCE,CEL,2018,33,2018-05-11,17,False,0,0.004,0.4,4.75926374875421,canopy_logit_trend_BASF_frozen
2018|M3|bloc3|CEL,2018,2018-06-09,M3,bloc3,CEL,0.3,10,0,0,"751,752,753,754,755,756,757,758,759,760",1,2018|M3|bloc3|CEL|F1,era5loc_ed480fff4117,era5loc_ed480fff4117|2018,FRANCE,CEL,2018,33,2018-05-11,29,False,0,0.003,0.3,20.18277160450619,canopy_logit_trend_BASF_frozen
2018|M3|bloc3|CEL,2018,2018-06-15,M3,bloc3,CEL,1.6,10,0,0,"991,992,993,994,995,996,997,998,999,1000",1,2018|M3|bloc3|CEL|F1,era5loc_ed480fff4117,era5loc_ed480fff4117|2018,FRANCE,CEL,2018,33,2018-05-11,35,False,0,0.016,1.6,36.25744498326952,canopy_logit_trend_BASF_frozen
2018|M3|bloc3|CEL,2018,2018-05-28,M3,bloc3,CEL,0.4,10,0,0,"511,512,513,514,515,516,517,518,519,520",2,2018|M3|bloc3|CEL|F2,era5loc_ed480fff4117,era5loc_ed480fff4117|2018,FRANCE,CEL,2018,34,2018-05-11,17,False,1,0.004,0.4,4.75926374875421,canopy_logit_trend_BASF_frozen
2018|M3|bloc3|CEL,2018,2018-06-09,M3,bloc3,CEL,4.6,10,0,0,"751,752,753,754,755,756,757,758,759,760",2,2018|M3|bloc3|CEL|F2,era5loc_ed480fff4117,era5loc_ed480fff4117|2018,FRANCE,CEL,2018,34,2018-05-11,29,False,1,0.046,4.6,20.18277160450619,canopy_logit_trend_BASF_frozen
2018|M3|bloc3|CEL,2018,2018-05-28,M3,bloc3,CEL,9.9,10,0,0,"511,512,513,514,515,516,517,518,519,520",3,2018|M3|bloc3|CEL|F3,era5loc_ed480fff4117,era5loc_ed480fff4117|2018,FRANCE,CEL,2018,35,2018-05-11,17,False,2,0.099,9.9,23.521250378772617,canopy_logit_trend_BASF_frozen
2018|M3|bloc3|CEL,2018,2018-06-09,M3,bloc3,CEL,11.8,10,0,0,"751,752,753,754,755,756,757,758,759,760",3,2018|M3|bloc3|CEL|F3,era5loc_ed480fff4117,era5loc_ed480fff4117|2018,FRANCE,CEL,2018,35,2018-05-11,29,False,2,0.11800000000000001,11.8,60.880601127579936,canopy_logit_trend_BASF_frozen
2018|M4|bloc1|APA,2018,2018-05-28,M4,bloc1,APA,0.4,10,0,0,"681,682,683,684,685,686,687,688,689,690",1,2018|M4|bloc1|APA|F1,era5loc_ed480fff4117,era5loc_ed480fff4117|2018,FRANCE,APA,2018,36,2018-05-11,17,False,0,0.004,0.4,4.755232897809496,canopy_logit_trend_BASF_frozen
2018|M4|bloc1|APA,2018,2018-06-09,M4,bloc1,APA,2.9,10,0,0,"921,922,923,924,925,926,927,928,929,930",1,2018|M4|bloc1|APA|F1,era5loc_ed480fff4117,era5loc_ed480fff4117|2018,FRANCE,APA,2018,36,2018-05-11,29,False,0,0.028999999999999998,2.9,20.158335106195537,canopy_logit_trend_BASF_frozen
2018|M4|bloc1|APA,2018,2018-06-15,M4,bloc1,APA,12.3,10,0,0,"1161,1162,1163,1164,1165,1166,1167,1168,1169,1170",1,2018|M4|bloc1|APA|F1,era5loc_ed480fff4117,era5loc_ed480fff4117|2018,FRANCE,APA,2018,36,2018-05-11,35,False,0,0.12300000000000001,12.3,36.21512501122914,canopy_logit_trend_BASF_frozen
2018|M4|bloc1|APA,2018,2018-05-28,M4,bloc1,APA,1.2,10,0,0,"681,682,683,684,685,686,687,688,689,690",2,2018|M4|bloc1|APA|F2,era5loc_ed480fff4117,era5loc_ed480fff4117|2018,FRANCE,APA,2018,37,2018-05-11,17,False,1,0.012,1.2,4.755232897809496,canopy_logit_trend_BASF_frozen
2018|M4|bloc1|APA,2018,2018-06-09,M4,bloc1,APA,7.777777777777778,9,0,1,"921,922,923,924,925,926,927,928,929,930",2,2018|M4|bloc1|APA|F2,era5loc_ed480fff4117,era5loc_ed480fff4117|2018,FRANCE,APA,2018,37,2018-05-11,29,False,1,0.07777777777777778,7.777777777777778,20.158335106195537,canopy_logit_trend_BASF_frozen
2018|M4|bloc1|APA,2018,2018-05-28,M4,bloc1,APA,3.9,10,0,0,"681,682,683,684,685,686,687,688,689,690",3,2018|M4|bloc1|APA|F3,era5loc_ed480fff4117,era5loc_ed480fff4117|2018,FRANCE,APA,2018,38,2018-05-11,17,False,2,0.039,3.9,56.830751057446896,canopy_logit_trend_BASF_frozen
2018|M4|bloc1|APA,2018,2018-06-09,M4,bloc1,APA,14.8,10,0,0,"921,922,923,924,925,926,927,928,929,930",3,2018|M4|bloc1|APA|F3,era5loc_ed480fff4117,era5loc_ed480fff4117|2018,FRANCE,APA,2018,38,2018-05-11,29,False,2,0.14800000000000002,14.8,86.94070200517935,canopy_logit_trend_BASF_frozen
2018|M4|bloc1|CEL,2018,2018-05-28,M4,bloc1,CEL,0.1,10,0,0,"691,692,693,694,695,696,697,698,699,700",1,2018|M4|bloc1|CEL|F1,era5loc_ed480fff4117,era5loc_ed480fff4117|2018,FRANCE,CEL,2018,39,2018-05-11,17,False,0,0.001,0.1,4.757614372079458,canopy_logit_trend_BASF_frozen
2018|M4|bloc1|CEL,2018,2018-06-09,M4,bloc1,CEL,1.3,10,0,0,"931,932,933,934,935,936,937,938,939,940",1,2018|M4|bloc1|CEL|F1,era5loc_ed480fff4117,era5loc_ed480fff4117|2018,FRANCE,CEL,2018,39,2018-05-11,29,False,0,0.013000000000000001,1.3,20.17277218105872,canopy_logit_trend_BASF_frozen
2018|M4|bloc1|CEL,2018,2018-06-15,M4,bloc1,CEL,2.3,10,0,0,"1171,1172,1173,1174,1175,1176,1177,1178,1179,1180",1,2018|M4|bloc1|CEL|F1,era5loc_ed480fff4117,era5loc_ed480fff4117|2018,FRANCE,CEL,2018,39,2018-05-11,35,False,0,0.023,2.3,36.240129688645304,canopy_logit_trend_BASF_frozen
2018|M4|bloc1|CEL,2018,2018-05-28,M4,bloc1,CEL,0.2,10,0,0,"691,692,693,694,695,696,697,698,699,700",2,2018|M4|bloc1|CEL|F2,era5loc_ed480fff4117,era5loc_ed480fff4117|2018,FRANCE,CEL,2018,40,2018-05-11,17,False,1,0.002,0.2,4.757614372079458,canopy_logit_trend_BASF_frozen
2018|M4|bloc1|CEL,2018,2018-06-09,M4,bloc1,CEL,3.5,10,0,0,"931,932,933,934,935,936,937,938,939,940",2,2018|M4|bloc1|CEL|F2,era5loc_ed480fff4117,era5loc_ed480fff4117|2018,FRANCE,CEL,2018,40,2018-05-11,29,False,1,0.035,3.5,20.17277218105872,canopy_logit_trend_BASF_frozen
2018|M4|bloc1|CEL,2018,2018-05-28,M4,bloc1,CEL,6.0,10,0,0,"691,692,693,694,695,696,697,698,699,700",3,2018|M4|bloc1|CEL|F3,era5loc_ed480fff4117,era5loc_ed480fff4117|2018,FRANCE,CEL,2018,41,2018-05-11,17,False,2,0.06,6.0,39.23808174508112,canopy_logit_trend_BASF_frozen
2018|M4|bloc1|CEL,2018,2018-06-09,M4,bloc1,CEL,15.8,10,0,0,"931,932,933,934,935,936,937,938,939,940",3,2018|M4|bloc1|CEL|F3,era5loc_ed480fff4117,era5loc_ed480fff4117|2018,FRANCE,CEL,2018,41,2018-05-11,29,False,2,0.158,15.8,76.56361699868755,canopy_logit_trend_BASF_frozen
2018|M4|bloc2|APA,2018,2018-05-28,M4,bloc2,APA,0.0,10,0,0,"601,602,603,604,605,606,607,608,609,610",1,2018|M4|bloc2|APA|F1,era5loc_ed480fff4117,era5loc_ed480fff4117|2018,FRANCE,APA,2018,42,2018-05-11,17,False,0,0.0,0.0,4.754729269555711,canopy_logit_trend_BASF_frozen
2018|M4|bloc2|APA,2018,2018-06-09,M4,bloc2,APA,1.0,10,0,0,"841,842,843,844,845,846,847,848,849,850",1,2018|M4|bloc2|APA|F1,era5loc_ed480fff4117,era5loc_ed480fff4117|2018,FRANCE,APA,2018,42,2018-05-11,29,False,0,0.01,1.0,20.15528209950329,canopy_logit_trend_BASF_frozen
2018|M4|bloc2|APA,2018,2018-06-15,M4,bloc2,APA,9.6,10,0,0,"1081,1082,1083,1084,1085,1086,1087,1088,1089,1090",1,2018|M4|bloc2|APA|F1,era5loc_ed480fff4117,era5loc_ed480fff4117|2018,FRANCE,APA,2018,42,2018-05-11,35,False,0,0.096,9.6,36.209836515805335,canopy_logit_trend_BASF_frozen
2018|M4|bloc2|APA,2018,2018-05-28,M4,bloc2,APA,0.3,10,0,0,"601,602,603,604,605,606,607,608,609,610",2,2018|M4|bloc2|APA|F2,era5loc_ed480fff4117,era5loc_ed480fff4117|2018,FRANCE,APA,2018,43,2018-05-11,17,False,1,0.003,0.3,4.754729269555711,canopy_logit_trend_BASF_frozen
2018|M4|bloc2|APA,2018,2018-06-09,M4,bloc2,APA,5.4,10,0,0,"841,842,843,844,845,846,847,848,849,850",2,2018|M4|bloc2|APA|F2,era5loc_ed480fff4117,era5loc_ed480fff4117|2018,FRANCE,APA,2018,43,2018-05-11,29,False,1,0.054000000000000006,5.4,20.15528209950329,canopy_logit_trend_BASF_frozen
2018|M4|bloc2|APA,2018,2018-05-28,M4,bloc2,APA,3.1,10,0,0,"601,602,603,604,605,606,607,608,609,610",3,2018|M4|bloc2|APA|F3,era5loc_ed480fff4117,era5loc_ed480fff4117|2018,FRANCE,APA,2018,44,2018-05-11,17,False,2,0.031,3.1,59.10338138231398,canopy_logit_trend_BASF_frozen
2018|M4|bloc2|APA,2018,2018-06-09,M4,bloc2,APA,11.444444444444445,9,0,1,"841,842,843,844,845,846,847,848,849,850",3,2018|M4|bloc2|APA|F3,era5loc_ed480fff4117,era5loc_ed480fff4117|2018,FRANCE,APA,2018,44,2018-05-11,29,False,2,0.11444444444444445,11.444444444444445,87.96308464106643,canopy_logit_trend_BASF_frozen
2018|M4|bloc2|CEL,2018,2018-05-28,M4,bloc2,CEL,0.0,10,0,0,"611,612,613,614,615,616,617,618,619,620",1,2018|M4|bloc2|CEL|F1,era5loc_ed480fff4117,era5loc_ed480fff4117|2018,FRANCE,CEL,2018,45,2018-05-11,17,False,0,0.0,0.0,4.759859490490472,canopy_logit_trend_BASF_frozen
2018|M4|bloc2|CEL,2018,2018-06-09,M4,bloc2,CEL,0.0,10,0,0,"851,852,853,854,855,856,857,858,859,860",1,2018|M4|bloc2|CEL|F1,era5loc_ed480fff4117,era5loc_ed480fff4117|2018,FRANCE,CEL,2018,45,2018-05-11,29,False,0,0.0,0.0,20.186383417397547,canopy_logit_trend_BASF_frozen
2018|M4|bloc2|CEL,2018,2018-06-15,M4,bloc2,CEL,1.1,10,0,0,"1091,1092,1093,1094,1095,1096,1097,1098,1099,1100",1,2018|M4|bloc2|CEL|F1,era5loc_ed480fff4117,era5loc_ed480fff4117|2018,FRANCE,CEL,2018,45,2018-05-11,35,False,0,0.011000000000000001,1.1,36.26369860519183,canopy_logit_trend_BASF_frozen
2018|M4|bloc2|CEL,2018,2018-05-28,M4,bloc2,CEL,0.1,10,0,0,"611,612,613,614,615,616,617,618,619,620",2,2018|M4|bloc2|CEL|F2,era5loc_ed480fff4117,era5loc_ed480fff4117|2018,FRANCE,CEL,2018,46,2018-05-11,17,False,1,0.001,0.1,4.759859490490472,canopy_logit_trend_BASF_frozen
2018|M4|bloc2|CEL,2018,2018-06-09,M4,bloc2,CEL,3.1,10,0,0,"851,852,853,854,855,856,857,858,859,860",2,2018|M4|bloc2|CEL|F2,era5loc_ed480fff4117,era5loc_ed480fff4117|2018,FRANCE,CEL,2018,46,2018-05-11,29,False,1,0.031,3.1,20.186383417397547,canopy_logit_trend_BASF_frozen
2018|M4|bloc2|CEL,2018,2018-05-28,M4,bloc2,CEL,2.4444444444444446,9,0,1,"611,612,613,614,615,616,617,618,619,620",3,2018|M4|bloc2|CEL|F3,era5loc_ed480fff4117,era5loc_ed480fff4117|2018,FRANCE,CEL,2018,47,2018-05-11,17,False,2,0.024444444444444446,2.4444444444444446,13.92041631332278,canopy_logit_trend_BASF_frozen
2018|M4|bloc2|CEL,2018,2018-06-09,M4,bloc2,CEL,6.25,8,0,2,"851,852,853,854,855,856,857,858,859,860",3,2018|M4|bloc2|CEL|F3,era5loc_ed480fff4117,era5loc_ed480fff4117|2018,FRANCE,CEL,2018,47,2018-05-11,29,False,2,0.0625,6.25,45.0062497129406,canopy_logit_trend_BASF_frozen
2018|M4|bloc3|APA,2018,2018-05-28,M4,bloc3,APA,0.1,10,0,0,"521,522,523,524,525,526,527,528,529,530",1,2018|M4|bloc3|APA|F1,era5loc_ed480fff4117,era5loc_ed480fff4117|2018,FRANCE,APA,2018,48,2018-05-11,17,False,0,0.001,0.1,4.7578892304747,canopy_logit_trend_BASF_frozen
2018|M4|bloc3|APA,2018,2018-06-09,M4,bloc3,APA,0.7,10,0,0,"761,762,763,764,765,766,767,768,769,770",1,2018|M4|bloc3|APA|F1,era5loc_ed480fff4117,era5loc_ed480fff4117|2018,FRANCE,APA,2018,48,2018-05-11,29,False,0,0.006999999999999999,0.7,20.17443849449972,canopy_logit_trend_BASF_frozen
2018|M4|bloc3|APA,2018,2018-06-15,M4,bloc3,APA,1.1,10,0,0,"1001,1002,1003,1004,1005,1006,1007,1008,1009,1010",1,2018|M4|bloc3|APA|F1,era5loc_ed480fff4117,era5loc_ed480fff4117|2018,FRANCE,APA,2018,48,2018-05-11,35,False,0,0.011000000000000001,1.1,36.2430153232622,canopy_logit_trend_BASF_frozen
2018|M4|bloc3|APA,2018,2018-05-28,M4,bloc3,APA,0.8,10,0,0,"521,522,523,524,525,526,527,528,529,530",2,2018|M4|bloc3|APA|F2,era5loc_ed480fff4117,era5loc_ed480fff4117|2018,FRANCE,APA,2018,49,2018-05-11,17,False,1,0.008,0.8,4.7578892304747,canopy_logit_trend_BASF_frozen
2018|M4|bloc3|APA,2018,2018-06-09,M4,bloc3,APA,18.5,10,0,0,"761,762,763,764,765,766,767,768,769,770",2,2018|M4|bloc3|APA|F2,era5loc_ed480fff4117,era5loc_ed480fff4117|2018,FRANCE,APA,2018,49,2018-05-11,29,False,1,0.185,18.5,20.17443849449972,canopy_logit_trend_BASF_frozen
2018|M4|bloc3|APA,2018,2018-05-28,M4,bloc3,APA,10.555555555555555,9,0,1,"521,522,523,524,525,526,527,528,529,530",3,2018|M4|bloc3|APA|F3,era5loc_ed480fff4117,era5loc_ed480fff4117|2018,FRANCE,APA,2018,50,2018-05-11,17,False,2,0.10555555555555556,10.555555555555555,38.82086022111573,canopy_logit_trend_BASF_frozen
2018|M4|bloc3|APA,2018,2018-06-09,M4,bloc3,APA,29.375,8,0,2,"761,762,763,764,765,766,767,768,769,770",3,2018|M4|bloc3|APA|F3,era5loc_ed480fff4117,era5loc_ed480fff4117|2018,FRANCE,APA,2018,50,2018-05-11,29,False,2,0.29375,29.375,76.24832005949123,canopy_logit_trend_BASF_frozen
2018|M4|bloc3|CEL,2018,2018-05-28,M4,bloc3,CEL,0.0,10,0,0,"531,532,533,534,535,536,537,538,539,540",1,2018|M4|bloc3|CEL|F1,era5loc_ed480fff4117,era5loc_ed480fff4117|2018,FRANCE,CEL,2018,51,2018-05-11,17,False,0,0.0,0.0,4.759996979413204,canopy_logit_trend_BASF_frozen
2018|M4|bloc3|CEL,2018,2018-06-09,M4,bloc3,CEL,0.1,10,0,0,"771,772,773,774,775,776,777,778,779,780",1,2018|M4|bloc3|CEL|F1,era5loc_ed480fff4117,era5loc_ed480fff4117|2018,FRANCE,CEL,2018,51,2018-05-11,29,False,0,0.001,0.1,20.187216981251236,canopy_logit_trend_BASF_frozen
2018|M4|bloc3|CEL,2018,2018-06-15,M4,bloc3,CEL,0.6,10,0,0,"1011,1012,1013,1014,1015,1016,1017,1018,1019,1020",1,2018|M4|bloc3|CEL|F1,era5loc_ed480fff4117,era5loc_ed480fff4117|2018,FRANCE,CEL,2018,51,2018-05-11,35,False,0,0.006,0.6,36.26514181473661,canopy_logit_trend_BASF_frozen
2018|M4|bloc3|CEL,2018,2018-05-28,M4,bloc3,CEL,0.1,10,0,0,"531,532,533,534,535,536,537,538,539,540",2,2018|M4|bloc3|CEL|F2,era5loc_ed480fff4117,era5loc_ed480fff4117|2018,FRANCE,CEL,2018,52,2018-05-11,17,False,1,0.001,0.1,4.759996979413204,canopy_logit_trend_BASF_frozen
2018|M4|bloc3|CEL,2018,2018-06-09,M4,bloc3,CEL,1.7,10,0,0,"771,772,773,774,775,776,777,778,779,780",2,2018|M4|bloc3|CEL|F2,era5loc_ed480fff4117,era5loc_ed480fff4117|2018,FRANCE,CEL,2018,52,2018-05-11,29,False,1,0.017,1.7,20.187216981251236,canopy_logit_trend_BASF_frozen
2018|M4|bloc3|CEL,2018,2018-05-28,M4,bloc3,CEL,3.1,10,0,0,"531,532,533,534,535,536,537,538,539,540",3,2018|M4|bloc3|CEL|F3,era5loc_ed480fff4117,era5loc_ed480fff4117|2018,FRANCE,CEL,2018,53,2018-05-11,17,False,2,0.031,3.1,12.374358257545161,canopy_logit_trend_BASF_frozen
2018|M4|bloc3|CEL,2018,2018-06-09,M4,bloc3,CEL,9.777777777777779,9,0,1,"771,772,773,774,775,776,777,778,779,780",3,2018|M4|bloc3|CEL|F3,era5loc_ed480fff4117,era5loc_ed480fff4117|2018,FRANCE,CEL,2018,53,2018-05-11,29,False,2,0.09777777777777778,9.777777777777779,41.679887978642945,canopy_logit_trend_BASF_frozen
2018|M5|bloc1|APA,2018,2018-05-28,M5,bloc1,APA,0.1,10,0,0,"701,702,703,704,705,706,707,708,709,710",1,2018|M5|bloc1|APA|F1,era5loc_ed480fff4117,era5loc_ed480fff4117|2018,FRANCE,APA,2018,54,2018-05-11,17,False,0,0.001,0.1,4.7528525561240835,canopy_logit_trend_BASF_frozen
2018|M5|bloc1|APA,2018,2018-06-09,M5,bloc1,APA,1.6,10,0,0,"941,942,943,944,945,946,947,948,949,950",1,2018|M5|bloc1|APA|F1,era5loc_ed480fff4117,era5loc_ed480fff4117|2018,FRANCE,APA,2018,54,2018-05-11,29,False,0,0.016,1.6,20.143905756266307,canopy_logit_trend_BASF_frozen
2018|M5|bloc1|APA,2018,2018-06-15,M5,bloc1,APA,12.6,10,0,0,"1181,1182,1183,1184,1185,1186,1187,1188,1189,1190",1,2018|M5|bloc1|APA|F1,era5loc_ed480fff4117,era5loc_ed480fff4117|2018,FRANCE,APA,2018,54,2018-05-11,35,False,0,0.126,12.6,36.19012779379971,canopy_logit_trend_BASF_frozen
2018|M5|bloc1|APA,2018,2018-05-28,M5,bloc1,APA,0.9,10,0,0,"701,702,703,704,705,706,707,708,709,710",2,2018|M5|bloc1|APA|F2,era5loc_ed480fff4117,era5loc_ed480fff4117|2018,FRANCE,APA,2018,55,2018-05-11,17,False,1,0.009000000000000001,0.9,4.7528525561240835,canopy_logit_trend_BASF_frozen
2018|M5|bloc1|APA,2018,2018-06-09,M5,bloc1,APA,4.6,10,0,0,"941,942,943,944,945,946,947,948,949,950",2,2018|M5|bloc1|APA|F2,era5loc_ed480fff4117,era5loc_ed480fff4117|2018,FRANCE,APA,2018,55,2018-05-11,29,False,1,0.046,4.6,20.143905756266307,canopy_logit_trend_BASF_frozen
2018|M5|bloc1|APA,2018,2018-05-28,M5,bloc1,APA,6.8,10,0,0,"701,702,703,704,705,706,707,708,709,710",3,2018|M5|bloc1|APA|F3,era5loc_ed480fff4117,era5loc_ed480fff4117|2018,FRANCE,APA,2018,56,2018-05-11,17,False,2,0.068,6.8,67.03895528153176,canopy_logit_trend_BASF_frozen
2018|M5|bloc1|APA,2018,2018-06-09,M5,bloc1,APA,10.11111111111111,9,0,1,"941,942,943,944,945,946,947,948,949,950",3,2018|M5|bloc1|APA|F3,era5loc_ed480fff4117,era5loc_ed480fff4117|2018,FRANCE,APA,2018,56,2018-05-11,29,False,2,0.10111111111111111,10.11111111111111,91.13598707901401,canopy_logit_trend_BASF_frozen
2018|M5|bloc1|CEL,2018,2018-05-28,M5,bloc1,CEL,0.0,10,0,0,"711,712,713,714,715,716,717,718,719,720",1,2018|M5|bloc1|CEL|F1,era5loc_ed480fff4117,era5loc_ed480fff4117|2018,FRANCE,CEL,2018,57,2018-05-11,17,False,0,0.0,0.0,4.759951149353088,canopy_logit_trend_BASF_frozen
2018|M5|bloc1|CEL,2018,2018-06-09,M5,bloc1,CEL,0.0,10,0,0,"951,952,953,954,955,956,957,958,959,960",1,2018|M5|bloc1|CEL|F1,era5loc_ed480fff4117,era5loc_ed480fff4117|2018,FRANCE,CEL,2018,57,2018-05-11,29,False,0,0.0,0.0,20.1869391237762,canopy_logit_trend_BASF_frozen
2018|M5|bloc1|CEL,2018,2018-06-15,M5,bloc1,CEL,0.6,10,0,0,"1191,1192,1193,1194,1195,1196,1197,1198,1199,1200",1,2018|M5|bloc1|CEL|F1,era5loc_ed480fff4117,era5loc_ed480fff4117|2018,FRANCE,CEL,2018,57,2018-05-11,35,False,0,0.006,0.6,36.26466074213774,canopy_logit_trend_BASF_frozen
2018|M5|bloc1|CEL,2018,2018-05-28,M5,bloc1,CEL,0.1,10,0,0,"711,712,713,714,715,716,717,718,719,720",2,2018|M5|bloc1|CEL|F2,era5loc_ed480fff4117,era5loc_ed480fff4117|2018,FRANCE,CEL,2018,58,2018-05-11,17,False,1,0.001,0.1,4.759951149353088,canopy_logit_trend_BASF_frozen
2018|M5|bloc1|CEL,2018,2018-06-09,M5,bloc1,CEL,0.3,10,0,0,"951,952,953,954,955,956,957,958,959,960",2,2018|M5|bloc1|CEL|F2,era5loc_ed480fff4117,era5loc_ed480fff4117|2018,FRANCE,CEL,2018,58,2018-05-11,29,False,1,0.003,0.3,20.1869391237762,canopy_logit_trend_BASF_frozen
2018|M5|bloc1|CEL,2018,2018-05-28,M5,bloc1,CEL,2.3,10,0,0,"711,712,713,714,715,716,717,718,719,720",3,2018|M5|bloc1|CEL|F3,era5loc_ed480fff4117,era5loc_ed480fff4117|2018,FRANCE,CEL,2018,59,2018-05-11,17,False,2,0.023,2.3,13.153552149610817,canopy_logit_trend_BASF_frozen
2018|M5|bloc1|CEL,2018,2018-06-09,M5,bloc1,CEL,4.5,10,0,0,"951,952,953,954,955,956,957,958,959,960",3,2018|M5|bloc1|CEL|F3,era5loc_ed480fff4117,era5loc_ed480fff4117|2018,FRANCE,CEL,2018,59,2018-05-11,29,False,2,0.045,4.5,43.390459058872,canopy_logit_trend_BASF_frozen
2018|M5|bloc2|APA,2018,2018-05-28,M5,bloc2,APA,0.4,10,0,0,"621,622,623,624,625,626,627,628,629,630",1,2018|M5|bloc2|APA|F1,era5loc_ed480fff4117,era5loc_ed480fff4117|2018,FRANCE,APA,2018,60,2018-05-11,17,False,0,0.004,0.4,4.7542714696646176,canopy_logit_trend_BASF_frozen
2018|M5|bloc2|APA,2018,2018-06-09,M5,bloc2,APA,1.7,10,0,0,"861,862,863,864,865,866,867,868,869,870",1,2018|M5|bloc2|APA|F1,era5loc_ed480fff4117,era5loc_ed480fff4117|2018,FRANCE,APA,2018,60,2018-05-11,29,False,0,0.017,1.7,20.152506938840524,canopy_logit_trend_BASF_frozen
2018|M5|bloc2|APA,2018,2018-06-15,M5,bloc2,APA,14.5,10,0,0,"1101,1102,1103,1104,1105,1106,1107,1108,1109,1110",1,2018|M5|bloc2|APA|F1,era5loc_ed480fff4117,era5loc_ed480fff4117|2018,FRANCE,APA,2018,60,2018-05-11,35,False,0,0.145,14.5,36.20502908246429,canopy_logit_trend_BASF_frozen
2018|M5|bloc2|APA,2018,2018-05-28,M5,bloc2,APA,0.6,10,0,0,"621,622,623,624,625,626,627,628,629,630",2,2018|M5|bloc2|APA|F2,era5loc_ed480fff4117,era5loc_ed480fff4117|2018,FRANCE,APA,2018,61,2018-05-11,17,False,1,0.006,0.6,4.7542714696646176,canopy_logit_trend_BASF_frozen
2018|M5|bloc2|APA,2018,2018-06-09,M5,bloc2,APA,7.6,10,0,0,"861,862,863,864,865,866,867,868,869,870",2,2018|M5|bloc2|APA|F2,era5loc_ed480fff4117,era5loc_ed480fff4117|2018,FRANCE,APA,2018,61,2018-05-11,29,False,1,0.076,7.6,20.152506938840524,canopy_logit_trend_BASF_frozen
2018|M5|bloc2|APA,2018,2018-05-28,M5,bloc2,APA,8.2,10,0,0,"621,622,623,624,625,626,627,628,629,630",3,2018|M5|bloc2|APA|F3,era5loc_ed480fff4117,era5loc_ed480fff4117|2018,FRANCE,APA,2018,62,2018-05-11,17,False,2,0.08199999999999999,8.2,60.78856777928643,canopy_logit_trend_BASF_frozen
2018|M5|bloc2|APA,2018,2018-06-09,M5,bloc2,APA,17.0,10,0,0,"861,862,863,864,865,866,867,868,869,870",3,2018|M5|bloc2|APA|F3,era5loc_ed480fff4117,era5loc_ed480fff4117|2018,FRANCE,APA,2018,62,2018-05-11,29,False,2,0.17,17.0,88.6859916479541,canopy_logit_trend_BASF_frozen
2018|M5|bloc2|CEL,2018,2018-05-28,M5,bloc2,CEL,0.1,10,0,0,"631,632,633,634,635,636,637,638,639,640",1,2018|M5|bloc2|CEL|F1,era5loc_ed480fff4117,era5loc_ed480fff4117|2018,FRANCE,CEL,2018,63,2018-05-11,17,False,0,0.001,0.1,4.759767833304658,canopy_logit_trend_BASF_frozen
2018|M5|bloc2|CEL,2018,2018-06-09,M5,bloc2,CEL,0.5,10,0,0,"871,872,873,874,875,876,877,878,879,880",1,2018|M5|bloc2|CEL|F1,era5loc_ed480fff4117,era5loc_ed480fff4117|2018,FRANCE,CEL,2018,63,2018-05-11,29,False,0,0.005,0.5,20.185827722447456,canopy_logit_trend_BASF_frozen
2018|M5|bloc2|CEL,2018,2018-06-15,M5,bloc2,CEL,0.3,10,0,0,"1111,1112,1113,1114,1115,1116,1117,1118,1119,1120",1,2018|M5|bloc2|CEL|F1,era5loc_ed480fff4117,era5loc_ed480fff4117|2018,FRANCE,CEL,2018,63,2018-05-11,35,False,0,0.003,0.3,36.26273647924889,canopy_logit_trend_BASF_frozen
2018|M5|bloc2|CEL,2018,2018-05-28,M5,bloc2,CEL,0.4,10,0,0,"631,632,633,634,635,636,637,638,639,640",2,2018|M5|bloc2|CEL|F2,era5loc_ed480fff4117,era5loc_ed480fff4117|2018,FRANCE,CEL,2018,64,2018-05-11,17,False,1,0.004,0.4,4.759767833304658,canopy_logit_trend_BASF_frozen
2018|M5|bloc2|CEL,2018,2018-06-09,M5,bloc2,CEL,2.8,10,0,0,"871,872,873,874,875,876,877,878,879,880",2,2018|M5|bloc2|CEL|F2,era5loc_ed480fff4117,era5loc_ed480fff4117|2018,FRANCE,CEL,2018,64,2018-05-11,29,False,1,0.027999999999999997,2.8,20.185827722447456,canopy_logit_trend_BASF_frozen
2018|M5|bloc2|CEL,2018,2018-05-28,M5,bloc2,CEL,2.7777777777777777,9,0,1,"631,632,633,634,635,636,637,638,639,640",3,2018|M5|bloc2|CEL|F3,era5loc_ed480fff4117,era5loc_ed480fff4117|2018,FRANCE,CEL,2018,65,2018-05-11,17,False,2,0.027777777777777776,2.7777777777777777,16.151045671018146,canopy_logit_trend_BASF_frozen
2018|M5|bloc2|CEL,2018,2018-06-09,M5,bloc2,CEL,7.9,10,0,0,"871,872,873,874,875,876,877,878,879,880",3,2018|M5|bloc2|CEL|F3,era5loc_ed480fff4117,era5loc_ed480fff4117|2018,FRANCE,CEL,2018,65,2018-05-11,29,False,2,0.079,7.9,49.361310202931136,canopy_logit_trend_BASF_frozen
2018|M5|bloc3|APA,2018,2018-05-28,M5,bloc3,APA,0.1,10,0,0,"541,542,543,544,545,546,547,548,549,550",1,2018|M5|bloc3|APA|F1,era5loc_ed480fff4117,era5loc_ed480fff4117|2018,FRANCE,APA,2018,66,2018-05-11,17,False,0,0.001,0.1,4.757843419694549,canopy_logit_trend_BASF_frozen
2018|M5|bloc3|APA,2018,2018-06-09,M5,bloc3,APA,1.3,10,0,0,"781,782,783,784,785,786,787,788,789,790",1,2018|M5|bloc3|APA|F1,era5loc_ed480fff4117,era5loc_ed480fff4117|2018,FRANCE,APA,2018,66,2018-05-11,29,False,0,0.013000000000000001,1.3,20.174160768450367,canopy_logit_trend_BASF_frozen
2018|M5|bloc3|APA,2018,2018-06-15,M5,bloc3,APA,10.3,10,0,0,"1021,1022,1023,1024,1025,1026,1027,1028,1029,1030",1,2018|M5|bloc3|APA|F1,era5loc_ed480fff4117,era5loc_ed480fff4117|2018,FRANCE,APA,2018,66,2018-05-11,35,False,0,0.10300000000000001,10.3,36.24253437727341,canopy_logit_trend_BASF_frozen
2018|M5|bloc3|APA,2018,2018-05-28,M5,bloc3,APA,0.9,10,0,0,"541,542,543,544,545,546,547,548,549,550",2,2018|M5|bloc3|APA|F2,era5loc_ed480fff4117,era5loc_ed480fff4117|2018,FRANCE,APA,2018,67,2018-05-11,17,False,1,0.009000000000000001,0.9,4.757843419694549,canopy_logit_trend_BASF_frozen
2018|M5|bloc3|APA,2018,2018-06-09,M5,bloc3,APA,15.4,10,0,0,"781,782,783,784,785,786,787,788,789,790",2,2018|M5|bloc3|APA|F2,era5loc_ed480fff4117,era5loc_ed480fff4117|2018,FRANCE,APA,2018,67,2018-05-11,29,False,1,0.154,15.4,20.174160768450367,canopy_logit_trend_BASF_frozen
2018|M5|bloc3|APA,2018,2018-05-28,M5,bloc3,APA,5.4,10,0,0,"541,542,543,544,545,546,547,548,549,550",3,2018|M5|bloc3|APA|F3,era5loc_ed480fff4117,era5loc_ed480fff4117|2018,FRANCE,APA,2018,68,2018-05-11,17,False,2,0.054000000000000006,5.4,39.23928688631471,canopy_logit_trend_BASF_frozen
2018|M5|bloc3|APA,2018,2018-06-09,M5,bloc3,APA,25.22222222222222,9,0,1,"781,782,783,784,785,786,787,788,789,790",3,2018|M5|bloc3|APA|F3,era5loc_ed480fff4117,era5loc_ed480fff4117|2018,FRANCE,APA,2018,68,2018-05-11,29,False,2,0.25222222222222224,25.22222222222222,76.56516420595769,canopy_logit_trend_BASF_frozen
2018|M5|bloc3|CEL,2018,2018-05-28,M5,bloc3,CEL,0.0,10,0,0,"551,552,553,554,555,556,557,558,559,560",1,2018|M5|bloc3|CEL|F1,era5loc_ed480fff4117,era5loc_ed480fff4117|2018,FRANCE,CEL,2018,69,2018-05-11,17,False,0,0.0,0.0,4.759905319712178,canopy_logit_trend_BASF_frozen
2018|M5|bloc3|CEL,2018,2018-06-09,M5,bloc3,CEL,0.0,10,0,0,"791,792,793,794,795,796,797,798,799,800",1,2018|M5|bloc3|CEL|F1,era5loc_ed480fff4117,era5loc_ed480fff4117|2018,FRANCE,CEL,2018,69,2018-05-11,29,False,0,0.0,0.0,20.186661269158304,canopy_logit_trend_BASF_frozen
2018|M5|bloc3|CEL,2018,2018-06-15,M5,bloc3,CEL,0.3,10,0,0,"1031,1032,1033,1034,1035,1036,1037,1038,1039,1040",1,2018|M5|bloc3|CEL|F1,era5loc_ed480fff4117,era5loc_ed480fff4117|2018,FRANCE,CEL,2018,69,2018-05-11,35,False,0,0.003,0.3,36.26417967228945,canopy_logit_trend_BASF_frozen
2018|M5|bloc3|CEL,2018,2018-05-28,M5,bloc3,CEL,0.1,10,0,0,"551,552,553,554,555,556,557,558,559,560",2,2018|M5|bloc3|CEL|F2,era5loc_ed480fff4117,era5loc_ed480fff4117|2018,FRANCE,CEL,2018,70,2018-05-11,17,False,1,0.001,0.1,4.759905319712178,canopy_logit_trend_BASF_frozen
2018|M5|bloc3|CEL,2018,2018-06-09,M5,bloc3,CEL,1.1,10,0,0,"791,792,793,794,795,796,797,798,799,800",2,2018|M5|bloc3|CEL|F2,era5loc_ed480fff4117,era5loc_ed480fff4117|2018,FRANCE,CEL,2018,70,2018-05-11,29,False,1,0.011000000000000001,1.1,20.186661269158304,canopy_logit_trend_BASF_frozen
2018|M5|bloc3|CEL,2018,2018-05-28,M5,bloc3,CEL,0.4,10,0,0,"551,552,553,554,555,556,557,558,559,560",3,2018|M5|bloc3|CEL|F3,era5loc_ed480fff4117,era5loc_ed480fff4117|2018,FRANCE,CEL,2018,71,2018-05-11,17,False,2,0.004,0.4,13.15343666613983,canopy_logit_trend_BASF_frozen
2018|M5|bloc3|CEL,2018,2018-06-09,M5,bloc3,CEL,6.5,10,0,0,"791,792,793,794,795,796,797,798,799,800",3,2018|M5|bloc3|CEL|F3,era5loc_ed480fff4117,era5loc_ed480fff4117|2018,FRANCE,CEL,2018,71,2018-05-11,29,False,2,0.065,6.5,43.39003545609845,canopy_logit_trend_BASF_frozen
2019|M1|bloc1|APA,2019,2019-06-13,M1,bloc1,APA,9.1,10,0,0,"1741,1742,1743,1744,1745,1746,1747,1748,1749,1750",1,2019|M1|bloc1|APA|F1,era5loc_ed480fff4117,era5loc_ed480fff4117|2019,FRANCE,APA,2019,72,2019-06-06,7,False,0,0.091,9.1,7.3744934089601895,canopy_logit_trend_BASF_frozen
2019|M1|bloc1|APA,2019,2019-06-18,M1,bloc1,APA,12.3,10,0,0,"2101,2102,2103,2104,2105,2106,2107,2108,2109,2110",1,2019|M1|bloc1|APA|F1,era5loc_ed480fff4117,era5loc_ed480fff4117|2019,FRANCE,APA,2019,72,2019-06-06,12,False,0,0.12300000000000001,12.3,13.527095412771379,canopy_logit_trend_BASF_frozen
2019|M1|bloc1|APA,2019,2019-06-26,M1,bloc1,APA,33.5,10,0,0,"1621,1622,1623,1624,1625,1626,1627,1628,1629,1630",1,2019|M1|bloc1|APA|F1,era5loc_ed480fff4117,era5loc_ed480fff4117|2019,FRANCE,APA,2019,72,2019-06-06,20,False,0,0.335,33.5,31.550758458042665,canopy_logit_trend_BASF_frozen
2019|M1|bloc1|APA,2019,2019-06-13,M1,bloc1,APA,12.5,10,0,0,"1741,1742,1743,1744,1745,1746,1747,1748,1749,1750",2,2019|M1|bloc1|APA|F2,era5loc_ed480fff4117,era5loc_ed480fff4117|2019,FRANCE,APA,2019,73,2019-06-06,7,False,1,0.125,12.5,8.075523857189019,canopy_logit_trend_BASF_frozen
2019|M1|bloc1|APA,2019,2019-06-18,M1,bloc1,APA,23.0,10,0,0,"2101,2102,2103,2104,2105,2106,2107,2108,2109,2110",2,2019|M1|bloc1|APA|F2,era5loc_ed480fff4117,era5loc_ed480fff4117|2019,FRANCE,APA,2019,73,2019-06-06,12,False,1,0.23,23.0,14.720052992876292,canopy_logit_trend_BASF_frozen
2019|M1|bloc1|APA,2019,2019-06-26,M1,bloc1,APA,39.375,8,2,0,"1621,1622,1623,1624,1625,1626,1627,1628,1629,1630",2,2019|M1|bloc1|APA|F2,era5loc_ed480fff4117,era5loc_ed480fff4117|2019,FRANCE,APA,2019,73,2019-06-06,20,False,1,0.39375,39.375,33.713518305986106,canopy_logit_trend_BASF_frozen
2019|M1|bloc1|APA,2019,2019-06-13,M1,bloc1,APA,10.88888888888889,9,1,0,"1741,1742,1743,1744,1745,1746,1747,1748,1749,1750",3,2019|M1|bloc1|APA|F3,era5loc_ed480fff4117,era5loc_ed480fff4117|2019,FRANCE,APA,2019,74,2019-06-06,7,False,2,0.1088888888888889,10.88888888888889,7.139409367225364,canopy_logit_trend_BASF_frozen
2019|M1|bloc1|APA,2019,2019-06-18,M1,bloc1,APA,26.0,10,0,0,"2101,2102,2103,2104,2105,2106,2107,2108,2109,2110",3,2019|M1|bloc1|APA|F3,era5loc_ed480fff4117,era5loc_ed480fff4117|2019,FRANCE,APA,2019,74,2019-06-06,12,False,2,0.26,26.0,13.123667869399508,canopy_logit_trend_BASF_frozen
2019|M1|bloc1|APA,2019,2019-06-26,M1,bloc1,APA,38.333333333333336,3,7,0,"1621,1622,1623,1624,1625,1626,1627,1628,1629,1630",3,2019|M1|bloc1|APA|F3,era5loc_ed480fff4117,era5loc_ed480fff4117|2019,FRANCE,APA,2019,74,2019-06-06,20,False,2,0.38333333333333336,38.333333333333336,30.801265648871805,canopy_logit_trend_BASF_frozen
2019|M1|bloc2|APA,2019,2019-06-13,M1,bloc2,APA,19.5,10,0,0,"1761,1762,1763,1764,1765,1766,1767,1768,1769,1770",1,2019|M1|bloc2|APA|F1,era5loc_ed480fff4117,era5loc_ed480fff4117|2019,FRANCE,APA,2019,75,2019-06-06,7,False,0,0.195,19.5,22.995768887676928,canopy_logit_trend_BASF_frozen
2019|M1|bloc2|APA,2019,2019-06-18,M1,bloc2,APA,20.5,10,0,0,"2071,2072,2073,2074,2075,2076,2077,2078,2079,2080",1,2019|M1|bloc2|APA|F1,era5loc_ed480fff4117,era5loc_ed480fff4117|2019,FRANCE,APA,2019,75,2019-06-06,12,False,0,0.205,20.5,36.96891544323646,canopy_logit_trend_BASF_frozen
2019|M1|bloc2|APA,2019,2019-06-26,M1,bloc2,APA,40.0,8,2,0,"1591,1592,1593,1594,1595,1596,1597,1598,1599,1600",1,2019|M1|bloc2|APA|F1,era5loc_ed480fff4117,era5loc_ed480fff4117|2019,FRANCE,APA,2019,75,2019-06-06,20,False,0,0.4,40.0,63.33112749346278,canopy_logit_trend_BASF_frozen
2019|M1|bloc2|APA,2019,2019-06-13,M1,bloc2,APA,13.0,10,0,0,"1761,1762,1763,1764,1765,1766,1767,1768,1769,1770",2,2019|M1|bloc2|APA|F2,era5loc_ed480fff4117,era5loc_ed480fff4117|2019,FRANCE,APA,2019,76,2019-06-06,7,False,1,0.13,13.0,10.362280274177655,canopy_logit_trend_BASF_frozen
2019|M1|bloc2|APA,2019,2019-06-18,M1,bloc2,APA,22.0,10,0,0,"2071,2072,2073,2074,2075,2076,2077,2078,2079,2080",2,2019|M1|bloc2|APA|F2,era5loc_ed480fff4117,era5loc_ed480fff4117|2019,FRANCE,APA,2019,76,2019-06-06,12,False,1,0.22,22.0,18.503437196902922,canopy_logit_trend_BASF_frozen
2019|M1|bloc2|APA,2019,2019-06-26,M1,bloc2,APA,40.0,9,1,0,"1591,1592,1593,1594,1595,1596,1597,1598,1599,1600",2,2019|M1|bloc2|APA|F2,era5loc_ed480fff4117,era5loc_ed480fff4117|2019,FRANCE,APA,2019,76,2019-06-06,20,False,1,0.4,40.0,40.06866116114309,canopy_logit_trend_BASF_frozen
2019|M1|bloc2|APA,2019,2019-06-13,M1,bloc2,APA,29.375,8,2,0,"1761,1762,1763,1764,1765,1766,1767,1768,1769,1770",3,2019|M1|bloc2|APA|F3,era5loc_ed480fff4117,era5loc_ed480fff4117|2019,FRANCE,APA,2019,77,2019-06-06,7,False,2,0.29375,29.375,18.282144509261542,canopy_logit_trend_BASF_frozen
2019|M1|bloc2|APA,2019,2019-06-18,M1,bloc2,APA,30.0,6,4,0,"2071,2072,2073,2074,2075,2076,2077,2078,2079,2080",3,2019|M1|bloc2|APA|F3,era5loc_ed480fff4117,era5loc_ed480fff4117|2019,FRANCE,APA,2019,77,2019-06-06,12,False,2,0.3,30.0,30.52654518411075,canopy_logit_trend_BASF_frozen
2019|M1|bloc3|APA,2019,2019-06-12,M1,bloc3,APA,8.2,10,0,0,"1901,1902,1903,1904,1905,1906,1907,1908,1909,1910",1,2019|M1|bloc3|APA|F1,era5loc_ed480fff4117,era5loc_ed480fff4117|2019,FRANCE,APA,2019,78,2019-06-03,9,False,0,0.08199999999999999,8.2,11.472471055756095,canopy_logit_trend_BASF_frozen
2019|M1|bloc3|APA,2019,2019-06-18,M1,bloc3,APA,15.5,10,0,0,"1921,1922,1923,1924,1925,1926,1927,1928,1929,1930",1,2019|M1|bloc3|APA|F1,era5loc_ed480fff4117,era5loc_ed480fff4117|2019,FRANCE,APA,2019,78,2019-06-03,15,False,0,0.155,15.5,22.568328346868828,canopy_logit_trend_BASF_frozen
2019|M1|bloc3|APA,2019,2019-06-25,M1,bloc3,APA,25.555555555555557,9,1,0,"1481,1482,1483,1484,1485,1486,1487,1488,1489,1490",1,2019|M1|bloc3|APA|F1,era5loc_ed480fff4117,era5loc_ed480fff4117|2019,FRANCE,APA,2019,78,2019-06-03,22,False,0,0.2555555555555556,25.555555555555557,42.867780692977156,canopy_logit_trend_BASF_frozen
2019|M1|bloc3|APA,2019,2019-06-12,M1,bloc3,APA,8.4,10,0,0,"1901,1902,1903,1904,1905,1906,1907,1908,1909,1910",2,2019|M1|bloc3|APA|F2,era5loc_ed480fff4117,era5loc_ed480fff4117|2019,FRANCE,APA,2019,79,2019-06-03,9,False,1,0.084,8.4,6.780877442545592,canopy_logit_trend_BASF_frozen
2019|M1|bloc3|APA,2019,2019-06-18,M1,bloc3,APA,20.5,10,0,0,"1921,1922,1923,1924,1925,1926,1927,1928,1929,1930",2,2019|M1|bloc3|APA|F2,era5loc_ed480fff4117,era5loc_ed480fff4117|2019,FRANCE,APA,2019,79,2019-06-03,15,False,1,0.205,20.5,14.059806377863254,canopy_logit_trend_BASF_frozen
2019|M1|bloc3|APA,2019,2019-06-25,M1,bloc3,APA,26.5,10,0,0,"1481,1482,1483,1484,1485,1486,1487,1488,1489,1490",2,2019|M1|bloc3|APA|F2,era5loc_ed480fff4117,era5loc_ed480fff4117|2019,FRANCE,APA,2019,79,2019-06-03,22,False,1,0.265,26.5,29.635188299257514,canopy_logit_trend_BASF_frozen
2019|M1|bloc3|APA,2019,2019-06-12,M1,bloc3,APA,19.0,10,0,0,"1901,1902,1903,1904,1905,1906,1907,1908,1909,1910",3,2019|M1|bloc3|APA|F3,era5loc_ed480fff4117,era5loc_ed480fff4117|2019,FRANCE,APA,2019,80,2019-06-03,9,False,2,0.19,19.0,7.7928440202140115,canopy_logit_trend_BASF_frozen
2019|M1|bloc3|APA,2019,2019-06-18,M1,bloc3,APA,29.0,10,0,0,"1921,1922,1923,1924,1925,1926,1927,1928,1929,1930",3,2019|M1|bloc3|APA|F3,era5loc_ed480fff4117,era5loc_ed480fff4117|2019,FRANCE,APA,2019,80,2019-06-03,15,False,2,0.29,29.0,15.97194467546699,canopy_logit_trend_BASF_frozen
2019|M1|bloc3|APA,2019,2019-06-25,M1,bloc3,APA,43.75,4,6,0,"1481,1482,1483,1484,1485,1486,1487,1488,1489,1490",3,2019|M1|bloc3|APA|F3,era5loc_ed480fff4117,era5loc_ed480fff4117|2019,FRANCE,APA,2019,80,2019-06-03,22,False,2,0.4375,43.75,32.85575383197713,canopy_logit_trend_BASF_frozen
2019|M2|bloc1|CEL,2019,2019-06-13,M2,bloc1,CEL,2.3,10,0,0,"1751,1752,1753,1754,1755,1756,1757,1758,1759,1760",1,2019|M2|bloc1|CEL|F1,era5loc_ed480fff4117,era5loc_ed480fff4117|2019,FRANCE,CEL,2019,81,2019-06-06,7,False,0,0.023,2.3,2.783888249753539,canopy_logit_trend_BASF_frozen
2019|M2|bloc1|CEL,2019,2019-06-18,M2,bloc1,CEL,3.7,10,0,0,"2111,2112,2113,2114,2115,2116,2117,2118,2119,2120",1,2019|M2|bloc1|CEL|F1,era5loc_ed480fff4117,era5loc_ed480fff4117|2019,FRANCE,CEL,2019,81,2019-06-06,12,False,0,0.037000000000000005,3.7,5.327306477811551,canopy_logit_trend_BASF_frozen
2019|M2|bloc1|CEL,2019,2019-06-26,M2,bloc1,CEL,16.8,10,0,0,"1651,1652,1653,1654,1655,1656,1657,1658,1659,1660",1,2019|M2|bloc1|CEL|F1,era5loc_ed480fff4117,era5loc_ed480fff4117|2019,FRANCE,CEL,2019,81,2019-06-06,20,False,0,0.168,16.8,14.224506589417532,canopy_logit_trend_BASF_frozen
2019|M2|bloc1|CEL,2019,2019-06-13,M2,bloc1,CEL,4.6,10,0,0,"1751,1752,1753,1754,1755,1756,1757,1758,1759,1760",2,2019|M2|bloc1|CEL|F2,era5loc_ed480fff4117,era5loc_ed480fff4117|2019,FRANCE,CEL,2019,82,2019-06-06,7,False,1,0.046,4.6,4.01819451581759,canopy_logit_trend_BASF_frozen
2019|M2|bloc1|CEL,2019,2019-06-18,M2,bloc1,CEL,8.3,10,0,0,"2111,2112,2113,2114,2115,2116,2117,2118,2119,2120",2,2019|M2|bloc1|CEL|F2,era5loc_ed480fff4117,era5loc_ed480fff4117|2019,FRANCE,CEL,2019,82,2019-06-06,12,False,1,0.083,8.3,7.6011290199155725,canopy_logit_trend_BASF_frozen
2019|M2|bloc1|CEL,2019,2019-06-26,M2,bloc1,CEL,17.5,8,2,0,"1651,1652,1653,1654,1655,1656,1657,1658,1659,1660",2,2019|M2|bloc1|CEL|F2,era5loc_ed480fff4117,era5loc_ed480fff4117|2019,FRANCE,CEL,2019,82,2019-06-06,20,False,1,0.175,17.5,19.51315087845519,canopy_logit_trend_BASF_frozen
2019|M2|bloc1|CEL,2019,2019-06-13,M2,bloc1,CEL,8.4,10,0,0,"1751,1752,1753,1754,1755,1756,1757,1758,1759,1760",3,2019|M2|bloc1|CEL|F3,era5loc_ed480fff4117,era5loc_ed480fff4117|2019,FRANCE,CEL,2019,83,2019-06-06,7,False,2,0.084,8.4,7.140402939755891,canopy_logit_trend_BASF_frozen
2019|M2|bloc1|CEL,2019,2019-06-18,M2,bloc1,CEL,11.1,10,0,0,"2111,2112,2113,2114,2115,2116,2117,2118,2119,2120",3,2019|M2|bloc1|CEL|F3,era5loc_ed480fff4117,era5loc_ed480fff4117|2019,FRANCE,CEL,2019,83,2019-06-06,12,False,2,0.111,11.1,13.126597136750414,canopy_logit_trend_BASF_frozen
2019|M2|bloc1|CEL,2019,2019-06-26,M2,bloc1,CEL,20.0,4,6,0,"1651,1652,1653,1654,1655,1656,1657,1658,1659,1660",3,2019|M2|bloc1|CEL|F3,era5loc_ed480fff4117,era5loc_ed480fff4117|2019,FRANCE,CEL,2019,83,2019-06-06,20,False,2,0.2,20.0,30.810392318267247,canopy_logit_trend_BASF_frozen
2019|M2|bloc2|CEL,2019,2019-06-13,M2,bloc2,CEL,1.3,10,0,0,"1771,1772,1773,1774,1775,1776,1777,1778,1779,1780",1,2019|M2|bloc2|CEL|F1,era5loc_ed480fff4117,era5loc_ed480fff4117|2019,FRANCE,CEL,2019,84,2019-06-06,7,False,0,0.013000000000000001,1.3,1.2773911172809331,canopy_logit_trend_BASF_frozen
2019|M2|bloc2|CEL,2019,2019-06-18,M2,bloc2,CEL,3.2,10,0,0,"2061,2062,2063,2064,2065,2066,2067,2068,2069,2070",1,2019|M2|bloc2|CEL|F1,era5loc_ed480fff4117,era5loc_ed480fff4117|2019,FRANCE,CEL,2019,84,2019-06-06,12,False,0,0.032,3.2,2.479718936617983,canopy_logit_trend_BASF_frozen
2019|M2|bloc2|CEL,2019,2019-06-26,M2,bloc2,CEL,12.222222222222221,9,0,1,"1581,1582,1583,1584,1585,1586,1587,1588,1589,1590",1,2019|M2|bloc2|CEL|F1,era5loc_ed480fff4117,era5loc_ed480fff4117|2019,FRANCE,CEL,2019,84,2019-06-06,20,False,0,0.12222222222222222,12.222222222222221,6.972062931191594,canopy_logit_trend_BASF_frozen
2019|M2|bloc2|CEL,2019,2019-06-13,M2,bloc2,CEL,2.4,10,0,0,"1771,1772,1773,1774,1775,1776,1777,1778,1779,1780",2,2019|M2|bloc2|CEL|F2,era5loc_ed480fff4117,era5loc_ed480fff4117|2019,FRANCE,CEL,2019,85,2019-06-06,7,False,1,0.024,2.4,2.285021754904223,canopy_logit_trend_BASF_frozen
2019|M2|bloc2|CEL,2019,2019-06-18,M2,bloc2,CEL,6.4,10,0,0,"2061,2062,2063,2064,2065,2066,2067,2068,2069,2070",2,2019|M2|bloc2|CEL|F2,era5loc_ed480fff4117,era5loc_ed480fff4117|2019,FRANCE,CEL,2019,85,2019-06-06,12,False,1,0.064,6.4,4.393560300773759,canopy_logit_trend_BASF_frozen
2019|M2|bloc2|CEL,2019,2019-06-26,M2,bloc2,CEL,16.77777777777778,9,0,1,"1581,1582,1583,1584,1585,1586,1587,1588,1589,1590",2,2019|M2|bloc2|CEL|F2,era5loc_ed480fff4117,era5loc_ed480fff4117|2019,FRANCE,CEL,2019,85,2019-06-06,20,False,1,0.16777777777777778,16.77777777777778,11.928969239006397,canopy_logit_trend_BASF_frozen
2019|M2|bloc2|CEL,2019,2019-06-13,M2,bloc2,CEL,6.4,10,0,0,"1771,1772,1773,1774,1775,1776,1777,1778,1779,1780",3,2019|M2|bloc2|CEL|F3,era5loc_ed480fff4117,era5loc_ed480fff4117|2019,FRANCE,CEL,2019,86,2019-06-06,7,False,2,0.064,6.4,5.26098314794557,canopy_logit_trend_BASF_frozen
2019|M2|bloc2|CEL,2019,2019-06-18,M2,bloc2,CEL,11.2,10,0,0,"2061,2062,2063,2064,2065,2066,2067,2068,2069,2070",3,2019|M2|bloc2|CEL|F3,era5loc_ed480fff4117,era5loc_ed480fff4117|2019,FRANCE,CEL,2019,86,2019-06-06,12,False,2,0.11199999999999999,11.2,9.839123427417288,canopy_logit_trend_BASF_frozen
2019|M2|bloc2|CEL,2019,2019-06-26,M2,bloc2,CEL,23.0,5,5,0,"1581,1582,1583,1584,1585,1586,1587,1588,1589,1590",3,2019|M2|bloc2|CEL|F3,era5loc_ed480fff4117,era5loc_ed480fff4117|2019,FRANCE,CEL,2019,86,2019-06-06,20,False,2,0.23,23.0,24.336796131485567,canopy_logit_trend_BASF_frozen
2019|M2|bloc3|CEL,2019,2019-06-12,M2,bloc3,CEL,1.8,10,0,0,"1911,1912,1913,1914,1915,1916,1917,1918,1919,1920",1,2019|M2|bloc3|CEL|F1,era5loc_ed480fff4117,era5loc_ed480fff4117|2019,FRANCE,CEL,2019,87,2019-06-03,9,False,0,0.018000000000000002,1.8,5.408464238371958,canopy_logit_trend_BASF_frozen
2019|M2|bloc3|CEL,2019,2019-06-18,M2,bloc3,CEL,3.1,10,0,0,"1931,1932,1933,1934,1935,1936,1937,1938,1939,1940",1,2019|M2|bloc3|CEL|F1,era5loc_ed480fff4117,era5loc_ed480fff4117|2019,FRANCE,CEL,2019,87,2019-06-03,15,False,0,0.031,3.1,11.395342167364813,canopy_logit_trend_BASF_frozen
2019|M2|bloc3|CEL,2019,2019-06-25,M2,bloc3,CEL,18.0,10,0,0,"1491,1492,1493,1494,1495,1496,1497,1498,1499,1500",1,2019|M2|bloc3|CEL|F1,era5loc_ed480fff4117,era5loc_ed480fff4117|2019,FRANCE,CEL,2019,87,2019-06-03,22,False,0,0.18,18.0,24.875697078313664,canopy_logit_trend_BASF_frozen
2019|M2|bloc3|CEL,2019,2019-06-12,M2,bloc3,CEL,6.5,10,0,0,"1911,1912,1913,1914,1915,1916,1917,1918,1919,1920",2,2019|M2|bloc3|CEL|F2,era5loc_ed480fff4117,era5loc_ed480fff4117|2019,FRANCE,CEL,2019,88,2019-06-03,9,False,1,0.065,6.5,5.060738096505722,canopy_logit_trend_BASF_frozen
2019|M2|bloc3|CEL,2019,2019-06-18,M2,bloc3,CEL,11.7,10,0,0,"1931,1932,1933,1934,1935,1936,1937,1938,1939,1940",2,2019|M2|bloc3|CEL|F2,era5loc_ed480fff4117,era5loc_ed480fff4117|2019,FRANCE,CEL,2019,88,2019-06-03,15,False,1,0.11699999999999999,11.7,10.706268153055435,canopy_logit_trend_BASF_frozen
2019|M2|bloc3|CEL,2019,2019-06-25,M2,bloc3,CEL,24.0,10,0,0,"1491,1492,1493,1494,1495,1496,1497,1498,1499,1500",2,2019|M2|bloc3|CEL|F2,era5loc_ed480fff4117,era5loc_ed480fff4117|2019,FRANCE,CEL,2019,88,2019-06-03,22,False,1,0.24,24.0,23.588480501102683,canopy_logit_trend_BASF_frozen
2019|M2|bloc3|CEL,2019,2019-06-12,M2,bloc3,CEL,6.4,10,0,0,"1911,1912,1913,1914,1915,1916,1917,1918,1919,1920",3,2019|M2|bloc3|CEL|F3,era5loc_ed480fff4117,era5loc_ed480fff4117|2019,FRANCE,CEL,2019,89,2019-06-03,9,False,2,0.064,6.4,6.4411372251081875,canopy_logit_trend_BASF_frozen
2019|M2|bloc3|CEL,2019,2019-06-18,M2,bloc3,CEL,11.222222222222221,9,1,0,"1931,1932,1933,1934,1935,1936,1937,1938,1939,1940",3,2019|M2|bloc3|CEL|F3,era5loc_ed480fff4117,era5loc_ed480fff4117|2019,FRANCE,CEL,2019,89,2019-06-03,15,False,2,0.11222222222222221,11.222222222222221,13.409083238952455,canopy_logit_trend_BASF_frozen
2019|M2|bloc3|CEL,2019,2019-06-25,M2,bloc3,CEL,18.333333333333332,6,4,0,"1491,1492,1493,1494,1495,1496,1497,1498,1499,1500",3,2019|M2|bloc3|CEL|F3,era5loc_ed480fff4117,era5loc_ed480fff4117|2019,FRANCE,CEL,2019,89,2019-06-03,22,False,2,0.18333333333333332,18.333333333333332,28.505251577202944,canopy_logit_trend_BASF_frozen
2019|M3|bloc1|APA,2019,2019-06-13,M3,bloc1,APA,0.8,10,0,0,"1681,1682,1683,1684,1685,1686,1687,1688,1689,1690",1,2019|M3|bloc1|APA|F1,era5loc_ed480fff4117,era5loc_ed480fff4117|2019,FRANCE,APA,2019,90,2019-06-06,7,False,0,0.008,0.8,1.277297213391817,canopy_logit_trend_BASF_frozen
2019|M3|bloc1|APA,2019,2019-06-18,M3,bloc1,APA,1.1,10,0,0,"2081,2082,2083,2084,2085,2086,2087,2088,2089,2090",1,2019|M3|bloc1|APA|F1,era5loc_ed480fff4117,era5loc_ed480fff4117|2019,FRANCE,APA,2019,90,2019-06-06,12,False,0,0.011000000000000001,1.1,2.4794102533535454,canopy_logit_trend_BASF_frozen
2019|M3|bloc1|APA,2019,2019-06-26,M3,bloc1,APA,1.4,10,0,0,"1631,1632,1633,1634,1635,1636,1637,1638,1639,1640",1,2019|M3|bloc1|APA|F1,era5loc_ed480fff4117,era5loc_ed480fff4117|2019,FRANCE,APA,2019,90,2019-06-06,20,False,0,0.013999999999999999,1.4,6.970683100796626,canopy_logit_trend_BASF_frozen
2019|M3|bloc1|APA,2019,2019-06-13,M3,bloc1,APA,4.0,10,0,0,"1681,1682,1683,1684,1685,1686,1687,1688,1689,1690",2,2019|M3|bloc1|APA|F2,era5loc_ed480fff4117,era5loc_ed480fff4117|2019,FRANCE,APA,2019,91,2019-06-06,7,False,1,0.04,4.0,4.018290843600324,canopy_logit_trend_BASF_frozen
2019|M3|bloc1|APA,2019,2019-06-18,M3,bloc1,APA,5.0,10,0,0,"2081,2082,2083,2084,2085,2086,2087,2088,2089,2090",2,2019|M3|bloc1|APA|F2,era5loc_ed480fff4117,era5loc_ed480fff4117|2019,FRANCE,APA,2019,91,2019-06-06,12,False,1,0.05,5.0,7.601429740089197,canopy_logit_trend_BASF_frozen
2019|M3|bloc1|APA,2019,2019-06-26,M3,bloc1,APA,8.8,10,0,0,"1631,1632,1633,1634,1635,1636,1637,1638,1639,1640",2,2019|M3|bloc1|APA|F2,era5loc_ed480fff4117,era5loc_ed480fff4117|2019,FRANCE,APA,2019,91,2019-06-06,20,False,1,0.08800000000000001,8.8,19.514271658621976,canopy_logit_trend_BASF_frozen
2019|M3|bloc1|APA,2019,2019-06-13,M3,bloc1,APA,6.8,10,0,0,"1681,1682,1683,1684,1685,1686,1687,1688,1689,1690",3,2019|M3|bloc1|APA|F3,era5loc_ed480fff4117,era5loc_ed480fff4117|2019,FRANCE,APA,2019,92,2019-06-06,7,False,2,0.068,6.8,7.610100882912906,canopy_logit_trend_BASF_frozen
2019|M3|bloc1|APA,2019,2019-06-18,M3,bloc1,APA,11.0,10,0,0,"2081,2082,2083,2084,2085,2086,2087,2088,2089,2090",3,2019|M3|bloc1|APA|F3,era5loc_ed480fff4117,era5loc_ed480fff4117|2019,FRANCE,APA,2019,92,2019-06-06,12,False,2,0.11,11.0,13.931207948252023,canopy_logit_trend_BASF_frozen
2019|M3|bloc1|APA,2019,2019-06-26,M3,bloc1,APA,17.5,6,4,0,"1631,1632,1633,1634,1635,1636,1637,1638,1639,1640",3,2019|M3|bloc1|APA|F3,era5loc_ed480fff4117,era5loc_ed480fff4117|2019,FRANCE,APA,2019,92,2019-06-06,20,False,2,0.175,17.5,32.29660880939109,canopy_logit_trend_BASF_frozen
2019|M3|bloc1|CEL,2019,2019-06-13,M3,bloc1,CEL,0.3,10,0,0,"1691,1692,1693,1694,1695,1696,1697,1698,1699,1700",1,2019|M3|bloc1|CEL|F1,era5loc_ed480fff4117,era5loc_ed480fff4117|2019,FRANCE,CEL,2019,93,2019-06-06,7,False,0,0.003,0.3,1.277470445130028,canopy_logit_trend_BASF_frozen
2019|M3|bloc1|CEL,2019,2019-06-18,M3,bloc1,CEL,0.2,10,0,0,"2091,2092,2093,2094,2095,2096,2097,2098,2099,2100",1,2019|M3|bloc1|CEL|F1,era5loc_ed480fff4117,era5loc_ed480fff4117|2019,FRANCE,CEL,2019,93,2019-06-06,12,False,0,0.002,0.2,2.4799797168795887,canopy_logit_trend_BASF_frozen
2019|M3|bloc1|CEL,2019,2019-06-26,M3,bloc1,CEL,4.6,10,0,0,"1641,1642,1643,1644,1645,1646,1647,1648,1649,1650",1,2019|M3|bloc1|CEL|F1,era5loc_ed480fff4117,era5loc_ed480fff4117|2019,FRANCE,CEL,2019,93,2019-06-06,20,False,0,0.046,4.6,6.973228699063708,canopy_logit_trend_BASF_frozen
2019|M3|bloc1|CEL,2019,2019-06-13,M3,bloc1,CEL,1.5,10,0,0,"1691,1692,1693,1694,1695,1696,1697,1698,1699,1700",2,2019|M3|bloc1|CEL|F2,era5loc_ed480fff4117,era5loc_ed480fff4117|2019,FRANCE,CEL,2019,94,2019-06-06,7,False,1,0.015,1.5,1.277470445130028,canopy_logit_trend_BASF_frozen
2019|M3|bloc1|CEL,2019,2019-06-18,M3,bloc1,CEL,2.2,10,0,0,"2091,2092,2093,2094,2095,2096,2097,2098,2099,2100",2,2019|M3|bloc1|CEL|F2,era5loc_ed480fff4117,era5loc_ed480fff4117|2019,FRANCE,CEL,2019,94,2019-06-06,12,False,1,0.022000000000000002,2.2,2.4799797168795887,canopy_logit_trend_BASF_frozen
2019|M3|bloc1|CEL,2019,2019-06-26,M3,bloc1,CEL,4.5,10,0,0,"1641,1642,1643,1644,1645,1646,1647,1648,1649,1650",2,2019|M3|bloc1|CEL|F2,era5loc_ed480fff4117,era5loc_ed480fff4117|2019,FRANCE,CEL,2019,94,2019-06-06,20,False,1,0.045,4.5,6.973228699063708,canopy_logit_trend_BASF_frozen
2019|M3|bloc1|CEL,2019,2019-06-13,M3,bloc1,CEL,2.0,10,0,0,"1691,1692,1693,1694,1695,1696,1697,1698,1699,1700",3,2019|M3|bloc1|CEL|F3,era5loc_ed480fff4117,era5loc_ed480fff4117|2019,FRANCE,CEL,2019,95,2019-06-06,7,False,2,0.02,2.0,2.784327653136849,canopy_logit_trend_BASF_frozen
2019|M3|bloc1|CEL,2019,2019-06-18,M3,bloc1,CEL,3.5,10,0,0,"2091,2092,2093,2094,2095,2096,2097,2098,2099,2100",3,2019|M3|bloc1|CEL|F3,era5loc_ed480fff4117,era5loc_ed480fff4117|2019,FRANCE,CEL,2019,95,2019-06-06,12,False,2,0.035,3.5,5.32871029216291,canopy_logit_trend_BASF_frozen
2019|M3|bloc1|CEL,2019,2019-06-26,M3,bloc1,CEL,7.222222222222222,9,1,0,"1641,1642,1643,1644,1645,1646,1647,1648,1649,1650",3,2019|M3|bloc1|CEL|F3,era5loc_ed480fff4117,era5loc_ed480fff4117|2019,FRANCE,CEL,2019,95,2019-06-06,20,False,2,0.07222222222222223,7.222222222222222,14.230166955483426,canopy_logit_trend_BASF_frozen
2019|M3|bloc2|APA,2019,2019-06-13,M3,bloc2,APA,0.6,10,0,0,"1801,1802,1803,1804,1805,1806,1807,1808,1809,1810",1,2019|M3|bloc2|APA|F1,era5loc_ed480fff4117,era5loc_ed480fff4117|2019,FRANCE,APA,2019,96,2019-06-06,7,False,0,0.006,0.6,1.2774371968366627,canopy_logit_trend_BASF_frozen
2019|M3|bloc2|APA,2019,2019-06-18,M3,bloc2,APA,1.4,10,0,0,"2001,2002,2003,2004,2005,2006,2007,2008,2009,2010",1,2019|M3|bloc2|APA|F1,era5loc_ed480fff4117,era5loc_ed480fff4117|2019,FRANCE,APA,2019,96,2019-06-06,12,False,0,0.013999999999999999,1.4,2.479870416016579,canopy_logit_trend_BASF_frozen
2019|M3|bloc2|APA,2019,2019-06-26,M3,bloc2,APA,4.0,10,0,0,"1541,1542,1543,1544,1545,1546,1547,1548,1549,1550",1,2019|M3|bloc2|APA|F1,era5loc_ed480fff4117,era5loc_ed480fff4117|2019,FRANCE,APA,2019,96,2019-06-06,20,False,0,0.04,4.0,6.972740083228576,canopy_logit_trend_BASF_frozen
2019|M3|bloc2|APA,2019,2019-06-13,M3,bloc2,APA,2.6,10,0,0,"1801,1802,1803,1804,1805,1806,1807,1808,1809,1810",2,2019|M3|bloc2|APA|F2,era5loc_ed480fff4117,era5loc_ed480fff4117|2019,FRANCE,APA,2019,97,2019-06-06,7,False,1,0.026000000000000002,2.6,1.2774371968366627,canopy_logit_trend_BASF_frozen
2019|M3|bloc2|APA,2019,2019-06-18,M3,bloc2,APA,4.0,10,0,0,"2001,2002,2003,2004,2005,2006,2007,2008,2009,2010",2,2019|M3|bloc2|APA|F2,era5loc_ed480fff4117,era5loc_ed480fff4117|2019,FRANCE,APA,2019,97,2019-06-06,12,False,1,0.04,4.0,2.479870416016579,canopy_logit_trend_BASF_frozen
2019|M3|bloc2|APA,2019,2019-06-26,M3,bloc2,APA,9.3,10,0,0,"1541,1542,1543,1544,1545,1546,1547,1548,1549,1550",2,2019|M3|bloc2|APA|F2,era5loc_ed480fff4117,era5loc_ed480fff4117|2019,FRANCE,APA,2019,97,2019-06-06,20,False,1,0.09300000000000001,9.3,6.972740083228576,canopy_logit_trend_BASF_frozen
2019|M3|bloc2|APA,2019,2019-06-13,M3,bloc2,APA,4.6,10,0,0,"1801,1802,1803,1804,1805,1806,1807,1808,1809,1810",3,2019|M3|bloc2|APA|F3,era5loc_ed480fff4117,era5loc_ed480fff4117|2019,FRANCE,APA,2019,98,2019-06-06,7,False,2,0.046,4.6,4.181882590623776,canopy_logit_trend_BASF_frozen
2019|M3|bloc2|APA,2019,2019-06-18,M3,bloc2,APA,6.5,10,0,0,"2001,2002,2003,2004,2005,2006,2007,2008,2009,2010",3,2019|M3|bloc2|APA|F3,era5loc_ed480fff4117,era5loc_ed480fff4117|2019,FRANCE,APA,2019,98,2019-06-06,12,False,2,0.065,6.5,7.899469296482852,canopy_logit_trend_BASF_frozen
2019|M3|bloc2|APA,2019,2019-06-26,M3,bloc2,APA,11.142857142857142,7,3,0,"1541,1542,1543,1544,1545,1546,1547,1548,1549,1550",3,2019|M3|bloc2|APA|F3,era5loc_ed480fff4117,era5loc_ed480fff4117|2019,FRANCE,APA,2019,98,2019-06-06,20,False,2,0.11142857142857142,11.142857142857142,20.179438987219275,canopy_logit_trend_BASF_frozen
2019|M3|bloc2|CEL,2019,2019-06-13,M3,bloc2,CEL,0.6,10,0,0,"1811,1812,1813,1814,1815,1816,1817,1818,1819,1820",1,2019|M3|bloc2|CEL|F1,era5loc_ed480fff4117,era5loc_ed480fff4117|2019,FRANCE,CEL,2019,99,2019-06-06,7,False,0,0.006,0.6,1.27751302752514,canopy_logit_trend_BASF_frozen
2019|M3|bloc2|CEL,2019,2019-06-18,M3,bloc2,CEL,1.0,10,0,0,"2011,2012,2013,2014,2015,2016,2017,2018,2019,2020",1,2019|M3|bloc2|CEL|F1,era5loc_ed480fff4117,era5loc_ed480fff4117|2019,FRANCE,CEL,2019,99,2019-06-06,12,False,0,0.01,1.0,2.4801197055433573,canopy_logit_trend_BASF_frozen
2019|M3|bloc2|CEL,2019,2019-06-26,M3,bloc2,CEL,5.3,10,0,0,"1551,1552,1553,1554,1555,1556,1557,1558,1559,1560",1,2019|M3|bloc2|CEL|F1,era5loc_ed480fff4117,era5loc_ed480fff4117|2019,FRANCE,CEL,2019,99,2019-06-06,20,False,0,0.053,5.3,6.973854516478123,canopy_logit_trend_BASF_frozen
2019|M3|bloc2|CEL,2019,2019-06-13,M3,bloc2,CEL,1.4,10,0,0,"1811,1812,1813,1814,1815,1816,1817,1818,1819,1820",2,2019|M3|bloc2|CEL|F2,era5loc_ed480fff4117,era5loc_ed480fff4117|2019,FRANCE,CEL,2019,100,2019-06-06,7,False,1,0.013999999999999999,1.4,1.27751302752514,canopy_logit_trend_BASF_frozen
2019|M3|bloc2|CEL,2019,2019-06-18,M3,bloc2,CEL,2.9,10,0,0,"2011,2012,2013,2014,2015,2016,2017,2018,2019,2020",2,2019|M3|bloc2|CEL|F2,era5loc_ed480fff4117,era5loc_ed480fff4117|2019,FRANCE,CEL,2019,100,2019-06-06,12,False,1,0.028999999999999998,2.9,2.4801197055433573,canopy_logit_trend_BASF_frozen
2019|M3|bloc2|CEL,2019,2019-06-26,M3,bloc2,CEL,7.0,10,0,0,"1551,1552,1553,1554,1555,1556,1557,1558,1559,1560",2,2019|M3|bloc2|CEL|F2,era5loc_ed480fff4117,era5loc_ed480fff4117|2019,FRANCE,CEL,2019,100,2019-06-06,20,False,1,0.07,7.0,6.973854516478123,canopy_logit_trend_BASF_frozen
2019|M3|bloc2|CEL,2019,2019-06-13,M3,bloc2,CEL,0.7,10,0,0,"1811,1812,1813,1814,1815,1816,1817,1818,1819,1820",3,2019|M3|bloc2|CEL|F3,era5loc_ed480fff4117,era5loc_ed480fff4117|2019,FRANCE,CEL,2019,101,2019-06-06,7,False,2,0.006999999999999999,0.7,1.27751302752514,canopy_logit_trend_BASF_frozen
2019|M3|bloc2|CEL,2019,2019-06-18,M3,bloc2,CEL,2.3,10,0,0,"2011,2012,2013,2014,2015,2016,2017,2018,2019,2020",3,2019|M3|bloc2|CEL|F3,era5loc_ed480fff4117,era5loc_ed480fff4117|2019,FRANCE,CEL,2019,101,2019-06-06,12,False,2,0.023,2.3,2.4801197055433573,canopy_logit_trend_BASF_frozen
2019|M3|bloc2|CEL,2019,2019-06-26,M3,bloc2,CEL,6.625,8,2,0,"1551,1552,1553,1554,1555,1556,1557,1558,1559,1560",3,2019|M3|bloc2|CEL|F3,era5loc_ed480fff4117,era5loc_ed480fff4117|2019,FRANCE,CEL,2019,101,2019-06-06,20,False,2,0.06625,6.625,6.973854516478123,canopy_logit_trend_BASF_frozen
2019|M3|bloc3|APA,2019,2019-06-12,M3,bloc3,APA,1.3,10,0,0,"1881,1882,1883,1884,1885,1886,1887,1888,1889,1890",1,2019|M3|bloc3|APA|F1,era5loc_ed480fff4117,era5loc_ed480fff4117|2019,FRANCE,APA,2019,102,2019-06-03,9,False,0,0.013000000000000001,1.3,1.6671357444093597,canopy_logit_trend_BASF_frozen
2019|M3|bloc3|APA,2019,2019-06-18,M3,bloc3,APA,2.0,10,0,0,"1941,1942,1943,1944,1945,1946,1947,1948,1949,1950",1,2019|M3|bloc3|APA|F1,era5loc_ed480fff4117,era5loc_ed480fff4117|2019,FRANCE,APA,2019,102,2019-06-03,15,False,0,0.02,2.0,3.673675806962715,canopy_logit_trend_BASF_frozen
2019|M3|bloc3|APA,2019,2019-06-25,M3,bloc3,APA,5.5,10,0,0,"1501,1502,1503,1504,1505,1506,1507,1508,1509,1510",1,2019|M3|bloc3|APA|F1,era5loc_ed480fff4117,era5loc_ed480fff4117|2019,FRANCE,APA,2019,102,2019-06-03,22,False,0,0.055,5.5,8.942064553027226,canopy_logit_trend_BASF_frozen
2019|M3|bloc3|APA,2019,2019-06-12,M3,bloc3,APA,3.7,10,0,0,"1881,1882,1883,1884,1885,1886,1887,1888,1889,1890",2,2019|M3|bloc3|APA|F2,era5loc_ed480fff4117,era5loc_ed480fff4117|2019,FRANCE,APA,2019,103,2019-06-03,9,False,1,0.037000000000000005,3.7,3.616788687662245,canopy_logit_trend_BASF_frozen
2019|M3|bloc3|APA,2019,2019-06-18,M3,bloc3,APA,5.6,10,0,0,"1941,1942,1943,1944,1945,1946,1947,1948,1949,1950",2,2019|M3|bloc3|APA|F2,era5loc_ed480fff4117,era5loc_ed480fff4117|2019,FRANCE,APA,2019,103,2019-06-03,15,False,1,0.055999999999999994,5.6,7.784144839769777,canopy_logit_trend_BASF_frozen
2019|M3|bloc3|APA,2019,2019-06-25,M3,bloc3,APA,13.0,10,0,0,"1501,1502,1503,1504,1505,1506,1507,1508,1509,1510",2,2019|M3|bloc3|APA|F2,era5loc_ed480fff4117,era5loc_ed480fff4117|2019,FRANCE,APA,2019,103,2019-06-03,22,False,1,0.13,13.0,17.854687637449963,canopy_logit_trend_BASF_frozen
2019|M3|bloc3|APA,2019,2019-06-12,M3,bloc3,APA,8.5,10,0,0,"1881,1882,1883,1884,1885,1886,1887,1888,1889,1890",3,2019|M3|bloc3|APA|F3,era5loc_ed480fff4117,era5loc_ed480fff4117|2019,FRANCE,APA,2019,104,2019-06-03,9,False,2,0.085,8.5,6.133661714902127,canopy_logit_trend_BASF_frozen
2019|M3|bloc3|APA,2019,2019-06-18,M3,bloc3,APA,10.8,10,0,0,"1941,1942,1943,1944,1945,1946,1947,1948,1949,1950",3,2019|M3|bloc3|APA|F3,era5loc_ed480fff4117,era5loc_ed480fff4117|2019,FRANCE,APA,2019,104,2019-06-03,15,False,2,0.10800000000000001,10.8,12.815428903934226,canopy_logit_trend_BASF_frozen
2019|M3|bloc3|APA,2019,2019-06-25,M3,bloc3,APA,20.0,3,7,0,"1501,1502,1503,1504,1505,1506,1507,1508,1509,1510",3,2019|M3|bloc3|APA|F3,era5loc_ed480fff4117,era5loc_ed480fff4117|2019,FRANCE,APA,2019,104,2019-06-03,22,False,2,0.2,20.0,27.457004559840843,canopy_logit_trend_BASF_frozen
2019|M3|bloc3|CEL,2019,2019-06-12,M3,bloc3,CEL,0.3,10,0,0,"1891,1892,1893,1894,1895,1896,1897,1898,1899,1900",1,2019|M3|bloc3|CEL|F1,era5loc_ed480fff4117,era5loc_ed480fff4117|2019,FRANCE,CEL,2019,105,2019-06-03,9,False,0,0.003,0.3,1.6673200050018322,canopy_logit_trend_BASF_frozen
2019|M3|bloc3|CEL,2019,2019-06-18,M3,bloc3,CEL,0.4,10,0,0,"1951,1952,1953,1954,1955,1956,1957,1958,1959,1960",1,2019|M3|bloc3|CEL|F1,era5loc_ed480fff4117,era5loc_ed480fff4117|2019,FRANCE,CEL,2019,105,2019-06-03,15,False,0,0.004,0.4,3.6743387427622487,canopy_logit_trend_BASF_frozen
2019|M3|bloc3|CEL,2019,2019-06-25,M3,bloc3,CEL,3.7,10,0,0,"1511,1512,1513,1514,1515,1516,1517,1518,1519,1520",1,2019|M3|bloc3|CEL|F1,era5loc_ed480fff4117,era5loc_ed480fff4117|2019,FRANCE,CEL,2019,105,2019-06-03,22,False,0,0.037000000000000005,3.7,8.944301851772389,canopy_logit_trend_BASF_frozen
2019|M3|bloc3|CEL,2019,2019-06-12,M3,bloc3,CEL,0.6,10,0,0,"1891,1892,1893,1894,1895,1896,1897,1898,1899,1900",2,2019|M3|bloc3|CEL|F2,era5loc_ed480fff4117,era5loc_ed480fff4117|2019,FRANCE,CEL,2019,106,2019-06-03,9,False,1,0.006,0.6,1.6673200050018322,canopy_logit_trend_BASF_frozen
2019|M3|bloc3|CEL,2019,2019-06-18,M3,bloc3,CEL,2.4,10,0,0,"1951,1952,1953,1954,1955,1956,1957,1958,1959,1960",2,2019|M3|bloc3|CEL|F2,era5loc_ed480fff4117,era5loc_ed480fff4117|2019,FRANCE,CEL,2019,106,2019-06-03,15,False,1,0.024,2.4,3.6743387427622487,canopy_logit_trend_BASF_frozen
2019|M3|bloc3|CEL,2019,2019-06-25,M3,bloc3,CEL,6.1,10,0,0,"1511,1512,1513,1514,1515,1516,1517,1518,1519,1520",2,2019|M3|bloc3|CEL|F2,era5loc_ed480fff4117,era5loc_ed480fff4117|2019,FRANCE,CEL,2019,106,2019-06-03,22,False,1,0.061,6.1,8.944301851772389,canopy_logit_trend_BASF_frozen
2019|M3|bloc3|CEL,2019,2019-06-12,M3,bloc3,CEL,1.6,10,0,0,"1891,1892,1893,1894,1895,1896,1897,1898,1899,1900",3,2019|M3|bloc3|CEL|F3,era5loc_ed480fff4117,era5loc_ed480fff4117|2019,FRANCE,CEL,2019,107,2019-06-03,9,False,2,0.016,1.6,1.6673200050018322,canopy_logit_trend_BASF_frozen
2019|M3|bloc3|CEL,2019,2019-06-18,M3,bloc3,CEL,5.2,10,0,0,"1951,1952,1953,1954,1955,1956,1957,1958,1959,1960",3,2019|M3|bloc3|CEL|F3,era5loc_ed480fff4117,era5loc_ed480fff4117|2019,FRANCE,CEL,2019,107,2019-06-03,15,False,2,0.052000000000000005,5.2,3.6743387427622487,canopy_logit_trend_BASF_frozen
2019|M3|bloc3|CEL,2019,2019-06-25,M3,bloc3,CEL,8.5,10,0,0,"1511,1512,1513,1514,1515,1516,1517,1518,1519,1520",3,2019|M3|bloc3|CEL|F3,era5loc_ed480fff4117,era5loc_ed480fff4117|2019,FRANCE,CEL,2019,107,2019-06-03,22,False,2,0.085,8.5,8.944301851772389,canopy_logit_trend_BASF_frozen
2019|M4|bloc1|APA,2019,2019-06-13,M4,bloc1,APA,1.7,10,0,0,"1721,1722,1723,1724,1725,1726,1727,1728,1729,1730",1,2019|M4|bloc1|APA|F1,era5loc_ed480fff4117,era5loc_ed480fff4117|2019,FRANCE,APA,2019,108,2019-06-06,7,False,0,0.017,1.7,1.7828060151407255,canopy_logit_trend_BASF_frozen
2019|M4|bloc1|APA,2019,2019-06-18,M4,bloc1,APA,1.8,10,0,0,"2141,2142,2143,2144,2145,2146,2147,2148,2149,2150",1,2019|M4|bloc1|APA|F1,era5loc_ed480fff4117,era5loc_ed480fff4117|2019,FRANCE,APA,2019,108,2019-06-06,12,False,0,0.018000000000000002,1.8,3.4442928646621884,canopy_logit_trend_BASF_frozen
2019|M4|bloc1|APA,2019,2019-06-26,M4,bloc1,APA,11.0,10,0,0,"1661,1662,1663,1664,1665,1666,1667,1668,1669,1670",1,2019|M4|bloc1|APA|F1,era5loc_ed480fff4117,era5loc_ed480fff4117|2019,FRANCE,APA,2019,108,2019-06-06,20,False,0,0.11,11.0,9.513786992244919,canopy_logit_trend_BASF_frozen
2019|M4|bloc1|APA,2019,2019-06-13,M4,bloc1,APA,2.2,10,0,0,"1721,1722,1723,1724,1725,1726,1727,1728,1729,1730",2,2019|M4|bloc1|APA|F2,era5loc_ed480fff4117,era5loc_ed480fff4117|2019,FRANCE,APA,2019,109,2019-06-06,7,False,1,0.022000000000000002,2.2,1.5305036143586053,canopy_logit_trend_BASF_frozen
2019|M4|bloc1|APA,2019,2019-06-18,M4,bloc1,APA,3.3,10,0,0,"2141,2142,2143,2144,2145,2146,2147,2148,2149,2150",2,2019|M4|bloc1|APA|F2,era5loc_ed480fff4117,era5loc_ed480fff4117|2019,FRANCE,APA,2019,109,2019-06-06,12,False,1,0.033,3.3,2.963952875114521,canopy_logit_trend_BASF_frozen
2019|M4|bloc1|APA,2019,2019-06-26,M4,bloc1,APA,7.0,10,0,0,"1661,1662,1663,1664,1665,1666,1667,1668,1669,1670",2,2019|M4|bloc1|APA|F2,era5loc_ed480fff4117,era5loc_ed480fff4117|2019,FRANCE,APA,2019,109,2019-06-06,20,False,1,0.07,7.0,8.259402830106792,canopy_logit_trend_BASF_frozen
2019|M4|bloc1|APA,2019,2019-06-13,M4,bloc1,APA,3.5,10,0,0,"1721,1722,1723,1724,1725,1726,1727,1728,1729,1730",3,2019|M4|bloc1|APA|F3,era5loc_ed480fff4117,era5loc_ed480fff4117|2019,FRANCE,APA,2019,110,2019-06-06,7,False,2,0.035,3.5,3.7732754378151623,canopy_logit_trend_BASF_frozen
2019|M4|bloc1|APA,2019,2019-06-18,M4,bloc1,APA,7.3,10,0,0,"2141,2142,2143,2144,2145,2146,2147,2148,2149,2150",3,2019|M4|bloc1|APA|F3,era5loc_ed480fff4117,era5loc_ed480fff4117|2019,FRANCE,APA,2019,110,2019-06-06,12,False,2,0.073,7.3,7.1546519069141725,canopy_logit_trend_BASF_frozen
2019|M4|bloc1|APA,2019,2019-06-26,M4,bloc1,APA,13.0,6,4,0,"1661,1662,1663,1664,1665,1666,1667,1668,1669,1670",3,2019|M4|bloc1|APA|F3,era5loc_ed480fff4117,era5loc_ed480fff4117|2019,FRANCE,APA,2019,110,2019-06-06,20,False,2,0.13,13.0,18.509136828662935,canopy_logit_trend_BASF_frozen
2019|M4|bloc1|CEL,2019,2019-06-13,M4,bloc1,CEL,0.0,10,0,0,"1731,1732,1733,1734,1735,1736,1737,1738,1739,1740",1,2019|M4|bloc1|CEL|F1,era5loc_ed480fff4117,era5loc_ed480fff4117|2019,FRANCE,CEL,2019,111,2019-06-06,7,False,0,0.0,0.0,1.2775305275457627,canopy_logit_trend_BASF_frozen
2019|M4|bloc1|CEL,2019,2019-06-18,M4,bloc1,CEL,0.1,10,0,0,"2151,2152,2153,2154,2155,2156,2157,2158,2159,2160",1,2019|M4|bloc1|CEL|F1,era5loc_ed480fff4117,era5loc_ed480fff4117|2019,FRANCE,CEL,2019,111,2019-06-06,12,False,0,0.001,0.1,2.4801772373638924,canopy_logit_trend_BASF_frozen
2019|M4|bloc1|CEL,2019,2019-06-26,M4,bloc1,CEL,3.8,10,0,0,"1671,1672,1673,1674,1675,1676,1677,1678,1679,1680",1,2019|M4|bloc1|CEL|F1,era5loc_ed480fff4117,era5loc_ed480fff4117|2019,FRANCE,CEL,2019,111,2019-06-06,20,False,0,0.038,3.8,6.974111716779276,canopy_logit_trend_BASF_frozen
2019|M4|bloc1|CEL,2019,2019-06-13,M4,bloc1,CEL,0.0,10,0,0,"1731,1732,1733,1734,1735,1736,1737,1738,1739,1740",2,2019|M4|bloc1|CEL|F2,era5loc_ed480fff4117,era5loc_ed480fff4117|2019,FRANCE,CEL,2019,112,2019-06-06,7,False,1,0.0,0.0,1.2775305275457627,canopy_logit_trend_BASF_frozen
2019|M4|bloc1|CEL,2019,2019-06-18,M4,bloc1,CEL,0.4,10,0,0,"2151,2152,2153,2154,2155,2156,2157,2158,2159,2160",2,2019|M4|bloc1|CEL|F2,era5loc_ed480fff4117,era5loc_ed480fff4117|2019,FRANCE,CEL,2019,112,2019-06-06,12,False,1,0.004,0.4,2.4801772373638924,canopy_logit_trend_BASF_frozen
2019|M4|bloc1|CEL,2019,2019-06-26,M4,bloc1,CEL,2.9,10,0,0,"1671,1672,1673,1674,1675,1676,1677,1678,1679,1680",2,2019|M4|bloc1|CEL|F2,era5loc_ed480fff4117,era5loc_ed480fff4117|2019,FRANCE,CEL,2019,112,2019-06-06,20,False,1,0.028999999999999998,2.9,6.974111716779276,canopy_logit_trend_BASF_frozen
2019|M4|bloc1|CEL,2019,2019-06-13,M4,bloc1,CEL,3.0,10,0,0,"1731,1732,1733,1734,1735,1736,1737,1738,1739,1740",3,2019|M4|bloc1|CEL|F3,era5loc_ed480fff4117,era5loc_ed480fff4117|2019,FRANCE,CEL,2019,113,2019-06-06,7,False,2,0.03,3.0,1.41824695098609,canopy_logit_trend_BASF_frozen
2019|M4|bloc1|CEL,2019,2019-06-18,M4,bloc1,CEL,5.7,10,0,0,"2151,2152,2153,2154,2155,2156,2157,2158,2159,2160",3,2019|M4|bloc1|CEL|F3,era5loc_ed480fff4117,era5loc_ed480fff4117|2019,FRANCE,CEL,2019,113,2019-06-06,12,False,2,0.057,5.7,2.749672264376264,canopy_logit_trend_BASF_frozen
2019|M4|bloc1|CEL,2019,2019-06-26,M4,bloc1,CEL,5.5,8,2,0,"1671,1672,1673,1674,1675,1676,1677,1678,1679,1680",3,2019|M4|bloc1|CEL|F3,era5loc_ed480fff4117,era5loc_ed480fff4117|2019,FRANCE,CEL,2019,113,2019-06-06,20,False,2,0.055,5.5,7.693392823644929,canopy_logit_trend_BASF_frozen
2019|M4|bloc2|APA,2019,2019-06-13,M4,bloc2,APA,1.4,10,0,0,"1821,1822,1823,1824,1825,1826,1827,1828,1829,1830",1,2019|M4|bloc2|APA|F1,era5loc_ed480fff4117,era5loc_ed480fff4117|2019,FRANCE,APA,2019,114,2019-06-06,7,False,0,0.013999999999999999,1.4,2.034174257361803,canopy_logit_trend_BASF_frozen
2019|M4|bloc2|APA,2019,2019-06-18,M4,bloc2,APA,1.2,10,0,0,"2041,2042,2043,2044,2045,2046,2047,2048,2049,2050",1,2019|M4|bloc2|APA|F1,era5loc_ed480fff4117,era5loc_ed480fff4117|2019,FRANCE,APA,2019,114,2019-06-06,12,False,0,0.012,1.2,3.9203710972588777,canopy_logit_trend_BASF_frozen
2019|M4|bloc2|APA,2019,2019-06-26,M4,bloc2,APA,4.571428571428571,7,0,3,"1561,1562,1563,1564,1565,1566,1567,1568,1569,1570",1,2019|M4|bloc2|APA|F1,era5loc_ed480fff4117,era5loc_ed480fff4117|2019,FRANCE,APA,2019,114,2019-06-06,20,False,0,0.045714285714285714,4.571428571428571,10.734706988533828,canopy_logit_trend_BASF_frozen
2019|M4|bloc2|APA,2019,2019-06-13,M4,bloc2,APA,3.1,10,0,0,"1821,1822,1823,1824,1825,1826,1827,1828,1829,1830",2,2019|M4|bloc2|APA|F2,era5loc_ed480fff4117,era5loc_ed480fff4117|2019,FRANCE,APA,2019,115,2019-06-06,7,False,1,0.031,3.1,3.7730033888185903,canopy_logit_trend_BASF_frozen
2019|M4|bloc2|APA,2019,2019-06-18,M4,bloc2,APA,4.5,10,0,0,"2041,2042,2043,2044,2045,2046,2047,2048,2049,2050",2,2019|M4|bloc2|APA|F2,era5loc_ed480fff4117,era5loc_ed480fff4117|2019,FRANCE,APA,2019,115,2019-06-06,12,False,1,0.045,4.5,7.153798696943496,canopy_logit_trend_BASF_frozen
2019|M4|bloc2|APA,2019,2019-06-26,M4,bloc2,APA,8.571428571428571,7,0,3,"1561,1562,1563,1564,1565,1566,1567,1568,1569,1570",2,2019|M4|bloc2|APA|F2,era5loc_ed480fff4117,era5loc_ed480fff4117|2019,FRANCE,APA,2019,115,2019-06-06,20,False,1,0.08571428571428572,8.571428571428571,18.50590799464862,canopy_logit_trend_BASF_frozen
2019|M4|bloc2|APA,2019,2019-06-13,M4,bloc2,APA,6.25,8,2,0,"1821,1822,1823,1824,1825,1826,1827,1828,1829,1830",3,2019|M4|bloc2|APA|F3,era5loc_ed480fff4117,era5loc_ed480fff4117|2019,FRANCE,APA,2019,116,2019-06-06,7,False,2,0.0625,6.25,5.714936458793067,canopy_logit_trend_BASF_frozen
2019|M4|bloc2|APA,2019,2019-06-18,M4,bloc2,APA,7.777777777777778,9,1,0,"2041,2042,2043,2044,2045,2046,2047,2048,2049,2050",3,2019|M4|bloc2|APA|F3,era5loc_ed480fff4117,era5loc_ed480fff4117|2019,FRANCE,APA,2019,116,2019-06-06,12,False,2,0.07777777777777778,7.777777777777778,10.64333585175447,canopy_logit_trend_BASF_frozen
2019|M4|bloc2|APA,2019,2019-06-26,M4,bloc2,APA,16.0,5,5,0,"1561,1562,1563,1564,1565,1566,1567,1568,1569,1570",3,2019|M4|bloc2|APA|F3,era5loc_ed480fff4117,era5loc_ed480fff4117|2019,FRANCE,APA,2019,116,2019-06-06,20,False,2,0.16,16.0,25.98320823838527,canopy_logit_trend_BASF_frozen
2019|M4|bloc2|CEL,2019,2019-06-13,M4,bloc2,CEL,0.4,10,0,0,"1831,1832,1833,1834,1835,1836,1837,1838,1839,1840",1,2019|M4|bloc2|CEL|F1,era5loc_ed480fff4117,era5loc_ed480fff4117|2019,FRANCE,CEL,2019,117,2019-06-06,7,False,0,0.004,0.4,3.0327039609070425,canopy_logit_trend_BASF_frozen
2019|M4|bloc2|CEL,2019,2019-06-18,M4,bloc2,CEL,0.2,10,0,0,"2051,2052,2053,2054,2055,2056,2057,2058,2059,2060",1,2019|M4|bloc2|CEL|F1,era5loc_ed480fff4117,era5loc_ed480fff4117|2019,FRANCE,CEL,2019,117,2019-06-06,12,False,0,0.002,0.2,5.790474376587072,canopy_logit_trend_BASF_frozen
2019|M4|bloc2|CEL,2019,2019-06-26,M4,bloc2,CEL,3.0,6,0,4,"1571,1572,1573,1574,1575,1576,1577,1578,1579,1580",1,2019|M4|bloc2|CEL|F1,era5loc_ed480fff4117,era5loc_ed480fff4117|2019,FRANCE,CEL,2019,117,2019-06-06,20,False,0,0.03,3.0,15.338073792782133,canopy_logit_trend_BASF_frozen
2019|M4|bloc2|CEL,2019,2019-06-13,M4,bloc2,CEL,1.0,10,0,0,"1831,1832,1833,1834,1835,1836,1837,1838,1839,1840",2,2019|M4|bloc2|CEL|F2,era5loc_ed480fff4117,era5loc_ed480fff4117|2019,FRANCE,CEL,2019,118,2019-06-06,7,False,1,0.01,1.0,1.2774494461085275,canopy_logit_trend_BASF_frozen
2019|M4|bloc2|CEL,2019,2019-06-18,M4,bloc2,CEL,1.7,10,0,0,"2051,2052,2053,2054,2055,2056,2057,2058,2059,2060",2,2019|M4|bloc2|CEL|F2,era5loc_ed480fff4117,era5loc_ed480fff4117|2019,FRANCE,CEL,2019,118,2019-06-06,12,False,1,0.017,1.7,2.4799106842093686,canopy_logit_trend_BASF_frozen
2019|M4|bloc2|CEL,2019,2019-06-26,M4,bloc2,CEL,4.0,6,0,4,"1571,1572,1573,1574,1575,1576,1577,1578,1579,1580",2,2019|M4|bloc2|CEL|F2,era5loc_ed480fff4117,era5loc_ed480fff4117|2019,FRANCE,CEL,2019,118,2019-06-06,20,False,1,0.04,4.0,6.972920095904038,canopy_logit_trend_BASF_frozen
2019|M4|bloc2|CEL,2019,2019-06-13,M4,bloc2,CEL,2.4,10,0,0,"1831,1832,1833,1834,1835,1836,1837,1838,1839,1840",3,2019|M4|bloc2|CEL|F3,era5loc_ed480fff4117,era5loc_ed480fff4117|2019,FRANCE,CEL,2019,119,2019-06-06,7,False,2,0.024,2.4,1.5305475296434712,canopy_logit_trend_BASF_frozen
2019|M4|bloc2|CEL,2019,2019-06-18,M4,bloc2,CEL,2.9,10,0,0,"2051,2052,2053,2054,2055,2056,2057,2058,2059,2060",3,2019|M4|bloc2|CEL|F3,era5loc_ed480fff4117,era5loc_ed480fff4117|2019,FRANCE,CEL,2019,119,2019-06-06,12,False,2,0.028999999999999998,2.9,2.9640965468359486,canopy_logit_trend_BASF_frozen
2019|M4|bloc2|CEL,2019,2019-06-26,M4,bloc2,CEL,4.666666666666667,9,1,0,"1571,1572,1573,1574,1575,1576,1577,1578,1579,1580",3,2019|M4|bloc2|CEL|F3,era5loc_ed480fff4117,era5loc_ed480fff4117|2019,FRANCE,CEL,2019,119,2019-06-06,20,False,2,0.04666666666666667,4.666666666666667,8.260033686854722,canopy_logit_trend_BASF_frozen
2019|M4|bloc3|APA,2019,2019-06-12,M4,bloc3,APA,0.5,10,0,0,"1841,1842,1843,1844,1845,1846,1847,1848,1849,1850",1,2019|M4|bloc3|APA|F1,era5loc_ed480fff4117,era5loc_ed480fff4117|2019,FRANCE,APA,2019,120,2019-06-03,9,False,0,0.005,0.5,1.667125995729277,canopy_logit_trend_BASF_frozen
2019|M4|bloc3|APA,2019,2019-06-18,M4,bloc3,APA,0.9,10,0,0,"1961,1962,1963,1964,1965,1966,1967,1968,1969,1970",1,2019|M4|bloc3|APA|F1,era5loc_ed480fff4117,era5loc_ed480fff4117|2019,FRANCE,APA,2019,120,2019-06-03,15,False,0,0.009000000000000001,0.9,3.673640734199285,canopy_logit_trend_BASF_frozen
2019|M4|bloc3|APA,2019,2019-06-25,M4,bloc3,APA,5.6,10,0,0,"1441,1442,1443,1444,1445,1446,1447,1448,1449,1450",1,2019|M4|bloc3|APA|F1,era5loc_ed480fff4117,era5loc_ed480fff4117|2019,FRANCE,APA,2019,120,2019-06-03,22,False,0,0.055999999999999994,5.6,8.941946191490917,canopy_logit_trend_BASF_frozen
2019|M4|bloc3|APA,2019,2019-06-12,M4,bloc3,APA,3.1,10,0,0,"1841,1842,1843,1844,1845,1846,1847,1848,1849,1850",2,2019|M4|bloc3|APA|F2,era5loc_ed480fff4117,era5loc_ed480fff4117|2019,FRANCE,APA,2019,121,2019-06-03,9,False,1,0.031,3.1,3.9364583691350576,canopy_logit_trend_BASF_frozen
2019|M4|bloc3|APA,2019,2019-06-18,M4,bloc3,APA,7.7,10,0,0,"1961,1962,1963,1964,1965,1966,1967,1968,1969,1970",2,2019|M4|bloc3|APA|F2,era5loc_ed480fff4117,era5loc_ed480fff4117|2019,FRANCE,APA,2019,121,2019-06-03,15,False,1,0.077,7.7,8.439862120824571,canopy_logit_trend_BASF_frozen
2019|M4|bloc3|APA,2019,2019-06-25,M4,bloc3,APA,10.88888888888889,9,1,0,"1441,1442,1443,1444,1445,1446,1447,1448,1449,1450",2,2019|M4|bloc3|APA|F2,era5loc_ed480fff4117,era5loc_ed480fff4117|2019,FRANCE,APA,2019,121,2019-06-03,22,False,1,0.1088888888888889,10.88888888888889,19.18218841344835,canopy_logit_trend_BASF_frozen
2019|M4|bloc3|APA,2019,2019-06-12,M4,bloc3,APA,6.0,9,1,0,"1841,1842,1843,1844,1845,1846,1847,1848,1849,1850",3,2019|M4|bloc3|APA|F3,era5loc_ed480fff4117,era5loc_ed480fff4117|2019,FRANCE,APA,2019,122,2019-06-03,9,False,2,0.06,6.0,5.824033578859502,canopy_logit_trend_BASF_frozen
2019|M4|bloc3|APA,2019,2019-06-18,M4,bloc3,APA,13.333333333333334,9,1,0,"1961,1962,1963,1964,1965,1966,1967,1968,1969,1970",3,2019|M4|bloc3|APA|F3,era5loc_ed480fff4117,era5loc_ed480fff4117|2019,FRANCE,APA,2019,122,2019-06-03,15,False,2,0.13333333333333333,13.333333333333334,12.212345325329558,canopy_logit_trend_BASF_frozen
2019|M4|bloc3|APA,2019,2019-06-25,M4,bloc3,APA,17.5,6,4,0,"1441,1442,1443,1444,1445,1446,1447,1448,1449,1450",3,2019|M4|bloc3|APA|F3,era5loc_ed480fff4117,era5loc_ed480fff4117|2019,FRANCE,APA,2019,122,2019-06-03,22,False,2,0.175,17.5,26.373239308815798,canopy_logit_trend_BASF_frozen
2019|M4|bloc3|CEL,2019,2019-06-12,M4,bloc3,CEL,0.1,10,0,0,"1851,1852,1853,1854,1855,1856,1857,1858,1859,1860",1,2019|M4|bloc3|CEL|F1,era5loc_ed480fff4117,era5loc_ed480fff4117|2019,FRANCE,CEL,2019,123,2019-06-03,9,False,0,0.001,0.1,1.6673814296481286,canopy_logit_trend_BASF_frozen
2019|M4|bloc3|CEL,2019,2019-06-18,M4,bloc3,CEL,0.9,10,0,0,"1971,1972,1973,1974,1975,1976,1977,1978,1979,1980",1,2019|M4|bloc3|CEL|F1,era5loc_ed480fff4117,era5loc_ed480fff4117|2019,FRANCE,CEL,2019,123,2019-06-03,15,False,0,0.009000000000000001,0.9,3.674559746931515,canopy_logit_trend_BASF_frozen
2019|M4|bloc3|CEL,2019,2019-06-25,M4,bloc3,CEL,5.5,10,0,0,"1451,1452,1453,1454,1455,1456,1457,1458,1459,1460",1,2019|M4|bloc3|CEL|F1,era5loc_ed480fff4117,era5loc_ed480fff4117|2019,FRANCE,CEL,2019,123,2019-06-03,22,False,0,0.055,5.5,8.945047730188218,canopy_logit_trend_BASF_frozen
2019|M4|bloc3|CEL,2019,2019-06-12,M4,bloc3,CEL,0.8,10,0,0,"1851,1852,1853,1854,1855,1856,1857,1858,1859,1860",2,2019|M4|bloc3|CEL|F2,era5loc_ed480fff4117,era5loc_ed480fff4117|2019,FRANCE,CEL,2019,124,2019-06-03,9,False,1,0.008,0.8,1.6673814296481286,canopy_logit_trend_BASF_frozen
2019|M4|bloc3|CEL,2019,2019-06-18,M4,bloc3,CEL,1.4,10,0,0,"1971,1972,1973,1974,1975,1976,1977,1978,1979,1980",2,2019|M4|bloc3|CEL|F2,era5loc_ed480fff4117,era5loc_ed480fff4117|2019,FRANCE,CEL,2019,124,2019-06-03,15,False,1,0.013999999999999999,1.4,3.674559746931515,canopy_logit_trend_BASF_frozen
2019|M4|bloc3|CEL,2019,2019-06-25,M4,bloc3,CEL,3.1,10,0,0,"1451,1452,1453,1454,1455,1456,1457,1458,1459,1460",2,2019|M4|bloc3|CEL|F2,era5loc_ed480fff4117,era5loc_ed480fff4117|2019,FRANCE,CEL,2019,124,2019-06-03,22,False,1,0.031,3.1,8.945047730188218,canopy_logit_trend_BASF_frozen
2019|M4|bloc3|CEL,2019,2019-06-12,M4,bloc3,CEL,1.0,10,0,0,"1851,1852,1853,1854,1855,1856,1857,1858,1859,1860",3,2019|M4|bloc3|CEL|F3,era5loc_ed480fff4117,era5loc_ed480fff4117|2019,FRANCE,CEL,2019,125,2019-06-03,9,False,2,0.01,1.0,1.6673814296481286,canopy_logit_trend_BASF_frozen
2019|M4|bloc3|CEL,2019,2019-06-18,M4,bloc3,CEL,1.5,10,0,0,"1971,1972,1973,1974,1975,1976,1977,1978,1979,1980",3,2019|M4|bloc3|CEL|F3,era5loc_ed480fff4117,era5loc_ed480fff4117|2019,FRANCE,CEL,2019,125,2019-06-03,15,False,2,0.015,1.5,3.674559746931515,canopy_logit_trend_BASF_frozen
2019|M4|bloc3|CEL,2019,2019-06-25,M4,bloc3,CEL,4.6,10,0,0,"1451,1452,1453,1454,1455,1456,1457,1458,1459,1460",3,2019|M4|bloc3|CEL|F3,era5loc_ed480fff4117,era5loc_ed480fff4117|2019,FRANCE,CEL,2019,125,2019-06-03,22,False,2,0.046,4.6,8.945047730188218,canopy_logit_trend_BASF_frozen
2019|M5|bloc1|APA,2019,2019-06-13,M5,bloc1,APA,1.7,10,0,0,"1701,1702,1703,1704,1705,1706,1707,1708,1709,1710",1,2019|M5|bloc1|APA|F1,era5loc_ed480fff4117,era5loc_ed480fff4117|2019,FRANCE,APA,2019,126,2019-06-06,7,False,0,0.017,1.7,1.2773234591343485,canopy_logit_trend_BASF_frozen
2019|M5|bloc1|APA,2019,2019-06-18,M5,bloc1,APA,2.1,10,0,0,"2121,2122,2123,2124,2125,2126,2127,2128,2129,2130",1,2019|M5|bloc1|APA|F1,era5loc_ed480fff4117,era5loc_ed480fff4117|2019,FRANCE,APA,2019,126,2019-06-06,12,False,0,0.021,2.1,2.479496527513652,canopy_logit_trend_BASF_frozen
2019|M5|bloc1|APA,2019,2019-06-26,M5,bloc1,APA,8.8,10,0,0,"1601,1602,1603,1604,1605,1606,1607,1608,1609,1610",1,2019|M5|bloc1|APA|F1,era5loc_ed480fff4117,era5loc_ed480fff4117|2019,FRANCE,APA,2019,126,2019-06-06,20,False,0,0.08800000000000001,8.8,6.971068742238917,canopy_logit_trend_BASF_frozen
2019|M5|bloc1|APA,2019,2019-06-13,M5,bloc1,APA,7.8,10,0,0,"1701,1702,1703,1704,1705,1706,1707,1708,1709,1710",2,2019|M5|bloc1|APA|F2,era5loc_ed480fff4117,era5loc_ed480fff4117|2019,FRANCE,APA,2019,127,2019-06-06,7,False,1,0.078,7.8,4.262971138624651,canopy_logit_trend_BASF_frozen
2019|M5|bloc1|APA,2019,2019-06-18,M5,bloc1,APA,7.5,10,0,0,"2121,2122,2123,2124,2125,2126,2127,2128,2129,2130",2,2019|M5|bloc1|APA|F2,era5loc_ed480fff4117,era5loc_ed480fff4117|2019,FRANCE,APA,2019,127,2019-06-06,12,False,1,0.075,7.5,8.04611324147069,canopy_logit_trend_BASF_frozen
2019|M5|bloc1|APA,2019,2019-06-26,M5,bloc1,APA,11.444444444444445,9,1,0,"1601,1602,1603,1604,1605,1606,1607,1608,1609,1610",2,2019|M5|bloc1|APA|F2,era5loc_ed480fff4117,era5loc_ed480fff4117|2019,FRANCE,APA,2019,127,2019-06-06,20,False,1,0.11444444444444445,11.444444444444445,20.501616730138647,canopy_logit_trend_BASF_frozen
2019|M5|bloc1|APA,2019,2019-06-13,M5,bloc1,APA,5.222222222222222,9,1,0,"1701,1702,1703,1704,1705,1706,1707,1708,1709,1710",3,2019|M5|bloc1|APA|F3,era5loc_ed480fff4117,era5loc_ed480fff4117|2019,FRANCE,APA,2019,128,2019-06-06,7,False,2,0.052222222222222225,5.222222222222222,5.71495888885945,canopy_logit_trend_BASF_frozen
2019|M5|bloc1|APA,2019,2019-06-18,M5,bloc1,APA,8.88888888888889,9,1,0,"2121,2122,2123,2124,2125,2126,2127,2128,2129,2130",3,2019|M5|bloc1|APA|F3,era5loc_ed480fff4117,era5loc_ed480fff4117|2019,FRANCE,APA,2019,128,2019-06-06,12,False,2,0.08888888888888889,8.88888888888889,10.64340371968301,canopy_logit_trend_BASF_frozen
2019|M5|bloc1|APA,2019,2019-06-26,M5,bloc1,APA,14.4,5,5,0,"1601,1602,1603,1604,1605,1606,1607,1608,1609,1610",3,2019|M5|bloc1|APA|F3,era5loc_ed480fff4117,era5loc_ed480fff4117|2019,FRANCE,APA,2019,128,2019-06-06,20,False,2,0.14400000000000002,14.4,25.983436972888896,canopy_logit_trend_BASF_frozen
2019|M5|bloc1|CEL,2019,2019-06-13,M5,bloc1,CEL,0.4,10,0,0,"1711,1712,1713,1714,1715,1716,1717,1718,1719,1720",1,2019|M5|bloc1|CEL|F1,era5loc_ed480fff4117,era5loc_ed480fff4117|2019,FRANCE,CEL,2019,129,2019-06-06,7,False,0,0.004,0.4,1.2774756949386405,canopy_logit_trend_BASF_frozen
2019|M5|bloc1|CEL,2019,2019-06-18,M5,bloc1,CEL,0.5,10,0,0,"2131,2132,2133,2134,2135,2136,2137,2138,2139,2140",1,2019|M5|bloc1|CEL|F1,era5loc_ed480fff4117,era5loc_ed480fff4117|2019,FRANCE,CEL,2019,129,2019-06-06,12,False,0,0.005,0.5,2.479996975339764,canopy_logit_trend_BASF_frozen
2019|M5|bloc1|CEL,2019,2019-06-26,M5,bloc1,CEL,1.8,10,0,0,"1611,1612,1613,1614,1615,1616,1617,1618,1619,1620",1,2019|M5|bloc1|CEL|F1,era5loc_ed480fff4117,era5loc_ed480fff4117|2019,FRANCE,CEL,2019,129,2019-06-06,20,False,0,0.018000000000000002,1.8,6.973305851827689,canopy_logit_trend_BASF_frozen
2019|M5|bloc1|CEL,2019,2019-06-13,M5,bloc1,CEL,1.0,10,0,0,"1711,1712,1713,1714,1715,1716,1717,1718,1719,1720",2,2019|M5|bloc1|CEL|F2,era5loc_ed480fff4117,era5loc_ed480fff4117|2019,FRANCE,CEL,2019,130,2019-06-06,7,False,1,0.01,1.0,1.2774756949386405,canopy_logit_trend_BASF_frozen
2019|M5|bloc1|CEL,2019,2019-06-18,M5,bloc1,CEL,1.1,10,0,0,"2131,2132,2133,2134,2135,2136,2137,2138,2139,2140",2,2019|M5|bloc1|CEL|F2,era5loc_ed480fff4117,era5loc_ed480fff4117|2019,FRANCE,CEL,2019,130,2019-06-06,12,False,1,0.011000000000000001,1.1,2.479996975339764,canopy_logit_trend_BASF_frozen
2019|M5|bloc1|CEL,2019,2019-06-26,M5,bloc1,CEL,3.5,10,0,0,"1611,1612,1613,1614,1615,1616,1617,1618,1619,1620",2,2019|M5|bloc1|CEL|F2,era5loc_ed480fff4117,era5loc_ed480fff4117|2019,FRANCE,CEL,2019,130,2019-06-06,20,False,1,0.035,3.5,6.973305851827689,canopy_logit_trend_BASF_frozen
2019|M5|bloc1|CEL,2019,2019-06-13,M5,bloc1,CEL,1.9,10,0,0,"1711,1712,1713,1714,1715,1716,1717,1718,1719,1720",3,2019|M5|bloc1|CEL|F3,era5loc_ed480fff4117,era5loc_ed480fff4117|2019,FRANCE,CEL,2019,131,2019-06-06,7,False,2,0.019,1.9,2.2851715047292043,canopy_logit_trend_BASF_frozen
2019|M5|bloc1|CEL,2019,2019-06-18,M5,bloc1,CEL,2.2,10,0,0,"2131,2132,2133,2134,2135,2136,2137,2138,2139,2140",3,2019|M5|bloc1|CEL|F3,era5loc_ed480fff4117,era5loc_ed480fff4117|2019,FRANCE,CEL,2019,131,2019-06-06,12,False,2,0.022000000000000002,2.2,4.394043260216673,canopy_logit_trend_BASF_frozen
2019|M5|bloc1|CEL,2019,2019-06-26,M5,bloc1,CEL,7.2,10,0,0,"1611,1612,1613,1614,1615,1616,1617,1618,1619,1620",3,2019|M5|bloc1|CEL|F3,era5loc_ed480fff4117,era5loc_ed480fff4117|2019,FRANCE,CEL,2019,131,2019-06-06,20,False,2,0.07200000000000001,7.2,11.930982502331865,canopy_logit_trend_BASF_frozen
2019|M5|bloc2|APA,2019,2019-06-13,M5,bloc2,APA,0.8,10,0,0,"1781,1782,1783,1784,1785,1786,1787,1788,1789,1790",1,2019|M5|bloc2|APA|F1,era5loc_ed480fff4117,era5loc_ed480fff4117|2019,FRANCE,APA,2019,132,2019-06-06,7,False,0,0.008,0.8,1.277218479358017,canopy_logit_trend_BASF_frozen
2019|M5|bloc2|APA,2019,2019-06-18,M5,bloc2,APA,1.8,10,0,0,"2021,2022,2023,2024,2025,2026,2027,2028,2029,2030",1,2019|M5|bloc2|APA|F1,era5loc_ed480fff4117,era5loc_ed480fff4117|2019,FRANCE,APA,2019,132,2019-06-06,12,False,0,0.018000000000000002,1.8,2.47915144842641,canopy_logit_trend_BASF_frozen
2019|M5|bloc2|APA,2019,2019-06-26,M5,bloc2,APA,7.7,10,0,0,"1521,1522,1523,1524,1525,1526,1527,1528,1529,1530",1,2019|M5|bloc2|APA|F1,era5loc_ed480fff4117,era5loc_ed480fff4117|2019,FRANCE,APA,2019,132,2019-06-06,20,False,0,0.077,7.7,6.96952629487841,canopy_logit_trend_BASF_frozen
2019|M5|bloc2|APA,2019,2019-06-13,M5,bloc2,APA,3.0,10,0,0,"1781,1782,1783,1784,1785,1786,1787,1788,1789,1790",2,2019|M5|bloc2|APA|F2,era5loc_ed480fff4117,era5loc_ed480fff4117|2019,FRANCE,APA,2019,133,2019-06-06,7,False,1,0.03,3.0,3.7727162464337987,canopy_logit_trend_BASF_frozen
2019|M5|bloc2|APA,2019,2019-06-18,M5,bloc2,APA,5.4,10,0,0,"2021,2022,2023,2024,2025,2026,2027,2028,2029,2030",2,2019|M5|bloc2|APA|F2,era5loc_ed480fff4117,era5loc_ed480fff4117|2019,FRANCE,APA,2019,133,2019-06-06,12,False,1,0.054000000000000006,5.4,7.152898188297992,canopy_logit_trend_BASF_frozen
2019|M5|bloc2|APA,2019,2019-06-26,M5,bloc2,APA,8.0,10,0,0,"1521,1522,1523,1524,1525,1526,1527,1528,1529,1530",2,2019|M5|bloc2|APA|F2,era5loc_ed480fff4117,era5loc_ed480fff4117|2019,FRANCE,APA,2019,133,2019-06-06,20,False,1,0.08,8.0,18.50250025328593,canopy_logit_trend_BASF_frozen
2019|M5|bloc2|APA,2019,2019-06-13,M5,bloc2,APA,7.8,10,0,0,"1781,1782,1783,1784,1785,1786,1787,1788,1789,1790",3,2019|M5|bloc2|APA|F3,era5loc_ed480fff4117,era5loc_ed480fff4117|2019,FRANCE,APA,2019,134,2019-06-06,7,False,2,0.078,7.8,11.043076902663424,canopy_logit_trend_BASF_frozen
2019|M5|bloc2|APA,2019,2019-06-18,M5,bloc2,APA,11.25,8,1,1,"2021,2022,2023,2024,2025,2026,2027,2028,2029,2030",3,2019|M5|bloc2|APA|F3,era5loc_ed480fff4117,era5loc_ed480fff4117|2019,FRANCE,APA,2019,134,2019-06-06,12,False,2,0.1125,11.25,19.609729753916383,canopy_logit_trend_BASF_frozen
2019|M5|bloc2|APA,2019,2019-06-26,M5,bloc2,APA,5.0,1,9,0,"1521,1522,1523,1524,1525,1526,1527,1528,1529,1530",3,2019|M5|bloc2|APA|F3,era5loc_ed480fff4117,era5loc_ed480fff4117|2019,FRANCE,APA,2019,134,2019-06-06,20,False,2,0.05,5.0,41.821694755757896,canopy_logit_trend_BASF_frozen
2019|M5|bloc2|CEL,2019,2019-06-13,M5,bloc2,CEL,0.4,10,0,0,"1791,1792,1793,1794,1795,1796,1797,1798,1799,1800",1,2019|M5|bloc2|CEL|F1,era5loc_ed480fff4117,era5loc_ed480fff4117|2019,FRANCE,CEL,2019,135,2019-06-06,7,False,0,0.004,0.4,1.2775229441744407,canopy_logit_trend_BASF_frozen
2019|M5|bloc2|CEL,2019,2019-06-18,M5,bloc2,CEL,0.3,10,0,0,"2031,2032,2033,2034,2035,2036,2037,2038,2039,2040",1,2019|M5|bloc2|CEL|F1,era5loc_ed480fff4117,era5loc_ed480fff4117|2019,FRANCE,CEL,2019,135,2019-06-06,12,False,0,0.003,0.3,2.4801523067486406,canopy_logit_trend_BASF_frozen
2019|M5|bloc2|CEL,2019,2019-06-26,M5,bloc2,CEL,1.6,10,0,0,"1531,1532,1533,1534,1535,1536,1537,1538,1539,1540",1,2019|M5|bloc2|CEL|F1,era5loc_ed480fff4117,era5loc_ed480fff4117|2019,FRANCE,CEL,2019,135,2019-06-06,20,False,0,0.016,1.6,6.974000262238136,canopy_logit_trend_BASF_frozen
2019|M5|bloc2|CEL,2019,2019-06-13,M5,bloc2,CEL,1.1,10,0,0,"1791,1792,1793,1794,1795,1796,1797,1798,1799,1800",2,2019|M5|bloc2|CEL|F2,era5loc_ed480fff4117,era5loc_ed480fff4117|2019,FRANCE,CEL,2019,136,2019-06-06,7,False,1,0.011000000000000001,1.1,1.2775229441744407,canopy_logit_trend_BASF_frozen
2019|M5|bloc2|CEL,2019,2019-06-18,M5,bloc2,CEL,1.3,10,0,0,"2031,2032,2033,2034,2035,2036,2037,2038,2039,2040",2,2019|M5|bloc2|CEL|F2,era5loc_ed480fff4117,era5loc_ed480fff4117|2019,FRANCE,CEL,2019,136,2019-06-06,12,False,1,0.013000000000000001,1.3,2.4801523067486406,canopy_logit_trend_BASF_frozen
2019|M5|bloc2|CEL,2019,2019-06-26,M5,bloc2,CEL,2.4,10,0,0,"1531,1532,1533,1534,1535,1536,1537,1538,1539,1540",2,2019|M5|bloc2|CEL|F2,era5loc_ed480fff4117,era5loc_ed480fff4117|2019,FRANCE,CEL,2019,136,2019-06-06,20,False,1,0.024,2.4,6.974000262238136,canopy_logit_trend_BASF_frozen
2019|M5|bloc2|CEL,2019,2019-06-13,M5,bloc2,CEL,1.4,10,0,0,"1791,1792,1793,1794,1795,1796,1797,1798,1799,1800",3,2019|M5|bloc2|CEL|F3,era5loc_ed480fff4117,era5loc_ed480fff4117|2019,FRANCE,CEL,2019,137,2019-06-06,7,False,2,0.013999999999999999,1.4,1.2775229441744407,canopy_logit_trend_BASF_frozen
2019|M5|bloc2|CEL,2019,2019-06-18,M5,bloc2,CEL,2.8,10,0,0,"2031,2032,2033,2034,2035,2036,2037,2038,2039,2040",3,2019|M5|bloc2|CEL|F3,era5loc_ed480fff4117,era5loc_ed480fff4117|2019,FRANCE,CEL,2019,137,2019-06-06,12,False,2,0.027999999999999997,2.8,2.4801523067486406,canopy_logit_trend_BASF_frozen
2019|M5|bloc2|CEL,2019,2019-06-26,M5,bloc2,CEL,3.875,8,2,0,"1531,1532,1533,1534,1535,1536,1537,1538,1539,1540",3,2019|M5|bloc2|CEL|F3,era5loc_ed480fff4117,era5loc_ed480fff4117|2019,FRANCE,CEL,2019,137,2019-06-06,20,False,2,0.03875,3.875,6.974000262238136,canopy_logit_trend_BASF_frozen
2019|M5|bloc3|APA,2019,2019-06-12,M5,bloc3,APA,1.2222222222222223,9,0,1,"1861,1862,1863,1864,1865,1866,1867,1868,1869,1870",1,2019|M5|bloc3|APA|F1,era5loc_ed480fff4117,era5loc_ed480fff4117|2019,FRANCE,APA,2019,138,2019-06-03,9,False,0,0.012222222222222223,1.2222222222222223,1.667118196825561,canopy_logit_trend_BASF_frozen
2019|M5|bloc3|APA,2019,2019-06-18,M5,bloc3,APA,2.2222222222222223,9,0,1,"1981,1982,1983,1984,1985,1986,1987,1988,1989,1990",1,2019|M5|bloc3|APA|F1,era5loc_ed480fff4117,era5loc_ed480fff4117|2019,FRANCE,APA,2019,138,2019-06-03,15,False,0,0.022222222222222223,2.2222222222222223,3.6736126762204315,canopy_logit_trend_BASF_frozen
2019|M5|bloc3|APA,2019,2019-06-25,M5,bloc3,APA,5.111111111111111,9,0,1,"1461,1462,1463,1464,1465,1466,1467,1468,1469,1470",1,2019|M5|bloc3|APA|F1,era5loc_ed480fff4117,era5loc_ed480fff4117|2019,FRANCE,APA,2019,138,2019-06-03,22,False,0,0.05111111111111111,5.111111111111111,8.941851503279118,canopy_logit_trend_BASF_frozen
2019|M5|bloc3|APA,2019,2019-06-12,M5,bloc3,APA,2.7,10,0,0,"1861,1862,1863,1864,1865,1866,1867,1868,1869,1870",2,2019|M5|bloc3|APA|F2,era5loc_ed480fff4117,era5loc_ed480fff4117|2019,FRANCE,APA,2019,139,2019-06-03,9,False,1,0.027000000000000003,2.7,1.667118196825561,canopy_logit_trend_BASF_frozen
2019|M5|bloc3|APA,2019,2019-06-18,M5,bloc3,APA,7.0,10,0,0,"1981,1982,1983,1984,1985,1986,1987,1988,1989,1990",2,2019|M5|bloc3|APA|F2,era5loc_ed480fff4117,era5loc_ed480fff4117|2019,FRANCE,APA,2019,139,2019-06-03,15,False,1,0.07,7.0,3.6736126762204315,canopy_logit_trend_BASF_frozen
2019|M5|bloc3|APA,2019,2019-06-25,M5,bloc3,APA,14.5,10,0,0,"1461,1462,1463,1464,1465,1466,1467,1468,1469,1470",2,2019|M5|bloc3|APA|F2,era5loc_ed480fff4117,era5loc_ed480fff4117|2019,FRANCE,APA,2019,139,2019-06-03,22,False,1,0.145,14.5,8.941851503279118,canopy_logit_trend_BASF_frozen
2019|M5|bloc3|APA,2019,2019-06-12,M5,bloc3,APA,6.9,10,0,0,"1861,1862,1863,1864,1865,1866,1867,1868,1869,1870",3,2019|M5|bloc3|APA|F3,era5loc_ed480fff4117,era5loc_ed480fff4117|2019,FRANCE,APA,2019,140,2019-06-03,9,False,2,0.069,6.9,7.962018456526858,canopy_logit_trend_BASF_frozen
2019|M5|bloc3|APA,2019,2019-06-18,M5,bloc3,APA,11.5,10,0,0,"1981,1982,1983,1984,1985,1986,1987,1988,1989,1990",3,2019|M5|bloc3|APA|F3,era5loc_ed480fff4117,era5loc_ed480fff4117|2019,FRANCE,APA,2019,140,2019-06-03,15,False,2,0.115,11.5,16.28977453819953,canopy_logit_trend_BASF_frozen
2019|M5|bloc3|APA,2019,2019-06-25,M5,bloc3,APA,16.666666666666668,6,4,0,"1461,1462,1463,1464,1465,1466,1467,1468,1469,1470",3,2019|M5|bloc3|APA|F3,era5loc_ed480fff4117,era5loc_ed480fff4117|2019,FRANCE,APA,2019,140,2019-06-03,22,False,2,0.16666666666666669,16.666666666666668,33.38078871621109,canopy_logit_trend_BASF_frozen
2019|M5|bloc3|CEL,2019,2019-06-12,M5,bloc3,CEL,0.0,10,0,0,"1871,1872,1873,1874,1875,1876,1877,1878,1879,1880",1,2019|M5|bloc3|CEL|F1,era5loc_ed480fff4117,era5loc_ed480fff4117|2019,FRANCE,CEL,2019,141,2019-06-03,9,False,0,0.0,0.0,1.6673794796251684,canopy_logit_trend_BASF_frozen
2019|M5|bloc3|CEL,2019,2019-06-18,M5,bloc3,CEL,0.0,10,0,0,"1991,1992,1993,1994,1995,1996,1997,1998,1999,2000",1,2019|M5|bloc3|CEL|F1,era5loc_ed480fff4117,era5loc_ed480fff4117|2019,FRANCE,CEL,2019,141,2019-06-03,15,False,0,0.0,0.0,3.6745527307296384,canopy_logit_trend_BASF_frozen
2019|M5|bloc3|CEL,2019,2019-06-25,M5,bloc3,CEL,1.0,10,0,0,"1471,1472,1473,1474,1475,1476,1477,1478,1479,1480",1,2019|M5|bloc3|CEL|F1,era5loc_ed480fff4117,era5loc_ed480fff4117|2019,FRANCE,CEL,2019,141,2019-06-03,22,False,0,0.01,1.0,8.945024050646326,canopy_logit_trend_BASF_frozen
2019|M5|bloc3|CEL,2019,2019-06-12,M5,bloc3,CEL,0.0,10,0,0,"1871,1872,1873,1874,1875,1876,1877,1878,1879,1880",2,2019|M5|bloc3|CEL|F2,era5loc_ed480fff4117,era5loc_ed480fff4117|2019,FRANCE,CEL,2019,142,2019-06-03,9,False,1,0.0,0.0,1.6673794796251684,canopy_logit_trend_BASF_frozen
2019|M5|bloc3|CEL,2019,2019-06-18,M5,bloc3,CEL,0.6,10,0,0,"1991,1992,1993,1994,1995,1996,1997,1998,1999,2000",2,2019|M5|bloc3|CEL|F2,era5loc_ed480fff4117,era5loc_ed480fff4117|2019,FRANCE,CEL,2019,142,2019-06-03,15,False,1,0.006,0.6,3.6745527307296384,canopy_logit_trend_BASF_frozen
2019|M5|bloc3|CEL,2019,2019-06-25,M5,bloc3,CEL,1.1,10,0,0,"1471,1472,1473,1474,1475,1476,1477,1478,1479,1480",2,2019|M5|bloc3|CEL|F2,era5loc_ed480fff4117,era5loc_ed480fff4117|2019,FRANCE,CEL,2019,142,2019-06-03,22,False,1,0.011000000000000001,1.1,8.945024050646326,canopy_logit_trend_BASF_frozen
2019|M5|bloc3|CEL,2019,2019-06-12,M5,bloc3,CEL,1.1,10,0,0,"1871,1872,1873,1874,1875,1876,1877,1878,1879,1880",3,2019|M5|bloc3|CEL|F3,era5loc_ed480fff4117,era5loc_ed480fff4117|2019,FRANCE,CEL,2019,143,2019-06-03,9,False,2,0.011000000000000001,1.1,1.6673794796251684,canopy_logit_trend_BASF_frozen
2019|M5|bloc3|CEL,2019,2019-06-18,M5,bloc3,CEL,1.1,10,0,0,"1991,1992,1993,1994,1995,1996,1997,1998,1999,2000",3,2019|M5|bloc3|CEL|F3,era5loc_ed480fff4117,era5loc_ed480fff4117|2019,FRANCE,CEL,2019,143,2019-06-03,15,False,2,0.011000000000000001,1.1,3.6745527307296384,canopy_logit_trend_BASF_frozen
2019|M5|bloc3|CEL,2019,2019-06-25,M5,bloc3,CEL,4.3,10,0,0,"1471,1472,1473,1474,1475,1476,1477,1478,1479,1480",3,2019|M5|bloc3|CEL|F3,era5loc_ed480fff4117,era5loc_ed480fff4117|2019,FRANCE,CEL,2019,143,2019-06-03,22,False,2,0.043,4.3,8.945024050646326,canopy_logit_trend_BASF_frozen
