row_id,record,control_id,cultivar,year,fold,role,weight
nfts_67111|A1|B1|leaf0,nfts_67111,nfts_67111|A1,Julius,2022,nfts_54942,train,0.024390243902439025
nfts_67111|A2|B2|leaf0,nfts_67111,nfts_67111|A2,Brons,2022,nfts_54942,train,0.024390243902439025
nfts_67111|A3|B3|leaf0,nfts_67111,nfts_67111|A3,RGT Reform,2022,nfts_54942,train,0.024390243902439025
nfts_67111|A4|B4|leaf0,nfts_67111,nfts_67111|A4,Informer,2022,nfts_54942,train,0.024390243902439025
nfts_67111|A5|B5|leaf0,nfts_67111,nfts_67111|A5,Hereford,2022,nfts_54942,train,0.024390243902439025
nfts_67111|A6|B6|leaf0,nfts_67111,nfts_67111|A6,Ceylon (SW 75107),2022,nfts_54942,train,0.024390243902439025
nfts_67111|A7|B7|leaf0,nfts_67111,nfts_67111|A7,Praktik,2022,nfts_54942,train,0.024390243902439025
nfts_67111|A8|B8|leaf0,nfts_67111,nfts_67111|A8,Norin,2022,nfts_54942,train,0.024390243902439025
nfts_67111|A9|B9|leaf0,nfts_67111,nfts_67111|A9,Linus,2022,nfts_54942,train,0.024390243902439025
nfts_67111|A10|B10|leaf0,nfts_67111,nfts_67111|A10,Torp,2022,nfts_54942,train,0.024390243902439025
nfts_67111|A11|B11|leaf0,nfts_67111,nfts_67111|A11,Festival,2022,nfts_54942,train,0.024390243902439025
nfts_67111|A12|B12|leaf0,nfts_67111,nfts_67111|A12,Etana,2022,nfts_54942,train,0.024390243902439025
nfts_67111|A13|B13|leaf0,nfts_67111,nfts_67111|A13,Hallfreda (SW 15646),2022,nfts_54942,train,0.024390243902439025
nfts_67111|A14|B14|leaf0,nfts_67111,nfts_67111|A14,KWS Kerrin,2022,nfts_54942,train,0.024390243902439025
nfts_67111|A15|B15|leaf0,nfts_67111,nfts_67111|A15,Kalmar,2022,nfts_54942,train,0.024390243902439025
nfts_67111|A16|B16|leaf0,nfts_67111,nfts_67111|A16,KWS Ahoi,2022,nfts_54942,train,0.024390243902439025
nfts_67111|A17|B17|leaf0,nfts_67111,nfts_67111|A17,Jonas,2022,nfts_54942,train,0.024390243902439025
nfts_67111|A18|B18|leaf0,nfts_67111,nfts_67111|A18,Bright,2022,nfts_54942,train,0.024390243902439025
nfts_67111|A19|B19|leaf0,nfts_67111,nfts_67111|A19,LG Imposanto,2022,nfts_54942,train,0.024390243902439025
nfts_67111|A20|B20|leaf0,nfts_67111,nfts_67111|A20,Terence,2022,nfts_54942,train,0.024390243902439025
nfts_67111|A21|B21|leaf0,nfts_67111,nfts_67111|A21,Kask (SW 14463),2022,nfts_54942,train,0.024390243902439025
nfts_67111|A22|B22|leaf0,nfts_67111,nfts_67111|A22,RGT Koi (RW41667),2022,nfts_54942,train,0.024390243902439025
nfts_67111|A23|B23|leaf0,nfts_67111,nfts_67111|A23,RGT Saki (RW41640),2022,nfts_54942,train,0.024390243902439025
nfts_67111|A24|B24|leaf0,nfts_67111,nfts_67111|A24,KWS Kerankum (KWS W359),2022,nfts_54942,train,0.024390243902439025
nfts_67111|A25|B25|leaf0,nfts_67111,nfts_67111|A25,RGT Marstrand,2022,nfts_54942,train,0.024390243902439025
nfts_67111|A26|B26|leaf0,nfts_67111,nfts_67111|A26,Pondus,2022,nfts_54942,train,0.024390243902439025
nfts_67111|A27|B27|leaf0,nfts_67111,nfts_67111|A27,Lini,2022,nfts_54942,train,0.024390243902439025
nfts_67111|A28|B28|leaf0,nfts_67111,nfts_67111|A28,KWS Colosseum,2022,nfts_54942,train,0.024390243902439025
nfts_67111|A29|B29|leaf0,nfts_67111,nfts_67111|A29,NOS 511167.10,2022,nfts_54942,train,0.024390243902439025
nfts_67111|A30|B30|leaf0,nfts_67111,nfts_67111|A30,Valhal,2022,nfts_54942,train,0.024390243902439025
nfts_67111|A31|B31|leaf0,nfts_67111,nfts_67111|A31,RGT Stokes,2022,nfts_54942,train,0.024390243902439025
nfts_67111|A32|B32|leaf0,nfts_67111,nfts_67111|A32,KWS Sabrum,2022,nfts_54942,train,0.024390243902439025
nfts_67111|A33|B33|leaf0,nfts_67111,nfts_67111|A33,Askaban,2022,nfts_54942,train,0.024390243902439025
nfts_67111|A34|B34|leaf0,nfts_67111,nfts_67111|A34,Fenomen,2022,nfts_54942,train,0.024390243902439025
nfts_67111|A36|B36|leaf0,nfts_67111,nfts_67111|A36,,2022,nfts_54942,train,0.024390243902439025
nfts_67111|A37|B37|leaf0,nfts_67111,nfts_67111|A37,SW 150683,2022,nfts_54942,train,0.024390243902439025
nfts_67111|A38|B38|leaf0,nfts_67111,nfts_67111|A38,Lykke,2022,nfts_54942,train,0.024390243902439025
nfts_67111|A40|B40|leaf0,nfts_67111,nfts_67111|A40,WPB Ennis,2022,nfts_54942,train,0.024390243902439025
nfts_67111|A41|B41|leaf0,nfts_67111,nfts_67111|A41,Guinness,2022,nfts_54942,train,0.024390243902439025
nfts_67111|A42|B42|leaf0,nfts_67111,nfts_67111|A42,Sj Q0853,2022,nfts_54942,train,0.024390243902439025
nfts_67111|A43|B43|leaf0,nfts_67111,nfts_67111|A43,Adrenalin,2022,nfts_54942,train,0.024390243902439025
nfts_57698|1|2|leaf0,nfts_57698,nfts_57698|1,Sheriff,2018,nfts_54942,train,0.066666666666666666
nfts_57698|1|3|leaf0,nfts_57698,nfts_57698|1,Sheriff,2018,nfts_54942,train,0.066666666666666666
nfts_57698|1|4|leaf0,nfts_57698,nfts_57698|1,Sheriff,2018,nfts_54942,train,0.066666666666666666
nfts_57698|1|5|leaf0,nfts_57698,nfts_57698|1,Sheriff,2018,nfts_54942,train,0.066666666666666666
nfts_57698|1|6|leaf0,nfts_57698,nfts_57698|1,Sheriff,2018,nfts_54942,train,0.066666666666666666
nfts_57698|1|7|leaf0,nfts_57698,nfts_57698|1,Sheriff,2018,nfts_54942,train,0.066666666666666666
nfts_57698|1|8|leaf0,nfts_57698,nfts_57698|1,Sheriff,2018,nfts_54942,train,0.066666666666666666
nfts_57698|1|9|leaf0,nfts_57698,nfts_57698|1,Sheriff,2018,nfts_54942,train,0.066666666666666666
nfts_57698|1|10|leaf0,nfts_57698,nfts_57698|1,Sheriff,2018,nfts_54942,train,0.066666666666666666
nfts_57698|1|11|leaf0,nfts_57698,nfts_57698|1,Sheriff,2018,nfts_54942,train,0.066666666666666666
nfts_57698|1|12|leaf0,nfts_57698,nfts_57698|1,Sheriff,2018,nfts_54942,train,0.066666666666666666
nfts_57698|1|13|leaf0,nfts_57698,nfts_57698|1,Sheriff,2018,nfts_54942,train,0.066666666666666666
nfts_57698|1|14|leaf0,nfts_57698,nfts_57698|1,Sheriff,2018,nfts_54942,train,0.066666666666666666
nfts_57698|1|15|leaf0,nfts_57698,nfts_57698|1,Sheriff,2018,nfts_54942,train,0.066666666666666666
nfts_57698|1|16|leaf0,nfts_57698,nfts_57698|1,Sheriff,2018,nfts_54942,train,0.066666666666666666
nfts_62768|1|2|leaf0,nfts_62768,nfts_62768|1,Informer,2020,nfts_54942,train,0.071428571428571425
nfts_62768|1|3|leaf0,nfts_62768,nfts_62768|1,Informer,2020,nfts_54942,train,0.071428571428571425
nfts_62768|1|4|leaf0,nfts_62768,nfts_62768|1,Informer,2020,nfts_54942,train,0.071428571428571425
nfts_62768|1|5|leaf0,nfts_62768,nfts_62768|1,Informer,2020,nfts_54942,train,0.071428571428571425
nfts_62768|1|6|leaf0,nfts_62768,nfts_62768|1,Informer,2020,nfts_54942,train,0.071428571428571425
nfts_62768|1|7|leaf0,nfts_62768,nfts_62768|1,Informer,2020,nfts_54942,train,0.071428571428571425
nfts_62768|1|8|leaf0,nfts_62768,nfts_62768|1,Informer,2020,nfts_54942,train,0.071428571428571425
nfts_62768|1|9|leaf0,nfts_62768,nfts_62768|1,Informer,2020,nfts_54942,train,0.071428571428571425
nfts_62768|1|10|leaf0,nfts_62768,nfts_62768|1,Informer,2020,nfts_54942,train,0.071428571428571425
nfts_62768|1|11|leaf0,nfts_62768,nfts_62768|1,Informer,2020,nfts_54942,train,0.071428571428571425
nfts_62768|1|12|leaf0,nfts_62768,nfts_62768|1,Informer,2020,nfts_54942,train,0.071428571428571425
nfts_62768|1|13|leaf0,nfts_62768,nfts_62768|1,Informer,2020,nfts_54942,train,0.071428571428571425
nfts_62768|1|14|leaf0,nfts_62768,nfts_62768|1,Informer,2020,nfts_54942,train,0.071428571428571425
nfts_62768|1|15|leaf0,nfts_62768,nfts_62768|1,Informer,2020,nfts_54942,train,0.071428571428571425
nfts_62693|1|2|leaf0,nfts_62693,nfts_62693|1,Informer,2020,nfts_54942,train,0.066666666666666666
nfts_62693|1|3|leaf0,nfts_62693,nfts_62693|1,Informer,2020,nfts_54942,train,0.066666666666666666
nfts_62693|1|4|leaf0,nfts_62693,nfts_62693|1,Informer,2020,nfts_54942,train,0.066666666666666666
nfts_62693|1|5|leaf0,nfts_62693,nfts_62693|1,Informer,2020,nfts_54942,train,0.066666666666666666
nfts_62693|1|6|leaf0,nfts_62693,nfts_62693|1,Informer,2020,nfts_54942,train,0.066666666666666666
nfts_62693|1|7|leaf0,nfts_62693,nfts_62693|1,Informer,2020,nfts_54942,train,0.066666666666666666
nfts_62693|1|8|leaf0,nfts_62693,nfts_62693|1,Informer,2020,nfts_54942,train,0.066666666666666666
nfts_62693|1|9|leaf0,nfts_62693,nfts_62693|1,Informer,2020,nfts_54942,train,0.066666666666666666
nfts_62693|1|10|leaf0,nfts_62693,nfts_62693|1,Informer,2020,nfts_54942,train,0.066666666666666666
nfts_62693|1|11|leaf0,nfts_62693,nfts_62693|1,Informer,2020,nfts_54942,train,0.066666666666666666
nfts_62693|1|12|leaf0,nfts_62693,nfts_62693|1,Informer,2020,nfts_54942,train,0.066666666666666666
nfts_62693|1|13|leaf0,nfts_62693,nfts_62693|1,Informer,2020,nfts_54942,train,0.066666666666666666
nfts_62693|1|14|leaf0,nfts_62693,nfts_62693|1,Informer,2020,nfts_54942,train,0.066666666666666666
nfts_62693|1|15|leaf0,nfts_62693,nfts_62693|1,Informer,2020,nfts_54942,train,0.066666666666666666
nfts_62693|1|16|leaf0,nfts_62693,nfts_62693|1,Informer,2020,nfts_54942,train,0.066666666666666666
nfts_65793|1|2|leaf0,nfts_65793,nfts_65793|1,Informer,2021,nfts_54942,train,0.066666666666666666
nfts_65793|1|3|leaf0,nfts_65793,nfts_65793|1,Informer,2021,nfts_54942,train,0.066666666666666666
nfts_65793|1|4|leaf0,nfts_65793,nfts_65793|1,Informer,2021,nfts_54942,train,0.066666666666666666
nfts_65793|1|5|leaf0,nfts_65793,nfts_65793|1,Informer,2021,nfts_54942,train,0.066666666666666666
nfts_65793|1|6|leaf0,nfts_65793,nfts_65793|1,Informer,2021,nfts_54942,train,0.066666666666666666
nfts_65793|1|7|leaf0,nfts_65793,nfts_65793|1,Informer,2021,nfts_54942,train,0.066666666666666666
nfts_65793|1|8|leaf0,nfts_65793,nfts_65793|1,Informer,2021,nfts_54942,train,0.066666666666666666
nfts_65793|1|9|leaf0,nfts_65793,nfts_65793|1,Informer,2021,nfts_54942,train,0.066666666666666666
nfts_65793|1|10|leaf0,nfts_65793,nfts_65793|1,Informer,2021,nfts_54942,train,0.066666666666666666
nfts_65793|1|11|leaf0,nfts_65793,nfts_65793|1,Informer,2021,nfts_54942,train,0.066666666666666666
nfts_65793|1|12|leaf0,nfts_65793,nfts_65793|1,Informer,2021,nfts_54942,train,0.066666666666666666
nfts_65793|1|13|leaf0,nfts_65793,nfts_65793|1,Informer,2021,nfts_54942,train,0.066666666666666666
nfts_65793|1|14|leaf0,nfts_65793,nfts_65793|1,Informer,2021,nfts_54942,train,0.066666666666666666
nfts_65793|1|15|leaf0,nfts_65793,nfts_65793|1,Informer,2021,nfts_54942,train,0.066666666666666666
nfts_65793|1|16|leaf0,nfts_65793,nfts_65793|1,Informer,2021,nfts_54942,train,0.066666666666666666
nfts_68027|1|2|leaf0,nfts_68027,nfts_68027|1,Pondus,2022,nfts_54942,train,0.076923076923076927
nfts_68027|1|3|leaf0,nfts_68027,nfts_68027|1,Pondus,2022,nfts_54942,train,0.076923076923076927
nfts_68027|1|4|leaf0,nfts_68027,nfts_68027|1,Pondus,2022,nfts_54942,train,0.076923076923076927
nfts_68027|1|5|leaf0,nfts_68027,nfts_68027|1,Pondus,2022,nfts_54942,train,0.076923076923076927
nfts_68027|1|6|leaf0,nfts_68027,nfts_68027|1,Pondus,2022,nfts_54942,train,0.076923076923076927
nfts_68027|1|7|leaf0,nfts_68027,nfts_68027|1,Pondus,2022,nfts_54942,train,0.076923076923076927
nfts_68027|1|8|leaf0,nfts_68027,nfts_68027|1,Pondus,2022,nfts_54942,train,0.076923076923076927
nfts_68027|1|9|leaf0,nfts_68027,nfts_68027|1,Pondus,2022,nfts_54942,train,0.076923076923076927
nfts_68027|1|10|leaf0,nfts_68027,nfts_68027|1,Pondus,2022,nfts_54942,train,0.076923076923076927
nfts_68027|1|11|leaf0,nfts_68027,nfts_68027|1,Pondus,2022,nfts_54942,train,0.076923076923076927
nfts_68027|1|12|leaf0,nfts_68027,nfts_68027|1,Pondus,2022,nfts_54942,train,0.076923076923076927
nfts_68027|1|13|leaf0,nfts_68027,nfts_68027|1,Pondus,2022,nfts_54942,train,0.076923076923076927
nfts_68027|1|14|leaf0,nfts_68027,nfts_68027|1,Pondus,2022,nfts_54942,train,0.076923076923076927
nfts_71966|1|2|leaf0,nfts_71966,nfts_71966|1,DLG Wheat Mix Top Yield,2024,nfts_54942,train,0.1111111111111111
nfts_71966|1|3|leaf0,nfts_71966,nfts_71966|1,DLG Wheat Mix Top Yield,2024,nfts_54942,train,0.1111111111111111
nfts_71966|1|4|leaf0,nfts_71966,nfts_71966|1,DLG Wheat Mix Top Yield,2024,nfts_54942,train,0.1111111111111111
nfts_71966|1|5|leaf0,nfts_71966,nfts_71966|1,DLG Wheat Mix Top Yield,2024,nfts_54942,train,0.1111111111111111
nfts_71966|1|6|leaf0,nfts_71966,nfts_71966|1,DLG Wheat Mix Top Yield,2024,nfts_54942,train,0.1111111111111111
nfts_71966|1|7|leaf0,nfts_71966,nfts_71966|1,DLG Wheat Mix Top Yield,2024,nfts_54942,train,0.1111111111111111
nfts_71966|1|8|leaf0,nfts_71966,nfts_71966|1,DLG Wheat Mix Top Yield,2024,nfts_54942,train,0.1111111111111111
nfts_71966|1|9|leaf0,nfts_71966,nfts_71966|1,DLG Wheat Mix Top Yield,2024,nfts_54942,train,0.1111111111111111
nfts_71966|1|10|leaf0,nfts_71966,nfts_71966|1,DLG Wheat Mix Top Yield,2024,nfts_54942,train,0.1111111111111111
nfts_54942|1|2|leaf0,nfts_54942,nfts_54942|1,Torp,2017,nfts_54942,test,0.1111111111111111
nfts_54942|1|3|leaf0,nfts_54942,nfts_54942|1,Torp,2017,nfts_54942,test,0.1111111111111111
nfts_54942|1|4|leaf0,nfts_54942,nfts_54942|1,Torp,2017,nfts_54942,test,0.1111111111111111
nfts_54942|1|5|leaf0,nfts_54942,nfts_54942|1,Torp,2017,nfts_54942,test,0.1111111111111111
nfts_54942|1|6|leaf0,nfts_54942,nfts_54942|1,Torp,2017,nfts_54942,test,0.1111111111111111
nfts_54942|1|7|leaf0,nfts_54942,nfts_54942|1,Torp,2017,nfts_54942,test,0.1111111111111111
nfts_54942|1|8|leaf0,nfts_54942,nfts_54942|1,Torp,2017,nfts_54942,test,0.1111111111111111
nfts_54942|1|9|leaf0,nfts_54942,nfts_54942|1,Torp,2017,nfts_54942,test,0.1111111111111111
nfts_54942|1|10|leaf0,nfts_54942,nfts_54942|1,Torp,2017,nfts_54942,test,0.1111111111111111
nfts_67111|A1|B1|leaf0,nfts_67111,nfts_67111|A1,Julius,2022,nfts_57698,train,0.024390243902439025
nfts_67111|A2|B2|leaf0,nfts_67111,nfts_67111|A2,Brons,2022,nfts_57698,train,0.024390243902439025
nfts_67111|A3|B3|leaf0,nfts_67111,nfts_67111|A3,RGT Reform,2022,nfts_57698,train,0.024390243902439025
nfts_67111|A4|B4|leaf0,nfts_67111,nfts_67111|A4,Informer,2022,nfts_57698,train,0.024390243902439025
nfts_67111|A5|B5|leaf0,nfts_67111,nfts_67111|A5,Hereford,2022,nfts_57698,train,0.024390243902439025
nfts_67111|A6|B6|leaf0,nfts_67111,nfts_67111|A6,Ceylon (SW 75107),2022,nfts_57698,train,0.024390243902439025
nfts_67111|A7|B7|leaf0,nfts_67111,nfts_67111|A7,Praktik,2022,nfts_57698,train,0.024390243902439025
nfts_67111|A8|B8|leaf0,nfts_67111,nfts_67111|A8,Norin,2022,nfts_57698,train,0.024390243902439025
nfts_67111|A9|B9|leaf0,nfts_67111,nfts_67111|A9,Linus,2022,nfts_57698,train,0.024390243902439025
nfts_67111|A10|B10|leaf0,nfts_67111,nfts_67111|A10,Torp,2022,nfts_57698,train,0.024390243902439025
nfts_67111|A11|B11|leaf0,nfts_67111,nfts_67111|A11,Festival,2022,nfts_57698,train,0.024390243902439025
nfts_67111|A12|B12|leaf0,nfts_67111,nfts_67111|A12,Etana,2022,nfts_57698,train,0.024390243902439025
nfts_67111|A13|B13|leaf0,nfts_67111,nfts_67111|A13,Hallfreda (SW 15646),2022,nfts_57698,train,0.024390243902439025
nfts_67111|A14|B14|leaf0,nfts_67111,nfts_67111|A14,KWS Kerrin,2022,nfts_57698,train,0.024390243902439025
nfts_67111|A15|B15|leaf0,nfts_67111,nfts_67111|A15,Kalmar,2022,nfts_57698,train,0.024390243902439025
nfts_67111|A16|B16|leaf0,nfts_67111,nfts_67111|A16,KWS Ahoi,2022,nfts_57698,train,0.024390243902439025
nfts_67111|A17|B17|leaf0,nfts_67111,nfts_67111|A17,Jonas,2022,nfts_57698,train,0.024390243902439025
nfts_67111|A18|B18|leaf0,nfts_67111,nfts_67111|A18,Bright,2022,nfts_57698,train,0.024390243902439025
nfts_67111|A19|B19|leaf0,nfts_67111,nfts_67111|A19,LG Imposanto,2022,nfts_57698,train,0.024390243902439025
nfts_67111|A20|B20|leaf0,nfts_67111,nfts_67111|A20,Terence,2022,nfts_57698,train,0.024390243902439025
nfts_67111|A21|B21|leaf0,nfts_67111,nfts_67111|A21,Kask (SW 14463),2022,nfts_57698,train,0.024390243902439025
nfts_67111|A22|B22|leaf0,nfts_67111,nfts_67111|A22,RGT Koi (RW41667),2022,nfts_57698,train,0.024390243902439025
nfts_67111|A23|B23|leaf0,nfts_67111,nfts_67111|A23,RGT Saki (RW41640),2022,nfts_57698,train,0.024390243902439025
nfts_67111|A24|B24|leaf0,nfts_67111,nfts_67111|A24,KWS Kerankum (KWS W359),2022,nfts_57698,train,0.024390243902439025
nfts_67111|A25|B25|leaf0,nfts_67111,nfts_67111|A25,RGT Marstrand,2022,nfts_57698,train,0.024390243902439025
nfts_67111|A26|B26|leaf0,nfts_67111,nfts_67111|A26,Pondus,2022,nfts_57698,train,0.024390243902439025
nfts_67111|A27|B27|leaf0,nfts_67111,nfts_67111|A27,Lini,2022,nfts_57698,train,0.024390243902439025
nfts_67111|A28|B28|leaf0,nfts_67111,nfts_67111|A28,KWS Colosseum,2022,nfts_57698,train,0.024390243902439025
nfts_67111|A29|B29|leaf0,nfts_67111,nfts_67111|A29,NOS 511167.10,2022,nfts_57698,train,0.024390243902439025
nfts_67111|A30|B30|leaf0,nfts_67111,nfts_67111|A30,Valhal,2022,nfts_57698,train,0.024390243902439025
nfts_67111|A31|B31|leaf0,nfts_67111,nfts_67111|A31,RGT Stokes,2022,nfts_57698,train,0.024390243902439025
nfts_67111|A32|B32|leaf0,nfts_67111,nfts_67111|A32,KWS Sabrum,2022,nfts_57698,train,0.024390243902439025
nfts_67111|A33|B33|leaf0,nfts_67111,nfts_67111|A33,Askaban,2022,nfts_57698,train,0.024390243902439025
nfts_67111|A34|B34|leaf0,nfts_67111,nfts_67111|A34,Fenomen,2022,nfts_57698,train,0.024390243902439025
nfts_67111|A36|B36|leaf0,nfts_67111,nfts_67111|A36,,2022,nfts_57698,train,0.024390243902439025
nfts_67111|A37|B37|leaf0,nfts_67111,nfts_67111|A37,SW 150683,2022,nfts_57698,train,0.024390243902439025
nfts_67111|A38|B38|leaf0,nfts_67111,nfts_67111|A38,Lykke,2022,nfts_57698,train,0.024390243902439025
nfts_67111|A40|B40|leaf0,nfts_67111,nfts_67111|A40,WPB Ennis,2022,nfts_57698,train,0.024390243902439025
nfts_67111|A41|B41|leaf0,nfts_67111,nfts_67111|A41,Guinness,2022,nfts_57698,train,0.024390243902439025
nfts_67111|A42|B42|leaf0,nfts_67111,nfts_67111|A42,Sj Q0853,2022,nfts_57698,train,0.024390243902439025
nfts_67111|A43|B43|leaf0,nfts_67111,nfts_67111|A43,Adrenalin,2022,nfts_57698,train,0.024390243902439025
nfts_54942|1|2|leaf0,nfts_54942,nfts_54942|1,Torp,2017,nfts_57698,train,0.1111111111111111
nfts_54942|1|3|leaf0,nfts_54942,nfts_54942|1,Torp,2017,nfts_57698,train,0.1111111111111111
nfts_54942|1|4|leaf0,nfts_54942,nfts_54942|1,Torp,2017,nfts_57698,train,0.1111111111111111
nfts_54942|1|5|leaf0,nfts_54942,nfts_54942|1,Torp,2017,nfts_57698,train,0.1111111111111111
nfts_54942|1|6|leaf0,nfts_54942,nfts_54942|1,Torp,2017,nfts_57698,train,0.1111111111111111
nfts_54942|1|7|leaf0,nfts_54942,nfts_54942|1,Torp,2017,nfts_57698,train,0.1111111111111111
nfts_54942|1|8|leaf0,nfts_54942,nfts_54942|1,Torp,2017,nfts_57698,train,0.1111111111111111
nfts_54942|1|9|leaf0,nfts_54942,nfts_54942|1,Torp,2017,nfts_57698,train,0.1111111111111111
nfts_54942|1|10|leaf0,nfts_54942,nfts_54942|1,Torp,2017,nfts_57698,train,0.1111111111111111
nfts_62768|1|2|leaf0,nfts_62768,nfts_62768|1,Informer,2020,nfts_57698,train,0.071428571428571425
nfts_62768|1|3|leaf0,nfts_62768,nfts_62768|1,Informer,2020,nfts_57698,train,0.071428571428571425
nfts_62768|1|4|leaf0,nfts_62768,nfts_62768|1,Informer,2020,nfts_57698,train,0.071428571428571425
nfts_62768|1|5|leaf0,nfts_62768,nfts_62768|1,Informer,2020,nfts_57698,train,0.071428571428571425
nfts_62768|1|6|leaf0,nfts_62768,nfts_62768|1,Informer,2020,nfts_57698,train,0.071428571428571425
nfts_62768|1|7|leaf0,nfts_62768,nfts_62768|1,Informer,2020,nfts_57698,train,0.071428571428571425
nfts_62768|1|8|leaf0,nfts_62768,nfts_62768|1,Informer,2020,nfts_57698,train,0.071428571428571425
nfts_62768|1|9|leaf0,nfts_62768,nfts_62768|1,Informer,2020,nfts_57698,train,0.071428571428571425
nfts_62768|1|10|leaf0,nfts_62768,nfts_62768|1,Informer,2020,nfts_57698,train,0.071428571428571425
nfts_62768|1|11|leaf0,nfts_62768,nfts_62768|1,Informer,2020,nfts_57698,train,0.071428571428571425
nfts_62768|1|12|leaf0,nfts_62768,nfts_62768|1,Informer,2020,nfts_57698,train,0.071428571428571425
nfts_62768|1|13|leaf0,nfts_62768,nfts_62768|1,Informer,2020,nfts_57698,train,0.071428571428571425
nfts_62768|1|14|leaf0,nfts_62768,nfts_62768|1,Informer,2020,nfts_57698,train,0.071428571428571425
nfts_62768|1|15|leaf0,nfts_62768,nfts_62768|1,Informer,2020,nfts_57698,train,0.071428571428571425
nfts_62693|1|2|leaf0,nfts_62693,nfts_62693|1,Informer,2020,nfts_57698,train,0.066666666666666666
nfts_62693|1|3|leaf0,nfts_62693,nfts_62693|1,Informer,2020,nfts_57698,train,0.066666666666666666
nfts_62693|1|4|leaf0,nfts_62693,nfts_62693|1,Informer,2020,nfts_57698,train,0.066666666666666666
nfts_62693|1|5|leaf0,nfts_62693,nfts_62693|1,Informer,2020,nfts_57698,train,0.066666666666666666
nfts_62693|1|6|leaf0,nfts_62693,nfts_62693|1,Informer,2020,nfts_57698,train,0.066666666666666666
nfts_62693|1|7|leaf0,nfts_62693,nfts_62693|1,Informer,2020,nfts_57698,train,0.066666666666666666
nfts_62693|1|8|leaf0,nfts_62693,nfts_62693|1,Informer,2020,nfts_57698,train,0.066666666666666666
nfts_62693|1|9|leaf0,nfts_62693,nfts_62693|1,Informer,2020,nfts_57698,train,0.066666666666666666
nfts_62693|1|10|leaf0,nfts_62693,nfts_62693|1,Informer,2020,nfts_57698,train,0.066666666666666666
nfts_62693|1|11|leaf0,nfts_62693,nfts_62693|1,Informer,2020,nfts_57698,train,0.066666666666666666
nfts_62693|1|12|leaf0,nfts_62693,nfts_62693|1,Informer,2020,nfts_57698,train,0.066666666666666666
nfts_62693|1|13|leaf0,nfts_62693,nfts_62693|1,Informer,2020,nfts_57698,train,0.066666666666666666
nfts_62693|1|14|leaf0,nfts_62693,nfts_62693|1,Informer,2020,nfts_57698,train,0.066666666666666666
nfts_62693|1|15|leaf0,nfts_62693,nfts_62693|1,Informer,2020,nfts_57698,train,0.066666666666666666
nfts_62693|1|16|leaf0,nfts_62693,nfts_62693|1,Informer,2020,nfts_57698,train,0.066666666666666666
nfts_65793|1|2|leaf0,nfts_65793,nfts_65793|1,Informer,2021,nfts_57698,train,0.066666666666666666
nfts_65793|1|3|leaf0,nfts_65793,nfts_65793|1,Informer,2021,nfts_57698,train,0.066666666666666666
nfts_65793|1|4|leaf0,nfts_65793,nfts_65793|1,Informer,2021,nfts_57698,train,0.066666666666666666
nfts_65793|1|5|leaf0,nfts_65793,nfts_65793|1,Informer,2021,nfts_57698,train,0.066666666666666666
nfts_65793|1|6|leaf0,nfts_65793,nfts_65793|1,Informer,2021,nfts_57698,train,0.066666666666666666
nfts_65793|1|7|leaf0,nfts_65793,nfts_65793|1,Informer,2021,nfts_57698,train,0.066666666666666666
nfts_65793|1|8|leaf0,nfts_65793,nfts_65793|1,Informer,2021,nfts_57698,train,0.066666666666666666
nfts_65793|1|9|leaf0,nfts_65793,nfts_65793|1,Informer,2021,nfts_57698,train,0.066666666666666666
nfts_65793|1|10|leaf0,nfts_65793,nfts_65793|1,Informer,2021,nfts_57698,train,0.066666666666666666
nfts_65793|1|11|leaf0,nfts_65793,nfts_65793|1,Informer,2021,nfts_57698,train,0.066666666666666666
nfts_65793|1|12|leaf0,nfts_65793,nfts_65793|1,Informer,2021,nfts_57698,train,0.066666666666666666
nfts_65793|1|13|leaf0,nfts_65793,nfts_65793|1,Informer,2021,nfts_57698,train,0.066666666666666666
nfts_65793|1|14|leaf0,nfts_65793,nfts_65793|1,Informer,2021,nfts_57698,train,0.066666666666666666
nfts_65793|1|15|leaf0,nfts_65793,nfts_65793|1,Informer,2021,nfts_57698,train,0.066666666666666666
nfts_65793|1|16|leaf0,nfts_65793,nfts_65793|1,Informer,2021,nfts_57698,train,0.066666666666666666
nfts_68027|1|2|leaf0,nfts_68027,nfts_68027|1,Pondus,2022,nfts_57698,train,0.076923076923076927
nfts_68027|1|3|leaf0,nfts_68027,nfts_68027|1,Pondus,2022,nfts_57698,train,0.076923076923076927
nfts_68027|1|4|leaf0,nfts_68027,nfts_68027|1,Pondus,2022,nfts_57698,train,0.076923076923076927
nfts_68027|1|5|leaf0,nfts_68027,nfts_68027|1,Pondus,2022,nfts_57698,train,0.076923076923076927
nfts_68027|1|6|leaf0,nfts_68027,nfts_68027|1,Pondus,2022,nfts_57698,train,0.076923076923076927
nfts_68027|1|7|leaf0,nfts_68027,nfts_68027|1,Pondus,2022,nfts_57698,train,0.076923076923076927
nfts_68027|1|8|leaf0,nfts_68027,nfts_68027|1,Pondus,2022,nfts_57698,train,0.076923076923076927
nfts_68027|1|9|leaf0,nfts_68027,nfts_68027|1,Pondus,2022,nfts_57698,train,0.076923076923076927
nfts_68027|1|10|leaf0,nfts_68027,nfts_68027|1,Pondus,2022,nfts_57698,train,0.076923076923076927
nfts_68027|1|11|leaf0,nfts_68027,nfts_68027|1,Pondus,2022,nfts_57698,train,0.076923076923076927
nfts_68027|1|12|leaf0,nfts_68027,nfts_68027|1,Pondus,2022,nfts_57698,train,0.076923076923076927
nfts_68027|1|13|leaf0,nfts_68027,nfts_68027|1,Pondus,2022,nfts_57698,train,0.076923076923076927
nfts_68027|1|14|leaf0,nfts_68027,nfts_68027|1,Pondus,2022,nfts_57698,train,0.076923076923076927
nfts_71966|1|2|leaf0,nfts_71966,nfts_71966|1,DLG Wheat Mix Top Yield,2024,nfts_57698,train,0.1111111111111111
nfts_71966|1|3|leaf0,nfts_71966,nfts_71966|1,DLG Wheat Mix Top Yield,2024,nfts_57698,train,0.1111111111111111
nfts_71966|1|4|leaf0,nfts_71966,nfts_71966|1,DLG Wheat Mix Top Yield,2024,nfts_57698,train,0.1111111111111111
nfts_71966|1|5|leaf0,nfts_71966,nfts_71966|1,DLG Wheat Mix Top Yield,2024,nfts_57698,train,0.1111111111111111
nfts_71966|1|6|leaf0,nfts_71966,nfts_71966|1,DLG Wheat Mix Top Yield,2024,nfts_57698,train,0.1111111111111111
nfts_71966|1|7|leaf0,nfts_71966,nfts_71966|1,DLG Wheat Mix Top Yield,2024,nfts_57698,train,0.1111111111111111
nfts_71966|1|8|leaf0,nfts_71966,nfts_71966|1,DLG Wheat Mix Top Yield,2024,nfts_57698,train,0.1111111111111111
nfts_71966|1|9|leaf0,nfts_71966,nfts_71966|1,DLG Wheat Mix Top Yield,2024,nfts_57698,train,0.1111111111111111
nfts_71966|1|10|leaf0,nfts_71966,nfts_71966|1,DLG Wheat Mix Top Yield,2024,nfts_57698,train,0.1111111111111111
nfts_57698|1|2|leaf0,nfts_57698,nfts_57698|1,Sheriff,2018,nfts_57698,test,0.066666666666666666
nfts_57698|1|3|leaf0,nfts_57698,nfts_57698|1,Sheriff,2018,nfts_57698,test,0.066666666666666666
nfts_57698|1|4|leaf0,nfts_57698,nfts_57698|1,Sheriff,2018,nfts_57698,test,0.066666666666666666
nfts_57698|1|5|leaf0,nfts_57698,nfts_57698|1,Sheriff,2018,nfts_57698,test,0.066666666666666666
nfts_57698|1|6|leaf0,nfts_57698,nfts_57698|1,Sheriff,2018,nfts_57698,test,0.066666666666666666
nfts_57698|1|7|leaf0,nfts_57698,nfts_57698|1,Sheriff,2018,nfts_57698,test,0.066666666666666666
nfts_57698|1|8|leaf0,nfts_57698,nfts_57698|1,Sheriff,2018,nfts_57698,test,0.066666666666666666
nfts_57698|1|9|leaf0,nfts_57698,nfts_57698|1,Sheriff,2018,nfts_57698,test,0.066666666666666666
nfts_57698|1|10|leaf0,nfts_57698,nfts_57698|1,Sheriff,2018,nfts_57698,test,0.066666666666666666
nfts_57698|1|11|leaf0,nfts_57698,nfts_57698|1,Sheriff,2018,nfts_57698,test,0.066666666666666666
nfts_57698|1|12|leaf0,nfts_57698,nfts_57698|1,Sheriff,2018,nfts_57698,test,0.066666666666666666
nfts_57698|1|13|leaf0,nfts_57698,nfts_57698|1,Sheriff,2018,nfts_57698,test,0.066666666666666666
nfts_57698|1|14|leaf0,nfts_57698,nfts_57698|1,Sheriff,2018,nfts_57698,test,0.066666666666666666
nfts_57698|1|15|leaf0,nfts_57698,nfts_57698|1,Sheriff,2018,nfts_57698,test,0.066666666666666666
nfts_57698|1|16|leaf0,nfts_57698,nfts_57698|1,Sheriff,2018,nfts_57698,test,0.066666666666666666
nfts_67111|A1|B1|leaf0,nfts_67111,nfts_67111|A1,Julius,2022,nfts_62693,train,0.024390243902439025
nfts_67111|A2|B2|leaf0,nfts_67111,nfts_67111|A2,Brons,2022,nfts_62693,train,0.024390243902439025
nfts_67111|A3|B3|leaf0,nfts_67111,nfts_67111|A3,RGT Reform,2022,nfts_62693,train,0.024390243902439025
nfts_67111|A4|B4|leaf0,nfts_67111,nfts_67111|A4,Informer,2022,nfts_62693,train,0.024390243902439025
nfts_67111|A5|B5|leaf0,nfts_67111,nfts_67111|A5,Hereford,2022,nfts_62693,train,0.024390243902439025
nfts_67111|A6|B6|leaf0,nfts_67111,nfts_67111|A6,Ceylon (SW 75107),2022,nfts_62693,train,0.024390243902439025
nfts_67111|A7|B7|leaf0,nfts_67111,nfts_67111|A7,Praktik,2022,nfts_62693,train,0.024390243902439025
nfts_67111|A8|B8|leaf0,nfts_67111,nfts_67111|A8,Norin,2022,nfts_62693,train,0.024390243902439025
nfts_67111|A9|B9|leaf0,nfts_67111,nfts_67111|A9,Linus,2022,nfts_62693,train,0.024390243902439025
nfts_67111|A10|B10|leaf0,nfts_67111,nfts_67111|A10,Torp,2022,nfts_62693,train,0.024390243902439025
nfts_67111|A11|B11|leaf0,nfts_67111,nfts_67111|A11,Festival,2022,nfts_62693,train,0.024390243902439025
nfts_67111|A12|B12|leaf0,nfts_67111,nfts_67111|A12,Etana,2022,nfts_62693,train,0.024390243902439025
nfts_67111|A13|B13|leaf0,nfts_67111,nfts_67111|A13,Hallfreda (SW 15646),2022,nfts_62693,train,0.024390243902439025
nfts_67111|A14|B14|leaf0,nfts_67111,nfts_67111|A14,KWS Kerrin,2022,nfts_62693,train,0.024390243902439025
nfts_67111|A15|B15|leaf0,nfts_67111,nfts_67111|A15,Kalmar,2022,nfts_62693,train,0.024390243902439025
nfts_67111|A16|B16|leaf0,nfts_67111,nfts_67111|A16,KWS Ahoi,2022,nfts_62693,train,0.024390243902439025
nfts_67111|A17|B17|leaf0,nfts_67111,nfts_67111|A17,Jonas,2022,nfts_62693,train,0.024390243902439025
nfts_67111|A18|B18|leaf0,nfts_67111,nfts_67111|A18,Bright,2022,nfts_62693,train,0.024390243902439025
nfts_67111|A19|B19|leaf0,nfts_67111,nfts_67111|A19,LG Imposanto,2022,nfts_62693,train,0.024390243902439025
nfts_67111|A20|B20|leaf0,nfts_67111,nfts_67111|A20,Terence,2022,nfts_62693,train,0.024390243902439025
nfts_67111|A21|B21|leaf0,nfts_67111,nfts_67111|A21,Kask (SW 14463),2022,nfts_62693,train,0.024390243902439025
nfts_67111|A22|B22|leaf0,nfts_67111,nfts_67111|A22,RGT Koi (RW41667),2022,nfts_62693,train,0.024390243902439025
nfts_67111|A23|B23|leaf0,nfts_67111,nfts_67111|A23,RGT Saki (RW41640),2022,nfts_62693,train,0.024390243902439025
nfts_67111|A24|B24|leaf0,nfts_67111,nfts_67111|A24,KWS Kerankum (KWS W359),2022,nfts_62693,train,0.024390243902439025
nfts_67111|A25|B25|leaf0,nfts_67111,nfts_67111|A25,RGT Marstrand,2022,nfts_62693,train,0.024390243902439025
nfts_67111|A26|B26|leaf0,nfts_67111,nfts_67111|A26,Pondus,2022,nfts_62693,train,0.024390243902439025
nfts_67111|A27|B27|leaf0,nfts_67111,nfts_67111|A27,Lini,2022,nfts_62693,train,0.024390243902439025
nfts_67111|A28|B28|leaf0,nfts_67111,nfts_67111|A28,KWS Colosseum,2022,nfts_62693,train,0.024390243902439025
nfts_67111|A29|B29|leaf0,nfts_67111,nfts_67111|A29,NOS 511167.10,2022,nfts_62693,train,0.024390243902439025
nfts_67111|A30|B30|leaf0,nfts_67111,nfts_67111|A30,Valhal,2022,nfts_62693,train,0.024390243902439025
nfts_67111|A31|B31|leaf0,nfts_67111,nfts_67111|A31,RGT Stokes,2022,nfts_62693,train,0.024390243902439025
nfts_67111|A32|B32|leaf0,nfts_67111,nfts_67111|A32,KWS Sabrum,2022,nfts_62693,train,0.024390243902439025
nfts_67111|A33|B33|leaf0,nfts_67111,nfts_67111|A33,Askaban,2022,nfts_62693,train,0.024390243902439025
nfts_67111|A34|B34|leaf0,nfts_67111,nfts_67111|A34,Fenomen,2022,nfts_62693,train,0.024390243902439025
nfts_67111|A36|B36|leaf0,nfts_67111,nfts_67111|A36,,2022,nfts_62693,train,0.024390243902439025
nfts_67111|A37|B37|leaf0,nfts_67111,nfts_67111|A37,SW 150683,2022,nfts_62693,train,0.024390243902439025
nfts_67111|A38|B38|leaf0,nfts_67111,nfts_67111|A38,Lykke,2022,nfts_62693,train,0.024390243902439025
nfts_67111|A40|B40|leaf0,nfts_67111,nfts_67111|A40,WPB Ennis,2022,nfts_62693,train,0.024390243902439025
nfts_67111|A41|B41|leaf0,nfts_67111,nfts_67111|A41,Guinness,2022,nfts_62693,train,0.024390243902439025
nfts_67111|A42|B42|leaf0,nfts_67111,nfts_67111|A42,Sj Q0853,2022,nfts_62693,train,0.024390243902439025
nfts_67111|A43|B43|leaf0,nfts_67111,nfts_67111|A43,Adrenalin,2022,nfts_62693,train,0.024390243902439025
nfts_54942|1|2|leaf0,nfts_54942,nfts_54942|1,Torp,2017,nfts_62693,train,0.1111111111111111
nfts_54942|1|3|leaf0,nfts_54942,nfts_54942|1,Torp,2017,nfts_62693,train,0.1111111111111111
nfts_54942|1|4|leaf0,nfts_54942,nfts_54942|1,Torp,2017,nfts_62693,train,0.1111111111111111
nfts_54942|1|5|leaf0,nfts_54942,nfts_54942|1,Torp,2017,nfts_62693,train,0.1111111111111111
nfts_54942|1|6|leaf0,nfts_54942,nfts_54942|1,Torp,2017,nfts_62693,train,0.1111111111111111
nfts_54942|1|7|leaf0,nfts_54942,nfts_54942|1,Torp,2017,nfts_62693,train,0.1111111111111111
nfts_54942|1|8|leaf0,nfts_54942,nfts_54942|1,Torp,2017,nfts_62693,train,0.1111111111111111
nfts_54942|1|9|leaf0,nfts_54942,nfts_54942|1,Torp,2017,nfts_62693,train,0.1111111111111111
nfts_54942|1|10|leaf0,nfts_54942,nfts_54942|1,Torp,2017,nfts_62693,train,0.1111111111111111
nfts_57698|1|2|leaf0,nfts_57698,nfts_57698|1,Sheriff,2018,nfts_62693,train,0.066666666666666666
nfts_57698|1|3|leaf0,nfts_57698,nfts_57698|1,Sheriff,2018,nfts_62693,train,0.066666666666666666
nfts_57698|1|4|leaf0,nfts_57698,nfts_57698|1,Sheriff,2018,nfts_62693,train,0.066666666666666666
nfts_57698|1|5|leaf0,nfts_57698,nfts_57698|1,Sheriff,2018,nfts_62693,train,0.066666666666666666
nfts_57698|1|6|leaf0,nfts_57698,nfts_57698|1,Sheriff,2018,nfts_62693,train,0.066666666666666666
nfts_57698|1|7|leaf0,nfts_57698,nfts_57698|1,Sheriff,2018,nfts_62693,train,0.066666666666666666
nfts_57698|1|8|leaf0,nfts_57698,nfts_57698|1,Sheriff,2018,nfts_62693,train,0.066666666666666666
nfts_57698|1|9|leaf0,nfts_57698,nfts_57698|1,Sheriff,2018,nfts_62693,train,0.066666666666666666
nfts_57698|1|10|leaf0,nfts_57698,nfts_57698|1,Sheriff,2018,nfts_62693,train,0.066666666666666666
nfts_57698|1|11|leaf0,nfts_57698,nfts_57698|1,Sheriff,2018,nfts_62693,train,0.066666666666666666
nfts_57698|1|12|leaf0,nfts_57698,nfts_57698|1,Sheriff,2018,nfts_62693,train,0.066666666666666666
nfts_57698|1|13|leaf0,nfts_57698,nfts_57698|1,Sheriff,2018,nfts_62693,train,0.066666666666666666
nfts_57698|1|14|leaf0,nfts_57698,nfts_57698|1,Sheriff,2018,nfts_62693,train,0.066666666666666666
nfts_57698|1|15|leaf0,nfts_57698,nfts_57698|1,Sheriff,2018,nfts_62693,train,0.066666666666666666
nfts_57698|1|16|leaf0,nfts_57698,nfts_57698|1,Sheriff,2018,nfts_62693,train,0.066666666666666666
nfts_62768|1|2|leaf0,nfts_62768,nfts_62768|1,Informer,2020,nfts_62693,train,0.071428571428571425
nfts_62768|1|3|leaf0,nfts_62768,nfts_62768|1,Informer,2020,nfts_62693,train,0.071428571428571425
nfts_62768|1|4|leaf0,nfts_62768,nfts_62768|1,Informer,2020,nfts_62693,train,0.071428571428571425
nfts_62768|1|5|leaf0,nfts_62768,nfts_62768|1,Informer,2020,nfts_62693,train,0.071428571428571425
nfts_62768|1|6|leaf0,nfts_62768,nfts_62768|1,Informer,2020,nfts_62693,train,0.071428571428571425
nfts_62768|1|7|leaf0,nfts_62768,nfts_62768|1,Informer,2020,nfts_62693,train,0.071428571428571425
nfts_62768|1|8|leaf0,nfts_62768,nfts_62768|1,Informer,2020,nfts_62693,train,0.071428571428571425
nfts_62768|1|9|leaf0,nfts_62768,nfts_62768|1,Informer,2020,nfts_62693,train,0.071428571428571425
nfts_62768|1|10|leaf0,nfts_62768,nfts_62768|1,Informer,2020,nfts_62693,train,0.071428571428571425
nfts_62768|1|11|leaf0,nfts_62768,nfts_62768|1,Informer,2020,nfts_62693,train,0.071428571428571425
nfts_62768|1|12|leaf0,nfts_62768,nfts_62768|1,Informer,2020,nfts_62693,train,0.071428571428571425
nfts_62768|1|13|leaf0,nfts_62768,nfts_62768|1,Informer,2020,nfts_62693,train,0.071428571428571425
nfts_62768|1|14|leaf0,nfts_62768,nfts_62768|1,Informer,2020,nfts_62693,train,0.071428571428571425
nfts_62768|1|15|leaf0,nfts_62768,nfts_62768|1,Informer,2020,nfts_62693,train,0.071428571428571425
nfts_65793|1|2|leaf0,nfts_65793,nfts_65793|1,Informer,2021,nfts_62693,train,0.066666666666666666
nfts_65793|1|3|leaf0,nfts_65793,nfts_65793|1,Informer,2021,nfts_62693,train,0.066666666666666666
nfts_65793|1|4|leaf0,nfts_65793,nfts_65793|1,Informer,2021,nfts_62693,train,0.066666666666666666
nfts_65793|1|5|leaf0,nfts_65793,nfts_65793|1,Informer,2021,nfts_62693,train,0.066666666666666666
nfts_65793|1|6|leaf0,nfts_65793,nfts_65793|1,Informer,2021,nfts_62693,train,0.066666666666666666
nfts_65793|1|7|leaf0,nfts_65793,nfts_65793|1,Informer,2021,nfts_62693,train,0.066666666666666666
nfts_65793|1|8|leaf0,nfts_65793,nfts_65793|1,Informer,2021,nfts_62693,train,0.066666666666666666
nfts_65793|1|9|leaf0,nfts_65793,nfts_65793|1,Informer,2021,nfts_62693,train,0.066666666666666666
nfts_65793|1|10|leaf0,nfts_65793,nfts_65793|1,Informer,2021,nfts_62693,train,0.066666666666666666
nfts_65793|1|11|leaf0,nfts_65793,nfts_65793|1,Informer,2021,nfts_62693,train,0.066666666666666666
nfts_65793|1|12|leaf0,nfts_65793,nfts_65793|1,Informer,2021,nfts_62693,train,0.066666666666666666
nfts_65793|1|13|leaf0,nfts_65793,nfts_65793|1,Informer,2021,nfts_62693,train,0.066666666666666666
nfts_65793|1|14|leaf0,nfts_65793,nfts_65793|1,Informer,2021,nfts_62693,train,0.066666666666666666
nfts_65793|1|15|leaf0,nfts_65793,nfts_65793|1,Informer,2021,nfts_62693,train,0.066666666666666666
nfts_65793|1|16|leaf0,nfts_65793,nfts_65793|1,Informer,2021,nfts_62693,train,0.066666666666666666
nfts_68027|1|2|leaf0,nfts_68027,nfts_68027|1,Pondus,2022,nfts_62693,train,0.076923076923076927
nfts_68027|1|3|leaf0,nfts_68027,nfts_68027|1,Pondus,2022,nfts_62693,train,0.076923076923076927
nfts_68027|1|4|leaf0,nfts_68027,nfts_68027|1,Pondus,2022,nfts_62693,train,0.076923076923076927
nfts_68027|1|5|leaf0,nfts_68027,nfts_68027|1,Pondus,2022,nfts_62693,train,0.076923076923076927
nfts_68027|1|6|leaf0,nfts_68027,nfts_68027|1,Pondus,2022,nfts_62693,train,0.076923076923076927
nfts_68027|1|7|leaf0,nfts_68027,nfts_68027|1,Pondus,2022,nfts_62693,train,0.076923076923076927
nfts_68027|1|8|leaf0,nfts_68027,nfts_68027|1,Pondus,2022,nfts_62693,train,0.076923076923076927
nfts_68027|1|9|leaf0,nfts_68027,nfts_68027|1,Pondus,2022,nfts_62693,train,0.076923076923076927
nfts_68027|1|10|leaf0,nfts_68027,nfts_68027|1,Pondus,2022,nfts_62693,train,0.076923076923076927
nfts_68027|1|11|leaf0,nfts_68027,nfts_68027|1,Pondus,2022,nfts_62693,train,0.076923076923076927
nfts_68027|1|12|leaf0,nfts_68027,nfts_68027|1,Pondus,2022,nfts_62693,train,0.076923076923076927
nfts_68027|1|13|leaf0,nfts_68027,nfts_68027|1,Pondus,2022,nfts_62693,train,0.076923076923076927
nfts_68027|1|14|leaf0,nfts_68027,nfts_68027|1,Pondus,2022,nfts_62693,train,0.076923076923076927
nfts_71966|1|2|leaf0,nfts_71966,nfts_71966|1,DLG Wheat Mix Top Yield,2024,nfts_62693,train,0.1111111111111111
nfts_71966|1|3|leaf0,nfts_71966,nfts_71966|1,DLG Wheat Mix Top Yield,2024,nfts_62693,train,0.1111111111111111
nfts_71966|1|4|leaf0,nfts_71966,nfts_71966|1,DLG Wheat Mix Top Yield,2024,nfts_62693,train,0.1111111111111111
nfts_71966|1|5|leaf0,nfts_71966,nfts_71966|1,DLG Wheat Mix Top Yield,2024,nfts_62693,train,0.1111111111111111
nfts_71966|1|6|leaf0,nfts_71966,nfts_71966|1,DLG Wheat Mix Top Yield,2024,nfts_62693,train,0.1111111111111111
nfts_71966|1|7|leaf0,nfts_71966,nfts_71966|1,DLG Wheat Mix Top Yield,2024,nfts_62693,train,0.1111111111111111
nfts_71966|1|8|leaf0,nfts_71966,nfts_71966|1,DLG Wheat Mix Top Yield,2024,nfts_62693,train,0.1111111111111111
nfts_71966|1|9|leaf0,nfts_71966,nfts_71966|1,DLG Wheat Mix Top Yield,2024,nfts_62693,train,0.1111111111111111
nfts_71966|1|10|leaf0,nfts_71966,nfts_71966|1,DLG Wheat Mix Top Yield,2024,nfts_62693,train,0.1111111111111111
nfts_62693|1|2|leaf0,nfts_62693,nfts_62693|1,Informer,2020,nfts_62693,test,0.066666666666666666
nfts_62693|1|3|leaf0,nfts_62693,nfts_62693|1,Informer,2020,nfts_62693,test,0.066666666666666666
nfts_62693|1|4|leaf0,nfts_62693,nfts_62693|1,Informer,2020,nfts_62693,test,0.066666666666666666
nfts_62693|1|5|leaf0,nfts_62693,nfts_62693|1,Informer,2020,nfts_62693,test,0.066666666666666666
nfts_62693|1|6|leaf0,nfts_62693,nfts_62693|1,Informer,2020,nfts_62693,test,0.066666666666666666
nfts_62693|1|7|leaf0,nfts_62693,nfts_62693|1,Informer,2020,nfts_62693,test,0.066666666666666666
nfts_62693|1|8|leaf0,nfts_62693,nfts_62693|1,Informer,2020,nfts_62693,test,0.066666666666666666
nfts_62693|1|9|leaf0,nfts_62693,nfts_62693|1,Informer,2020,nfts_62693,test,0.066666666666666666
nfts_62693|1|10|leaf0,nfts_62693,nfts_62693|1,Informer,2020,nfts_62693,test,0.066666666666666666
nfts_62693|1|11|leaf0,nfts_62693,nfts_62693|1,Informer,2020,nfts_62693,test,0.066666666666666666
nfts_62693|1|12|leaf0,nfts_62693,nfts_62693|1,Informer,2020,nfts_62693,test,0.066666666666666666
nfts_62693|1|13|leaf0,nfts_62693,nfts_62693|1,Informer,2020,nfts_62693,test,0.066666666666666666
nfts_62693|1|14|leaf0,nfts_62693,nfts_62693|1,Informer,2020,nfts_62693,test,0.066666666666666666
nfts_62693|1|15|leaf0,nfts_62693,nfts_62693|1,Informer,2020,nfts_62693,test,0.066666666666666666
nfts_62693|1|16|leaf0,nfts_62693,nfts_62693|1,Informer,2020,nfts_62693,test,0.066666666666666666
nfts_67111|A1|B1|leaf0,nfts_67111,nfts_67111|A1,Julius,2022,nfts_62768,train,0.024390243902439025
nfts_67111|A2|B2|leaf0,nfts_67111,nfts_67111|A2,Brons,2022,nfts_62768,train,0.024390243902439025
nfts_67111|A3|B3|leaf0,nfts_67111,nfts_67111|A3,RGT Reform,2022,nfts_62768,train,0.024390243902439025
nfts_67111|A4|B4|leaf0,nfts_67111,nfts_67111|A4,Informer,2022,nfts_62768,train,0.024390243902439025
nfts_67111|A5|B5|leaf0,nfts_67111,nfts_67111|A5,Hereford,2022,nfts_62768,train,0.024390243902439025
nfts_67111|A6|B6|leaf0,nfts_67111,nfts_67111|A6,Ceylon (SW 75107),2022,nfts_62768,train,0.024390243902439025
nfts_67111|A7|B7|leaf0,nfts_67111,nfts_67111|A7,Praktik,2022,nfts_62768,train,0.024390243902439025
nfts_67111|A8|B8|leaf0,nfts_67111,nfts_67111|A8,Norin,2022,nfts_62768,train,0.024390243902439025
nfts_67111|A9|B9|leaf0,nfts_67111,nfts_67111|A9,Linus,2022,nfts_62768,train,0.024390243902439025
nfts_67111|A10|B10|leaf0,nfts_67111,nfts_67111|A10,Torp,2022,nfts_62768,train,0.024390243902439025
nfts_67111|A11|B11|leaf0,nfts_67111,nfts_67111|A11,Festival,2022,nfts_62768,train,0.024390243902439025
nfts_67111|A12|B12|leaf0,nfts_67111,nfts_67111|A12,Etana,2022,nfts_62768,train,0.024390243902439025
nfts_67111|A13|B13|leaf0,nfts_67111,nfts_67111|A13,Hallfreda (SW 15646),2022,nfts_62768,train,0.024390243902439025
nfts_67111|A14|B14|leaf0,nfts_67111,nfts_67111|A14,KWS Kerrin,2022,nfts_62768,train,0.024390243902439025
nfts_67111|A15|B15|leaf0,nfts_67111,nfts_67111|A15,Kalmar,2022,nfts_62768,train,0.024390243902439025
nfts_67111|A16|B16|leaf0,nfts_67111,nfts_67111|A16,KWS Ahoi,2022,nfts_62768,train,0.024390243902439025
nfts_67111|A17|B17|leaf0,nfts_67111,nfts_67111|A17,Jonas,2022,nfts_62768,train,0.024390243902439025
nfts_67111|A18|B18|leaf0,nfts_67111,nfts_67111|A18,Bright,2022,nfts_62768,train,0.024390243902439025
nfts_67111|A19|B19|leaf0,nfts_67111,nfts_67111|A19,LG Imposanto,2022,nfts_62768,train,0.024390243902439025
nfts_67111|A20|B20|leaf0,nfts_67111,nfts_67111|A20,Terence,2022,nfts_62768,train,0.024390243902439025
nfts_67111|A21|B21|leaf0,nfts_67111,nfts_67111|A21,Kask (SW 14463),2022,nfts_62768,train,0.024390243902439025
nfts_67111|A22|B22|leaf0,nfts_67111,nfts_67111|A22,RGT Koi (RW41667),2022,nfts_62768,train,0.024390243902439025
nfts_67111|A23|B23|leaf0,nfts_67111,nfts_67111|A23,RGT Saki (RW41640),2022,nfts_62768,train,0.024390243902439025
nfts_67111|A24|B24|leaf0,nfts_67111,nfts_67111|A24,KWS Kerankum (KWS W359),2022,nfts_62768,train,0.024390243902439025
nfts_67111|A25|B25|leaf0,nfts_67111,nfts_67111|A25,RGT Marstrand,2022,nfts_62768,train,0.024390243902439025
nfts_67111|A26|B26|leaf0,nfts_67111,nfts_67111|A26,Pondus,2022,nfts_62768,train,0.024390243902439025
nfts_67111|A27|B27|leaf0,nfts_67111,nfts_67111|A27,Lini,2022,nfts_62768,train,0.024390243902439025
nfts_67111|A28|B28|leaf0,nfts_67111,nfts_67111|A28,KWS Colosseum,2022,nfts_62768,train,0.024390243902439025
nfts_67111|A29|B29|leaf0,nfts_67111,nfts_67111|A29,NOS 511167.10,2022,nfts_62768,train,0.024390243902439025
nfts_67111|A30|B30|leaf0,nfts_67111,nfts_67111|A30,Valhal,2022,nfts_62768,train,0.024390243902439025
nfts_67111|A31|B31|leaf0,nfts_67111,nfts_67111|A31,RGT Stokes,2022,nfts_62768,train,0.024390243902439025
nfts_67111|A32|B32|leaf0,nfts_67111,nfts_67111|A32,KWS Sabrum,2022,nfts_62768,train,0.024390243902439025
nfts_67111|A33|B33|leaf0,nfts_67111,nfts_67111|A33,Askaban,2022,nfts_62768,train,0.024390243902439025
nfts_67111|A34|B34|leaf0,nfts_67111,nfts_67111|A34,Fenomen,2022,nfts_62768,train,0.024390243902439025
nfts_67111|A36|B36|leaf0,nfts_67111,nfts_67111|A36,,2022,nfts_62768,train,0.024390243902439025
nfts_67111|A37|B37|leaf0,nfts_67111,nfts_67111|A37,SW 150683,2022,nfts_62768,train,0.024390243902439025
nfts_67111|A38|B38|leaf0,nfts_67111,nfts_67111|A38,Lykke,2022,nfts_62768,train,0.024390243902439025
nfts_67111|A40|B40|leaf0,nfts_67111,nfts_67111|A40,WPB Ennis,2022,nfts_62768,train,0.024390243902439025
nfts_67111|A41|B41|leaf0,nfts_67111,nfts_67111|A41,Guinness,2022,nfts_62768,train,0.024390243902439025
nfts_67111|A42|B42|leaf0,nfts_67111,nfts_67111|A42,Sj Q0853,2022,nfts_62768,train,0.024390243902439025
nfts_67111|A43|B43|leaf0,nfts_67111,nfts_67111|A43,Adrenalin,2022,nfts_62768,train,0.024390243902439025
nfts_54942|1|2|leaf0,nfts_54942,nfts_54942|1,Torp,2017,nfts_62768,train,0.1111111111111111
nfts_54942|1|3|leaf0,nfts_54942,nfts_54942|1,Torp,2017,nfts_62768,train,0.1111111111111111
nfts_54942|1|4|leaf0,nfts_54942,nfts_54942|1,Torp,2017,nfts_62768,train,0.1111111111111111
nfts_54942|1|5|leaf0,nfts_54942,nfts_54942|1,Torp,2017,nfts_62768,train,0.1111111111111111
nfts_54942|1|6|leaf0,nfts_54942,nfts_54942|1,Torp,2017,nfts_62768,train,0.1111111111111111
nfts_54942|1|7|leaf0,nfts_54942,nfts_54942|1,Torp,2017,nfts_62768,train,0.1111111111111111
nfts_54942|1|8|leaf0,nfts_54942,nfts_54942|1,Torp,2017,nfts_62768,train,0.1111111111111111
nfts_54942|1|9|leaf0,nfts_54942,nfts_54942|1,Torp,2017,nfts_62768,train,0.1111111111111111
nfts_54942|1|10|leaf0,nfts_54942,nfts_54942|1,Torp,2017,nfts_62768,train,0.1111111111111111
nfts_57698|1|2|leaf0,nfts_57698,nfts_57698|1,Sheriff,2018,nfts_62768,train,0.066666666666666666
nfts_57698|1|3|leaf0,nfts_57698,nfts_57698|1,Sheriff,2018,nfts_62768,train,0.066666666666666666
nfts_57698|1|4|leaf0,nfts_57698,nfts_57698|1,Sheriff,2018,nfts_62768,train,0.066666666666666666
nfts_57698|1|5|leaf0,nfts_57698,nfts_57698|1,Sheriff,2018,nfts_62768,train,0.066666666666666666
nfts_57698|1|6|leaf0,nfts_57698,nfts_57698|1,Sheriff,2018,nfts_62768,train,0.066666666666666666
nfts_57698|1|7|leaf0,nfts_57698,nfts_57698|1,Sheriff,2018,nfts_62768,train,0.066666666666666666
nfts_57698|1|8|leaf0,nfts_57698,nfts_57698|1,Sheriff,2018,nfts_62768,train,0.066666666666666666
nfts_57698|1|9|leaf0,nfts_57698,nfts_57698|1,Sheriff,2018,nfts_62768,train,0.066666666666666666
nfts_57698|1|10|leaf0,nfts_57698,nfts_57698|1,Sheriff,2018,nfts_62768,train,0.066666666666666666
nfts_57698|1|11|leaf0,nfts_57698,nfts_57698|1,Sheriff,2018,nfts_62768,train,0.066666666666666666
nfts_57698|1|12|leaf0,nfts_57698,nfts_57698|1,Sheriff,2018,nfts_62768,train,0.066666666666666666
nfts_57698|1|13|leaf0,nfts_57698,nfts_57698|1,Sheriff,2018,nfts_62768,train,0.066666666666666666
nfts_57698|1|14|leaf0,nfts_57698,nfts_57698|1,Sheriff,2018,nfts_62768,train,0.066666666666666666
nfts_57698|1|15|leaf0,nfts_57698,nfts_57698|1,Sheriff,2018,nfts_62768,train,0.066666666666666666
nfts_57698|1|16|leaf0,nfts_57698,nfts_57698|1,Sheriff,2018,nfts_62768,train,0.066666666666666666
nfts_62693|1|2|leaf0,nfts_62693,nfts_62693|1,Informer,2020,nfts_62768,train,0.066666666666666666
nfts_62693|1|3|leaf0,nfts_62693,nfts_62693|1,Informer,2020,nfts_62768,train,0.066666666666666666
nfts_62693|1|4|leaf0,nfts_62693,nfts_62693|1,Informer,2020,nfts_62768,train,0.066666666666666666
nfts_62693|1|5|leaf0,nfts_62693,nfts_62693|1,Informer,2020,nfts_62768,train,0.066666666666666666
nfts_62693|1|6|leaf0,nfts_62693,nfts_62693|1,Informer,2020,nfts_62768,train,0.066666666666666666
nfts_62693|1|7|leaf0,nfts_62693,nfts_62693|1,Informer,2020,nfts_62768,train,0.066666666666666666
nfts_62693|1|8|leaf0,nfts_62693,nfts_62693|1,Informer,2020,nfts_62768,train,0.066666666666666666
nfts_62693|1|9|leaf0,nfts_62693,nfts_62693|1,Informer,2020,nfts_62768,train,0.066666666666666666
nfts_62693|1|10|leaf0,nfts_62693,nfts_62693|1,Informer,2020,nfts_62768,train,0.066666666666666666
nfts_62693|1|11|leaf0,nfts_62693,nfts_62693|1,Informer,2020,nfts_62768,train,0.066666666666666666
nfts_62693|1|12|leaf0,nfts_62693,nfts_62693|1,Informer,2020,nfts_62768,train,0.066666666666666666
nfts_62693|1|13|leaf0,nfts_62693,nfts_62693|1,Informer,2020,nfts_62768,train,0.066666666666666666
nfts_62693|1|14|leaf0,nfts_62693,nfts_62693|1,Informer,2020,nfts_62768,train,0.066666666666666666
nfts_62693|1|15|leaf0,nfts_62693,nfts_62693|1,Informer,2020,nfts_62768,train,0.066666666666666666
nfts_62693|1|16|leaf0,nfts_62693,nfts_62693|1,Informer,2020,nfts_62768,train,0.066666666666666666
nfts_65793|1|2|leaf0,nfts_65793,nfts_65793|1,Informer,2021,nfts_62768,train,0.066666666666666666
nfts_65793|1|3|leaf0,nfts_65793,nfts_65793|1,Informer,2021,nfts_62768,train,0.066666666666666666
nfts_65793|1|4|leaf0,nfts_65793,nfts_65793|1,Informer,2021,nfts_62768,train,0.066666666666666666
nfts_65793|1|5|leaf0,nfts_65793,nfts_65793|1,Informer,2021,nfts_62768,train,0.066666666666666666
nfts_65793|1|6|leaf0,nfts_65793,nfts_65793|1,Informer,2021,nfts_62768,train,0.066666666666666666
nfts_65793|1|7|leaf0,nfts_65793,nfts_65793|1,Informer,2021,nfts_62768,train,0.066666666666666666
nfts_65793|1|8|leaf0,nfts_65793,nfts_65793|1,Informer,2021,nfts_62768,train,0.066666666666666666
nfts_65793|1|9|leaf0,nfts_65793,nfts_65793|1,Informer,2021,nfts_62768,train,0.066666666666666666
nfts_65793|1|10|leaf0,nfts_65793,nfts_65793|1,Informer,2021,nfts_62768,train,0.066666666666666666
nfts_65793|1|11|leaf0,nfts_65793,nfts_65793|1,Informer,2021,nfts_62768,train,0.066666666666666666
nfts_65793|1|12|leaf0,nfts_65793,nfts_65793|1,Informer,2021,nfts_62768,train,0.066666666666666666
nfts_65793|1|13|leaf0,nfts_65793,nfts_65793|1,Informer,2021,nfts_62768,train,0.066666666666666666
nfts_65793|1|14|leaf0,nfts_65793,nfts_65793|1,Informer,2021,nfts_62768,train,0.066666666666666666
nfts_65793|1|15|leaf0,nfts_65793,nfts_65793|1,Informer,2021,nfts_62768,train,0.066666666666666666
nfts_65793|1|16|leaf0,nfts_65793,nfts_65793|1,Informer,2021,nfts_62768,train,0.066666666666666666
nfts_68027|1|2|leaf0,nfts_68027,nfts_68027|1,Pondus,2022,nfts_62768,train,0.076923076923076927
nfts_68027|1|3|leaf0,nfts_68027,nfts_68027|1,Pondus,2022,nfts_62768,train,0.076923076923076927
nfts_68027|1|4|leaf0,nfts_68027,nfts_68027|1,Pondus,2022,nfts_62768,train,0.076923076923076927
nfts_68027|1|5|leaf0,nfts_68027,nfts_68027|1,Pondus,2022,nfts_62768,train,0.076923076923076927
nfts_68027|1|6|leaf0,nfts_68027,nfts_68027|1,Pondus,2022,nfts_62768,train,0.076923076923076927
nfts_68027|1|7|leaf0,nfts_68027,nfts_68027|1,Pondus,2022,nfts_62768,train,0.076923076923076927
nfts_68027|1|8|leaf0,nfts_68027,nfts_68027|1,Pondus,2022,nfts_62768,train,0.076923076923076927
nfts_68027|1|9|leaf0,nfts_68027,nfts_68027|1,Pondus,2022,nfts_62768,train,0.076923076923076927
nfts_68027|1|10|leaf0,nfts_68027,nfts_68027|1,Pondus,2022,nfts_62768,train,0.076923076923076927
nfts_68027|1|11|leaf0,nfts_68027,nfts_68027|1,Pondus,2022,nfts_62768,train,0.076923076923076927
nfts_68027|1|12|leaf0,nfts_68027,nfts_68027|1,Pondus,2022,nfts_62768,train,0.076923076923076927
nfts_68027|1|13|leaf0,nfts_68027,nfts_68027|1,Pondus,2022,nfts_62768,train,0.076923076923076927
nfts_68027|1|14|leaf0,nfts_68027,nfts_68027|1,Pondus,2022,nfts_62768,train,0.076923076923076927
nfts_71966|1|2|leaf0,nfts_71966,nfts_71966|1,DLG Wheat Mix Top Yield,2024,nfts_62768,train,0.1111111111111111
nfts_71966|1|3|leaf0,nfts_71966,nfts_71966|1,DLG Wheat Mix Top Yield,2024,nfts_62768,train,0.1111111111111111
nfts_71966|1|4|leaf0,nfts_71966,nfts_71966|1,DLG Wheat Mix Top Yield,2024,nfts_62768,train,0.1111111111111111
nfts_71966|1|5|leaf0,nfts_71966,nfts_71966|1,DLG Wheat Mix Top Yield,2024,nfts_62768,train,0.1111111111111111
nfts_71966|1|6|leaf0,nfts_71966,nfts_71966|1,DLG Wheat Mix Top Yield,2024,nfts_62768,train,0.1111111111111111
nfts_71966|1|7|leaf0,nfts_71966,nfts_71966|1,DLG Wheat Mix Top Yield,2024,nfts_62768,train,0.1111111111111111
nfts_71966|1|8|leaf0,nfts_71966,nfts_71966|1,DLG Wheat Mix Top Yield,2024,nfts_62768,train,0.1111111111111111
nfts_71966|1|9|leaf0,nfts_71966,nfts_71966|1,DLG Wheat Mix Top Yield,2024,nfts_62768,train,0.1111111111111111
nfts_71966|1|10|leaf0,nfts_71966,nfts_71966|1,DLG Wheat Mix Top Yield,2024,nfts_62768,train,0.1111111111111111
nfts_62768|1|2|leaf0,nfts_62768,nfts_62768|1,Informer,2020,nfts_62768,test,0.071428571428571425
nfts_62768|1|3|leaf0,nfts_62768,nfts_62768|1,Informer,2020,nfts_62768,test,0.071428571428571425
nfts_62768|1|4|leaf0,nfts_62768,nfts_62768|1,Informer,2020,nfts_62768,test,0.071428571428571425
nfts_62768|1|5|leaf0,nfts_62768,nfts_62768|1,Informer,2020,nfts_62768,test,0.071428571428571425
nfts_62768|1|6|leaf0,nfts_62768,nfts_62768|1,Informer,2020,nfts_62768,test,0.071428571428571425
nfts_62768|1|7|leaf0,nfts_62768,nfts_62768|1,Informer,2020,nfts_62768,test,0.071428571428571425
nfts_62768|1|8|leaf0,nfts_62768,nfts_62768|1,Informer,2020,nfts_62768,test,0.071428571428571425
nfts_62768|1|9|leaf0,nfts_62768,nfts_62768|1,Informer,2020,nfts_62768,test,0.071428571428571425
nfts_62768|1|10|leaf0,nfts_62768,nfts_62768|1,Informer,2020,nfts_62768,test,0.071428571428571425
nfts_62768|1|11|leaf0,nfts_62768,nfts_62768|1,Informer,2020,nfts_62768,test,0.071428571428571425
nfts_62768|1|12|leaf0,nfts_62768,nfts_62768|1,Informer,2020,nfts_62768,test,0.071428571428571425
nfts_62768|1|13|leaf0,nfts_62768,nfts_62768|1,Informer,2020,nfts_62768,test,0.071428571428571425
nfts_62768|1|14|leaf0,nfts_62768,nfts_62768|1,Informer,2020,nfts_62768,test,0.071428571428571425
nfts_62768|1|15|leaf0,nfts_62768,nfts_62768|1,Informer,2020,nfts_62768,test,0.071428571428571425
nfts_67111|A1|B1|leaf0,nfts_67111,nfts_67111|A1,Julius,2022,nfts_65793,train,0.024390243902439025
nfts_67111|A2|B2|leaf0,nfts_67111,nfts_67111|A2,Brons,2022,nfts_65793,train,0.024390243902439025
nfts_67111|A3|B3|leaf0,nfts_67111,nfts_67111|A3,RGT Reform,2022,nfts_65793,train,0.024390243902439025
nfts_67111|A4|B4|leaf0,nfts_67111,nfts_67111|A4,Informer,2022,nfts_65793,train,0.024390243902439025
nfts_67111|A5|B5|leaf0,nfts_67111,nfts_67111|A5,Hereford,2022,nfts_65793,train,0.024390243902439025
nfts_67111|A6|B6|leaf0,nfts_67111,nfts_67111|A6,Ceylon (SW 75107),2022,nfts_65793,train,0.024390243902439025
nfts_67111|A7|B7|leaf0,nfts_67111,nfts_67111|A7,Praktik,2022,nfts_65793,train,0.024390243902439025
nfts_67111|A8|B8|leaf0,nfts_67111,nfts_67111|A8,Norin,2022,nfts_65793,train,0.024390243902439025
nfts_67111|A9|B9|leaf0,nfts_67111,nfts_67111|A9,Linus,2022,nfts_65793,train,0.024390243902439025
nfts_67111|A10|B10|leaf0,nfts_67111,nfts_67111|A10,Torp,2022,nfts_65793,train,0.024390243902439025
nfts_67111|A11|B11|leaf0,nfts_67111,nfts_67111|A11,Festival,2022,nfts_65793,train,0.024390243902439025
nfts_67111|A12|B12|leaf0,nfts_67111,nfts_67111|A12,Etana,2022,nfts_65793,train,0.024390243902439025
nfts_67111|A13|B13|leaf0,nfts_67111,nfts_67111|A13,Hallfreda (SW 15646),2022,nfts_65793,train,0.024390243902439025
nfts_67111|A14|B14|leaf0,nfts_67111,nfts_67111|A14,KWS Kerrin,2022,nfts_65793,train,0.024390243902439025
nfts_67111|A15|B15|leaf0,nfts_67111,nfts_67111|A15,Kalmar,2022,nfts_65793,train,0.024390243902439025
nfts_67111|A16|B16|leaf0,nfts_67111,nfts_67111|A16,KWS Ahoi,2022,nfts_65793,train,0.024390243902439025
nfts_67111|A17|B17|leaf0,nfts_67111,nfts_67111|A17,Jonas,2022,nfts_65793,train,0.024390243902439025
nfts_67111|A18|B18|leaf0,nfts_67111,nfts_67111|A18,Bright,2022,nfts_65793,train,0.024390243902439025
nfts_67111|A19|B19|leaf0,nfts_67111,nfts_67111|A19,LG Imposanto,2022,nfts_65793,train,0.024390243902439025
nfts_67111|A20|B20|leaf0,nfts_67111,nfts_67111|A20,Terence,2022,nfts_65793,train,0.024390243902439025
nfts_67111|A21|B21|leaf0,nfts_67111,nfts_67111|A21,Kask (SW 14463),2022,nfts_65793,train,0.024390243902439025
nfts_67111|A22|B22|leaf0,nfts_67111,nfts_67111|A22,RGT Koi (RW41667),2022,nfts_65793,train,0.024390243902439025
nfts_67111|A23|B23|leaf0,nfts_67111,nfts_67111|A23,RGT Saki (RW41640),2022,nfts_65793,train,0.024390243902439025
nfts_67111|A24|B24|leaf0,nfts_67111,nfts_67111|A24,KWS Kerankum (KWS W359),2022,nfts_65793,train,0.024390243902439025
nfts_67111|A25|B25|leaf0,nfts_67111,nfts_67111|A25,RGT Marstrand,2022,nfts_65793,train,0.024390243902439025
nfts_67111|A26|B26|leaf0,nfts_67111,nfts_67111|A26,Pondus,2022,nfts_65793,train,0.024390243902439025
nfts_67111|A27|B27|leaf0,nfts_67111,nfts_67111|A27,Lini,2022,nfts_65793,train,0.024390243902439025
nfts_67111|A28|B28|leaf0,nfts_67111,nfts_67111|A28,KWS Colosseum,2022,nfts_65793,train,0.024390243902439025
nfts_67111|A29|B29|leaf0,nfts_67111,nfts_67111|A29,NOS 511167.10,2022,nfts_65793,train,0.024390243902439025
nfts_67111|A30|B30|leaf0,nfts_67111,nfts_67111|A30,Valhal,2022,nfts_65793,train,0.024390243902439025
nfts_67111|A31|B31|leaf0,nfts_67111,nfts_67111|A31,RGT Stokes,2022,nfts_65793,train,0.024390243902439025
nfts_67111|A32|B32|leaf0,nfts_67111,nfts_67111|A32,KWS Sabrum,2022,nfts_65793,train,0.024390243902439025
nfts_67111|A33|B33|leaf0,nfts_67111,nfts_67111|A33,Askaban,2022,nfts_65793,train,0.024390243902439025
nfts_67111|A34|B34|leaf0,nfts_67111,nfts_67111|A34,Fenomen,2022,nfts_65793,train,0.024390243902439025
nfts_67111|A36|B36|leaf0,nfts_67111,nfts_67111|A36,,2022,nfts_65793,train,0.024390243902439025
nfts_67111|A37|B37|leaf0,nfts_67111,nfts_67111|A37,SW 150683,2022,nfts_65793,train,0.024390243902439025
nfts_67111|A38|B38|leaf0,nfts_67111,nfts_67111|A38,Lykke,2022,nfts_65793,train,0.024390243902439025
nfts_67111|A40|B40|leaf0,nfts_67111,nfts_67111|A40,WPB Ennis,2022,nfts_65793,train,0.024390243902439025
nfts_67111|A41|B41|leaf0,nfts_67111,nfts_67111|A41,Guinness,2022,nfts_65793,train,0.024390243902439025
nfts_67111|A42|B42|leaf0,nfts_67111,nfts_67111|A42,Sj Q0853,2022,nfts_65793,train,0.024390243902439025
nfts_67111|A43|B43|leaf0,nfts_67111,nfts_67111|A43,Adrenalin,2022,nfts_65793,train,0.024390243902439025
nfts_54942|1|2|leaf0,nfts_54942,nfts_54942|1,Torp,2017,nfts_65793,train,0.1111111111111111
nfts_54942|1|3|leaf0,nfts_54942,nfts_54942|1,Torp,2017,nfts_65793,train,0.1111111111111111
nfts_54942|1|4|leaf0,nfts_54942,nfts_54942|1,Torp,2017,nfts_65793,train,0.1111111111111111
nfts_54942|1|5|leaf0,nfts_54942,nfts_54942|1,Torp,2017,nfts_65793,train,0.1111111111111111
nfts_54942|1|6|leaf0,nfts_54942,nfts_54942|1,Torp,2017,nfts_65793,train,0.1111111111111111
nfts_54942|1|7|leaf0,nfts_54942,nfts_54942|1,Torp,2017,nfts_65793,train,0.1111111111111111
nfts_54942|1|8|leaf0,nfts_54942,nfts_54942|1,Torp,2017,nfts_65793,train,0.1111111111111111
nfts_54942|1|9|leaf0,nfts_54942,nfts_54942|1,Torp,2017,nfts_65793,train,0.1111111111111111
nfts_54942|1|10|leaf0,nfts_54942,nfts_54942|1,Torp,2017,nfts_65793,train,0.1111111111111111
nfts_57698|1|2|leaf0,nfts_57698,nfts_57698|1,Sheriff,2018,nfts_65793,train,0.066666666666666666
nfts_57698|1|3|leaf0,nfts_57698,nfts_57698|1,Sheriff,2018,nfts_65793,train,0.066666666666666666
nfts_57698|1|4|leaf0,nfts_57698,nfts_57698|1,Sheriff,2018,nfts_65793,train,0.066666666666666666
nfts_57698|1|5|leaf0,nfts_57698,nfts_57698|1,Sheriff,2018,nfts_65793,train,0.066666666666666666
nfts_57698|1|6|leaf0,nfts_57698,nfts_57698|1,Sheriff,2018,nfts_65793,train,0.066666666666666666
nfts_57698|1|7|leaf0,nfts_57698,nfts_57698|1,Sheriff,2018,nfts_65793,train,0.066666666666666666
nfts_57698|1|8|leaf0,nfts_57698,nfts_57698|1,Sheriff,2018,nfts_65793,train,0.066666666666666666
nfts_57698|1|9|leaf0,nfts_57698,nfts_57698|1,Sheriff,2018,nfts_65793,train,0.066666666666666666
nfts_57698|1|10|leaf0,nfts_57698,nfts_57698|1,Sheriff,2018,nfts_65793,train,0.066666666666666666
nfts_57698|1|11|leaf0,nfts_57698,nfts_57698|1,Sheriff,2018,nfts_65793,train,0.066666666666666666
nfts_57698|1|12|leaf0,nfts_57698,nfts_57698|1,Sheriff,2018,nfts_65793,train,0.066666666666666666
nfts_57698|1|13|leaf0,nfts_57698,nfts_57698|1,Sheriff,2018,nfts_65793,train,0.066666666666666666
nfts_57698|1|14|leaf0,nfts_57698,nfts_57698|1,Sheriff,2018,nfts_65793,train,0.066666666666666666
nfts_57698|1|15|leaf0,nfts_57698,nfts_57698|1,Sheriff,2018,nfts_65793,train,0.066666666666666666
nfts_57698|1|16|leaf0,nfts_57698,nfts_57698|1,Sheriff,2018,nfts_65793,train,0.066666666666666666
nfts_62768|1|2|leaf0,nfts_62768,nfts_62768|1,Informer,2020,nfts_65793,train,0.071428571428571425
nfts_62768|1|3|leaf0,nfts_62768,nfts_62768|1,Informer,2020,nfts_65793,train,0.071428571428571425
nfts_62768|1|4|leaf0,nfts_62768,nfts_62768|1,Informer,2020,nfts_65793,train,0.071428571428571425
nfts_62768|1|5|leaf0,nfts_62768,nfts_62768|1,Informer,2020,nfts_65793,train,0.071428571428571425
nfts_62768|1|6|leaf0,nfts_62768,nfts_62768|1,Informer,2020,nfts_65793,train,0.071428571428571425
nfts_62768|1|7|leaf0,nfts_62768,nfts_62768|1,Informer,2020,nfts_65793,train,0.071428571428571425
nfts_62768|1|8|leaf0,nfts_62768,nfts_62768|1,Informer,2020,nfts_65793,train,0.071428571428571425
nfts_62768|1|9|leaf0,nfts_62768,nfts_62768|1,Informer,2020,nfts_65793,train,0.071428571428571425
nfts_62768|1|10|leaf0,nfts_62768,nfts_62768|1,Informer,2020,nfts_65793,train,0.071428571428571425
nfts_62768|1|11|leaf0,nfts_62768,nfts_62768|1,Informer,2020,nfts_65793,train,0.071428571428571425
nfts_62768|1|12|leaf0,nfts_62768,nfts_62768|1,Informer,2020,nfts_65793,train,0.071428571428571425
nfts_62768|1|13|leaf0,nfts_62768,nfts_62768|1,Informer,2020,nfts_65793,train,0.071428571428571425
nfts_62768|1|14|leaf0,nfts_62768,nfts_62768|1,Informer,2020,nfts_65793,train,0.071428571428571425
nfts_62768|1|15|leaf0,nfts_62768,nfts_62768|1,Informer,2020,nfts_65793,train,0.071428571428571425
nfts_62693|1|2|leaf0,nfts_62693,nfts_62693|1,Informer,2020,nfts_65793,train,0.066666666666666666
nfts_62693|1|3|leaf0,nfts_62693,nfts_62693|1,Informer,2020,nfts_65793,train,0.066666666666666666
nfts_62693|1|4|leaf0,nfts_62693,nfts_62693|1,Informer,2020,nfts_65793,train,0.066666666666666666
nfts_62693|1|5|leaf0,nfts_62693,nfts_62693|1,Informer,2020,nfts_65793,train,0.066666666666666666
nfts_62693|1|6|leaf0,nfts_62693,nfts_62693|1,Informer,2020,nfts_65793,train,0.066666666666666666
nfts_62693|1|7|leaf0,nfts_62693,nfts_62693|1,Informer,2020,nfts_65793,train,0.066666666666666666
nfts_62693|1|8|leaf0,nfts_62693,nfts_62693|1,Informer,2020,nfts_65793,train,0.066666666666666666
nfts_62693|1|9|leaf0,nfts_62693,nfts_62693|1,Informer,2020,nfts_65793,train,0.066666666666666666
nfts_62693|1|10|leaf0,nfts_62693,nfts_62693|1,Informer,2020,nfts_65793,train,0.066666666666666666
nfts_62693|1|11|leaf0,nfts_62693,nfts_62693|1,Informer,2020,nfts_65793,train,0.066666666666666666
nfts_62693|1|12|leaf0,nfts_62693,nfts_62693|1,Informer,2020,nfts_65793,train,0.066666666666666666
nfts_62693|1|13|leaf0,nfts_62693,nfts_62693|1,Informer,2020,nfts_65793,train,0.066666666666666666
nfts_62693|1|14|leaf0,nfts_62693,nfts_62693|1,Informer,2020,nfts_65793,train,0.066666666666666666
nfts_62693|1|15|leaf0,nfts_62693,nfts_62693|1,Informer,2020,nfts_65793,train,0.066666666666666666
nfts_62693|1|16|leaf0,nfts_62693,nfts_62693|1,Informer,2020,nfts_65793,train,0.066666666666666666
nfts_68027|1|2|leaf0,nfts_68027,nfts_68027|1,Pondus,2022,nfts_65793,train,0.076923076923076927
nfts_68027|1|3|leaf0,nfts_68027,nfts_68027|1,Pondus,2022,nfts_65793,train,0.076923076923076927
nfts_68027|1|4|leaf0,nfts_68027,nfts_68027|1,Pondus,2022,nfts_65793,train,0.076923076923076927
nfts_68027|1|5|leaf0,nfts_68027,nfts_68027|1,Pondus,2022,nfts_65793,train,0.076923076923076927
nfts_68027|1|6|leaf0,nfts_68027,nfts_68027|1,Pondus,2022,nfts_65793,train,0.076923076923076927
nfts_68027|1|7|leaf0,nfts_68027,nfts_68027|1,Pondus,2022,nfts_65793,train,0.076923076923076927
nfts_68027|1|8|leaf0,nfts_68027,nfts_68027|1,Pondus,2022,nfts_65793,train,0.076923076923076927
nfts_68027|1|9|leaf0,nfts_68027,nfts_68027|1,Pondus,2022,nfts_65793,train,0.076923076923076927
nfts_68027|1|10|leaf0,nfts_68027,nfts_68027|1,Pondus,2022,nfts_65793,train,0.076923076923076927
nfts_68027|1|11|leaf0,nfts_68027,nfts_68027|1,Pondus,2022,nfts_65793,train,0.076923076923076927
nfts_68027|1|12|leaf0,nfts_68027,nfts_68027|1,Pondus,2022,nfts_65793,train,0.076923076923076927
nfts_68027|1|13|leaf0,nfts_68027,nfts_68027|1,Pondus,2022,nfts_65793,train,0.076923076923076927
nfts_68027|1|14|leaf0,nfts_68027,nfts_68027|1,Pondus,2022,nfts_65793,train,0.076923076923076927
nfts_71966|1|2|leaf0,nfts_71966,nfts_71966|1,DLG Wheat Mix Top Yield,2024,nfts_65793,train,0.1111111111111111
nfts_71966|1|3|leaf0,nfts_71966,nfts_71966|1,DLG Wheat Mix Top Yield,2024,nfts_65793,train,0.1111111111111111
nfts_71966|1|4|leaf0,nfts_71966,nfts_71966|1,DLG Wheat Mix Top Yield,2024,nfts_65793,train,0.1111111111111111
nfts_71966|1|5|leaf0,nfts_71966,nfts_71966|1,DLG Wheat Mix Top Yield,2024,nfts_65793,train,0.1111111111111111
nfts_71966|1|6|leaf0,nfts_71966,nfts_71966|1,DLG Wheat Mix Top Yield,2024,nfts_65793,train,0.1111111111111111
nfts_71966|1|7|leaf0,nfts_71966,nfts_71966|1,DLG Wheat Mix Top Yield,2024,nfts_65793,train,0.1111111111111111
nfts_71966|1|8|leaf0,nfts_71966,nfts_71966|1,DLG Wheat Mix Top Yield,2024,nfts_65793,train,0.1111111111111111
nfts_71966|1|9|leaf0,nfts_71966,nfts_71966|1,DLG Wheat Mix Top Yield,2024,nfts_65793,train,0.1111111111111111
nfts_71966|1|10|leaf0,nfts_71966,nfts_71966|1,DLG Wheat Mix Top Yield,2024,nfts_65793,train,0.1111111111111111
nfts_65793|1|2|leaf0,nfts_65793,nfts_65793|1,Informer,2021,nfts_65793,test,0.066666666666666666
nfts_65793|1|3|leaf0,nfts_65793,nfts_65793|1,Informer,2021,nfts_65793,test,0.066666666666666666
nfts_65793|1|4|leaf0,nfts_65793,nfts_65793|1,Informer,2021,nfts_65793,test,0.066666666666666666
nfts_65793|1|5|leaf0,nfts_65793,nfts_65793|1,Informer,2021,nfts_65793,test,0.066666666666666666
nfts_65793|1|6|leaf0,nfts_65793,nfts_65793|1,Informer,2021,nfts_65793,test,0.066666666666666666
nfts_65793|1|7|leaf0,nfts_65793,nfts_65793|1,Informer,2021,nfts_65793,test,0.066666666666666666
nfts_65793|1|8|leaf0,nfts_65793,nfts_65793|1,Informer,2021,nfts_65793,test,0.066666666666666666
nfts_65793|1|9|leaf0,nfts_65793,nfts_65793|1,Informer,2021,nfts_65793,test,0.066666666666666666
nfts_65793|1|10|leaf0,nfts_65793,nfts_65793|1,Informer,2021,nfts_65793,test,0.066666666666666666
nfts_65793|1|11|leaf0,nfts_65793,nfts_65793|1,Informer,2021,nfts_65793,test,0.066666666666666666
nfts_65793|1|12|leaf0,nfts_65793,nfts_65793|1,Informer,2021,nfts_65793,test,0.066666666666666666
nfts_65793|1|13|leaf0,nfts_65793,nfts_65793|1,Informer,2021,nfts_65793,test,0.066666666666666666
nfts_65793|1|14|leaf0,nfts_65793,nfts_65793|1,Informer,2021,nfts_65793,test,0.066666666666666666
nfts_65793|1|15|leaf0,nfts_65793,nfts_65793|1,Informer,2021,nfts_65793,test,0.066666666666666666
nfts_65793|1|16|leaf0,nfts_65793,nfts_65793|1,Informer,2021,nfts_65793,test,0.066666666666666666
nfts_54942|1|2|leaf0,nfts_54942,nfts_54942|1,Torp,2017,nfts_67111,train,0.1111111111111111
nfts_54942|1|3|leaf0,nfts_54942,nfts_54942|1,Torp,2017,nfts_67111,train,0.1111111111111111
nfts_54942|1|4|leaf0,nfts_54942,nfts_54942|1,Torp,2017,nfts_67111,train,0.1111111111111111
nfts_54942|1|5|leaf0,nfts_54942,nfts_54942|1,Torp,2017,nfts_67111,train,0.1111111111111111
nfts_54942|1|6|leaf0,nfts_54942,nfts_54942|1,Torp,2017,nfts_67111,train,0.1111111111111111
nfts_54942|1|7|leaf0,nfts_54942,nfts_54942|1,Torp,2017,nfts_67111,train,0.1111111111111111
nfts_54942|1|8|leaf0,nfts_54942,nfts_54942|1,Torp,2017,nfts_67111,train,0.1111111111111111
nfts_54942|1|9|leaf0,nfts_54942,nfts_54942|1,Torp,2017,nfts_67111,train,0.1111111111111111
nfts_54942|1|10|leaf0,nfts_54942,nfts_54942|1,Torp,2017,nfts_67111,train,0.1111111111111111
nfts_57698|1|2|leaf0,nfts_57698,nfts_57698|1,Sheriff,2018,nfts_67111,train,0.066666666666666666
nfts_57698|1|3|leaf0,nfts_57698,nfts_57698|1,Sheriff,2018,nfts_67111,train,0.066666666666666666
nfts_57698|1|4|leaf0,nfts_57698,nfts_57698|1,Sheriff,2018,nfts_67111,train,0.066666666666666666
nfts_57698|1|5|leaf0,nfts_57698,nfts_57698|1,Sheriff,2018,nfts_67111,train,0.066666666666666666
nfts_57698|1|6|leaf0,nfts_57698,nfts_57698|1,Sheriff,2018,nfts_67111,train,0.066666666666666666
nfts_57698|1|7|leaf0,nfts_57698,nfts_57698|1,Sheriff,2018,nfts_67111,train,0.066666666666666666
nfts_57698|1|8|leaf0,nfts_57698,nfts_57698|1,Sheriff,2018,nfts_67111,train,0.066666666666666666
nfts_57698|1|9|leaf0,nfts_57698,nfts_57698|1,Sheriff,2018,nfts_67111,train,0.066666666666666666
nfts_57698|1|10|leaf0,nfts_57698,nfts_57698|1,Sheriff,2018,nfts_67111,train,0.066666666666666666
nfts_57698|1|11|leaf0,nfts_57698,nfts_57698|1,Sheriff,2018,nfts_67111,train,0.066666666666666666
nfts_57698|1|12|leaf0,nfts_57698,nfts_57698|1,Sheriff,2018,nfts_67111,train,0.066666666666666666
nfts_57698|1|13|leaf0,nfts_57698,nfts_57698|1,Sheriff,2018,nfts_67111,train,0.066666666666666666
nfts_57698|1|14|leaf0,nfts_57698,nfts_57698|1,Sheriff,2018,nfts_67111,train,0.066666666666666666
nfts_57698|1|15|leaf0,nfts_57698,nfts_57698|1,Sheriff,2018,nfts_67111,train,0.066666666666666666
nfts_57698|1|16|leaf0,nfts_57698,nfts_57698|1,Sheriff,2018,nfts_67111,train,0.066666666666666666
nfts_62768|1|2|leaf0,nfts_62768,nfts_62768|1,Informer,2020,nfts_67111,train,0.071428571428571425
nfts_62768|1|3|leaf0,nfts_62768,nfts_62768|1,Informer,2020,nfts_67111,train,0.071428571428571425
nfts_62768|1|4|leaf0,nfts_62768,nfts_62768|1,Informer,2020,nfts_67111,train,0.071428571428571425
nfts_62768|1|5|leaf0,nfts_62768,nfts_62768|1,Informer,2020,nfts_67111,train,0.071428571428571425
nfts_62768|1|6|leaf0,nfts_62768,nfts_62768|1,Informer,2020,nfts_67111,train,0.071428571428571425
nfts_62768|1|7|leaf0,nfts_62768,nfts_62768|1,Informer,2020,nfts_67111,train,0.071428571428571425
nfts_62768|1|8|leaf0,nfts_62768,nfts_62768|1,Informer,2020,nfts_67111,train,0.071428571428571425
nfts_62768|1|9|leaf0,nfts_62768,nfts_62768|1,Informer,2020,nfts_67111,train,0.071428571428571425
nfts_62768|1|10|leaf0,nfts_62768,nfts_62768|1,Informer,2020,nfts_67111,train,0.071428571428571425
nfts_62768|1|11|leaf0,nfts_62768,nfts_62768|1,Informer,2020,nfts_67111,train,0.071428571428571425
nfts_62768|1|12|leaf0,nfts_62768,nfts_62768|1,Informer,2020,nfts_67111,train,0.071428571428571425
nfts_62768|1|13|leaf0,nfts_62768,nfts_62768|1,Informer,2020,nfts_67111,train,0.071428571428571425
nfts_62768|1|14|leaf0,nfts_62768,nfts_62768|1,Informer,2020,nfts_67111,train,0.071428571428571425
nfts_62768|1|15|leaf0,nfts_62768,nfts_62768|1,Informer,2020,nfts_67111,train,0.071428571428571425
nfts_62693|1|2|leaf0,nfts_62693,nfts_62693|1,Informer,2020,nfts_67111,train,0.066666666666666666
nfts_62693|1|3|leaf0,nfts_62693,nfts_62693|1,Informer,2020,nfts_67111,train,0.066666666666666666
nfts_62693|1|4|leaf0,nfts_62693,nfts_62693|1,Informer,2020,nfts_67111,train,0.066666666666666666
nfts_62693|1|5|leaf0,nfts_62693,nfts_62693|1,Informer,2020,nfts_67111,train,0.066666666666666666
nfts_62693|1|6|leaf0,nfts_62693,nfts_62693|1,Informer,2020,nfts_67111,train,0.066666666666666666
nfts_62693|1|7|leaf0,nfts_62693,nfts_62693|1,Informer,2020,nfts_67111,train,0.066666666666666666
nfts_62693|1|8|leaf0,nfts_62693,nfts_62693|1,Informer,2020,nfts_67111,train,0.066666666666666666
nfts_62693|1|9|leaf0,nfts_62693,nfts_62693|1,Informer,2020,nfts_67111,train,0.066666666666666666
nfts_62693|1|10|leaf0,nfts_62693,nfts_62693|1,Informer,2020,nfts_67111,train,0.066666666666666666
nfts_62693|1|11|leaf0,nfts_62693,nfts_62693|1,Informer,2020,nfts_67111,train,0.066666666666666666
nfts_62693|1|12|leaf0,nfts_62693,nfts_62693|1,Informer,2020,nfts_67111,train,0.066666666666666666
nfts_62693|1|13|leaf0,nfts_62693,nfts_62693|1,Informer,2020,nfts_67111,train,0.066666666666666666
nfts_62693|1|14|leaf0,nfts_62693,nfts_62693|1,Informer,2020,nfts_67111,train,0.066666666666666666
nfts_62693|1|15|leaf0,nfts_62693,nfts_62693|1,Informer,2020,nfts_67111,train,0.066666666666666666
nfts_62693|1|16|leaf0,nfts_62693,nfts_62693|1,Informer,2020,nfts_67111,train,0.066666666666666666
nfts_65793|1|2|leaf0,nfts_65793,nfts_65793|1,Informer,2021,nfts_67111,train,0.066666666666666666
nfts_65793|1|3|leaf0,nfts_65793,nfts_65793|1,Informer,2021,nfts_67111,train,0.066666666666666666
nfts_65793|1|4|leaf0,nfts_65793,nfts_65793|1,Informer,2021,nfts_67111,train,0.066666666666666666
nfts_65793|1|5|leaf0,nfts_65793,nfts_65793|1,Informer,2021,nfts_67111,train,0.066666666666666666
nfts_65793|1|6|leaf0,nfts_65793,nfts_65793|1,Informer,2021,nfts_67111,train,0.066666666666666666
nfts_65793|1|7|leaf0,nfts_65793,nfts_65793|1,Informer,2021,nfts_67111,train,0.066666666666666666
nfts_65793|1|8|leaf0,nfts_65793,nfts_65793|1,Informer,2021,nfts_67111,train,0.066666666666666666
nfts_65793|1|9|leaf0,nfts_65793,nfts_65793|1,Informer,2021,nfts_67111,train,0.066666666666666666
nfts_65793|1|10|leaf0,nfts_65793,nfts_65793|1,Informer,2021,nfts_67111,train,0.066666666666666666
nfts_65793|1|11|leaf0,nfts_65793,nfts_65793|1,Informer,2021,nfts_67111,train,0.066666666666666666
nfts_65793|1|12|leaf0,nfts_65793,nfts_65793|1,Informer,2021,nfts_67111,train,0.066666666666666666
nfts_65793|1|13|leaf0,nfts_65793,nfts_65793|1,Informer,2021,nfts_67111,train,0.066666666666666666
nfts_65793|1|14|leaf0,nfts_65793,nfts_65793|1,Informer,2021,nfts_67111,train,0.066666666666666666
nfts_65793|1|15|leaf0,nfts_65793,nfts_65793|1,Informer,2021,nfts_67111,train,0.066666666666666666
nfts_65793|1|16|leaf0,nfts_65793,nfts_65793|1,Informer,2021,nfts_67111,train,0.066666666666666666
nfts_68027|1|2|leaf0,nfts_68027,nfts_68027|1,Pondus,2022,nfts_67111,train,0.076923076923076927
nfts_68027|1|3|leaf0,nfts_68027,nfts_68027|1,Pondus,2022,nfts_67111,train,0.076923076923076927
nfts_68027|1|4|leaf0,nfts_68027,nfts_68027|1,Pondus,2022,nfts_67111,train,0.076923076923076927
nfts_68027|1|5|leaf0,nfts_68027,nfts_68027|1,Pondus,2022,nfts_67111,train,0.076923076923076927
nfts_68027|1|6|leaf0,nfts_68027,nfts_68027|1,Pondus,2022,nfts_67111,train,0.076923076923076927
nfts_68027|1|7|leaf0,nfts_68027,nfts_68027|1,Pondus,2022,nfts_67111,train,0.076923076923076927
nfts_68027|1|8|leaf0,nfts_68027,nfts_68027|1,Pondus,2022,nfts_67111,train,0.076923076923076927
nfts_68027|1|9|leaf0,nfts_68027,nfts_68027|1,Pondus,2022,nfts_67111,train,0.076923076923076927
nfts_68027|1|10|leaf0,nfts_68027,nfts_68027|1,Pondus,2022,nfts_67111,train,0.076923076923076927
nfts_68027|1|11|leaf0,nfts_68027,nfts_68027|1,Pondus,2022,nfts_67111,train,0.076923076923076927
nfts_68027|1|12|leaf0,nfts_68027,nfts_68027|1,Pondus,2022,nfts_67111,train,0.076923076923076927
nfts_68027|1|13|leaf0,nfts_68027,nfts_68027|1,Pondus,2022,nfts_67111,train,0.076923076923076927
nfts_68027|1|14|leaf0,nfts_68027,nfts_68027|1,Pondus,2022,nfts_67111,train,0.076923076923076927
nfts_71966|1|2|leaf0,nfts_71966,nfts_71966|1,DLG Wheat Mix Top Yield,2024,nfts_67111,train,0.1111111111111111
nfts_71966|1|3|leaf0,nfts_71966,nfts_71966|1,DLG Wheat Mix Top Yield,2024,nfts_67111,train,0.1111111111111111
nfts_71966|1|4|leaf0,nfts_71966,nfts_71966|1,DLG Wheat Mix Top Yield,2024,nfts_67111,train,0.1111111111111111
nfts_71966|1|5|leaf0,nfts_71966,nfts_71966|1,DLG Wheat Mix Top Yield,2024,nfts_67111,train,0.1111111111111111
nfts_71966|1|6|leaf0,nfts_71966,nfts_71966|1,DLG Wheat Mix Top Yield,2024,nfts_67111,train,0.1111111111111111
nfts_71966|1|7|leaf0,nfts_71966,nfts_71966|1,DLG Wheat Mix Top Yield,2024,nfts_67111,train,0.1111111111111111
nfts_71966|1|8|leaf0,nfts_71966,nfts_71966|1,DLG Wheat Mix Top Yield,2024,nfts_67111,train,0.1111111111111111
nfts_71966|1|9|leaf0,nfts_71966,nfts_71966|1,DLG Wheat Mix Top Yield,2024,nfts_67111,train,0.1111111111111111
nfts_71966|1|10|leaf0,nfts_71966,nfts_71966|1,DLG Wheat Mix Top Yield,2024,nfts_67111,train,0.1111111111111111
nfts_67111|A1|B1|leaf0,nfts_67111,nfts_67111|A1,Julius,2022,nfts_67111,test,0.024390243902439025
nfts_67111|A2|B2|leaf0,nfts_67111,nfts_67111|A2,Brons,2022,nfts_67111,test,0.024390243902439025
nfts_67111|A3|B3|leaf0,nfts_67111,nfts_67111|A3,RGT Reform,2022,nfts_67111,test,0.024390243902439025
nfts_67111|A4|B4|leaf0,nfts_67111,nfts_67111|A4,Informer,2022,nfts_67111,test,0.024390243902439025
nfts_67111|A5|B5|leaf0,nfts_67111,nfts_67111|A5,Hereford,2022,nfts_67111,test,0.024390243902439025
nfts_67111|A6|B6|leaf0,nfts_67111,nfts_67111|A6,Ceylon (SW 75107),2022,nfts_67111,test,0.024390243902439025
nfts_67111|A7|B7|leaf0,nfts_67111,nfts_67111|A7,Praktik,2022,nfts_67111,test,0.024390243902439025
nfts_67111|A8|B8|leaf0,nfts_67111,nfts_67111|A8,Norin,2022,nfts_67111,test,0.024390243902439025
nfts_67111|A9|B9|leaf0,nfts_67111,nfts_67111|A9,Linus,2022,nfts_67111,test,0.024390243902439025
nfts_67111|A10|B10|leaf0,nfts_67111,nfts_67111|A10,Torp,2022,nfts_67111,test,0.024390243902439025
nfts_67111|A11|B11|leaf0,nfts_67111,nfts_67111|A11,Festival,2022,nfts_67111,test,0.024390243902439025
nfts_67111|A12|B12|leaf0,nfts_67111,nfts_67111|A12,Etana,2022,nfts_67111,test,0.024390243902439025
nfts_67111|A13|B13|leaf0,nfts_67111,nfts_67111|A13,Hallfreda (SW 15646),2022,nfts_67111,test,0.024390243902439025
nfts_67111|A14|B14|leaf0,nfts_67111,nfts_67111|A14,KWS Kerrin,2022,nfts_67111,test,0.024390243902439025
nfts_67111|A15|B15|leaf0,nfts_67111,nfts_67111|A15,Kalmar,2022,nfts_67111,test,0.024390243902439025
nfts_67111|A16|B16|leaf0,nfts_67111,nfts_67111|A16,KWS Ahoi,2022,nfts_67111,test,0.024390243902439025
nfts_67111|A17|B17|leaf0,nfts_67111,nfts_67111|A17,Jonas,2022,nfts_67111,test,0.024390243902439025
nfts_67111|A18|B18|leaf0,nfts_67111,nfts_67111|A18,Bright,2022,nfts_67111,test,0.024390243902439025
nfts_67111|A19|B19|leaf0,nfts_67111,nfts_67111|A19,LG Imposanto,2022,nfts_67111,test,0.024390243902439025
nfts_67111|A20|B20|leaf0,nfts_67111,nfts_67111|A20,Terence,2022,nfts_67111,test,0.024390243902439025
nfts_67111|A21|B21|leaf0,nfts_67111,nfts_67111|A21,Kask (SW 14463),2022,nfts_67111,test,0.024390243902439025
nfts_67111|A22|B22|leaf0,nfts_67111,nfts_67111|A22,RGT Koi (RW41667),2022,nfts_67111,test,0.024390243902439025
nfts_67111|A23|B23|leaf0,nfts_67111,nfts_67111|A23,RGT Saki (RW41640),2022,nfts_67111,test,0.024390243902439025
nfts_67111|A24|B24|leaf0,nfts_67111,nfts_67111|A24,KWS Kerankum (KWS W359),2022,nfts_67111,test,0.024390243902439025
nfts_67111|A25|B25|leaf0,nfts_67111,nfts_67111|A25,RGT Marstrand,2022,nfts_67111,test,0.024390243902439025
nfts_67111|A26|B26|leaf0,nfts_67111,nfts_67111|A26,Pondus,2022,nfts_67111,test,0.024390243902439025
nfts_67111|A27|B27|leaf0,nfts_67111,nfts_67111|A27,Lini,2022,nfts_67111,test,0.024390243902439025
nfts_67111|A28|B28|leaf0,nfts_67111,nfts_67111|A28,KWS Colosseum,2022,nfts_67111,test,0.024390243902439025
nfts_67111|A29|B29|leaf0,nfts_67111,nfts_67111|A29,NOS 511167.10,2022,nfts_67111,test,0.024390243902439025
nfts_67111|A30|B30|leaf0,nfts_67111,nfts_67111|A30,Valhal,2022,nfts_67111,test,0.024390243902439025
nfts_67111|A31|B31|leaf0,nfts_67111,nfts_67111|A31,RGT Stokes,2022,nfts_67111,test,0.024390243902439025
nfts_67111|A32|B32|leaf0,nfts_67111,nfts_67111|A32,KWS Sabrum,2022,nfts_67111,test,0.024390243902439025
nfts_67111|A33|B33|leaf0,nfts_67111,nfts_67111|A33,Askaban,2022,nfts_67111,test,0.024390243902439025
nfts_67111|A34|B34|leaf0,nfts_67111,nfts_67111|A34,Fenomen,2022,nfts_67111,test,0.024390243902439025
nfts_67111|A36|B36|leaf0,nfts_67111,nfts_67111|A36,,2022,nfts_67111,test,0.024390243902439025
nfts_67111|A37|B37|leaf0,nfts_67111,nfts_67111|A37,SW 150683,2022,nfts_67111,test,0.024390243902439025
nfts_67111|A38|B38|leaf0,nfts_67111,nfts_67111|A38,Lykke,2022,nfts_67111,test,0.024390243902439025
nfts_67111|A40|B40|leaf0,nfts_67111,nfts_67111|A40,WPB Ennis,2022,nfts_67111,test,0.024390243902439025
nfts_67111|A41|B41|leaf0,nfts_67111,nfts_67111|A41,Guinness,2022,nfts_67111,test,0.024390243902439025
nfts_67111|A42|B42|leaf0,nfts_67111,nfts_67111|A42,Sj Q0853,2022,nfts_67111,test,0.024390243902439025
nfts_67111|A43|B43|leaf0,nfts_67111,nfts_67111|A43,Adrenalin,2022,nfts_67111,test,0.024390243902439025
nfts_67111|A1|B1|leaf0,nfts_67111,nfts_67111|A1,Julius,2022,nfts_68027,train,0.024390243902439025
nfts_67111|A2|B2|leaf0,nfts_67111,nfts_67111|A2,Brons,2022,nfts_68027,train,0.024390243902439025
nfts_67111|A3|B3|leaf0,nfts_67111,nfts_67111|A3,RGT Reform,2022,nfts_68027,train,0.024390243902439025
nfts_67111|A4|B4|leaf0,nfts_67111,nfts_67111|A4,Informer,2022,nfts_68027,train,0.024390243902439025
nfts_67111|A5|B5|leaf0,nfts_67111,nfts_67111|A5,Hereford,2022,nfts_68027,train,0.024390243902439025
nfts_67111|A6|B6|leaf0,nfts_67111,nfts_67111|A6,Ceylon (SW 75107),2022,nfts_68027,train,0.024390243902439025
nfts_67111|A7|B7|leaf0,nfts_67111,nfts_67111|A7,Praktik,2022,nfts_68027,train,0.024390243902439025
nfts_67111|A8|B8|leaf0,nfts_67111,nfts_67111|A8,Norin,2022,nfts_68027,train,0.024390243902439025
nfts_67111|A9|B9|leaf0,nfts_67111,nfts_67111|A9,Linus,2022,nfts_68027,train,0.024390243902439025
nfts_67111|A10|B10|leaf0,nfts_67111,nfts_67111|A10,Torp,2022,nfts_68027,train,0.024390243902439025
nfts_67111|A11|B11|leaf0,nfts_67111,nfts_67111|A11,Festival,2022,nfts_68027,train,0.024390243902439025
nfts_67111|A12|B12|leaf0,nfts_67111,nfts_67111|A12,Etana,2022,nfts_68027,train,0.024390243902439025
nfts_67111|A13|B13|leaf0,nfts_67111,nfts_67111|A13,Hallfreda (SW 15646),2022,nfts_68027,train,0.024390243902439025
nfts_67111|A14|B14|leaf0,nfts_67111,nfts_67111|A14,KWS Kerrin,2022,nfts_68027,train,0.024390243902439025
nfts_67111|A15|B15|leaf0,nfts_67111,nfts_67111|A15,Kalmar,2022,nfts_68027,train,0.024390243902439025
nfts_67111|A16|B16|leaf0,nfts_67111,nfts_67111|A16,KWS Ahoi,2022,nfts_68027,train,0.024390243902439025
nfts_67111|A17|B17|leaf0,nfts_67111,nfts_67111|A17,Jonas,2022,nfts_68027,train,0.024390243902439025
nfts_67111|A18|B18|leaf0,nfts_67111,nfts_67111|A18,Bright,2022,nfts_68027,train,0.024390243902439025
nfts_67111|A19|B19|leaf0,nfts_67111,nfts_67111|A19,LG Imposanto,2022,nfts_68027,train,0.024390243902439025
nfts_67111|A20|B20|leaf0,nfts_67111,nfts_67111|A20,Terence,2022,nfts_68027,train,0.024390243902439025
nfts_67111|A21|B21|leaf0,nfts_67111,nfts_67111|A21,Kask (SW 14463),2022,nfts_68027,train,0.024390243902439025
nfts_67111|A22|B22|leaf0,nfts_67111,nfts_67111|A22,RGT Koi (RW41667),2022,nfts_68027,train,0.024390243902439025
nfts_67111|A23|B23|leaf0,nfts_67111,nfts_67111|A23,RGT Saki (RW41640),2022,nfts_68027,train,0.024390243902439025
nfts_67111|A24|B24|leaf0,nfts_67111,nfts_67111|A24,KWS Kerankum (KWS W359),2022,nfts_68027,train,0.024390243902439025
nfts_67111|A25|B25|leaf0,nfts_67111,nfts_67111|A25,RGT Marstrand,2022,nfts_68027,train,0.024390243902439025
nfts_67111|A26|B26|leaf0,nfts_67111,nfts_67111|A26,Pondus,2022,nfts_68027,train,0.024390243902439025
nfts_67111|A27|B27|leaf0,nfts_67111,nfts_67111|A27,Lini,2022,nfts_68027,train,0.024390243902439025
nfts_67111|A28|B28|leaf0,nfts_67111,nfts_67111|A28,KWS Colosseum,2022,nfts_68027,train,0.024390243902439025
nfts_67111|A29|B29|leaf0,nfts_67111,nfts_67111|A29,NOS 511167.10,2022,nfts_68027,train,0.024390243902439025
nfts_67111|A30|B30|leaf0,nfts_67111,nfts_67111|A30,Valhal,2022,nfts_68027,train,0.024390243902439025
nfts_67111|A31|B31|leaf0,nfts_67111,nfts_67111|A31,RGT Stokes,2022,nfts_68027,train,0.024390243902439025
nfts_67111|A32|B32|leaf0,nfts_67111,nfts_67111|A32,KWS Sabrum,2022,nfts_68027,train,0.024390243902439025
nfts_67111|A33|B33|leaf0,nfts_67111,nfts_67111|A33,Askaban,2022,nfts_68027,train,0.024390243902439025
nfts_67111|A34|B34|leaf0,nfts_67111,nfts_67111|A34,Fenomen,2022,nfts_68027,train,0.024390243902439025
nfts_67111|A36|B36|leaf0,nfts_67111,nfts_67111|A36,,2022,nfts_68027,train,0.024390243902439025
nfts_67111|A37|B37|leaf0,nfts_67111,nfts_67111|A37,SW 150683,2022,nfts_68027,train,0.024390243902439025
nfts_67111|A38|B38|leaf0,nfts_67111,nfts_67111|A38,Lykke,2022,nfts_68027,train,0.024390243902439025
nfts_67111|A40|B40|leaf0,nfts_67111,nfts_67111|A40,WPB Ennis,2022,nfts_68027,train,0.024390243902439025
nfts_67111|A41|B41|leaf0,nfts_67111,nfts_67111|A41,Guinness,2022,nfts_68027,train,0.024390243902439025
nfts_67111|A42|B42|leaf0,nfts_67111,nfts_67111|A42,Sj Q0853,2022,nfts_68027,train,0.024390243902439025
nfts_67111|A43|B43|leaf0,nfts_67111,nfts_67111|A43,Adrenalin,2022,nfts_68027,train,0.024390243902439025
nfts_54942|1|2|leaf0,nfts_54942,nfts_54942|1,Torp,2017,nfts_68027,train,0.1111111111111111
nfts_54942|1|3|leaf0,nfts_54942,nfts_54942|1,Torp,2017,nfts_68027,train,0.1111111111111111
nfts_54942|1|4|leaf0,nfts_54942,nfts_54942|1,Torp,2017,nfts_68027,train,0.1111111111111111
nfts_54942|1|5|leaf0,nfts_54942,nfts_54942|1,Torp,2017,nfts_68027,train,0.1111111111111111
nfts_54942|1|6|leaf0,nfts_54942,nfts_54942|1,Torp,2017,nfts_68027,train,0.1111111111111111
nfts_54942|1|7|leaf0,nfts_54942,nfts_54942|1,Torp,2017,nfts_68027,train,0.1111111111111111
nfts_54942|1|8|leaf0,nfts_54942,nfts_54942|1,Torp,2017,nfts_68027,train,0.1111111111111111
nfts_54942|1|9|leaf0,nfts_54942,nfts_54942|1,Torp,2017,nfts_68027,train,0.1111111111111111
nfts_54942|1|10|leaf0,nfts_54942,nfts_54942|1,Torp,2017,nfts_68027,train,0.1111111111111111
nfts_57698|1|2|leaf0,nfts_57698,nfts_57698|1,Sheriff,2018,nfts_68027,train,0.066666666666666666
nfts_57698|1|3|leaf0,nfts_57698,nfts_57698|1,Sheriff,2018,nfts_68027,train,0.066666666666666666
nfts_57698|1|4|leaf0,nfts_57698,nfts_57698|1,Sheriff,2018,nfts_68027,train,0.066666666666666666
nfts_57698|1|5|leaf0,nfts_57698,nfts_57698|1,Sheriff,2018,nfts_68027,train,0.066666666666666666
nfts_57698|1|6|leaf0,nfts_57698,nfts_57698|1,Sheriff,2018,nfts_68027,train,0.066666666666666666
nfts_57698|1|7|leaf0,nfts_57698,nfts_57698|1,Sheriff,2018,nfts_68027,train,0.066666666666666666
nfts_57698|1|8|leaf0,nfts_57698,nfts_57698|1,Sheriff,2018,nfts_68027,train,0.066666666666666666
nfts_57698|1|9|leaf0,nfts_57698,nfts_57698|1,Sheriff,2018,nfts_68027,train,0.066666666666666666
nfts_57698|1|10|leaf0,nfts_57698,nfts_57698|1,Sheriff,2018,nfts_68027,train,0.066666666666666666
nfts_57698|1|11|leaf0,nfts_57698,nfts_57698|1,Sheriff,2018,nfts_68027,train,0.066666666666666666
nfts_57698|1|12|leaf0,nfts_57698,nfts_57698|1,Sheriff,2018,nfts_68027,train,0.066666666666666666
nfts_57698|1|13|leaf0,nfts_57698,nfts_57698|1,Sheriff,2018,nfts_68027,train,0.066666666666666666
nfts_57698|1|14|leaf0,nfts_57698,nfts_57698|1,Sheriff,2018,nfts_68027,train,0.066666666666666666
nfts_57698|1|15|leaf0,nfts_57698,nfts_57698|1,Sheriff,2018,nfts_68027,train,0.066666666666666666
nfts_57698|1|16|leaf0,nfts_57698,nfts_57698|1,Sheriff,2018,nfts_68027,train,0.066666666666666666
nfts_62768|1|2|leaf0,nfts_62768,nfts_62768|1,Informer,2020,nfts_68027,train,0.071428571428571425
nfts_62768|1|3|leaf0,nfts_62768,nfts_62768|1,Informer,2020,nfts_68027,train,0.071428571428571425
nfts_62768|1|4|leaf0,nfts_62768,nfts_62768|1,Informer,2020,nfts_68027,train,0.071428571428571425
nfts_62768|1|5|leaf0,nfts_62768,nfts_62768|1,Informer,2020,nfts_68027,train,0.071428571428571425
nfts_62768|1|6|leaf0,nfts_62768,nfts_62768|1,Informer,2020,nfts_68027,train,0.071428571428571425
nfts_62768|1|7|leaf0,nfts_62768,nfts_62768|1,Informer,2020,nfts_68027,train,0.071428571428571425
nfts_62768|1|8|leaf0,nfts_62768,nfts_62768|1,Informer,2020,nfts_68027,train,0.071428571428571425
nfts_62768|1|9|leaf0,nfts_62768,nfts_62768|1,Informer,2020,nfts_68027,train,0.071428571428571425
nfts_62768|1|10|leaf0,nfts_62768,nfts_62768|1,Informer,2020,nfts_68027,train,0.071428571428571425
nfts_62768|1|11|leaf0,nfts_62768,nfts_62768|1,Informer,2020,nfts_68027,train,0.071428571428571425
nfts_62768|1|12|leaf0,nfts_62768,nfts_62768|1,Informer,2020,nfts_68027,train,0.071428571428571425
nfts_62768|1|13|leaf0,nfts_62768,nfts_62768|1,Informer,2020,nfts_68027,train,0.071428571428571425
nfts_62768|1|14|leaf0,nfts_62768,nfts_62768|1,Informer,2020,nfts_68027,train,0.071428571428571425
nfts_62768|1|15|leaf0,nfts_62768,nfts_62768|1,Informer,2020,nfts_68027,train,0.071428571428571425
nfts_62693|1|2|leaf0,nfts_62693,nfts_62693|1,Informer,2020,nfts_68027,train,0.066666666666666666
nfts_62693|1|3|leaf0,nfts_62693,nfts_62693|1,Informer,2020,nfts_68027,train,0.066666666666666666
nfts_62693|1|4|leaf0,nfts_62693,nfts_62693|1,Informer,2020,nfts_68027,train,0.066666666666666666
nfts_62693|1|5|leaf0,nfts_62693,nfts_62693|1,Informer,2020,nfts_68027,train,0.066666666666666666
nfts_62693|1|6|leaf0,nfts_62693,nfts_62693|1,Informer,2020,nfts_68027,train,0.066666666666666666
nfts_62693|1|7|leaf0,nfts_62693,nfts_62693|1,Informer,2020,nfts_68027,train,0.066666666666666666
nfts_62693|1|8|leaf0,nfts_62693,nfts_62693|1,Informer,2020,nfts_68027,train,0.066666666666666666
nfts_62693|1|9|leaf0,nfts_62693,nfts_62693|1,Informer,2020,nfts_68027,train,0.066666666666666666
nfts_62693|1|10|leaf0,nfts_62693,nfts_62693|1,Informer,2020,nfts_68027,train,0.066666666666666666
nfts_62693|1|11|leaf0,nfts_62693,nfts_62693|1,Informer,2020,nfts_68027,train,0.066666666666666666
nfts_62693|1|12|leaf0,nfts_62693,nfts_62693|1,Informer,2020,nfts_68027,train,0.066666666666666666
nfts_62693|1|13|leaf0,nfts_62693,nfts_62693|1,Informer,2020,nfts_68027,train,0.066666666666666666
nfts_62693|1|14|leaf0,nfts_62693,nfts_62693|1,Informer,2020,nfts_68027,train,0.066666666666666666
nfts_62693|1|15|leaf0,nfts_62693,nfts_62693|1,Informer,2020,nfts_68027,train,0.066666666666666666
nfts_62693|1|16|leaf0,nfts_62693,nfts_62693|1,Informer,2020,nfts_68027,train,0.066666666666666666
nfts_65793|1|2|leaf0,nfts_65793,nfts_65793|1,Informer,2021,nfts_68027,train,0.066666666666666666
nfts_65793|1|3|leaf0,nfts_65793,nfts_65793|1,Informer,2021,nfts_68027,train,0.066666666666666666
nfts_65793|1|4|leaf0,nfts_65793,nfts_65793|1,Informer,2021,nfts_68027,train,0.066666666666666666
nfts_65793|1|5|leaf0,nfts_65793,nfts_65793|1,Informer,2021,nfts_68027,train,0.066666666666666666
nfts_65793|1|6|leaf0,nfts_65793,nfts_65793|1,Informer,2021,nfts_68027,train,0.066666666666666666
nfts_65793|1|7|leaf0,nfts_65793,nfts_65793|1,Informer,2021,nfts_68027,train,0.066666666666666666
nfts_65793|1|8|leaf0,nfts_65793,nfts_65793|1,Informer,2021,nfts_68027,train,0.066666666666666666
nfts_65793|1|9|leaf0,nfts_65793,nfts_65793|1,Informer,2021,nfts_68027,train,0.066666666666666666
nfts_65793|1|10|leaf0,nfts_65793,nfts_65793|1,Informer,2021,nfts_68027,train,0.066666666666666666
nfts_65793|1|11|leaf0,nfts_65793,nfts_65793|1,Informer,2021,nfts_68027,train,0.066666666666666666
nfts_65793|1|12|leaf0,nfts_65793,nfts_65793|1,Informer,2021,nfts_68027,train,0.066666666666666666
nfts_65793|1|13|leaf0,nfts_65793,nfts_65793|1,Informer,2021,nfts_68027,train,0.066666666666666666
nfts_65793|1|14|leaf0,nfts_65793,nfts_65793|1,Informer,2021,nfts_68027,train,0.066666666666666666
nfts_65793|1|15|leaf0,nfts_65793,nfts_65793|1,Informer,2021,nfts_68027,train,0.066666666666666666
nfts_65793|1|16|leaf0,nfts_65793,nfts_65793|1,Informer,2021,nfts_68027,train,0.066666666666666666
nfts_71966|1|2|leaf0,nfts_71966,nfts_71966|1,DLG Wheat Mix Top Yield,2024,nfts_68027,train,0.1111111111111111
nfts_71966|1|3|leaf0,nfts_71966,nfts_71966|1,DLG Wheat Mix Top Yield,2024,nfts_68027,train,0.1111111111111111
nfts_71966|1|4|leaf0,nfts_71966,nfts_71966|1,DLG Wheat Mix Top Yield,2024,nfts_68027,train,0.1111111111111111
nfts_71966|1|5|leaf0,nfts_71966,nfts_71966|1,DLG Wheat Mix Top Yield,2024,nfts_68027,train,0.1111111111111111
nfts_71966|1|6|leaf0,nfts_71966,nfts_71966|1,DLG Wheat Mix Top Yield,2024,nfts_68027,train,0.1111111111111111
nfts_71966|1|7|leaf0,nfts_71966,nfts_71966|1,DLG Wheat Mix Top Yield,2024,nfts_68027,train,0.1111111111111111
nfts_71966|1|8|leaf0,nfts_71966,nfts_71966|1,DLG Wheat Mix Top Yield,2024,nfts_68027,train,0.1111111111111111
nfts_71966|1|9|leaf0,nfts_71966,nfts_71966|1,DLG Wheat Mix Top Yield,2024,nfts_68027,train,0.1111111111111111
nfts_71966|1|10|leaf0,nfts_71966,nfts_71966|1,DLG Wheat Mix Top Yield,2024,nfts_68027,train,0.1111111111111111
nfts_68027|1|2|leaf0,nfts_68027,nfts_68027|1,Pondus,2022,nfts_68027,test,0.076923076923076927
nfts_68027|1|3|leaf0,nfts_68027,nfts_68027|1,Pondus,2022,nfts_68027,test,0.076923076923076927
nfts_68027|1|4|leaf0,nfts_68027,nfts_68027|1,Pondus,2022,nfts_68027,test,0.076923076923076927
nfts_68027|1|5|leaf0,nfts_68027,nfts_68027|1,Pondus,2022,nfts_68027,test,0.076923076923076927
nfts_68027|1|6|leaf0,nfts_68027,nfts_68027|1,Pondus,2022,nfts_68027,test,0.076923076923076927
nfts_68027|1|7|leaf0,nfts_68027,nfts_68027|1,Pondus,2022,nfts_68027,test,0.076923076923076927
nfts_68027|1|8|leaf0,nfts_68027,nfts_68027|1,Pondus,2022,nfts_68027,test,0.076923076923076927
nfts_68027|1|9|leaf0,nfts_68027,nfts_68027|1,Pondus,2022,nfts_68027,test,0.076923076923076927
nfts_68027|1|10|leaf0,nfts_68027,nfts_68027|1,Pondus,2022,nfts_68027,test,0.076923076923076927
nfts_68027|1|11|leaf0,nfts_68027,nfts_68027|1,Pondus,2022,nfts_68027,test,0.076923076923076927
nfts_68027|1|12|leaf0,nfts_68027,nfts_68027|1,Pondus,2022,nfts_68027,test,0.076923076923076927
nfts_68027|1|13|leaf0,nfts_68027,nfts_68027|1,Pondus,2022,nfts_68027,test,0.076923076923076927
nfts_68027|1|14|leaf0,nfts_68027,nfts_68027|1,Pondus,2022,nfts_68027,test,0.076923076923076927
nfts_67111|A1|B1|leaf0,nfts_67111,nfts_67111|A1,Julius,2022,nfts_71966,train,0.024390243902439025
nfts_67111|A2|B2|leaf0,nfts_67111,nfts_67111|A2,Brons,2022,nfts_71966,train,0.024390243902439025
nfts_67111|A3|B3|leaf0,nfts_67111,nfts_67111|A3,RGT Reform,2022,nfts_71966,train,0.024390243902439025
nfts_67111|A4|B4|leaf0,nfts_67111,nfts_67111|A4,Informer,2022,nfts_71966,train,0.024390243902439025
nfts_67111|A5|B5|leaf0,nfts_67111,nfts_67111|A5,Hereford,2022,nfts_71966,train,0.024390243902439025
nfts_67111|A6|B6|leaf0,nfts_67111,nfts_67111|A6,Ceylon (SW 75107),2022,nfts_71966,train,0.024390243902439025
nfts_67111|A7|B7|leaf0,nfts_67111,nfts_67111|A7,Praktik,2022,nfts_71966,train,0.024390243902439025
nfts_67111|A8|B8|leaf0,nfts_67111,nfts_67111|A8,Norin,2022,nfts_71966,train,0.024390243902439025
nfts_67111|A9|B9|leaf0,nfts_67111,nfts_67111|A9,Linus,2022,nfts_71966,train,0.024390243902439025
nfts_67111|A10|B10|leaf0,nfts_67111,nfts_67111|A10,Torp,2022,nfts_71966,train,0.024390243902439025
nfts_67111|A11|B11|leaf0,nfts_67111,nfts_67111|A11,Festival,2022,nfts_71966,train,0.024390243902439025
nfts_67111|A12|B12|leaf0,nfts_67111,nfts_67111|A12,Etana,2022,nfts_71966,train,0.024390243902439025
nfts_67111|A13|B13|leaf0,nfts_67111,nfts_67111|A13,Hallfreda (SW 15646),2022,nfts_71966,train,0.024390243902439025
nfts_67111|A14|B14|leaf0,nfts_67111,nfts_67111|A14,KWS Kerrin,2022,nfts_71966,train,0.024390243902439025
nfts_67111|A15|B15|leaf0,nfts_67111,nfts_67111|A15,Kalmar,2022,nfts_71966,train,0.024390243902439025
nfts_67111|A16|B16|leaf0,nfts_67111,nfts_67111|A16,KWS Ahoi,2022,nfts_71966,train,0.024390243902439025
nfts_67111|A17|B17|leaf0,nfts_67111,nfts_67111|A17,Jonas,2022,nfts_71966,train,0.024390243902439025
nfts_67111|A18|B18|leaf0,nfts_67111,nfts_67111|A18,Bright,2022,nfts_71966,train,0.024390243902439025
nfts_67111|A19|B19|leaf0,nfts_67111,nfts_67111|A19,LG Imposanto,2022,nfts_71966,train,0.024390243902439025
nfts_67111|A20|B20|leaf0,nfts_67111,nfts_67111|A20,Terence,2022,nfts_71966,train,0.024390243902439025
nfts_67111|A21|B21|leaf0,nfts_67111,nfts_67111|A21,Kask (SW 14463),2022,nfts_71966,train,0.024390243902439025
nfts_67111|A22|B22|leaf0,nfts_67111,nfts_67111|A22,RGT Koi (RW41667),2022,nfts_71966,train,0.024390243902439025
nfts_67111|A23|B23|leaf0,nfts_67111,nfts_67111|A23,RGT Saki (RW41640),2022,nfts_71966,train,0.024390243902439025
nfts_67111|A24|B24|leaf0,nfts_67111,nfts_67111|A24,KWS Kerankum (KWS W359),2022,nfts_71966,train,0.024390243902439025
nfts_67111|A25|B25|leaf0,nfts_67111,nfts_67111|A25,RGT Marstrand,2022,nfts_71966,train,0.024390243902439025
nfts_67111|A26|B26|leaf0,nfts_67111,nfts_67111|A26,Pondus,2022,nfts_71966,train,0.024390243902439025
nfts_67111|A27|B27|leaf0,nfts_67111,nfts_67111|A27,Lini,2022,nfts_71966,train,0.024390243902439025
nfts_67111|A28|B28|leaf0,nfts_67111,nfts_67111|A28,KWS Colosseum,2022,nfts_71966,train,0.024390243902439025
nfts_67111|A29|B29|leaf0,nfts_67111,nfts_67111|A29,NOS 511167.10,2022,nfts_71966,train,0.024390243902439025
nfts_67111|A30|B30|leaf0,nfts_67111,nfts_67111|A30,Valhal,2022,nfts_71966,train,0.024390243902439025
nfts_67111|A31|B31|leaf0,nfts_67111,nfts_67111|A31,RGT Stokes,2022,nfts_71966,train,0.024390243902439025
nfts_67111|A32|B32|leaf0,nfts_67111,nfts_67111|A32,KWS Sabrum,2022,nfts_71966,train,0.024390243902439025
nfts_67111|A33|B33|leaf0,nfts_67111,nfts_67111|A33,Askaban,2022,nfts_71966,train,0.024390243902439025
nfts_67111|A34|B34|leaf0,nfts_67111,nfts_67111|A34,Fenomen,2022,nfts_71966,train,0.024390243902439025
nfts_67111|A36|B36|leaf0,nfts_67111,nfts_67111|A36,,2022,nfts_71966,train,0.024390243902439025
nfts_67111|A37|B37|leaf0,nfts_67111,nfts_67111|A37,SW 150683,2022,nfts_71966,train,0.024390243902439025
nfts_67111|A38|B38|leaf0,nfts_67111,nfts_67111|A38,Lykke,2022,nfts_71966,train,0.024390243902439025
nfts_67111|A40|B40|leaf0,nfts_67111,nfts_67111|A40,WPB Ennis,2022,nfts_71966,train,0.024390243902439025
nfts_67111|A41|B41|leaf0,nfts_67111,nfts_67111|A41,Guinness,2022,nfts_71966,train,0.024390243902439025
nfts_67111|A42|B42|leaf0,nfts_67111,nfts_67111|A42,Sj Q0853,2022,nfts_71966,train,0.024390243902439025
nfts_67111|A43|B43|leaf0,nfts_67111,nfts_67111|A43,Adrenalin,2022,nfts_71966,train,0.024390243902439025
nfts_54942|1|2|leaf0,nfts_54942,nfts_54942|1,Torp,2017,nfts_71966,train,0.1111111111111111
nfts_54942|1|3|leaf0,nfts_54942,nfts_54942|1,Torp,2017,nfts_71966,train,0.1111111111111111
nfts_54942|1|4|leaf0,nfts_54942,nfts_54942|1,Torp,2017,nfts_71966,train,0.1111111111111111
nfts_54942|1|5|leaf0,nfts_54942,nfts_54942|1,Torp,2017,nfts_71966,train,0.1111111111111111
nfts_54942|1|6|leaf0,nfts_54942,nfts_54942|1,Torp,2017,nfts_71966,train,0.1111111111111111
nfts_54942|1|7|leaf0,nfts_54942,nfts_54942|1,Torp,2017,nfts_71966,train,0.1111111111111111
nfts_54942|1|8|leaf0,nfts_54942,nfts_54942|1,Torp,2017,nfts_71966,train,0.1111111111111111
nfts_54942|1|9|leaf0,nfts_54942,nfts_54942|1,Torp,2017,nfts_71966,train,0.1111111111111111
nfts_54942|1|10|leaf0,nfts_54942,nfts_54942|1,Torp,2017,nfts_71966,train,0.1111111111111111
nfts_57698|1|2|leaf0,nfts_57698,nfts_57698|1,Sheriff,2018,nfts_71966,train,0.066666666666666666
nfts_57698|1|3|leaf0,nfts_57698,nfts_57698|1,Sheriff,2018,nfts_71966,train,0.066666666666666666
nfts_57698|1|4|leaf0,nfts_57698,nfts_57698|1,Sheriff,2018,nfts_71966,train,0.066666666666666666
nfts_57698|1|5|leaf0,nfts_57698,nfts_57698|1,Sheriff,2018,nfts_71966,train,0.066666666666666666
nfts_57698|1|6|leaf0,nfts_57698,nfts_57698|1,Sheriff,2018,nfts_71966,train,0.066666666666666666
nfts_57698|1|7|leaf0,nfts_57698,nfts_57698|1,Sheriff,2018,nfts_71966,train,0.066666666666666666
nfts_57698|1|8|leaf0,nfts_57698,nfts_57698|1,Sheriff,2018,nfts_71966,train,0.066666666666666666
nfts_57698|1|9|leaf0,nfts_57698,nfts_57698|1,Sheriff,2018,nfts_71966,train,0.066666666666666666
nfts_57698|1|10|leaf0,nfts_57698,nfts_57698|1,Sheriff,2018,nfts_71966,train,0.066666666666666666
nfts_57698|1|11|leaf0,nfts_57698,nfts_57698|1,Sheriff,2018,nfts_71966,train,0.066666666666666666
nfts_57698|1|12|leaf0,nfts_57698,nfts_57698|1,Sheriff,2018,nfts_71966,train,0.066666666666666666
nfts_57698|1|13|leaf0,nfts_57698,nfts_57698|1,Sheriff,2018,nfts_71966,train,0.066666666666666666
nfts_57698|1|14|leaf0,nfts_57698,nfts_57698|1,Sheriff,2018,nfts_71966,train,0.066666666666666666
nfts_57698|1|15|leaf0,nfts_57698,nfts_57698|1,Sheriff,2018,nfts_71966,train,0.066666666666666666
nfts_57698|1|16|leaf0,nfts_57698,nfts_57698|1,Sheriff,2018,nfts_71966,train,0.066666666666666666
nfts_62768|1|2|leaf0,nfts_62768,nfts_62768|1,Informer,2020,nfts_71966,train,0.071428571428571425
nfts_62768|1|3|leaf0,nfts_62768,nfts_62768|1,Informer,2020,nfts_71966,train,0.071428571428571425
nfts_62768|1|4|leaf0,nfts_62768,nfts_62768|1,Informer,2020,nfts_71966,train,0.071428571428571425
nfts_62768|1|5|leaf0,nfts_62768,nfts_62768|1,Informer,2020,nfts_71966,train,0.071428571428571425
nfts_62768|1|6|leaf0,nfts_62768,nfts_62768|1,Informer,2020,nfts_71966,train,0.071428571428571425
nfts_62768|1|7|leaf0,nfts_62768,nfts_62768|1,Informer,2020,nfts_71966,train,0.071428571428571425
nfts_62768|1|8|leaf0,nfts_62768,nfts_62768|1,Informer,2020,nfts_71966,train,0.071428571428571425
nfts_62768|1|9|leaf0,nfts_62768,nfts_62768|1,Informer,2020,nfts_71966,train,0.071428571428571425
nfts_62768|1|10|leaf0,nfts_62768,nfts_62768|1,Informer,2020,nfts_71966,train,0.071428571428571425
nfts_62768|1|11|leaf0,nfts_62768,nfts_62768|1,Informer,2020,nfts_71966,train,0.071428571428571425
nfts_62768|1|12|leaf0,nfts_62768,nfts_62768|1,Informer,2020,nfts_71966,train,0.071428571428571425
nfts_62768|1|13|leaf0,nfts_62768,nfts_62768|1,Informer,2020,nfts_71966,train,0.071428571428571425
nfts_62768|1|14|leaf0,nfts_62768,nfts_62768|1,Informer,2020,nfts_71966,train,0.071428571428571425
nfts_62768|1|15|leaf0,nfts_62768,nfts_62768|1,Informer,2020,nfts_71966,train,0.071428571428571425
nfts_62693|1|2|leaf0,nfts_62693,nfts_62693|1,Informer,2020,nfts_71966,train,0.066666666666666666
nfts_62693|1|3|leaf0,nfts_62693,nfts_62693|1,Informer,2020,nfts_71966,train,0.066666666666666666
nfts_62693|1|4|leaf0,nfts_62693,nfts_62693|1,Informer,2020,nfts_71966,train,0.066666666666666666
nfts_62693|1|5|leaf0,nfts_62693,nfts_62693|1,Informer,2020,nfts_71966,train,0.066666666666666666
nfts_62693|1|6|leaf0,nfts_62693,nfts_62693|1,Informer,2020,nfts_71966,train,0.066666666666666666
nfts_62693|1|7|leaf0,nfts_62693,nfts_62693|1,Informer,2020,nfts_71966,train,0.066666666666666666
nfts_62693|1|8|leaf0,nfts_62693,nfts_62693|1,Informer,2020,nfts_71966,train,0.066666666666666666
nfts_62693|1|9|leaf0,nfts_62693,nfts_62693|1,Informer,2020,nfts_71966,train,0.066666666666666666
nfts_62693|1|10|leaf0,nfts_62693,nfts_62693|1,Informer,2020,nfts_71966,train,0.066666666666666666
nfts_62693|1|11|leaf0,nfts_62693,nfts_62693|1,Informer,2020,nfts_71966,train,0.066666666666666666
nfts_62693|1|12|leaf0,nfts_62693,nfts_62693|1,Informer,2020,nfts_71966,train,0.066666666666666666
nfts_62693|1|13|leaf0,nfts_62693,nfts_62693|1,Informer,2020,nfts_71966,train,0.066666666666666666
nfts_62693|1|14|leaf0,nfts_62693,nfts_62693|1,Informer,2020,nfts_71966,train,0.066666666666666666
nfts_62693|1|15|leaf0,nfts_62693,nfts_62693|1,Informer,2020,nfts_71966,train,0.066666666666666666
nfts_62693|1|16|leaf0,nfts_62693,nfts_62693|1,Informer,2020,nfts_71966,train,0.066666666666666666
nfts_65793|1|2|leaf0,nfts_65793,nfts_65793|1,Informer,2021,nfts_71966,train,0.066666666666666666
nfts_65793|1|3|leaf0,nfts_65793,nfts_65793|1,Informer,2021,nfts_71966,train,0.066666666666666666
nfts_65793|1|4|leaf0,nfts_65793,nfts_65793|1,Informer,2021,nfts_71966,train,0.066666666666666666
nfts_65793|1|5|leaf0,nfts_65793,nfts_65793|1,Informer,2021,nfts_71966,train,0.066666666666666666
nfts_65793|1|6|leaf0,nfts_65793,nfts_65793|1,Informer,2021,nfts_71966,train,0.066666666666666666
nfts_65793|1|7|leaf0,nfts_65793,nfts_65793|1,Informer,2021,nfts_71966,train,0.066666666666666666
nfts_65793|1|8|leaf0,nfts_65793,nfts_65793|1,Informer,2021,nfts_71966,train,0.066666666666666666
nfts_65793|1|9|leaf0,nfts_65793,nfts_65793|1,Informer,2021,nfts_71966,train,0.066666666666666666
nfts_65793|1|10|leaf0,nfts_65793,nfts_65793|1,Informer,2021,nfts_71966,train,0.066666666666666666
nfts_65793|1|11|leaf0,nfts_65793,nfts_65793|1,Informer,2021,nfts_71966,train,0.066666666666666666
nfts_65793|1|12|leaf0,nfts_65793,nfts_65793|1,Informer,2021,nfts_71966,train,0.066666666666666666
nfts_65793|1|13|leaf0,nfts_65793,nfts_65793|1,Informer,2021,nfts_71966,train,0.066666666666666666
nfts_65793|1|14|leaf0,nfts_65793,nfts_65793|1,Informer,2021,nfts_71966,train,0.066666666666666666
nfts_65793|1|15|leaf0,nfts_65793,nfts_65793|1,Informer,2021,nfts_71966,train,0.066666666666666666
nfts_65793|1|16|leaf0,nfts_65793,nfts_65793|1,Informer,2021,nfts_71966,train,0.066666666666666666
nfts_68027|1|2|leaf0,nfts_68027,nfts_68027|1,Pondus,2022,nfts_71966,train,0.076923076923076927
nfts_68027|1|3|leaf0,nfts_68027,nfts_68027|1,Pondus,2022,nfts_71966,train,0.076923076923076927
nfts_68027|1|4|leaf0,nfts_68027,nfts_68027|1,Pondus,2022,nfts_71966,train,0.076923076923076927
nfts_68027|1|5|leaf0,nfts_68027,nfts_68027|1,Pondus,2022,nfts_71966,train,0.076923076923076927
nfts_68027|1|6|leaf0,nfts_68027,nfts_68027|1,Pondus,2022,nfts_71966,train,0.076923076923076927
nfts_68027|1|7|leaf0,nfts_68027,nfts_68027|1,Pondus,2022,nfts_71966,train,0.076923076923076927
nfts_68027|1|8|leaf0,nfts_68027,nfts_68027|1,Pondus,2022,nfts_71966,train,0.076923076923076927
nfts_68027|1|9|leaf0,nfts_68027,nfts_68027|1,Pondus,2022,nfts_71966,train,0.076923076923076927
nfts_68027|1|10|leaf0,nfts_68027,nfts_68027|1,Pondus,2022,nfts_71966,train,0.076923076923076927
nfts_68027|1|11|leaf0,nfts_68027,nfts_68027|1,Pondus,2022,nfts_71966,train,0.076923076923076927
nfts_68027|1|12|leaf0,nfts_68027,nfts_68027|1,Pondus,2022,nfts_71966,train,0.076923076923076927
nfts_68027|1|13|leaf0,nfts_68027,nfts_68027|1,Pondus,2022,nfts_71966,train,0.076923076923076927
nfts_68027|1|14|leaf0,nfts_68027,nfts_68027|1,Pondus,2022,nfts_71966,train,0.076923076923076927
nfts_71966|1|2|leaf0,nfts_71966,nfts_71966|1,DLG Wheat Mix Top Yield,2024,nfts_71966,test,0.1111111111111111
nfts_71966|1|3|leaf0,nfts_71966,nfts_71966|1,DLG Wheat Mix Top Yield,2024,nfts_71966,test,0.1111111111111111
nfts_71966|1|4|leaf0,nfts_71966,nfts_71966|1,DLG Wheat Mix Top Yield,2024,nfts_71966,test,0.1111111111111111
nfts_71966|1|5|leaf0,nfts_71966,nfts_71966|1,DLG Wheat Mix Top Yield,2024,nfts_71966,test,0.1111111111111111
nfts_71966|1|6|leaf0,nfts_71966,nfts_71966|1,DLG Wheat Mix Top Yield,2024,nfts_71966,test,0.1111111111111111
nfts_71966|1|7|leaf0,nfts_71966,nfts_71966|1,DLG Wheat Mix Top Yield,2024,nfts_71966,test,0.1111111111111111
nfts_71966|1|8|leaf0,nfts_71966,nfts_71966|1,DLG Wheat Mix Top Yield,2024,nfts_71966,test,0.1111111111111111
nfts_71966|1|9|leaf0,nfts_71966,nfts_71966|1,DLG Wheat Mix Top Yield,2024,nfts_71966,test,0.1111111111111111
nfts_71966|1|10|leaf0,nfts_71966,nfts_71966|1,DLG Wheat Mix Top Yield,2024,nfts_71966,test,0.1111111111111111
