record,registry_id,trial_name,year,latitude,longitude,replicates,cultivar_entry,cultivar,cultivar_identity_known,untreated_treatment_code,treated_treatment_code,untreated_yield_native,treated_yield_native,untreated_yield_t_ha,treated_yield_t_ha,untreated_lower_confidence_native,untreated_upper_confidence_native,treated_lower_confidence_native,treated_upper_confidence_native,treated_definition,comparison_design,registry_quality_eligible,source_html,source_url,fungicide_response_t_ha,untreated_shortfall_relative_to_treated,loss_interpretation,treatment_code,date,leaf_scope,brown_rust,leaf_spot,mildew,stb,yellow_rust,brown_rust_treated,leaf_spot_treated,mildew_treated,stb_treated,yellow_rust_treated,observed_stb,observed_stb_treated,observed_yellow_rust,observed_yellow_rust_treated,observed_brown_rust,observed_brown_rust_treated,observed_mildew,observed_mildew_treated,observed_leaf_spot,observed_leaf_spot_treated,final_stb_observed,untreated_both_rusts_measured_zero,untreated_all_nontargets_measured_zero,untreated_stb_dominant_all_five_measured,both_arms_stb_observed_same_date_scope,both_arms_rusts_measured_zero,both_arms_all_nontargets_measured_zero,stb_untreated_points,stb_treated_points,stb_same_date_pairs,observed_common_window_days,strict_final_zero_nontargets_both_arms,no_positive_nontarget_in_any_recorded_same_scope_date,common_dates,row_id,control_id,R,delta_stb_pp,delta_yellow_rust_pp,delta_brown_rust_pp,delta_mildew_pp,stb_pair_measured,four_disease_both_arms_measured,all_nontargets_final_both_arms_measured_zero,no_positive_nontarget_at_any_recorded_date,nontarget_missing_some_recorded_dates,untreated_final_growth_stage,treated_final_growth_stage,registry_design,native_grain_unit,leaf_scope_interpretation,fold,prediction,linear_score,baseline_prediction,evaluation_weight,negative_response,negative_any_feature,prediction_above_one,prediction_at_numerical_upper_bound
nfts_54942,54942,090841717-003,2017,56.551657177480003,10.3256746320957,4,2,Torp,True,1,2,78.900000000000006,98.200000000000003,7.8899999999999997,9.8200000000000003,76.799999999999997,81.099999999999994,96,100.3,Specified trial fungicide schedule; every treated comparator retained; complete protection not assumed.,Randomized within-trial fungicide treatment vs untreated code1; comparators share one control.,True,nfts_denmark2017_090841717_003.html,https://nfts.dlbr.dk/Forms/Dokumentation.aspx?KardexID=54942&applLangID=en,1.9299999999999995,0.19653767820773921,Observed fungicide-associated yield difference; STB-only or disease-free counterfactual not identified.,1,2017-06-27,0,0,0,0.080000000000000002,26,0,0,0,0,7,0,True,True,True,True,True,True,True,True,True,True,True,True,False,True,True,True,False,3,2,2,40,False,False,"2017-05-18, 2017-06-27",nfts_54942|1|2|leaf0,nfts_54942|1,0.19653767820773921,19,0,0,0.080000000000000002,True,True,False,False,False,75,75,"Complete block trial, 1 factor (Randomized)","dt/ha (=100 kg/ha), at 15% moisture",Unspecified leaf rank; registry percent coverage,nfts_54942,0.063461019929521828,0.065564134824353471,0.046075298006337563,0.1111111111111111,False,False,False,False
nfts_54942,54942,090841717-003,2017,56.551657177480003,10.3256746320957,4,3,Torp,True,1,3,78.900000000000006,97.700000000000003,7.8899999999999997,9.7699999999999996,76.799999999999997,81.099999999999994,95.599999999999994,99.900000000000006,Specified trial fungicide schedule; every treated comparator retained; complete protection not assumed.,Randomized within-trial fungicide treatment vs untreated code1; comparators share one control.,True,nfts_denmark2017_090841717_003.html,https://nfts.dlbr.dk/Forms/Dokumentation.aspx?KardexID=54942&applLangID=en,1.879999999999999,0.1924257932446263,Observed fungicide-associated yield difference; STB-only or disease-free counterfactual not identified.,1,2017-06-27,0,0,0,0.080000000000000002,26,0,0,0,0,7,0,True,True,True,True,True,True,True,True,True,True,True,True,False,True,True,True,False,3,1,1,0,False,False,2017-06-27,nfts_54942|1|3|leaf0,nfts_54942|1,0.1924257932446263,19,0,0,0.080000000000000002,True,True,False,False,False,75,75,"Complete block trial, 1 factor (Randomized)","dt/ha (=100 kg/ha), at 15% moisture",Unspecified leaf rank; registry percent coverage,nfts_54942,0.063461019929521828,0.065564134824353471,0.046075298006337563,0.1111111111111111,False,False,False,False
nfts_54942,54942,090841717-003,2017,56.551657177480003,10.3256746320957,4,4,Torp,True,1,4,78.900000000000006,95.5,7.8899999999999997,9.5500000000000007,76.799999999999997,81.099999999999994,93.299999999999997,97.599999999999994,Specified trial fungicide schedule; every treated comparator retained; complete protection not assumed.,Randomized within-trial fungicide treatment vs untreated code1; comparators share one control.,True,nfts_denmark2017_090841717_003.html,https://nfts.dlbr.dk/Forms/Dokumentation.aspx?KardexID=54942&applLangID=en,1.6599999999999999,0.1738219895287958,Observed fungicide-associated yield difference; STB-only or disease-free counterfactual not identified.,1,2017-06-27,0,0,0,0.080000000000000002,26,0,0,0,0,7,0,True,True,True,True,True,True,True,True,True,True,True,True,False,True,True,True,False,3,1,1,0,False,False,2017-06-27,nfts_54942|1|4|leaf0,nfts_54942|1,0.1738219895287958,19,0,0,0.080000000000000002,True,True,False,False,False,75,75,"Complete block trial, 1 factor (Randomized)","dt/ha (=100 kg/ha), at 15% moisture",Unspecified leaf rank; registry percent coverage,nfts_54942,0.063461019929521828,0.065564134824353471,0.046075298006337563,0.1111111111111111,False,False,False,False
nfts_54942,54942,090841717-003,2017,56.551657177480003,10.3256746320957,4,5,Torp,True,1,5,78.900000000000006,96.900000000000006,7.8899999999999997,9.6899999999999995,76.799999999999997,81.099999999999994,94.799999999999997,99,Specified trial fungicide schedule; every treated comparator retained; complete protection not assumed.,Randomized within-trial fungicide treatment vs untreated code1; comparators share one control.,True,nfts_denmark2017_090841717_003.html,https://nfts.dlbr.dk/Forms/Dokumentation.aspx?KardexID=54942&applLangID=en,1.7999999999999987,0.1857585139318885,Observed fungicide-associated yield difference; STB-only or disease-free counterfactual not identified.,1,2017-06-27,0,0,0,0.080000000000000002,26,0,0,0,0,6,0,True,True,True,True,True,True,True,True,True,True,True,True,False,True,True,True,False,3,1,1,0,False,False,2017-06-27,nfts_54942|1|5|leaf0,nfts_54942|1,0.1857585139318885,20,0,0,0.080000000000000002,True,True,False,False,False,75,75,"Complete block trial, 1 factor (Randomized)","dt/ha (=100 kg/ha), at 15% moisture",Unspecified leaf rank; registry percent coverage,nfts_54942,0.066655613532463479,0.068981028913285877,0.046075298006337563,0.1111111111111111,False,False,False,False
nfts_54942,54942,090841717-003,2017,56.551657177480003,10.3256746320957,4,6,Torp,True,1,6,78.900000000000006,99.5,7.8899999999999997,9.9499999999999993,76.799999999999997,81.099999999999994,97.400000000000006,101.59999999999999,Specified trial fungicide schedule; every treated comparator retained; complete protection not assumed.,Randomized within-trial fungicide treatment vs untreated code1; comparators share one control.,True,nfts_denmark2017_090841717_003.html,https://nfts.dlbr.dk/Forms/Dokumentation.aspx?KardexID=54942&applLangID=en,2.0599999999999987,0.2070351758793969,Observed fungicide-associated yield difference; STB-only or disease-free counterfactual not identified.,1,2017-06-27,0,0,0,0.080000000000000002,26,0,0,0,0,7,0,True,True,True,True,True,True,True,True,True,True,True,True,False,True,True,True,False,3,1,1,0,False,False,2017-06-27,nfts_54942|1|6|leaf0,nfts_54942|1,0.2070351758793969,19,0,0,0.080000000000000002,True,True,False,False,False,75,75,"Complete block trial, 1 factor (Randomized)","dt/ha (=100 kg/ha), at 15% moisture",Unspecified leaf rank; registry percent coverage,nfts_54942,0.063461019929521828,0.065564134824353471,0.046075298006337563,0.1111111111111111,False,False,False,False
nfts_54942,54942,090841717-003,2017,56.551657177480003,10.3256746320957,4,7,Torp,True,1,7,78.900000000000006,98.099999999999994,7.8899999999999997,9.8100000000000005,76.799999999999997,81.099999999999994,95.900000000000006,100.2,Specified trial fungicide schedule; every treated comparator retained; complete protection not assumed.,Randomized within-trial fungicide treatment vs untreated code1; comparators share one control.,True,nfts_denmark2017_090841717_003.html,https://nfts.dlbr.dk/Forms/Dokumentation.aspx?KardexID=54942&applLangID=en,1.9199999999999999,0.1957186544342506,Observed fungicide-associated yield difference; STB-only or disease-free counterfactual not identified.,1,2017-06-27,0,0,0,0.080000000000000002,26,0,0,0,0,7,0,True,True,True,True,True,True,True,True,True,True,True,True,False,True,True,True,False,3,1,1,0,False,False,2017-06-27,nfts_54942|1|7|leaf0,nfts_54942|1,0.1957186544342506,19,0,0,0.080000000000000002,True,True,False,False,False,75,75,"Complete block trial, 1 factor (Randomized)","dt/ha (=100 kg/ha), at 15% moisture",Unspecified leaf rank; registry percent coverage,nfts_54942,0.063461019929521828,0.065564134824353471,0.046075298006337563,0.1111111111111111,False,False,False,False
nfts_54942,54942,090841717-003,2017,56.551657177480003,10.3256746320957,4,8,Torp,True,1,8,78.900000000000006,98.200000000000003,7.8899999999999997,9.8200000000000003,76.799999999999997,81.099999999999994,96.099999999999994,100.40000000000001,Specified trial fungicide schedule; every treated comparator retained; complete protection not assumed.,Randomized within-trial fungicide treatment vs untreated code1; comparators share one control.,True,nfts_denmark2017_090841717_003.html,https://nfts.dlbr.dk/Forms/Dokumentation.aspx?KardexID=54942&applLangID=en,1.9299999999999995,0.19653767820773921,Observed fungicide-associated yield difference; STB-only or disease-free counterfactual not identified.,1,2017-06-27,0,0,0,0.080000000000000002,26,0,0,0,0,7,0,True,True,True,True,True,True,True,True,True,True,True,True,False,True,True,True,False,3,1,1,0,False,False,2017-06-27,nfts_54942|1|8|leaf0,nfts_54942|1,0.19653767820773921,19,0,0,0.080000000000000002,True,True,False,False,False,75,75,"Complete block trial, 1 factor (Randomized)","dt/ha (=100 kg/ha), at 15% moisture",Unspecified leaf rank; registry percent coverage,nfts_54942,0.063461019929521828,0.065564134824353471,0.046075298006337563,0.1111111111111111,False,False,False,False
nfts_54942,54942,090841717-003,2017,56.551657177480003,10.3256746320957,4,9,Torp,True,1,9,78.900000000000006,94.5,7.8899999999999997,9.4499999999999993,76.799999999999997,81.099999999999994,92.400000000000006,96.599999999999994,Specified trial fungicide schedule; every treated comparator retained; complete protection not assumed.,Randomized within-trial fungicide treatment vs untreated code1; comparators share one control.,True,nfts_denmark2017_090841717_003.html,https://nfts.dlbr.dk/Forms/Dokumentation.aspx?KardexID=54942&applLangID=en,1.5599999999999987,0.16507936507936491,Observed fungicide-associated yield difference; STB-only or disease-free counterfactual not identified.,1,2017-06-27,0,0,0,0.080000000000000002,26,0,0,0,0,7,0,True,True,True,True,True,True,True,True,True,True,True,True,False,True,True,True,False,3,1,1,0,False,False,2017-06-27,nfts_54942|1|9|leaf0,nfts_54942|1,0.16507936507936499,19,0,0,0.080000000000000002,True,True,False,False,False,75,75,"Complete block trial, 1 factor (Randomized)","dt/ha (=100 kg/ha), at 15% moisture",Unspecified leaf rank; registry percent coverage,nfts_54942,0.063461019929521828,0.065564134824353471,0.046075298006337563,0.1111111111111111,False,False,False,False
nfts_54942,54942,090841717-003,2017,56.551657177480003,10.3256746320957,4,10,Torp,True,1,10,78.900000000000006,93.900000000000006,7.8899999999999997,9.3900000000000006,76.799999999999997,81.099999999999994,91.799999999999997,96.099999999999994,Specified trial fungicide schedule; every treated comparator retained; complete protection not assumed.,Randomized within-trial fungicide treatment vs untreated code1; comparators share one control.,True,nfts_denmark2017_090841717_003.html,https://nfts.dlbr.dk/Forms/Dokumentation.aspx?KardexID=54942&applLangID=en,1.5,0.15974440894568681,Observed fungicide-associated yield difference; STB-only or disease-free counterfactual not identified.,1,2017-06-27,0,0,0,0.080000000000000002,26,0,0,0,0,7,0,True,True,True,True,True,True,True,True,True,True,True,True,False,True,True,True,False,3,1,1,0,False,False,2017-06-27,nfts_54942|1|10|leaf0,nfts_54942|1,0.15974440894568681,19,0,0,0.080000000000000002,True,True,False,False,False,75,75,"Complete block trial, 1 factor (Randomized)","dt/ha (=100 kg/ha), at 15% moisture",Unspecified leaf rank; registry percent coverage,nfts_54942,0.063461019929521828,0.065564134824353471,0.046075298006337563,0.1111111111111111,False,False,False,False
nfts_57698,57698,090831818-001,2018,55.068453871397502,14.8067790581362,4,2,Sheriff,True,1,2,52.799999999999997,55.100000000000001,5.2800000000000002,5.5100000000000007,50.299999999999997,55.399999999999999,52.5,57.700000000000003,Specified trial fungicide schedule; every treated comparator retained; complete protection not assumed.,Randomized within-trial fungicide treatment vs untreated code1; comparators share one control.,True,nfts_denmark2018_090831818_001.html,https://nfts.dlbr.dk/Forms/Dokumentation.aspx?KardexID=57698&applLangID=en,0.2300000000000004,0.041742286751361102,Observed fungicide-associated yield difference; STB-only or disease-free counterfactual not identified.,1,2018-07-03,0,0,0,0,0,0,0,0,0,0,0,True,True,True,True,True,True,True,True,True,True,True,False,False,False,True,False,False,4,3,3,41,False,True,"2018-05-23, 2018-06-04, 2018-07-03",nfts_57698|1|2|leaf0,nfts_57698|1,0.041742286751361199,0,0,0,0,True,True,True,True,False,80,80,"Alpha-design, 1 factor","dt/ha (=100 kg/ha), at 15% moisture",Unspecified leaf rank; registry percent coverage,nfts_57698,0,0,0.067957683562957935,0.066666666666666666,False,False,False,False
nfts_57698,57698,090831818-001,2018,55.068453871397502,14.8067790581362,4,3,Sheriff,True,1,3,52.799999999999997,52.100000000000001,5.2800000000000002,5.2100000000000009,50.299999999999997,55.399999999999999,49.5,54.700000000000003,Specified trial fungicide schedule; every treated comparator retained; complete protection not assumed.,Randomized within-trial fungicide treatment vs untreated code1; comparators share one control.,True,nfts_denmark2018_090831818_001.html,https://nfts.dlbr.dk/Forms/Dokumentation.aspx?KardexID=57698&applLangID=en,-0.069999999999999299,-0.0134357005758156,Observed fungicide-associated yield difference; STB-only or disease-free counterfactual not identified.,1,2018-07-03,0,0,0,0,0,0,0,0,0,0,0,True,True,True,True,True,True,True,True,True,True,True,False,False,False,True,False,False,4,1,1,0,False,True,2018-07-03,nfts_57698|1|3|leaf0,nfts_57698|1,-0.0134357005758156,0,0,0,0,True,True,True,True,False,80,80,"Alpha-design, 1 factor","dt/ha (=100 kg/ha), at 15% moisture",Unspecified leaf rank; registry percent coverage,nfts_57698,0,0,0.067957683562957935,0.066666666666666666,True,False,False,False
nfts_57698,57698,090831818-001,2018,55.068453871397502,14.8067790581362,4,4,Sheriff,True,1,4,52.799999999999997,56,5.2800000000000002,5.6000000000000005,50.299999999999997,55.399999999999999,53.399999999999999,58.600000000000001,Specified trial fungicide schedule; every treated comparator retained; complete protection not assumed.,Randomized within-trial fungicide treatment vs untreated code1; comparators share one control.,True,nfts_denmark2018_090831818_001.html,https://nfts.dlbr.dk/Forms/Dokumentation.aspx?KardexID=57698&applLangID=en,0.32000000000000017,0.057142857142857002,Observed fungicide-associated yield difference; STB-only or disease-free counterfactual not identified.,1,2018-07-03,0,0,0,0,0,0,0,0,0,0,0,True,True,True,True,True,True,True,True,True,True,True,False,False,False,True,False,False,4,2,2,29,False,True,"2018-06-04, 2018-07-03",nfts_57698|1|4|leaf0,nfts_57698|1,0.057142857142857099,0,0,0,0,True,True,True,True,False,80,80,"Alpha-design, 1 factor","dt/ha (=100 kg/ha), at 15% moisture",Unspecified leaf rank; registry percent coverage,nfts_57698,0,0,0.067957683562957935,0.066666666666666666,False,False,False,False
nfts_57698,57698,090831818-001,2018,55.068453871397502,14.8067790581362,4,5,Sheriff,True,1,5,52.799999999999997,54.5,5.2800000000000002,5.4500000000000002,50.299999999999997,55.399999999999999,51.899999999999999,57.100000000000001,Specified trial fungicide schedule; every treated comparator retained; complete protection not assumed.,Randomized within-trial fungicide treatment vs untreated code1; comparators share one control.,True,nfts_denmark2018_090831818_001.html,https://nfts.dlbr.dk/Forms/Dokumentation.aspx?KardexID=57698&applLangID=en,0.1699999999999999,0.0311926605504587,Observed fungicide-associated yield difference; STB-only or disease-free counterfactual not identified.,1,2018-07-03,0,0,0,0,0,0,0,0,0,0,0,True,True,True,True,True,True,True,True,True,True,True,False,False,False,True,False,False,4,2,2,29,False,True,"2018-06-04, 2018-07-03",nfts_57698|1|5|leaf0,nfts_57698|1,0.0311926605504587,0,0,0,0,True,True,True,True,False,80,80,"Alpha-design, 1 factor","dt/ha (=100 kg/ha), at 15% moisture",Unspecified leaf rank; registry percent coverage,nfts_57698,0,0,0.067957683562957935,0.066666666666666666,False,False,False,False
nfts_57698,57698,090831818-001,2018,55.068453871397502,14.8067790581362,4,6,Sheriff,True,1,6,52.799999999999997,53.899999999999999,5.2800000000000002,5.3900000000000006,50.299999999999997,55.399999999999999,51.299999999999997,56.5,Specified trial fungicide schedule; every treated comparator retained; complete protection not assumed.,Randomized within-trial fungicide treatment vs untreated code1; comparators share one control.,True,nfts_denmark2018_090831818_001.html,https://nfts.dlbr.dk/Forms/Dokumentation.aspx?KardexID=57698&applLangID=en,0.11000000000000031,0.0204081632653061,Observed fungicide-associated yield difference; STB-only or disease-free counterfactual not identified.,1,2018-07-03,0,0,0,0,0,0,0,0,0,0,0,True,True,True,True,True,True,True,True,True,True,True,False,False,False,True,False,False,4,1,1,0,False,True,2018-07-03,nfts_57698|1|6|leaf0,nfts_57698|1,0.0204081632653061,0,0,0,0,True,True,True,True,False,80,80,"Alpha-design, 1 factor","dt/ha (=100 kg/ha), at 15% moisture",Unspecified leaf rank; registry percent coverage,nfts_57698,0,0,0.067957683562957935,0.066666666666666666,False,False,False,False
nfts_57698,57698,090831818-001,2018,55.068453871397502,14.8067790581362,4,7,Sheriff,True,1,7,52.799999999999997,54.600000000000001,5.2800000000000002,5.4600000000000009,50.299999999999997,55.399999999999999,52,57.200000000000003,Specified trial fungicide schedule; every treated comparator retained; complete protection not assumed.,Randomized within-trial fungicide treatment vs untreated code1; comparators share one control.,True,nfts_denmark2018_090831818_001.html,https://nfts.dlbr.dk/Forms/Dokumentation.aspx?KardexID=57698&applLangID=en,0.1800000000000006,0.032967032967033003,Observed fungicide-associated yield difference; STB-only or disease-free counterfactual not identified.,1,2018-07-03,0,0,0,0,0,0,0,0,0,0,0,True,True,True,True,True,True,True,True,True,True,True,False,False,False,True,False,False,4,3,3,41,False,True,"2018-05-23, 2018-06-04, 2018-07-03",nfts_57698|1|7|leaf0,nfts_57698|1,0.032967032967033003,0,0,0,0,True,True,True,True,False,80,80,"Alpha-design, 1 factor","dt/ha (=100 kg/ha), at 15% moisture",Unspecified leaf rank; registry percent coverage,nfts_57698,0,0,0.067957683562957935,0.066666666666666666,False,False,False,False
nfts_57698,57698,090831818-001,2018,55.068453871397502,14.8067790581362,4,8,Sheriff,True,1,8,52.799999999999997,53.200000000000003,5.2800000000000002,5.3200000000000003,50.299999999999997,55.399999999999999,50.600000000000001,55.700000000000003,Specified trial fungicide schedule; every treated comparator retained; complete protection not assumed.,Randomized within-trial fungicide treatment vs untreated code1; comparators share one control.,True,nfts_denmark2018_090831818_001.html,https://nfts.dlbr.dk/Forms/Dokumentation.aspx?KardexID=57698&applLangID=en,0.040000000000000001,0.0075187969924812,Observed fungicide-associated yield difference; STB-only or disease-free counterfactual not identified.,1,2018-07-03,0,0,0,0,0,0,0,0,0,0,0,True,True,True,True,True,True,True,True,True,True,True,False,False,False,True,False,False,4,2,2,29,False,True,"2018-06-04, 2018-07-03",nfts_57698|1|8|leaf0,nfts_57698|1,0.0075187969924812,0,0,0,0,True,True,True,True,False,80,80,"Alpha-design, 1 factor","dt/ha (=100 kg/ha), at 15% moisture",Unspecified leaf rank; registry percent coverage,nfts_57698,0,0,0.067957683562957935,0.066666666666666666,False,False,False,False
nfts_57698,57698,090831818-001,2018,55.068453871397502,14.8067790581362,4,9,Sheriff,True,1,9,52.799999999999997,54.799999999999997,5.2800000000000002,5.4800000000000004,50.299999999999997,55.399999999999999,52.200000000000003,57.399999999999999,Specified trial fungicide schedule; every treated comparator retained; complete protection not assumed.,Randomized within-trial fungicide treatment vs untreated code1; comparators share one control.,True,nfts_denmark2018_090831818_001.html,https://nfts.dlbr.dk/Forms/Dokumentation.aspx?KardexID=57698&applLangID=en,0.20000000000000001,0.036496350364963299,Observed fungicide-associated yield difference; STB-only or disease-free counterfactual not identified.,1,2018-07-03,0,0,0,0,0,0,0,0,0,0,0,True,True,True,True,True,True,True,True,True,True,True,False,False,False,True,False,False,4,2,2,29,False,True,"2018-06-04, 2018-07-03",nfts_57698|1|9|leaf0,nfts_57698|1,0.036496350364963397,0,0,0,0,True,True,True,True,False,80,80,"Alpha-design, 1 factor","dt/ha (=100 kg/ha), at 15% moisture",Unspecified leaf rank; registry percent coverage,nfts_57698,0,0,0.067957683562957935,0.066666666666666666,False,False,False,False
nfts_57698,57698,090831818-001,2018,55.068453871397502,14.8067790581362,4,10,Sheriff,True,1,10,52.799999999999997,57.100000000000001,5.2800000000000002,5.7100000000000009,50.299999999999997,55.399999999999999,54.5,59.700000000000003,Specified trial fungicide schedule; every treated comparator retained; complete protection not assumed.,Randomized within-trial fungicide treatment vs untreated code1; comparators share one control.,True,nfts_denmark2018_090831818_001.html,https://nfts.dlbr.dk/Forms/Dokumentation.aspx?KardexID=57698&applLangID=en,0.4300000000000006,0.075306479859894901,Observed fungicide-associated yield difference; STB-only or disease-free counterfactual not identified.,1,2018-07-03,0,0,0,0,0,0,0,0,0,0,0,True,True,True,True,True,True,True,True,True,True,True,False,False,False,True,False,False,4,2,2,29,False,True,"2018-06-04, 2018-07-03",nfts_57698|1|10|leaf0,nfts_57698|1,0.075306479859894998,0,0,0,0,True,True,True,True,False,80,80,"Alpha-design, 1 factor","dt/ha (=100 kg/ha), at 15% moisture",Unspecified leaf rank; registry percent coverage,nfts_57698,0,0,0.067957683562957935,0.066666666666666666,False,False,False,False
nfts_57698,57698,090831818-001,2018,55.068453871397502,14.8067790581362,4,11,Sheriff,True,1,11,52.799999999999997,51.899999999999999,5.2800000000000002,5.1900000000000004,50.299999999999997,55.399999999999999,49.299999999999997,54.5,Specified trial fungicide schedule; every treated comparator retained; complete protection not assumed.,Randomized within-trial fungicide treatment vs untreated code1; comparators share one control.,True,nfts_denmark2018_090831818_001.html,https://nfts.dlbr.dk/Forms/Dokumentation.aspx?KardexID=57698&applLangID=en,-0.089999999999999802,-0.017341040462427602,Observed fungicide-associated yield difference; STB-only or disease-free counterfactual not identified.,1,2018-07-03,0,0,0,0,0,0,0,0,0,0,0,True,True,True,True,True,True,True,True,True,True,True,False,False,False,True,False,False,4,2,2,29,False,True,"2018-06-04, 2018-07-03",nfts_57698|1|11|leaf0,nfts_57698|1,-0.017341040462427602,0,0,0,0,True,True,True,True,False,80,80,"Alpha-design, 1 factor","dt/ha (=100 kg/ha), at 15% moisture",Unspecified leaf rank; registry percent coverage,nfts_57698,0,0,0.067957683562957935,0.066666666666666666,True,False,False,False
nfts_57698,57698,090831818-001,2018,55.068453871397502,14.8067790581362,4,12,Sheriff,True,1,12,52.799999999999997,57.100000000000001,5.2800000000000002,5.7100000000000009,50.299999999999997,55.399999999999999,54.5,59.700000000000003,Specified trial fungicide schedule; every treated comparator retained; complete protection not assumed.,Randomized within-trial fungicide treatment vs untreated code1; comparators share one control.,True,nfts_denmark2018_090831818_001.html,https://nfts.dlbr.dk/Forms/Dokumentation.aspx?KardexID=57698&applLangID=en,0.4300000000000006,0.075306479859894901,Observed fungicide-associated yield difference; STB-only or disease-free counterfactual not identified.,1,2018-07-03,0,0,0,0,0,0,0,0,0,0,0,True,True,True,True,True,True,True,True,True,True,True,False,False,False,True,False,False,4,2,2,29,False,True,"2018-06-04, 2018-07-03",nfts_57698|1|12|leaf0,nfts_57698|1,0.075306479859894998,0,0,0,0,True,True,True,True,False,80,80,"Alpha-design, 1 factor","dt/ha (=100 kg/ha), at 15% moisture",Unspecified leaf rank; registry percent coverage,nfts_57698,0,0,0.067957683562957935,0.066666666666666666,False,False,False,False
nfts_57698,57698,090831818-001,2018,55.068453871397502,14.8067790581362,4,13,Sheriff,True,1,13,52.799999999999997,53.799999999999997,5.2800000000000002,5.3799999999999999,50.299999999999997,55.399999999999999,51.200000000000003,56.399999999999999,Specified trial fungicide schedule; every treated comparator retained; complete protection not assumed.,Randomized within-trial fungicide treatment vs untreated code1; comparators share one control.,True,nfts_denmark2018_090831818_001.html,https://nfts.dlbr.dk/Forms/Dokumentation.aspx?KardexID=57698&applLangID=en,0.099999999999999603,0.018587360594795401,Observed fungicide-associated yield difference; STB-only or disease-free counterfactual not identified.,1,2018-07-03,0,0,0,0,0,0,0,0,0,0,0,True,True,True,True,True,True,True,True,True,True,True,False,False,False,True,False,False,4,2,2,29,False,True,"2018-06-04, 2018-07-03",nfts_57698|1|13|leaf0,nfts_57698|1,0.018587360594795401,0,0,0,0,True,True,True,True,False,80,80,"Alpha-design, 1 factor","dt/ha (=100 kg/ha), at 15% moisture",Unspecified leaf rank; registry percent coverage,nfts_57698,0,0,0.067957683562957935,0.066666666666666666,False,False,False,False
nfts_57698,57698,090831818-001,2018,55.068453871397502,14.8067790581362,4,14,Sheriff,True,1,14,52.799999999999997,55.5,5.2800000000000002,5.5500000000000007,50.299999999999997,55.399999999999999,52.899999999999999,58.100000000000001,Specified trial fungicide schedule; every treated comparator retained; complete protection not assumed.,Randomized within-trial fungicide treatment vs untreated code1; comparators share one control.,True,nfts_denmark2018_090831818_001.html,https://nfts.dlbr.dk/Forms/Dokumentation.aspx?KardexID=57698&applLangID=en,0.27000000000000041,0.0486486486486487,Observed fungicide-associated yield difference; STB-only or disease-free counterfactual not identified.,1,2018-07-03,0,0,0,0,0,0,0,0,0,0,0,True,True,True,True,True,True,True,True,True,True,True,False,False,False,True,False,False,4,2,2,29,False,True,"2018-06-04, 2018-07-03",nfts_57698|1|14|leaf0,nfts_57698|1,0.0486486486486487,0,0,0,0,True,True,True,True,False,80,80,"Alpha-design, 1 factor","dt/ha (=100 kg/ha), at 15% moisture",Unspecified leaf rank; registry percent coverage,nfts_57698,0,0,0.067957683562957935,0.066666666666666666,False,False,False,False
nfts_57698,57698,090831818-001,2018,55.068453871397502,14.8067790581362,4,15,Sheriff,True,1,15,52.799999999999997,52.899999999999999,5.2800000000000002,5.29,50.299999999999997,55.399999999999999,50.299999999999997,55.5,Specified trial fungicide schedule; every treated comparator retained; complete protection not assumed.,Randomized within-trial fungicide treatment vs untreated code1; comparators share one control.,True,nfts_denmark2018_090831818_001.html,https://nfts.dlbr.dk/Forms/Dokumentation.aspx?KardexID=57698&applLangID=en,0.0099999999999997001,0.0018903591682419001,Observed fungicide-associated yield difference; STB-only or disease-free counterfactual not identified.,1,2018-07-03,0,0,0,0,0,0,0,0,0,0,0,True,True,True,True,True,True,True,True,True,True,True,False,False,False,True,False,False,4,2,2,29,False,True,"2018-06-04, 2018-07-03",nfts_57698|1|15|leaf0,nfts_57698|1,0.0018903591682419001,0,0,0,0,True,True,True,True,False,80,80,"Alpha-design, 1 factor","dt/ha (=100 kg/ha), at 15% moisture",Unspecified leaf rank; registry percent coverage,nfts_57698,0,0,0.067957683562957935,0.066666666666666666,False,False,False,False
nfts_57698,57698,090831818-001,2018,55.068453871397502,14.8067790581362,4,16,Sheriff,True,1,16,52.799999999999997,57,5.2800000000000002,5.7000000000000002,50.299999999999997,55.399999999999999,54.399999999999999,59.600000000000001,Specified trial fungicide schedule; every treated comparator retained; complete protection not assumed.,Randomized within-trial fungicide treatment vs untreated code1; comparators share one control.,True,nfts_denmark2018_090831818_001.html,https://nfts.dlbr.dk/Forms/Dokumentation.aspx?KardexID=57698&applLangID=en,0.41999999999999982,0.073684210526315699,Observed fungicide-associated yield difference; STB-only or disease-free counterfactual not identified.,1,2018-07-03,0,0,0,0,0,0,0,0,0,0,0,True,True,True,True,True,True,True,True,True,True,True,False,False,False,True,False,False,4,1,1,0,False,True,2018-07-03,nfts_57698|1|16|leaf0,nfts_57698|1,0.073684210526315699,0,0,0,0,True,True,True,True,False,80,80,"Alpha-design, 1 factor","dt/ha (=100 kg/ha), at 15% moisture",Unspecified leaf rank; registry percent coverage,nfts_57698,0,0,0.067957683562957935,0.066666666666666666,False,False,False,False
nfts_62693,62693,090862020-001,2020,56.648520375526303,9.0096869814294607,4,2,Informer,True,1,2,86.799999999999997,97.299999999999997,8.6799999999999997,9.7300000000000004,83.400000000000006,90.200000000000003,93.900000000000006,100.7,Specified trial fungicide schedule; every treated comparator retained; complete protection not assumed.,Randomized within-trial fungicide treatment vs untreated code1; comparators share one control.,True,nfts_denmark2020_090862020_001.html,https://nfts.dlbr.dk/Forms/Dokumentation.aspx?KardexID=62693&applLangID=en,1.0500000000000007,0.1079136690647482,Observed fungicide-associated yield difference; STB-only or disease-free counterfactual not identified.,1,2020-07-08,0,0,0,0,30,0,0,0,0,25,0,True,True,True,True,True,True,True,True,True,True,True,True,True,True,True,True,True,4,3,3,40,True,True,"2020-05-29, 2020-06-15, 2020-07-08",nfts_62693|1|2|leaf0,nfts_62693|1,0.1079136690647482,5,0,0,0,True,True,True,True,False,75,75,"Alpha-design, 1 factor","dt/ha (=100 kg/ha), at 15% moisture",Unspecified leaf rank; registry percent coverage,nfts_62693,0.027450786888137454,0.027834600027637359,0.060419728618732065,0.066666666666666666,False,False,False,False
nfts_62693,62693,090862020-001,2020,56.648520375526303,9.0096869814294607,4,3,Informer,True,1,3,86.799999999999997,99.299999999999997,8.6799999999999997,9.9299999999999997,83.400000000000006,90.200000000000003,95.900000000000006,102.7,Specified trial fungicide schedule; every treated comparator retained; complete protection not assumed.,Randomized within-trial fungicide treatment vs untreated code1; comparators share one control.,True,nfts_denmark2020_090862020_001.html,https://nfts.dlbr.dk/Forms/Dokumentation.aspx?KardexID=62693&applLangID=en,1.25,0.12588116817724071,Observed fungicide-associated yield difference; STB-only or disease-free counterfactual not identified.,1,2020-07-08,0,0,0,0,30,0,0,0,0,25,0,True,True,True,True,True,True,True,True,True,True,True,True,True,True,True,True,True,4,2,2,23,True,True,"2020-06-15, 2020-07-08",nfts_62693|1|3|leaf0,nfts_62693|1,0.12588116817724071,5,0,0,0,True,True,True,True,False,75,75,"Alpha-design, 1 factor","dt/ha (=100 kg/ha), at 15% moisture",Unspecified leaf rank; registry percent coverage,nfts_62693,0.027450786888137454,0.027834600027637359,0.060419728618732065,0.066666666666666666,False,False,False,False
nfts_62693,62693,090862020-001,2020,56.648520375526303,9.0096869814294607,4,4,Informer,True,1,4,86.799999999999997,94.099999999999994,8.6799999999999997,9.4100000000000001,83.400000000000006,90.200000000000003,90.599999999999994,97.5,Specified trial fungicide schedule; every treated comparator retained; complete protection not assumed.,Randomized within-trial fungicide treatment vs untreated code1; comparators share one control.,True,nfts_denmark2020_090862020_001.html,https://nfts.dlbr.dk/Forms/Dokumentation.aspx?KardexID=62693&applLangID=en,0.73000000000000043,0.077577045696067798,Observed fungicide-associated yield difference; STB-only or disease-free counterfactual not identified.,1,2020-07-08,0,0,0,0,30,0,0,0,0,25,0,True,True,True,True,True,True,True,True,True,True,True,True,True,True,True,True,True,4,1,1,0,True,True,2020-07-08,nfts_62693|1|4|leaf0,nfts_62693|1,0.077577045696067895,5,0,0,0,True,True,True,True,False,75,75,"Alpha-design, 1 factor","dt/ha (=100 kg/ha), at 15% moisture",Unspecified leaf rank; registry percent coverage,nfts_62693,0.027450786888137454,0.027834600027637359,0.060419728618732065,0.066666666666666666,False,False,False,False
nfts_62693,62693,090862020-001,2020,56.648520375526303,9.0096869814294607,4,5,Informer,True,1,5,86.799999999999997,94.900000000000006,8.6799999999999997,9.4900000000000002,83.400000000000006,90.200000000000003,91.400000000000006,98.299999999999997,Specified trial fungicide schedule; every treated comparator retained; complete protection not assumed.,Randomized within-trial fungicide treatment vs untreated code1; comparators share one control.,True,nfts_denmark2020_090862020_001.html,https://nfts.dlbr.dk/Forms/Dokumentation.aspx?KardexID=62693&applLangID=en,0.8100000000000005,0.085353003161222296,Observed fungicide-associated yield difference; STB-only or disease-free counterfactual not identified.,1,2020-07-08,0,0,0,0,30,0,0,0,0,25,0,True,True,True,True,True,True,True,True,True,True,True,True,True,True,True,True,True,4,2,2,23,True,True,"2020-06-15, 2020-07-08",nfts_62693|1|5|leaf0,nfts_62693|1,0.085353003161222393,5,0,0,0,True,True,True,True,False,75,75,"Alpha-design, 1 factor","dt/ha (=100 kg/ha), at 15% moisture",Unspecified leaf rank; registry percent coverage,nfts_62693,0.027450786888137454,0.027834600027637359,0.060419728618732065,0.066666666666666666,False,False,False,False
nfts_62693,62693,090862020-001,2020,56.648520375526303,9.0096869814294607,4,6,Informer,True,1,6,86.799999999999997,96.299999999999997,8.6799999999999997,9.6300000000000008,83.400000000000006,90.200000000000003,92.900000000000006,99.700000000000003,Specified trial fungicide schedule; every treated comparator retained; complete protection not assumed.,Randomized within-trial fungicide treatment vs untreated code1; comparators share one control.,True,nfts_denmark2020_090862020_001.html,https://nfts.dlbr.dk/Forms/Dokumentation.aspx?KardexID=62693&applLangID=en,0.95000000000000118,0.098650051921080006,Observed fungicide-associated yield difference; STB-only or disease-free counterfactual not identified.,1,2020-07-08,0,0,0,0,30,0,0,0,0,25,0,True,True,True,True,True,True,True,True,True,True,True,True,True,True,True,True,True,4,2,2,23,True,True,"2020-06-15, 2020-07-08",nfts_62693|1|6|leaf0,nfts_62693|1,0.098650051921080006,5,0,0,0,True,True,True,True,False,75,75,"Alpha-design, 1 factor","dt/ha (=100 kg/ha), at 15% moisture",Unspecified leaf rank; registry percent coverage,nfts_62693,0.027450786888137454,0.027834600027637359,0.060419728618732065,0.066666666666666666,False,False,False,False
nfts_62693,62693,090862020-001,2020,56.648520375526303,9.0096869814294607,4,7,Informer,True,1,7,86.799999999999997,92.799999999999997,8.6799999999999997,9.2799999999999994,83.400000000000006,90.200000000000003,89.400000000000006,96.200000000000003,Specified trial fungicide schedule; every treated comparator retained; complete protection not assumed.,Randomized within-trial fungicide treatment vs untreated code1; comparators share one control.,True,nfts_denmark2020_090862020_001.html,https://nfts.dlbr.dk/Forms/Dokumentation.aspx?KardexID=62693&applLangID=en,0.59999999999999964,0.064655172413792997,Observed fungicide-associated yield difference; STB-only or disease-free counterfactual not identified.,1,2020-07-08,0,0,0,0,30,0,0,0,0,25,0,True,True,True,True,True,True,True,True,True,True,True,True,True,True,True,True,True,4,2,2,23,True,True,"2020-06-15, 2020-07-08",nfts_62693|1|7|leaf0,nfts_62693|1,0.064655172413793094,5,0,0,0,True,True,True,True,False,75,75,"Alpha-design, 1 factor","dt/ha (=100 kg/ha), at 15% moisture",Unspecified leaf rank; registry percent coverage,nfts_62693,0.027450786888137454,0.027834600027637359,0.060419728618732065,0.066666666666666666,False,False,False,False
nfts_62693,62693,090862020-001,2020,56.648520375526303,9.0096869814294607,4,8,Informer,True,1,8,86.799999999999997,94.299999999999997,8.6799999999999997,9.4299999999999997,83.400000000000006,90.200000000000003,90.900000000000006,97.700000000000003,Specified trial fungicide schedule; every treated comparator retained; complete protection not assumed.,Randomized within-trial fungicide treatment vs untreated code1; comparators share one control.,True,nfts_denmark2020_090862020_001.html,https://nfts.dlbr.dk/Forms/Dokumentation.aspx?KardexID=62693&applLangID=en,0.75,0.079533404029692403,Observed fungicide-associated yield difference; STB-only or disease-free counterfactual not identified.,1,2020-07-08,0,0,0,0,30,0,0,0,0,25,0,True,True,True,True,True,True,True,True,True,True,True,True,True,True,True,True,True,4,2,2,23,True,True,"2020-06-15, 2020-07-08",nfts_62693|1|8|leaf0,nfts_62693|1,0.079533404029692403,5,0,0,0,True,True,True,True,False,75,75,"Alpha-design, 1 factor","dt/ha (=100 kg/ha), at 15% moisture",Unspecified leaf rank; registry percent coverage,nfts_62693,0.027450786888137454,0.027834600027637359,0.060419728618732065,0.066666666666666666,False,False,False,False
nfts_62693,62693,090862020-001,2020,56.648520375526303,9.0096869814294607,4,9,Informer,True,1,9,86.799999999999997,94.200000000000003,8.6799999999999997,9.4200000000000017,83.400000000000006,90.200000000000003,90.799999999999997,97.599999999999994,Specified trial fungicide schedule; every treated comparator retained; complete protection not assumed.,Randomized within-trial fungicide treatment vs untreated code1; comparators share one control.,True,nfts_denmark2020_090862020_001.html,https://nfts.dlbr.dk/Forms/Dokumentation.aspx?KardexID=62693&applLangID=en,0.74000000000000021,0.078556263269639104,Observed fungicide-associated yield difference; STB-only or disease-free counterfactual not identified.,1,2020-07-08,0,0,0,0,30,0,0,0,0,25,0,True,True,True,True,True,True,True,True,True,True,True,True,True,True,True,True,True,4,2,2,23,True,True,"2020-06-15, 2020-07-08",nfts_62693|1|9|leaf0,nfts_62693|1,0.078556263269639104,5,0,0,0,True,True,True,True,False,75,75,"Alpha-design, 1 factor","dt/ha (=100 kg/ha), at 15% moisture",Unspecified leaf rank; registry percent coverage,nfts_62693,0.027450786888137454,0.027834600027637359,0.060419728618732065,0.066666666666666666,False,False,False,False
nfts_62693,62693,090862020-001,2020,56.648520375526303,9.0096869814294607,4,10,Informer,True,1,10,86.799999999999997,94.700000000000003,8.6799999999999997,9.4700000000000006,83.400000000000006,90.200000000000003,91.299999999999997,98.099999999999994,Specified trial fungicide schedule; every treated comparator retained; complete protection not assumed.,Randomized within-trial fungicide treatment vs untreated code1; comparators share one control.,True,nfts_denmark2020_090862020_001.html,https://nfts.dlbr.dk/Forms/Dokumentation.aspx?KardexID=62693&applLangID=en,0.79000000000000092,0.083421330517423398,Observed fungicide-associated yield difference; STB-only or disease-free counterfactual not identified.,1,2020-07-08,0,0,0,0,30,0,0,0,0,25,0,True,True,True,True,True,True,True,True,True,True,True,True,True,True,True,True,True,4,2,2,23,True,True,"2020-06-15, 2020-07-08",nfts_62693|1|10|leaf0,nfts_62693|1,0.083421330517423495,5,0,0,0,True,True,True,True,False,75,75,"Alpha-design, 1 factor","dt/ha (=100 kg/ha), at 15% moisture",Unspecified leaf rank; registry percent coverage,nfts_62693,0.027450786888137454,0.027834600027637359,0.060419728618732065,0.066666666666666666,False,False,False,False
nfts_62693,62693,090862020-001,2020,56.648520375526303,9.0096869814294607,4,11,Informer,True,1,11,86.799999999999997,96.700000000000003,8.6799999999999997,9.6699999999999999,83.400000000000006,90.200000000000003,93.299999999999997,100.2,Specified trial fungicide schedule; every treated comparator retained; complete protection not assumed.,Randomized within-trial fungicide treatment vs untreated code1; comparators share one control.,True,nfts_denmark2020_090862020_001.html,https://nfts.dlbr.dk/Forms/Dokumentation.aspx?KardexID=62693&applLangID=en,0.99000000000000199,0.1023784901758014,Observed fungicide-associated yield difference; STB-only or disease-free counterfactual not identified.,1,2020-07-08,0,0,0,0,30,0,0,0,0,25,0,True,True,True,True,True,True,True,True,True,True,True,True,True,True,True,True,True,4,2,2,23,True,True,"2020-06-15, 2020-07-08",nfts_62693|1|11|leaf0,nfts_62693|1,0.1023784901758014,5,0,0,0,True,True,True,True,False,75,75,"Alpha-design, 1 factor","dt/ha (=100 kg/ha), at 15% moisture",Unspecified leaf rank; registry percent coverage,nfts_62693,0.027450786888137454,0.027834600027637359,0.060419728618732065,0.066666666666666666,False,False,False,False
nfts_62693,62693,090862020-001,2020,56.648520375526303,9.0096869814294607,4,12,Informer,True,1,12,86.799999999999997,93.799999999999997,8.6799999999999997,9.3800000000000008,83.400000000000006,90.200000000000003,90.400000000000006,97.200000000000003,Specified trial fungicide schedule; every treated comparator retained; complete protection not assumed.,Randomized within-trial fungicide treatment vs untreated code1; comparators share one control.,True,nfts_denmark2020_090862020_001.html,https://nfts.dlbr.dk/Forms/Dokumentation.aspx?KardexID=62693&applLangID=en,0.70000000000000095,0.074626865671641701,Observed fungicide-associated yield difference; STB-only or disease-free counterfactual not identified.,1,2020-07-08,0,0,0,0,30,0,0,0,0,25,0,True,True,True,True,True,True,True,True,True,True,True,True,True,True,True,True,True,4,2,2,23,True,True,"2020-06-15, 2020-07-08",nfts_62693|1|12|leaf0,nfts_62693|1,0.074626865671641701,5,0,0,0,True,True,True,True,False,75,75,"Alpha-design, 1 factor","dt/ha (=100 kg/ha), at 15% moisture",Unspecified leaf rank; registry percent coverage,nfts_62693,0.027450786888137454,0.027834600027637359,0.060419728618732065,0.066666666666666666,False,False,False,False
nfts_62693,62693,090862020-001,2020,56.648520375526303,9.0096869814294607,4,13,Informer,True,1,13,86.799999999999997,93.400000000000006,8.6799999999999997,9.3399999999999999,83.400000000000006,90.200000000000003,90,96.799999999999997,Specified trial fungicide schedule; every treated comparator retained; complete protection not assumed.,Randomized within-trial fungicide treatment vs untreated code1; comparators share one control.,True,nfts_denmark2020_090862020_001.html,https://nfts.dlbr.dk/Forms/Dokumentation.aspx?KardexID=62693&applLangID=en,0.66000000000000192,0.070663811563169102,Observed fungicide-associated yield difference; STB-only or disease-free counterfactual not identified.,1,2020-07-08,0,0,0,0,30,0,0,0,0,25,0,True,True,True,True,True,True,True,True,True,True,True,True,True,True,True,True,True,4,2,2,23,True,True,"2020-06-15, 2020-07-08",nfts_62693|1|13|leaf0,nfts_62693|1,0.070663811563169199,5,0,0,0,True,True,True,True,False,75,75,"Alpha-design, 1 factor","dt/ha (=100 kg/ha), at 15% moisture",Unspecified leaf rank; registry percent coverage,nfts_62693,0.027450786888137454,0.027834600027637359,0.060419728618732065,0.066666666666666666,False,False,False,False
nfts_62693,62693,090862020-001,2020,56.648520375526303,9.0096869814294607,4,14,Informer,True,1,14,86.799999999999997,95.200000000000003,8.6799999999999997,9.5199999999999996,83.400000000000006,90.200000000000003,91.799999999999997,98.599999999999994,Specified trial fungicide schedule; every treated comparator retained; complete protection not assumed.,Randomized within-trial fungicide treatment vs untreated code1; comparators share one control.,True,nfts_denmark2020_090862020_001.html,https://nfts.dlbr.dk/Forms/Dokumentation.aspx?KardexID=62693&applLangID=en,0.83999999999999975,0.088235294117646898,Observed fungicide-associated yield difference; STB-only or disease-free counterfactual not identified.,1,2020-07-08,0,0,0,0,30,0,0,0,0,25,0,True,True,True,True,True,True,True,True,True,True,True,True,True,True,True,True,True,4,1,1,0,True,True,2020-07-08,nfts_62693|1|14|leaf0,nfts_62693|1,0.088235294117646995,5,0,0,0,True,True,True,True,False,75,75,"Alpha-design, 1 factor","dt/ha (=100 kg/ha), at 15% moisture",Unspecified leaf rank; registry percent coverage,nfts_62693,0.027450786888137454,0.027834600027637359,0.060419728618732065,0.066666666666666666,False,False,False,False
nfts_62693,62693,090862020-001,2020,56.648520375526303,9.0096869814294607,4,15,Informer,True,1,15,86.799999999999997,92.700000000000003,8.6799999999999997,9.2699999999999996,83.400000000000006,90.200000000000003,89.299999999999997,96.200000000000003,Specified trial fungicide schedule; every treated comparator retained; complete protection not assumed.,Randomized within-trial fungicide treatment vs untreated code1; comparators share one control.,True,nfts_denmark2020_090862020_001.html,https://nfts.dlbr.dk/Forms/Dokumentation.aspx?KardexID=62693&applLangID=en,0.58999999999999975,0.063646170442287001,Observed fungicide-associated yield difference; STB-only or disease-free counterfactual not identified.,1,2020-07-08,0,0,0,0,30,0,0,0,0,25,0,True,True,True,True,True,True,True,True,True,True,True,True,True,True,True,True,True,4,1,1,0,True,True,2020-07-08,nfts_62693|1|15|leaf0,nfts_62693|1,0.063646170442287001,5,0,0,0,True,True,True,True,False,75,75,"Alpha-design, 1 factor","dt/ha (=100 kg/ha), at 15% moisture",Unspecified leaf rank; registry percent coverage,nfts_62693,0.027450786888137454,0.027834600027637359,0.060419728618732065,0.066666666666666666,False,False,False,False
nfts_62693,62693,090862020-001,2020,56.648520375526303,9.0096869814294607,4,16,Informer,True,1,16,86.799999999999997,94.400000000000006,8.6799999999999997,9.4399999999999995,83.400000000000006,90.200000000000003,91,97.900000000000006,Specified trial fungicide schedule; every treated comparator retained; complete protection not assumed.,Randomized within-trial fungicide treatment vs untreated code1; comparators share one control.,True,nfts_denmark2020_090862020_001.html,https://nfts.dlbr.dk/Forms/Dokumentation.aspx?KardexID=62693&applLangID=en,0.75999999999999968,0.080508474576271305,Observed fungicide-associated yield difference; STB-only or disease-free counterfactual not identified.,1,2020-07-08,0,0,0,0,30,0,0,0,0,25,0,True,True,True,True,True,True,True,True,True,True,True,True,True,True,True,True,True,4,2,2,23,True,True,"2020-06-15, 2020-07-08",nfts_62693|1|16|leaf0,nfts_62693|1,0.080508474576271305,5,0,0,0,True,True,True,True,False,75,75,"Alpha-design, 1 factor","dt/ha (=100 kg/ha), at 15% moisture",Unspecified leaf rank; registry percent coverage,nfts_62693,0.027450786888137454,0.027834600027637359,0.060419728618732065,0.066666666666666666,False,False,False,False
nfts_62768,62768,090812020-003,2020,56.5951967642456,8.9695306228643208,4,2,Informer,True,1,2,93.200000000000003,95.5,9.3200000000000003,9.5500000000000007,89.400000000000006,96.900000000000006,91.900000000000006,99.200000000000003,Specified trial fungicide schedule; every treated comparator retained; complete protection not assumed.,Randomized within-trial fungicide treatment vs untreated code1; comparators share one control.,True,nfts_denmark2020_090812020_003.html,https://nfts.dlbr.dk/Forms/Dokumentation.aspx?KardexID=62768&applLangID=en,0.2300000000000004,0.024083769633507598,Observed fungicide-associated yield difference; STB-only or disease-free counterfactual not identified.,1,2020-07-08,0,0,0,0,30,0,0,0,0,25,0,True,True,True,True,True,True,True,True,True,True,True,True,True,True,True,True,True,4,3,3,36,True,True,"2020-06-02, 2020-06-16, 2020-07-08",nfts_62768|1|2|leaf0,nfts_62768|1,0.024083769633507699,5,0,0,0,True,True,True,True,False,75,75,"Alpha-design, 1 factor","dt/ha (=100 kg/ha), at 15% moisture",Unspecified leaf rank; registry percent coverage,nfts_62768,0.029154126806063871,0.029587553265096905,0.071251518713184941,0.071428571428571425,False,False,False,False
nfts_62768,62768,090812020-003,2020,56.5951967642456,8.9695306228643208,4,3,Informer,True,1,3,93.200000000000003,95.400000000000006,9.3200000000000003,9.5399999999999991,89.400000000000006,96.900000000000006,91.700000000000003,99.099999999999994,Specified trial fungicide schedule; every treated comparator retained; complete protection not assumed.,Randomized within-trial fungicide treatment vs untreated code1; comparators share one control.,True,nfts_denmark2020_090812020_003.html,https://nfts.dlbr.dk/Forms/Dokumentation.aspx?KardexID=62768&applLangID=en,0.21999999999999881,0.023060796645702202,Observed fungicide-associated yield difference; STB-only or disease-free counterfactual not identified.,1,2020-07-08,0,0,0,0,30,0,0,0,0,25,0,True,True,True,True,True,True,True,True,True,True,True,True,True,True,True,True,True,4,2,2,22,True,True,"2020-06-16, 2020-07-08",nfts_62768|1|3|leaf0,nfts_62768|1,0.023060796645702299,5,0,0,0,True,True,True,True,False,75,75,"Alpha-design, 1 factor","dt/ha (=100 kg/ha), at 15% moisture",Unspecified leaf rank; registry percent coverage,nfts_62768,0.029154126806063871,0.029587553265096905,0.071251518713184941,0.071428571428571425,False,False,False,False
nfts_62768,62768,090812020-003,2020,56.5951967642456,8.9695306228643208,4,4,Informer,True,1,4,93.200000000000003,92.200000000000003,9.3200000000000003,9.2200000000000006,89.400000000000006,96.900000000000006,88.5,95.900000000000006,Specified trial fungicide schedule; every treated comparator retained; complete protection not assumed.,Randomized within-trial fungicide treatment vs untreated code1; comparators share one control.,True,nfts_denmark2020_090812020_003.html,https://nfts.dlbr.dk/Forms/Dokumentation.aspx?KardexID=62768&applLangID=en,-0.099999999999999603,-0.010845986984815601,Observed fungicide-associated yield difference; STB-only or disease-free counterfactual not identified.,1,2020-07-08,0,0,0,0,30,0,0,0,0,25,0,True,True,True,True,True,True,True,True,True,True,True,True,True,True,True,True,True,4,1,1,0,True,True,2020-07-08,nfts_62768|1|4|leaf0,nfts_62768|1,-0.010845986984815601,5,0,0,0,True,True,True,True,False,75,75,"Alpha-design, 1 factor","dt/ha (=100 kg/ha), at 15% moisture",Unspecified leaf rank; registry percent coverage,nfts_62768,0.029154126806063871,0.029587553265096905,0.071251518713184941,0.071428571428571425,True,False,False,False
nfts_62768,62768,090812020-003,2020,56.5951967642456,8.9695306228643208,4,5,Informer,True,1,5,93.200000000000003,94.099999999999994,9.3200000000000003,9.4100000000000001,89.400000000000006,96.900000000000006,90.400000000000006,97.799999999999997,Specified trial fungicide schedule; every treated comparator retained; complete protection not assumed.,Randomized within-trial fungicide treatment vs untreated code1; comparators share one control.,True,nfts_denmark2020_090812020_003.html,https://nfts.dlbr.dk/Forms/Dokumentation.aspx?KardexID=62768&applLangID=en,0.089999999999999802,0.0095642933049946005,Observed fungicide-associated yield difference; STB-only or disease-free counterfactual not identified.,1,2020-07-08,0,0,0,0,30,0,0,0,0,25,0,True,True,True,True,True,True,True,True,True,True,True,True,True,True,True,True,True,4,2,2,22,True,True,"2020-06-16, 2020-07-08",nfts_62768|1|5|leaf0,nfts_62768|1,0.0095642933049946005,5,0,0,0,True,True,True,True,False,75,75,"Alpha-design, 1 factor","dt/ha (=100 kg/ha), at 15% moisture",Unspecified leaf rank; registry percent coverage,nfts_62768,0.029154126806063871,0.029587553265096905,0.071251518713184941,0.071428571428571425,False,False,False,False
nfts_62768,62768,090812020-003,2020,56.5951967642456,8.9695306228643208,4,6,Informer,True,1,6,93.200000000000003,95.099999999999994,9.3200000000000003,9.5099999999999998,89.400000000000006,96.900000000000006,91.400000000000006,98.799999999999997,Specified trial fungicide schedule; every treated comparator retained; complete protection not assumed.,Randomized within-trial fungicide treatment vs untreated code1; comparators share one control.,True,nfts_denmark2020_090812020_003.html,https://nfts.dlbr.dk/Forms/Dokumentation.aspx?KardexID=62768&applLangID=en,0.1899999999999995,0.019978969505783099,Observed fungicide-associated yield difference; STB-only or disease-free counterfactual not identified.,1,2020-07-08,0,0,0,0,30,0,0,0,0,25,0,True,True,True,True,True,True,True,True,True,True,True,True,True,True,True,True,True,4,2,2,22,True,True,"2020-06-16, 2020-07-08",nfts_62768|1|6|leaf0,nfts_62768|1,0.019978969505783199,5,0,0,0,True,True,True,True,False,75,75,"Alpha-design, 1 factor","dt/ha (=100 kg/ha), at 15% moisture",Unspecified leaf rank; registry percent coverage,nfts_62768,0.029154126806063871,0.029587553265096905,0.071251518713184941,0.071428571428571425,False,False,False,False
nfts_62768,62768,090812020-003,2020,56.5951967642456,8.9695306228643208,4,7,Informer,True,1,7,93.200000000000003,94.099999999999994,9.3200000000000003,9.4100000000000001,89.400000000000006,96.900000000000006,90.400000000000006,97.799999999999997,Specified trial fungicide schedule; every treated comparator retained; complete protection not assumed.,Randomized within-trial fungicide treatment vs untreated code1; comparators share one control.,True,nfts_denmark2020_090812020_003.html,https://nfts.dlbr.dk/Forms/Dokumentation.aspx?KardexID=62768&applLangID=en,0.089999999999999802,0.0095642933049946005,Observed fungicide-associated yield difference; STB-only or disease-free counterfactual not identified.,1,2020-07-08,0,0,0,0,30,0,0,0,0,25,0,True,True,True,True,True,True,True,True,True,True,True,True,True,True,True,True,True,4,3,3,36,True,True,"2020-06-02, 2020-06-16, 2020-07-08",nfts_62768|1|7|leaf0,nfts_62768|1,0.0095642933049946005,5,0,0,0,True,True,True,True,False,75,75,"Alpha-design, 1 factor","dt/ha (=100 kg/ha), at 15% moisture",Unspecified leaf rank; registry percent coverage,nfts_62768,0.029154126806063871,0.029587553265096905,0.071251518713184941,0.071428571428571425,False,False,False,False
nfts_62768,62768,090812020-003,2020,56.5951967642456,8.9695306228643208,4,8,Informer,True,1,8,93.200000000000003,92.400000000000006,9.3200000000000003,9.2400000000000002,89.400000000000006,96.900000000000006,88.700000000000003,96.099999999999994,Specified trial fungicide schedule; every treated comparator retained; complete protection not assumed.,Randomized within-trial fungicide treatment vs untreated code1; comparators share one control.,True,nfts_denmark2020_090812020_003.html,https://nfts.dlbr.dk/Forms/Dokumentation.aspx?KardexID=62768&applLangID=en,-0.080000000000000002,-0.0086580086580085001,Observed fungicide-associated yield difference; STB-only or disease-free counterfactual not identified.,1,2020-07-08,0,0,0,0,30,0,0,0,0,25,0,True,True,True,True,True,True,True,True,True,True,True,True,True,True,True,True,True,4,3,3,36,True,True,"2020-06-02, 2020-06-16, 2020-07-08",nfts_62768|1|8|leaf0,nfts_62768|1,-0.0086580086580085001,5,0,0,0,True,True,True,True,False,75,75,"Alpha-design, 1 factor","dt/ha (=100 kg/ha), at 15% moisture",Unspecified leaf rank; registry percent coverage,nfts_62768,0.029154126806063871,0.029587553265096905,0.071251518713184941,0.071428571428571425,True,False,False,False
nfts_62768,62768,090812020-003,2020,56.5951967642456,8.9695306228643208,4,9,Informer,True,1,9,93.200000000000003,92,9.3200000000000003,9.1999999999999993,89.400000000000006,96.900000000000006,88.299999999999997,95.700000000000003,Specified trial fungicide schedule; every treated comparator retained; complete protection not assumed.,Randomized within-trial fungicide treatment vs untreated code1; comparators share one control.,True,nfts_denmark2020_090812020_003.html,https://nfts.dlbr.dk/Forms/Dokumentation.aspx?KardexID=62768&applLangID=en,-0.1200000000000009,-0.0130434782608694,Observed fungicide-associated yield difference; STB-only or disease-free counterfactual not identified.,1,2020-07-08,0,0,0,0,30,0,0,0,0,25,0,True,True,True,True,True,True,True,True,True,True,True,True,True,True,True,True,True,4,3,3,36,True,True,"2020-06-02, 2020-06-16, 2020-07-08",nfts_62768|1|9|leaf0,nfts_62768|1,-0.0130434782608694,5,0,0,0,True,True,True,True,False,75,75,"Alpha-design, 1 factor","dt/ha (=100 kg/ha), at 15% moisture",Unspecified leaf rank; registry percent coverage,nfts_62768,0.029154126806063871,0.029587553265096905,0.071251518713184941,0.071428571428571425,True,False,False,False
nfts_62768,62768,090812020-003,2020,56.5951967642456,8.9695306228643208,4,10,Informer,True,1,10,93.200000000000003,95.5,9.3200000000000003,9.5500000000000007,89.400000000000006,96.900000000000006,91.799999999999997,99.200000000000003,Specified trial fungicide schedule; every treated comparator retained; complete protection not assumed.,Randomized within-trial fungicide treatment vs untreated code1; comparators share one control.,True,nfts_denmark2020_090812020_003.html,https://nfts.dlbr.dk/Forms/Dokumentation.aspx?KardexID=62768&applLangID=en,0.2300000000000004,0.024083769633507598,Observed fungicide-associated yield difference; STB-only or disease-free counterfactual not identified.,1,2020-07-08,0,0,0,0,30,0,0,0,0,25,0,True,True,True,True,True,True,True,True,True,True,True,True,True,True,True,True,True,4,1,1,0,True,True,2020-07-08,nfts_62768|1|10|leaf0,nfts_62768|1,0.024083769633507699,5,0,0,0,True,True,True,True,False,75,75,"Alpha-design, 1 factor","dt/ha (=100 kg/ha), at 15% moisture",Unspecified leaf rank; registry percent coverage,nfts_62768,0.029154126806063871,0.029587553265096905,0.071251518713184941,0.071428571428571425,False,False,False,False
nfts_62768,62768,090812020-003,2020,56.5951967642456,8.9695306228643208,4,11,Informer,True,1,11,93.200000000000003,95.5,9.3200000000000003,9.5500000000000007,89.400000000000006,96.900000000000006,91.799999999999997,99.200000000000003,Specified trial fungicide schedule; every treated comparator retained; complete protection not assumed.,Randomized within-trial fungicide treatment vs untreated code1; comparators share one control.,True,nfts_denmark2020_090812020_003.html,https://nfts.dlbr.dk/Forms/Dokumentation.aspx?KardexID=62768&applLangID=en,0.2300000000000004,0.024083769633507598,Observed fungicide-associated yield difference; STB-only or disease-free counterfactual not identified.,1,2020-07-08,0,0,0,0,30,0,0,0,0,25,0,True,True,True,True,True,True,True,True,True,True,True,True,True,True,True,True,True,4,2,2,22,True,True,"2020-06-16, 2020-07-08",nfts_62768|1|11|leaf0,nfts_62768|1,0.024083769633507699,5,0,0,0,True,True,True,True,False,75,75,"Alpha-design, 1 factor","dt/ha (=100 kg/ha), at 15% moisture",Unspecified leaf rank; registry percent coverage,nfts_62768,0.029154126806063871,0.029587553265096905,0.071251518713184941,0.071428571428571425,False,False,False,False
nfts_62768,62768,090812020-003,2020,56.5951967642456,8.9695306228643208,4,12,Informer,True,1,12,93.200000000000003,96,9.3200000000000003,9.5999999999999996,89.400000000000006,96.900000000000006,92.299999999999997,99.700000000000003,Specified trial fungicide schedule; every treated comparator retained; complete protection not assumed.,Randomized within-trial fungicide treatment vs untreated code1; comparators share one control.,True,nfts_denmark2020_090812020_003.html,https://nfts.dlbr.dk/Forms/Dokumentation.aspx?KardexID=62768&applLangID=en,0.27999999999999931,0.029166666666666601,Observed fungicide-associated yield difference; STB-only or disease-free counterfactual not identified.,1,2020-07-08,0,0,0,0,30,0,0,0,0,25,0,True,True,True,True,True,True,True,True,True,True,True,True,True,True,True,True,True,4,2,2,22,True,True,"2020-06-16, 2020-07-08",nfts_62768|1|12|leaf0,nfts_62768|1,0.029166666666666601,5,0,0,0,True,True,True,True,False,75,75,"Alpha-design, 1 factor","dt/ha (=100 kg/ha), at 15% moisture",Unspecified leaf rank; registry percent coverage,nfts_62768,0.029154126806063871,0.029587553265096905,0.071251518713184941,0.071428571428571425,False,False,False,False
nfts_62768,62768,090812020-003,2020,56.5951967642456,8.9695306228643208,4,13,Informer,True,1,13,93.200000000000003,96,9.3200000000000003,9.5999999999999996,89.400000000000006,96.900000000000006,92.299999999999997,99.700000000000003,Specified trial fungicide schedule; every treated comparator retained; complete protection not assumed.,Randomized within-trial fungicide treatment vs untreated code1; comparators share one control.,True,nfts_denmark2020_090812020_003.html,https://nfts.dlbr.dk/Forms/Dokumentation.aspx?KardexID=62768&applLangID=en,0.27999999999999931,0.029166666666666601,Observed fungicide-associated yield difference; STB-only or disease-free counterfactual not identified.,1,2020-07-08,0,0,0,0,30,0,0,0,0,25,0,True,True,True,True,True,True,True,True,True,True,True,True,True,True,True,True,True,4,1,1,0,True,True,2020-07-08,nfts_62768|1|13|leaf0,nfts_62768|1,0.029166666666666601,5,0,0,0,True,True,True,True,False,75,75,"Alpha-design, 1 factor","dt/ha (=100 kg/ha), at 15% moisture",Unspecified leaf rank; registry percent coverage,nfts_62768,0.029154126806063871,0.029587553265096905,0.071251518713184941,0.071428571428571425,False,False,False,False
nfts_62768,62768,090812020-003,2020,56.5951967642456,8.9695306228643208,4,14,Informer,True,1,14,93.200000000000003,93.599999999999994,9.3200000000000003,9.3599999999999994,89.400000000000006,96.900000000000006,89.900000000000006,97.299999999999997,Specified trial fungicide schedule; every treated comparator retained; complete protection not assumed.,Randomized within-trial fungicide treatment vs untreated code1; comparators share one control.,True,nfts_denmark2020_090812020_003.html,https://nfts.dlbr.dk/Forms/Dokumentation.aspx?KardexID=62768&applLangID=en,0.039999999999999002,0.0042735042735039998,Observed fungicide-associated yield difference; STB-only or disease-free counterfactual not identified.,1,2020-07-08,0,0,0,0,30,0,0,0,0,25,0,True,True,True,True,True,True,True,True,True,True,True,True,True,True,True,True,True,4,2,2,22,True,True,"2020-06-16, 2020-07-08",nfts_62768|1|14|leaf0,nfts_62768|1,0.0042735042735040996,5,0,0,0,True,True,True,True,False,75,75,"Alpha-design, 1 factor","dt/ha (=100 kg/ha), at 15% moisture",Unspecified leaf rank; registry percent coverage,nfts_62768,0.029154126806063871,0.029587553265096905,0.071251518713184941,0.071428571428571425,False,False,False,False
nfts_62768,62768,090812020-003,2020,56.5951967642456,8.9695306228643208,4,15,Informer,True,1,15,93.200000000000003,90.5,9.3200000000000003,9.0500000000000007,89.400000000000006,96.900000000000006,86.799999999999997,94.299999999999997,Specified trial fungicide schedule; every treated comparator retained; complete protection not assumed.,Randomized within-trial fungicide treatment vs untreated code1; comparators share one control.,True,nfts_denmark2020_090812020_003.html,https://nfts.dlbr.dk/Forms/Dokumentation.aspx?KardexID=62768&applLangID=en,-0.26999999999999952,-0.029834254143646401,Observed fungicide-associated yield difference; STB-only or disease-free counterfactual not identified.,1,2020-07-08,0,0,0,0,30,0,0,0,0,25,0,True,True,True,True,True,True,True,True,True,True,True,True,True,True,True,True,True,4,2,2,22,True,True,"2020-06-16, 2020-07-08",nfts_62768|1|15|leaf0,nfts_62768|1,-0.029834254143646401,5,0,0,0,True,True,True,True,False,75,75,"Alpha-design, 1 factor","dt/ha (=100 kg/ha), at 15% moisture",Unspecified leaf rank; registry percent coverage,nfts_62768,0.029154126806063871,0.029587553265096905,0.071251518713184941,0.071428571428571425,True,False,False,False
nfts_65793,65793,090862121-003,2021,57.318888931403997,9.8701337970925191,4,2,Informer,True,1,2,81.700000000000003,86,8.1699999999999999,8.5999999999999996,77.900000000000006,85.599999999999994,82.099999999999994,89.799999999999997,Specified trial fungicide schedule; every treated comparator retained; complete protection not assumed.,Randomized within-trial fungicide treatment vs untreated code1; comparators share one control.,True,nfts_denmark2021_090862121_003.html,https://nfts.dlbr.dk/Forms/Dokumentation.aspx?KardexID=65793&applLangID=en,0.42999999999999972,0.049999999999999802,Observed fungicide-associated yield difference; STB-only or disease-free counterfactual not identified.,1,2021-07-02,0,0,0,0,14,0,0,0,0,5,0,True,True,True,True,True,True,True,True,True,True,True,True,True,True,True,True,True,4,3,3,28,True,True,"2021-06-04, 2021-06-15, 2021-07-02",nfts_65793|1|2|leaf0,nfts_65793|1,0.049999999999999899,9,0,0,0,True,True,True,True,False,72,72,"Alpha-design, 1 factor","dt/ha (=100 kg/ha), at 15% moisture",Unspecified leaf rank; registry percent coverage,nfts_65793,0.050942542819383992,0.052285937230676573,0.065613977716121694,0.066666666666666666,False,False,False,False
nfts_65793,65793,090862121-003,2021,57.318888931403997,9.8701337970925191,4,3,Informer,True,1,3,81.700000000000003,85.799999999999997,8.1699999999999999,8.5800000000000001,77.900000000000006,85.599999999999994,81.900000000000006,89.599999999999994,Specified trial fungicide schedule; every treated comparator retained; complete protection not assumed.,Randomized within-trial fungicide treatment vs untreated code1; comparators share one control.,True,nfts_denmark2021_090862121_003.html,https://nfts.dlbr.dk/Forms/Dokumentation.aspx?KardexID=65793&applLangID=en,0.40999999999999998,0.0477855477855475,Observed fungicide-associated yield difference; STB-only or disease-free counterfactual not identified.,1,2021-07-02,0,0,0,0,14,0,0,0,0,5,0,True,True,True,True,True,True,True,True,True,True,True,True,True,True,True,True,True,4,2,2,17,True,True,"2021-06-15, 2021-07-02",nfts_65793|1|3|leaf0,nfts_65793|1,0.047785547785547597,9,0,0,0,True,True,True,True,False,72,72,"Alpha-design, 1 factor","dt/ha (=100 kg/ha), at 15% moisture",Unspecified leaf rank; registry percent coverage,nfts_65793,0.050942542819383992,0.052285937230676573,0.065613977716121694,0.066666666666666666,False,False,False,False
nfts_65793,65793,090862121-003,2021,57.318888931403997,9.8701337970925191,4,4,Informer,True,1,4,81.700000000000003,84.400000000000006,8.1699999999999999,8.4400000000000013,77.900000000000006,85.599999999999994,80.5,88.200000000000003,Specified trial fungicide schedule; every treated comparator retained; complete protection not assumed.,Randomized within-trial fungicide treatment vs untreated code1; comparators share one control.,True,nfts_denmark2021_090862121_003.html,https://nfts.dlbr.dk/Forms/Dokumentation.aspx?KardexID=65793&applLangID=en,0.27000000000000118,0.031990521327014201,Observed fungicide-associated yield difference; STB-only or disease-free counterfactual not identified.,1,2021-07-02,0,0,0,0,14,0,0,0,0,6,0,True,True,True,True,True,True,True,True,True,True,True,True,True,True,True,True,True,4,2,2,17,True,True,"2021-06-15, 2021-07-02",nfts_65793|1|4|leaf0,nfts_65793|1,0.031990521327014201,8,0,0,0,True,True,True,True,False,72,72,"Alpha-design, 1 factor","dt/ha (=100 kg/ha), at 15% moisture",Unspecified leaf rank; registry percent coverage,nfts_65793,0.045412900605520903,0.046476388649490288,0.065613977716121694,0.066666666666666666,False,False,False,False
nfts_65793,65793,090862121-003,2021,57.318888931403997,9.8701337970925191,4,5,Informer,True,1,5,81.700000000000003,82.099999999999994,8.1699999999999999,8.2099999999999991,77.900000000000006,85.599999999999994,78.299999999999997,86,Specified trial fungicide schedule; every treated comparator retained; complete protection not assumed.,Randomized within-trial fungicide treatment vs untreated code1; comparators share one control.,True,nfts_denmark2021_090862121_003.html,https://nfts.dlbr.dk/Forms/Dokumentation.aspx?KardexID=65793&applLangID=en,0.039999999999999002,0.0048721071863579001,Observed fungicide-associated yield difference; STB-only or disease-free counterfactual not identified.,1,2021-07-02,0,0,0,0,14,0,0,0,0,5,0,True,True,True,True,True,True,True,True,True,True,True,True,True,True,True,True,True,4,2,2,17,True,True,"2021-06-15, 2021-07-02",nfts_65793|1|5|leaf0,nfts_65793|1,0.0048721071863579001,9,0,0,0,True,True,True,True,False,72,72,"Alpha-design, 1 factor","dt/ha (=100 kg/ha), at 15% moisture",Unspecified leaf rank; registry percent coverage,nfts_65793,0.050942542819383992,0.052285937230676573,0.065613977716121694,0.066666666666666666,False,False,False,False
nfts_65793,65793,090862121-003,2021,57.318888931403997,9.8701337970925191,4,6,Informer,True,1,6,81.700000000000003,88.5,8.1699999999999999,8.8499999999999996,77.900000000000006,85.599999999999994,84.700000000000003,92.299999999999997,Specified trial fungicide schedule; every treated comparator retained; complete protection not assumed.,Randomized within-trial fungicide treatment vs untreated code1; comparators share one control.,True,nfts_denmark2021_090862121_003.html,https://nfts.dlbr.dk/Forms/Dokumentation.aspx?KardexID=65793&applLangID=en,0.67999999999999972,0.076836158192090304,Observed fungicide-associated yield difference; STB-only or disease-free counterfactual not identified.,1,2021-07-02,0,0,0,0,14,0,0,0,0,6,0,True,True,True,True,True,True,True,True,True,True,True,True,True,True,True,True,True,4,2,2,17,True,True,"2021-06-15, 2021-07-02",nfts_65793|1|6|leaf0,nfts_65793|1,0.076836158192090304,8,0,0,0,True,True,True,True,False,72,72,"Alpha-design, 1 factor","dt/ha (=100 kg/ha), at 15% moisture",Unspecified leaf rank; registry percent coverage,nfts_65793,0.045412900605520903,0.046476388649490288,0.065613977716121694,0.066666666666666666,False,False,False,False
nfts_65793,65793,090862121-003,2021,57.318888931403997,9.8701337970925191,4,7,Informer,True,1,7,81.700000000000003,82.099999999999994,8.1699999999999999,8.2099999999999991,77.900000000000006,85.599999999999994,78.299999999999997,85.900000000000006,Specified trial fungicide schedule; every treated comparator retained; complete protection not assumed.,Randomized within-trial fungicide treatment vs untreated code1; comparators share one control.,True,nfts_denmark2021_090862121_003.html,https://nfts.dlbr.dk/Forms/Dokumentation.aspx?KardexID=65793&applLangID=en,0.039999999999999002,0.0048721071863579001,Observed fungicide-associated yield difference; STB-only or disease-free counterfactual not identified.,1,2021-07-02,0,0,0,0,14,0,0,0,0,8,0,True,True,True,True,True,True,True,True,True,True,True,True,True,True,True,True,True,4,2,2,17,True,True,"2021-06-15, 2021-07-02",nfts_65793|1|7|leaf0,nfts_65793|1,0.0048721071863579001,6,0,0,0,True,True,True,True,False,72,72,"Alpha-design, 1 factor","dt/ha (=100 kg/ha), at 15% moisture",Unspecified leaf rank; registry percent coverage,nfts_65793,0.034256773796355978,0.03485729148711772,0.065613977716121694,0.066666666666666666,False,False,False,False
nfts_65793,65793,090862121-003,2021,57.318888931403997,9.8701337970925191,4,8,Informer,True,1,8,81.700000000000003,85.599999999999994,8.1699999999999999,8.5600000000000005,77.900000000000006,85.599999999999994,81.799999999999997,89.5,Specified trial fungicide schedule; every treated comparator retained; complete protection not assumed.,Randomized within-trial fungicide treatment vs untreated code1; comparators share one control.,True,nfts_denmark2021_090862121_003.html,https://nfts.dlbr.dk/Forms/Dokumentation.aspx?KardexID=65793&applLangID=en,0.39000000000000051,0.045560747663551303,Observed fungicide-associated yield difference; STB-only or disease-free counterfactual not identified.,1,2021-07-02,0,0,0,0,14,0,0,0,0,5,0,True,True,True,True,True,True,True,True,True,True,True,True,True,True,True,True,True,4,2,2,17,True,True,"2021-06-15, 2021-07-02",nfts_65793|1|8|leaf0,nfts_65793|1,0.045560747663551303,9,0,0,0,True,True,True,True,False,72,72,"Alpha-design, 1 factor","dt/ha (=100 kg/ha), at 15% moisture",Unspecified leaf rank; registry percent coverage,nfts_65793,0.050942542819383992,0.052285937230676573,0.065613977716121694,0.066666666666666666,False,False,False,False
nfts_65793,65793,090862121-003,2021,57.318888931403997,9.8701337970925191,4,9,Informer,True,1,9,81.700000000000003,85.599999999999994,8.1699999999999999,8.5600000000000005,77.900000000000006,85.599999999999994,81.700000000000003,89.400000000000006,Specified trial fungicide schedule; every treated comparator retained; complete protection not assumed.,Randomized within-trial fungicide treatment vs untreated code1; comparators share one control.,True,nfts_denmark2021_090862121_003.html,https://nfts.dlbr.dk/Forms/Dokumentation.aspx?KardexID=65793&applLangID=en,0.39000000000000051,0.045560747663551303,Observed fungicide-associated yield difference; STB-only or disease-free counterfactual not identified.,1,2021-07-02,0,0,0,0,14,0,0,0,0,5,0,True,True,True,True,True,True,True,True,True,True,True,True,True,True,True,True,True,4,2,2,17,True,True,"2021-06-15, 2021-07-02",nfts_65793|1|9|leaf0,nfts_65793|1,0.045560747663551303,9,0,0,0,True,True,True,True,False,72,72,"Alpha-design, 1 factor","dt/ha (=100 kg/ha), at 15% moisture",Unspecified leaf rank; registry percent coverage,nfts_65793,0.050942542819383992,0.052285937230676573,0.065613977716121694,0.066666666666666666,False,False,False,False
nfts_65793,65793,090862121-003,2021,57.318888931403997,9.8701337970925191,4,10,Informer,True,1,10,81.700000000000003,88.299999999999997,8.1699999999999999,8.8300000000000001,77.900000000000006,85.599999999999994,84.5,92.200000000000003,Specified trial fungicide schedule; every treated comparator retained; complete protection not assumed.,Randomized within-trial fungicide treatment vs untreated code1; comparators share one control.,True,nfts_denmark2021_090862121_003.html,https://nfts.dlbr.dk/Forms/Dokumentation.aspx?KardexID=65793&applLangID=en,0.66000000000000014,0.074745186862966898,Observed fungicide-associated yield difference; STB-only or disease-free counterfactual not identified.,1,2021-07-02,0,0,0,0,14,0,0,0,0,7,0,True,True,True,True,True,True,True,True,True,True,True,True,True,True,True,True,True,4,2,2,17,True,True,"2021-06-15, 2021-07-02",nfts_65793|1|10|leaf0,nfts_65793|1,0.074745186862966995,7,0,0,0,True,True,True,True,False,72,72,"Alpha-design, 1 factor","dt/ha (=100 kg/ha), at 15% moisture",Unspecified leaf rank; registry percent coverage,nfts_65793,0.039851040170535396,0.040666840068304004,0.065613977716121694,0.066666666666666666,False,False,False,False
nfts_65793,65793,090862121-003,2021,57.318888931403997,9.8701337970925191,4,11,Informer,True,1,11,81.700000000000003,87.200000000000003,8.1699999999999999,8.7200000000000006,77.900000000000006,85.599999999999994,83.299999999999997,91,Specified trial fungicide schedule; every treated comparator retained; complete protection not assumed.,Randomized within-trial fungicide treatment vs untreated code1; comparators share one control.,True,nfts_denmark2021_090862121_003.html,https://nfts.dlbr.dk/Forms/Dokumentation.aspx?KardexID=65793&applLangID=en,0.55000000000000071,0.063073394495412702,Observed fungicide-associated yield difference; STB-only or disease-free counterfactual not identified.,1,2021-07-02,0,0,0,0,14,0,0,0,0,7,0,True,True,True,True,True,True,True,True,True,True,True,True,True,True,True,True,True,4,1,1,0,True,True,2021-07-02,nfts_65793|1|11|leaf0,nfts_65793|1,0.063073394495412799,7,0,0,0,True,True,True,True,False,72,72,"Alpha-design, 1 factor","dt/ha (=100 kg/ha), at 15% moisture",Unspecified leaf rank; registry percent coverage,nfts_65793,0.039851040170535396,0.040666840068304004,0.065613977716121694,0.066666666666666666,False,False,False,False
nfts_65793,65793,090862121-003,2021,57.318888931403997,9.8701337970925191,4,12,Informer,True,1,12,81.700000000000003,89.799999999999997,8.1699999999999999,8.9800000000000004,77.900000000000006,85.599999999999994,85.900000000000006,93.599999999999994,Specified trial fungicide schedule; every treated comparator retained; complete protection not assumed.,Randomized within-trial fungicide treatment vs untreated code1; comparators share one control.,True,nfts_denmark2021_090862121_003.html,https://nfts.dlbr.dk/Forms/Dokumentation.aspx?KardexID=65793&applLangID=en,0.8100000000000005,0.090200445434298199,Observed fungicide-associated yield difference; STB-only or disease-free counterfactual not identified.,1,2021-07-02,0,0,0,0,14,0,0,0,0,4,0,True,True,True,True,True,True,True,True,True,True,True,True,True,True,True,True,True,4,1,1,0,True,True,2021-07-02,nfts_65793|1|12|leaf0,nfts_65793|1,0.090200445434298296,10,0,0,0,True,True,True,True,False,72,72,"Alpha-design, 1 factor","dt/ha (=100 kg/ha), at 15% moisture",Unspecified leaf rank; registry percent coverage,nfts_65793,0.056440153442800553,0.058095485811862857,0.065613977716121694,0.066666666666666666,False,False,False,False
nfts_65793,65793,090862121-003,2021,57.318888931403997,9.8701337970925191,4,13,Informer,True,1,13,81.700000000000003,87.200000000000003,8.1699999999999999,8.7200000000000006,77.900000000000006,85.599999999999994,83.400000000000006,91,Specified trial fungicide schedule; every treated comparator retained; complete protection not assumed.,Randomized within-trial fungicide treatment vs untreated code1; comparators share one control.,True,nfts_denmark2021_090862121_003.html,https://nfts.dlbr.dk/Forms/Dokumentation.aspx?KardexID=65793&applLangID=en,0.55000000000000071,0.063073394495412702,Observed fungicide-associated yield difference; STB-only or disease-free counterfactual not identified.,1,2021-07-02,0,0,0,0,14,0,0,0,0,6,0,True,True,True,True,True,True,True,True,True,True,True,True,True,True,True,True,True,4,1,1,0,True,True,2021-07-02,nfts_65793|1|13|leaf0,nfts_65793|1,0.063073394495412799,8,0,0,0,True,True,True,True,False,72,72,"Alpha-design, 1 factor","dt/ha (=100 kg/ha), at 15% moisture",Unspecified leaf rank; registry percent coverage,nfts_65793,0.045412900605520903,0.046476388649490288,0.065613977716121694,0.066666666666666666,False,False,False,False
nfts_65793,65793,090862121-003,2021,57.318888931403997,9.8701337970925191,4,14,Informer,True,1,14,81.700000000000003,88.200000000000003,8.1699999999999999,8.8200000000000003,77.900000000000006,85.599999999999994,84.400000000000006,92,Specified trial fungicide schedule; every treated comparator retained; complete protection not assumed.,Randomized within-trial fungicide treatment vs untreated code1; comparators share one control.,True,nfts_denmark2021_090862121_003.html,https://nfts.dlbr.dk/Forms/Dokumentation.aspx?KardexID=65793&applLangID=en,0.65000000000000036,0.073696145124716506,Observed fungicide-associated yield difference; STB-only or disease-free counterfactual not identified.,1,2021-07-02,0,0,0,0,14,0,0,0,0,5,0,True,True,True,True,True,True,True,True,True,True,True,True,True,True,True,True,True,4,2,2,17,True,True,"2021-06-15, 2021-07-02",nfts_65793|1|14|leaf0,nfts_65793|1,0.073696145124716506,9,0,0,0,True,True,True,True,True,72,72,"Alpha-design, 1 factor","dt/ha (=100 kg/ha), at 15% moisture",Unspecified leaf rank; registry percent coverage,nfts_65793,0.050942542819383992,0.052285937230676573,0.065613977716121694,0.066666666666666666,False,False,False,False
nfts_65793,65793,090862121-003,2021,57.318888931403997,9.8701337970925191,4,15,Informer,True,1,15,81.700000000000003,84.799999999999997,8.1699999999999999,8.4800000000000004,77.900000000000006,85.599999999999994,81,88.599999999999994,Specified trial fungicide schedule; every treated comparator retained; complete protection not assumed.,Randomized within-trial fungicide treatment vs untreated code1; comparators share one control.,True,nfts_denmark2021_090862121_003.html,https://nfts.dlbr.dk/Forms/Dokumentation.aspx?KardexID=65793&applLangID=en,0.3100000000000005,0.0365566037735848,Observed fungicide-associated yield difference; STB-only or disease-free counterfactual not identified.,1,2021-07-02,0,0,0,0,14,0,0,0,0,7,0,True,True,True,True,True,True,True,True,True,True,True,True,True,True,True,True,True,4,2,2,17,True,True,"2021-06-15, 2021-07-02",nfts_65793|1|15|leaf0,nfts_65793|1,0.0365566037735848,7,0,0,0,True,True,True,True,False,72,72,"Alpha-design, 1 factor","dt/ha (=100 kg/ha), at 15% moisture",Unspecified leaf rank; registry percent coverage,nfts_65793,0.039851040170535396,0.040666840068304004,0.065613977716121694,0.066666666666666666,False,False,False,False
nfts_65793,65793,090862121-003,2021,57.318888931403997,9.8701337970925191,4,16,Informer,True,1,16,81.700000000000003,84,8.1699999999999999,8.4000000000000004,77.900000000000006,85.599999999999994,80.200000000000003,87.900000000000006,Specified trial fungicide schedule; every treated comparator retained; complete protection not assumed.,Randomized within-trial fungicide treatment vs untreated code1; comparators share one control.,True,nfts_denmark2021_090862121_003.html,https://nfts.dlbr.dk/Forms/Dokumentation.aspx?KardexID=65793&applLangID=en,0.2300000000000004,0.027380952380952301,Observed fungicide-associated yield difference; STB-only or disease-free counterfactual not identified.,1,2021-07-02,0,0,0,0,14,0,0,0,0,6,0,True,True,True,True,True,True,True,True,True,True,True,True,True,True,True,True,True,4,2,2,17,True,True,"2021-06-15, 2021-07-02",nfts_65793|1|16|leaf0,nfts_65793|1,0.027380952380952301,8,0,0,0,True,True,True,True,False,72,72,"Alpha-design, 1 factor","dt/ha (=100 kg/ha), at 15% moisture",Unspecified leaf rank; registry percent coverage,nfts_65793,0.045412900605520903,0.046476388649490288,0.065613977716121694,0.066666666666666666,False,False,False,False
nfts_67111,67111,L7-0101A-2022-001,2022,56.965018894051099,12.628533652861799,2,1,Julius,True,A1,B1,116.8,122,11.68,12.199999999999999,111.5,122.09999999999999,116.59999999999999,127.40000000000001,Registry factor B: disease control (or stated fungicide schedule); not assumed disease-free.,"Within-trial cultivar entry under A untreated and B disease control, two-factor design.",True,nfts_cohort_2022_67111.html,https://nfts.dlbr.dk/Forms/Dokumentation.aspx?KardexID=67111&applLangID=en,0.51999999999999946,0.042622950819672101,Observed fungicide-associated yield difference; STB-only or disease-free counterfactual not identified.,A1,2022-07-29,0,0,10,0,32,0,0,0,0,30,0,True,True,True,True,True,True,True,True,True,True,True,True,False,True,True,True,False,2,2,2,30,False,False,"2022-06-29, 2022-07-29",nfts_67111|A1|B1|leaf0,nfts_67111|A1,0.042622950819672101,2,0,0,0,True,True,False,False,False,87,87,"Alpha-design, 2 factors","dt/ha (=100 kg/ha), at 15% moisture",Unspecified leaf rank; registry percent coverage,nfts_67111,0.010548586309161436,0.010604617023943132,0.061469385357734177,0.024390243902439025,False,False,False,False
nfts_67111,67111,L7-0101A-2022-001,2022,56.965018894051099,12.628533652861799,2,2,Brons,True,A2,B2,103.2,119.5,10.32,11.949999999999999,97.900000000000006,108.5,114.2,124.8,Registry factor B: disease control (or stated fungicide schedule); not assumed disease-free.,"Within-trial cultivar entry under A untreated and B disease control, two-factor design.",True,nfts_cohort_2022_67111.html,https://nfts.dlbr.dk/Forms/Dokumentation.aspx?KardexID=67111&applLangID=en,1.629999999999999,0.13640167364016731,Observed fungicide-associated yield difference; STB-only or disease-free counterfactual not identified.,A2,2022-07-29,0,0,2.5,0,70,0,0,5,0,45,0,True,True,True,True,True,True,True,True,True,True,True,True,False,True,True,True,False,2,2,2,30,False,False,"2022-06-29, 2022-07-29",nfts_67111|A2|B2|leaf0,nfts_67111|A2,0.13640167364016731,25,0,0,0,True,True,False,False,False,87,87,"Alpha-design, 2 factors","dt/ha (=100 kg/ha), at 15% moisture",Unspecified leaf rank; registry percent coverage,nfts_67111,0.12414761524534336,0.13255771279928916,0.061469385357734177,0.024390243902439025,False,False,False,False
nfts_67111,67111,L7-0101A-2022-001,2022,56.965018894051099,12.628533652861799,2,3,RGT Reform,True,A3,B3,118.90000000000001,132.30000000000001,11.890000000000001,13.230000000000002,113.59999999999999,124.3,127,137.69999999999999,Registry factor B: disease control (or stated fungicide schedule); not assumed disease-free.,"Within-trial cultivar entry under A untreated and B disease control, two-factor design.",True,nfts_cohort_2022_67111.html,https://nfts.dlbr.dk/Forms/Dokumentation.aspx?KardexID=67111&applLangID=en,1.3400000000000016,0.1012849584278156,Observed fungicide-associated yield difference; STB-only or disease-free counterfactual not identified.,A3,2022-07-29,0,0,5,2.5,42,0,0,0,0,25,0,True,True,True,True,True,True,True,True,True,True,True,True,False,True,True,True,False,2,2,2,30,False,False,"2022-06-29, 2022-07-29",nfts_67111|A3|B3|leaf0,nfts_67111|A3,0.1012849584278156,17,0,0,2.5,True,True,False,False,False,87,87,"Alpha-design, 2 factors","dt/ha (=100 kg/ha), at 15% moisture",Unspecified leaf rank; registry percent coverage,nfts_67111,0.96506479891722741,3.3542603310826635,0.061469385357734177,0.024390243902439025,False,False,False,False
nfts_67111,67111,L7-0101A-2022-001,2022,56.965018894051099,12.628533652861799,2,4,Informer,True,A4,B4,123.7,132.69999999999999,12.369999999999999,13.27,118.40000000000001,129,127.40000000000001,138.09999999999999,Registry factor B: disease control (or stated fungicide schedule); not assumed disease-free.,"Within-trial cultivar entry under A untreated and B disease control, two-factor design.",True,nfts_cohort_2022_67111.html,https://nfts.dlbr.dk/Forms/Dokumentation.aspx?KardexID=67111&applLangID=en,0.90000000000000036,0.067822155237377404,Observed fungicide-associated yield difference; STB-only or disease-free counterfactual not identified.,A4,2022-07-29,0,0,5,0,25,0,0,2.5,0,10,0,True,True,True,True,True,True,True,True,True,True,True,True,False,True,True,True,False,2,2,2,30,False,False,"2022-06-29, 2022-07-29",nfts_67111|A4|B4|leaf0,nfts_67111|A4,0.067822155237377404,15,0,0,0,True,True,False,False,False,87,87,"Alpha-design, 2 factors","dt/ha (=100 kg/ha), at 15% moisture",Unspecified leaf rank; registry percent coverage,nfts_67111,0.076453960841416382,0.079534627679573491,0.061469385357734177,0.024390243902439025,False,False,False,False
nfts_67111,67111,L7-0101A-2022-001,2022,56.965018894051099,12.628533652861799,2,5,Hereford,True,A5,B5,111.5,124.09999999999999,11.15,12.41,106.2,116.8,118.8,129.40000000000001,Registry factor B: disease control (or stated fungicide schedule); not assumed disease-free.,"Within-trial cultivar entry under A untreated and B disease control, two-factor design.",True,nfts_cohort_2022_67111.html,https://nfts.dlbr.dk/Forms/Dokumentation.aspx?KardexID=67111&applLangID=en,1.2599999999999998,0.1015310233682513,Observed fungicide-associated yield difference; STB-only or disease-free counterfactual not identified.,A5,2022-07-29,0,0,5,0,35,0,0,2.5,0,30,0,True,True,True,True,True,True,True,True,True,True,True,True,False,True,True,True,False,2,2,2,30,False,False,"2022-06-29, 2022-07-29",nfts_67111|A5|B5|leaf0,nfts_67111|A5,0.1015310233682513,5,0,0,0,True,True,False,False,False,87,87,"Alpha-design, 2 factors","dt/ha (=100 kg/ha), at 15% moisture",Unspecified leaf rank; registry percent coverage,nfts_67111,0.026163196798930387,0.026511542559857833,0.061469385357734177,0.024390243902439025,False,False,False,False
nfts_67111,67111,L7-0101A-2022-001,2022,56.965018894051099,12.628533652861799,2,6,Ceylon (SW 75107),True,A6,B6,101.8,104.8,10.18,10.48,96.5,107.2,99.5,110.09999999999999,Registry factor B: disease control (or stated fungicide schedule); not assumed disease-free.,"Within-trial cultivar entry under A untreated and B disease control, two-factor design.",True,nfts_cohort_2022_67111.html,https://nfts.dlbr.dk/Forms/Dokumentation.aspx?KardexID=67111&applLangID=en,0.30000000000000071,0.028625954198473101,Observed fungicide-associated yield difference; STB-only or disease-free counterfactual not identified.,A6,2022-07-29,0,0,0,0,60,0,0,0,0,15,0,True,True,True,True,True,True,True,True,True,True,True,True,True,True,True,True,True,2,2,2,30,True,False,"2022-06-29, 2022-07-29",nfts_67111|A6|B6|leaf0,nfts_67111|A6,0.028625954198473198,45,0,0,0,True,True,True,False,False,87,87,"Alpha-design, 2 factors","dt/ha (=100 kg/ha), at 15% moisture",Unspecified leaf rank; registry percent coverage,nfts_67111,0.21227314745258077,0.23860388303872049,0.061469385357734177,0.024390243902439025,False,False,False,False
nfts_67111,67111,L7-0101A-2022-001,2022,56.965018894051099,12.628533652861799,2,7,Praktik,True,A7,B7,111.2,124.8,11.119999999999999,12.48,105.90000000000001,116.5,119.5,130.09999999999999,Registry factor B: disease control (or stated fungicide schedule); not assumed disease-free.,"Within-trial cultivar entry under A untreated and B disease control, two-factor design.",True,nfts_cohort_2022_67111.html,https://nfts.dlbr.dk/Forms/Dokumentation.aspx?KardexID=67111&applLangID=en,1.3600000000000012,0.10897435897435891,Observed fungicide-associated yield difference; STB-only or disease-free counterfactual not identified.,A7,2022-07-29,0,0,0,0,38,0,0,0,0,10,0,True,True,True,True,True,True,True,True,True,True,True,True,True,True,True,True,True,2,2,2,30,True,False,"2022-06-29, 2022-07-29",nfts_67111|A7|B7|leaf0,nfts_67111|A7,0.10897435897435891,28,0,0,0,True,True,True,False,False,87,87,"Alpha-design, 2 factors","dt/ha (=100 kg/ha), at 15% moisture",Unspecified leaf rank; registry percent coverage,nfts_67111,0.13796951053524428,0.14846463833520385,0.061469385357734177,0.024390243902439025,False,False,False,False
nfts_67111,67111,L7-0101A-2022-001,2022,56.965018894051099,12.628533652861799,2,8,Norin,True,A8,B8,108.09999999999999,123,10.81,12.300000000000001,102.8,113.40000000000001,117.59999999999999,128.30000000000001,Registry factor B: disease control (or stated fungicide schedule); not assumed disease-free.,"Within-trial cultivar entry under A untreated and B disease control, two-factor design.",True,nfts_cohort_2022_67111.html,https://nfts.dlbr.dk/Forms/Dokumentation.aspx?KardexID=67111&applLangID=en,1.4900000000000002,0.1211382113821137,Observed fungicide-associated yield difference; STB-only or disease-free counterfactual not identified.,A8,2022-07-29,0,0,0,2.5,40,0,0,0,0,20,0,True,True,True,True,True,True,True,True,True,True,True,True,False,True,True,True,False,2,2,2,30,False,False,"2022-06-29, 2022-07-29",nfts_67111|A8|B8|leaf0,nfts_67111|A8,0.12113821138211379,20,0,0,2.5,True,True,False,False,False,87,87,"Alpha-design, 2 factors","dt/ha (=100 kg/ha), at 15% moisture",Unspecified leaf rank; registry percent coverage,nfts_67111,0.96561611406998915,3.3701672566185783,0.061469385357734177,0.024390243902439025,False,False,False,False
nfts_67111,67111,L7-0101A-2022-001,2022,56.965018894051099,12.628533652861799,2,9,Linus,True,A9,B9,121.3,127.09999999999999,12.130000000000001,12.710000000000001,116,126.59999999999999,121.8,132.40000000000001,Registry factor B: disease control (or stated fungicide schedule); not assumed disease-free.,"Within-trial cultivar entry under A untreated and B disease control, two-factor design.",True,nfts_cohort_2022_67111.html,https://nfts.dlbr.dk/Forms/Dokumentation.aspx?KardexID=67111&applLangID=en,0.57999999999999996,0.045633359559402002,Observed fungicide-associated yield difference; STB-only or disease-free counterfactual not identified.,A9,2022-07-29,0,0,0,0,50,0,0,0,0,20,0,True,True,True,True,True,True,True,True,True,True,True,True,True,True,True,True,True,2,2,2,30,True,False,"2022-06-29, 2022-07-29",nfts_67111|A9|B9|leaf0,nfts_67111|A9,0.045633359559402002,30,0,0,0,True,True,True,False,False,87,87,"Alpha-design, 2 factors","dt/ha (=100 kg/ha), at 15% moisture",Unspecified leaf rank; registry percent coverage,nfts_67111,0.14706271355449194,0.15906925535914698,0.061469385357734177,0.024390243902439025,False,False,False,False
nfts_67111,67111,L7-0101A-2022-001,2022,56.965018894051099,12.628533652861799,2,10,Torp,True,A10,B10,125.90000000000001,141.90000000000001,12.590000000000002,14.19,120.5,131.30000000000001,136.5,147.19999999999999,Registry factor B: disease control (or stated fungicide schedule); not assumed disease-free.,"Within-trial cultivar entry under A untreated and B disease control, two-factor design.",True,nfts_cohort_2022_67111.html,https://nfts.dlbr.dk/Forms/Dokumentation.aspx?KardexID=67111&applLangID=en,1.5999999999999981,0.1127554615926709,Observed fungicide-associated yield difference; STB-only or disease-free counterfactual not identified.,A10,2022-07-29,0,0,2.5,0,55,0,0,7.5,0,20,0,True,True,True,True,True,True,True,True,True,True,True,True,False,True,True,True,False,2,2,2,30,False,False,"2022-06-29, 2022-07-29",nfts_67111|A10|B10|leaf0,nfts_67111|A10,0.1127554615926709,35,0,0,0,True,True,False,False,False,87,87,"Alpha-design, 2 factors","dt/ha (=100 kg/ha), at 15% moisture",Unspecified leaf rank; registry percent coverage,nfts_67111,0.16937827963691141,0.18558079791900481,0.061469385357734177,0.024390243902439025,False,False,False,False
nfts_67111,67111,L7-0101A-2022-001,2022,56.965018894051099,12.628533652861799,2,11,Festival,True,A11,B11,125.59999999999999,128.69999999999999,12.56,12.869999999999999,120.3,130.90000000000001,123.40000000000001,134,Registry factor B: disease control (or stated fungicide schedule); not assumed disease-free.,"Within-trial cultivar entry under A untreated and B disease control, two-factor design.",True,nfts_cohort_2022_67111.html,https://nfts.dlbr.dk/Forms/Dokumentation.aspx?KardexID=67111&applLangID=en,0.30999999999999872,0.024087024087024001,Observed fungicide-associated yield difference; STB-only or disease-free counterfactual not identified.,A11,2022-07-29,0,0,2.5,0,30,0,0,0,0,15,0,True,True,True,True,True,True,True,True,True,True,True,True,False,True,True,True,False,2,2,2,30,False,False,"2022-06-29, 2022-07-29",nfts_67111|A11|B11|leaf0,nfts_67111|A11,0.024087024087024001,15,0,0,0,True,True,False,False,False,87,87,"Alpha-design, 2 factors","dt/ha (=100 kg/ha), at 15% moisture",Unspecified leaf rank; registry percent coverage,nfts_67111,0.076453960841416382,0.079534627679573491,0.061469385357734177,0.024390243902439025,False,False,False,False
nfts_67111,67111,L7-0101A-2022-001,2022,56.965018894051099,12.628533652861799,2,12,Etana,True,A12,B12,121.90000000000001,129.5,12.19,12.949999999999999,116.5,127.3,124.09999999999999,134.90000000000001,Registry factor B: disease control (or stated fungicide schedule); not assumed disease-free.,"Within-trial cultivar entry under A untreated and B disease control, two-factor design.",True,nfts_cohort_2022_67111.html,https://nfts.dlbr.dk/Forms/Dokumentation.aspx?KardexID=67111&applLangID=en,0.75999999999999968,0.058687258687258603,Observed fungicide-associated yield difference; STB-only or disease-free counterfactual not identified.,A12,2022-07-29,0,0,0,0,58,0,0,0,0,18,0,True,True,True,True,True,True,True,True,True,True,True,True,True,True,True,True,True,2,2,2,30,True,False,"2022-06-29, 2022-07-29",nfts_67111|A12|B12|leaf0,nfts_67111|A12,0.058687258687258603,40,0,0,0,True,True,True,False,False,87,87,"Alpha-design, 2 factors","dt/ha (=100 kg/ha), at 15% moisture",Unspecified leaf rank; registry percent coverage,nfts_67111,0.19110999917223703,0.21209234047886266,0.061469385357734177,0.024390243902439025,False,False,False,False
nfts_67111,67111,L7-0101A-2022-001,2022,56.965018894051099,12.628533652861799,2,13,Hallfreda (SW 15646),True,A13,B13,105.40000000000001,121.5,10.539999999999999,12.15,100,110.90000000000001,116.2,126.8,Registry factor B: disease control (or stated fungicide schedule); not assumed disease-free.,"Within-trial cultivar entry under A untreated and B disease control, two-factor design.",True,nfts_cohort_2022_67111.html,https://nfts.dlbr.dk/Forms/Dokumentation.aspx?KardexID=67111&applLangID=en,1.6100000000000012,0.1325102880658435,Observed fungicide-associated yield difference; STB-only or disease-free counterfactual not identified.,A13,2022-07-29,0,0,2.5,0,42,0,0,1,0,28,0,True,True,True,True,True,True,True,True,True,True,True,True,False,True,True,True,False,2,2,2,30,False,False,"2022-06-29, 2022-07-29",nfts_67111|A13|B13|leaf0,nfts_67111|A13,0.1325102880658435,14,0,0,0,True,True,False,False,False,87,87,"Alpha-design, 2 factors","dt/ha (=100 kg/ha), at 15% moisture",Unspecified leaf rank; registry percent coverage,nfts_67111,0.071544029334316944,0.074232319167601923,0.061469385357734177,0.024390243902439025,False,False,False,False
nfts_67111,67111,L7-0101A-2022-001,2022,56.965018894051099,12.628533652861799,2,14,KWS Kerrin,True,A14,B14,120.2,138.5,12.02,13.85,114.90000000000001,125.59999999999999,133.19999999999999,143.90000000000001,Registry factor B: disease control (or stated fungicide schedule); not assumed disease-free.,"Within-trial cultivar entry under A untreated and B disease control, two-factor design.",True,nfts_cohort_2022_67111.html,https://nfts.dlbr.dk/Forms/Dokumentation.aspx?KardexID=67111&applLangID=en,1.8300000000000001,0.1321299638989169,Observed fungicide-associated yield difference; STB-only or disease-free counterfactual not identified.,A14,2022-07-29,0,0,2.5,0,42,0,0,0,1,50,0,True,True,True,True,True,True,True,True,True,True,True,True,False,True,True,True,False,2,2,2,30,False,False,"2022-06-29, 2022-07-29",nfts_67111|A14|B14|leaf0,nfts_67111|A14,0.1321299638989169,-8,0,0,-1,True,True,False,False,False,87,87,"Alpha-design, 2 factors","dt/ha (=100 kg/ha), at 15% moisture",Unspecified leaf rank; registry percent coverage,nfts_67111,-2.8499759543138832,-1.3480669026474312,0.061469385357734177,0.024390243902439025,False,True,False,False
nfts_67111,67111,L7-0101A-2022-001,2022,56.965018894051099,12.628533652861799,2,15,Kalmar,True,A15,B15,113.7,130.80000000000001,11.369999999999999,13.080000000000002,108.3,119.09999999999999,125.40000000000001,136.19999999999999,Registry factor B: disease control (or stated fungicide schedule); not assumed disease-free.,"Within-trial cultivar entry under A untreated and B disease control, two-factor design.",True,nfts_cohort_2022_67111.html,https://nfts.dlbr.dk/Forms/Dokumentation.aspx?KardexID=67111&applLangID=en,1.7100000000000026,0.13073394495412841,Observed fungicide-associated yield difference; STB-only or disease-free counterfactual not identified.,A15,2022-07-29,0,0,5,0,50,0,0,2.5,0,40,0,True,True,True,True,True,True,True,True,True,True,True,True,False,True,True,True,False,2,2,2,30,False,False,"2022-06-29, 2022-07-29",nfts_67111|A15|B15|leaf0,nfts_67111|A15,0.13073394495412841,10,0,0,0,True,True,False,False,False,87,87,"Alpha-design, 2 factors","dt/ha (=100 kg/ha), at 15% moisture",Unspecified leaf rank; registry percent coverage,nfts_67111,0.051641880731121213,0.053023085119715666,0.061469385357734177,0.024390243902439025,False,False,False,False
nfts_67111,67111,L7-0101A-2022-001,2022,56.965018894051099,12.628533652861799,2,16,KWS Ahoi,True,A16,B16,120.2,131.90000000000001,12.02,13.19,114.90000000000001,125.59999999999999,126.5,137.19999999999999,Registry factor B: disease control (or stated fungicide schedule); not assumed disease-free.,"Within-trial cultivar entry under A untreated and B disease control, two-factor design.",True,nfts_cohort_2022_67111.html,https://nfts.dlbr.dk/Forms/Dokumentation.aspx?KardexID=67111&applLangID=en,1.1699999999999999,0.0887035633055345,Observed fungicide-associated yield difference; STB-only or disease-free counterfactual not identified.,A16,2022-07-29,0,0,10,0,35,0,0,0,0,30,0,True,True,True,True,True,True,True,True,True,True,True,True,False,True,True,True,False,2,2,2,30,False,False,"2022-06-29, 2022-07-29",nfts_67111|A16|B16|leaf0,nfts_67111|A16,0.0887035633055345,5,0,0,0,True,True,False,False,False,87,87,"Alpha-design, 2 factors","dt/ha (=100 kg/ha), at 15% moisture",Unspecified leaf rank; registry percent coverage,nfts_67111,0.026163196798930387,0.026511542559857833,0.061469385357734177,0.024390243902439025,False,False,False,False
nfts_67111,67111,L7-0101A-2022-001,2022,56.965018894051099,12.628533652861799,2,17,Jonas,True,A17,B17,111.90000000000001,129.5,11.19,12.949999999999999,106.5,117.2,124.3,134.80000000000001,Registry factor B: disease control (or stated fungicide schedule); not assumed disease-free.,"Within-trial cultivar entry under A untreated and B disease control, two-factor design.",True,nfts_cohort_2022_67111.html,https://nfts.dlbr.dk/Forms/Dokumentation.aspx?KardexID=67111&applLangID=en,1.7599999999999998,0.13590733590733581,Observed fungicide-associated yield difference; STB-only or disease-free counterfactual not identified.,A17,2022-07-29,0,0,7.5,0,35,0,0,2.5,0,18,0,True,True,True,True,True,True,True,True,True,True,True,True,False,True,True,True,False,2,2,2,30,False,False,"2022-06-29, 2022-07-29",nfts_67111|A17|B17|leaf0,nfts_67111|A17,0.13590733590733581,17,0,0,0,True,True,False,False,False,87,87,"Alpha-design, 2 factors","dt/ha (=100 kg/ha), at 15% moisture",Unspecified leaf rank; registry percent coverage,nfts_67111,0.086196065945964892,0.090139244703516627,0.061469385357734177,0.024390243902439025,False,False,False,False
nfts_67111,67111,L7-0101A-2022-001,2022,56.965018894051099,12.628533652861799,2,18,Bright,True,A18,B18,134.40000000000001,140.09999999999999,13.44,14.01,129.09999999999999,139.80000000000001,134.80000000000001,145.40000000000001,Registry factor B: disease control (or stated fungicide schedule); not assumed disease-free.,"Within-trial cultivar entry under A untreated and B disease control, two-factor design.",True,nfts_cohort_2022_67111.html,https://nfts.dlbr.dk/Forms/Dokumentation.aspx?KardexID=67111&applLangID=en,0.57000000000000017,0.040685224839400402,Observed fungicide-associated yield difference; STB-only or disease-free counterfactual not identified.,A18,2022-07-29,0,0,2.5,0,65,0,0,5,0,20,0,True,True,True,True,True,True,True,True,True,True,True,True,False,True,True,True,False,2,2,2,30,False,False,"2022-06-29, 2022-07-29",nfts_67111|A18|B18|leaf0,nfts_67111|A18,0.040685224839400402,45,0,0,0,True,True,False,False,False,87,87,"Alpha-design, 2 factors","dt/ha (=100 kg/ha), at 15% moisture",Unspecified leaf rank; registry percent coverage,nfts_67111,0.21227314745258077,0.23860388303872049,0.061469385357734177,0.024390243902439025,False,False,False,False
nfts_67111,67111,L7-0101A-2022-001,2022,56.965018894051099,12.628533652861799,2,19,LG Imposanto,True,A19,B19,119.59999999999999,129.30000000000001,11.960000000000001,12.93,114.2,124.90000000000001,124,134.59999999999999,Registry factor B: disease control (or stated fungicide schedule); not assumed disease-free.,"Within-trial cultivar entry under A untreated and B disease control, two-factor design.",True,nfts_cohort_2022_67111.html,https://nfts.dlbr.dk/Forms/Dokumentation.aspx?KardexID=67111&applLangID=en,0.96999999999999875,0.0750193348801238,Observed fungicide-associated yield difference; STB-only or disease-free counterfactual not identified.,A19,2022-07-29,0,0,0,0,28,0,0,0,0,10,0,True,True,True,True,True,True,True,True,True,True,True,True,True,True,True,True,True,2,2,2,30,True,False,"2022-06-29, 2022-07-29",nfts_67111|A19|B19|leaf0,nfts_67111|A19,0.075019334880123897,18,0,0,0,True,True,True,False,False,87,87,"Alpha-design, 2 factors","dt/ha (=100 kg/ha), at 15% moisture",Unspecified leaf rank; registry percent coverage,nfts_67111,0.091028513438231484,0.095441553215488195,0.061469385357734177,0.024390243902439025,False,False,False,False
nfts_67111,67111,L7-0101A-2022-001,2022,56.965018894051099,12.628533652861799,2,20,Terence,True,A20,B20,122.8,129.09999999999999,12.279999999999999,12.91,117.40000000000001,128.09999999999999,123.7,134.40000000000001,Registry factor B: disease control (or stated fungicide schedule); not assumed disease-free.,"Within-trial cultivar entry under A untreated and B disease control, two-factor design.",True,nfts_cohort_2022_67111.html,https://nfts.dlbr.dk/Forms/Dokumentation.aspx?KardexID=67111&applLangID=en,0.63000000000000067,0.0487993803253291,Observed fungicide-associated yield difference; STB-only or disease-free counterfactual not identified.,A20,2022-07-29,0,0,5,0,48,0,0,0,0,40,0,True,True,True,True,True,True,True,True,True,True,True,True,False,True,True,True,False,2,2,2,30,False,False,"2022-06-29, 2022-07-29",nfts_67111|A20|B20|leaf0,nfts_67111|A20,0.0487993803253291,8,0,0,0,True,True,False,False,False,87,87,"Alpha-design, 2 factors","dt/ha (=100 kg/ha), at 15% moisture",Unspecified leaf rank; registry percent coverage,nfts_67111,0.0415313918938921,0.04241846809577253,0.061469385357734177,0.024390243902439025,False,False,False,False
nfts_67111,67111,L7-0101A-2022-001,2022,56.965018894051099,12.628533652861799,2,21,Kask (SW 14463),True,A21,B21,129.90000000000001,134.5,12.990000000000002,13.449999999999999,124.59999999999999,135.19999999999999,129.19999999999999,139.80000000000001,Registry factor B: disease control (or stated fungicide schedule); not assumed disease-free.,"Within-trial cultivar entry under A untreated and B disease control, two-factor design.",True,nfts_cohort_2022_67111.html,https://nfts.dlbr.dk/Forms/Dokumentation.aspx?KardexID=67111&applLangID=en,0.4599999999999973,0.034200743494423702,Observed fungicide-associated yield difference; STB-only or disease-free counterfactual not identified.,A21,2022-07-29,0,0,10,0,25,1.5,0,10,0,12,5,True,True,True,True,True,True,True,True,True,True,True,False,False,True,True,False,False,2,2,2,30,False,False,"2022-06-29, 2022-07-29",nfts_67111|A21|B21|leaf0,nfts_67111|A21,0.034200743494423702,13,-3.5,0,0,True,True,False,False,False,87,87,"Alpha-design, 2 factors","dt/ha (=100 kg/ha), at 15% moisture",Unspecified leaf rank; registry percent coverage,nfts_67111,0.06660799471336909,0.068930010655630355,0.061469385357734177,0.024390243902439025,False,True,False,False
nfts_67111,67111,L7-0101A-2022-001,2022,56.965018894051099,12.628533652861799,2,22,RGT Koi (RW41667),True,A22,B22,124.90000000000001,139.59999999999999,12.490000000000002,13.960000000000001,119.5,130.19999999999999,134.30000000000001,144.80000000000001,Registry factor B: disease control (or stated fungicide schedule); not assumed disease-free.,"Within-trial cultivar entry under A untreated and B disease control, two-factor design.",True,nfts_cohort_2022_67111.html,https://nfts.dlbr.dk/Forms/Dokumentation.aspx?KardexID=67111&applLangID=en,1.4699999999999989,0.1053008595988538,Observed fungicide-associated yield difference; STB-only or disease-free counterfactual not identified.,A22,2022-07-29,0,0,5,0,32,0,0,12.5,0,15,0,True,True,True,True,True,True,True,True,True,True,True,True,False,True,True,True,False,2,2,2,30,False,False,"2022-06-29, 2022-07-29",nfts_67111|A22|B22|leaf0,nfts_67111|A22,0.1053008595988538,17,0,0,0,True,True,False,False,False,87,87,"Alpha-design, 2 factors","dt/ha (=100 kg/ha), at 15% moisture",Unspecified leaf rank; registry percent coverage,nfts_67111,0.086196065945964892,0.090139244703516627,0.061469385357734177,0.024390243902439025,False,False,False,False
nfts_67111,67111,L7-0101A-2022-001,2022,56.965018894051099,12.628533652861799,2,23,RGT Saki (RW41640),True,A23,B23,122.7,140.09999999999999,12.27,14.01,117.40000000000001,128.09999999999999,134.80000000000001,145.5,Registry factor B: disease control (or stated fungicide schedule); not assumed disease-free.,"Within-trial cultivar entry under A untreated and B disease control, two-factor design.",True,nfts_cohort_2022_67111.html,https://nfts.dlbr.dk/Forms/Dokumentation.aspx?KardexID=67111&applLangID=en,1.7400000000000002,0.12419700214132751,Observed fungicide-associated yield difference; STB-only or disease-free counterfactual not identified.,A23,2022-07-29,0,0,2.5,0,32,0,0,5,0,15,0,True,True,True,True,True,True,True,True,True,True,True,True,False,True,True,True,False,2,2,2,30,False,False,"2022-06-29, 2022-07-29",nfts_67111|A23|B23|leaf0,nfts_67111|A23,0.12419700214132751,17,0,0,0,True,True,False,False,False,87,87,"Alpha-design, 2 factors","dt/ha (=100 kg/ha), at 15% moisture",Unspecified leaf rank; registry percent coverage,nfts_67111,0.086196065945964892,0.090139244703516627,0.061469385357734177,0.024390243902439025,False,False,False,False
nfts_67111,67111,L7-0101A-2022-001,2022,56.965018894051099,12.628533652861799,2,24,KWS Kerankum (KWS W359),True,A24,B24,128,135.19999999999999,12.800000000000001,13.52,122.7,133.40000000000001,129.90000000000001,140.59999999999999,Registry factor B: disease control (or stated fungicide schedule); not assumed disease-free.,"Within-trial cultivar entry under A untreated and B disease control, two-factor design.",True,nfts_cohort_2022_67111.html,https://nfts.dlbr.dk/Forms/Dokumentation.aspx?KardexID=67111&applLangID=en,0.71999999999999875,0.053254437869822403,Observed fungicide-associated yield difference; STB-only or disease-free counterfactual not identified.,A24,2022-07-29,0,0,5,0,48,0,0,5,0,18,0,True,True,True,True,True,True,True,True,True,True,True,True,False,True,True,True,False,2,2,2,30,False,False,"2022-06-29, 2022-07-29",nfts_67111|A24|B24|leaf0,nfts_67111|A24,0.053254437869822403,30,0,0,0,True,True,False,False,False,87,87,"Alpha-design, 2 factors","dt/ha (=100 kg/ha), at 15% moisture",Unspecified leaf rank; registry percent coverage,nfts_67111,0.14706271355449194,0.15906925535914698,0.061469385357734177,0.024390243902439025,False,False,False,False
nfts_67111,67111,L7-0101A-2022-001,2022,56.965018894051099,12.628533652861799,2,25,RGT Marstrand,True,A25,B25,129.30000000000001,136.80000000000001,12.93,13.68,124,134.69999999999999,131.5,142.19999999999999,Registry factor B: disease control (or stated fungicide schedule); not assumed disease-free.,"Within-trial cultivar entry under A untreated and B disease control, two-factor design.",True,nfts_cohort_2022_67111.html,https://nfts.dlbr.dk/Forms/Dokumentation.aspx?KardexID=67111&applLangID=en,0.75,0.054824561403508602,Observed fungicide-associated yield difference; STB-only or disease-free counterfactual not identified.,A25,2022-07-29,0,0,2.5,0,40,0,0,5,0,25,0,True,True,True,True,True,True,True,True,True,True,True,True,False,True,True,True,False,2,2,2,30,False,False,"2022-06-29, 2022-07-29",nfts_67111|A25|B25|leaf0,nfts_67111|A25,0.054824561403508699,15,0,0,0,True,True,False,False,False,87,87,"Alpha-design, 2 factors","dt/ha (=100 kg/ha), at 15% moisture",Unspecified leaf rank; registry percent coverage,nfts_67111,0.076453960841416382,0.079534627679573491,0.061469385357734177,0.024390243902439025,False,False,False,False
nfts_67111,67111,L7-0101A-2022-001,2022,56.965018894051099,12.628533652861799,2,26,Pondus,True,A26,B26,132.19999999999999,141,13.220000000000001,14.1,126.90000000000001,137.59999999999999,135.59999999999999,146.30000000000001,Registry factor B: disease control (or stated fungicide schedule); not assumed disease-free.,"Within-trial cultivar entry under A untreated and B disease control, two-factor design.",True,nfts_cohort_2022_67111.html,https://nfts.dlbr.dk/Forms/Dokumentation.aspx?KardexID=67111&applLangID=en,0.87999999999999901,0.062411347517730503,Observed fungicide-associated yield difference; STB-only or disease-free counterfactual not identified.,A26,2022-07-29,0,0,22.5,0,5,0,0,12.5,0,6,0,True,True,True,True,True,True,True,True,True,True,True,True,False,False,True,True,False,2,2,2,30,False,False,"2022-06-29, 2022-07-29",nfts_67111|A26|B26|leaf0,nfts_67111|A26,0.062411347517730503,-1,0,0,0,True,True,False,False,False,87,87,"Alpha-design, 2 factors","dt/ha (=100 kg/ha), at 15% moisture",Unspecified leaf rank; registry percent coverage,nfts_67111,-0.0053163906279894164,-0.0053023085119715662,0.061469385357734177,0.024390243902439025,False,True,False,False
nfts_67111,67111,L7-0101A-2022-001,2022,56.965018894051099,12.628533652861799,2,27,Lini,True,A27,B27,126.8,134.19999999999999,12.68,13.42,121.40000000000001,132.19999999999999,128.80000000000001,139.59999999999999,Registry factor B: disease control (or stated fungicide schedule); not assumed disease-free.,"Within-trial cultivar entry under A untreated and B disease control, two-factor design.",True,nfts_cohort_2022_67111.html,https://nfts.dlbr.dk/Forms/Dokumentation.aspx?KardexID=67111&applLangID=en,0.74000000000000021,0.055141579731743502,Observed fungicide-associated yield difference; STB-only or disease-free counterfactual not identified.,A27,2022-07-29,0,2,15,0,30,0,0,5,0,12,0,True,True,True,True,True,True,True,True,True,True,True,False,False,True,True,False,False,2,2,2,30,False,False,"2022-06-29, 2022-07-29",nfts_67111|A27|B27|leaf0,nfts_67111|A27,0.055141579731743599,18,0,2,0,True,True,False,False,False,87,87,"Alpha-design, 2 factors","dt/ha (=100 kg/ha), at 15% moisture",Unspecified leaf rank; registry percent coverage,nfts_67111,0.091028513438231484,0.095441553215488195,0.061469385357734177,0.024390243902439025,False,False,False,False
nfts_67111,67111,L7-0101A-2022-001,2022,56.965018894051099,12.628533652861799,2,28,KWS Colosseum,True,A28,B28,130,136,13,13.6,124.7,135.30000000000001,130.59999999999999,141.40000000000001,Registry factor B: disease control (or stated fungicide schedule); not assumed disease-free.,"Within-trial cultivar entry under A untreated and B disease control, two-factor design.",True,nfts_cohort_2022_67111.html,https://nfts.dlbr.dk/Forms/Dokumentation.aspx?KardexID=67111&applLangID=en,0.59999999999999964,0.0441176470588234,Observed fungicide-associated yield difference; STB-only or disease-free counterfactual not identified.,A28,2022-07-29,0,0,6,0,48,0,0,7.5,0,15,0,True,True,True,True,True,True,True,True,True,True,True,True,False,True,True,True,False,2,2,2,30,False,False,"2022-06-29, 2022-07-29",nfts_67111|A28|B28|leaf0,nfts_67111|A28,0.0441176470588234,33,0,0,0,True,True,False,False,False,87,87,"Alpha-design, 2 factors","dt/ha (=100 kg/ha), at 15% moisture",Unspecified leaf rank; registry percent coverage,nfts_67111,0.16052298387778896,0.17497618089506167,0.061469385357734177,0.024390243902439025,False,False,False,False
nfts_67111,67111,L7-0101A-2022-001,2022,56.965018894051099,12.628533652861799,2,29,NOS 511167.10,True,A29,B29,122.59999999999999,133.5,12.26,13.35,117.3,127.90000000000001,128.19999999999999,138.80000000000001,Registry factor B: disease control (or stated fungicide schedule); not assumed disease-free.,"Within-trial cultivar entry under A untreated and B disease control, two-factor design.",True,nfts_cohort_2022_67111.html,https://nfts.dlbr.dk/Forms/Dokumentation.aspx?KardexID=67111&applLangID=en,1.0900000000000001,0.081647940074906306,Observed fungicide-associated yield difference; STB-only or disease-free counterfactual not identified.,A29,2022-07-29,0,0,3.5,0,50,0,0,0,0,30,0,True,True,True,True,True,True,True,True,True,True,True,True,False,True,True,True,False,2,2,2,30,False,False,"2022-06-29, 2022-07-29",nfts_67111|A29|B29|leaf0,nfts_67111|A29,0.081647940074906306,20,0,0,0,True,True,False,False,False,87,87,"Alpha-design, 2 factors","dt/ha (=100 kg/ha), at 15% moisture",Unspecified leaf rank; registry percent coverage,nfts_67111,0.10061687761679508,0.10604617023943133,0.061469385357734177,0.024390243902439025,False,False,False,False
nfts_67111,67111,L7-0101A-2022-001,2022,56.965018894051099,12.628533652861799,2,30,Valhal,True,A30,B30,127.5,136,12.75,13.6,122.2,132.80000000000001,130.69999999999999,141.30000000000001,Registry factor B: disease control (or stated fungicide schedule); not assumed disease-free.,"Within-trial cultivar entry under A untreated and B disease control, two-factor design.",True,nfts_cohort_2022_67111.html,https://nfts.dlbr.dk/Forms/Dokumentation.aspx?KardexID=67111&applLangID=en,0.84999999999999964,0.0625,Observed fungicide-associated yield difference; STB-only or disease-free counterfactual not identified.,A30,2022-07-29,0,0,5,0,35,0,0,5,0,25,0,True,True,True,True,True,True,True,True,True,True,True,True,False,True,True,True,False,2,2,2,30,False,False,"2022-06-29, 2022-07-29",nfts_67111|A30|B30|leaf0,nfts_67111|A30,0.0625,10,0,0,0,True,True,False,False,False,87,87,"Alpha-design, 2 factors","dt/ha (=100 kg/ha), at 15% moisture",Unspecified leaf rank; registry percent coverage,nfts_67111,0.051641880731121213,0.053023085119715666,0.061469385357734177,0.024390243902439025,False,False,False,False
nfts_67111,67111,L7-0101A-2022-001,2022,56.965018894051099,12.628533652861799,2,31,RGT Stokes,True,A31,B31,136.40000000000001,143.69999999999999,13.640000000000001,14.369999999999999,131.09999999999999,141.80000000000001,138.30000000000001,149,Registry factor B: disease control (or stated fungicide schedule); not assumed disease-free.,"Within-trial cultivar entry under A untreated and B disease control, two-factor design.",True,nfts_cohort_2022_67111.html,https://nfts.dlbr.dk/Forms/Dokumentation.aspx?KardexID=67111&applLangID=en,0.72999999999999865,0.0508002783576895,Observed fungicide-associated yield difference; STB-only or disease-free counterfactual not identified.,A31,2022-07-29,0,0,17.5,0,30,0,0,6,0,15,0,True,True,True,True,True,True,True,True,True,True,True,True,False,True,True,True,False,2,2,2,30,False,False,"2022-06-29, 2022-07-29",nfts_67111|A31|B31|leaf0,nfts_67111|A31,0.0508002783576895,15,0,0,0,True,True,False,False,False,87,87,"Alpha-design, 2 factors","dt/ha (=100 kg/ha), at 15% moisture",Unspecified leaf rank; registry percent coverage,nfts_67111,0.076453960841416382,0.079534627679573491,0.061469385357734177,0.024390243902439025,False,False,False,False
nfts_67111,67111,L7-0101A-2022-001,2022,56.965018894051099,12.628533652861799,2,32,KWS Sabrum,True,A32,B32,124.40000000000001,132.59999999999999,12.44,13.26,119.2,129.69999999999999,127.2,137.90000000000001,Registry factor B: disease control (or stated fungicide schedule); not assumed disease-free.,"Within-trial cultivar entry under A untreated and B disease control, two-factor design.",True,nfts_cohort_2022_67111.html,https://nfts.dlbr.dk/Forms/Dokumentation.aspx?KardexID=67111&applLangID=en,0.82000000000000017,0.0618401206636498,Observed fungicide-associated yield difference; STB-only or disease-free counterfactual not identified.,A32,2022-07-29,0,0,0,0,38,0,0,0,0,40,0,True,True,True,True,True,True,True,True,True,True,True,True,True,True,True,True,True,2,2,2,30,True,False,"2022-06-29, 2022-07-29",nfts_67111|A32|B32|leaf0,nfts_67111|A32,0.061840120663649897,-2,0,0,0,True,True,True,False,False,87,87,"Alpha-design, 2 factors","dt/ha (=100 kg/ha), at 15% moisture",Unspecified leaf rank; registry percent coverage,nfts_67111,-0.010661045265288207,-0.010604617023943132,0.061469385357734177,0.024390243902439025,False,True,False,False
nfts_67111,67111,L7-0101A-2022-001,2022,56.965018894051099,12.628533652861799,2,33,Askaban,True,A33,B33,123.2,136.90000000000001,12.32,13.69,117.8,128.5,131.5,142.30000000000001,Registry factor B: disease control (or stated fungicide schedule); not assumed disease-free.,"Within-trial cultivar entry under A untreated and B disease control, two-factor design.",True,nfts_cohort_2022_67111.html,https://nfts.dlbr.dk/Forms/Dokumentation.aspx?KardexID=67111&applLangID=en,1.3699999999999992,0.100073046018992,Observed fungicide-associated yield difference; STB-only or disease-free counterfactual not identified.,A33,2022-07-29,0,0,0,0,50,0,0,0,0,15,0,True,True,True,True,True,True,True,True,True,True,True,True,True,True,True,True,True,2,2,2,30,True,False,"2022-06-29, 2022-07-29",nfts_67111|A33|B33|leaf0,nfts_67111|A33,0.100073046018992,35,0,0,0,True,True,True,False,False,87,87,"Alpha-design, 2 factors","dt/ha (=100 kg/ha), at 15% moisture",Unspecified leaf rank; registry percent coverage,nfts_67111,0.16937827963691141,0.18558079791900481,0.061469385357734177,0.024390243902439025,False,False,False,False
nfts_67111,67111,L7-0101A-2022-001,2022,56.965018894051099,12.628533652861799,2,34,Fenomen,True,A34,B34,115.09999999999999,122.40000000000001,11.51,12.240000000000002,109.8,120.40000000000001,117.09999999999999,127.7,Registry factor B: disease control (or stated fungicide schedule); not assumed disease-free.,"Within-trial cultivar entry under A untreated and B disease control, two-factor design.",True,nfts_cohort_2022_67111.html,https://nfts.dlbr.dk/Forms/Dokumentation.aspx?KardexID=67111&applLangID=en,0.7300000000000022,0.059640522875817101,Observed fungicide-associated yield difference; STB-only or disease-free counterfactual not identified.,A34,2022-07-29,0,0,10,0,18,0,0,6,0,20,0,True,True,True,True,True,True,True,True,True,True,True,True,False,True,True,True,False,2,2,2,30,False,False,"2022-06-29, 2022-07-29",nfts_67111|A34|B34|leaf0,nfts_67111|A34,0.059640522875817101,-2,0,0,0,True,True,False,False,False,87,87,"Alpha-design, 2 factors","dt/ha (=100 kg/ha), at 15% moisture",Unspecified leaf rank; registry percent coverage,nfts_67111,-0.010661045265288207,-0.010604617023943132,0.061469385357734177,0.024390243902439025,False,True,False,False
nfts_67111,67111,L7-0101A-2022-001,2022,56.965018894051099,12.628533652861799,2,36,,False,A36,B36,110.5,129.80000000000001,11.050000000000001,12.980000000000002,105.09999999999999,115.8,124.5,135,Registry factor B: disease control (or stated fungicide schedule); not assumed disease-free.,"Within-trial cultivar entry under A untreated and B disease control, two-factor design.",True,nfts_cohort_2022_67111.html,https://nfts.dlbr.dk/Forms/Dokumentation.aspx?KardexID=67111&applLangID=en,1.9300000000000015,0.1486902927580894,Observed fungicide-associated yield difference; STB-only or disease-free counterfactual not identified.,A36,2022-07-29,0,0,5,20,45,0,0,0,0,45,0,True,True,True,True,True,True,True,True,True,True,True,True,False,True,True,True,False,2,2,2,30,False,False,"2022-06-29, 2022-07-29",nfts_67111|A36|B36|leaf0,nfts_67111|A36,0.1486902927580894,0,0,0,20,True,True,False,False,False,87,87,"Alpha-design, 2 factors","dt/ha (=100 kg/ha), at 15% moisture",Unspecified leaf rank; registry percent coverage,nfts_67111,0.99999999999543665,26.112968691033174,0.061469385357734177,0.024390243902439025,False,False,False,False
nfts_67111,67111,L7-0101A-2022-001,2022,56.965018894051099,12.628533652861799,2,37,SW 150683,True,A37,B37,115.8,123.90000000000001,11.58,12.390000000000001,110.40000000000001,121.2,118.59999999999999,129.19999999999999,Registry factor B: disease control (or stated fungicide schedule); not assumed disease-free.,"Within-trial cultivar entry under A untreated and B disease control, two-factor design.",True,nfts_cohort_2022_67111.html,https://nfts.dlbr.dk/Forms/Dokumentation.aspx?KardexID=67111&applLangID=en,0.8100000000000005,0.065375302663438203,Observed fungicide-associated yield difference; STB-only or disease-free counterfactual not identified.,A37,2022-07-29,0,0,2.5,0,35,0,0,0,0,15,0,True,True,True,True,True,True,True,True,True,True,True,True,False,True,True,True,False,2,2,2,30,False,False,"2022-06-29, 2022-07-29",nfts_67111|A37|B37|leaf0,nfts_67111|A37,0.065375302663438203,20,0,0,0,True,True,False,False,False,87,87,"Alpha-design, 2 factors","dt/ha (=100 kg/ha), at 15% moisture",Unspecified leaf rank; registry percent coverage,nfts_67111,0.10061687761679508,0.10604617023943133,0.061469385357734177,0.024390243902439025,False,False,False,False
nfts_67111,67111,L7-0101A-2022-001,2022,56.965018894051099,12.628533652861799,2,38,Lykke,True,A38,B38,120.40000000000001,133,12.039999999999999,13.300000000000001,115,125.7,127.59999999999999,138.30000000000001,Registry factor B: disease control (or stated fungicide schedule); not assumed disease-free.,"Within-trial cultivar entry under A untreated and B disease control, two-factor design.",True,nfts_cohort_2022_67111.html,https://nfts.dlbr.dk/Forms/Dokumentation.aspx?KardexID=67111&applLangID=en,1.2600000000000016,0.094736842105263105,Observed fungicide-associated yield difference; STB-only or disease-free counterfactual not identified.,A38,2022-07-29,0,0,5,0,28,0,0,5,0,50,0,True,True,True,True,True,True,True,True,True,True,True,True,False,True,True,True,False,2,2,2,30,False,False,"2022-06-29, 2022-07-29",nfts_67111|A38|B38|leaf0,nfts_67111|A38,0.094736842105263105,-22,0,0,0,True,True,False,False,False,87,87,"Alpha-design, 2 factors","dt/ha (=100 kg/ha), at 15% moisture",Unspecified leaf rank; registry percent coverage,nfts_67111,-0.12372694140314378,-0.11665078726337445,0.061469385357734177,0.024390243902439025,False,True,False,False
nfts_67111,67111,L7-0101A-2022-001,2022,56.965018894051099,12.628533652861799,2,40,WPB Ennis,True,A40,B40,124.90000000000001,141.5,12.490000000000002,14.15,119.59999999999999,130.19999999999999,136.19999999999999,146.80000000000001,Registry factor B: disease control (or stated fungicide schedule); not assumed disease-free.,"Within-trial cultivar entry under A untreated and B disease control, two-factor design.",True,nfts_cohort_2022_67111.html,https://nfts.dlbr.dk/Forms/Dokumentation.aspx?KardexID=67111&applLangID=en,1.6599999999999984,0.1173144876325088,Observed fungicide-associated yield difference; STB-only or disease-free counterfactual not identified.,A40,2022-07-29,0,0,2.5,0,50,0,0,0,0,45,0,True,True,True,True,True,True,True,True,True,True,True,True,False,True,True,True,False,2,2,2,30,False,False,"2022-06-29, 2022-07-29",nfts_67111|A40|B40|leaf0,nfts_67111|A40,0.1173144876325088,5,0,0,0,True,True,False,False,False,87,87,"Alpha-design, 2 factors","dt/ha (=100 kg/ha), at 15% moisture",Unspecified leaf rank; registry percent coverage,nfts_67111,0.026163196798930387,0.026511542559857833,0.061469385357734177,0.024390243902439025,False,False,False,False
nfts_67111,67111,L7-0101A-2022-001,2022,56.965018894051099,12.628533652861799,2,41,Guinness,True,A41,B41,138.80000000000001,144.5,13.880000000000004,14.449999999999999,133.5,144.19999999999999,139.09999999999999,149.80000000000001,Registry factor B: disease control (or stated fungicide schedule); not assumed disease-free.,"Within-trial cultivar entry under A untreated and B disease control, two-factor design.",True,nfts_cohort_2022_67111.html,https://nfts.dlbr.dk/Forms/Dokumentation.aspx?KardexID=67111&applLangID=en,0.56999999999999496,0.039446366782006803,Observed fungicide-associated yield difference; STB-only or disease-free counterfactual not identified.,A41,2022-07-29,0,0,12.5,0,32,0,0,0,0,60,0,True,True,True,True,True,True,True,True,True,True,True,True,False,True,True,True,False,2,2,2,30,False,False,"2022-06-29, 2022-07-29",nfts_67111|A41|B41|leaf0,nfts_67111|A41,0.039446366782006803,-28,0,0,0,True,True,False,False,False,87,87,"Alpha-design, 2 factors","dt/ha (=100 kg/ha), at 15% moisture",Unspecified leaf rank; registry percent coverage,nfts_67111,-0.16005177568708859,-0.14846463833520385,0.061469385357734177,0.024390243902439025,False,True,False,False
nfts_67111,67111,L7-0101A-2022-001,2022,56.965018894051099,12.628533652861799,2,42,Sj Q0853,True,A42,B42,126.90000000000001,134,12.69,13.4,121.59999999999999,132.19999999999999,128.69999999999999,139.30000000000001,Registry factor B: disease control (or stated fungicide schedule); not assumed disease-free.,"Within-trial cultivar entry under A untreated and B disease control, two-factor design.",True,nfts_cohort_2022_67111.html,https://nfts.dlbr.dk/Forms/Dokumentation.aspx?KardexID=67111&applLangID=en,0.71000000000000085,0.052985074626865601,Observed fungicide-associated yield difference; STB-only or disease-free counterfactual not identified.,A42,2022-07-29,0,0,10,0,32,0,0,10,0,25,0,True,True,True,True,True,True,True,True,True,True,True,True,False,True,True,True,False,2,2,2,30,False,False,"2022-06-29, 2022-07-29",nfts_67111|A42|B42|leaf0,nfts_67111|A42,0.052985074626865601,7,0,0,0,True,True,False,False,False,87,87,"Alpha-design, 2 factors","dt/ha (=100 kg/ha), at 15% moisture",Unspecified leaf rank; registry percent coverage,nfts_67111,0.036435798368534729,0.037116159583800962,0.061469385357734177,0.024390243902439025,False,False,False,False
nfts_67111,67111,L7-0101A-2022-001,2022,56.965018894051099,12.628533652861799,2,43,Adrenalin,True,A43,B43,131.19999999999999,131.09999999999999,13.119999999999999,13.109999999999999,126,136.5,125.8,136.40000000000001,Registry factor B: disease control (or stated fungicide schedule); not assumed disease-free.,"Within-trial cultivar entry under A untreated and B disease control, two-factor design.",True,nfts_cohort_2022_67111.html,https://nfts.dlbr.dk/Forms/Dokumentation.aspx?KardexID=67111&applLangID=en,-0.0099999999999997001,-0.00076277650648330002,Observed fungicide-associated yield difference; STB-only or disease-free counterfactual not identified.,A43,2022-07-29,0,0,5,0,40,0,0,5,0,10,0,True,True,True,True,True,True,True,True,True,True,True,True,False,True,True,True,False,2,2,2,30,False,False,"2022-06-29, 2022-07-29",nfts_67111|A43|B43|leaf0,nfts_67111|A43,-0.00076277650648339998,30,0,0,0,True,True,False,False,False,87,87,"Alpha-design, 2 factors","dt/ha (=100 kg/ha), at 15% moisture",Unspecified leaf rank; registry percent coverage,nfts_67111,0.14706271355449194,0.15906925535914698,0.061469385357734177,0.024390243902439025,True,False,False,False
nfts_68027,68027,090872222-001,2022,55.449407420030099,11.904165761971999,4,2,Pondus,True,1,2,90.900000000000006,90.599999999999994,9.0899999999999999,9.0600000000000005,85.799999999999997,95.900000000000006,85.099999999999994,96.099999999999994,Specified trial fungicide schedule; every treated comparator retained; complete protection not assumed.,Randomized within-trial fungicide treatment vs untreated code1; comparators share one control.,True,nfts_denmark2022_090872222_001.html,https://nfts.dlbr.dk/Forms/Dokumentation.aspx?KardexID=68027&applLangID=en,-0.030000000000001002,-0.0033112582781457001,Observed fungicide-associated yield difference; STB-only or disease-free counterfactual not identified.,1,2022-07-11,0,0,0,0,9,0,0,0,0,1,0,True,True,True,True,True,True,True,True,True,True,True,True,True,True,True,True,True,4,3,3,69,True,True,"2022-05-03, 2022-05-19, 2022-07-11",nfts_68027|1|2|leaf0,nfts_68027|1,-0.0033112582781457999,8,0,0,0,True,True,True,True,False,77,77,"Alpha-design, 1 factor","dt/ha (=100 kg/ha), at 15% moisture",Unspecified leaf rank; registry percent coverage,nfts_68027,0.046364182592081353,0.047473423175161462,0.070616580299206158,0.076923076923076927,True,False,False,False
nfts_68027,68027,090872222-001,2022,55.449407420030099,11.904165761971999,4,3,Pondus,True,1,3,90.900000000000006,92.5,9.0899999999999999,9.25,85.799999999999997,95.900000000000006,87.400000000000006,97.599999999999994,Specified trial fungicide schedule; every treated comparator retained; complete protection not assumed.,Randomized within-trial fungicide treatment vs untreated code1; comparators share one control.,True,nfts_denmark2022_090872222_001.html,https://nfts.dlbr.dk/Forms/Dokumentation.aspx?KardexID=68027&applLangID=en,0.15999999999999831,0.0172972972972972,Observed fungicide-associated yield difference; STB-only or disease-free counterfactual not identified.,1,2022-07-11,0,0,0,0,9,0,0,0,0,3,0,True,True,True,True,True,True,True,True,True,True,True,True,True,True,True,True,True,4,1,1,0,True,True,2022-07-11,nfts_68027|1|3|leaf0,nfts_68027|1,0.0172972972972972,6,0,0,0,True,True,True,True,False,77,77,"Alpha-design, 1 factor","dt/ha (=100 kg/ha), at 15% moisture",Unspecified leaf rank; registry percent coverage,nfts_68027,0.034978663361503813,0.035605067381371099,0.070616580299206158,0.076923076923076927,False,False,False,False
nfts_68027,68027,090872222-001,2022,55.449407420030099,11.904165761971999,4,4,Pondus,True,1,4,90.900000000000006,94.200000000000003,9.0899999999999999,9.4200000000000017,85.799999999999997,95.900000000000006,89.099999999999994,99.299999999999997,Specified trial fungicide schedule; every treated comparator retained; complete protection not assumed.,Randomized within-trial fungicide treatment vs untreated code1; comparators share one control.,True,nfts_denmark2022_090872222_001.html,https://nfts.dlbr.dk/Forms/Dokumentation.aspx?KardexID=68027&applLangID=en,0.32999999999999818,0.035031847133757801,Observed fungicide-associated yield difference; STB-only or disease-free counterfactual not identified.,1,2022-07-11,0,0,0,0,9,0,0,0.02,0,3,0,True,True,True,True,True,True,True,True,True,True,True,True,True,True,True,True,False,4,2,2,53,False,False,"2022-05-19, 2022-07-11",nfts_68027|1|4|leaf0,nfts_68027|1,0.035031847133757898,6,0,0,0,True,True,False,False,False,77,77,"Alpha-design, 1 factor","dt/ha (=100 kg/ha), at 15% moisture",Unspecified leaf rank; registry percent coverage,nfts_68027,0.034978663361503813,0.035605067381371099,0.070616580299206158,0.076923076923076927,False,False,False,False
nfts_68027,68027,090872222-001,2022,55.449407420030099,11.904165761971999,4,5,Pondus,True,1,5,90.900000000000006,92.299999999999997,9.0899999999999999,9.2300000000000004,85.799999999999997,95.900000000000006,87.200000000000003,97.400000000000006,Specified trial fungicide schedule; every treated comparator retained; complete protection not assumed.,Randomized within-trial fungicide treatment vs untreated code1; comparators share one control.,True,nfts_denmark2022_090872222_001.html,https://nfts.dlbr.dk/Forms/Dokumentation.aspx?KardexID=68027&applLangID=en,0.13999999999999871,0.0151679306608882,Observed fungicide-associated yield difference; STB-only or disease-free counterfactual not identified.,1,2022-07-11,0,0,0,0,9,0,0,0,0,3,0,True,True,True,True,True,True,True,True,True,True,True,True,True,True,True,True,True,4,1,1,0,True,True,2022-07-11,nfts_68027|1|5|leaf0,nfts_68027|1,0.0151679306608882,6,0,0,0,True,True,True,True,False,77,77,"Alpha-design, 1 factor","dt/ha (=100 kg/ha), at 15% moisture",Unspecified leaf rank; registry percent coverage,nfts_68027,0.034978663361503813,0.035605067381371099,0.070616580299206158,0.076923076923076927,False,False,False,False
nfts_68027,68027,090872222-001,2022,55.449407420030099,11.904165761971999,4,6,Pondus,True,1,6,90.900000000000006,93.5,9.0899999999999999,9.3499999999999996,85.799999999999997,95.900000000000006,88.400000000000006,98.599999999999994,Specified trial fungicide schedule; every treated comparator retained; complete protection not assumed.,Randomized within-trial fungicide treatment vs untreated code1; comparators share one control.,True,nfts_denmark2022_090872222_001.html,https://nfts.dlbr.dk/Forms/Dokumentation.aspx?KardexID=68027&applLangID=en,0.25999999999999801,0.027807486631015801,Observed fungicide-associated yield difference; STB-only or disease-free counterfactual not identified.,1,2022-07-11,0,0,0,0,9,0,0,0,0,3,0,True,True,True,True,True,True,True,True,True,True,True,True,True,True,True,True,True,4,1,1,0,True,True,2022-07-11,nfts_68027|1|6|leaf0,nfts_68027|1,0.027807486631015899,6,0,0,0,True,True,True,True,False,77,77,"Alpha-design, 1 factor","dt/ha (=100 kg/ha), at 15% moisture",Unspecified leaf rank; registry percent coverage,nfts_68027,0.034978663361503813,0.035605067381371099,0.070616580299206158,0.076923076923076927,False,False,False,False
nfts_68027,68027,090872222-001,2022,55.449407420030099,11.904165761971999,4,7,Pondus,True,1,7,90.900000000000006,89,9.0899999999999999,8.9000000000000004,85.799999999999997,95.900000000000006,83.5,94.5,Specified trial fungicide schedule; every treated comparator retained; complete protection not assumed.,Randomized within-trial fungicide treatment vs untreated code1; comparators share one control.,True,nfts_denmark2022_090872222_001.html,https://nfts.dlbr.dk/Forms/Dokumentation.aspx?KardexID=68027&applLangID=en,-0.1900000000000012,-0.021348314606741602,Observed fungicide-associated yield difference; STB-only or disease-free counterfactual not identified.,1,2022-07-11,0,0,0,0,9,0,0,0.01,0,4,0,True,True,True,True,True,True,True,True,True,True,True,True,True,True,True,True,False,4,1,1,0,False,False,2022-07-11,nfts_68027|1|7|leaf0,nfts_68027|1,-0.021348314606741602,5,0,0,0,True,True,False,False,False,77,77,"Alpha-design, 1 factor","dt/ha (=100 kg/ha), at 15% moisture",Unspecified leaf rank; registry percent coverage,nfts_68027,0.029235030059603099,0.029670889484475913,0.070616580299206158,0.076923076923076927,True,False,False,False
nfts_68027,68027,090872222-001,2022,55.449407420030099,11.904165761971999,4,8,Pondus,True,1,8,90.900000000000006,93.799999999999997,9.0899999999999999,9.3800000000000008,85.799999999999997,95.900000000000006,88.700000000000003,98.900000000000006,Specified trial fungicide schedule; every treated comparator retained; complete protection not assumed.,Randomized within-trial fungicide treatment vs untreated code1; comparators share one control.,True,nfts_denmark2022_090872222_001.html,https://nfts.dlbr.dk/Forms/Dokumentation.aspx?KardexID=68027&applLangID=en,0.28999999999999898,0.0309168443496801,Observed fungicide-associated yield difference; STB-only or disease-free counterfactual not identified.,1,2022-07-11,0,0,0,0,9,0,0,0,0,3,0,True,True,True,True,True,True,True,True,True,True,True,True,True,True,True,True,True,4,1,1,0,True,True,2022-07-11,nfts_68027|1|8|leaf0,nfts_68027|1,0.0309168443496801,6,0,0,0,True,True,True,True,False,77,77,"Alpha-design, 1 factor","dt/ha (=100 kg/ha), at 15% moisture",Unspecified leaf rank; registry percent coverage,nfts_68027,0.034978663361503813,0.035605067381371099,0.070616580299206158,0.076923076923076927,False,False,False,False
nfts_68027,68027,090872222-001,2022,55.449407420030099,11.904165761971999,4,9,Pondus,True,1,9,90.900000000000006,93.400000000000006,9.0899999999999999,9.3399999999999999,85.799999999999997,95.900000000000006,88.299999999999997,98.400000000000006,Specified trial fungicide schedule; every treated comparator retained; complete protection not assumed.,Randomized within-trial fungicide treatment vs untreated code1; comparators share one control.,True,nfts_denmark2022_090872222_001.html,https://nfts.dlbr.dk/Forms/Dokumentation.aspx?KardexID=68027&applLangID=en,0.25,0.026766595289079102,Observed fungicide-associated yield difference; STB-only or disease-free counterfactual not identified.,1,2022-07-11,0,0,0,0,9,0,0,0,0,3,0,True,True,True,True,True,True,True,True,True,True,True,True,True,True,True,True,True,4,1,1,0,True,True,2022-07-11,nfts_68027|1|9|leaf0,nfts_68027|1,0.026766595289079199,6,0,0,0,True,True,True,True,False,77,77,"Alpha-design, 1 factor","dt/ha (=100 kg/ha), at 15% moisture",Unspecified leaf rank; registry percent coverage,nfts_68027,0.034978663361503813,0.035605067381371099,0.070616580299206158,0.076923076923076927,False,False,False,False
nfts_68027,68027,090872222-001,2022,55.449407420030099,11.904165761971999,4,10,Pondus,True,1,10,90.900000000000006,90.599999999999994,9.0899999999999999,9.0600000000000005,85.799999999999997,95.900000000000006,85.5,95.700000000000003,Specified trial fungicide schedule; every treated comparator retained; complete protection not assumed.,Randomized within-trial fungicide treatment vs untreated code1; comparators share one control.,True,nfts_denmark2022_090872222_001.html,https://nfts.dlbr.dk/Forms/Dokumentation.aspx?KardexID=68027&applLangID=en,-0.030000000000001002,-0.0033112582781457001,Observed fungicide-associated yield difference; STB-only or disease-free counterfactual not identified.,1,2022-07-11,0,0,0,0,9,0,0,0.02,0,3,0,True,True,True,True,True,True,True,True,True,True,True,True,True,True,True,True,False,4,1,1,0,False,False,2022-07-11,nfts_68027|1|10|leaf0,nfts_68027|1,-0.0033112582781457999,6,0,0,0,True,True,False,False,False,77,77,"Alpha-design, 1 factor","dt/ha (=100 kg/ha), at 15% moisture",Unspecified leaf rank; registry percent coverage,nfts_68027,0.034978663361503813,0.035605067381371099,0.070616580299206158,0.076923076923076927,True,False,False,False
nfts_68027,68027,090872222-001,2022,55.449407420030099,11.904165761971999,4,11,Pondus,True,1,11,90.900000000000006,89.299999999999997,9.0899999999999999,8.9299999999999997,85.799999999999997,95.900000000000006,84.200000000000003,94.400000000000006,Specified trial fungicide schedule; every treated comparator retained; complete protection not assumed.,Randomized within-trial fungicide treatment vs untreated code1; comparators share one control.,True,nfts_denmark2022_090872222_001.html,https://nfts.dlbr.dk/Forms/Dokumentation.aspx?KardexID=68027&applLangID=en,-0.16000000000000181,-0.017917133258678601,Observed fungicide-associated yield difference; STB-only or disease-free counterfactual not identified.,1,2022-07-11,0,0,0,0,9,0,0,0.02,0,4,0,True,True,True,True,True,True,True,True,True,True,True,True,True,True,True,True,False,4,1,1,0,False,False,2022-07-11,nfts_68027|1|11|leaf0,nfts_68027|1,-0.017917133258678698,5,0,0,0,True,True,False,False,False,77,77,"Alpha-design, 1 factor","dt/ha (=100 kg/ha), at 15% moisture",Unspecified leaf rank; registry percent coverage,nfts_68027,0.029235030059603099,0.029670889484475913,0.070616580299206158,0.076923076923076927,True,False,False,False
nfts_68027,68027,090872222-001,2022,55.449407420030099,11.904165761971999,4,12,Pondus,True,1,12,90.900000000000006,93.5,9.0899999999999999,9.3499999999999996,85.799999999999997,95.900000000000006,88.5,98.599999999999994,Specified trial fungicide schedule; every treated comparator retained; complete protection not assumed.,Randomized within-trial fungicide treatment vs untreated code1; comparators share one control.,True,nfts_denmark2022_090872222_001.html,https://nfts.dlbr.dk/Forms/Dokumentation.aspx?KardexID=68027&applLangID=en,0.25999999999999801,0.027807486631015801,Observed fungicide-associated yield difference; STB-only or disease-free counterfactual not identified.,1,2022-07-11,0,0,0,0,9,0,0,0,0,3,0,True,True,True,True,True,True,True,True,True,True,True,True,True,True,True,True,True,4,2,2,53,True,True,"2022-05-19, 2022-07-11",nfts_68027|1|12|leaf0,nfts_68027|1,0.027807486631015899,6,0,0,0,True,True,True,True,False,77,77,"Alpha-design, 1 factor","dt/ha (=100 kg/ha), at 15% moisture",Unspecified leaf rank; registry percent coverage,nfts_68027,0.034978663361503813,0.035605067381371099,0.070616580299206158,0.076923076923076927,False,False,False,False
nfts_68027,68027,090872222-001,2022,55.449407420030099,11.904165761971999,4,13,Pondus,True,1,13,90.900000000000006,94.5,9.0899999999999999,9.4499999999999993,85.799999999999997,95.900000000000006,89.5,99.599999999999994,Specified trial fungicide schedule; every treated comparator retained; complete protection not assumed.,Randomized within-trial fungicide treatment vs untreated code1; comparators share one control.,True,nfts_denmark2022_090872222_001.html,https://nfts.dlbr.dk/Forms/Dokumentation.aspx?KardexID=68027&applLangID=en,0.3599999999999976,0.038095238095238002,Observed fungicide-associated yield difference; STB-only or disease-free counterfactual not identified.,1,2022-07-11,0,0,0,0,9,0,0,0,0,4,0,True,True,True,True,True,True,True,True,True,True,True,True,True,True,True,True,True,4,2,2,53,True,True,"2022-05-19, 2022-07-11",nfts_68027|1|13|leaf0,nfts_68027|1,0.038095238095238002,5,0,0,0,True,True,True,True,False,77,77,"Alpha-design, 1 factor","dt/ha (=100 kg/ha), at 15% moisture",Unspecified leaf rank; registry percent coverage,nfts_68027,0.029235030059603099,0.029670889484475913,0.070616580299206158,0.076923076923076927,False,False,False,False
nfts_68027,68027,090872222-001,2022,55.449407420030099,11.904165761971999,4,14,Pondus,True,1,14,90.900000000000006,91.799999999999997,9.0899999999999999,9.1799999999999997,85.799999999999997,95.900000000000006,86.700000000000003,96.900000000000006,Specified trial fungicide schedule; every treated comparator retained; complete protection not assumed.,Randomized within-trial fungicide treatment vs untreated code1; comparators share one control.,True,nfts_denmark2022_090872222_001.html,https://nfts.dlbr.dk/Forms/Dokumentation.aspx?KardexID=68027&applLangID=en,0.089999999999997901,0.0098039215686271993,Observed fungicide-associated yield difference; STB-only or disease-free counterfactual not identified.,1,2022-07-11,0,0,0,0,9,0,0,0.02,0,5,0,True,True,True,True,True,True,True,True,True,True,True,True,True,True,True,True,False,4,2,2,53,False,False,"2022-05-19, 2022-07-11",nfts_68027|1|14|leaf0,nfts_68027|1,0.0098039215686272999,4,0,0,0,True,True,False,False,False,77,77,"Alpha-design, 1 factor","dt/ha (=100 kg/ha), at 15% moisture",Unspecified leaf rank; registry percent coverage,nfts_68027,0.023457211686083543,0.023736711587580731,0.070616580299206158,0.076923076923076927,False,False,False,False
nfts_71966,71966,090822424-001,2024,56.203798291523,9.9694366686228406,4,2,DLG Wheat Mix Top Yield,True,1,2,89.400000000000006,97.700000000000003,8.9400000000000013,9.7699999999999996,87,91.900000000000006,95.200000000000003,100.09999999999999,Specified trial fungicide schedule; every treated comparator retained; complete protection not assumed.,Randomized within-trial fungicide treatment vs untreated code1; comparators share one control.,True,nfts_denmark2024_090822424_001.html,https://nfts.dlbr.dk/Forms/Dokumentation.aspx?KardexID=71966&applLangID=en,0.82999999999999818,0.084953940634595701,Observed fungicide-associated yield difference; STB-only or disease-free counterfactual not identified.,1,2024-07-11,0,6,0.5,0,36,0,0,0.20000000000000001,0,22,0,True,True,True,True,True,True,True,True,True,True,True,False,False,True,True,False,False,4,3,3,48,False,False,"2024-05-24, 2024-06-06, 2024-07-11",nfts_71966|1|2|leaf0,nfts_71966|1,0.084953940634595701,14,0,6,0,True,True,False,False,False,77,77,"Complete block trial, 1 factor (Randomized)","dt/ha (=100 kg/ha), at 15% moisture",Unspecified leaf rank; registry percent coverage,nfts_71966,0.08220608066823154,0.085782402308366937,0.064973942376698304,0.1111111111111111,False,False,False,False
nfts_71966,71966,090822424-001,2024,56.203798291523,9.9694366686228406,4,3,DLG Wheat Mix Top Yield,True,1,3,89.400000000000006,94.5,8.9400000000000013,9.4499999999999993,87,91.900000000000006,92,96.900000000000006,Specified trial fungicide schedule; every treated comparator retained; complete protection not assumed.,Randomized within-trial fungicide treatment vs untreated code1; comparators share one control.,True,nfts_denmark2024_090822424_001.html,https://nfts.dlbr.dk/Forms/Dokumentation.aspx?KardexID=71966&applLangID=en,0.50999999999999801,0.0539682539682537,Observed fungicide-associated yield difference; STB-only or disease-free counterfactual not identified.,1,2024-07-11,0,6,0.5,0,36,0,0,0.80000000000000004,0,22,0,True,True,True,True,True,True,True,True,True,True,True,False,False,True,True,False,False,4,2,2,35,False,False,"2024-06-06, 2024-07-11",nfts_71966|1|3|leaf0,nfts_71966|1,0.053968253968253797,14,0,6,0,True,True,False,False,False,77,77,"Complete block trial, 1 factor (Randomized)","dt/ha (=100 kg/ha), at 15% moisture",Unspecified leaf rank; registry percent coverage,nfts_71966,0.08220608066823154,0.085782402308366937,0.064973942376698304,0.1111111111111111,False,False,False,False
nfts_71966,71966,090822424-001,2024,56.203798291523,9.9694366686228406,4,4,DLG Wheat Mix Top Yield,True,1,4,89.400000000000006,94.900000000000006,8.9400000000000013,9.4900000000000002,87,91.900000000000006,92.5,97.400000000000006,Specified trial fungicide schedule; every treated comparator retained; complete protection not assumed.,Randomized within-trial fungicide treatment vs untreated code1; comparators share one control.,True,nfts_denmark2024_090822424_001.html,https://nfts.dlbr.dk/Forms/Dokumentation.aspx?KardexID=71966&applLangID=en,0.54999999999999893,0.057955742887249501,Observed fungicide-associated yield difference; STB-only or disease-free counterfactual not identified.,1,2024-07-11,0,6,0.5,0,36,0,0,0.80000000000000004,0,20,0,True,True,True,True,True,True,True,True,True,True,True,False,False,True,True,False,False,4,1,1,0,False,False,2024-07-11,nfts_71966|1|4|leaf0,nfts_71966|1,0.057955742887249598,16,0,6,0,True,True,False,False,False,77,77,"Complete block trial, 1 factor (Randomized)","dt/ha (=100 kg/ha), at 15% moisture",Unspecified leaf rank; registry percent coverage,nfts_71966,0.093384669929992434,0.098037031209562212,0.064973942376698304,0.1111111111111111,False,False,False,False
nfts_71966,71966,090822424-001,2024,56.203798291523,9.9694366686228406,4,5,DLG Wheat Mix Top Yield,True,1,5,89.400000000000006,94.400000000000006,8.9400000000000013,9.4399999999999995,87,91.900000000000006,91.900000000000006,96.799999999999997,Specified trial fungicide schedule; every treated comparator retained; complete protection not assumed.,Randomized within-trial fungicide treatment vs untreated code1; comparators share one control.,True,nfts_denmark2024_090822424_001.html,https://nfts.dlbr.dk/Forms/Dokumentation.aspx?KardexID=71966&applLangID=en,0.49999999999999822,0.052966101694915203,Observed fungicide-associated yield difference; STB-only or disease-free counterfactual not identified.,1,2024-07-11,0,6,0.5,0,36,0,0,0.5,0,24,0,True,True,True,True,True,True,True,True,True,True,True,False,False,True,True,False,False,4,1,1,0,False,False,2024-07-11,nfts_71966|1|5|leaf0,nfts_71966|1,0.052966101694915203,12,0,6,0,True,True,False,False,False,77,77,"Complete block trial, 1 factor (Randomized)","dt/ha (=100 kg/ha), at 15% moisture",Unspecified leaf rank; registry percent coverage,nfts_71966,0.070889659126628757,0.073527773407171662,0.064973942376698304,0.1111111111111111,False,False,False,False
nfts_71966,71966,090822424-001,2024,56.203798291523,9.9694366686228406,4,6,DLG Wheat Mix Top Yield,True,1,6,89.400000000000006,91.400000000000006,8.9400000000000013,9.1400000000000006,87,91.900000000000006,89,93.900000000000006,Specified trial fungicide schedule; every treated comparator retained; complete protection not assumed.,Randomized within-trial fungicide treatment vs untreated code1; comparators share one control.,True,nfts_denmark2024_090822424_001.html,https://nfts.dlbr.dk/Forms/Dokumentation.aspx?KardexID=71966&applLangID=en,0.19999999999999921,0.0218818380743982,Observed fungicide-associated yield difference; STB-only or disease-free counterfactual not identified.,1,2024-07-11,0,6,0.5,0,36,0,0.5,0.5,0,25,0,True,True,True,True,True,True,True,True,True,True,True,False,False,True,True,False,False,4,1,1,0,False,False,2024-07-11,nfts_71966|1|6|leaf0,nfts_71966|1,0.0218818380743982,11,0,5.5,0,True,True,False,False,False,77,77,"Complete block trial, 1 factor (Randomized)","dt/ha (=100 kg/ha), at 15% moisture",Unspecified leaf rank; registry percent coverage,nfts_71966,0.065179230980352401,0.067400458956574025,0.064973942376698304,0.1111111111111111,False,False,False,False
nfts_71966,71966,090822424-001,2024,56.203798291523,9.9694366686228406,4,7,DLG Wheat Mix Top Yield,True,1,7,89.400000000000006,95.900000000000006,8.9400000000000013,9.5899999999999999,87,91.900000000000006,93.400000000000006,98.299999999999997,Specified trial fungicide schedule; every treated comparator retained; complete protection not assumed.,Randomized within-trial fungicide treatment vs untreated code1; comparators share one control.,True,nfts_denmark2024_090822424_001.html,https://nfts.dlbr.dk/Forms/Dokumentation.aspx?KardexID=71966&applLangID=en,0.65000000000000036,0.067778936392075106,Observed fungicide-associated yield difference; STB-only or disease-free counterfactual not identified.,1,2024-07-11,0,6,0.5,0,36,0,0.80000000000000004,0.5,0,22,0,True,True,True,True,True,True,True,True,True,True,True,False,False,True,True,False,False,4,1,1,0,False,False,2024-07-11,nfts_71966|1|7|leaf0,nfts_71966|1,0.067778936392075106,14,0,5.2000000000000002,0,True,True,False,False,False,77,77,"Complete block trial, 1 factor (Randomized)","dt/ha (=100 kg/ha), at 15% moisture",Unspecified leaf rank; registry percent coverage,nfts_71966,0.08220608066823154,0.085782402308366937,0.064973942376698304,0.1111111111111111,False,False,False,False
nfts_71966,71966,090822424-001,2024,56.203798291523,9.9694366686228406,4,8,DLG Wheat Mix Top Yield,True,1,8,89.400000000000006,95,8.9400000000000013,9.5,87,91.900000000000006,92.5,97.400000000000006,Specified trial fungicide schedule; every treated comparator retained; complete protection not assumed.,Randomized within-trial fungicide treatment vs untreated code1; comparators share one control.,True,nfts_denmark2024_090822424_001.html,https://nfts.dlbr.dk/Forms/Dokumentation.aspx?KardexID=71966&applLangID=en,0.55999999999999872,0.058947368421052401,Observed fungicide-associated yield difference; STB-only or disease-free counterfactual not identified.,1,2024-07-11,0,6,0.5,0,36,0,0,0,0,21,0,True,True,True,True,True,True,True,True,True,True,True,False,False,True,True,False,False,4,1,1,0,False,False,2024-07-11,nfts_71966|1|8|leaf0,nfts_71966|1,0.058947368421052498,15,0,6,0,True,True,False,False,False,77,77,"Complete block trial, 1 factor (Randomized)","dt/ha (=100 kg/ha), at 15% moisture",Unspecified leaf rank; registry percent coverage,nfts_71966,0.087812498928418151,0.091909716758964574,0.064973942376698304,0.1111111111111111,False,False,False,False
nfts_71966,71966,090822424-001,2024,56.203798291523,9.9694366686228406,4,9,DLG Wheat Mix Top Yield,True,1,9,89.400000000000006,93.099999999999994,8.9400000000000013,9.3100000000000005,87,91.900000000000006,90.599999999999994,95.5,Specified trial fungicide schedule; every treated comparator retained; complete protection not assumed.,Randomized within-trial fungicide treatment vs untreated code1; comparators share one control.,True,nfts_denmark2024_090822424_001.html,https://nfts.dlbr.dk/Forms/Dokumentation.aspx?KardexID=71966&applLangID=en,0.36999999999999922,0.039742212674543302,Observed fungicide-associated yield difference; STB-only or disease-free counterfactual not identified.,1,2024-07-11,0,6,0.5,0,36,0,0.80000000000000004,0.5,0,23,0,True,True,True,True,True,True,True,True,True,True,True,False,False,True,True,False,False,4,1,1,0,False,False,2024-07-11,nfts_71966|1|9|leaf0,nfts_71966|1,0.039742212674543302,13,0,5.2000000000000002,0,True,True,False,False,False,77,77,"Complete block trial, 1 factor (Randomized)","dt/ha (=100 kg/ha), at 15% moisture",Unspecified leaf rank; registry percent coverage,nfts_71966,0.076565204661505751,0.079655087857769299,0.064973942376698304,0.1111111111111111,False,False,False,False
nfts_71966,71966,090822424-001,2024,56.203798291523,9.9694366686228406,4,10,DLG Wheat Mix Top Yield,True,1,10,89.400000000000006,93.5,8.9400000000000013,9.3499999999999996,87,91.900000000000006,91.099999999999994,96,Specified trial fungicide schedule; every treated comparator retained; complete protection not assumed.,Randomized within-trial fungicide treatment vs untreated code1; comparators share one control.,True,nfts_denmark2024_090822424_001.html,https://nfts.dlbr.dk/Forms/Dokumentation.aspx?KardexID=71966&applLangID=en,0.40999999999999831,0.043850267379679002,Observed fungicide-associated yield difference; STB-only or disease-free counterfactual not identified.,1,2024-07-11,0,6,0.5,0,36,0,0,0,0,26,0,True,True,True,True,True,True,True,True,True,True,True,False,False,True,True,False,False,4,1,1,0,False,False,2024-07-11,nfts_71966|1|10|leaf0,nfts_71966|1,0.043850267379679099,10,0,6,0,True,True,False,False,False,77,77,"Complete block trial, 1 factor (Randomized)","dt/ha (=100 kg/ha), at 15% moisture",Unspecified leaf rank; registry percent coverage,nfts_71966,0.05943370582979219,0.06127314450597638,0.064973942376698304,0.1111111111111111,False,False,False,False
