field_index,field_id,dataset_id,source_unit,season_year,site_id,country,latitude,longitude,sowing_date,sowing_basis,wheat_type,first_forcing_date,last_forcing_date,forcing_days,calendar_known_at_sowing_assumed,partition,event,source,coordinate_year,physical_unit,lower_exclusive,upper_inclusive,censoring,eligible_constraint,genuinely_bracketed,reason,n_distinct_stage_dates,n_lower_bound_dates,n_upper_bound_dates,bracket_width_days,constraint_record_present,tpv_date,forcing_end
0,basf-wheat-diseases|1|2017,basf-wheat-diseases,1,2017,era5loc_dd89cccfc605,GERMANY,48.3,12.0,2016-09-30,calendar_scenario_not_observed,winter_wheat_scenario,2016-09-30,2017-06-26,270,True,calibration,31,BASF,era5loc_dd89cccfc605|2017,1,,2017-05-18,left,True,False,,5.0,0.0,5.0,,True,2017-04-13,2017-06-26
0,basf-wheat-diseases|1|2017,basf-wheat-diseases,1,2017,era5loc_dd89cccfc605,GERMANY,48.3,12.0,2016-09-30,calendar_scenario_not_observed,winter_wheat_scenario,2016-09-30,2017-06-26,270,True,calibration,39,BASF,era5loc_dd89cccfc605|2017,1,,2017-05-29,left,True,False,,5.0,0.0,4.0,,True,2017-05-16,2017-06-26
0,basf-wheat-diseases|1|2017,basf-wheat-diseases,1,2017,era5loc_dd89cccfc605,GERMANY,48.3,12.0,2016-09-30,calendar_scenario_not_observed,winter_wheat_scenario,2016-09-30,2017-06-26,270,True,calibration,65,BASF,era5loc_dd89cccfc605|2017,1,2017-05-29,2017-06-06,interval,True,True,,5.0,2.0,3.0,8.0,True,2017-06-06,2017-06-26
0,basf-wheat-diseases|1|2017,basf-wheat-diseases,1,2017,era5loc_dd89cccfc605,GERMANY,48.3,12.0,2016-09-30,calendar_scenario_not_observed,winter_wheat_scenario,2016-09-30,2017-06-26,270,True,calibration,85,BASF,era5loc_dd89cccfc605|2017,1,2017-06-26,,right,True,False,,5.0,5.0,0.0,,True,,2017-06-26
1,basf-wheat-diseases|10|2017,basf-wheat-diseases,10,2017,era5loc_d6117aa4523b,FRANCE,48.0,1.8,2016-10-30,calendar_scenario_not_observed,winter_wheat_scenario,2016-10-30,2017-06-22,236,True,calibration,31,BASF,era5loc_d6117aa4523b|2017,10,,2017-05-11,left,True,False,,4.0,0.0,4.0,,True,2017-04-06,2017-06-22
1,basf-wheat-diseases|10|2017,basf-wheat-diseases,10,2017,era5loc_d6117aa4523b,FRANCE,48.0,1.8,2016-10-30,calendar_scenario_not_observed,winter_wheat_scenario,2016-10-30,2017-06-22,236,True,calibration,39,BASF,era5loc_d6117aa4523b|2017,10,,2017-05-11,left,True,False,,4.0,0.0,4.0,,True,2017-05-09,2017-06-22
1,basf-wheat-diseases|10|2017,basf-wheat-diseases,10,2017,era5loc_d6117aa4523b,FRANCE,48.0,1.8,2016-10-30,calendar_scenario_not_observed,winter_wheat_scenario,2016-10-30,2017-06-22,236,True,calibration,65,BASF,era5loc_d6117aa4523b|2017,10,2017-05-11,2017-06-02,interval,True,True,,4.0,1.0,3.0,22.0,True,2017-05-31,2017-06-22
1,basf-wheat-diseases|10|2017,basf-wheat-diseases,10,2017,era5loc_d6117aa4523b,FRANCE,48.0,1.8,2016-10-30,calendar_scenario_not_observed,winter_wheat_scenario,2016-10-30,2017-06-22,236,True,calibration,85,BASF,era5loc_d6117aa4523b|2017,10,2017-06-22,,right,True,False,,4.0,4.0,0.0,,True,,2017-06-22
2,basf-wheat-diseases|11|2017,basf-wheat-diseases,11,2017,era5loc_c36c557e4afc,NETHERLANDS,53.4,6.7,2016-10-31,calendar_scenario_not_observed,winter_wheat_scenario,2016-10-31,2017-06-30,243,True,calibration,31,BASF,era5loc_c36c557e4afc|2017,11,,2017-05-22,left,True,False,,4.0,0.0,4.0,,True,2017-04-26,2017-06-30
2,basf-wheat-diseases|11|2017,basf-wheat-diseases,11,2017,era5loc_c36c557e4afc,NETHERLANDS,53.4,6.7,2016-10-31,calendar_scenario_not_observed,winter_wheat_scenario,2016-10-31,2017-06-30,243,True,calibration,39,BASF,era5loc_c36c557e4afc|2017,11,,2017-05-22,left,True,False,,4.0,0.0,4.0,,True,2017-05-22,2017-06-30
2,basf-wheat-diseases|11|2017,basf-wheat-diseases,11,2017,era5loc_c36c557e4afc,NETHERLANDS,53.4,6.7,2016-10-31,calendar_scenario_not_observed,winter_wheat_scenario,2016-10-31,2017-06-30,243,True,calibration,65,BASF,era5loc_c36c557e4afc|2017,11,2017-05-22,2017-06-14,interval,True,True,,4.0,1.0,3.0,23.0,True,2017-06-14,2017-06-30
2,basf-wheat-diseases|11|2017,basf-wheat-diseases,11,2017,era5loc_c36c557e4afc,NETHERLANDS,53.4,6.7,2016-10-31,calendar_scenario_not_observed,winter_wheat_scenario,2016-10-31,2017-06-30,243,True,calibration,85,BASF,era5loc_c36c557e4afc|2017,11,2017-06-30,,right,True,False,,4.0,4.0,0.0,,True,,2017-06-30
3,basf-wheat-diseases|12|2017,basf-wheat-diseases,12,2017,era5loc_1db395a204c4,POLAND,52.2,17.2,2016-10-02,calendar_scenario_not_observed,winter_wheat_scenario,2016-10-02,2017-06-21,263,True,calibration,31,BASF,era5loc_1db395a204c4|2017,12,,2017-05-22,left,True,False,,4.0,0.0,4.0,,True,2017-04-30,2017-06-21
3,basf-wheat-diseases|12|2017,basf-wheat-diseases,12,2017,era5loc_1db395a204c4,POLAND,52.2,17.2,2016-10-02,calendar_scenario_not_observed,winter_wheat_scenario,2016-10-02,2017-06-21,263,True,calibration,39,BASF,era5loc_1db395a204c4|2017,12,,2017-06-01,left,True,False,,4.0,0.0,3.0,,True,2017-05-23,2017-06-21
3,basf-wheat-diseases|12|2017,basf-wheat-diseases,12,2017,era5loc_1db395a204c4,POLAND,52.2,17.2,2016-10-02,calendar_scenario_not_observed,winter_wheat_scenario,2016-10-02,2017-06-21,263,True,calibration,65,BASF,era5loc_1db395a204c4|2017,12,2017-06-01,2017-06-21,interval,True,True,,4.0,2.0,1.0,20.0,True,2017-06-12,2017-06-21
3,basf-wheat-diseases|12|2017,basf-wheat-diseases,12,2017,era5loc_1db395a204c4,POLAND,52.2,17.2,2016-10-02,calendar_scenario_not_observed,winter_wheat_scenario,2016-10-02,2017-06-21,263,True,calibration,85,BASF,era5loc_1db395a204c4|2017,12,2017-06-21,,right,True,False,,4.0,4.0,0.0,,True,,2017-06-21
4,basf-wheat-diseases|13|2017,basf-wheat-diseases,13,2017,era5loc_8b7743800935,POLAND,51.0,17.8,2016-10-02,calendar_scenario_not_observed,winter_wheat_scenario,2016-10-02,2017-06-26,268,True,calibration,31,BASF,era5loc_8b7743800935|2017,13,,2017-06-02,left,True,False,,3.0,0.0,3.0,,True,2017-04-27,2017-06-26
4,basf-wheat-diseases|13|2017,basf-wheat-diseases,13,2017,era5loc_8b7743800935,POLAND,51.0,17.8,2016-10-02,calendar_scenario_not_observed,winter_wheat_scenario,2016-10-02,2017-06-26,268,True,calibration,39,BASF,era5loc_8b7743800935|2017,13,,2017-06-12,left,True,False,,3.0,0.0,2.0,,True,2017-05-21,2017-06-26
4,basf-wheat-diseases|13|2017,basf-wheat-diseases,13,2017,era5loc_8b7743800935,POLAND,51.0,17.8,2016-10-02,calendar_scenario_not_observed,winter_wheat_scenario,2016-10-02,2017-06-26,268,True,calibration,65,BASF,era5loc_8b7743800935|2017,13,2017-06-12,2017-06-26,interval,True,True,,3.0,2.0,1.0,14.0,True,2017-06-11,2017-06-26
4,basf-wheat-diseases|13|2017,basf-wheat-diseases,13,2017,era5loc_8b7743800935,POLAND,51.0,17.8,2016-10-02,calendar_scenario_not_observed,winter_wheat_scenario,2016-10-02,2017-06-26,268,True,calibration,85,BASF,era5loc_8b7743800935|2017,13,2017-06-26,,right,True,False,,3.0,3.0,0.0,,True,,2017-06-26
5,basf-wheat-diseases|14|2017,basf-wheat-diseases,14,2017,era5loc_b4c23217b405,POLAND,52.1,17.3,2016-10-02,calendar_scenario_not_observed,winter_wheat_scenario,2016-10-02,2017-06-21,263,True,calibration,31,BASF,era5loc_b4c23217b405|2017,14,,2017-06-11,left,True,False,,2.0,0.0,2.0,,True,2017-04-29,2017-06-21
5,basf-wheat-diseases|14|2017,basf-wheat-diseases,14,2017,era5loc_b4c23217b405,POLAND,52.1,17.3,2016-10-02,calendar_scenario_not_observed,winter_wheat_scenario,2016-10-02,2017-06-21,263,True,calibration,39,BASF,era5loc_b4c23217b405|2017,14,,2017-06-11,left,True,False,,2.0,0.0,2.0,,True,2017-05-22,2017-06-21
5,basf-wheat-diseases|14|2017,basf-wheat-diseases,14,2017,era5loc_b4c23217b405,POLAND,52.1,17.3,2016-10-02,calendar_scenario_not_observed,winter_wheat_scenario,2016-10-02,2017-06-21,263,True,calibration,65,BASF,era5loc_b4c23217b405|2017,14,2017-06-11,2017-06-21,interval,True,True,,2.0,1.0,1.0,10.0,True,2017-06-12,2017-06-21
5,basf-wheat-diseases|14|2017,basf-wheat-diseases,14,2017,era5loc_b4c23217b405,POLAND,52.1,17.3,2016-10-02,calendar_scenario_not_observed,winter_wheat_scenario,2016-10-02,2017-06-21,263,True,calibration,85,BASF,era5loc_b4c23217b405|2017,14,2017-06-21,,right,True,False,,2.0,2.0,0.0,,True,,2017-06-21
6,basf-wheat-diseases|15|2017,basf-wheat-diseases,15,2017,era5loc_01117578be52,POLAND,54.0,18.8,2016-10-02,calendar_scenario_not_observed,winter_wheat_scenario,2016-10-02,2017-07-13,285,True,calibration,31,BASF,era5loc_01117578be52|2017,15,,2017-07-03,left,True,False,,2.0,0.0,2.0,,True,2017-05-06,2017-07-13
6,basf-wheat-diseases|15|2017,basf-wheat-diseases,15,2017,era5loc_01117578be52,POLAND,54.0,18.8,2016-10-02,calendar_scenario_not_observed,winter_wheat_scenario,2016-10-02,2017-07-13,285,True,calibration,39,BASF,era5loc_01117578be52|2017,15,,2017-07-03,left,True,False,,2.0,0.0,2.0,,True,2017-05-27,2017-07-13
6,basf-wheat-diseases|15|2017,basf-wheat-diseases,15,2017,era5loc_01117578be52,POLAND,54.0,18.8,2016-10-02,calendar_scenario_not_observed,winter_wheat_scenario,2016-10-02,2017-07-13,285,True,calibration,65,BASF,era5loc_01117578be52|2017,15,,2017-07-03,left,True,False,,2.0,0.0,2.0,,True,2017-06-18,2017-07-13
6,basf-wheat-diseases|15|2017,basf-wheat-diseases,15,2017,era5loc_01117578be52,POLAND,54.0,18.8,2016-10-02,calendar_scenario_not_observed,winter_wheat_scenario,2016-10-02,2017-07-13,285,True,calibration,85,BASF,era5loc_01117578be52|2017,15,2017-07-13,,right,True,False,,2.0,2.0,0.0,,True,,2017-07-13
7,basf-wheat-diseases|16|2017,basf-wheat-diseases,16,2017,era5loc_bedbc80cc600,POLAND,52.2,16.6,2016-10-02,calendar_scenario_not_observed,winter_wheat_scenario,2016-10-02,2017-06-26,268,True,calibration,31,BASF,era5loc_bedbc80cc600|2017,16,,2017-05-16,left,True,False,,6.0,0.0,5.0,,True,2017-04-29,2017-06-26
7,basf-wheat-diseases|16|2017,basf-wheat-diseases,16,2017,era5loc_bedbc80cc600,POLAND,52.2,16.6,2016-10-02,calendar_scenario_not_observed,winter_wheat_scenario,2016-10-02,2017-06-26,268,True,calibration,39,BASF,era5loc_bedbc80cc600|2017,16,2017-05-16,2017-06-08,interval,True,True,,6.0,2.0,3.0,23.0,True,2017-05-22,2017-06-26
7,basf-wheat-diseases|16|2017,basf-wheat-diseases,16,2017,era5loc_bedbc80cc600,POLAND,52.2,16.6,2016-10-02,calendar_scenario_not_observed,winter_wheat_scenario,2016-10-02,2017-06-26,268,True,calibration,65,BASF,era5loc_bedbc80cc600|2017,16,2017-06-08,2017-06-20,interval,True,True,,6.0,4.0,2.0,12.0,True,2017-06-12,2017-06-26
7,basf-wheat-diseases|16|2017,basf-wheat-diseases,16,2017,era5loc_bedbc80cc600,POLAND,52.2,16.6,2016-10-02,calendar_scenario_not_observed,winter_wheat_scenario,2016-10-02,2017-06-26,268,True,calibration,85,BASF,era5loc_bedbc80cc600|2017,16,2017-06-26,,right,True,False,,6.0,6.0,0.0,,True,,2017-06-26
8,basf-wheat-diseases|17|2017,basf-wheat-diseases,17,2017,era5loc_c273764268e2,UNITED KINGDOM,52.7,0.9,2016-10-30,calendar_scenario_not_observed,winter_wheat_scenario,2016-10-30,2017-06-10,224,True,calibration,31,BASF,era5loc_c273764268e2|2017,17,,2017-06-10,left,True,False,,1.0,0.0,1.0,,True,2017-04-11,2017-06-10
8,basf-wheat-diseases|17|2017,basf-wheat-diseases,17,2017,era5loc_c273764268e2,UNITED KINGDOM,52.7,0.9,2016-10-30,calendar_scenario_not_observed,winter_wheat_scenario,2016-10-30,2017-06-10,224,True,calibration,39,BASF,era5loc_c273764268e2|2017,17,,2017-06-10,left,True,False,,1.0,0.0,1.0,,True,2017-05-14,2017-06-10
8,basf-wheat-diseases|17|2017,basf-wheat-diseases,17,2017,era5loc_c273764268e2,UNITED KINGDOM,52.7,0.9,2016-10-30,calendar_scenario_not_observed,winter_wheat_scenario,2016-10-30,2017-06-10,224,True,calibration,65,BASF,era5loc_c273764268e2|2017,17,,2017-06-10,left,True,False,,1.0,0.0,1.0,,True,2017-06-07,2017-06-10
8,basf-wheat-diseases|17|2017,basf-wheat-diseases,17,2017,era5loc_c273764268e2,UNITED KINGDOM,52.7,0.9,2016-10-30,calendar_scenario_not_observed,winter_wheat_scenario,2016-10-30,2017-06-10,224,True,calibration,85,BASF,era5loc_c273764268e2|2017,17,2017-06-10,,right,True,False,,1.0,1.0,0.0,,True,,2017-06-10
9,basf-wheat-diseases|18|2017,basf-wheat-diseases,18,2017,era5loc_6687f40ce729,UNITED KINGDOM,51.7,-1.9,2016-10-30,calendar_scenario_not_observed,winter_wheat_scenario,2016-10-30,2017-07-04,248,True,calibration,31,BASF,era5loc_6687f40ce729|2017,18,,2017-05-19,left,True,False,,5.0,0.0,5.0,,True,2017-04-12,2017-07-04
9,basf-wheat-diseases|18|2017,basf-wheat-diseases,18,2017,era5loc_6687f40ce729,UNITED KINGDOM,51.7,-1.9,2016-10-30,calendar_scenario_not_observed,winter_wheat_scenario,2016-10-30,2017-07-04,248,True,calibration,39,BASF,era5loc_6687f40ce729|2017,18,,2017-05-19,left,True,False,,5.0,0.0,5.0,,True,2017-05-14,2017-07-04
9,basf-wheat-diseases|18|2017,basf-wheat-diseases,18,2017,era5loc_6687f40ce729,UNITED KINGDOM,51.7,-1.9,2016-10-30,calendar_scenario_not_observed,winter_wheat_scenario,2016-10-30,2017-07-04,248,True,calibration,65,BASF,era5loc_6687f40ce729|2017,18,2017-06-06,2017-06-21,interval,True,True,,5.0,3.0,2.0,15.0,True,2017-06-08,2017-07-04
9,basf-wheat-diseases|18|2017,basf-wheat-diseases,18,2017,era5loc_6687f40ce729,UNITED KINGDOM,51.7,-1.9,2016-10-30,calendar_scenario_not_observed,winter_wheat_scenario,2016-10-30,2017-07-04,248,True,calibration,85,BASF,era5loc_6687f40ce729|2017,18,2017-07-04,,right,True,False,,5.0,5.0,0.0,,True,,2017-07-04
10,basf-wheat-diseases|19|2017,basf-wheat-diseases,19,2017,era5loc_ff52f903fe18,UNITED KINGDOM,51.9,0.2,2016-10-30,calendar_scenario_not_observed,winter_wheat_scenario,2016-10-30,2017-06-29,243,True,calibration,31,BASF,era5loc_ff52f903fe18|2017,19,,2017-04-21,left,True,False,,5.0,0.0,5.0,,True,2017-04-10,2017-06-29
10,basf-wheat-diseases|19|2017,basf-wheat-diseases,19,2017,era5loc_ff52f903fe18,UNITED KINGDOM,51.9,0.2,2016-10-30,calendar_scenario_not_observed,winter_wheat_scenario,2016-10-30,2017-06-29,243,True,calibration,39,BASF,era5loc_ff52f903fe18|2017,19,2017-05-12,2017-05-31,interval,True,True,,5.0,3.0,2.0,19.0,True,2017-05-13,2017-06-29
10,basf-wheat-diseases|19|2017,basf-wheat-diseases,19,2017,era5loc_ff52f903fe18,UNITED KINGDOM,51.9,0.2,2016-10-30,calendar_scenario_not_observed,winter_wheat_scenario,2016-10-30,2017-06-29,243,True,calibration,65,BASF,era5loc_ff52f903fe18|2017,19,2017-05-31,,right,True,False,,5.0,4.0,0.0,,True,2017-06-05,2017-06-29
10,basf-wheat-diseases|19|2017,basf-wheat-diseases,19,2017,era5loc_ff52f903fe18,UNITED KINGDOM,51.9,0.2,2016-10-30,calendar_scenario_not_observed,winter_wheat_scenario,2016-10-30,2017-06-29,243,True,calibration,85,BASF,era5loc_ff52f903fe18|2017,19,2017-06-08,,right,True,False,,5.0,5.0,0.0,,True,,2017-06-29
11,basf-wheat-diseases|2|2017,basf-wheat-diseases,2,2017,era5loc_98874af9c8d8,GERMANY,54.0,12.6,2016-10-16,calendar_scenario_not_observed,winter_wheat_scenario,2016-10-16,2017-07-03,261,True,calibration,31,BASF,era5loc_98874af9c8d8|2017,2,,2017-05-22,left,True,False,,4.0,0.0,4.0,,True,2017-05-04,2017-07-03
11,basf-wheat-diseases|2|2017,basf-wheat-diseases,2,2017,era5loc_98874af9c8d8,GERMANY,54.0,12.6,2016-10-16,calendar_scenario_not_observed,winter_wheat_scenario,2016-10-16,2017-07-03,261,True,calibration,39,BASF,era5loc_98874af9c8d8|2017,2,,2017-06-10,left,True,False,,4.0,0.0,3.0,,True,2017-05-25,2017-07-03
11,basf-wheat-diseases|2|2017,basf-wheat-diseases,2,2017,era5loc_98874af9c8d8,GERMANY,54.0,12.6,2016-10-16,calendar_scenario_not_observed,winter_wheat_scenario,2016-10-16,2017-07-03,261,True,calibration,65,BASF,era5loc_98874af9c8d8|2017,2,2017-06-10,2017-06-20,interval,True,True,,4.0,2.0,2.0,10.0,True,2017-06-16,2017-07-03
11,basf-wheat-diseases|2|2017,basf-wheat-diseases,2,2017,era5loc_98874af9c8d8,GERMANY,54.0,12.6,2016-10-16,calendar_scenario_not_observed,winter_wheat_scenario,2016-10-16,2017-07-03,261,True,calibration,85,BASF,era5loc_98874af9c8d8|2017,2,2017-07-03,,right,True,False,,4.0,4.0,0.0,,True,,2017-07-03
12,basf-wheat-diseases|20|2017,basf-wheat-diseases,20,2017,era5loc_5ab5ca0b5fe3,UNITED KINGDOM,52.1,1.0,2016-10-30,calendar_scenario_not_observed,winter_wheat_scenario,2016-10-30,2017-06-09,223,True,calibration,31,BASF,era5loc_5ab5ca0b5fe3|2017,20,,2017-04-29,left,True,False,,4.0,0.0,4.0,,True,2017-04-09,2017-06-09
12,basf-wheat-diseases|20|2017,basf-wheat-diseases,20,2017,era5loc_5ab5ca0b5fe3,UNITED KINGDOM,52.1,1.0,2016-10-30,calendar_scenario_not_observed,winter_wheat_scenario,2016-10-30,2017-06-09,223,True,calibration,39,BASF,era5loc_5ab5ca0b5fe3|2017,20,2017-04-29,2017-05-19,interval,True,True,,4.0,1.0,3.0,20.0,True,2017-05-12,2017-06-09
12,basf-wheat-diseases|20|2017,basf-wheat-diseases,20,2017,era5loc_5ab5ca0b5fe3,UNITED KINGDOM,52.1,1.0,2016-10-30,calendar_scenario_not_observed,winter_wheat_scenario,2016-10-30,2017-06-09,223,True,calibration,65,BASF,era5loc_5ab5ca0b5fe3|2017,20,2017-05-19,,right,True,False,,4.0,2.0,0.0,,True,2017-06-05,2017-06-09
12,basf-wheat-diseases|20|2017,basf-wheat-diseases,20,2017,era5loc_5ab5ca0b5fe3,UNITED KINGDOM,52.1,1.0,2016-10-30,calendar_scenario_not_observed,winter_wheat_scenario,2016-10-30,2017-06-09,223,True,calibration,85,BASF,era5loc_5ab5ca0b5fe3|2017,20,2017-06-09,,right,True,False,,4.0,4.0,0.0,,True,,2017-06-09
13,basf-wheat-diseases|23|2018,basf-wheat-diseases,23,2018,era5loc_d6117aa4523b,FRANCE,48.0,1.8,2017-10-31,calendar_scenario_not_observed,winter_wheat_scenario,2017-10-31,2018-06-12,225,True,calibration,31,BASF,era5loc_d6117aa4523b|2018,23,,2018-05-02,left,True,False,,4.0,0.0,4.0,,True,2018-04-12,2018-06-12
13,basf-wheat-diseases|23|2018,basf-wheat-diseases,23,2018,era5loc_d6117aa4523b,FRANCE,48.0,1.8,2017-10-31,calendar_scenario_not_observed,winter_wheat_scenario,2017-10-31,2018-06-12,225,True,calibration,39,BASF,era5loc_d6117aa4523b|2018,23,,2018-05-22,left,True,False,,4.0,0.0,3.0,,True,2018-05-06,2018-06-12
13,basf-wheat-diseases|23|2018,basf-wheat-diseases,23,2018,era5loc_d6117aa4523b,FRANCE,48.0,1.8,2017-10-31,calendar_scenario_not_observed,winter_wheat_scenario,2017-10-31,2018-06-12,225,True,calibration,65,BASF,era5loc_d6117aa4523b|2018,23,2018-05-02,2018-05-22,interval,True,True,,4.0,1.0,3.0,20.0,True,2018-05-29,2018-06-12
13,basf-wheat-diseases|23|2018,basf-wheat-diseases,23,2018,era5loc_d6117aa4523b,FRANCE,48.0,1.8,2017-10-31,calendar_scenario_not_observed,winter_wheat_scenario,2017-10-31,2018-06-12,225,True,calibration,85,BASF,era5loc_d6117aa4523b|2018,23,2018-05-22,,right,True,False,,4.0,2.0,0.0,,True,,2018-06-12
14,basf-wheat-diseases|24|2018,basf-wheat-diseases,24,2018,era5loc_c36c557e4afc,NETHERLANDS,53.4,6.7,2017-11-01,calendar_scenario_not_observed,winter_wheat_scenario,2017-11-01,2018-07-04,246,True,calibration,31,,,,,,none,False,False,no_archived_stage_constraint,,,,,False,2018-05-01,2018-07-04
14,basf-wheat-diseases|24|2018,basf-wheat-diseases,24,2018,era5loc_c36c557e4afc,NETHERLANDS,53.4,6.7,2017-11-01,calendar_scenario_not_observed,winter_wheat_scenario,2017-11-01,2018-07-04,246,True,calibration,39,,,,,,none,False,False,no_archived_stage_constraint,,,,,False,2018-05-21,2018-07-04
14,basf-wheat-diseases|24|2018,basf-wheat-diseases,24,2018,era5loc_c36c557e4afc,NETHERLANDS,53.4,6.7,2017-11-01,calendar_scenario_not_observed,winter_wheat_scenario,2017-11-01,2018-07-04,246,True,calibration,65,,,,,,none,False,False,no_archived_stage_constraint,,,,,False,2018-06-11,2018-07-04
14,basf-wheat-diseases|24|2018,basf-wheat-diseases,24,2018,era5loc_c36c557e4afc,NETHERLANDS,53.4,6.7,2017-11-01,calendar_scenario_not_observed,winter_wheat_scenario,2017-11-01,2018-07-04,246,True,calibration,85,,,,,,none,False,False,no_archived_stage_constraint,,,,,False,,2018-07-04
15,basf-wheat-diseases|25|2018,basf-wheat-diseases,25,2018,era5loc_2daae74efc65,POLAND,51.1,17.6,2017-10-03,calendar_scenario_not_observed,winter_wheat_scenario,2017-10-03,2018-06-15,256,True,calibration,31,BASF,era5loc_2daae74efc65|2018,25,,2018-05-14,left,True,False,,4.0,0.0,4.0,,True,2018-04-21,2018-06-15
15,basf-wheat-diseases|25|2018,basf-wheat-diseases,25,2018,era5loc_2daae74efc65,POLAND,51.1,17.6,2017-10-03,calendar_scenario_not_observed,winter_wheat_scenario,2017-10-03,2018-06-15,256,True,calibration,39,BASF,era5loc_2daae74efc65|2018,25,2018-05-14,2018-05-24,interval,True,True,,4.0,1.0,3.0,10.0,True,2018-05-10,2018-06-15
15,basf-wheat-diseases|25|2018,basf-wheat-diseases,25,2018,era5loc_2daae74efc65,POLAND,51.1,17.6,2017-10-03,calendar_scenario_not_observed,winter_wheat_scenario,2017-10-03,2018-06-15,256,True,calibration,65,BASF,era5loc_2daae74efc65|2018,25,2018-06-01,2018-06-15,interval,True,True,,4.0,3.0,1.0,14.0,True,2018-05-30,2018-06-15
15,basf-wheat-diseases|25|2018,basf-wheat-diseases,25,2018,era5loc_2daae74efc65,POLAND,51.1,17.6,2017-10-03,calendar_scenario_not_observed,winter_wheat_scenario,2017-10-03,2018-06-15,256,True,calibration,85,BASF,era5loc_2daae74efc65|2018,25,2018-06-15,,right,True,False,,4.0,4.0,0.0,,True,,2018-06-15
16,basf-wheat-diseases|26|2018,basf-wheat-diseases,26,2018,era5loc_cd0793ddaa5d,POLAND,50.3,18.5,2017-10-03,calendar_scenario_not_observed,winter_wheat_scenario,2017-10-03,2018-06-15,256,True,calibration,31,BASF,era5loc_cd0793ddaa5d|2018,26,,2018-05-16,left,True,False,,4.0,0.0,4.0,,True,2018-04-21,2018-06-15
16,basf-wheat-diseases|26|2018,basf-wheat-diseases,26,2018,era5loc_cd0793ddaa5d,POLAND,50.3,18.5,2017-10-03,calendar_scenario_not_observed,winter_wheat_scenario,2017-10-03,2018-06-15,256,True,calibration,39,BASF,era5loc_cd0793ddaa5d|2018,26,2018-05-16,2018-05-26,interval,True,True,,4.0,1.0,3.0,10.0,True,2018-05-10,2018-06-15
16,basf-wheat-diseases|26|2018,basf-wheat-diseases,26,2018,era5loc_cd0793ddaa5d,POLAND,50.3,18.5,2017-10-03,calendar_scenario_not_observed,winter_wheat_scenario,2017-10-03,2018-06-15,256,True,calibration,65,BASF,era5loc_cd0793ddaa5d|2018,26,2018-05-26,2018-06-05,interval,True,True,,4.0,2.0,2.0,10.0,True,2018-05-31,2018-06-15
16,basf-wheat-diseases|26|2018,basf-wheat-diseases,26,2018,era5loc_cd0793ddaa5d,POLAND,50.3,18.5,2017-10-03,calendar_scenario_not_observed,winter_wheat_scenario,2017-10-03,2018-06-15,256,True,calibration,85,BASF,era5loc_cd0793ddaa5d|2018,26,2018-06-15,,right,True,False,,4.0,4.0,0.0,,True,,2018-06-15
17,basf-wheat-diseases|27|2018,basf-wheat-diseases,27,2018,era5loc_1fa43db2787c,POLAND,53.7,20.2,2017-10-03,calendar_scenario_not_observed,winter_wheat_scenario,2017-10-03,2018-06-25,266,True,calibration,31,BASF,era5loc_1fa43db2787c|2018,27,,2018-05-16,left,True,False,,5.0,0.0,5.0,,True,2018-05-01,2018-06-25
17,basf-wheat-diseases|27|2018,basf-wheat-diseases,27,2018,era5loc_1fa43db2787c,POLAND,53.7,20.2,2017-10-03,calendar_scenario_not_observed,winter_wheat_scenario,2017-10-03,2018-06-25,266,True,calibration,39,BASF,era5loc_1fa43db2787c|2018,27,2018-05-16,2018-05-26,interval,True,True,,5.0,1.0,4.0,10.0,True,2018-05-19,2018-06-25
17,basf-wheat-diseases|27|2018,basf-wheat-diseases,27,2018,era5loc_1fa43db2787c,POLAND,53.7,20.2,2017-10-03,calendar_scenario_not_observed,winter_wheat_scenario,2017-10-03,2018-06-25,266,True,calibration,65,BASF,era5loc_1fa43db2787c|2018,27,2018-05-26,2018-06-05,interval,True,True,,5.0,2.0,3.0,10.0,True,2018-06-09,2018-06-25
17,basf-wheat-diseases|27|2018,basf-wheat-diseases,27,2018,era5loc_1fa43db2787c,POLAND,53.7,20.2,2017-10-03,calendar_scenario_not_observed,winter_wheat_scenario,2017-10-03,2018-06-25,266,True,calibration,85,BASF,era5loc_1fa43db2787c|2018,27,2018-06-15,,right,True,False,,5.0,4.0,0.0,,True,,2018-06-25
18,basf-wheat-diseases|28|2018,basf-wheat-diseases,28,2018,era5loc_b103a5cbfed5,UNITED KINGDOM,51.7,-2.0,2017-10-31,calendar_scenario_not_observed,winter_wheat_scenario,2017-10-31,2018-06-23,236,True,calibration,31,BASF,era5loc_b103a5cbfed5|2018,28,,2018-05-01,left,True,False,,6.0,0.0,6.0,,True,2018-04-23,2018-06-23
18,basf-wheat-diseases|28|2018,basf-wheat-diseases,28,2018,era5loc_b103a5cbfed5,UNITED KINGDOM,51.7,-2.0,2017-10-31,calendar_scenario_not_observed,winter_wheat_scenario,2017-10-31,2018-06-23,236,True,calibration,39,BASF,era5loc_b103a5cbfed5|2018,28,2018-05-11,2018-06-01,interval,True,True,,6.0,2.0,3.0,21.0,True,2018-05-19,2018-06-23
18,basf-wheat-diseases|28|2018,basf-wheat-diseases,28,2018,era5loc_b103a5cbfed5,UNITED KINGDOM,51.7,-2.0,2017-10-31,calendar_scenario_not_observed,winter_wheat_scenario,2017-10-31,2018-06-23,236,True,calibration,65,BASF,era5loc_b103a5cbfed5|2018,28,2018-06-01,2018-06-23,interval,True,True,,6.0,4.0,1.0,22.0,True,2018-06-11,2018-06-23
18,basf-wheat-diseases|28|2018,basf-wheat-diseases,28,2018,era5loc_b103a5cbfed5,UNITED KINGDOM,51.7,-2.0,2017-10-31,calendar_scenario_not_observed,winter_wheat_scenario,2017-10-31,2018-06-23,236,True,calibration,85,BASF,era5loc_b103a5cbfed5|2018,28,2018-06-23,,right,True,False,,6.0,6.0,0.0,,True,,2018-06-23
19,basf-wheat-diseases|29|2018,basf-wheat-diseases,29,2018,era5loc_c273764268e2,UNITED KINGDOM,52.7,0.9,2017-10-31,calendar_scenario_not_observed,winter_wheat_scenario,2017-10-31,2018-05-22,204,True,calibration,31,BASF,era5loc_c273764268e2|2018,29,,2018-05-01,left,True,False,,3.0,0.0,3.0,,True,2018-04-23,2018-05-22
19,basf-wheat-diseases|29|2018,basf-wheat-diseases,29,2018,era5loc_c273764268e2,UNITED KINGDOM,52.7,0.9,2017-10-31,calendar_scenario_not_observed,winter_wheat_scenario,2017-10-31,2018-05-22,204,True,calibration,39,BASF,era5loc_c273764268e2|2018,29,2018-05-01,2018-05-22,interval,True,True,,3.0,1.0,1.0,21.0,True,2018-05-20,2018-05-22
19,basf-wheat-diseases|29|2018,basf-wheat-diseases,29,2018,era5loc_c273764268e2,UNITED KINGDOM,52.7,0.9,2017-10-31,calendar_scenario_not_observed,winter_wheat_scenario,2017-10-31,2018-05-22,204,True,calibration,65,BASF,era5loc_c273764268e2|2018,29,2018-05-22,,right,True,False,,3.0,3.0,0.0,,True,,2018-05-22
19,basf-wheat-diseases|29|2018,basf-wheat-diseases,29,2018,era5loc_c273764268e2,UNITED KINGDOM,52.7,0.9,2017-10-31,calendar_scenario_not_observed,winter_wheat_scenario,2017-10-31,2018-05-22,204,True,calibration,85,BASF,era5loc_c273764268e2|2018,29,2018-05-22,,right,True,False,,3.0,3.0,0.0,,True,,2018-05-22
20,basf-wheat-diseases|30|2018,basf-wheat-diseases,30,2018,era5loc_300f965a2c3d,UNITED KINGDOM,52.2,0.1,2017-10-31,calendar_scenario_not_observed,winter_wheat_scenario,2017-10-31,2018-06-27,240,True,calibration,31,BASF,era5loc_300f965a2c3d|2018,30,,2018-06-01,left,True,False,,4.0,0.0,4.0,,True,2018-04-21,2018-06-27
20,basf-wheat-diseases|30|2018,basf-wheat-diseases,30,2018,era5loc_300f965a2c3d,UNITED KINGDOM,52.2,0.1,2017-10-31,calendar_scenario_not_observed,winter_wheat_scenario,2017-10-31,2018-06-27,240,True,calibration,39,BASF,era5loc_300f965a2c3d|2018,30,,2018-06-01,left,True,False,,4.0,0.0,4.0,,True,2018-05-15,2018-06-27
20,basf-wheat-diseases|30|2018,basf-wheat-diseases,30,2018,era5loc_300f965a2c3d,UNITED KINGDOM,52.2,0.1,2017-10-31,calendar_scenario_not_observed,winter_wheat_scenario,2017-10-31,2018-06-27,240,True,calibration,65,BASF,era5loc_300f965a2c3d|2018,30,2018-06-13,2018-06-20,interval,True,True,,4.0,2.0,2.0,7.0,True,2018-06-09,2018-06-27
20,basf-wheat-diseases|30|2018,basf-wheat-diseases,30,2018,era5loc_300f965a2c3d,UNITED KINGDOM,52.2,0.1,2017-10-31,calendar_scenario_not_observed,winter_wheat_scenario,2017-10-31,2018-06-27,240,True,calibration,85,BASF,era5loc_300f965a2c3d|2018,30,2018-06-27,,right,True,False,,4.0,4.0,0.0,,True,,2018-06-27
21,basf-wheat-diseases|4|2017,basf-wheat-diseases,4,2017,era5loc_a3b551fcca14,GERMANY,51.7,12.1,2016-10-16,calendar_scenario_not_observed,winter_wheat_scenario,2016-10-16,2017-06-16,244,True,calibration,31,BASF,era5loc_a3b551fcca14|2017,4,,2017-05-15,left,True,False,,3.0,0.0,3.0,,True,2017-04-24,2017-06-16
21,basf-wheat-diseases|4|2017,basf-wheat-diseases,4,2017,era5loc_a3b551fcca14,GERMANY,51.7,12.1,2016-10-16,calendar_scenario_not_observed,winter_wheat_scenario,2016-10-16,2017-06-16,244,True,calibration,39,BASF,era5loc_a3b551fcca14|2017,4,,2017-05-25,left,True,False,,3.0,0.0,2.0,,True,2017-05-19,2017-06-16
21,basf-wheat-diseases|4|2017,basf-wheat-diseases,4,2017,era5loc_a3b551fcca14,GERMANY,51.7,12.1,2016-10-16,calendar_scenario_not_observed,winter_wheat_scenario,2016-10-16,2017-06-16,244,True,calibration,65,BASF,era5loc_a3b551fcca14|2017,4,2017-05-25,2017-06-06,interval,True,True,,3.0,2.0,1.0,12.0,True,2017-06-09,2017-06-16
21,basf-wheat-diseases|4|2017,basf-wheat-diseases,4,2017,era5loc_a3b551fcca14,GERMANY,51.7,12.1,2016-10-16,calendar_scenario_not_observed,winter_wheat_scenario,2016-10-16,2017-06-16,244,True,calibration,85,BASF,era5loc_a3b551fcca14|2017,4,2017-06-06,,right,True,False,,3.0,3.0,0.0,,True,,2017-06-16
22,basf-wheat-diseases|5|2017,basf-wheat-diseases,5,2017,era5loc_d4b920707d9f,GERMANY,52.4,9.6,2016-09-30,calendar_scenario_not_observed,winter_wheat_scenario,2016-09-30,2017-06-28,272,True,calibration,31,BASF,era5loc_d4b920707d9f|2017,5,,2017-04-20,left,True,False,,7.0,0.0,7.0,,True,2017-04-12,2017-06-28
22,basf-wheat-diseases|5|2017,basf-wheat-diseases,5,2017,era5loc_d4b920707d9f,GERMANY,52.4,9.6,2016-09-30,calendar_scenario_not_observed,winter_wheat_scenario,2016-09-30,2017-06-28,272,True,calibration,39,BASF,era5loc_d4b920707d9f|2017,5,2017-05-10,2017-05-30,interval,True,True,,7.0,3.0,3.0,20.0,True,2017-05-16,2017-06-28
22,basf-wheat-diseases|5|2017,basf-wheat-diseases,5,2017,era5loc_d4b920707d9f,GERMANY,52.4,9.6,2016-09-30,calendar_scenario_not_observed,winter_wheat_scenario,2016-09-30,2017-06-28,272,True,calibration,65,BASF,era5loc_d4b920707d9f|2017,5,2017-06-09,2017-06-28,interval,True,True,,7.0,6.0,1.0,19.0,True,2017-06-06,2017-06-28
22,basf-wheat-diseases|5|2017,basf-wheat-diseases,5,2017,era5loc_d4b920707d9f,GERMANY,52.4,9.6,2016-09-30,calendar_scenario_not_observed,winter_wheat_scenario,2016-09-30,2017-06-28,272,True,calibration,85,BASF,era5loc_d4b920707d9f|2017,5,2017-06-28,,right,True,False,,7.0,7.0,0.0,,True,,2017-06-28
23,basf-wheat-diseases|6|2017,basf-wheat-diseases,6,2017,era5loc_374089cedfa0,FRANCE,46.9,-1.1,2016-10-30,calendar_scenario_not_observed,winter_wheat_scenario,2016-10-30,2017-06-09,223,True,calibration,31,BASF,era5loc_374089cedfa0|2017,6,,2017-04-20,left,True,False,,4.0,0.0,4.0,,True,2017-04-01,2017-06-09
23,basf-wheat-diseases|6|2017,basf-wheat-diseases,6,2017,era5loc_374089cedfa0,FRANCE,46.9,-1.1,2016-10-30,calendar_scenario_not_observed,winter_wheat_scenario,2016-10-30,2017-06-09,223,True,calibration,39,BASF,era5loc_374089cedfa0|2017,6,,2017-05-03,left,True,False,,4.0,0.0,3.0,,True,2017-05-03,2017-06-09
23,basf-wheat-diseases|6|2017,basf-wheat-diseases,6,2017,era5loc_374089cedfa0,FRANCE,46.9,-1.1,2016-10-30,calendar_scenario_not_observed,winter_wheat_scenario,2016-10-30,2017-06-09,223,True,calibration,65,BASF,era5loc_374089cedfa0|2017,6,2017-05-11,2017-06-09,interval,True,True,,4.0,3.0,1.0,29.0,True,2017-05-27,2017-06-09
23,basf-wheat-diseases|6|2017,basf-wheat-diseases,6,2017,era5loc_374089cedfa0,FRANCE,46.9,-1.1,2016-10-30,calendar_scenario_not_observed,winter_wheat_scenario,2016-10-30,2017-06-09,223,True,calibration,85,BASF,era5loc_374089cedfa0|2017,6,2017-06-09,,right,True,False,,4.0,4.0,0.0,,True,,2017-06-09
24,basf-wheat-diseases|7|2017,basf-wheat-diseases,7,2017,era5loc_fc0f9359f228,FRANCE,47.9,1.6,2016-10-30,calendar_scenario_not_observed,winter_wheat_scenario,2016-10-30,2017-06-13,227,True,calibration,31,BASF,era5loc_fc0f9359f228|2017,7,,2017-05-15,left,True,False,,3.0,0.0,3.0,,True,2017-04-06,2017-06-13
24,basf-wheat-diseases|7|2017,basf-wheat-diseases,7,2017,era5loc_fc0f9359f228,FRANCE,47.9,1.6,2016-10-30,calendar_scenario_not_observed,winter_wheat_scenario,2016-10-30,2017-06-13,227,True,calibration,39,BASF,era5loc_fc0f9359f228|2017,7,,2017-05-15,left,True,False,,3.0,0.0,3.0,,True,2017-05-09,2017-06-13
24,basf-wheat-diseases|7|2017,basf-wheat-diseases,7,2017,era5loc_fc0f9359f228,FRANCE,47.9,1.6,2016-10-30,calendar_scenario_not_observed,winter_wheat_scenario,2016-10-30,2017-06-13,227,True,calibration,65,BASF,era5loc_fc0f9359f228|2017,7,,2017-06-06,left,True,False,,3.0,0.0,2.0,,True,2017-05-31,2017-06-13
24,basf-wheat-diseases|7|2017,basf-wheat-diseases,7,2017,era5loc_fc0f9359f228,FRANCE,47.9,1.6,2016-10-30,calendar_scenario_not_observed,winter_wheat_scenario,2016-10-30,2017-06-13,227,True,calibration,85,BASF,era5loc_fc0f9359f228|2017,7,2017-06-06,,right,True,False,,3.0,1.0,0.0,,True,,2017-06-13
25,basf-wheat-diseases|76|2017,basf-wheat-diseases,76,2017,era5loc_6687f40ce729,UNITED KINGDOM,51.7,-1.9,2016-10-30,calendar_scenario_not_observed,winter_wheat_scenario,2016-10-30,2017-06-22,236,True,calibration,31,BASF,era5loc_6687f40ce729|2017,76,,2017-06-01,left,True,False,,2.0,0.0,2.0,,True,2017-04-12,2017-06-22
25,basf-wheat-diseases|76|2017,basf-wheat-diseases,76,2017,era5loc_6687f40ce729,UNITED KINGDOM,51.7,-1.9,2016-10-30,calendar_scenario_not_observed,winter_wheat_scenario,2016-10-30,2017-06-22,236,True,calibration,39,BASF,era5loc_6687f40ce729|2017,76,,2017-06-01,left,True,False,,2.0,0.0,2.0,,True,2017-05-14,2017-06-22
25,basf-wheat-diseases|76|2017,basf-wheat-diseases,76,2017,era5loc_6687f40ce729,UNITED KINGDOM,51.7,-1.9,2016-10-30,calendar_scenario_not_observed,winter_wheat_scenario,2016-10-30,2017-06-22,236,True,calibration,65,BASF,era5loc_6687f40ce729|2017,76,2017-06-01,2017-06-22,interval,True,True,,2.0,1.0,1.0,21.0,True,2017-06-08,2017-06-22
25,basf-wheat-diseases|76|2017,basf-wheat-diseases,76,2017,era5loc_6687f40ce729,UNITED KINGDOM,51.7,-1.9,2016-10-30,calendar_scenario_not_observed,winter_wheat_scenario,2016-10-30,2017-06-22,236,True,calibration,85,BASF,era5loc_6687f40ce729|2017,76,2017-06-22,,right,True,False,,2.0,2.0,0.0,,True,,2017-06-22
26,basf-wheat-diseases|8|2017,basf-wheat-diseases,8,2017,era5loc_d6117aa4523b,FRANCE,48.0,1.8,2016-10-30,calendar_scenario_not_observed,winter_wheat_scenario,2016-10-30,2017-06-14,228,True,calibration,31,BASF,era5loc_d6117aa4523b|2017,8,,2017-05-24,left,True,False,,4.0,0.0,4.0,,True,2017-04-06,2017-06-14
26,basf-wheat-diseases|8|2017,basf-wheat-diseases,8,2017,era5loc_d6117aa4523b,FRANCE,48.0,1.8,2016-10-30,calendar_scenario_not_observed,winter_wheat_scenario,2016-10-30,2017-06-14,228,True,calibration,39,BASF,era5loc_d6117aa4523b|2017,8,,2017-05-24,left,True,False,,4.0,0.0,4.0,,True,2017-05-09,2017-06-14
26,basf-wheat-diseases|8|2017,basf-wheat-diseases,8,2017,era5loc_d6117aa4523b,FRANCE,48.0,1.8,2016-10-30,calendar_scenario_not_observed,winter_wheat_scenario,2016-10-30,2017-06-14,228,True,calibration,65,BASF,era5loc_d6117aa4523b|2017,8,,2017-05-24,left,True,False,,4.0,0.0,4.0,,True,2017-05-31,2017-06-14
26,basf-wheat-diseases|8|2017,basf-wheat-diseases,8,2017,era5loc_d6117aa4523b,FRANCE,48.0,1.8,2016-10-30,calendar_scenario_not_observed,winter_wheat_scenario,2016-10-30,2017-06-14,228,True,calibration,85,BASF,era5loc_d6117aa4523b|2017,8,2017-05-31,,right,True,False,,4.0,1.0,0.0,,True,,2017-06-14
27,basf-wheat-diseases|9|2017,basf-wheat-diseases,9,2017,era5loc_23eef231ea98,FRANCE,49.8,2.9,2016-10-30,calendar_scenario_not_observed,winter_wheat_scenario,2016-10-30,2017-06-28,242,True,calibration,31,BASF,era5loc_23eef231ea98|2017,9,,2017-05-23,left,True,False,,4.0,0.0,4.0,,True,2017-04-10,2017-06-28
27,basf-wheat-diseases|9|2017,basf-wheat-diseases,9,2017,era5loc_23eef231ea98,FRANCE,49.8,2.9,2016-10-30,calendar_scenario_not_observed,winter_wheat_scenario,2016-10-30,2017-06-28,242,True,calibration,39,BASF,era5loc_23eef231ea98|2017,9,,2017-05-23,left,True,False,,4.0,0.0,4.0,,True,2017-05-13,2017-06-28
27,basf-wheat-diseases|9|2017,basf-wheat-diseases,9,2017,era5loc_23eef231ea98,FRANCE,49.8,2.9,2016-10-30,calendar_scenario_not_observed,winter_wheat_scenario,2016-10-30,2017-06-28,242,True,calibration,65,BASF,era5loc_23eef231ea98|2017,9,2017-05-23,2017-06-07,interval,True,True,,4.0,1.0,3.0,15.0,True,2017-06-03,2017-06-28
27,basf-wheat-diseases|9|2017,basf-wheat-diseases,9,2017,era5loc_23eef231ea98,FRANCE,49.8,2.9,2016-10-30,calendar_scenario_not_observed,winter_wheat_scenario,2016-10-30,2017-06-28,242,True,calibration,85,BASF,era5loc_23eef231ea98|2017,9,2017-06-07,,right,True,False,,4.0,2.0,0.0,,True,,2017-06-28
0,basf-wheat-diseases|31|2019,basf-wheat-diseases,31,2019,era5loc_fd369bfefe0b,BULGARIA,43.3,25.0,2018-10-01,calendar_scenario_not_observed,winter_wheat_scenario,2018-10-01,2019-06-11,254,True,reused_development_2019,31,BASF,era5loc_fd369bfefe0b|2019,31,,2019-05-02,left,True,False,,6.0,0.0,6.0,,True,2019-04-03,2019-06-11
0,basf-wheat-diseases|31|2019,basf-wheat-diseases,31,2019,era5loc_fd369bfefe0b,BULGARIA,43.3,25.0,2018-10-01,calendar_scenario_not_observed,winter_wheat_scenario,2018-10-01,2019-06-11,254,True,reused_development_2019,39,BASF,era5loc_fd369bfefe0b|2019,31,,2019-05-12,left,True,False,,6.0,0.0,5.0,,True,2019-05-02,2019-06-11
0,basf-wheat-diseases|31|2019,basf-wheat-diseases,31,2019,era5loc_fd369bfefe0b,BULGARIA,43.3,25.0,2018-10-01,calendar_scenario_not_observed,winter_wheat_scenario,2018-10-01,2019-06-11,254,True,reused_development_2019,65,BASF,era5loc_fd369bfefe0b|2019,31,2019-05-12,2019-06-01,interval,True,True,,6.0,2.0,3.0,20.0,True,2019-05-25,2019-06-11
0,basf-wheat-diseases|31|2019,basf-wheat-diseases,31,2019,era5loc_fd369bfefe0b,BULGARIA,43.3,25.0,2018-10-01,calendar_scenario_not_observed,winter_wheat_scenario,2018-10-01,2019-06-11,254,True,reused_development_2019,85,BASF,era5loc_fd369bfefe0b|2019,31,2019-06-11,,right,True,False,,6.0,6.0,0.0,,True,,2019-06-11
1,basf-wheat-diseases|32|2019,basf-wheat-diseases,32,2019,era5loc_fd369bfefe0b,BULGARIA,43.3,25.0,2018-10-01,calendar_scenario_not_observed,winter_wheat_scenario,2018-10-01,2019-06-10,253,True,reused_development_2019,31,BASF,era5loc_fd369bfefe0b|2019,32,,2019-05-02,left,True,False,,6.0,0.0,6.0,,True,2019-04-03,2019-06-10
1,basf-wheat-diseases|32|2019,basf-wheat-diseases,32,2019,era5loc_fd369bfefe0b,BULGARIA,43.3,25.0,2018-10-01,calendar_scenario_not_observed,winter_wheat_scenario,2018-10-01,2019-06-10,253,True,reused_development_2019,39,BASF,era5loc_fd369bfefe0b|2019,32,,2019-05-12,left,True,False,,6.0,0.0,5.0,,True,2019-05-02,2019-06-10
1,basf-wheat-diseases|32|2019,basf-wheat-diseases,32,2019,era5loc_fd369bfefe0b,BULGARIA,43.3,25.0,2018-10-01,calendar_scenario_not_observed,winter_wheat_scenario,2018-10-01,2019-06-10,253,True,reused_development_2019,65,BASF,era5loc_fd369bfefe0b|2019,32,2019-05-12,2019-06-01,interval,True,True,,6.0,2.0,3.0,20.0,True,2019-05-25,2019-06-10
1,basf-wheat-diseases|32|2019,basf-wheat-diseases,32,2019,era5loc_fd369bfefe0b,BULGARIA,43.3,25.0,2018-10-01,calendar_scenario_not_observed,winter_wheat_scenario,2018-10-01,2019-06-10,253,True,reused_development_2019,85,BASF,era5loc_fd369bfefe0b|2019,32,2019-06-10,,right,True,False,,6.0,6.0,0.0,,True,,2019-06-10
2,basf-wheat-diseases|33|2019,basf-wheat-diseases,33,2019,era5loc_fd369bfefe0b,BULGARIA,43.3,25.0,2018-10-01,calendar_scenario_not_observed,winter_wheat_scenario,2018-10-01,2019-06-11,254,True,reused_development_2019,31,BASF,era5loc_fd369bfefe0b|2019,33,,2019-05-15,left,True,False,,4.0,0.0,4.0,,True,2019-04-03,2019-06-11
2,basf-wheat-diseases|33|2019,basf-wheat-diseases,33,2019,era5loc_fd369bfefe0b,BULGARIA,43.3,25.0,2018-10-01,calendar_scenario_not_observed,winter_wheat_scenario,2018-10-01,2019-06-11,254,True,reused_development_2019,39,BASF,era5loc_fd369bfefe0b|2019,33,,2019-05-15,left,True,False,,4.0,0.0,4.0,,True,2019-05-02,2019-06-11
2,basf-wheat-diseases|33|2019,basf-wheat-diseases,33,2019,era5loc_fd369bfefe0b,BULGARIA,43.3,25.0,2018-10-01,calendar_scenario_not_observed,winter_wheat_scenario,2018-10-01,2019-06-11,254,True,reused_development_2019,65,BASF,era5loc_fd369bfefe0b|2019,33,2019-05-15,2019-05-25,interval,True,True,,4.0,1.0,3.0,10.0,True,2019-05-25,2019-06-11
2,basf-wheat-diseases|33|2019,basf-wheat-diseases,33,2019,era5loc_fd369bfefe0b,BULGARIA,43.3,25.0,2018-10-01,calendar_scenario_not_observed,winter_wheat_scenario,2018-10-01,2019-06-11,254,True,reused_development_2019,85,BASF,era5loc_fd369bfefe0b|2019,33,2019-06-11,,right,True,False,,4.0,4.0,0.0,,True,,2019-06-11
3,basf-wheat-diseases|34|2019,basf-wheat-diseases,34,2019,era5loc_fd369bfefe0b,BULGARIA,43.3,25.0,2018-10-01,calendar_scenario_not_observed,winter_wheat_scenario,2018-10-01,2019-06-11,254,True,reused_development_2019,31,BASF,era5loc_fd369bfefe0b|2019,34,,2019-05-15,left,True,False,,4.0,0.0,4.0,,True,2019-04-03,2019-06-11
3,basf-wheat-diseases|34|2019,basf-wheat-diseases,34,2019,era5loc_fd369bfefe0b,BULGARIA,43.3,25.0,2018-10-01,calendar_scenario_not_observed,winter_wheat_scenario,2018-10-01,2019-06-11,254,True,reused_development_2019,39,BASF,era5loc_fd369bfefe0b|2019,34,,2019-05-15,left,True,False,,4.0,0.0,4.0,,True,2019-05-02,2019-06-11
3,basf-wheat-diseases|34|2019,basf-wheat-diseases,34,2019,era5loc_fd369bfefe0b,BULGARIA,43.3,25.0,2018-10-01,calendar_scenario_not_observed,winter_wheat_scenario,2018-10-01,2019-06-11,254,True,reused_development_2019,65,BASF,era5loc_fd369bfefe0b|2019,34,2019-05-15,2019-05-25,interval,True,True,,4.0,1.0,3.0,10.0,True,2019-05-25,2019-06-11
3,basf-wheat-diseases|34|2019,basf-wheat-diseases,34,2019,era5loc_fd369bfefe0b,BULGARIA,43.3,25.0,2018-10-01,calendar_scenario_not_observed,winter_wheat_scenario,2018-10-01,2019-06-11,254,True,reused_development_2019,85,BASF,era5loc_fd369bfefe0b|2019,34,2019-06-11,,right,True,False,,4.0,4.0,0.0,,True,,2019-06-11
4,basf-wheat-diseases|35|2019,basf-wheat-diseases,35,2019,era5loc_cb5f84b33b84,CZECH REPUBLIC,49.5,17.4,2018-10-03,calendar_scenario_not_observed,winter_wheat_scenario,2018-10-03,2019-06-24,265,True,reused_development_2019,31,BASF,era5loc_cb5f84b33b84|2019,35,,2019-05-17,left,True,False,,5.0,0.0,5.0,,True,2019-04-19,2019-06-24
4,basf-wheat-diseases|35|2019,basf-wheat-diseases,35,2019,era5loc_cb5f84b33b84,CZECH REPUBLIC,49.5,17.4,2018-10-03,calendar_scenario_not_observed,winter_wheat_scenario,2018-10-03,2019-06-24,265,True,reused_development_2019,39,BASF,era5loc_cb5f84b33b84|2019,35,,2019-05-27,left,True,False,,5.0,0.0,4.0,,True,2019-05-18,2019-06-24
4,basf-wheat-diseases|35|2019,basf-wheat-diseases,35,2019,era5loc_cb5f84b33b84,CZECH REPUBLIC,49.5,17.4,2018-10-03,calendar_scenario_not_observed,winter_wheat_scenario,2018-10-03,2019-06-24,265,True,reused_development_2019,65,BASF,era5loc_cb5f84b33b84|2019,35,2019-05-27,2019-06-06,interval,True,True,,5.0,2.0,3.0,10.0,True,2019-06-09,2019-06-24
4,basf-wheat-diseases|35|2019,basf-wheat-diseases,35,2019,era5loc_cb5f84b33b84,CZECH REPUBLIC,49.5,17.4,2018-10-03,calendar_scenario_not_observed,winter_wheat_scenario,2018-10-03,2019-06-24,265,True,reused_development_2019,85,BASF,era5loc_cb5f84b33b84|2019,35,2019-06-24,,right,True,False,,5.0,5.0,0.0,,True,,2019-06-24
5,basf-wheat-diseases|36|2019,basf-wheat-diseases,36,2019,era5loc_db02c17f88dd,GERMANY,51.0,6.6,2018-10-01,calendar_scenario_not_observed,winter_wheat_scenario,2018-10-01,2019-06-28,271,True,reused_development_2019,31,BASF,era5loc_db02c17f88dd|2019,36,,2019-06-10,left,True,False,,3.0,0.0,3.0,,True,2019-03-30,2019-06-28
5,basf-wheat-diseases|36|2019,basf-wheat-diseases,36,2019,era5loc_db02c17f88dd,GERMANY,51.0,6.6,2018-10-01,calendar_scenario_not_observed,winter_wheat_scenario,2018-10-01,2019-06-28,271,True,reused_development_2019,39,BASF,era5loc_db02c17f88dd|2019,36,,2019-06-10,left,True,False,,3.0,0.0,3.0,,True,2019-04-26,2019-06-28
5,basf-wheat-diseases|36|2019,basf-wheat-diseases,36,2019,era5loc_db02c17f88dd,GERMANY,51.0,6.6,2018-10-01,calendar_scenario_not_observed,winter_wheat_scenario,2018-10-01,2019-06-28,271,True,reused_development_2019,65,BASF,era5loc_db02c17f88dd|2019,36,2019-06-10,2019-06-19,interval,True,True,,3.0,1.0,2.0,9.0,True,2019-05-28,2019-06-28
5,basf-wheat-diseases|36|2019,basf-wheat-diseases,36,2019,era5loc_db02c17f88dd,GERMANY,51.0,6.6,2018-10-01,calendar_scenario_not_observed,winter_wheat_scenario,2018-10-01,2019-06-28,271,True,reused_development_2019,85,BASF,era5loc_db02c17f88dd|2019,36,2019-06-28,,right,True,False,,3.0,3.0,0.0,,True,,2019-06-28
6,basf-wheat-diseases|37|2019,basf-wheat-diseases,37,2019,era5loc_9133f3b467ce,GERMANY,51.6,8.2,2018-10-01,calendar_scenario_not_observed,winter_wheat_scenario,2018-10-01,2019-06-24,267,True,reused_development_2019,31,BASF,era5loc_9133f3b467ce|2019,37,,2019-05-17,left,True,False,,3.0,0.0,3.0,,True,2019-04-15,2019-06-24
6,basf-wheat-diseases|37|2019,basf-wheat-diseases,37,2019,era5loc_9133f3b467ce,GERMANY,51.6,8.2,2018-10-01,calendar_scenario_not_observed,winter_wheat_scenario,2018-10-01,2019-06-24,267,True,reused_development_2019,39,BASF,era5loc_9133f3b467ce|2019,37,,2019-06-05,left,True,False,,3.0,0.0,2.0,,True,2019-05-16,2019-06-24
6,basf-wheat-diseases|37|2019,basf-wheat-diseases,37,2019,era5loc_9133f3b467ce,GERMANY,51.6,8.2,2018-10-01,calendar_scenario_not_observed,winter_wheat_scenario,2018-10-01,2019-06-24,267,True,reused_development_2019,65,BASF,era5loc_9133f3b467ce|2019,37,2019-05-17,2019-06-05,interval,True,True,,3.0,1.0,2.0,19.0,True,2019-06-09,2019-06-24
6,basf-wheat-diseases|37|2019,basf-wheat-diseases,37,2019,era5loc_9133f3b467ce,GERMANY,51.6,8.2,2018-10-01,calendar_scenario_not_observed,winter_wheat_scenario,2018-10-01,2019-06-24,267,True,reused_development_2019,85,BASF,era5loc_9133f3b467ce|2019,37,2019-06-24,,right,True,False,,3.0,3.0,0.0,,True,,2019-06-24
7,basf-wheat-diseases|38|2019,basf-wheat-diseases,38,2019,era5loc_760a53435625,GERMANY,49.6,10.9,2018-10-01,calendar_scenario_not_observed,winter_wheat_scenario,2018-10-01,2019-06-17,260,True,reused_development_2019,31,BASF,era5loc_760a53435625|2019,38,,2019-05-24,left,True,False,,3.0,0.0,3.0,,True,2019-04-18,2019-06-17
7,basf-wheat-diseases|38|2019,basf-wheat-diseases,38,2019,era5loc_760a53435625,GERMANY,49.6,10.9,2018-10-01,calendar_scenario_not_observed,winter_wheat_scenario,2018-10-01,2019-06-17,260,True,reused_development_2019,39,BASF,era5loc_760a53435625|2019,38,,2019-05-24,left,True,False,,3.0,0.0,3.0,,True,2019-05-18,2019-06-17
7,basf-wheat-diseases|38|2019,basf-wheat-diseases,38,2019,era5loc_760a53435625,GERMANY,49.6,10.9,2018-10-01,calendar_scenario_not_observed,winter_wheat_scenario,2018-10-01,2019-06-17,260,True,reused_development_2019,65,BASF,era5loc_760a53435625|2019,38,2019-05-24,2019-06-11,interval,True,True,,3.0,1.0,2.0,18.0,True,2019-06-09,2019-06-17
7,basf-wheat-diseases|38|2019,basf-wheat-diseases,38,2019,era5loc_760a53435625,GERMANY,49.6,10.9,2018-10-01,calendar_scenario_not_observed,winter_wheat_scenario,2018-10-01,2019-06-17,260,True,reused_development_2019,85,BASF,era5loc_760a53435625|2019,38,2019-06-17,,right,True,False,,3.0,3.0,0.0,,True,,2019-06-17
8,basf-wheat-diseases|39|2019,basf-wheat-diseases,39,2019,era5loc_9bab3d8b45e2,GERMANY,52.8,8.2,2018-10-17,calendar_scenario_not_observed,winter_wheat_scenario,2018-10-17,2019-06-20,247,True,reused_development_2019,31,BASF,era5loc_9bab3d8b45e2|2019,39,,2019-06-20,left,True,False,,1.0,0.0,1.0,,True,2019-04-16,2019-06-20
8,basf-wheat-diseases|39|2019,basf-wheat-diseases,39,2019,era5loc_9bab3d8b45e2,GERMANY,52.8,8.2,2018-10-17,calendar_scenario_not_observed,winter_wheat_scenario,2018-10-17,2019-06-20,247,True,reused_development_2019,39,BASF,era5loc_9bab3d8b45e2|2019,39,,2019-06-20,left,True,False,,1.0,0.0,1.0,,True,2019-05-14,2019-06-20
8,basf-wheat-diseases|39|2019,basf-wheat-diseases,39,2019,era5loc_9bab3d8b45e2,GERMANY,52.8,8.2,2018-10-17,calendar_scenario_not_observed,winter_wheat_scenario,2018-10-17,2019-06-20,247,True,reused_development_2019,65,BASF,era5loc_9bab3d8b45e2|2019,39,,2019-06-20,left,True,False,,1.0,0.0,1.0,,True,2019-06-07,2019-06-20
8,basf-wheat-diseases|39|2019,basf-wheat-diseases,39,2019,era5loc_9bab3d8b45e2,GERMANY,52.8,8.2,2018-10-17,calendar_scenario_not_observed,winter_wheat_scenario,2018-10-17,2019-06-20,247,True,reused_development_2019,85,BASF,era5loc_9bab3d8b45e2|2019,39,2019-06-20,,right,True,False,,1.0,1.0,0.0,,True,,2019-06-20
9,basf-wheat-diseases|40|2019,basf-wheat-diseases,40,2019,era5loc_4377e8a5ddaf,DENMARK,55.6,11.7,2018-10-13,calendar_scenario_not_observed,winter_wheat_scenario,2018-10-13,2019-07-01,262,True,reused_development_2019,31,BASF,era5loc_4377e8a5ddaf|2019,40,,2019-05-31,left,True,False,,4.0,0.0,4.0,,True,2019-04-27,2019-07-01
9,basf-wheat-diseases|40|2019,basf-wheat-diseases,40,2019,era5loc_4377e8a5ddaf,DENMARK,55.6,11.7,2018-10-13,calendar_scenario_not_observed,winter_wheat_scenario,2018-10-13,2019-07-01,262,True,reused_development_2019,39,BASF,era5loc_4377e8a5ddaf|2019,40,,2019-05-31,left,True,False,,4.0,0.0,4.0,,True,2019-05-24,2019-07-01
9,basf-wheat-diseases|40|2019,basf-wheat-diseases,40,2019,era5loc_4377e8a5ddaf,DENMARK,55.6,11.7,2018-10-13,calendar_scenario_not_observed,winter_wheat_scenario,2018-10-13,2019-07-01,262,True,reused_development_2019,65,BASF,era5loc_4377e8a5ddaf|2019,40,2019-05-31,2019-06-21,interval,True,True,,4.0,1.0,2.0,21.0,True,2019-06-16,2019-07-01
9,basf-wheat-diseases|40|2019,basf-wheat-diseases,40,2019,era5loc_4377e8a5ddaf,DENMARK,55.6,11.7,2018-10-13,calendar_scenario_not_observed,winter_wheat_scenario,2018-10-13,2019-07-01,262,True,reused_development_2019,85,BASF,era5loc_4377e8a5ddaf|2019,40,2019-07-01,,right,True,False,,4.0,4.0,0.0,,True,,2019-07-01
10,basf-wheat-diseases|41|2019,basf-wheat-diseases,41,2019,era5loc_4c053f3e1d9b,DENMARK,55.7,11.7,2018-10-13,calendar_scenario_not_observed,winter_wheat_scenario,2018-10-13,2019-06-28,259,True,reused_development_2019,31,BASF,era5loc_4c053f3e1d9b|2019,41,,2019-05-24,left,True,False,,4.0,0.0,4.0,,True,2019-04-26,2019-06-28
10,basf-wheat-diseases|41|2019,basf-wheat-diseases,41,2019,era5loc_4c053f3e1d9b,DENMARK,55.7,11.7,2018-10-13,calendar_scenario_not_observed,winter_wheat_scenario,2018-10-13,2019-06-28,259,True,reused_development_2019,39,BASF,era5loc_4c053f3e1d9b|2019,41,,2019-05-24,left,True,False,,4.0,0.0,4.0,,True,2019-05-23,2019-06-28
10,basf-wheat-diseases|41|2019,basf-wheat-diseases,41,2019,era5loc_4c053f3e1d9b,DENMARK,55.7,11.7,2018-10-13,calendar_scenario_not_observed,winter_wheat_scenario,2018-10-13,2019-06-28,259,True,reused_development_2019,65,BASF,era5loc_4c053f3e1d9b|2019,41,2019-06-03,2019-06-19,interval,True,True,,4.0,2.0,2.0,16.0,True,2019-06-16,2019-06-28
10,basf-wheat-diseases|41|2019,basf-wheat-diseases,41,2019,era5loc_4c053f3e1d9b,DENMARK,55.7,11.7,2018-10-13,calendar_scenario_not_observed,winter_wheat_scenario,2018-10-13,2019-06-28,259,True,reused_development_2019,85,BASF,era5loc_4c053f3e1d9b|2019,41,2019-06-28,,right,True,False,,4.0,4.0,0.0,,True,,2019-06-28
11,basf-wheat-diseases|42|2019,basf-wheat-diseases,42,2019,era5loc_2510b95b8598,FRANCE,50.5,2.5,2018-10-31,calendar_scenario_not_observed,winter_wheat_scenario,2018-10-31,2019-06-28,241,True,reused_development_2019,31,BASF,era5loc_2510b95b8598|2019,42,,2019-05-24,left,True,False,,2.0,0.0,2.0,,True,2019-04-10,2019-06-28
11,basf-wheat-diseases|42|2019,basf-wheat-diseases,42,2019,era5loc_2510b95b8598,FRANCE,50.5,2.5,2018-10-31,calendar_scenario_not_observed,winter_wheat_scenario,2018-10-31,2019-06-28,241,True,reused_development_2019,39,BASF,era5loc_2510b95b8598|2019,42,,2019-05-24,left,True,False,,2.0,0.0,2.0,,True,2019-05-11,2019-06-28
11,basf-wheat-diseases|42|2019,basf-wheat-diseases,42,2019,era5loc_2510b95b8598,FRANCE,50.5,2.5,2018-10-31,calendar_scenario_not_observed,winter_wheat_scenario,2018-10-31,2019-06-28,241,True,reused_development_2019,65,BASF,era5loc_2510b95b8598|2019,42,,2019-06-28,left,True,False,,2.0,0.0,1.0,,True,2019-06-06,2019-06-28
11,basf-wheat-diseases|42|2019,basf-wheat-diseases,42,2019,era5loc_2510b95b8598,FRANCE,50.5,2.5,2018-10-31,calendar_scenario_not_observed,winter_wheat_scenario,2018-10-31,2019-06-28,241,True,reused_development_2019,85,BASF,era5loc_2510b95b8598|2019,42,,,none,False,False,no_event_bound,2.0,0.0,0.0,,True,,2019-06-28
12,basf-wheat-diseases|43|2019,basf-wheat-diseases,43,2019,era5loc_23eef231ea98,FRANCE,49.8,2.9,2018-10-31,calendar_scenario_not_observed,winter_wheat_scenario,2018-10-31,2019-06-20,233,True,reused_development_2019,31,BASF,era5loc_23eef231ea98|2019,43,,2019-05-13,left,True,False,,3.0,0.0,3.0,,True,2019-04-10,2019-06-20
12,basf-wheat-diseases|43|2019,basf-wheat-diseases,43,2019,era5loc_23eef231ea98,FRANCE,49.8,2.9,2018-10-31,calendar_scenario_not_observed,winter_wheat_scenario,2018-10-31,2019-06-20,233,True,reused_development_2019,39,BASF,era5loc_23eef231ea98|2019,43,,2019-05-13,left,True,False,,3.0,0.0,3.0,,True,2019-05-10,2019-06-20
12,basf-wheat-diseases|43|2019,basf-wheat-diseases,43,2019,era5loc_23eef231ea98,FRANCE,49.8,2.9,2018-10-31,calendar_scenario_not_observed,winter_wheat_scenario,2018-10-31,2019-06-20,233,True,reused_development_2019,65,BASF,era5loc_23eef231ea98|2019,43,2019-05-13,2019-06-20,interval,True,True,,3.0,1.0,1.0,38.0,True,2019-06-04,2019-06-20
12,basf-wheat-diseases|43|2019,basf-wheat-diseases,43,2019,era5loc_23eef231ea98,FRANCE,49.8,2.9,2018-10-31,calendar_scenario_not_observed,winter_wheat_scenario,2018-10-31,2019-06-20,233,True,reused_development_2019,85,BASF,era5loc_23eef231ea98|2019,43,2019-06-03,,right,True,False,,3.0,2.0,0.0,,True,,2019-06-20
13,basf-wheat-diseases|44|2019,basf-wheat-diseases,44,2019,era5loc_4d66a38d70e0,FRANCE,50.4,2.6,2018-10-31,calendar_scenario_not_observed,winter_wheat_scenario,2018-10-31,2019-07-02,245,True,reused_development_2019,31,BASF,era5loc_4d66a38d70e0|2019,44,,2019-05-21,left,True,False,,4.0,0.0,4.0,,True,2019-04-10,2019-07-02
13,basf-wheat-diseases|44|2019,basf-wheat-diseases,44,2019,era5loc_4d66a38d70e0,FRANCE,50.4,2.6,2018-10-31,calendar_scenario_not_observed,winter_wheat_scenario,2018-10-31,2019-07-02,245,True,reused_development_2019,39,BASF,era5loc_4d66a38d70e0|2019,44,,2019-05-21,left,True,False,,4.0,0.0,4.0,,True,2019-05-11,2019-07-02
13,basf-wheat-diseases|44|2019,basf-wheat-diseases,44,2019,era5loc_4d66a38d70e0,FRANCE,50.4,2.6,2018-10-31,calendar_scenario_not_observed,winter_wheat_scenario,2018-10-31,2019-07-02,245,True,reused_development_2019,65,BASF,era5loc_4d66a38d70e0|2019,44,2019-06-04,2019-06-14,interval,True,True,,4.0,2.0,2.0,10.0,True,2019-06-06,2019-07-02
13,basf-wheat-diseases|44|2019,basf-wheat-diseases,44,2019,era5loc_4d66a38d70e0,FRANCE,50.4,2.6,2018-10-31,calendar_scenario_not_observed,winter_wheat_scenario,2018-10-31,2019-07-02,245,True,reused_development_2019,85,BASF,era5loc_4d66a38d70e0|2019,44,2019-07-02,,right,True,False,,4.0,4.0,0.0,,True,,2019-07-02
14,basf-wheat-diseases|45|2019,basf-wheat-diseases,45,2019,era5loc_9df6a8624376,FRANCE,48.0,-2.4,2018-10-31,calendar_scenario_not_observed,winter_wheat_scenario,2018-10-31,2019-06-24,237,True,reused_development_2019,31,BASF,era5loc_9df6a8624376|2019,45,,2019-04-29,left,True,False,,5.0,0.0,5.0,,True,2019-03-31,2019-06-24
14,basf-wheat-diseases|45|2019,basf-wheat-diseases,45,2019,era5loc_9df6a8624376,FRANCE,48.0,-2.4,2018-10-31,calendar_scenario_not_observed,winter_wheat_scenario,2018-10-31,2019-06-24,237,True,reused_development_2019,39,BASF,era5loc_9df6a8624376|2019,45,,2019-04-29,left,True,False,,5.0,0.0,5.0,,True,2019-05-02,2019-06-24
14,basf-wheat-diseases|45|2019,basf-wheat-diseases,45,2019,era5loc_9df6a8624376,FRANCE,48.0,-2.4,2018-10-31,calendar_scenario_not_observed,winter_wheat_scenario,2018-10-31,2019-06-24,237,True,reused_development_2019,65,BASF,era5loc_9df6a8624376|2019,45,2019-05-13,2019-05-23,interval,True,True,,5.0,2.0,3.0,10.0,True,2019-05-31,2019-06-24
14,basf-wheat-diseases|45|2019,basf-wheat-diseases,45,2019,era5loc_9df6a8624376,FRANCE,48.0,-2.4,2018-10-31,calendar_scenario_not_observed,winter_wheat_scenario,2018-10-31,2019-06-24,237,True,reused_development_2019,85,BASF,era5loc_9df6a8624376|2019,45,2019-06-24,,right,True,False,,5.0,5.0,0.0,,True,,2019-06-24
15,basf-wheat-diseases|46|2019,basf-wheat-diseases,46,2019,era5loc_d6117aa4523b,FRANCE,48.0,1.8,2018-10-31,calendar_scenario_not_observed,winter_wheat_scenario,2018-10-31,2019-06-24,237,True,reused_development_2019,31,BASF,era5loc_d6117aa4523b|2019,46,,2019-06-24,left,True,False,,1.0,0.0,1.0,,True,2019-04-06,2019-06-24
15,basf-wheat-diseases|46|2019,basf-wheat-diseases,46,2019,era5loc_d6117aa4523b,FRANCE,48.0,1.8,2018-10-31,calendar_scenario_not_observed,winter_wheat_scenario,2018-10-31,2019-06-24,237,True,reused_development_2019,39,BASF,era5loc_d6117aa4523b|2019,46,,2019-06-24,left,True,False,,1.0,0.0,1.0,,True,2019-05-06,2019-06-24
15,basf-wheat-diseases|46|2019,basf-wheat-diseases,46,2019,era5loc_d6117aa4523b,FRANCE,48.0,1.8,2018-10-31,calendar_scenario_not_observed,winter_wheat_scenario,2018-10-31,2019-06-24,237,True,reused_development_2019,65,BASF,era5loc_d6117aa4523b|2019,46,,2019-06-24,left,True,False,,1.0,0.0,1.0,,True,2019-06-01,2019-06-24
15,basf-wheat-diseases|46|2019,basf-wheat-diseases,46,2019,era5loc_d6117aa4523b,FRANCE,48.0,1.8,2018-10-31,calendar_scenario_not_observed,winter_wheat_scenario,2018-10-31,2019-06-24,237,True,reused_development_2019,85,BASF,era5loc_d6117aa4523b|2019,46,,,none,False,False,no_event_bound,1.0,0.0,0.0,,True,,2019-06-24
16,basf-wheat-diseases|47|2019,basf-wheat-diseases,47,2019,era5loc_23eef231ea98,FRANCE,49.8,2.9,2018-10-31,calendar_scenario_not_observed,winter_wheat_scenario,2018-10-31,2019-06-26,239,True,reused_development_2019,31,BASF,era5loc_23eef231ea98|2019,47,,2019-06-14,left,True,False,,2.0,0.0,2.0,,True,2019-04-10,2019-06-26
16,basf-wheat-diseases|47|2019,basf-wheat-diseases,47,2019,era5loc_23eef231ea98,FRANCE,49.8,2.9,2018-10-31,calendar_scenario_not_observed,winter_wheat_scenario,2018-10-31,2019-06-26,239,True,reused_development_2019,39,BASF,era5loc_23eef231ea98|2019,47,,2019-06-14,left,True,False,,2.0,0.0,2.0,,True,2019-05-10,2019-06-26
16,basf-wheat-diseases|47|2019,basf-wheat-diseases,47,2019,era5loc_23eef231ea98,FRANCE,49.8,2.9,2018-10-31,calendar_scenario_not_observed,winter_wheat_scenario,2018-10-31,2019-06-26,239,True,reused_development_2019,65,BASF,era5loc_23eef231ea98|2019,47,,2019-06-14,left,True,False,,2.0,0.0,2.0,,True,2019-06-04,2019-06-26
16,basf-wheat-diseases|47|2019,basf-wheat-diseases,47,2019,era5loc_23eef231ea98,FRANCE,49.8,2.9,2018-10-31,calendar_scenario_not_observed,winter_wheat_scenario,2018-10-31,2019-06-26,239,True,reused_development_2019,85,BASF,era5loc_23eef231ea98|2019,47,,,none,False,False,no_event_bound,2.0,0.0,0.0,,True,,2019-06-26
17,basf-wheat-diseases|48|2019,basf-wheat-diseases,48,2019,era5loc_2daae74efc65,POLAND,51.1,17.6,2018-10-03,calendar_scenario_not_observed,winter_wheat_scenario,2018-10-03,2019-06-20,261,True,reused_development_2019,31,BASF,era5loc_2daae74efc65|2019,48,,2019-05-16,left,True,False,,4.0,0.0,4.0,,True,2019-04-18,2019-06-20
17,basf-wheat-diseases|48|2019,basf-wheat-diseases,48,2019,era5loc_2daae74efc65,POLAND,51.1,17.6,2018-10-03,calendar_scenario_not_observed,winter_wheat_scenario,2018-10-03,2019-06-20,261,True,reused_development_2019,39,BASF,era5loc_2daae74efc65|2019,48,,2019-05-27,left,True,False,,4.0,0.0,3.0,,True,2019-05-14,2019-06-20
17,basf-wheat-diseases|48|2019,basf-wheat-diseases,48,2019,era5loc_2daae74efc65,POLAND,51.1,17.6,2018-10-03,calendar_scenario_not_observed,winter_wheat_scenario,2018-10-03,2019-06-20,261,True,reused_development_2019,65,BASF,era5loc_2daae74efc65|2019,48,2019-05-27,2019-06-20,interval,True,True,,4.0,2.0,1.0,24.0,True,2019-06-06,2019-06-20
17,basf-wheat-diseases|48|2019,basf-wheat-diseases,48,2019,era5loc_2daae74efc65,POLAND,51.1,17.6,2018-10-03,calendar_scenario_not_observed,winter_wheat_scenario,2018-10-03,2019-06-20,261,True,reused_development_2019,85,BASF,era5loc_2daae74efc65|2019,48,2019-06-20,,right,True,False,,4.0,4.0,0.0,,True,,2019-06-20
18,basf-wheat-diseases|49|2019,basf-wheat-diseases,49,2019,era5loc_9fdbe521e986,POLAND,52.5,16.7,2018-10-03,calendar_scenario_not_observed,winter_wheat_scenario,2018-10-03,2019-06-21,262,True,reused_development_2019,31,BASF,era5loc_9fdbe521e986|2019,49,,2019-05-17,left,True,False,,5.0,0.0,5.0,,True,2019-04-20,2019-06-21
18,basf-wheat-diseases|49|2019,basf-wheat-diseases,49,2019,era5loc_9fdbe521e986,POLAND,52.5,16.7,2018-10-03,calendar_scenario_not_observed,winter_wheat_scenario,2018-10-03,2019-06-21,262,True,reused_development_2019,39,BASF,era5loc_9fdbe521e986|2019,49,,2019-05-27,left,True,False,,5.0,0.0,4.0,,True,2019-05-17,2019-06-21
18,basf-wheat-diseases|49|2019,basf-wheat-diseases,49,2019,era5loc_9fdbe521e986,POLAND,52.5,16.7,2018-10-03,calendar_scenario_not_observed,winter_wheat_scenario,2018-10-03,2019-06-21,262,True,reused_development_2019,65,BASF,era5loc_9fdbe521e986|2019,49,2019-06-06,2019-06-17,interval,True,True,,5.0,3.0,2.0,11.0,True,2019-06-07,2019-06-21
18,basf-wheat-diseases|49|2019,basf-wheat-diseases,49,2019,era5loc_9fdbe521e986,POLAND,52.5,16.7,2018-10-03,calendar_scenario_not_observed,winter_wheat_scenario,2018-10-03,2019-06-21,262,True,reused_development_2019,85,BASF,era5loc_9fdbe521e986|2019,49,2019-06-21,,right,True,False,,5.0,5.0,0.0,,True,,2019-06-21
19,basf-wheat-diseases|50|2019,basf-wheat-diseases,50,2019,era5loc_9d13b5d9fd0b,POLAND,52.1,17.2,2018-10-03,calendar_scenario_not_observed,winter_wheat_scenario,2018-10-03,2019-06-13,254,True,reused_development_2019,31,BASF,era5loc_9d13b5d9fd0b|2019,50,,2019-05-24,left,True,False,,3.0,0.0,3.0,,True,2019-04-19,2019-06-13
19,basf-wheat-diseases|50|2019,basf-wheat-diseases,50,2019,era5loc_9d13b5d9fd0b,POLAND,52.1,17.2,2018-10-03,calendar_scenario_not_observed,winter_wheat_scenario,2018-10-03,2019-06-13,254,True,reused_development_2019,39,BASF,era5loc_9d13b5d9fd0b|2019,50,,2019-05-24,left,True,False,,3.0,0.0,3.0,,True,2019-05-15,2019-06-13
19,basf-wheat-diseases|50|2019,basf-wheat-diseases,50,2019,era5loc_9d13b5d9fd0b,POLAND,52.1,17.2,2018-10-03,calendar_scenario_not_observed,winter_wheat_scenario,2018-10-03,2019-06-13,254,True,reused_development_2019,65,BASF,era5loc_9d13b5d9fd0b|2019,50,2019-05-24,2019-06-03,interval,True,True,,3.0,1.0,2.0,10.0,True,2019-06-06,2019-06-13
19,basf-wheat-diseases|50|2019,basf-wheat-diseases,50,2019,era5loc_9d13b5d9fd0b,POLAND,52.1,17.2,2018-10-03,calendar_scenario_not_observed,winter_wheat_scenario,2018-10-03,2019-06-13,254,True,reused_development_2019,85,BASF,era5loc_9d13b5d9fd0b|2019,50,2019-06-13,,right,True,False,,3.0,3.0,0.0,,True,,2019-06-13
20,basf-wheat-diseases|51|2019,basf-wheat-diseases,51,2019,era5loc_cd0793ddaa5d,POLAND,50.3,18.5,2018-10-03,calendar_scenario_not_observed,winter_wheat_scenario,2018-10-03,2019-06-23,264,True,reused_development_2019,31,BASF,era5loc_cd0793ddaa5d|2019,51,,2019-06-03,left,True,False,,3.0,0.0,3.0,,True,2019-04-17,2019-06-23
20,basf-wheat-diseases|51|2019,basf-wheat-diseases,51,2019,era5loc_cd0793ddaa5d,POLAND,50.3,18.5,2018-10-03,calendar_scenario_not_observed,winter_wheat_scenario,2018-10-03,2019-06-23,264,True,reused_development_2019,39,BASF,era5loc_cd0793ddaa5d|2019,51,,2019-06-03,left,True,False,,3.0,0.0,3.0,,True,2019-05-13,2019-06-23
20,basf-wheat-diseases|51|2019,basf-wheat-diseases,51,2019,era5loc_cd0793ddaa5d,POLAND,50.3,18.5,2018-10-03,calendar_scenario_not_observed,winter_wheat_scenario,2018-10-03,2019-06-23,264,True,reused_development_2019,65,BASF,era5loc_cd0793ddaa5d|2019,51,2019-06-03,2019-06-13,interval,True,True,,3.0,1.0,2.0,10.0,True,2019-06-06,2019-06-23
20,basf-wheat-diseases|51|2019,basf-wheat-diseases,51,2019,era5loc_cd0793ddaa5d,POLAND,50.3,18.5,2018-10-03,calendar_scenario_not_observed,winter_wheat_scenario,2018-10-03,2019-06-23,264,True,reused_development_2019,85,BASF,era5loc_cd0793ddaa5d|2019,51,2019-06-23,,right,True,False,,3.0,3.0,0.0,,True,,2019-06-23
21,basf-wheat-diseases|52|2019,basf-wheat-diseases,52,2019,era5loc_78c989c1d3e9,POLAND,52.8,16.9,2018-10-03,calendar_scenario_not_observed,winter_wheat_scenario,2018-10-03,2019-06-20,261,True,reused_development_2019,31,BASF,era5loc_78c989c1d3e9|2019,52,,2019-05-21,left,True,False,,4.0,0.0,4.0,,True,2019-04-21,2019-06-20
21,basf-wheat-diseases|52|2019,basf-wheat-diseases,52,2019,era5loc_78c989c1d3e9,POLAND,52.8,16.9,2018-10-03,calendar_scenario_not_observed,winter_wheat_scenario,2018-10-03,2019-06-20,261,True,reused_development_2019,39,BASF,era5loc_78c989c1d3e9|2019,52,,2019-05-21,left,True,False,,4.0,0.0,4.0,,True,2019-05-18,2019-06-20
21,basf-wheat-diseases|52|2019,basf-wheat-diseases,52,2019,era5loc_78c989c1d3e9,POLAND,52.8,16.9,2018-10-03,calendar_scenario_not_observed,winter_wheat_scenario,2018-10-03,2019-06-20,261,True,reused_development_2019,65,BASF,era5loc_78c989c1d3e9|2019,52,2019-05-21,2019-06-10,interval,True,True,,4.0,1.0,2.0,20.0,True,2019-06-08,2019-06-20
21,basf-wheat-diseases|52|2019,basf-wheat-diseases,52,2019,era5loc_78c989c1d3e9,POLAND,52.8,16.9,2018-10-03,calendar_scenario_not_observed,winter_wheat_scenario,2018-10-03,2019-06-20,261,True,reused_development_2019,85,BASF,era5loc_78c989c1d3e9|2019,52,2019-06-20,,right,True,False,,4.0,4.0,0.0,,True,,2019-06-20
22,basf-wheat-diseases|53|2019,basf-wheat-diseases,53,2019,era5loc_9d012f0ef4a2,POLAND,53.2,17.7,2018-10-03,calendar_scenario_not_observed,winter_wheat_scenario,2018-10-03,2019-06-20,261,True,reused_development_2019,31,BASF,era5loc_9d012f0ef4a2|2019,53,,2019-05-30,left,True,False,,3.0,0.0,3.0,,True,2019-04-24,2019-06-20
22,basf-wheat-diseases|53|2019,basf-wheat-diseases,53,2019,era5loc_9d012f0ef4a2,POLAND,53.2,17.7,2018-10-03,calendar_scenario_not_observed,winter_wheat_scenario,2018-10-03,2019-06-20,261,True,reused_development_2019,39,BASF,era5loc_9d012f0ef4a2|2019,53,,2019-05-30,left,True,False,,3.0,0.0,3.0,,True,2019-05-20,2019-06-20
22,basf-wheat-diseases|53|2019,basf-wheat-diseases,53,2019,era5loc_9d012f0ef4a2,POLAND,53.2,17.7,2018-10-03,calendar_scenario_not_observed,winter_wheat_scenario,2018-10-03,2019-06-20,261,True,reused_development_2019,65,BASF,era5loc_9d012f0ef4a2|2019,53,2019-05-30,2019-06-20,interval,True,True,,3.0,1.0,1.0,21.0,True,2019-06-10,2019-06-20
22,basf-wheat-diseases|53|2019,basf-wheat-diseases,53,2019,era5loc_9d012f0ef4a2,POLAND,53.2,17.7,2018-10-03,calendar_scenario_not_observed,winter_wheat_scenario,2018-10-03,2019-06-20,261,True,reused_development_2019,85,BASF,era5loc_9d012f0ef4a2|2019,53,2019-06-20,,right,True,False,,3.0,3.0,0.0,,True,,2019-06-20
23,basf-wheat-diseases|54|2019,basf-wheat-diseases,54,2019,era5loc_c56b2d917d25,POLAND,52.6,16.4,2018-10-03,calendar_scenario_not_observed,winter_wheat_scenario,2018-10-03,2019-06-24,265,True,reused_development_2019,31,BASF,era5loc_c56b2d917d25|2019,54,,2019-06-13,left,True,False,,1.0,0.0,1.0,,True,2019-04-20,2019-06-24
23,basf-wheat-diseases|54|2019,basf-wheat-diseases,54,2019,era5loc_c56b2d917d25,POLAND,52.6,16.4,2018-10-03,calendar_scenario_not_observed,winter_wheat_scenario,2018-10-03,2019-06-24,265,True,reused_development_2019,39,BASF,era5loc_c56b2d917d25|2019,54,,2019-06-13,left,True,False,,1.0,0.0,1.0,,True,2019-05-16,2019-06-24
23,basf-wheat-diseases|54|2019,basf-wheat-diseases,54,2019,era5loc_c56b2d917d25,POLAND,52.6,16.4,2018-10-03,calendar_scenario_not_observed,winter_wheat_scenario,2018-10-03,2019-06-24,265,True,reused_development_2019,65,BASF,era5loc_c56b2d917d25|2019,54,,2019-06-13,left,True,False,,1.0,0.0,1.0,,True,2019-06-07,2019-06-24
23,basf-wheat-diseases|54|2019,basf-wheat-diseases,54,2019,era5loc_c56b2d917d25,POLAND,52.6,16.4,2018-10-03,calendar_scenario_not_observed,winter_wheat_scenario,2018-10-03,2019-06-24,265,True,reused_development_2019,85,BASF,era5loc_c56b2d917d25|2019,54,2019-06-13,,right,True,False,,1.0,1.0,0.0,,True,,2019-06-24
24,basf-wheat-diseases|55|2019,basf-wheat-diseases,55,2019,era5loc_9d13b5d9fd0b,POLAND,52.1,17.2,2018-10-03,calendar_scenario_not_observed,winter_wheat_scenario,2018-10-03,2019-06-17,258,True,reused_development_2019,31,BASF,era5loc_9d13b5d9fd0b|2019,55,,2019-05-31,left,True,False,,4.0,0.0,3.0,,True,2019-04-19,2019-06-17
24,basf-wheat-diseases|55|2019,basf-wheat-diseases,55,2019,era5loc_9d13b5d9fd0b,POLAND,52.1,17.2,2018-10-03,calendar_scenario_not_observed,winter_wheat_scenario,2018-10-03,2019-06-17,258,True,reused_development_2019,39,BASF,era5loc_9d13b5d9fd0b|2019,55,,2019-05-31,left,True,False,,4.0,0.0,3.0,,True,2019-05-15,2019-06-17
24,basf-wheat-diseases|55|2019,basf-wheat-diseases,55,2019,era5loc_9d13b5d9fd0b,POLAND,52.1,17.2,2018-10-03,calendar_scenario_not_observed,winter_wheat_scenario,2018-10-03,2019-06-17,258,True,reused_development_2019,65,BASF,era5loc_9d13b5d9fd0b|2019,55,2019-05-31,2019-06-11,interval,True,True,,4.0,2.0,2.0,11.0,True,2019-06-06,2019-06-17
24,basf-wheat-diseases|55|2019,basf-wheat-diseases,55,2019,era5loc_9d13b5d9fd0b,POLAND,52.1,17.2,2018-10-03,calendar_scenario_not_observed,winter_wheat_scenario,2018-10-03,2019-06-17,258,True,reused_development_2019,85,BASF,era5loc_9d13b5d9fd0b|2019,55,2019-06-17,,right,True,False,,4.0,4.0,0.0,,True,,2019-06-17
25,basf-wheat-diseases|56|2019,basf-wheat-diseases,56,2019,era5loc_cd0793ddaa5d,POLAND,50.3,18.5,2018-10-03,calendar_scenario_not_observed,winter_wheat_scenario,2018-10-03,2019-06-28,269,True,reused_development_2019,31,BASF,era5loc_cd0793ddaa5d|2019,56,,2019-05-30,left,True,False,,4.0,0.0,4.0,,True,2019-04-17,2019-06-28
25,basf-wheat-diseases|56|2019,basf-wheat-diseases,56,2019,era5loc_cd0793ddaa5d,POLAND,50.3,18.5,2018-10-03,calendar_scenario_not_observed,winter_wheat_scenario,2018-10-03,2019-06-28,269,True,reused_development_2019,39,BASF,era5loc_cd0793ddaa5d|2019,56,,2019-05-30,left,True,False,,4.0,0.0,4.0,,True,2019-05-13,2019-06-28
25,basf-wheat-diseases|56|2019,basf-wheat-diseases,56,2019,era5loc_cd0793ddaa5d,POLAND,50.3,18.5,2018-10-03,calendar_scenario_not_observed,winter_wheat_scenario,2018-10-03,2019-06-28,269,True,reused_development_2019,65,BASF,era5loc_cd0793ddaa5d|2019,56,2019-06-09,2019-06-19,interval,True,True,,4.0,2.0,2.0,10.0,True,2019-06-06,2019-06-28
25,basf-wheat-diseases|56|2019,basf-wheat-diseases,56,2019,era5loc_cd0793ddaa5d,POLAND,50.3,18.5,2018-10-03,calendar_scenario_not_observed,winter_wheat_scenario,2018-10-03,2019-06-28,269,True,reused_development_2019,85,BASF,era5loc_cd0793ddaa5d|2019,56,2019-06-28,,right,True,False,,4.0,4.0,0.0,,True,,2019-06-28
26,basf-wheat-diseases|57|2019,basf-wheat-diseases,57,2019,era5loc_9d012f0ef4a2,POLAND,53.2,17.7,2018-10-03,calendar_scenario_not_observed,winter_wheat_scenario,2018-10-03,2019-06-20,261,True,reused_development_2019,31,BASF,era5loc_9d012f0ef4a2|2019,57,,2019-05-30,left,True,False,,3.0,0.0,3.0,,True,2019-04-24,2019-06-20
26,basf-wheat-diseases|57|2019,basf-wheat-diseases,57,2019,era5loc_9d012f0ef4a2,POLAND,53.2,17.7,2018-10-03,calendar_scenario_not_observed,winter_wheat_scenario,2018-10-03,2019-06-20,261,True,reused_development_2019,39,BASF,era5loc_9d012f0ef4a2|2019,57,,2019-05-30,left,True,False,,3.0,0.0,3.0,,True,2019-05-20,2019-06-20
26,basf-wheat-diseases|57|2019,basf-wheat-diseases,57,2019,era5loc_9d012f0ef4a2,POLAND,53.2,17.7,2018-10-03,calendar_scenario_not_observed,winter_wheat_scenario,2018-10-03,2019-06-20,261,True,reused_development_2019,65,BASF,era5loc_9d012f0ef4a2|2019,57,2019-05-30,2019-06-20,interval,True,True,,3.0,1.0,1.0,21.0,True,2019-06-10,2019-06-20
26,basf-wheat-diseases|57|2019,basf-wheat-diseases,57,2019,era5loc_9d012f0ef4a2,POLAND,53.2,17.7,2018-10-03,calendar_scenario_not_observed,winter_wheat_scenario,2018-10-03,2019-06-20,261,True,reused_development_2019,85,BASF,era5loc_9d012f0ef4a2|2019,57,2019-06-20,,right,True,False,,3.0,3.0,0.0,,True,,2019-06-20
27,basf-wheat-diseases|58|2019,basf-wheat-diseases,58,2019,era5loc_19510a54e230,POLAND,52.5,16.6,2018-10-03,calendar_scenario_not_observed,winter_wheat_scenario,2018-10-03,2019-06-17,258,True,reused_development_2019,31,BASF,era5loc_19510a54e230|2019,58,,2019-06-17,left,True,False,,1.0,0.0,1.0,,True,2019-04-19,2019-06-17
27,basf-wheat-diseases|58|2019,basf-wheat-diseases,58,2019,era5loc_19510a54e230,POLAND,52.5,16.6,2018-10-03,calendar_scenario_not_observed,winter_wheat_scenario,2018-10-03,2019-06-17,258,True,reused_development_2019,39,BASF,era5loc_19510a54e230|2019,58,,2019-06-17,left,True,False,,1.0,0.0,1.0,,True,2019-05-16,2019-06-17
27,basf-wheat-diseases|58|2019,basf-wheat-diseases,58,2019,era5loc_19510a54e230,POLAND,52.5,16.6,2018-10-03,calendar_scenario_not_observed,winter_wheat_scenario,2018-10-03,2019-06-17,258,True,reused_development_2019,65,BASF,era5loc_19510a54e230|2019,58,,2019-06-17,left,True,False,,1.0,0.0,1.0,,True,2019-06-07,2019-06-17
27,basf-wheat-diseases|58|2019,basf-wheat-diseases,58,2019,era5loc_19510a54e230,POLAND,52.5,16.6,2018-10-03,calendar_scenario_not_observed,winter_wheat_scenario,2018-10-03,2019-06-17,258,True,reused_development_2019,85,BASF,era5loc_19510a54e230|2019,58,2019-06-17,,right,True,False,,1.0,1.0,0.0,,True,,2019-06-17
28,basf-wheat-diseases|59|2019,basf-wheat-diseases,59,2019,era5loc_b4c23217b405,POLAND,52.1,17.3,2018-10-03,calendar_scenario_not_observed,winter_wheat_scenario,2018-10-03,2019-06-13,254,True,reused_development_2019,31,BASF,era5loc_b4c23217b405|2019,59,,2019-05-24,left,True,False,,3.0,0.0,3.0,,True,2019-04-19,2019-06-13
28,basf-wheat-diseases|59|2019,basf-wheat-diseases,59,2019,era5loc_b4c23217b405,POLAND,52.1,17.3,2018-10-03,calendar_scenario_not_observed,winter_wheat_scenario,2018-10-03,2019-06-13,254,True,reused_development_2019,39,BASF,era5loc_b4c23217b405|2019,59,,2019-05-24,left,True,False,,3.0,0.0,3.0,,True,2019-05-15,2019-06-13
28,basf-wheat-diseases|59|2019,basf-wheat-diseases,59,2019,era5loc_b4c23217b405,POLAND,52.1,17.3,2018-10-03,calendar_scenario_not_observed,winter_wheat_scenario,2018-10-03,2019-06-13,254,True,reused_development_2019,65,BASF,era5loc_b4c23217b405|2019,59,2019-05-24,2019-06-03,interval,True,True,,3.0,1.0,2.0,10.0,True,2019-06-06,2019-06-13
28,basf-wheat-diseases|59|2019,basf-wheat-diseases,59,2019,era5loc_b4c23217b405,POLAND,52.1,17.3,2018-10-03,calendar_scenario_not_observed,winter_wheat_scenario,2018-10-03,2019-06-13,254,True,reused_development_2019,85,BASF,era5loc_b4c23217b405|2019,59,2019-06-13,,right,True,False,,3.0,3.0,0.0,,True,,2019-06-13
29,basf-wheat-diseases|60|2019,basf-wheat-diseases,60,2019,era5loc_9ed293651491,ROMANIA,44.5,26.6,2018-10-02,calendar_scenario_not_observed,winter_wheat_scenario,2018-10-02,2019-06-03,245,True,reused_development_2019,31,BASF,era5loc_9ed293651491|2019,60,,2019-05-04,left,True,False,,4.0,0.0,4.0,,True,2019-04-09,2019-06-03
29,basf-wheat-diseases|60|2019,basf-wheat-diseases,60,2019,era5loc_9ed293651491,ROMANIA,44.5,26.6,2018-10-02,calendar_scenario_not_observed,winter_wheat_scenario,2018-10-02,2019-06-03,245,True,reused_development_2019,39,BASF,era5loc_9ed293651491|2019,60,,2019-05-04,left,True,False,,4.0,0.0,4.0,,True,2019-05-04,2019-06-03
29,basf-wheat-diseases|60|2019,basf-wheat-diseases,60,2019,era5loc_9ed293651491,ROMANIA,44.5,26.6,2018-10-02,calendar_scenario_not_observed,winter_wheat_scenario,2018-10-02,2019-06-03,245,True,reused_development_2019,65,BASF,era5loc_9ed293651491|2019,60,2019-05-14,2019-05-24,interval,True,True,,4.0,2.0,2.0,10.0,True,2019-05-26,2019-06-03
29,basf-wheat-diseases|60|2019,basf-wheat-diseases,60,2019,era5loc_9ed293651491,ROMANIA,44.5,26.6,2018-10-02,calendar_scenario_not_observed,winter_wheat_scenario,2018-10-02,2019-06-03,245,True,reused_development_2019,85,BASF,era5loc_9ed293651491|2019,60,2019-06-03,,right,True,False,,4.0,4.0,0.0,,True,,2019-06-03
30,basf-wheat-diseases|61|2019,basf-wheat-diseases,61,2019,era5loc_593fa6c9da77,ROMANIA,44.2,26.4,2018-10-02,calendar_scenario_not_observed,winter_wheat_scenario,2018-10-02,2019-06-05,247,True,reused_development_2019,31,BASF,era5loc_593fa6c9da77|2019,61,,2019-05-15,left,True,False,,3.0,0.0,3.0,,True,2019-04-07,2019-06-05
30,basf-wheat-diseases|61|2019,basf-wheat-diseases,61,2019,era5loc_593fa6c9da77,ROMANIA,44.2,26.4,2018-10-02,calendar_scenario_not_observed,winter_wheat_scenario,2018-10-02,2019-06-05,247,True,reused_development_2019,39,BASF,era5loc_593fa6c9da77|2019,61,,2019-05-15,left,True,False,,3.0,0.0,3.0,,True,2019-05-03,2019-06-05
30,basf-wheat-diseases|61|2019,basf-wheat-diseases,61,2019,era5loc_593fa6c9da77,ROMANIA,44.2,26.4,2018-10-02,calendar_scenario_not_observed,winter_wheat_scenario,2018-10-02,2019-06-05,247,True,reused_development_2019,65,BASF,era5loc_593fa6c9da77|2019,61,2019-05-15,2019-06-05,interval,True,True,,3.0,1.0,1.0,21.0,True,2019-05-25,2019-06-05
30,basf-wheat-diseases|61|2019,basf-wheat-diseases,61,2019,era5loc_593fa6c9da77,ROMANIA,44.2,26.4,2018-10-02,calendar_scenario_not_observed,winter_wheat_scenario,2018-10-02,2019-06-05,247,True,reused_development_2019,85,BASF,era5loc_593fa6c9da77|2019,61,2019-06-05,,right,True,False,,3.0,3.0,0.0,,True,,2019-06-05
31,basf-wheat-diseases|62|2019,basf-wheat-diseases,62,2019,era5loc_4a011e9da15d,SLOWAKIA,48.6,19.3,2018-10-01,calendar_scenario_not_observed,winter_wheat_scenario,2018-10-01,2019-06-24,267,True,reused_development_2019,31,BASF,era5loc_4a011e9da15d|2019,62,,2019-05-15,left,True,False,,5.0,0.0,5.0,,True,2019-04-26,2019-06-24
31,basf-wheat-diseases|62|2019,basf-wheat-diseases,62,2019,era5loc_4a011e9da15d,SLOWAKIA,48.6,19.3,2018-10-01,calendar_scenario_not_observed,winter_wheat_scenario,2018-10-01,2019-06-24,267,True,reused_development_2019,39,BASF,era5loc_4a011e9da15d|2019,62,,2019-05-15,left,True,False,,5.0,0.0,5.0,,True,2019-05-24,2019-06-24
31,basf-wheat-diseases|62|2019,basf-wheat-diseases,62,2019,era5loc_4a011e9da15d,SLOWAKIA,48.6,19.3,2018-10-01,calendar_scenario_not_observed,winter_wheat_scenario,2018-10-01,2019-06-24,267,True,reused_development_2019,65,BASF,era5loc_4a011e9da15d|2019,62,2019-05-24,2019-06-04,interval,True,True,,5.0,2.0,3.0,11.0,True,2019-06-14,2019-06-24
31,basf-wheat-diseases|62|2019,basf-wheat-diseases,62,2019,era5loc_4a011e9da15d,SLOWAKIA,48.6,19.3,2018-10-01,calendar_scenario_not_observed,winter_wheat_scenario,2018-10-01,2019-06-24,267,True,reused_development_2019,85,BASF,era5loc_4a011e9da15d|2019,62,2019-06-24,,right,True,False,,5.0,5.0,0.0,,True,,2019-06-24
32,basf-wheat-diseases|63|2019,basf-wheat-diseases,63,2019,era5loc_9361a9333e61,SLOWAKIA,49.2,20.5,2018-10-03,calendar_scenario_not_observed,winter_wheat_scenario,2018-10-03,2019-07-10,281,True,reused_development_2019,31,BASF,era5loc_9361a9333e61|2019,63,,2019-07-10,left,True,False,,1.0,0.0,1.0,,True,2019-05-11,2019-07-10
32,basf-wheat-diseases|63|2019,basf-wheat-diseases,63,2019,era5loc_9361a9333e61,SLOWAKIA,49.2,20.5,2018-10-03,calendar_scenario_not_observed,winter_wheat_scenario,2018-10-03,2019-07-10,281,True,reused_development_2019,39,BASF,era5loc_9361a9333e61|2019,63,,2019-07-10,left,True,False,,1.0,0.0,1.0,,True,2019-06-04,2019-07-10
32,basf-wheat-diseases|63|2019,basf-wheat-diseases,63,2019,era5loc_9361a9333e61,SLOWAKIA,49.2,20.5,2018-10-03,calendar_scenario_not_observed,winter_wheat_scenario,2018-10-03,2019-07-10,281,True,reused_development_2019,65,BASF,era5loc_9361a9333e61|2019,63,,2019-07-10,left,True,False,,1.0,0.0,1.0,,True,2019-06-23,2019-07-10
32,basf-wheat-diseases|63|2019,basf-wheat-diseases,63,2019,era5loc_9361a9333e61,SLOWAKIA,49.2,20.5,2018-10-03,calendar_scenario_not_observed,winter_wheat_scenario,2018-10-03,2019-07-10,281,True,reused_development_2019,85,BASF,era5loc_9361a9333e61|2019,63,2019-07-10,,right,True,False,,1.0,1.0,0.0,,True,,2019-07-10
33,basf-wheat-diseases|64|2019,basf-wheat-diseases,64,2019,era5loc_06e6805bbcce,SLOWAKIA,48.8,21.4,2018-10-01,calendar_scenario_not_observed,winter_wheat_scenario,2018-10-01,2019-06-24,267,True,reused_development_2019,31,BASF,era5loc_06e6805bbcce|2019,64,,2019-05-27,left,True,False,,4.0,0.0,4.0,,True,2019-04-18,2019-06-24
33,basf-wheat-diseases|64|2019,basf-wheat-diseases,64,2019,era5loc_06e6805bbcce,SLOWAKIA,48.8,21.4,2018-10-01,calendar_scenario_not_observed,winter_wheat_scenario,2018-10-01,2019-06-24,267,True,reused_development_2019,39,BASF,era5loc_06e6805bbcce|2019,64,,2019-05-27,left,True,False,,4.0,0.0,4.0,,True,2019-05-13,2019-06-24
33,basf-wheat-diseases|64|2019,basf-wheat-diseases,64,2019,era5loc_06e6805bbcce,SLOWAKIA,48.8,21.4,2018-10-01,calendar_scenario_not_observed,winter_wheat_scenario,2018-10-01,2019-06-24,267,True,reused_development_2019,65,BASF,era5loc_06e6805bbcce|2019,64,2019-05-27,2019-06-08,interval,True,True,,4.0,1.0,3.0,12.0,True,2019-06-05,2019-06-24
33,basf-wheat-diseases|64|2019,basf-wheat-diseases,64,2019,era5loc_06e6805bbcce,SLOWAKIA,48.8,21.4,2018-10-01,calendar_scenario_not_observed,winter_wheat_scenario,2018-10-01,2019-06-24,267,True,reused_development_2019,85,BASF,era5loc_06e6805bbcce|2019,64,2019-06-24,,right,True,False,,4.0,4.0,0.0,,True,,2019-06-24
34,basf-wheat-diseases|65|2019,basf-wheat-diseases,65,2019,era5loc_6cb369f67eca,IRELAND,51.9,-8.3,2018-11-01,calendar_scenario_not_observed,winter_wheat_scenario,2018-11-01,2019-07-02,244,True,reused_development_2019,31,BASF,era5loc_6cb369f67eca|2019,65,,2019-04-23,left,True,False,,7.0,0.0,7.0,,True,2019-04-07,2019-07-02
34,basf-wheat-diseases|65|2019,basf-wheat-diseases,65,2019,era5loc_6cb369f67eca,IRELAND,51.9,-8.3,2018-11-01,calendar_scenario_not_observed,winter_wheat_scenario,2018-11-01,2019-07-02,244,True,reused_development_2019,39,BASF,era5loc_6cb369f67eca|2019,65,2019-04-23,2019-05-13,interval,True,True,,7.0,1.0,6.0,20.0,True,2019-05-09,2019-07-02
34,basf-wheat-diseases|65|2019,basf-wheat-diseases,65,2019,era5loc_6cb369f67eca,IRELAND,51.9,-8.3,2018-11-01,calendar_scenario_not_observed,winter_wheat_scenario,2018-11-01,2019-07-02,244,True,reused_development_2019,65,BASF,era5loc_6cb369f67eca|2019,65,2019-06-03,2019-06-22,interval,True,True,,7.0,4.0,2.0,19.0,True,2019-06-08,2019-07-02
34,basf-wheat-diseases|65|2019,basf-wheat-diseases,65,2019,era5loc_6cb369f67eca,IRELAND,51.9,-8.3,2018-11-01,calendar_scenario_not_observed,winter_wheat_scenario,2018-11-01,2019-07-02,244,True,reused_development_2019,85,BASF,era5loc_6cb369f67eca|2019,65,2019-07-02,,right,True,False,,7.0,7.0,0.0,,True,,2019-07-02
35,basf-wheat-diseases|66|2019,basf-wheat-diseases,66,2019,era5loc_da90f16ecea0,UNITED KINGDOM,52.2,1.0,2018-10-31,calendar_scenario_not_observed,winter_wheat_scenario,2018-10-31,2019-07-01,244,True,reused_development_2019,31,BASF,era5loc_da90f16ecea0|2019,66,,2019-05-30,left,True,False,,4.0,0.0,4.0,,True,2019-04-15,2019-07-01
35,basf-wheat-diseases|66|2019,basf-wheat-diseases,66,2019,era5loc_da90f16ecea0,UNITED KINGDOM,52.2,1.0,2018-10-31,calendar_scenario_not_observed,winter_wheat_scenario,2018-10-31,2019-07-01,244,True,reused_development_2019,39,BASF,era5loc_da90f16ecea0|2019,66,,2019-05-30,left,True,False,,4.0,0.0,4.0,,True,2019-05-15,2019-07-01
35,basf-wheat-diseases|66|2019,basf-wheat-diseases,66,2019,era5loc_da90f16ecea0,UNITED KINGDOM,52.2,1.0,2018-10-31,calendar_scenario_not_observed,winter_wheat_scenario,2018-10-31,2019-07-01,244,True,reused_development_2019,65,BASF,era5loc_da90f16ecea0|2019,66,2019-05-30,2019-06-10,interval,True,True,,4.0,1.0,3.0,11.0,True,2019-06-09,2019-07-01
35,basf-wheat-diseases|66|2019,basf-wheat-diseases,66,2019,era5loc_da90f16ecea0,UNITED KINGDOM,52.2,1.0,2018-10-31,calendar_scenario_not_observed,winter_wheat_scenario,2018-10-31,2019-07-01,244,True,reused_development_2019,85,BASF,era5loc_da90f16ecea0|2019,66,2019-07-01,,right,True,False,,4.0,4.0,0.0,,True,,2019-07-01
36,basf-wheat-diseases|67|2019,basf-wheat-diseases,67,2019,era5loc_4c9918325b45,UNITED KINGDOM,52.2,0.9,2018-10-31,calendar_scenario_not_observed,winter_wheat_scenario,2018-10-31,2019-07-02,245,True,reused_development_2019,31,BASF,era5loc_4c9918325b45|2019,67,,2019-06-11,left,True,False,,3.0,0.0,3.0,,True,2019-04-15,2019-07-02
36,basf-wheat-diseases|67|2019,basf-wheat-diseases,67,2019,era5loc_4c9918325b45,UNITED KINGDOM,52.2,0.9,2018-10-31,calendar_scenario_not_observed,winter_wheat_scenario,2018-10-31,2019-07-02,245,True,reused_development_2019,39,BASF,era5loc_4c9918325b45|2019,67,,2019-06-11,left,True,False,,3.0,0.0,3.0,,True,2019-05-15,2019-07-02
36,basf-wheat-diseases|67|2019,basf-wheat-diseases,67,2019,era5loc_4c9918325b45,UNITED KINGDOM,52.2,0.9,2018-10-31,calendar_scenario_not_observed,winter_wheat_scenario,2018-10-31,2019-07-02,245,True,reused_development_2019,65,BASF,era5loc_4c9918325b45|2019,67,2019-06-11,2019-06-21,interval,True,True,,3.0,1.0,2.0,10.0,True,2019-06-09,2019-07-02
36,basf-wheat-diseases|67|2019,basf-wheat-diseases,67,2019,era5loc_4c9918325b45,UNITED KINGDOM,52.2,0.9,2018-10-31,calendar_scenario_not_observed,winter_wheat_scenario,2018-10-31,2019-07-02,245,True,reused_development_2019,85,BASF,era5loc_4c9918325b45|2019,67,2019-07-02,,right,True,False,,3.0,3.0,0.0,,True,,2019-07-02
37,basf-wheat-diseases|68|2019,basf-wheat-diseases,68,2019,era5loc_c6e10fbf2c60,UNITED KINGDOM,52.2,0.3,2018-10-31,calendar_scenario_not_observed,winter_wheat_scenario,2018-10-31,2019-07-03,246,True,reused_development_2019,31,BASF,era5loc_c6e10fbf2c60|2019,68,,2019-06-04,left,True,False,,4.0,0.0,4.0,,True,2019-04-12,2019-07-03
37,basf-wheat-diseases|68|2019,basf-wheat-diseases,68,2019,era5loc_c6e10fbf2c60,UNITED KINGDOM,52.2,0.3,2018-10-31,calendar_scenario_not_observed,winter_wheat_scenario,2018-10-31,2019-07-03,246,True,reused_development_2019,39,BASF,era5loc_c6e10fbf2c60|2019,68,,2019-06-04,left,True,False,,4.0,0.0,4.0,,True,2019-05-13,2019-07-03
37,basf-wheat-diseases|68|2019,basf-wheat-diseases,68,2019,era5loc_c6e10fbf2c60,UNITED KINGDOM,52.2,0.3,2018-10-31,calendar_scenario_not_observed,winter_wheat_scenario,2018-10-31,2019-07-03,246,True,reused_development_2019,65,BASF,era5loc_c6e10fbf2c60|2019,68,2019-06-04,2019-06-14,interval,True,True,,4.0,1.0,3.0,10.0,True,2019-06-07,2019-07-03
37,basf-wheat-diseases|68|2019,basf-wheat-diseases,68,2019,era5loc_c6e10fbf2c60,UNITED KINGDOM,52.2,0.3,2018-10-31,calendar_scenario_not_observed,winter_wheat_scenario,2018-10-31,2019-07-03,246,True,reused_development_2019,85,BASF,era5loc_c6e10fbf2c60|2019,68,2019-07-03,,right,True,False,,4.0,4.0,0.0,,True,,2019-07-03
38,basf-wheat-diseases|69|2019,basf-wheat-diseases,69,2019,era5loc_9eac90744974,UNITED KINGDOM,51.5,-1.7,2018-10-31,calendar_scenario_not_observed,winter_wheat_scenario,2018-10-31,2019-05-31,213,True,reused_development_2019,31,BASF,era5loc_9eac90744974|2019,69,,2019-05-02,left,True,False,,4.0,0.0,4.0,,True,2019-04-13,2019-05-31
38,basf-wheat-diseases|69|2019,basf-wheat-diseases,69,2019,era5loc_9eac90744974,UNITED KINGDOM,51.5,-1.7,2018-10-31,calendar_scenario_not_observed,winter_wheat_scenario,2018-10-31,2019-05-31,213,True,reused_development_2019,39,BASF,era5loc_9eac90744974|2019,69,2019-05-10,2019-05-24,interval,True,True,,4.0,2.0,2.0,14.0,True,2019-05-13,2019-05-31
38,basf-wheat-diseases|69|2019,basf-wheat-diseases,69,2019,era5loc_9eac90744974,UNITED KINGDOM,51.5,-1.7,2018-10-31,calendar_scenario_not_observed,winter_wheat_scenario,2018-10-31,2019-05-31,213,True,reused_development_2019,65,BASF,era5loc_9eac90744974|2019,69,2019-05-31,,right,True,False,,4.0,4.0,0.0,,True,,2019-05-31
38,basf-wheat-diseases|69|2019,basf-wheat-diseases,69,2019,era5loc_9eac90744974,UNITED KINGDOM,51.5,-1.7,2018-10-31,calendar_scenario_not_observed,winter_wheat_scenario,2018-10-31,2019-05-31,213,True,reused_development_2019,85,BASF,era5loc_9eac90744974|2019,69,2019-05-31,,right,True,False,,4.0,4.0,0.0,,True,,2019-05-31
39,basf-wheat-diseases|70|2019,basf-wheat-diseases,70,2019,era5loc_6687f40ce729,UNITED KINGDOM,51.7,-1.9,2018-10-31,calendar_scenario_not_observed,winter_wheat_scenario,2018-10-31,2019-05-13,195,True,reused_development_2019,31,BASF,era5loc_6687f40ce729|2019,70,,2019-04-23,left,True,False,,3.0,0.0,3.0,,True,2019-04-13,2019-05-13
39,basf-wheat-diseases|70|2019,basf-wheat-diseases,70,2019,era5loc_6687f40ce729,UNITED KINGDOM,51.7,-1.9,2018-10-31,calendar_scenario_not_observed,winter_wheat_scenario,2018-10-31,2019-05-13,195,True,reused_development_2019,39,BASF,era5loc_6687f40ce729|2019,70,2019-05-13,,right,True,False,,3.0,3.0,0.0,,True,2019-05-13,2019-05-13
39,basf-wheat-diseases|70|2019,basf-wheat-diseases,70,2019,era5loc_6687f40ce729,UNITED KINGDOM,51.7,-1.9,2018-10-31,calendar_scenario_not_observed,winter_wheat_scenario,2018-10-31,2019-05-13,195,True,reused_development_2019,65,BASF,era5loc_6687f40ce729|2019,70,2019-05-13,,right,True,False,,3.0,3.0,0.0,,True,,2019-05-13
39,basf-wheat-diseases|70|2019,basf-wheat-diseases,70,2019,era5loc_6687f40ce729,UNITED KINGDOM,51.7,-1.9,2018-10-31,calendar_scenario_not_observed,winter_wheat_scenario,2018-10-31,2019-05-13,195,True,reused_development_2019,85,BASF,era5loc_6687f40ce729|2019,70,2019-05-13,,right,True,False,,3.0,3.0,0.0,,True,,2019-05-13
40,basf-wheat-diseases|71|2019,basf-wheat-diseases,71,2019,era5loc_3c84c4c5c802,UNITED KINGDOM,52.0,-2.2,2018-10-31,calendar_scenario_not_observed,winter_wheat_scenario,2018-10-31,2019-06-07,220,True,reused_development_2019,31,BASF,era5loc_3c84c4c5c802|2019,71,,2019-04-30,left,True,False,,5.0,0.0,5.0,,True,2019-04-12,2019-06-07
40,basf-wheat-diseases|71|2019,basf-wheat-diseases,71,2019,era5loc_3c84c4c5c802,UNITED KINGDOM,52.0,-2.2,2018-10-31,calendar_scenario_not_observed,winter_wheat_scenario,2018-10-31,2019-06-07,220,True,reused_development_2019,39,BASF,era5loc_3c84c4c5c802|2019,71,2019-05-09,2019-05-22,interval,True,True,,5.0,2.0,3.0,13.0,True,2019-05-12,2019-06-07
40,basf-wheat-diseases|71|2019,basf-wheat-diseases,71,2019,era5loc_3c84c4c5c802,UNITED KINGDOM,52.0,-2.2,2018-10-31,calendar_scenario_not_observed,winter_wheat_scenario,2018-10-31,2019-06-07,220,True,reused_development_2019,65,BASF,era5loc_3c84c4c5c802|2019,71,2019-05-31,,right,True,False,,5.0,4.0,0.0,,True,,2019-06-07
40,basf-wheat-diseases|71|2019,basf-wheat-diseases,71,2019,era5loc_3c84c4c5c802,UNITED KINGDOM,52.0,-2.2,2018-10-31,calendar_scenario_not_observed,winter_wheat_scenario,2018-10-31,2019-06-07,220,True,reused_development_2019,85,BASF,era5loc_3c84c4c5c802|2019,71,2019-06-07,,right,True,False,,5.0,5.0,0.0,,True,,2019-06-07
41,basf-wheat-diseases|72|2019,basf-wheat-diseases,72,2019,era5loc_6cb369f67eca,IRELAND,51.9,-8.3,2018-11-01,calendar_scenario_not_observed,winter_wheat_scenario,2018-11-01,2019-06-30,242,True,reused_development_2019,31,BASF,era5loc_6cb369f67eca|2019,72,,2019-05-10,left,True,False,,6.0,0.0,6.0,,True,2019-04-07,2019-06-30
41,basf-wheat-diseases|72|2019,basf-wheat-diseases,72,2019,era5loc_6cb369f67eca,IRELAND,51.9,-8.3,2018-11-01,calendar_scenario_not_observed,winter_wheat_scenario,2018-11-01,2019-06-30,242,True,reused_development_2019,39,BASF,era5loc_6cb369f67eca|2019,72,2019-05-10,2019-05-20,interval,True,True,,6.0,1.0,5.0,10.0,True,2019-05-09,2019-06-30
41,basf-wheat-diseases|72|2019,basf-wheat-diseases,72,2019,era5loc_6cb369f67eca,IRELAND,51.9,-8.3,2018-11-01,calendar_scenario_not_observed,winter_wheat_scenario,2018-11-01,2019-06-30,242,True,reused_development_2019,65,BASF,era5loc_6cb369f67eca|2019,72,2019-06-10,2019-06-20,interval,True,True,,6.0,4.0,2.0,10.0,True,2019-06-08,2019-06-30
41,basf-wheat-diseases|72|2019,basf-wheat-diseases,72,2019,era5loc_6cb369f67eca,IRELAND,51.9,-8.3,2018-11-01,calendar_scenario_not_observed,winter_wheat_scenario,2018-11-01,2019-06-30,242,True,reused_development_2019,85,BASF,era5loc_6cb369f67eca|2019,72,2019-06-30,,right,True,False,,6.0,6.0,0.0,,True,,2019-06-30
42,basf-wheat-diseases|73|2019,basf-wheat-diseases,73,2019,era5loc_5a873c55d610,UNITED KINGDOM,52.2,0.8,2018-10-31,calendar_scenario_not_observed,winter_wheat_scenario,2018-10-31,2019-07-02,245,True,reused_development_2019,31,BASF,era5loc_5a873c55d610|2019,73,,2019-05-17,left,True,False,,6.0,0.0,6.0,,True,2019-04-15,2019-07-02
42,basf-wheat-diseases|73|2019,basf-wheat-diseases,73,2019,era5loc_5a873c55d610,UNITED KINGDOM,52.2,0.8,2018-10-31,calendar_scenario_not_observed,winter_wheat_scenario,2018-10-31,2019-07-02,245,True,reused_development_2019,39,BASF,era5loc_5a873c55d610|2019,73,,2019-05-17,left,True,False,,6.0,0.0,6.0,,True,2019-05-14,2019-07-02
42,basf-wheat-diseases|73|2019,basf-wheat-diseases,73,2019,era5loc_5a873c55d610,UNITED KINGDOM,52.2,0.8,2018-10-31,calendar_scenario_not_observed,winter_wheat_scenario,2018-10-31,2019-07-02,245,True,reused_development_2019,65,BASF,era5loc_5a873c55d610|2019,73,2019-06-04,2019-06-14,interval,True,True,,6.0,3.0,3.0,10.0,True,2019-06-09,2019-07-02
42,basf-wheat-diseases|73|2019,basf-wheat-diseases,73,2019,era5loc_5a873c55d610,UNITED KINGDOM,52.2,0.8,2018-10-31,calendar_scenario_not_observed,winter_wheat_scenario,2018-10-31,2019-07-02,245,True,reused_development_2019,85,BASF,era5loc_5a873c55d610|2019,73,2019-07-02,,right,True,False,,6.0,6.0,0.0,,True,,2019-07-02
43,basf-wheat-diseases|74|2019,basf-wheat-diseases,74,2019,era5loc_518b93a72002,UNITED KINGDOM,51.4,-2.0,2018-10-31,calendar_scenario_not_observed,winter_wheat_scenario,2018-10-31,2019-06-26,239,True,reused_development_2019,31,BASF,era5loc_518b93a72002|2019,74,,2019-05-16,left,True,False,,5.0,0.0,5.0,,True,2019-04-13,2019-06-26
43,basf-wheat-diseases|74|2019,basf-wheat-diseases,74,2019,era5loc_518b93a72002,UNITED KINGDOM,51.4,-2.0,2018-10-31,calendar_scenario_not_observed,winter_wheat_scenario,2018-10-31,2019-06-26,239,True,reused_development_2019,39,BASF,era5loc_518b93a72002|2019,74,,2019-05-23,left,True,False,,5.0,0.0,4.0,,True,2019-05-13,2019-06-26
43,basf-wheat-diseases|74|2019,basf-wheat-diseases,74,2019,era5loc_518b93a72002,UNITED KINGDOM,51.4,-2.0,2018-10-31,calendar_scenario_not_observed,winter_wheat_scenario,2018-10-31,2019-06-26,239,True,reused_development_2019,65,BASF,era5loc_518b93a72002|2019,74,2019-05-23,2019-06-03,interval,True,True,,5.0,2.0,3.0,11.0,True,2019-06-09,2019-06-26
43,basf-wheat-diseases|74|2019,basf-wheat-diseases,74,2019,era5loc_518b93a72002,UNITED KINGDOM,51.4,-2.0,2018-10-31,calendar_scenario_not_observed,winter_wheat_scenario,2018-10-31,2019-06-26,239,True,reused_development_2019,85,BASF,era5loc_518b93a72002|2019,74,2019-06-26,,right,True,False,,5.0,5.0,0.0,,True,,2019-06-26
44,basf-wheat-diseases|75|2019,basf-wheat-diseases,75,2019,era5loc_3c84c4c5c802,UNITED KINGDOM,52.0,-2.2,2018-10-31,calendar_scenario_not_observed,winter_wheat_scenario,2018-10-31,2019-06-25,238,True,reused_development_2019,31,BASF,era5loc_3c84c4c5c802|2019,75,,2019-05-13,left,True,False,,5.0,0.0,5.0,,True,2019-04-12,2019-06-25
44,basf-wheat-diseases|75|2019,basf-wheat-diseases,75,2019,era5loc_3c84c4c5c802,UNITED KINGDOM,52.0,-2.2,2018-10-31,calendar_scenario_not_observed,winter_wheat_scenario,2018-10-31,2019-06-25,238,True,reused_development_2019,39,BASF,era5loc_3c84c4c5c802|2019,75,,2019-05-23,left,True,False,,5.0,0.0,4.0,,True,2019-05-12,2019-06-25
44,basf-wheat-diseases|75|2019,basf-wheat-diseases,75,2019,era5loc_3c84c4c5c802,UNITED KINGDOM,52.0,-2.2,2018-10-31,calendar_scenario_not_observed,winter_wheat_scenario,2018-10-31,2019-06-25,238,True,reused_development_2019,65,BASF,era5loc_3c84c4c5c802|2019,75,2019-06-04,2019-06-25,interval,True,True,,5.0,3.0,1.0,21.0,True,2019-06-08,2019-06-25
44,basf-wheat-diseases|75|2019,basf-wheat-diseases,75,2019,era5loc_3c84c4c5c802,UNITED KINGDOM,52.0,-2.2,2018-10-31,calendar_scenario_not_observed,winter_wheat_scenario,2018-10-31,2019-06-25,238,True,reused_development_2019,85,BASF,era5loc_3c84c4c5c802|2019,75,2019-06-25,,right,True,False,,5.0,5.0,0.0,,True,,2019-06-25
0,corteva-2014-2018-external|2014-1|2014,corteva-2014-2018-external,2014-1,2014,era5loc_34ddf36c3b3a,GERMANY,53.8,10.3,2013-10-01,calendar_scenario_not_observed,winter_wheat_scenario,2013-10-01,2014-06-02,245,True,reused_external_strict,31,Corteva,era5loc_34ddf36c3b3a|2014,2014-1,,2014-05-19,left,True,False,,3.0,0.0,3.0,,True,2014-04-13,2014-06-02
0,corteva-2014-2018-external|2014-1|2014,corteva-2014-2018-external,2014-1,2014,era5loc_34ddf36c3b3a,GERMANY,53.8,10.3,2013-10-01,calendar_scenario_not_observed,winter_wheat_scenario,2013-10-01,2014-06-02,245,True,reused_external_strict,39,Corteva,era5loc_34ddf36c3b3a|2014,2014-1,,2014-05-19,left,True,False,,3.0,0.0,3.0,,True,2014-05-11,2014-06-02
0,corteva-2014-2018-external|2014-1|2014,corteva-2014-2018-external,2014-1,2014,era5loc_34ddf36c3b3a,GERMANY,53.8,10.3,2013-10-01,calendar_scenario_not_observed,winter_wheat_scenario,2013-10-01,2014-06-02,245,True,reused_external_strict,65,Corteva,era5loc_34ddf36c3b3a|2014,2014-1,2014-05-26,2014-06-02,interval,True,True,,3.0,2.0,1.0,7.0,True,,2014-06-02
0,corteva-2014-2018-external|2014-1|2014,corteva-2014-2018-external,2014-1,2014,era5loc_34ddf36c3b3a,GERMANY,53.8,10.3,2013-10-01,calendar_scenario_not_observed,winter_wheat_scenario,2013-10-01,2014-06-02,245,True,reused_external_strict,85,Corteva,era5loc_34ddf36c3b3a|2014,2014-1,2014-06-02,,right,True,False,,3.0,3.0,0.0,,True,,2014-06-02
1,corteva-2014-2018-external|2014-10|2014,corteva-2014-2018-external,2014-10,2014,era5loc_10922b9e995a,UNITED KINGDOM,52.2,-1.6,2013-10-31,calendar_scenario_not_observed,winter_wheat_scenario,2013-10-31,2014-06-18,231,True,reused_external_strict,31,Corteva,era5loc_10922b9e995a|2014,2014-10,,2014-05-07,left,True,False,,5.0,0.0,5.0,,True,2014-04-13,2014-06-18
1,corteva-2014-2018-external|2014-10|2014,corteva-2014-2018-external,2014-10,2014,era5loc_10922b9e995a,UNITED KINGDOM,52.2,-1.6,2013-10-31,calendar_scenario_not_observed,winter_wheat_scenario,2013-10-31,2014-06-18,231,True,reused_external_strict,39,Corteva,era5loc_10922b9e995a|2014,2014-10,2014-05-07,2014-05-22,interval,True,True,,5.0,1.0,4.0,15.0,True,2014-05-12,2014-06-18
1,corteva-2014-2018-external|2014-10|2014,corteva-2014-2018-external,2014-10,2014,era5loc_10922b9e995a,UNITED KINGDOM,52.2,-1.6,2013-10-31,calendar_scenario_not_observed,winter_wheat_scenario,2013-10-31,2014-06-18,231,True,reused_external_strict,65,Corteva,era5loc_10922b9e995a|2014,2014-10,2014-06-12,2014-06-18,interval,True,True,,5.0,4.0,1.0,6.0,True,2014-06-08,2014-06-18
1,corteva-2014-2018-external|2014-10|2014,corteva-2014-2018-external,2014-10,2014,era5loc_10922b9e995a,UNITED KINGDOM,52.2,-1.6,2013-10-31,calendar_scenario_not_observed,winter_wheat_scenario,2013-10-31,2014-06-18,231,True,reused_external_strict,85,Corteva,era5loc_10922b9e995a|2014,2014-10,2014-06-18,,right,True,False,,5.0,5.0,0.0,,True,,2014-06-18
2,corteva-2014-2018-external|2014-11|2014,corteva-2014-2018-external,2014-11,2014,era5loc_9ec703701638,DENMARK,55.3,11.4,2013-10-13,calendar_scenario_not_observed,winter_wheat_scenario,2013-10-13,2014-06-26,257,True,reused_external_strict,31,,,,,,none,False,False,no_archived_stage_constraint,,,,,False,2014-04-25,2014-06-26
2,corteva-2014-2018-external|2014-11|2014,corteva-2014-2018-external,2014-11,2014,era5loc_9ec703701638,DENMARK,55.3,11.4,2013-10-13,calendar_scenario_not_observed,winter_wheat_scenario,2013-10-13,2014-06-26,257,True,reused_external_strict,39,,,,,,none,False,False,no_archived_stage_constraint,,,,,False,2014-05-21,2014-06-26
2,corteva-2014-2018-external|2014-11|2014,corteva-2014-2018-external,2014-11,2014,era5loc_9ec703701638,DENMARK,55.3,11.4,2013-10-13,calendar_scenario_not_observed,winter_wheat_scenario,2013-10-13,2014-06-26,257,True,reused_external_strict,65,,,,,,none,False,False,no_archived_stage_constraint,,,,,False,2014-06-13,2014-06-26
2,corteva-2014-2018-external|2014-11|2014,corteva-2014-2018-external,2014-11,2014,era5loc_9ec703701638,DENMARK,55.3,11.4,2013-10-13,calendar_scenario_not_observed,winter_wheat_scenario,2013-10-13,2014-06-26,257,True,reused_external_strict,85,,,,,,none,False,False,no_archived_stage_constraint,,,,,False,,2014-06-26
3,corteva-2014-2018-external|2014-12|2014,corteva-2014-2018-external,2014-12,2014,era5loc_58196cd23b74,UNITED KINGDOM,52.3,-1.6,2013-10-31,calendar_scenario_not_observed,winter_wheat_scenario,2013-10-31,2014-06-12,225,True,reused_external_strict,31,Corteva,era5loc_58196cd23b74|2014,2014-12,,2014-05-09,left,True,False,,2.0,0.0,2.0,,True,2014-04-13,2014-06-12
3,corteva-2014-2018-external|2014-12|2014,corteva-2014-2018-external,2014-12,2014,era5loc_58196cd23b74,UNITED KINGDOM,52.3,-1.6,2013-10-31,calendar_scenario_not_observed,winter_wheat_scenario,2013-10-31,2014-06-12,225,True,reused_external_strict,39,Corteva,era5loc_58196cd23b74|2014,2014-12,2014-05-09,2014-05-22,interval,True,True,,2.0,1.0,1.0,13.0,True,2014-05-12,2014-06-12
3,corteva-2014-2018-external|2014-12|2014,corteva-2014-2018-external,2014-12,2014,era5loc_58196cd23b74,UNITED KINGDOM,52.3,-1.6,2013-10-31,calendar_scenario_not_observed,winter_wheat_scenario,2013-10-31,2014-06-12,225,True,reused_external_strict,65,Corteva,era5loc_58196cd23b74|2014,2014-12,2014-05-22,,right,True,False,,2.0,2.0,0.0,,True,2014-06-08,2014-06-12
3,corteva-2014-2018-external|2014-12|2014,corteva-2014-2018-external,2014-12,2014,era5loc_58196cd23b74,UNITED KINGDOM,52.3,-1.6,2013-10-31,calendar_scenario_not_observed,winter_wheat_scenario,2013-10-31,2014-06-12,225,True,reused_external_strict,85,Corteva,era5loc_58196cd23b74|2014,2014-12,2014-05-22,,right,True,False,,2.0,2.0,0.0,,True,,2014-06-12
4,corteva-2014-2018-external|2014-13|2014,corteva-2014-2018-external,2014-13,2014,era5loc_b19178602a22,GERMANY,54.0,12.2,2013-10-17,calendar_scenario_not_observed,winter_wheat_scenario,2013-10-17,2014-06-26,253,True,reused_external_strict,31,,,,,,none,False,False,no_archived_stage_constraint,,,,,False,2014-04-20,2014-06-26
4,corteva-2014-2018-external|2014-13|2014,corteva-2014-2018-external,2014-13,2014,era5loc_b19178602a22,GERMANY,54.0,12.2,2013-10-17,calendar_scenario_not_observed,winter_wheat_scenario,2013-10-17,2014-06-26,253,True,reused_external_strict,39,,,,,,none,False,False,no_archived_stage_constraint,,,,,False,2014-05-17,2014-06-26
4,corteva-2014-2018-external|2014-13|2014,corteva-2014-2018-external,2014-13,2014,era5loc_b19178602a22,GERMANY,54.0,12.2,2013-10-17,calendar_scenario_not_observed,winter_wheat_scenario,2013-10-17,2014-06-26,253,True,reused_external_strict,65,,,,,,none,False,False,no_archived_stage_constraint,,,,,False,2014-06-09,2014-06-26
4,corteva-2014-2018-external|2014-13|2014,corteva-2014-2018-external,2014-13,2014,era5loc_b19178602a22,GERMANY,54.0,12.2,2013-10-17,calendar_scenario_not_observed,winter_wheat_scenario,2013-10-17,2014-06-26,253,True,reused_external_strict,85,,,,,,none,False,False,no_archived_stage_constraint,,,,,False,,2014-06-26
5,corteva-2014-2018-external|2014-14|2014,corteva-2014-2018-external,2014-14,2014,era5loc_10922b9e995a,UNITED KINGDOM,52.2,-1.6,2013-10-31,calendar_scenario_not_observed,winter_wheat_scenario,2013-10-31,2014-06-18,231,True,reused_external_strict,31,Corteva,era5loc_10922b9e995a|2014,2014-14,,2014-06-03,left,True,False,,2.0,0.0,2.0,,True,2014-04-13,2014-06-18
5,corteva-2014-2018-external|2014-14|2014,corteva-2014-2018-external,2014-14,2014,era5loc_10922b9e995a,UNITED KINGDOM,52.2,-1.6,2013-10-31,calendar_scenario_not_observed,winter_wheat_scenario,2013-10-31,2014-06-18,231,True,reused_external_strict,39,Corteva,era5loc_10922b9e995a|2014,2014-14,,2014-06-03,left,True,False,,2.0,0.0,2.0,,True,2014-05-12,2014-06-18
5,corteva-2014-2018-external|2014-14|2014,corteva-2014-2018-external,2014-14,2014,era5loc_10922b9e995a,UNITED KINGDOM,52.2,-1.6,2013-10-31,calendar_scenario_not_observed,winter_wheat_scenario,2013-10-31,2014-06-18,231,True,reused_external_strict,65,Corteva,era5loc_10922b9e995a|2014,2014-14,2014-06-03,2014-06-18,interval,True,True,,2.0,1.0,1.0,15.0,True,2014-06-08,2014-06-18
5,corteva-2014-2018-external|2014-14|2014,corteva-2014-2018-external,2014-14,2014,era5loc_10922b9e995a,UNITED KINGDOM,52.2,-1.6,2013-10-31,calendar_scenario_not_observed,winter_wheat_scenario,2013-10-31,2014-06-18,231,True,reused_external_strict,85,Corteva,era5loc_10922b9e995a|2014,2014-14,2014-06-18,,right,True,False,,2.0,2.0,0.0,,True,,2014-06-18
6,corteva-2014-2018-external|2014-15|2014,corteva-2014-2018-external,2014-15,2014,era5loc_10922b9e995a,UNITED KINGDOM,52.2,-1.6,2013-10-31,calendar_scenario_not_observed,winter_wheat_scenario,2013-10-31,2014-06-18,231,True,reused_external_strict,31,Corteva,era5loc_10922b9e995a|2014,2014-15,,2014-05-07,left,True,False,,3.0,0.0,3.0,,True,2014-04-13,2014-06-18
6,corteva-2014-2018-external|2014-15|2014,corteva-2014-2018-external,2014-15,2014,era5loc_10922b9e995a,UNITED KINGDOM,52.2,-1.6,2013-10-31,calendar_scenario_not_observed,winter_wheat_scenario,2013-10-31,2014-06-18,231,True,reused_external_strict,39,Corteva,era5loc_10922b9e995a|2014,2014-15,2014-05-07,2014-06-03,interval,True,True,,3.0,1.0,2.0,27.0,True,2014-05-12,2014-06-18
6,corteva-2014-2018-external|2014-15|2014,corteva-2014-2018-external,2014-15,2014,era5loc_10922b9e995a,UNITED KINGDOM,52.2,-1.6,2013-10-31,calendar_scenario_not_observed,winter_wheat_scenario,2013-10-31,2014-06-18,231,True,reused_external_strict,65,Corteva,era5loc_10922b9e995a|2014,2014-15,2014-06-03,2014-06-18,interval,True,True,,3.0,2.0,1.0,15.0,True,2014-06-08,2014-06-18
6,corteva-2014-2018-external|2014-15|2014,corteva-2014-2018-external,2014-15,2014,era5loc_10922b9e995a,UNITED KINGDOM,52.2,-1.6,2013-10-31,calendar_scenario_not_observed,winter_wheat_scenario,2013-10-31,2014-06-18,231,True,reused_external_strict,85,Corteva,era5loc_10922b9e995a|2014,2014-15,2014-06-18,,right,True,False,,3.0,3.0,0.0,,True,,2014-06-18
7,corteva-2014-2018-external|2014-16|2014,corteva-2014-2018-external,2014-16,2014,era5loc_44b51b0afbf4,FRANCE,47.5,0.8,2013-10-31,calendar_scenario_not_observed,winter_wheat_scenario,2013-10-31,2014-06-17,230,True,reused_external_strict,31,Corteva,era5loc_44b51b0afbf4|2014,2014-16,,2014-06-17,left,True,False,,1.0,0.0,1.0,,True,2014-03-31,2014-06-17
7,corteva-2014-2018-external|2014-16|2014,corteva-2014-2018-external,2014-16,2014,era5loc_44b51b0afbf4,FRANCE,47.5,0.8,2013-10-31,calendar_scenario_not_observed,winter_wheat_scenario,2013-10-31,2014-06-17,230,True,reused_external_strict,39,Corteva,era5loc_44b51b0afbf4|2014,2014-16,,2014-06-17,left,True,False,,1.0,0.0,1.0,,True,2014-04-29,2014-06-17
7,corteva-2014-2018-external|2014-16|2014,corteva-2014-2018-external,2014-16,2014,era5loc_44b51b0afbf4,FRANCE,47.5,0.8,2013-10-31,calendar_scenario_not_observed,winter_wheat_scenario,2013-10-31,2014-06-17,230,True,reused_external_strict,65,Corteva,era5loc_44b51b0afbf4|2014,2014-16,,2014-06-17,left,True,False,,1.0,0.0,1.0,,True,2014-05-26,2014-06-17
7,corteva-2014-2018-external|2014-16|2014,corteva-2014-2018-external,2014-16,2014,era5loc_44b51b0afbf4,FRANCE,47.5,0.8,2013-10-31,calendar_scenario_not_observed,winter_wheat_scenario,2013-10-31,2014-06-17,230,True,reused_external_strict,85,Corteva,era5loc_44b51b0afbf4|2014,2014-16,2014-06-17,,right,True,False,,1.0,1.0,0.0,,True,,2014-06-17
8,corteva-2014-2018-external|2014-17|2014,corteva-2014-2018-external,2014-17,2014,era5loc_10922b9e995a,UNITED KINGDOM,52.2,-1.6,2013-10-31,calendar_scenario_not_observed,winter_wheat_scenario,2013-10-31,2014-06-20,233,True,reused_external_strict,31,Corteva,era5loc_10922b9e995a|2014,2014-17,,2014-05-07,left,True,False,,5.0,0.0,5.0,,True,2014-04-13,2014-06-20
8,corteva-2014-2018-external|2014-17|2014,corteva-2014-2018-external,2014-17,2014,era5loc_10922b9e995a,UNITED KINGDOM,52.2,-1.6,2013-10-31,calendar_scenario_not_observed,winter_wheat_scenario,2013-10-31,2014-06-20,233,True,reused_external_strict,39,Corteva,era5loc_10922b9e995a|2014,2014-17,2014-05-07,2014-05-23,interval,True,True,,5.0,1.0,4.0,16.0,True,2014-05-12,2014-06-20
8,corteva-2014-2018-external|2014-17|2014,corteva-2014-2018-external,2014-17,2014,era5loc_10922b9e995a,UNITED KINGDOM,52.2,-1.6,2013-10-31,calendar_scenario_not_observed,winter_wheat_scenario,2013-10-31,2014-06-20,233,True,reused_external_strict,65,Corteva,era5loc_10922b9e995a|2014,2014-17,2014-06-12,2014-06-20,interval,True,True,,5.0,4.0,1.0,8.0,True,2014-06-08,2014-06-20
8,corteva-2014-2018-external|2014-17|2014,corteva-2014-2018-external,2014-17,2014,era5loc_10922b9e995a,UNITED KINGDOM,52.2,-1.6,2013-10-31,calendar_scenario_not_observed,winter_wheat_scenario,2013-10-31,2014-06-20,233,True,reused_external_strict,85,Corteva,era5loc_10922b9e995a|2014,2014-17,2014-06-20,,right,True,False,,5.0,5.0,0.0,,True,,2014-06-20
9,corteva-2014-2018-external|2014-2|2014,corteva-2014-2018-external,2014-2,2014,era5loc_552fc1bf2ed1,FRANCE,49.2,-0.5,2013-10-31,calendar_scenario_not_observed,winter_wheat_scenario,2013-10-31,2014-07-01,244,True,reused_external_strict,31,Corteva,era5loc_552fc1bf2ed1|2014,2014-2,,2014-06-10,left,True,False,,2.0,0.0,2.0,,True,2014-03-29,2014-07-01
9,corteva-2014-2018-external|2014-2|2014,corteva-2014-2018-external,2014-2,2014,era5loc_552fc1bf2ed1,FRANCE,49.2,-0.5,2013-10-31,calendar_scenario_not_observed,winter_wheat_scenario,2013-10-31,2014-07-01,244,True,reused_external_strict,39,Corteva,era5loc_552fc1bf2ed1|2014,2014-2,,2014-06-10,left,True,False,,2.0,0.0,2.0,,True,2014-04-27,2014-07-01
9,corteva-2014-2018-external|2014-2|2014,corteva-2014-2018-external,2014-2,2014,era5loc_552fc1bf2ed1,FRANCE,49.2,-0.5,2013-10-31,calendar_scenario_not_observed,winter_wheat_scenario,2013-10-31,2014-07-01,244,True,reused_external_strict,65,Corteva,era5loc_552fc1bf2ed1|2014,2014-2,,2014-06-10,left,True,False,,2.0,0.0,2.0,,True,2014-05-25,2014-07-01
9,corteva-2014-2018-external|2014-2|2014,corteva-2014-2018-external,2014-2,2014,era5loc_552fc1bf2ed1,FRANCE,49.2,-0.5,2013-10-31,calendar_scenario_not_observed,winter_wheat_scenario,2013-10-31,2014-07-01,244,True,reused_external_strict,85,Corteva,era5loc_552fc1bf2ed1|2014,2014-2,2014-07-01,,right,True,False,,2.0,2.0,0.0,,True,,2014-07-01
10,corteva-2014-2018-external|2014-23|2014,corteva-2014-2018-external,2014-23,2014,era5loc_a3c14cb7ff62,GERMANY,48.1,10.9,2013-10-01,calendar_scenario_not_observed,winter_wheat_scenario,2013-10-01,2014-07-01,274,True,reused_external_strict,31,Corteva,era5loc_a3c14cb7ff62|2014,2014-23,,2014-06-18,left,True,False,,2.0,0.0,2.0,,True,2014-04-20,2014-07-01
10,corteva-2014-2018-external|2014-23|2014,corteva-2014-2018-external,2014-23,2014,era5loc_a3c14cb7ff62,GERMANY,48.1,10.9,2013-10-01,calendar_scenario_not_observed,winter_wheat_scenario,2013-10-01,2014-07-01,274,True,reused_external_strict,39,Corteva,era5loc_a3c14cb7ff62|2014,2014-23,,2014-06-18,left,True,False,,2.0,0.0,2.0,,True,2014-05-19,2014-07-01
10,corteva-2014-2018-external|2014-23|2014,corteva-2014-2018-external,2014-23,2014,era5loc_a3c14cb7ff62,GERMANY,48.1,10.9,2013-10-01,calendar_scenario_not_observed,winter_wheat_scenario,2013-10-01,2014-07-01,274,True,reused_external_strict,65,Corteva,era5loc_a3c14cb7ff62|2014,2014-23,,2014-06-18,left,True,False,,2.0,0.0,2.0,,True,2014-06-11,2014-07-01
10,corteva-2014-2018-external|2014-23|2014,corteva-2014-2018-external,2014-23,2014,era5loc_a3c14cb7ff62,GERMANY,48.1,10.9,2013-10-01,calendar_scenario_not_observed,winter_wheat_scenario,2013-10-01,2014-07-01,274,True,reused_external_strict,85,Corteva,era5loc_a3c14cb7ff62|2014,2014-23,2014-07-01,,right,True,False,,2.0,2.0,0.0,,True,,2014-07-01
11,corteva-2014-2018-external|2014-24|2014,corteva-2014-2018-external,2014-24,2014,era5loc_9ec703701638,DENMARK,55.3,11.4,2013-10-13,calendar_scenario_not_observed,winter_wheat_scenario,2013-10-13,2014-06-19,250,True,reused_external_strict,31,Corteva,era5loc_9ec703701638|2014,2014-24,,2014-06-19,left,True,False,,1.0,0.0,1.0,,True,2014-04-25,2014-06-19
11,corteva-2014-2018-external|2014-24|2014,corteva-2014-2018-external,2014-24,2014,era5loc_9ec703701638,DENMARK,55.3,11.4,2013-10-13,calendar_scenario_not_observed,winter_wheat_scenario,2013-10-13,2014-06-19,250,True,reused_external_strict,39,Corteva,era5loc_9ec703701638|2014,2014-24,,2014-06-19,left,True,False,,1.0,0.0,1.0,,True,2014-05-21,2014-06-19
11,corteva-2014-2018-external|2014-24|2014,corteva-2014-2018-external,2014-24,2014,era5loc_9ec703701638,DENMARK,55.3,11.4,2013-10-13,calendar_scenario_not_observed,winter_wheat_scenario,2013-10-13,2014-06-19,250,True,reused_external_strict,65,Corteva,era5loc_9ec703701638|2014,2014-24,,2014-06-19,left,True,False,,1.0,0.0,1.0,,True,2014-06-13,2014-06-19
11,corteva-2014-2018-external|2014-24|2014,corteva-2014-2018-external,2014-24,2014,era5loc_9ec703701638,DENMARK,55.3,11.4,2013-10-13,calendar_scenario_not_observed,winter_wheat_scenario,2013-10-13,2014-06-19,250,True,reused_external_strict,85,Corteva,era5loc_9ec703701638|2014,2014-24,2014-06-19,,right,True,False,,1.0,1.0,0.0,,True,,2014-06-19
12,corteva-2014-2018-external|2014-25|2014,corteva-2014-2018-external,2014-25,2014,era5loc_44b51b0afbf4,FRANCE,47.5,0.8,2013-10-31,calendar_scenario_not_observed,winter_wheat_scenario,2013-10-31,2014-06-05,218,True,reused_external_strict,31,Corteva,era5loc_44b51b0afbf4|2014,2014-25,,2014-06-05,left,True,False,,1.0,0.0,1.0,,True,2014-03-31,2014-06-05
12,corteva-2014-2018-external|2014-25|2014,corteva-2014-2018-external,2014-25,2014,era5loc_44b51b0afbf4,FRANCE,47.5,0.8,2013-10-31,calendar_scenario_not_observed,winter_wheat_scenario,2013-10-31,2014-06-05,218,True,reused_external_strict,39,Corteva,era5loc_44b51b0afbf4|2014,2014-25,,2014-06-05,left,True,False,,1.0,0.0,1.0,,True,2014-04-29,2014-06-05
12,corteva-2014-2018-external|2014-25|2014,corteva-2014-2018-external,2014-25,2014,era5loc_44b51b0afbf4,FRANCE,47.5,0.8,2013-10-31,calendar_scenario_not_observed,winter_wheat_scenario,2013-10-31,2014-06-05,218,True,reused_external_strict,65,Corteva,era5loc_44b51b0afbf4|2014,2014-25,,2014-06-05,left,True,False,,1.0,0.0,1.0,,True,2014-05-26,2014-06-05
12,corteva-2014-2018-external|2014-25|2014,corteva-2014-2018-external,2014-25,2014,era5loc_44b51b0afbf4,FRANCE,47.5,0.8,2013-10-31,calendar_scenario_not_observed,winter_wheat_scenario,2013-10-31,2014-06-05,218,True,reused_external_strict,85,Corteva,era5loc_44b51b0afbf4|2014,2014-25,2014-06-05,,right,True,False,,1.0,1.0,0.0,,True,,2014-06-05
13,corteva-2014-2018-external|2014-26|2014,corteva-2014-2018-external,2014-26,2014,era5loc_ac3e32c77013,FRANCE,50.2,2.4,2013-10-31,calendar_scenario_not_observed,winter_wheat_scenario,2013-10-31,2014-06-26,239,True,reused_external_strict,31,,,,,,none,False,False,no_archived_stage_constraint,,,,,False,2014-04-06,2014-06-26
13,corteva-2014-2018-external|2014-26|2014,corteva-2014-2018-external,2014-26,2014,era5loc_ac3e32c77013,FRANCE,50.2,2.4,2013-10-31,calendar_scenario_not_observed,winter_wheat_scenario,2013-10-31,2014-06-26,239,True,reused_external_strict,39,,,,,,none,False,False,no_archived_stage_constraint,,,,,False,2014-05-07,2014-06-26
13,corteva-2014-2018-external|2014-26|2014,corteva-2014-2018-external,2014-26,2014,era5loc_ac3e32c77013,FRANCE,50.2,2.4,2013-10-31,calendar_scenario_not_observed,winter_wheat_scenario,2013-10-31,2014-06-26,239,True,reused_external_strict,65,,,,,,none,False,False,no_archived_stage_constraint,,,,,False,2014-06-03,2014-06-26
13,corteva-2014-2018-external|2014-26|2014,corteva-2014-2018-external,2014-26,2014,era5loc_ac3e32c77013,FRANCE,50.2,2.4,2013-10-31,calendar_scenario_not_observed,winter_wheat_scenario,2013-10-31,2014-06-26,239,True,reused_external_strict,85,,,,,,none,False,False,no_archived_stage_constraint,,,,,False,,2014-06-26
14,corteva-2014-2018-external|2014-3|2014,corteva-2014-2018-external,2014-3,2014,era5loc_10922b9e995a,UNITED KINGDOM,52.2,-1.6,2013-10-31,calendar_scenario_not_observed,winter_wheat_scenario,2013-10-31,2014-07-02,245,True,reused_external_strict,31,Corteva,era5loc_10922b9e995a|2014,2014-3,,2014-06-03,left,True,False,,3.0,0.0,3.0,,True,2014-04-13,2014-07-02
14,corteva-2014-2018-external|2014-3|2014,corteva-2014-2018-external,2014-3,2014,era5loc_10922b9e995a,UNITED KINGDOM,52.2,-1.6,2013-10-31,calendar_scenario_not_observed,winter_wheat_scenario,2013-10-31,2014-07-02,245,True,reused_external_strict,39,Corteva,era5loc_10922b9e995a|2014,2014-3,,2014-06-03,left,True,False,,3.0,0.0,3.0,,True,2014-05-12,2014-07-02
14,corteva-2014-2018-external|2014-3|2014,corteva-2014-2018-external,2014-3,2014,era5loc_10922b9e995a,UNITED KINGDOM,52.2,-1.6,2013-10-31,calendar_scenario_not_observed,winter_wheat_scenario,2013-10-31,2014-07-02,245,True,reused_external_strict,65,Corteva,era5loc_10922b9e995a|2014,2014-3,2014-06-03,2014-06-20,interval,True,True,,3.0,1.0,2.0,17.0,True,2014-06-08,2014-07-02
14,corteva-2014-2018-external|2014-3|2014,corteva-2014-2018-external,2014-3,2014,era5loc_10922b9e995a,UNITED KINGDOM,52.2,-1.6,2013-10-31,calendar_scenario_not_observed,winter_wheat_scenario,2013-10-31,2014-07-02,245,True,reused_external_strict,85,Corteva,era5loc_10922b9e995a|2014,2014-3,2014-07-02,,right,True,False,,3.0,3.0,0.0,,True,,2014-07-02
15,corteva-2014-2018-external|2014-34|2014,corteva-2014-2018-external,2014-34,2014,era5loc_a3c14cb7ff62,GERMANY,48.1,10.9,2013-10-01,calendar_scenario_not_observed,winter_wheat_scenario,2013-10-01,2014-06-26,269,True,reused_external_strict,31,Corteva,era5loc_a3c14cb7ff62|2014,2014-34,,2014-06-26,left,True,False,,1.0,0.0,1.0,,True,2014-04-20,2014-06-26
15,corteva-2014-2018-external|2014-34|2014,corteva-2014-2018-external,2014-34,2014,era5loc_a3c14cb7ff62,GERMANY,48.1,10.9,2013-10-01,calendar_scenario_not_observed,winter_wheat_scenario,2013-10-01,2014-06-26,269,True,reused_external_strict,39,Corteva,era5loc_a3c14cb7ff62|2014,2014-34,,2014-06-26,left,True,False,,1.0,0.0,1.0,,True,2014-05-19,2014-06-26
15,corteva-2014-2018-external|2014-34|2014,corteva-2014-2018-external,2014-34,2014,era5loc_a3c14cb7ff62,GERMANY,48.1,10.9,2013-10-01,calendar_scenario_not_observed,winter_wheat_scenario,2013-10-01,2014-06-26,269,True,reused_external_strict,65,Corteva,era5loc_a3c14cb7ff62|2014,2014-34,,2014-06-26,left,True,False,,1.0,0.0,1.0,,True,2014-06-11,2014-06-26
15,corteva-2014-2018-external|2014-34|2014,corteva-2014-2018-external,2014-34,2014,era5loc_a3c14cb7ff62,GERMANY,48.1,10.9,2013-10-01,calendar_scenario_not_observed,winter_wheat_scenario,2013-10-01,2014-06-26,269,True,reused_external_strict,85,Corteva,era5loc_a3c14cb7ff62|2014,2014-34,2014-06-26,,right,True,False,,1.0,1.0,0.0,,True,,2014-06-26
16,corteva-2014-2018-external|2014-35|2014,corteva-2014-2018-external,2014-35,2014,era5loc_6d5acc6b6792,FRANCE,47.6,1.0,2013-10-31,calendar_scenario_not_observed,winter_wheat_scenario,2013-10-31,2014-06-26,239,True,reused_external_strict,31,Corteva,era5loc_6d5acc6b6792|2014,2014-35,,2014-06-20,left,True,False,,1.0,0.0,1.0,,True,2014-03-31,2014-06-26
16,corteva-2014-2018-external|2014-35|2014,corteva-2014-2018-external,2014-35,2014,era5loc_6d5acc6b6792,FRANCE,47.6,1.0,2013-10-31,calendar_scenario_not_observed,winter_wheat_scenario,2013-10-31,2014-06-26,239,True,reused_external_strict,39,Corteva,era5loc_6d5acc6b6792|2014,2014-35,,2014-06-20,left,True,False,,1.0,0.0,1.0,,True,2014-04-29,2014-06-26
16,corteva-2014-2018-external|2014-35|2014,corteva-2014-2018-external,2014-35,2014,era5loc_6d5acc6b6792,FRANCE,47.6,1.0,2013-10-31,calendar_scenario_not_observed,winter_wheat_scenario,2013-10-31,2014-06-26,239,True,reused_external_strict,65,Corteva,era5loc_6d5acc6b6792|2014,2014-35,,2014-06-20,left,True,False,,1.0,0.0,1.0,,True,2014-05-26,2014-06-26
16,corteva-2014-2018-external|2014-35|2014,corteva-2014-2018-external,2014-35,2014,era5loc_6d5acc6b6792,FRANCE,47.6,1.0,2013-10-31,calendar_scenario_not_observed,winter_wheat_scenario,2013-10-31,2014-06-26,239,True,reused_external_strict,85,Corteva,era5loc_6d5acc6b6792|2014,2014-35,2014-06-20,,right,True,False,,1.0,1.0,0.0,,True,,2014-06-26
17,corteva-2014-2018-external|2014-36|2014,corteva-2014-2018-external,2014-36,2014,era5loc_2bec8c4d1d1c,GERMANY,48.2,11.3,2013-10-01,calendar_scenario_not_observed,winter_wheat_scenario,2013-10-01,2014-06-16,259,True,reused_external_strict,31,Corteva,era5loc_2bec8c4d1d1c|2014,2014-36,,2014-06-16,left,True,False,,1.0,0.0,1.0,,True,2014-04-13,2014-06-16
17,corteva-2014-2018-external|2014-36|2014,corteva-2014-2018-external,2014-36,2014,era5loc_2bec8c4d1d1c,GERMANY,48.2,11.3,2013-10-01,calendar_scenario_not_observed,winter_wheat_scenario,2013-10-01,2014-06-16,259,True,reused_external_strict,39,Corteva,era5loc_2bec8c4d1d1c|2014,2014-36,,2014-06-16,left,True,False,,1.0,0.0,1.0,,True,2014-05-13,2014-06-16
17,corteva-2014-2018-external|2014-36|2014,corteva-2014-2018-external,2014-36,2014,era5loc_2bec8c4d1d1c,GERMANY,48.2,11.3,2013-10-01,calendar_scenario_not_observed,winter_wheat_scenario,2013-10-01,2014-06-16,259,True,reused_external_strict,65,Corteva,era5loc_2bec8c4d1d1c|2014,2014-36,,2014-06-16,left,True,False,,1.0,0.0,1.0,,True,2014-06-08,2014-06-16
17,corteva-2014-2018-external|2014-36|2014,corteva-2014-2018-external,2014-36,2014,era5loc_2bec8c4d1d1c,GERMANY,48.2,11.3,2013-10-01,calendar_scenario_not_observed,winter_wheat_scenario,2013-10-01,2014-06-16,259,True,reused_external_strict,85,Corteva,era5loc_2bec8c4d1d1c|2014,2014-36,2014-06-16,,right,True,False,,1.0,1.0,0.0,,True,,2014-06-16
18,corteva-2014-2018-external|2014-37|2014,corteva-2014-2018-external,2014-37,2014,era5loc_9ec703701638,DENMARK,55.3,11.4,2013-10-13,calendar_scenario_not_observed,winter_wheat_scenario,2013-10-13,2014-06-26,257,True,reused_external_strict,31,Corteva,era5loc_9ec703701638|2014,2014-37,,2014-05-23,left,True,False,,4.0,0.0,4.0,,True,2014-04-25,2014-06-26
18,corteva-2014-2018-external|2014-37|2014,corteva-2014-2018-external,2014-37,2014,era5loc_9ec703701638,DENMARK,55.3,11.4,2013-10-13,calendar_scenario_not_observed,winter_wheat_scenario,2013-10-13,2014-06-26,257,True,reused_external_strict,39,Corteva,era5loc_9ec703701638|2014,2014-37,,2014-05-23,left,True,False,,4.0,0.0,4.0,,True,2014-05-21,2014-06-26
18,corteva-2014-2018-external|2014-37|2014,corteva-2014-2018-external,2014-37,2014,era5loc_9ec703701638,DENMARK,55.3,11.4,2013-10-13,calendar_scenario_not_observed,winter_wheat_scenario,2013-10-13,2014-06-26,257,True,reused_external_strict,65,Corteva,era5loc_9ec703701638|2014,2014-37,2014-05-23,2014-06-04,interval,True,True,,4.0,1.0,3.0,12.0,True,2014-06-13,2014-06-26
18,corteva-2014-2018-external|2014-37|2014,corteva-2014-2018-external,2014-37,2014,era5loc_9ec703701638,DENMARK,55.3,11.4,2013-10-13,calendar_scenario_not_observed,winter_wheat_scenario,2013-10-13,2014-06-26,257,True,reused_external_strict,85,Corteva,era5loc_9ec703701638|2014,2014-37,2014-06-26,,right,True,False,,4.0,4.0,0.0,,True,,2014-06-26
19,corteva-2014-2018-external|2014-38|2014,corteva-2014-2018-external,2014-38,2014,era5loc_8c3d66928dac,UNITED KINGDOM,52.2,-2.8,2013-10-31,calendar_scenario_not_observed,winter_wheat_scenario,2013-10-31,2014-07-01,244,True,reused_external_strict,31,Corteva,era5loc_8c3d66928dac|2014,2014-38,,2014-04-24,left,True,False,,5.0,0.0,5.0,,True,2014-04-16,2014-07-01
19,corteva-2014-2018-external|2014-38|2014,corteva-2014-2018-external,2014-38,2014,era5loc_8c3d66928dac,UNITED KINGDOM,52.2,-2.8,2013-10-31,calendar_scenario_not_observed,winter_wheat_scenario,2013-10-31,2014-07-01,244,True,reused_external_strict,39,Corteva,era5loc_8c3d66928dac|2014,2014-38,2014-05-09,2014-05-30,interval,True,True,,5.0,2.0,3.0,21.0,True,2014-05-15,2014-07-01
19,corteva-2014-2018-external|2014-38|2014,corteva-2014-2018-external,2014-38,2014,era5loc_8c3d66928dac,UNITED KINGDOM,52.2,-2.8,2013-10-31,calendar_scenario_not_observed,winter_wheat_scenario,2013-10-31,2014-07-01,244,True,reused_external_strict,65,Corteva,era5loc_8c3d66928dac|2014,2014-38,2014-05-30,2014-06-13,interval,True,True,,5.0,3.0,2.0,14.0,True,2014-06-11,2014-07-01
19,corteva-2014-2018-external|2014-38|2014,corteva-2014-2018-external,2014-38,2014,era5loc_8c3d66928dac,UNITED KINGDOM,52.2,-2.8,2013-10-31,calendar_scenario_not_observed,winter_wheat_scenario,2013-10-31,2014-07-01,244,True,reused_external_strict,85,Corteva,era5loc_8c3d66928dac|2014,2014-38,2014-07-01,,right,True,False,,5.0,5.0,0.0,,True,,2014-07-01
20,corteva-2014-2018-external|2014-39|2014,corteva-2014-2018-external,2014-39,2014,era5loc_5bc9f026f451,POLAND,50.3,18.6,2013-10-03,calendar_scenario_not_observed,winter_wheat_scenario,2013-10-03,2014-06-25,266,True,reused_external_strict,31,Corteva,era5loc_5bc9f026f451|2014,2014-39,,2014-06-11,left,True,False,,2.0,0.0,2.0,,True,2014-04-11,2014-06-25
20,corteva-2014-2018-external|2014-39|2014,corteva-2014-2018-external,2014-39,2014,era5loc_5bc9f026f451,POLAND,50.3,18.6,2013-10-03,calendar_scenario_not_observed,winter_wheat_scenario,2013-10-03,2014-06-25,266,True,reused_external_strict,39,Corteva,era5loc_5bc9f026f451|2014,2014-39,,2014-06-11,left,True,False,,2.0,0.0,2.0,,True,2014-05-09,2014-06-25
20,corteva-2014-2018-external|2014-39|2014,corteva-2014-2018-external,2014-39,2014,era5loc_5bc9f026f451,POLAND,50.3,18.6,2013-10-03,calendar_scenario_not_observed,winter_wheat_scenario,2013-10-03,2014-06-25,266,True,reused_external_strict,65,Corteva,era5loc_5bc9f026f451|2014,2014-39,,2014-06-11,left,True,False,,2.0,0.0,2.0,,True,2014-06-02,2014-06-25
20,corteva-2014-2018-external|2014-39|2014,corteva-2014-2018-external,2014-39,2014,era5loc_5bc9f026f451,POLAND,50.3,18.6,2013-10-03,calendar_scenario_not_observed,winter_wheat_scenario,2013-10-03,2014-06-25,266,True,reused_external_strict,85,Corteva,era5loc_5bc9f026f451|2014,2014-39,2014-06-25,,right,True,False,,2.0,2.0,0.0,,True,,2014-06-25
21,corteva-2014-2018-external|2014-4|2014,corteva-2014-2018-external,2014-4,2014,era5loc_16ba87a73e20,GERMANY,48.9,9.3,2013-10-01,calendar_scenario_not_observed,winter_wheat_scenario,2013-10-01,2014-07-03,276,True,reused_external_strict,31,Corteva,era5loc_16ba87a73e20|2014,2014-4,,2014-06-05,left,True,False,,3.0,0.0,3.0,,True,2014-04-04,2014-07-03
21,corteva-2014-2018-external|2014-4|2014,corteva-2014-2018-external,2014-4,2014,era5loc_16ba87a73e20,GERMANY,48.9,9.3,2013-10-01,calendar_scenario_not_observed,winter_wheat_scenario,2013-10-01,2014-07-03,276,True,reused_external_strict,39,Corteva,era5loc_16ba87a73e20|2014,2014-4,,2014-06-05,left,True,False,,3.0,0.0,3.0,,True,2014-05-02,2014-07-03
21,corteva-2014-2018-external|2014-4|2014,corteva-2014-2018-external,2014-4,2014,era5loc_16ba87a73e20,GERMANY,48.9,9.3,2013-10-01,calendar_scenario_not_observed,winter_wheat_scenario,2013-10-01,2014-07-03,276,True,reused_external_strict,65,Corteva,era5loc_16ba87a73e20|2014,2014-4,,2014-06-05,left,True,False,,3.0,0.0,3.0,,True,2014-05-28,2014-07-03
21,corteva-2014-2018-external|2014-4|2014,corteva-2014-2018-external,2014-4,2014,era5loc_16ba87a73e20,GERMANY,48.9,9.3,2013-10-01,calendar_scenario_not_observed,winter_wheat_scenario,2013-10-01,2014-07-03,276,True,reused_external_strict,85,Corteva,era5loc_16ba87a73e20|2014,2014-4,2014-07-03,,right,True,False,,3.0,3.0,0.0,,True,2014-07-02,2014-07-03
22,corteva-2014-2018-external|2014-5|2014,corteva-2014-2018-external,2014-5,2014,era5loc_10922b9e995a,UNITED KINGDOM,52.2,-1.6,2013-10-31,calendar_scenario_not_observed,winter_wheat_scenario,2013-10-31,2014-06-19,232,True,reused_external_strict,31,Corteva,era5loc_10922b9e995a|2014,2014-5,,2014-05-07,left,True,False,,4.0,0.0,4.0,,True,2014-04-13,2014-06-19
22,corteva-2014-2018-external|2014-5|2014,corteva-2014-2018-external,2014-5,2014,era5loc_10922b9e995a,UNITED KINGDOM,52.2,-1.6,2013-10-31,calendar_scenario_not_observed,winter_wheat_scenario,2013-10-31,2014-06-19,232,True,reused_external_strict,39,Corteva,era5loc_10922b9e995a|2014,2014-5,2014-05-07,2014-05-23,interval,True,True,,4.0,1.0,3.0,16.0,True,2014-05-12,2014-06-19
22,corteva-2014-2018-external|2014-5|2014,corteva-2014-2018-external,2014-5,2014,era5loc_10922b9e995a,UNITED KINGDOM,52.2,-1.6,2013-10-31,calendar_scenario_not_observed,winter_wheat_scenario,2013-10-31,2014-06-19,232,True,reused_external_strict,65,Corteva,era5loc_10922b9e995a|2014,2014-5,2014-06-02,,right,True,False,,4.0,3.0,0.0,,True,2014-06-08,2014-06-19
22,corteva-2014-2018-external|2014-5|2014,corteva-2014-2018-external,2014-5,2014,era5loc_10922b9e995a,UNITED KINGDOM,52.2,-1.6,2013-10-31,calendar_scenario_not_observed,winter_wheat_scenario,2013-10-31,2014-06-19,232,True,reused_external_strict,85,Corteva,era5loc_10922b9e995a|2014,2014-5,2014-06-19,,right,True,False,,4.0,4.0,0.0,,True,,2014-06-19
23,corteva-2014-2018-external|2014-9|2014,corteva-2014-2018-external,2014-9,2014,era5loc_ac9ad304413f,GERMANY,54.2,10.4,2013-10-01,calendar_scenario_not_observed,winter_wheat_scenario,2013-10-01,2014-06-26,269,True,reused_external_strict,31,,,,,,none,False,False,no_archived_stage_constraint,,,,,False,2014-04-16,2014-06-26
23,corteva-2014-2018-external|2014-9|2014,corteva-2014-2018-external,2014-9,2014,era5loc_ac9ad304413f,GERMANY,54.2,10.4,2013-10-01,calendar_scenario_not_observed,winter_wheat_scenario,2013-10-01,2014-06-26,269,True,reused_external_strict,39,,,,,,none,False,False,no_archived_stage_constraint,,,,,False,2014-05-14,2014-06-26
23,corteva-2014-2018-external|2014-9|2014,corteva-2014-2018-external,2014-9,2014,era5loc_ac9ad304413f,GERMANY,54.2,10.4,2013-10-01,calendar_scenario_not_observed,winter_wheat_scenario,2013-10-01,2014-06-26,269,True,reused_external_strict,65,,,,,,none,False,False,no_archived_stage_constraint,,,,,False,2014-06-08,2014-06-26
23,corteva-2014-2018-external|2014-9|2014,corteva-2014-2018-external,2014-9,2014,era5loc_ac9ad304413f,GERMANY,54.2,10.4,2013-10-01,calendar_scenario_not_observed,winter_wheat_scenario,2013-10-01,2014-06-26,269,True,reused_external_strict,85,,,,,,none,False,False,no_archived_stage_constraint,,,,,False,,2014-06-26
24,corteva-2014-2018-external|2015-41|2015,corteva-2014-2018-external,2015-41,2015,era5loc_e9355841f968,GERMANY,54.2,10.3,2014-10-01,calendar_scenario_not_observed,winter_wheat_scenario,2014-10-01,2015-07-13,286,True,reused_external_strict,31,,,,,,none,False,False,no_archived_stage_constraint,,,,,False,2015-04-22,2015-07-13
24,corteva-2014-2018-external|2015-41|2015,corteva-2014-2018-external,2015-41,2015,era5loc_e9355841f968,GERMANY,54.2,10.3,2014-10-01,calendar_scenario_not_observed,winter_wheat_scenario,2014-10-01,2015-07-13,286,True,reused_external_strict,39,,,,,,none,False,False,no_archived_stage_constraint,,,,,False,2015-05-20,2015-07-13
24,corteva-2014-2018-external|2015-41|2015,corteva-2014-2018-external,2015-41,2015,era5loc_e9355841f968,GERMANY,54.2,10.3,2014-10-01,calendar_scenario_not_observed,winter_wheat_scenario,2014-10-01,2015-07-13,286,True,reused_external_strict,65,,,,,,none,False,False,no_archived_stage_constraint,,,,,False,2015-06-17,2015-07-13
24,corteva-2014-2018-external|2015-41|2015,corteva-2014-2018-external,2015-41,2015,era5loc_e9355841f968,GERMANY,54.2,10.3,2014-10-01,calendar_scenario_not_observed,winter_wheat_scenario,2014-10-01,2015-07-13,286,True,reused_external_strict,85,,,,,,none,False,False,no_archived_stage_constraint,,,,,False,,2015-07-13
25,corteva-2014-2018-external|2015-42|2015,corteva-2014-2018-external,2015-42,2015,era5loc_4a01bdc540c8,FRANCE,47.7,1.0,2014-10-31,calendar_scenario_not_observed,winter_wheat_scenario,2014-10-31,2015-06-22,235,True,reused_external_strict,31,Corteva,era5loc_4a01bdc540c8|2015,2015-42,,2015-06-22,left,True,False,,1.0,0.0,1.0,,True,2015-04-11,2015-06-22
25,corteva-2014-2018-external|2015-42|2015,corteva-2014-2018-external,2015-42,2015,era5loc_4a01bdc540c8,FRANCE,47.7,1.0,2014-10-31,calendar_scenario_not_observed,winter_wheat_scenario,2014-10-31,2015-06-22,235,True,reused_external_strict,39,Corteva,era5loc_4a01bdc540c8|2015,2015-42,,2015-06-22,left,True,False,,1.0,0.0,1.0,,True,2015-05-06,2015-06-22
25,corteva-2014-2018-external|2015-42|2015,corteva-2014-2018-external,2015-42,2015,era5loc_4a01bdc540c8,FRANCE,47.7,1.0,2014-10-31,calendar_scenario_not_observed,winter_wheat_scenario,2014-10-31,2015-06-22,235,True,reused_external_strict,65,Corteva,era5loc_4a01bdc540c8|2015,2015-42,,2015-06-22,left,True,False,,1.0,0.0,1.0,,True,2015-05-31,2015-06-22
25,corteva-2014-2018-external|2015-42|2015,corteva-2014-2018-external,2015-42,2015,era5loc_4a01bdc540c8,FRANCE,47.7,1.0,2014-10-31,calendar_scenario_not_observed,winter_wheat_scenario,2014-10-31,2015-06-22,235,True,reused_external_strict,85,Corteva,era5loc_4a01bdc540c8|2015,2015-42,2015-06-22,,right,True,False,,1.0,1.0,0.0,,True,,2015-06-22
26,corteva-2014-2018-external|2015-43|2015,corteva-2014-2018-external,2015-43,2015,era5loc_271e389189e2,GERMANY,48.3,11.5,2014-10-01,calendar_scenario_not_observed,winter_wheat_scenario,2014-10-01,2015-07-01,274,True,reused_external_strict,31,Corteva,era5loc_271e389189e2|2015,2015-43,,2015-05-18,left,True,False,,4.0,0.0,4.0,,True,2015-04-21,2015-07-01
26,corteva-2014-2018-external|2015-43|2015,corteva-2014-2018-external,2015-43,2015,era5loc_271e389189e2,GERMANY,48.3,11.5,2014-10-01,calendar_scenario_not_observed,winter_wheat_scenario,2014-10-01,2015-07-01,274,True,reused_external_strict,39,Corteva,era5loc_271e389189e2|2015,2015-43,2015-05-18,2015-06-08,interval,True,True,,4.0,1.0,3.0,21.0,True,2015-05-14,2015-07-01
26,corteva-2014-2018-external|2015-43|2015,corteva-2014-2018-external,2015-43,2015,era5loc_271e389189e2,GERMANY,48.3,11.5,2014-10-01,calendar_scenario_not_observed,winter_wheat_scenario,2014-10-01,2015-07-01,274,True,reused_external_strict,65,Corteva,era5loc_271e389189e2|2015,2015-43,2015-06-08,2015-06-17,interval,True,True,,4.0,2.0,2.0,9.0,True,2015-06-08,2015-07-01
26,corteva-2014-2018-external|2015-43|2015,corteva-2014-2018-external,2015-43,2015,era5loc_271e389189e2,GERMANY,48.3,11.5,2014-10-01,calendar_scenario_not_observed,winter_wheat_scenario,2014-10-01,2015-07-01,274,True,reused_external_strict,85,Corteva,era5loc_271e389189e2|2015,2015-43,2015-07-01,,right,True,False,,4.0,4.0,0.0,,True,,2015-07-01
27,corteva-2014-2018-external|2015-44|2015,corteva-2014-2018-external,2015-44,2015,era5loc_8c3d66928dac,UNITED KINGDOM,52.2,-2.8,2014-10-31,calendar_scenario_not_observed,winter_wheat_scenario,2014-10-31,2015-07-01,244,True,reused_external_strict,31,Corteva,era5loc_8c3d66928dac|2015,2015-44,,2015-05-01,left,True,False,,5.0,0.0,5.0,,True,2015-04-22,2015-07-01
27,corteva-2014-2018-external|2015-44|2015,corteva-2014-2018-external,2015-44,2015,era5loc_8c3d66928dac,UNITED KINGDOM,52.2,-2.8,2014-10-31,calendar_scenario_not_observed,winter_wheat_scenario,2014-10-31,2015-07-01,244,True,reused_external_strict,39,Corteva,era5loc_8c3d66928dac|2015,2015-44,2015-05-01,2015-05-28,interval,True,True,,5.0,1.0,4.0,27.0,True,2015-05-22,2015-07-01
27,corteva-2014-2018-external|2015-44|2015,corteva-2014-2018-external,2015-44,2015,era5loc_8c3d66928dac,UNITED KINGDOM,52.2,-2.8,2014-10-31,calendar_scenario_not_observed,winter_wheat_scenario,2014-10-31,2015-07-01,244,True,reused_external_strict,65,Corteva,era5loc_8c3d66928dac|2015,2015-44,2015-05-28,2015-06-13,interval,True,True,,5.0,2.0,3.0,16.0,True,2015-06-20,2015-07-01
27,corteva-2014-2018-external|2015-44|2015,corteva-2014-2018-external,2015-44,2015,era5loc_8c3d66928dac,UNITED KINGDOM,52.2,-2.8,2014-10-31,calendar_scenario_not_observed,winter_wheat_scenario,2014-10-31,2015-07-01,244,True,reused_external_strict,85,Corteva,era5loc_8c3d66928dac|2015,2015-44,2015-07-01,,right,True,False,,5.0,5.0,0.0,,True,,2015-07-01
28,corteva-2014-2018-external|2015-48|2015,corteva-2014-2018-external,2015-48,2015,era5loc_ac9ad304413f,GERMANY,54.2,10.4,2014-10-01,calendar_scenario_not_observed,winter_wheat_scenario,2014-10-01,2015-07-13,286,True,reused_external_strict,31,,,,,,none,False,False,no_archived_stage_constraint,,,,,False,2015-04-24,2015-07-13
28,corteva-2014-2018-external|2015-48|2015,corteva-2014-2018-external,2015-48,2015,era5loc_ac9ad304413f,GERMANY,54.2,10.4,2014-10-01,calendar_scenario_not_observed,winter_wheat_scenario,2014-10-01,2015-07-13,286,True,reused_external_strict,39,,,,,,none,False,False,no_archived_stage_constraint,,,,,False,2015-05-21,2015-07-13
28,corteva-2014-2018-external|2015-48|2015,corteva-2014-2018-external,2015-48,2015,era5loc_ac9ad304413f,GERMANY,54.2,10.4,2014-10-01,calendar_scenario_not_observed,winter_wheat_scenario,2014-10-01,2015-07-13,286,True,reused_external_strict,65,,,,,,none,False,False,no_archived_stage_constraint,,,,,False,2015-06-18,2015-07-13
28,corteva-2014-2018-external|2015-48|2015,corteva-2014-2018-external,2015-48,2015,era5loc_ac9ad304413f,GERMANY,54.2,10.4,2014-10-01,calendar_scenario_not_observed,winter_wheat_scenario,2014-10-01,2015-07-13,286,True,reused_external_strict,85,,,,,,none,False,False,no_archived_stage_constraint,,,,,False,,2015-07-13
29,corteva-2014-2018-external|2015-49|2015,corteva-2014-2018-external,2015-49,2015,era5loc_44b51b0afbf4,FRANCE,47.5,0.8,2014-10-31,calendar_scenario_not_observed,winter_wheat_scenario,2014-10-31,2015-06-16,229,True,reused_external_strict,31,Corteva,era5loc_44b51b0afbf4|2015,2015-49,,2015-05-18,left,True,False,,2.0,0.0,2.0,,True,2015-04-09,2015-06-16
29,corteva-2014-2018-external|2015-49|2015,corteva-2014-2018-external,2015-49,2015,era5loc_44b51b0afbf4,FRANCE,47.5,0.8,2014-10-31,calendar_scenario_not_observed,winter_wheat_scenario,2014-10-31,2015-06-16,229,True,reused_external_strict,39,Corteva,era5loc_44b51b0afbf4|2015,2015-49,,2015-05-18,left,True,False,,2.0,0.0,2.0,,True,2015-05-03,2015-06-16
29,corteva-2014-2018-external|2015-49|2015,corteva-2014-2018-external,2015-49,2015,era5loc_44b51b0afbf4,FRANCE,47.5,0.8,2014-10-31,calendar_scenario_not_observed,winter_wheat_scenario,2014-10-31,2015-06-16,229,True,reused_external_strict,65,Corteva,era5loc_44b51b0afbf4|2015,2015-49,,2015-05-18,left,True,False,,2.0,0.0,2.0,,True,2015-05-28,2015-06-16
29,corteva-2014-2018-external|2015-49|2015,corteva-2014-2018-external,2015-49,2015,era5loc_44b51b0afbf4,FRANCE,47.5,0.8,2014-10-31,calendar_scenario_not_observed,winter_wheat_scenario,2014-10-31,2015-06-16,229,True,reused_external_strict,85,Corteva,era5loc_44b51b0afbf4|2015,2015-49,2015-06-16,,right,True,False,,2.0,2.0,0.0,,True,,2015-06-16
30,corteva-2014-2018-external|2015-50|2015,corteva-2014-2018-external,2015-50,2015,era5loc_10922b9e995a,UNITED KINGDOM,52.2,-1.6,2014-10-31,calendar_scenario_not_observed,winter_wheat_scenario,2014-10-31,2015-07-08,251,True,reused_external_strict,31,Corteva,era5loc_10922b9e995a|2015,2015-50,,2015-06-02,left,True,False,,4.0,0.0,4.0,,True,2015-04-20,2015-07-08
30,corteva-2014-2018-external|2015-50|2015,corteva-2014-2018-external,2015-50,2015,era5loc_10922b9e995a,UNITED KINGDOM,52.2,-1.6,2014-10-31,calendar_scenario_not_observed,winter_wheat_scenario,2014-10-31,2015-07-08,251,True,reused_external_strict,39,Corteva,era5loc_10922b9e995a|2015,2015-50,,2015-06-02,left,True,False,,4.0,0.0,4.0,,True,2015-05-20,2015-07-08
30,corteva-2014-2018-external|2015-50|2015,corteva-2014-2018-external,2015-50,2015,era5loc_10922b9e995a,UNITED KINGDOM,52.2,-1.6,2014-10-31,calendar_scenario_not_observed,winter_wheat_scenario,2014-10-31,2015-07-08,251,True,reused_external_strict,65,Corteva,era5loc_10922b9e995a|2015,2015-50,2015-06-16,2015-06-29,interval,True,True,,4.0,2.0,2.0,13.0,True,2015-06-17,2015-07-08
30,corteva-2014-2018-external|2015-50|2015,corteva-2014-2018-external,2015-50,2015,era5loc_10922b9e995a,UNITED KINGDOM,52.2,-1.6,2014-10-31,calendar_scenario_not_observed,winter_wheat_scenario,2014-10-31,2015-07-08,251,True,reused_external_strict,85,Corteva,era5loc_10922b9e995a|2015,2015-50,2015-07-08,,right,True,False,,4.0,4.0,0.0,,True,,2015-07-08
31,corteva-2014-2018-external|2015-53|2015,corteva-2014-2018-external,2015-53,2015,era5loc_a897dfaa7acf,UNITED KINGDOM,52.2,-2.7,2014-10-31,calendar_scenario_not_observed,winter_wheat_scenario,2014-10-31,2015-07-02,245,True,reused_external_strict,31,Corteva,era5loc_a897dfaa7acf|2015,2015-53,,2015-04-22,left,True,False,,5.0,0.0,5.0,,True,2015-04-22,2015-07-02
31,corteva-2014-2018-external|2015-53|2015,corteva-2014-2018-external,2015-53,2015,era5loc_a897dfaa7acf,UNITED KINGDOM,52.2,-2.7,2014-10-31,calendar_scenario_not_observed,winter_wheat_scenario,2014-10-31,2015-07-02,245,True,reused_external_strict,39,Corteva,era5loc_a897dfaa7acf|2015,2015-53,2015-04-22,2015-05-22,interval,True,True,,5.0,1.0,4.0,30.0,True,2015-05-22,2015-07-02
31,corteva-2014-2018-external|2015-53|2015,corteva-2014-2018-external,2015-53,2015,era5loc_a897dfaa7acf,UNITED KINGDOM,52.2,-2.7,2014-10-31,calendar_scenario_not_observed,winter_wheat_scenario,2014-10-31,2015-07-02,245,True,reused_external_strict,65,Corteva,era5loc_a897dfaa7acf|2015,2015-53,2015-06-05,2015-06-20,interval,True,True,,5.0,3.0,2.0,15.0,True,2015-06-20,2015-07-02
31,corteva-2014-2018-external|2015-53|2015,corteva-2014-2018-external,2015-53,2015,era5loc_a897dfaa7acf,UNITED KINGDOM,52.2,-2.7,2014-10-31,calendar_scenario_not_observed,winter_wheat_scenario,2014-10-31,2015-07-02,245,True,reused_external_strict,85,Corteva,era5loc_a897dfaa7acf|2015,2015-53,2015-07-02,,right,True,False,,5.0,5.0,0.0,,True,,2015-07-02
32,corteva-2014-2018-external|2015-54|2015,corteva-2014-2018-external,2015-54,2015,era5loc_bb6ce598bc3b,IRELAND,52.4,-7.6,2014-11-01,calendar_scenario_not_observed,winter_wheat_scenario,2014-11-01,2015-07-16,258,True,reused_external_strict,31,,,,,,none,False,False,no_archived_stage_constraint,,,,,False,2015-04-23,2015-07-16
32,corteva-2014-2018-external|2015-54|2015,corteva-2014-2018-external,2015-54,2015,era5loc_bb6ce598bc3b,IRELAND,52.4,-7.6,2014-11-01,calendar_scenario_not_observed,winter_wheat_scenario,2014-11-01,2015-07-16,258,True,reused_external_strict,39,,,,,,none,False,False,no_archived_stage_constraint,,,,,False,2015-05-25,2015-07-16
32,corteva-2014-2018-external|2015-54|2015,corteva-2014-2018-external,2015-54,2015,era5loc_bb6ce598bc3b,IRELAND,52.4,-7.6,2014-11-01,calendar_scenario_not_observed,winter_wheat_scenario,2014-11-01,2015-07-16,258,True,reused_external_strict,65,,,,,,none,False,False,no_archived_stage_constraint,,,,,False,2015-06-24,2015-07-16
32,corteva-2014-2018-external|2015-54|2015,corteva-2014-2018-external,2015-54,2015,era5loc_bb6ce598bc3b,IRELAND,52.4,-7.6,2014-11-01,calendar_scenario_not_observed,winter_wheat_scenario,2014-11-01,2015-07-16,258,True,reused_external_strict,85,,,,,,none,False,False,no_archived_stage_constraint,,,,,False,,2015-07-16
33,corteva-2014-2018-external|2015-55|2015,corteva-2014-2018-external,2015-55,2015,era5loc_564939414644,GERMANY,53.8,10.6,2014-10-17,calendar_scenario_not_observed,winter_wheat_scenario,2014-10-17,2015-06-26,253,True,reused_external_strict,31,Corteva,era5loc_564939414644|2015,2015-55,,2015-06-08,left,True,False,,2.0,0.0,2.0,,True,2015-04-30,2015-06-26
33,corteva-2014-2018-external|2015-55|2015,corteva-2014-2018-external,2015-55,2015,era5loc_564939414644,GERMANY,53.8,10.6,2014-10-17,calendar_scenario_not_observed,winter_wheat_scenario,2014-10-17,2015-06-26,253,True,reused_external_strict,39,Corteva,era5loc_564939414644|2015,2015-55,,2015-06-08,left,True,False,,2.0,0.0,2.0,,True,2015-05-25,2015-06-26
33,corteva-2014-2018-external|2015-55|2015,corteva-2014-2018-external,2015-55,2015,era5loc_564939414644,GERMANY,53.8,10.6,2014-10-17,calendar_scenario_not_observed,winter_wheat_scenario,2014-10-17,2015-06-26,253,True,reused_external_strict,65,Corteva,era5loc_564939414644|2015,2015-55,2015-06-08,,right,True,False,,2.0,1.0,0.0,,True,2015-06-21,2015-06-26
33,corteva-2014-2018-external|2015-55|2015,corteva-2014-2018-external,2015-55,2015,era5loc_564939414644,GERMANY,53.8,10.6,2014-10-17,calendar_scenario_not_observed,winter_wheat_scenario,2014-10-17,2015-06-26,253,True,reused_external_strict,85,Corteva,era5loc_564939414644|2015,2015-55,2015-06-26,,right,True,False,,2.0,2.0,0.0,,True,,2015-06-26
34,corteva-2014-2018-external|2015-56|2015,corteva-2014-2018-external,2015-56,2015,era5loc_675a14abc4ed,FRANCE,50.2,2.5,2014-10-31,calendar_scenario_not_observed,winter_wheat_scenario,2014-10-31,2015-07-01,244,True,reused_external_strict,31,,,,,,none,False,False,no_archived_stage_constraint,,,,,False,2015-04-19,2015-07-01
34,corteva-2014-2018-external|2015-56|2015,corteva-2014-2018-external,2015-56,2015,era5loc_675a14abc4ed,FRANCE,50.2,2.5,2014-10-31,calendar_scenario_not_observed,winter_wheat_scenario,2014-10-31,2015-07-01,244,True,reused_external_strict,39,,,,,,none,False,False,no_archived_stage_constraint,,,,,False,2015-05-16,2015-07-01
34,corteva-2014-2018-external|2015-56|2015,corteva-2014-2018-external,2015-56,2015,era5loc_675a14abc4ed,FRANCE,50.2,2.5,2014-10-31,calendar_scenario_not_observed,winter_wheat_scenario,2014-10-31,2015-07-01,244,True,reused_external_strict,65,,,,,,none,False,False,no_archived_stage_constraint,,,,,False,2015-06-12,2015-07-01
34,corteva-2014-2018-external|2015-56|2015,corteva-2014-2018-external,2015-56,2015,era5loc_675a14abc4ed,FRANCE,50.2,2.5,2014-10-31,calendar_scenario_not_observed,winter_wheat_scenario,2014-10-31,2015-07-01,244,True,reused_external_strict,85,,,,,,none,False,False,no_archived_stage_constraint,,,,,False,,2015-07-01
35,corteva-2014-2018-external|2015-57|2015,corteva-2014-2018-external,2015-57,2015,era5loc_9ec703701638,DENMARK,55.3,11.4,2014-10-13,calendar_scenario_not_observed,winter_wheat_scenario,2014-10-13,2015-07-15,276,True,reused_external_strict,31,Corteva,era5loc_9ec703701638|2015,2015-57,,2015-05-25,left,True,False,,5.0,0.0,5.0,,True,2015-05-01,2015-07-15
35,corteva-2014-2018-external|2015-57|2015,corteva-2014-2018-external,2015-57,2015,era5loc_9ec703701638,DENMARK,55.3,11.4,2014-10-13,calendar_scenario_not_observed,winter_wheat_scenario,2014-10-13,2015-07-15,276,True,reused_external_strict,39,Corteva,era5loc_9ec703701638|2015,2015-57,2015-05-25,2015-06-08,interval,True,True,,5.0,1.0,4.0,14.0,True,2015-05-27,2015-07-15
35,corteva-2014-2018-external|2015-57|2015,corteva-2014-2018-external,2015-57,2015,era5loc_9ec703701638,DENMARK,55.3,11.4,2014-10-13,calendar_scenario_not_observed,winter_wheat_scenario,2014-10-13,2015-07-15,276,True,reused_external_strict,65,Corteva,era5loc_9ec703701638|2015,2015-57,2015-06-22,2015-07-03,interval,True,True,,5.0,3.0,2.0,11.0,True,2015-06-23,2015-07-15
35,corteva-2014-2018-external|2015-57|2015,corteva-2014-2018-external,2015-57,2015,era5loc_9ec703701638,DENMARK,55.3,11.4,2014-10-13,calendar_scenario_not_observed,winter_wheat_scenario,2014-10-13,2015-07-15,276,True,reused_external_strict,85,Corteva,era5loc_9ec703701638|2015,2015-57,2015-07-15,,right,True,False,,5.0,5.0,0.0,,True,,2015-07-15
36,corteva-2014-2018-external|2015-58|2015,corteva-2014-2018-external,2015-58,2015,era5loc_147e0282030a,SWEDEN,58.3,14.8,2014-10-12,calendar_scenario_not_observed,winter_wheat_scenario,2014-10-12,2015-10-30,384,True,reused_external_strict,31,Corteva,era5loc_147e0282030a|2015,2015-58,,2015-06-15,left,True,False,,4.0,0.0,4.0,,True,2015-05-19,2015-10-30
36,corteva-2014-2018-external|2015-58|2015,corteva-2014-2018-external,2015-58,2015,era5loc_147e0282030a,SWEDEN,58.3,14.8,2014-10-12,calendar_scenario_not_observed,winter_wheat_scenario,2014-10-12,2015-10-30,384,True,reused_external_strict,39,Corteva,era5loc_147e0282030a|2015,2015-58,,2015-06-15,left,True,False,,4.0,0.0,4.0,,True,2015-06-12,2015-10-30
36,corteva-2014-2018-external|2015-58|2015,corteva-2014-2018-external,2015-58,2015,era5loc_147e0282030a,SWEDEN,58.3,14.8,2014-10-12,calendar_scenario_not_observed,winter_wheat_scenario,2014-10-12,2015-10-30,384,True,reused_external_strict,65,Corteva,era5loc_147e0282030a|2015,2015-58,2015-06-22,2015-07-06,interval,True,True,,4.0,2.0,2.0,14.0,True,2015-07-05,2015-10-30
36,corteva-2014-2018-external|2015-58|2015,corteva-2014-2018-external,2015-58,2015,era5loc_147e0282030a,SWEDEN,58.3,14.8,2014-10-12,calendar_scenario_not_observed,winter_wheat_scenario,2014-10-12,2015-10-30,384,True,reused_external_strict,85,Corteva,era5loc_147e0282030a|2015,2015-58,2015-07-06,2015-07-31,interval,True,True,,4.0,3.0,1.0,25.0,True,2015-08-12,2015-10-30
37,corteva-2014-2018-external|2015-60|2015,corteva-2014-2018-external,2015-60,2015,era5loc_efa0b1c20b7e,SWEDEN,58.5,15.1,2014-10-01,calendar_scenario_not_observed,winter_wheat_scenario,2014-10-01,2015-07-17,290,True,reused_external_strict,31,Corteva,era5loc_efa0b1c20b7e|2015,2015-60,,2015-06-16,left,True,False,,4.0,0.0,4.0,,True,2015-05-14,2015-07-17
37,corteva-2014-2018-external|2015-60|2015,corteva-2014-2018-external,2015-60,2015,era5loc_efa0b1c20b7e,SWEDEN,58.5,15.1,2014-10-01,calendar_scenario_not_observed,winter_wheat_scenario,2014-10-01,2015-07-17,290,True,reused_external_strict,39,Corteva,era5loc_efa0b1c20b7e|2015,2015-60,,2015-06-16,left,True,False,,4.0,0.0,4.0,,True,2015-06-10,2015-07-17
37,corteva-2014-2018-external|2015-60|2015,corteva-2014-2018-external,2015-60,2015,era5loc_efa0b1c20b7e,SWEDEN,58.5,15.1,2014-10-01,calendar_scenario_not_observed,winter_wheat_scenario,2014-10-01,2015-07-17,290,True,reused_external_strict,65,Corteva,era5loc_efa0b1c20b7e|2015,2015-60,2015-06-29,2015-07-10,interval,True,True,,4.0,2.0,2.0,11.0,True,2015-07-04,2015-07-17
37,corteva-2014-2018-external|2015-60|2015,corteva-2014-2018-external,2015-60,2015,era5loc_efa0b1c20b7e,SWEDEN,58.5,15.1,2014-10-01,calendar_scenario_not_observed,winter_wheat_scenario,2014-10-01,2015-07-17,290,True,reused_external_strict,85,Corteva,era5loc_efa0b1c20b7e|2015,2015-60,2015-07-17,,right,True,False,,4.0,4.0,0.0,,True,,2015-07-17
38,corteva-2014-2018-external|2015-61|2015,corteva-2014-2018-external,2015-61,2015,era5loc_1413d3db59ca,POLAND,52.3,16.4,2014-10-03,calendar_scenario_not_observed,winter_wheat_scenario,2014-10-03,2015-07-07,278,True,reused_external_strict,31,,,,,,none,False,False,no_archived_stage_constraint,,,,,False,2015-04-23,2015-07-07
38,corteva-2014-2018-external|2015-61|2015,corteva-2014-2018-external,2015-61,2015,era5loc_1413d3db59ca,POLAND,52.3,16.4,2014-10-03,calendar_scenario_not_observed,winter_wheat_scenario,2014-10-03,2015-07-07,278,True,reused_external_strict,39,,,,,,none,False,False,no_archived_stage_constraint,,,,,False,2015-05-15,2015-07-07
38,corteva-2014-2018-external|2015-61|2015,corteva-2014-2018-external,2015-61,2015,era5loc_1413d3db59ca,POLAND,52.3,16.4,2014-10-03,calendar_scenario_not_observed,winter_wheat_scenario,2014-10-03,2015-07-07,278,True,reused_external_strict,65,,,,,,none,False,False,no_archived_stage_constraint,,,,,False,2015-06-07,2015-07-07
38,corteva-2014-2018-external|2015-61|2015,corteva-2014-2018-external,2015-61,2015,era5loc_1413d3db59ca,POLAND,52.3,16.4,2014-10-03,calendar_scenario_not_observed,winter_wheat_scenario,2014-10-03,2015-07-07,278,True,reused_external_strict,85,,,,,,none,False,False,no_archived_stage_constraint,,,,,False,,2015-07-07
39,corteva-2014-2018-external|2015-62|2015,corteva-2014-2018-external,2015-62,2015,era5loc_10922b9e995a,UNITED KINGDOM,52.2,-1.6,2014-10-31,calendar_scenario_not_observed,winter_wheat_scenario,2014-10-31,2015-06-26,239,True,reused_external_strict,31,Corteva,era5loc_10922b9e995a|2015,2015-62,,2015-06-02,left,True,False,,3.0,0.0,3.0,,True,2015-04-20,2015-06-26
39,corteva-2014-2018-external|2015-62|2015,corteva-2014-2018-external,2015-62,2015,era5loc_10922b9e995a,UNITED KINGDOM,52.2,-1.6,2014-10-31,calendar_scenario_not_observed,winter_wheat_scenario,2014-10-31,2015-06-26,239,True,reused_external_strict,39,Corteva,era5loc_10922b9e995a|2015,2015-62,,2015-06-02,left,True,False,,3.0,0.0,3.0,,True,2015-05-20,2015-06-26
39,corteva-2014-2018-external|2015-62|2015,corteva-2014-2018-external,2015-62,2015,era5loc_10922b9e995a,UNITED KINGDOM,52.2,-1.6,2014-10-31,calendar_scenario_not_observed,winter_wheat_scenario,2014-10-31,2015-06-26,239,True,reused_external_strict,65,Corteva,era5loc_10922b9e995a|2015,2015-62,2015-06-02,2015-06-17,interval,True,True,,3.0,1.0,2.0,15.0,True,2015-06-17,2015-06-26
39,corteva-2014-2018-external|2015-62|2015,corteva-2014-2018-external,2015-62,2015,era5loc_10922b9e995a,UNITED KINGDOM,52.2,-1.6,2014-10-31,calendar_scenario_not_observed,winter_wheat_scenario,2014-10-31,2015-06-26,239,True,reused_external_strict,85,Corteva,era5loc_10922b9e995a|2015,2015-62,2015-06-26,,right,True,False,,3.0,3.0,0.0,,True,,2015-06-26
40,corteva-2014-2018-external|2015-63|2015,corteva-2014-2018-external,2015-63,2015,era5loc_564939414644,GERMANY,53.8,10.6,2014-10-17,calendar_scenario_not_observed,winter_wheat_scenario,2014-10-17,2015-07-03,260,True,reused_external_strict,31,Corteva,era5loc_564939414644|2015,2015-63,,2015-04-27,left,True,False,,5.0,0.0,5.0,,True,2015-04-30,2015-07-03
40,corteva-2014-2018-external|2015-63|2015,corteva-2014-2018-external,2015-63,2015,era5loc_564939414644,GERMANY,53.8,10.6,2014-10-17,calendar_scenario_not_observed,winter_wheat_scenario,2014-10-17,2015-07-03,260,True,reused_external_strict,39,Corteva,era5loc_564939414644|2015,2015-63,2015-04-27,2015-06-21,interval,True,True,,5.0,1.0,2.0,55.0,True,2015-05-25,2015-07-03
40,corteva-2014-2018-external|2015-63|2015,corteva-2014-2018-external,2015-63,2015,era5loc_564939414644,GERMANY,53.8,10.6,2014-10-17,calendar_scenario_not_observed,winter_wheat_scenario,2014-10-17,2015-07-03,260,True,reused_external_strict,65,Corteva,era5loc_564939414644|2015,2015-63,2015-06-21,2015-07-03,interval,True,True,,5.0,4.0,1.0,12.0,True,2015-06-21,2015-07-03
40,corteva-2014-2018-external|2015-63|2015,corteva-2014-2018-external,2015-63,2015,era5loc_564939414644,GERMANY,53.8,10.6,2014-10-17,calendar_scenario_not_observed,winter_wheat_scenario,2014-10-17,2015-07-03,260,True,reused_external_strict,85,Corteva,era5loc_564939414644|2015,2015-63,2015-07-03,,right,True,False,,5.0,5.0,0.0,,True,,2015-07-03
41,corteva-2014-2018-external|2015-64|2015,corteva-2014-2018-external,2015-64,2015,era5loc_2fb425fa23bb,UNITED KINGDOM,52.2,-2.6,2014-10-31,calendar_scenario_not_observed,winter_wheat_scenario,2014-10-31,2015-06-22,235,True,reused_external_strict,31,Corteva,era5loc_2fb425fa23bb|2015,2015-64,2015-04-20,2015-05-22,interval,True,True,,3.0,1.0,2.0,32.0,True,2015-04-20,2015-06-22
41,corteva-2014-2018-external|2015-64|2015,corteva-2014-2018-external,2015-64,2015,era5loc_2fb425fa23bb,UNITED KINGDOM,52.2,-2.6,2014-10-31,calendar_scenario_not_observed,winter_wheat_scenario,2014-10-31,2015-06-22,235,True,reused_external_strict,39,Corteva,era5loc_2fb425fa23bb|2015,2015-64,2015-04-20,2015-05-22,interval,True,True,,3.0,1.0,2.0,32.0,True,2015-05-20,2015-06-22
41,corteva-2014-2018-external|2015-64|2015,corteva-2014-2018-external,2015-64,2015,era5loc_2fb425fa23bb,UNITED KINGDOM,52.2,-2.6,2014-10-31,calendar_scenario_not_observed,winter_wheat_scenario,2014-10-31,2015-06-22,235,True,reused_external_strict,65,Corteva,era5loc_2fb425fa23bb|2015,2015-64,2015-05-22,2015-06-22,interval,True,True,,3.0,2.0,1.0,31.0,True,2015-06-17,2015-06-22
41,corteva-2014-2018-external|2015-64|2015,corteva-2014-2018-external,2015-64,2015,era5loc_2fb425fa23bb,UNITED KINGDOM,52.2,-2.6,2014-10-31,calendar_scenario_not_observed,winter_wheat_scenario,2014-10-31,2015-06-22,235,True,reused_external_strict,85,Corteva,era5loc_2fb425fa23bb|2015,2015-64,2015-06-22,,right,True,False,,3.0,3.0,0.0,,True,,2015-06-22
42,corteva-2014-2018-external|2015-65|2015,corteva-2014-2018-external,2015-65,2015,era5loc_86c70f7f7a55,GERMANY,53.7,7.9,2014-10-01,calendar_scenario_not_observed,winter_wheat_scenario,2014-10-01,2015-07-06,279,True,reused_external_strict,31,Corteva,era5loc_86c70f7f7a55|2015,2015-65,,2015-05-14,left,True,False,,3.0,0.0,3.0,,True,2015-04-16,2015-07-06
42,corteva-2014-2018-external|2015-65|2015,corteva-2014-2018-external,2015-65,2015,era5loc_86c70f7f7a55,GERMANY,53.7,7.9,2014-10-01,calendar_scenario_not_observed,winter_wheat_scenario,2014-10-01,2015-07-06,279,True,reused_external_strict,39,Corteva,era5loc_86c70f7f7a55|2015,2015-65,,2015-05-14,left,True,False,,3.0,0.0,3.0,,True,2015-05-15,2015-07-06
42,corteva-2014-2018-external|2015-65|2015,corteva-2014-2018-external,2015-65,2015,era5loc_86c70f7f7a55,GERMANY,53.7,7.9,2014-10-01,calendar_scenario_not_observed,winter_wheat_scenario,2014-10-01,2015-07-06,279,True,reused_external_strict,65,Corteva,era5loc_86c70f7f7a55|2015,2015-65,2015-06-03,2015-07-06,interval,True,True,,3.0,2.0,1.0,33.0,True,2015-06-13,2015-07-06
42,corteva-2014-2018-external|2015-65|2015,corteva-2014-2018-external,2015-65,2015,era5loc_86c70f7f7a55,GERMANY,53.7,7.9,2014-10-01,calendar_scenario_not_observed,winter_wheat_scenario,2014-10-01,2015-07-06,279,True,reused_external_strict,85,Corteva,era5loc_86c70f7f7a55|2015,2015-65,2015-07-06,,right,True,False,,3.0,3.0,0.0,,True,,2015-07-06
43,corteva-2014-2018-external|2015-66|2015,corteva-2014-2018-external,2015-66,2015,era5loc_44b51b0afbf4,FRANCE,47.5,0.8,2014-10-31,calendar_scenario_not_observed,winter_wheat_scenario,2014-10-31,2015-06-18,231,True,reused_external_strict,31,,,,,,none,False,False,no_archived_stage_constraint,,,,,False,2015-04-09,2015-06-18
43,corteva-2014-2018-external|2015-66|2015,corteva-2014-2018-external,2015-66,2015,era5loc_44b51b0afbf4,FRANCE,47.5,0.8,2014-10-31,calendar_scenario_not_observed,winter_wheat_scenario,2014-10-31,2015-06-18,231,True,reused_external_strict,39,,,,,,none,False,False,no_archived_stage_constraint,,,,,False,2015-05-03,2015-06-18
43,corteva-2014-2018-external|2015-66|2015,corteva-2014-2018-external,2015-66,2015,era5loc_44b51b0afbf4,FRANCE,47.5,0.8,2014-10-31,calendar_scenario_not_observed,winter_wheat_scenario,2014-10-31,2015-06-18,231,True,reused_external_strict,65,,,,,,none,False,False,no_archived_stage_constraint,,,,,False,2015-05-28,2015-06-18
43,corteva-2014-2018-external|2015-66|2015,corteva-2014-2018-external,2015-66,2015,era5loc_44b51b0afbf4,FRANCE,47.5,0.8,2014-10-31,calendar_scenario_not_observed,winter_wheat_scenario,2014-10-31,2015-06-18,231,True,reused_external_strict,85,,,,,,none,False,False,no_archived_stage_constraint,,,,,False,,2015-06-18
44,corteva-2014-2018-external|2015-67|2015,corteva-2014-2018-external,2015-67,2015,era5loc_10922b9e995a,UNITED KINGDOM,52.2,-1.6,2014-10-31,calendar_scenario_not_observed,winter_wheat_scenario,2014-10-31,2015-07-08,251,True,reused_external_strict,31,Corteva,era5loc_10922b9e995a|2015,2015-67,,2015-06-16,left,True,False,,3.0,0.0,3.0,,True,2015-04-20,2015-07-08
44,corteva-2014-2018-external|2015-67|2015,corteva-2014-2018-external,2015-67,2015,era5loc_10922b9e995a,UNITED KINGDOM,52.2,-1.6,2014-10-31,calendar_scenario_not_observed,winter_wheat_scenario,2014-10-31,2015-07-08,251,True,reused_external_strict,39,Corteva,era5loc_10922b9e995a|2015,2015-67,,2015-06-16,left,True,False,,3.0,0.0,3.0,,True,2015-05-20,2015-07-08
44,corteva-2014-2018-external|2015-67|2015,corteva-2014-2018-external,2015-67,2015,era5loc_10922b9e995a,UNITED KINGDOM,52.2,-1.6,2014-10-31,calendar_scenario_not_observed,winter_wheat_scenario,2014-10-31,2015-07-08,251,True,reused_external_strict,65,Corteva,era5loc_10922b9e995a|2015,2015-67,,2015-06-16,left,True,False,,3.0,0.0,3.0,,True,2015-06-17,2015-07-08
44,corteva-2014-2018-external|2015-67|2015,corteva-2014-2018-external,2015-67,2015,era5loc_10922b9e995a,UNITED KINGDOM,52.2,-1.6,2014-10-31,calendar_scenario_not_observed,winter_wheat_scenario,2014-10-31,2015-07-08,251,True,reused_external_strict,85,Corteva,era5loc_10922b9e995a|2015,2015-67,2015-07-08,,right,True,False,,3.0,3.0,0.0,,True,,2015-07-08
45,corteva-2014-2018-external|2015-68|2015,corteva-2014-2018-external,2015-68,2015,era5loc_a3c14cb7ff62,GERMANY,48.1,10.9,2014-10-01,calendar_scenario_not_observed,winter_wheat_scenario,2014-10-01,2015-07-02,275,True,reused_external_strict,31,Corteva,era5loc_a3c14cb7ff62|2015,2015-68,,2015-06-01,left,True,False,,3.0,0.0,3.0,,True,2015-04-25,2015-07-02
45,corteva-2014-2018-external|2015-68|2015,corteva-2014-2018-external,2015-68,2015,era5loc_a3c14cb7ff62,GERMANY,48.1,10.9,2014-10-01,calendar_scenario_not_observed,winter_wheat_scenario,2014-10-01,2015-07-02,275,True,reused_external_strict,39,Corteva,era5loc_a3c14cb7ff62|2015,2015-68,,2015-06-01,left,True,False,,3.0,0.0,3.0,,True,2015-05-18,2015-07-02
45,corteva-2014-2018-external|2015-68|2015,corteva-2014-2018-external,2015-68,2015,era5loc_a3c14cb7ff62,GERMANY,48.1,10.9,2014-10-01,calendar_scenario_not_observed,winter_wheat_scenario,2014-10-01,2015-07-02,275,True,reused_external_strict,65,Corteva,era5loc_a3c14cb7ff62|2015,2015-68,2015-06-01,2015-06-17,interval,True,True,,3.0,1.0,2.0,16.0,True,2015-06-12,2015-07-02
45,corteva-2014-2018-external|2015-68|2015,corteva-2014-2018-external,2015-68,2015,era5loc_a3c14cb7ff62,GERMANY,48.1,10.9,2014-10-01,calendar_scenario_not_observed,winter_wheat_scenario,2014-10-01,2015-07-02,275,True,reused_external_strict,85,Corteva,era5loc_a3c14cb7ff62|2015,2015-68,2015-07-02,,right,True,False,,3.0,3.0,0.0,,True,,2015-07-02
46,corteva-2014-2018-external|2015-69|2015,corteva-2014-2018-external,2015-69,2015,era5loc_75bcfbe45580,FRANCE,50.2,3.0,2014-10-31,calendar_scenario_not_observed,winter_wheat_scenario,2014-10-31,2015-07-01,244,True,reused_external_strict,31,Corteva,era5loc_75bcfbe45580|2015,2015-69,,2015-06-09,left,True,False,,1.0,0.0,1.0,,True,2015-04-18,2015-07-01
46,corteva-2014-2018-external|2015-69|2015,corteva-2014-2018-external,2015-69,2015,era5loc_75bcfbe45580,FRANCE,50.2,3.0,2014-10-31,calendar_scenario_not_observed,winter_wheat_scenario,2014-10-31,2015-07-01,244,True,reused_external_strict,39,Corteva,era5loc_75bcfbe45580|2015,2015-69,,2015-06-09,left,True,False,,1.0,0.0,1.0,,True,2015-05-14,2015-07-01
46,corteva-2014-2018-external|2015-69|2015,corteva-2014-2018-external,2015-69,2015,era5loc_75bcfbe45580,FRANCE,50.2,3.0,2014-10-31,calendar_scenario_not_observed,winter_wheat_scenario,2014-10-31,2015-07-01,244,True,reused_external_strict,65,Corteva,era5loc_75bcfbe45580|2015,2015-69,,2015-06-09,left,True,False,,1.0,0.0,1.0,,True,2015-06-11,2015-07-01
46,corteva-2014-2018-external|2015-69|2015,corteva-2014-2018-external,2015-69,2015,era5loc_75bcfbe45580,FRANCE,50.2,3.0,2014-10-31,calendar_scenario_not_observed,winter_wheat_scenario,2014-10-31,2015-07-01,244,True,reused_external_strict,85,Corteva,era5loc_75bcfbe45580|2015,2015-69,2015-06-09,,right,True,False,,1.0,1.0,0.0,,True,,2015-07-01
47,corteva-2014-2018-external|2015-70|2015,corteva-2014-2018-external,2015-70,2015,era5loc_3a61f47c1c68,SWEDEN,58.5,15.2,2014-10-01,calendar_scenario_not_observed,winter_wheat_scenario,2014-10-01,2015-07-15,288,True,reused_external_strict,31,Corteva,era5loc_3a61f47c1c68|2015,2015-70,,2015-06-26,left,True,False,,2.0,0.0,2.0,,True,2015-05-13,2015-07-15
47,corteva-2014-2018-external|2015-70|2015,corteva-2014-2018-external,2015-70,2015,era5loc_3a61f47c1c68,SWEDEN,58.5,15.2,2014-10-01,calendar_scenario_not_observed,winter_wheat_scenario,2014-10-01,2015-07-15,288,True,reused_external_strict,39,Corteva,era5loc_3a61f47c1c68|2015,2015-70,,2015-06-26,left,True,False,,2.0,0.0,2.0,,True,2015-06-09,2015-07-15
47,corteva-2014-2018-external|2015-70|2015,corteva-2014-2018-external,2015-70,2015,era5loc_3a61f47c1c68,SWEDEN,58.5,15.2,2014-10-01,calendar_scenario_not_observed,winter_wheat_scenario,2014-10-01,2015-07-15,288,True,reused_external_strict,65,Corteva,era5loc_3a61f47c1c68|2015,2015-70,,2015-06-26,left,True,False,,2.0,0.0,2.0,,True,2015-07-04,2015-07-15
47,corteva-2014-2018-external|2015-70|2015,corteva-2014-2018-external,2015-70,2015,era5loc_3a61f47c1c68,SWEDEN,58.5,15.2,2014-10-01,calendar_scenario_not_observed,winter_wheat_scenario,2014-10-01,2015-07-15,288,True,reused_external_strict,85,Corteva,era5loc_3a61f47c1c68|2015,2015-70,2015-07-15,,right,True,False,,2.0,2.0,0.0,,True,,2015-07-15
48,corteva-2014-2018-external|2015-71|2015,corteva-2014-2018-external,2015-71,2015,era5loc_d0526892c13b,SWEDEN,58.5,15.6,2014-10-01,calendar_scenario_not_observed,winter_wheat_scenario,2014-10-01,2015-07-23,296,True,reused_external_strict,31,Corteva,era5loc_d0526892c13b|2015,2015-71,,2015-06-22,left,True,False,,3.0,0.0,3.0,,True,2015-05-12,2015-07-23
48,corteva-2014-2018-external|2015-71|2015,corteva-2014-2018-external,2015-71,2015,era5loc_d0526892c13b,SWEDEN,58.5,15.6,2014-10-01,calendar_scenario_not_observed,winter_wheat_scenario,2014-10-01,2015-07-23,296,True,reused_external_strict,39,Corteva,era5loc_d0526892c13b|2015,2015-71,,2015-06-22,left,True,False,,3.0,0.0,3.0,,True,2015-06-07,2015-07-23
48,corteva-2014-2018-external|2015-71|2015,corteva-2014-2018-external,2015-71,2015,era5loc_d0526892c13b,SWEDEN,58.5,15.6,2014-10-01,calendar_scenario_not_observed,winter_wheat_scenario,2014-10-01,2015-07-23,296,True,reused_external_strict,65,Corteva,era5loc_d0526892c13b|2015,2015-71,2015-06-22,2015-07-07,interval,True,True,,3.0,1.0,2.0,15.0,True,2015-07-02,2015-07-23
48,corteva-2014-2018-external|2015-71|2015,corteva-2014-2018-external,2015-71,2015,era5loc_d0526892c13b,SWEDEN,58.5,15.6,2014-10-01,calendar_scenario_not_observed,winter_wheat_scenario,2014-10-01,2015-07-23,296,True,reused_external_strict,85,Corteva,era5loc_d0526892c13b|2015,2015-71,2015-07-07,2015-07-23,interval,True,True,,3.0,2.0,1.0,16.0,True,,2015-07-23
49,corteva-2014-2018-external|2015-72|2015,corteva-2014-2018-external,2015-72,2015,era5loc_ac3e32c77013,FRANCE,50.2,2.4,2014-10-31,calendar_scenario_not_observed,winter_wheat_scenario,2014-10-31,2015-06-30,243,True,reused_external_strict,31,,,,,,none,False,False,no_archived_stage_constraint,,,,,False,2015-04-19,2015-06-30
49,corteva-2014-2018-external|2015-72|2015,corteva-2014-2018-external,2015-72,2015,era5loc_ac3e32c77013,FRANCE,50.2,2.4,2014-10-31,calendar_scenario_not_observed,winter_wheat_scenario,2014-10-31,2015-06-30,243,True,reused_external_strict,39,,,,,,none,False,False,no_archived_stage_constraint,,,,,False,2015-05-16,2015-06-30
49,corteva-2014-2018-external|2015-72|2015,corteva-2014-2018-external,2015-72,2015,era5loc_ac3e32c77013,FRANCE,50.2,2.4,2014-10-31,calendar_scenario_not_observed,winter_wheat_scenario,2014-10-31,2015-06-30,243,True,reused_external_strict,65,,,,,,none,False,False,no_archived_stage_constraint,,,,,False,2015-06-12,2015-06-30
49,corteva-2014-2018-external|2015-72|2015,corteva-2014-2018-external,2015-72,2015,era5loc_ac3e32c77013,FRANCE,50.2,2.4,2014-10-31,calendar_scenario_not_observed,winter_wheat_scenario,2014-10-31,2015-06-30,243,True,reused_external_strict,85,,,,,,none,False,False,no_archived_stage_constraint,,,,,False,,2015-06-30
50,corteva-2014-2018-external|2015-73|2015,corteva-2014-2018-external,2015-73,2015,era5loc_172a8482b77b,GERMANY,48.2,11.4,2014-10-01,calendar_scenario_not_observed,winter_wheat_scenario,2014-10-01,2015-06-25,268,True,reused_external_strict,31,Corteva,era5loc_172a8482b77b|2015,2015-73,,2015-05-21,left,True,False,,4.0,0.0,4.0,,True,2015-04-21,2015-06-25
50,corteva-2014-2018-external|2015-73|2015,corteva-2014-2018-external,2015-73,2015,era5loc_172a8482b77b,GERMANY,48.2,11.4,2014-10-01,calendar_scenario_not_observed,winter_wheat_scenario,2014-10-01,2015-06-25,268,True,reused_external_strict,39,Corteva,era5loc_172a8482b77b|2015,2015-73,,2015-05-21,left,True,False,,4.0,0.0,4.0,,True,2015-05-14,2015-06-25
50,corteva-2014-2018-external|2015-73|2015,corteva-2014-2018-external,2015-73,2015,era5loc_172a8482b77b,GERMANY,48.2,11.4,2014-10-01,calendar_scenario_not_observed,winter_wheat_scenario,2014-10-01,2015-06-25,268,True,reused_external_strict,65,Corteva,era5loc_172a8482b77b|2015,2015-73,2015-06-01,2015-06-16,interval,True,True,,4.0,2.0,2.0,15.0,True,2015-06-08,2015-06-25
50,corteva-2014-2018-external|2015-73|2015,corteva-2014-2018-external,2015-73,2015,era5loc_172a8482b77b,GERMANY,48.2,11.4,2014-10-01,calendar_scenario_not_observed,winter_wheat_scenario,2014-10-01,2015-06-25,268,True,reused_external_strict,85,Corteva,era5loc_172a8482b77b|2015,2015-73,2015-06-25,,right,True,False,,4.0,4.0,0.0,,True,,2015-06-25
51,corteva-2014-2018-external|2015-74|2015,corteva-2014-2018-external,2015-74,2015,era5loc_ac3e32c77013,FRANCE,50.2,2.4,2014-10-31,calendar_scenario_not_observed,winter_wheat_scenario,2014-10-31,2015-06-30,243,True,reused_external_strict,31,Corteva,era5loc_ac3e32c77013|2015,2015-74,,2015-05-26,left,True,False,,2.0,0.0,2.0,,True,2015-04-19,2015-06-30
51,corteva-2014-2018-external|2015-74|2015,corteva-2014-2018-external,2015-74,2015,era5loc_ac3e32c77013,FRANCE,50.2,2.4,2014-10-31,calendar_scenario_not_observed,winter_wheat_scenario,2014-10-31,2015-06-30,243,True,reused_external_strict,39,Corteva,era5loc_ac3e32c77013|2015,2015-74,,2015-05-26,left,True,False,,2.0,0.0,2.0,,True,2015-05-16,2015-06-30
51,corteva-2014-2018-external|2015-74|2015,corteva-2014-2018-external,2015-74,2015,era5loc_ac3e32c77013,FRANCE,50.2,2.4,2014-10-31,calendar_scenario_not_observed,winter_wheat_scenario,2014-10-31,2015-06-30,243,True,reused_external_strict,65,Corteva,era5loc_ac3e32c77013|2015,2015-74,2015-06-15,,right,True,False,,2.0,2.0,0.0,,True,2015-06-12,2015-06-30
51,corteva-2014-2018-external|2015-74|2015,corteva-2014-2018-external,2015-74,2015,era5loc_ac3e32c77013,FRANCE,50.2,2.4,2014-10-31,calendar_scenario_not_observed,winter_wheat_scenario,2014-10-31,2015-06-30,243,True,reused_external_strict,85,Corteva,era5loc_ac3e32c77013|2015,2015-74,2015-06-15,,right,True,False,,2.0,2.0,0.0,,True,,2015-06-30
52,corteva-2014-2018-external|2015-75|2015,corteva-2014-2018-external,2015-75,2015,era5loc_b78a3047c055,UNITED KINGDOM,52.4,-1.4,2014-10-31,calendar_scenario_not_observed,winter_wheat_scenario,2014-10-31,2015-06-25,238,True,reused_external_strict,31,Corteva,era5loc_b78a3047c055|2015,2015-75,,2015-05-16,left,True,False,,3.0,0.0,3.0,,True,2015-04-21,2015-06-25
52,corteva-2014-2018-external|2015-75|2015,corteva-2014-2018-external,2015-75,2015,era5loc_b78a3047c055,UNITED KINGDOM,52.4,-1.4,2014-10-31,calendar_scenario_not_observed,winter_wheat_scenario,2014-10-31,2015-06-25,238,True,reused_external_strict,39,Corteva,era5loc_b78a3047c055|2015,2015-75,2015-05-16,2015-06-12,interval,True,True,,3.0,1.0,2.0,27.0,True,2015-05-20,2015-06-25
52,corteva-2014-2018-external|2015-75|2015,corteva-2014-2018-external,2015-75,2015,era5loc_b78a3047c055,UNITED KINGDOM,52.4,-1.4,2014-10-31,calendar_scenario_not_observed,winter_wheat_scenario,2014-10-31,2015-06-25,238,True,reused_external_strict,65,Corteva,era5loc_b78a3047c055|2015,2015-75,2015-06-12,2015-06-25,interval,True,True,,3.0,2.0,1.0,13.0,True,2015-06-18,2015-06-25
52,corteva-2014-2018-external|2015-75|2015,corteva-2014-2018-external,2015-75,2015,era5loc_b78a3047c055,UNITED KINGDOM,52.4,-1.4,2014-10-31,calendar_scenario_not_observed,winter_wheat_scenario,2014-10-31,2015-06-25,238,True,reused_external_strict,85,Corteva,era5loc_b78a3047c055|2015,2015-75,2015-06-25,,right,True,False,,3.0,3.0,0.0,,True,,2015-06-25
53,corteva-2014-2018-external|2015-76|2015,corteva-2014-2018-external,2015-76,2015,era5loc_5bc9f026f451,POLAND,50.3,18.6,2014-10-03,calendar_scenario_not_observed,winter_wheat_scenario,2014-10-03,2015-06-30,271,True,reused_external_strict,31,Corteva,era5loc_5bc9f026f451|2015,2015-76,,2015-05-18,left,True,False,,3.0,0.0,3.0,,True,2015-04-21,2015-06-30
53,corteva-2014-2018-external|2015-76|2015,corteva-2014-2018-external,2015-76,2015,era5loc_5bc9f026f451,POLAND,50.3,18.6,2014-10-03,calendar_scenario_not_observed,winter_wheat_scenario,2014-10-03,2015-06-30,271,True,reused_external_strict,39,Corteva,era5loc_5bc9f026f451|2015,2015-76,2015-05-18,2015-06-03,interval,True,True,,3.0,1.0,2.0,16.0,True,2015-05-14,2015-06-30
53,corteva-2014-2018-external|2015-76|2015,corteva-2014-2018-external,2015-76,2015,era5loc_5bc9f026f451,POLAND,50.3,18.6,2014-10-03,calendar_scenario_not_observed,winter_wheat_scenario,2014-10-03,2015-06-30,271,True,reused_external_strict,65,Corteva,era5loc_5bc9f026f451|2015,2015-76,2015-06-03,2015-06-30,interval,True,True,,3.0,2.0,1.0,27.0,True,2015-06-07,2015-06-30
53,corteva-2014-2018-external|2015-76|2015,corteva-2014-2018-external,2015-76,2015,era5loc_5bc9f026f451,POLAND,50.3,18.6,2014-10-03,calendar_scenario_not_observed,winter_wheat_scenario,2014-10-03,2015-06-30,271,True,reused_external_strict,85,Corteva,era5loc_5bc9f026f451|2015,2015-76,2015-06-30,,right,True,False,,3.0,3.0,0.0,,True,,2015-06-30
54,corteva-2014-2018-external|2015-77|2015,corteva-2014-2018-external,2015-77,2015,era5loc_444826b8a178,UNITED KINGDOM,52.1,-2.6,2014-10-31,calendar_scenario_not_observed,winter_wheat_scenario,2014-10-31,2015-07-13,256,True,reused_external_strict,31,Corteva,era5loc_444826b8a178|2015,2015-77,,2015-04-10,left,True,False,,6.0,0.0,6.0,,True,2015-04-17,2015-07-13
54,corteva-2014-2018-external|2015-77|2015,corteva-2014-2018-external,2015-77,2015,era5loc_444826b8a178,UNITED KINGDOM,52.1,-2.6,2014-10-31,calendar_scenario_not_observed,winter_wheat_scenario,2014-10-31,2015-07-13,256,True,reused_external_strict,39,Corteva,era5loc_444826b8a178|2015,2015-77,2015-05-04,2015-05-28,interval,True,True,,6.0,2.0,4.0,24.0,True,2015-05-17,2015-07-13
54,corteva-2014-2018-external|2015-77|2015,corteva-2014-2018-external,2015-77,2015,era5loc_444826b8a178,UNITED KINGDOM,52.1,-2.6,2014-10-31,calendar_scenario_not_observed,winter_wheat_scenario,2014-10-31,2015-07-13,256,True,reused_external_strict,65,Corteva,era5loc_444826b8a178|2015,2015-77,2015-06-10,2015-06-23,interval,True,True,,6.0,4.0,2.0,13.0,True,2015-06-15,2015-07-13
54,corteva-2014-2018-external|2015-77|2015,corteva-2014-2018-external,2015-77,2015,era5loc_444826b8a178,UNITED KINGDOM,52.1,-2.6,2014-10-31,calendar_scenario_not_observed,winter_wheat_scenario,2014-10-31,2015-07-13,256,True,reused_external_strict,85,Corteva,era5loc_444826b8a178|2015,2015-77,2015-07-13,,right,True,False,,6.0,6.0,0.0,,True,,2015-07-13
55,corteva-2014-2018-external|2015-78|2015,corteva-2014-2018-external,2015-78,2015,era5loc_06b87a47fb78,IRELAND,52.9,-6.9,2014-11-01,calendar_scenario_not_observed,winter_wheat_scenario,2014-11-01,2015-07-13,255,True,reused_external_strict,31,Corteva,era5loc_06b87a47fb78|2015,2015-78,,2015-04-27,left,True,False,,4.0,0.0,4.0,,True,2015-04-23,2015-07-13
55,corteva-2014-2018-external|2015-78|2015,corteva-2014-2018-external,2015-78,2015,era5loc_06b87a47fb78,IRELAND,52.9,-6.9,2014-11-01,calendar_scenario_not_observed,winter_wheat_scenario,2014-11-01,2015-07-13,255,True,reused_external_strict,39,Corteva,era5loc_06b87a47fb78|2015,2015-78,2015-04-27,2015-06-10,interval,True,True,,4.0,1.0,3.0,44.0,True,2015-05-25,2015-07-13
55,corteva-2014-2018-external|2015-78|2015,corteva-2014-2018-external,2015-78,2015,era5loc_06b87a47fb78,IRELAND,52.9,-6.9,2014-11-01,calendar_scenario_not_observed,winter_wheat_scenario,2014-11-01,2015-07-13,255,True,reused_external_strict,65,Corteva,era5loc_06b87a47fb78|2015,2015-78,2015-06-22,2015-07-13,interval,True,True,,4.0,3.0,1.0,21.0,True,2015-06-24,2015-07-13
55,corteva-2014-2018-external|2015-78|2015,corteva-2014-2018-external,2015-78,2015,era5loc_06b87a47fb78,IRELAND,52.9,-6.9,2014-11-01,calendar_scenario_not_observed,winter_wheat_scenario,2014-11-01,2015-07-13,255,True,reused_external_strict,85,Corteva,era5loc_06b87a47fb78|2015,2015-78,2015-07-13,,right,True,False,,4.0,4.0,0.0,,True,,2015-07-13
56,corteva-2014-2018-external|2016-100|2016,corteva-2014-2018-external,2016-100,2016,era5loc_d0e22e1571cb,IRELAND,52.9,-6.7,2015-11-01,calendar_scenario_not_observed,winter_wheat_scenario,2015-11-01,2016-07-18,261,True,reused_external_strict,31,Corteva,era5loc_d0e22e1571cb|2016,2016-100,,2016-06-07,left,True,False,,3.0,0.0,3.0,,True,2016-04-24,2016-07-18
56,corteva-2014-2018-external|2016-100|2016,corteva-2014-2018-external,2016-100,2016,era5loc_d0e22e1571cb,IRELAND,52.9,-6.7,2015-11-01,calendar_scenario_not_observed,winter_wheat_scenario,2015-11-01,2016-07-18,261,True,reused_external_strict,39,Corteva,era5loc_d0e22e1571cb|2016,2016-100,,2016-06-07,left,True,False,,3.0,0.0,3.0,,True,2016-05-22,2016-07-18
56,corteva-2014-2018-external|2016-100|2016,corteva-2014-2018-external,2016-100,2016,era5loc_d0e22e1571cb,IRELAND,52.9,-6.7,2015-11-01,calendar_scenario_not_observed,winter_wheat_scenario,2015-11-01,2016-07-18,261,True,reused_external_strict,65,Corteva,era5loc_d0e22e1571cb|2016,2016-100,2016-06-07,2016-07-07,interval,True,True,,3.0,1.0,2.0,30.0,True,2016-06-16,2016-07-18
56,corteva-2014-2018-external|2016-100|2016,corteva-2014-2018-external,2016-100,2016,era5loc_d0e22e1571cb,IRELAND,52.9,-6.7,2015-11-01,calendar_scenario_not_observed,winter_wheat_scenario,2015-11-01,2016-07-18,261,True,reused_external_strict,85,Corteva,era5loc_d0e22e1571cb|2016,2016-100,2016-07-18,,right,True,False,,3.0,3.0,0.0,,True,,2016-07-18
57,corteva-2014-2018-external|2016-101|2016,corteva-2014-2018-external,2016-101,2016,era5loc_08a1d4574c90,POLAND,52.5,16.8,2015-10-03,calendar_scenario_not_observed,winter_wheat_scenario,2015-10-03,2016-07-11,283,True,reused_external_strict,31,,,,,,none,False,False,no_archived_stage_constraint,,,,,False,2016-04-20,2016-07-11
57,corteva-2014-2018-external|2016-101|2016,corteva-2014-2018-external,2016-101,2016,era5loc_08a1d4574c90,POLAND,52.5,16.8,2015-10-03,calendar_scenario_not_observed,winter_wheat_scenario,2015-10-03,2016-07-11,283,True,reused_external_strict,39,,,,,,none,False,False,no_archived_stage_constraint,,,,,False,2016-05-16,2016-07-11
57,corteva-2014-2018-external|2016-101|2016,corteva-2014-2018-external,2016-101,2016,era5loc_08a1d4574c90,POLAND,52.5,16.8,2015-10-03,calendar_scenario_not_observed,winter_wheat_scenario,2015-10-03,2016-07-11,283,True,reused_external_strict,65,,,,,,none,False,False,no_archived_stage_constraint,,,,,False,2016-06-05,2016-07-11
57,corteva-2014-2018-external|2016-101|2016,corteva-2014-2018-external,2016-101,2016,era5loc_08a1d4574c90,POLAND,52.5,16.8,2015-10-03,calendar_scenario_not_observed,winter_wheat_scenario,2015-10-03,2016-07-11,283,True,reused_external_strict,85,,,,,,none,False,False,no_archived_stage_constraint,,,,,False,2016-07-09,2016-07-11
58,corteva-2014-2018-external|2016-102|2016,corteva-2014-2018-external,2016-102,2016,era5loc_00eea7e0108c,GERMANY,50.4,8.2,2015-10-01,calendar_scenario_not_observed,winter_wheat_scenario,2015-10-01,2016-07-06,280,True,reused_external_strict,31,Corteva,era5loc_00eea7e0108c|2016,2016-102,,2016-05-17,left,True,False,,5.0,0.0,5.0,,True,2016-04-17,2016-07-06
58,corteva-2014-2018-external|2016-102|2016,corteva-2014-2018-external,2016-102,2016,era5loc_00eea7e0108c,GERMANY,50.4,8.2,2015-10-01,calendar_scenario_not_observed,winter_wheat_scenario,2015-10-01,2016-07-06,280,True,reused_external_strict,39,Corteva,era5loc_00eea7e0108c|2016,2016-102,2016-05-17,2016-05-30,interval,True,True,,5.0,1.0,4.0,13.0,True,2016-05-18,2016-07-06
58,corteva-2014-2018-external|2016-102|2016,corteva-2014-2018-external,2016-102,2016,era5loc_00eea7e0108c,GERMANY,50.4,8.2,2015-10-01,calendar_scenario_not_observed,winter_wheat_scenario,2015-10-01,2016-07-06,280,True,reused_external_strict,65,Corteva,era5loc_00eea7e0108c|2016,2016-102,2016-06-10,2016-06-17,interval,True,True,,5.0,3.0,2.0,7.0,True,2016-06-10,2016-07-06
58,corteva-2014-2018-external|2016-102|2016,corteva-2014-2018-external,2016-102,2016,era5loc_00eea7e0108c,GERMANY,50.4,8.2,2015-10-01,calendar_scenario_not_observed,winter_wheat_scenario,2015-10-01,2016-07-06,280,True,reused_external_strict,85,Corteva,era5loc_00eea7e0108c|2016,2016-102,2016-07-06,,right,True,False,,5.0,5.0,0.0,,True,,2016-07-06
59,corteva-2014-2018-external|2016-103|2016,corteva-2014-2018-external,2016-103,2016,era5loc_552fc1bf2ed1,FRANCE,49.2,-0.5,2015-10-31,calendar_scenario_not_observed,winter_wheat_scenario,2015-10-31,2016-06-30,244,True,reused_external_strict,31,Corteva,era5loc_552fc1bf2ed1|2016,2016-103,,2016-06-30,left,True,False,,1.0,0.0,1.0,,True,2016-04-01,2016-06-30
59,corteva-2014-2018-external|2016-103|2016,corteva-2014-2018-external,2016-103,2016,era5loc_552fc1bf2ed1,FRANCE,49.2,-0.5,2015-10-31,calendar_scenario_not_observed,winter_wheat_scenario,2015-10-31,2016-06-30,244,True,reused_external_strict,39,Corteva,era5loc_552fc1bf2ed1|2016,2016-103,,2016-06-30,left,True,False,,1.0,0.0,1.0,,True,2016-05-03,2016-06-30
59,corteva-2014-2018-external|2016-103|2016,corteva-2014-2018-external,2016-103,2016,era5loc_552fc1bf2ed1,FRANCE,49.2,-0.5,2015-10-31,calendar_scenario_not_observed,winter_wheat_scenario,2015-10-31,2016-06-30,244,True,reused_external_strict,65,Corteva,era5loc_552fc1bf2ed1|2016,2016-103,,2016-06-30,left,True,False,,1.0,0.0,1.0,,True,2016-05-28,2016-06-30
59,corteva-2014-2018-external|2016-103|2016,corteva-2014-2018-external,2016-103,2016,era5loc_552fc1bf2ed1,FRANCE,49.2,-0.5,2015-10-31,calendar_scenario_not_observed,winter_wheat_scenario,2015-10-31,2016-06-30,244,True,reused_external_strict,85,Corteva,era5loc_552fc1bf2ed1|2016,2016-103,2016-06-30,,right,True,False,,1.0,1.0,0.0,,True,,2016-06-30
60,corteva-2014-2018-external|2016-104|2016,corteva-2014-2018-external,2016-104,2016,era5loc_7d2651d26912,POLAND,53.0,17.2,2015-10-03,calendar_scenario_not_observed,winter_wheat_scenario,2015-10-03,2016-06-23,265,True,reused_external_strict,31,Corteva,era5loc_7d2651d26912|2016,2016-104,,2016-06-23,left,True,False,,1.0,0.0,1.0,,True,2016-04-24,2016-06-23
60,corteva-2014-2018-external|2016-104|2016,corteva-2014-2018-external,2016-104,2016,era5loc_7d2651d26912,POLAND,53.0,17.2,2015-10-03,calendar_scenario_not_observed,winter_wheat_scenario,2015-10-03,2016-06-23,265,True,reused_external_strict,39,Corteva,era5loc_7d2651d26912|2016,2016-104,,2016-06-23,left,True,False,,1.0,0.0,1.0,,True,2016-05-19,2016-06-23
60,corteva-2014-2018-external|2016-104|2016,corteva-2014-2018-external,2016-104,2016,era5loc_7d2651d26912,POLAND,53.0,17.2,2015-10-03,calendar_scenario_not_observed,winter_wheat_scenario,2015-10-03,2016-06-23,265,True,reused_external_strict,65,Corteva,era5loc_7d2651d26912|2016,2016-104,,2016-06-23,left,True,False,,1.0,0.0,1.0,,True,2016-06-07,2016-06-23
60,corteva-2014-2018-external|2016-104|2016,corteva-2014-2018-external,2016-104,2016,era5loc_7d2651d26912,POLAND,53.0,17.2,2015-10-03,calendar_scenario_not_observed,winter_wheat_scenario,2015-10-03,2016-06-23,265,True,reused_external_strict,85,Corteva,era5loc_7d2651d26912|2016,2016-104,2016-06-23,,right,True,False,,1.0,1.0,0.0,,True,,2016-06-23
61,corteva-2014-2018-external|2016-105|2016,corteva-2014-2018-external,2016-105,2016,era5loc_a0cd83c309f8,UNITED KINGDOM,55.9,-2.8,2015-10-31,calendar_scenario_not_observed,winter_wheat_scenario,2015-10-31,2016-07-14,258,True,reused_external_strict,31,Corteva,era5loc_a0cd83c309f8|2016,2016-105,2016-04-25,2016-06-03,interval,True,True,,5.0,1.0,4.0,39.0,True,2016-05-03,2016-07-14
61,corteva-2014-2018-external|2016-105|2016,corteva-2014-2018-external,2016-105,2016,era5loc_a0cd83c309f8,UNITED KINGDOM,55.9,-2.8,2015-10-31,calendar_scenario_not_observed,winter_wheat_scenario,2015-10-31,2016-07-14,258,True,reused_external_strict,39,Corteva,era5loc_a0cd83c309f8|2016,2016-105,2016-04-25,2016-06-03,interval,True,True,,5.0,1.0,4.0,39.0,True,2016-05-31,2016-07-14
61,corteva-2014-2018-external|2016-105|2016,corteva-2014-2018-external,2016-105,2016,era5loc_a0cd83c309f8,UNITED KINGDOM,55.9,-2.8,2015-10-31,calendar_scenario_not_observed,winter_wheat_scenario,2015-10-31,2016-07-14,258,True,reused_external_strict,65,Corteva,era5loc_a0cd83c309f8|2016,2016-105,2016-06-21,2016-07-04,interval,True,True,,5.0,3.0,2.0,13.0,True,2016-06-30,2016-07-14
61,corteva-2014-2018-external|2016-105|2016,corteva-2014-2018-external,2016-105,2016,era5loc_a0cd83c309f8,UNITED KINGDOM,55.9,-2.8,2015-10-31,calendar_scenario_not_observed,winter_wheat_scenario,2015-10-31,2016-07-14,258,True,reused_external_strict,85,Corteva,era5loc_a0cd83c309f8|2016,2016-105,2016-07-14,,right,True,False,,5.0,5.0,0.0,,True,,2016-07-14
62,corteva-2014-2018-external|2016-106|2016,corteva-2014-2018-external,2016-106,2016,era5loc_0da14fe6a2dd,FRANCE,49.9,2.1,2015-10-31,calendar_scenario_not_observed,winter_wheat_scenario,2015-10-31,2016-06-24,238,True,reused_external_strict,31,Corteva,era5loc_0da14fe6a2dd|2016,2016-106,,2016-05-12,left,True,False,,3.0,0.0,3.0,,True,2016-04-09,2016-06-24
62,corteva-2014-2018-external|2016-106|2016,corteva-2014-2018-external,2016-106,2016,era5loc_0da14fe6a2dd,FRANCE,49.9,2.1,2015-10-31,calendar_scenario_not_observed,winter_wheat_scenario,2015-10-31,2016-06-24,238,True,reused_external_strict,39,Corteva,era5loc_0da14fe6a2dd|2016,2016-106,2016-05-12,2016-05-27,interval,True,True,,3.0,1.0,2.0,15.0,True,2016-05-10,2016-06-24
62,corteva-2014-2018-external|2016-106|2016,corteva-2014-2018-external,2016-106,2016,era5loc_0da14fe6a2dd,FRANCE,49.9,2.1,2015-10-31,calendar_scenario_not_observed,winter_wheat_scenario,2015-10-31,2016-06-24,238,True,reused_external_strict,65,Corteva,era5loc_0da14fe6a2dd|2016,2016-106,2016-05-27,2016-06-24,interval,True,True,,3.0,2.0,1.0,28.0,True,2016-06-05,2016-06-24
62,corteva-2014-2018-external|2016-106|2016,corteva-2014-2018-external,2016-106,2016,era5loc_0da14fe6a2dd,FRANCE,49.9,2.1,2015-10-31,calendar_scenario_not_observed,winter_wheat_scenario,2015-10-31,2016-06-24,238,True,reused_external_strict,85,Corteva,era5loc_0da14fe6a2dd|2016,2016-106,2016-06-24,,right,True,False,,3.0,3.0,0.0,,True,,2016-06-24
63,corteva-2014-2018-external|2016-107|2016,corteva-2014-2018-external,2016-107,2016,era5loc_c6c2c622a0ea,UNITED KINGDOM,52.7,-1.6,2015-10-31,calendar_scenario_not_observed,winter_wheat_scenario,2015-10-31,2016-07-16,260,True,reused_external_strict,31,Corteva,era5loc_c6c2c622a0ea|2016,2016-107,,2016-05-05,left,True,False,,5.0,0.0,5.0,,True,2016-04-18,2016-07-16
63,corteva-2014-2018-external|2016-107|2016,corteva-2014-2018-external,2016-107,2016,era5loc_c6c2c622a0ea,UNITED KINGDOM,52.7,-1.6,2015-10-31,calendar_scenario_not_observed,winter_wheat_scenario,2015-10-31,2016-07-16,260,True,reused_external_strict,39,Corteva,era5loc_c6c2c622a0ea|2016,2016-107,2016-05-05,2016-05-26,interval,True,True,,5.0,1.0,4.0,21.0,True,2016-05-18,2016-07-16
63,corteva-2014-2018-external|2016-107|2016,corteva-2014-2018-external,2016-107,2016,era5loc_c6c2c622a0ea,UNITED KINGDOM,52.7,-1.6,2015-10-31,calendar_scenario_not_observed,winter_wheat_scenario,2015-10-31,2016-07-16,260,True,reused_external_strict,65,Corteva,era5loc_c6c2c622a0ea|2016,2016-107,2016-06-08,2016-06-27,interval,True,True,,5.0,3.0,2.0,19.0,True,2016-06-13,2016-07-16
63,corteva-2014-2018-external|2016-107|2016,corteva-2014-2018-external,2016-107,2016,era5loc_c6c2c622a0ea,UNITED KINGDOM,52.7,-1.6,2015-10-31,calendar_scenario_not_observed,winter_wheat_scenario,2015-10-31,2016-07-16,260,True,reused_external_strict,85,Corteva,era5loc_c6c2c622a0ea|2016,2016-107,2016-07-16,,right,True,False,,5.0,5.0,0.0,,True,,2016-07-16
64,corteva-2014-2018-external|2016-108|2016,corteva-2014-2018-external,2016-108,2016,era5loc_ee73759db932,IRELAND,53.4,-7.6,2015-11-01,calendar_scenario_not_observed,winter_wheat_scenario,2015-11-01,2016-07-13,256,True,reused_external_strict,31,,,,,,none,False,False,no_archived_stage_constraint,,,,,False,2016-04-21,2016-07-13
64,corteva-2014-2018-external|2016-108|2016,corteva-2014-2018-external,2016-108,2016,era5loc_ee73759db932,IRELAND,53.4,-7.6,2015-11-01,calendar_scenario_not_observed,winter_wheat_scenario,2015-11-01,2016-07-13,256,True,reused_external_strict,39,,,,,,none,False,False,no_archived_stage_constraint,,,,,False,2016-05-19,2016-07-13
64,corteva-2014-2018-external|2016-108|2016,corteva-2014-2018-external,2016-108,2016,era5loc_ee73759db932,IRELAND,53.4,-7.6,2015-11-01,calendar_scenario_not_observed,winter_wheat_scenario,2015-11-01,2016-07-13,256,True,reused_external_strict,65,,,,,,none,False,False,no_archived_stage_constraint,,,,,False,2016-06-13,2016-07-13
64,corteva-2014-2018-external|2016-108|2016,corteva-2014-2018-external,2016-108,2016,era5loc_ee73759db932,IRELAND,53.4,-7.6,2015-11-01,calendar_scenario_not_observed,winter_wheat_scenario,2015-11-01,2016-07-13,256,True,reused_external_strict,85,,,,,,none,False,False,no_archived_stage_constraint,,,,,False,,2016-07-13
65,corteva-2014-2018-external|2016-109|2016,corteva-2014-2018-external,2016-109,2016,era5loc_ac3e32c77013,FRANCE,50.2,2.4,2015-10-31,calendar_scenario_not_observed,winter_wheat_scenario,2015-10-31,2016-07-07,251,True,reused_external_strict,31,,,,,,none,False,False,no_archived_stage_constraint,,,,,False,2016-04-12,2016-07-07
65,corteva-2014-2018-external|2016-109|2016,corteva-2014-2018-external,2016-109,2016,era5loc_ac3e32c77013,FRANCE,50.2,2.4,2015-10-31,calendar_scenario_not_observed,winter_wheat_scenario,2015-10-31,2016-07-07,251,True,reused_external_strict,39,,,,,,none,False,False,no_archived_stage_constraint,,,,,False,2016-05-12,2016-07-07
65,corteva-2014-2018-external|2016-109|2016,corteva-2014-2018-external,2016-109,2016,era5loc_ac3e32c77013,FRANCE,50.2,2.4,2015-10-31,calendar_scenario_not_observed,winter_wheat_scenario,2015-10-31,2016-07-07,251,True,reused_external_strict,65,,,,,,none,False,False,no_archived_stage_constraint,,,,,False,2016-06-08,2016-07-07
65,corteva-2014-2018-external|2016-109|2016,corteva-2014-2018-external,2016-109,2016,era5loc_ac3e32c77013,FRANCE,50.2,2.4,2015-10-31,calendar_scenario_not_observed,winter_wheat_scenario,2015-10-31,2016-07-07,251,True,reused_external_strict,85,,,,,,none,False,False,no_archived_stage_constraint,,,,,False,,2016-07-07
66,corteva-2014-2018-external|2016-110|2016,corteva-2014-2018-external,2016-110,2016,era5loc_444826b8a178,UNITED KINGDOM,52.1,-2.6,2015-10-31,calendar_scenario_not_observed,winter_wheat_scenario,2015-10-31,2016-07-06,250,True,reused_external_strict,31,Corteva,era5loc_444826b8a178|2016,2016-110,,2016-06-01,left,True,False,,4.0,0.0,4.0,,True,2016-04-13,2016-07-06
66,corteva-2014-2018-external|2016-110|2016,corteva-2014-2018-external,2016-110,2016,era5loc_444826b8a178,UNITED KINGDOM,52.1,-2.6,2015-10-31,calendar_scenario_not_observed,winter_wheat_scenario,2015-10-31,2016-07-06,250,True,reused_external_strict,39,Corteva,era5loc_444826b8a178|2016,2016-110,,2016-06-01,left,True,False,,4.0,0.0,4.0,,True,2016-05-12,2016-07-06
66,corteva-2014-2018-external|2016-110|2016,corteva-2014-2018-external,2016-110,2016,era5loc_444826b8a178,UNITED KINGDOM,52.1,-2.6,2015-10-31,calendar_scenario_not_observed,winter_wheat_scenario,2015-10-31,2016-07-06,250,True,reused_external_strict,65,Corteva,era5loc_444826b8a178|2016,2016-110,2016-06-13,2016-06-25,interval,True,True,,4.0,2.0,2.0,12.0,True,2016-06-08,2016-07-06
66,corteva-2014-2018-external|2016-110|2016,corteva-2014-2018-external,2016-110,2016,era5loc_444826b8a178,UNITED KINGDOM,52.1,-2.6,2015-10-31,calendar_scenario_not_observed,winter_wheat_scenario,2015-10-31,2016-07-06,250,True,reused_external_strict,85,Corteva,era5loc_444826b8a178|2016,2016-110,2016-06-25,2016-07-06,interval,True,True,,4.0,3.0,1.0,11.0,True,,2016-07-06
67,corteva-2014-2018-external|2016-111|2016,corteva-2014-2018-external,2016-111,2016,era5loc_badf6a0c8408,IRELAND,53.0,-6.9,2015-11-01,calendar_scenario_not_observed,winter_wheat_scenario,2015-11-01,2016-07-07,250,True,reused_external_strict,31,Corteva,era5loc_badf6a0c8408|2016,2016-111,,2016-05-18,left,True,False,,4.0,0.0,4.0,,True,2016-04-22,2016-07-07
67,corteva-2014-2018-external|2016-111|2016,corteva-2014-2018-external,2016-111,2016,era5loc_badf6a0c8408,IRELAND,53.0,-6.9,2015-11-01,calendar_scenario_not_observed,winter_wheat_scenario,2015-11-01,2016-07-07,250,True,reused_external_strict,39,Corteva,era5loc_badf6a0c8408|2016,2016-111,,2016-05-18,left,True,False,,4.0,0.0,4.0,,True,2016-05-20,2016-07-07
67,corteva-2014-2018-external|2016-111|2016,corteva-2014-2018-external,2016-111,2016,era5loc_badf6a0c8408,IRELAND,53.0,-6.9,2015-11-01,calendar_scenario_not_observed,winter_wheat_scenario,2015-11-01,2016-07-07,250,True,reused_external_strict,65,Corteva,era5loc_badf6a0c8408|2016,2016-111,2016-06-03,2016-06-17,interval,True,True,,4.0,2.0,2.0,14.0,True,2016-06-15,2016-07-07
67,corteva-2014-2018-external|2016-111|2016,corteva-2014-2018-external,2016-111,2016,era5loc_badf6a0c8408,IRELAND,53.0,-6.9,2015-11-01,calendar_scenario_not_observed,winter_wheat_scenario,2015-11-01,2016-07-07,250,True,reused_external_strict,85,Corteva,era5loc_badf6a0c8408|2016,2016-111,2016-07-07,,right,True,False,,4.0,4.0,0.0,,True,,2016-07-07
68,corteva-2014-2018-external|2016-113|2016,corteva-2014-2018-external,2016-113,2016,era5loc_b1851c4862e8,GERMANY,50.3,8.8,2015-10-01,calendar_scenario_not_observed,winter_wheat_scenario,2015-10-01,2016-07-05,279,True,reused_external_strict,31,Corteva,era5loc_b1851c4862e8|2016,2016-113,,2016-05-20,left,True,False,,4.0,0.0,4.0,,True,2016-04-08,2016-07-05
68,corteva-2014-2018-external|2016-113|2016,corteva-2014-2018-external,2016-113,2016,era5loc_b1851c4862e8,GERMANY,50.3,8.8,2015-10-01,calendar_scenario_not_observed,winter_wheat_scenario,2015-10-01,2016-07-05,279,True,reused_external_strict,39,Corteva,era5loc_b1851c4862e8|2016,2016-113,2016-05-20,2016-06-06,interval,True,True,,4.0,1.0,3.0,17.0,True,2016-05-09,2016-07-05
68,corteva-2014-2018-external|2016-113|2016,corteva-2014-2018-external,2016-113,2016,era5loc_b1851c4862e8,GERMANY,50.3,8.8,2015-10-01,calendar_scenario_not_observed,winter_wheat_scenario,2015-10-01,2016-07-05,279,True,reused_external_strict,65,Corteva,era5loc_b1851c4862e8|2016,2016-113,2016-06-06,2016-06-21,interval,True,True,,4.0,2.0,2.0,15.0,True,2016-06-02,2016-07-05
68,corteva-2014-2018-external|2016-113|2016,corteva-2014-2018-external,2016-113,2016,era5loc_b1851c4862e8,GERMANY,50.3,8.8,2015-10-01,calendar_scenario_not_observed,winter_wheat_scenario,2015-10-01,2016-07-05,279,True,reused_external_strict,85,Corteva,era5loc_b1851c4862e8|2016,2016-113,2016-07-05,,right,True,False,,4.0,4.0,0.0,,True,,2016-07-05
69,corteva-2014-2018-external|2016-115|2016,corteva-2014-2018-external,2016-115,2016,era5loc_2b86c955613c,UNITED KINGDOM,52.7,-0.5,2015-10-31,calendar_scenario_not_observed,winter_wheat_scenario,2015-10-31,2016-06-15,229,True,reused_external_strict,31,,,,,,none,False,False,no_archived_stage_constraint,,,,,False,2016-04-15,2016-06-15
69,corteva-2014-2018-external|2016-115|2016,corteva-2014-2018-external,2016-115,2016,era5loc_2b86c955613c,UNITED KINGDOM,52.7,-0.5,2015-10-31,calendar_scenario_not_observed,winter_wheat_scenario,2015-10-31,2016-06-15,229,True,reused_external_strict,39,,,,,,none,False,False,no_archived_stage_constraint,,,,,False,2016-05-16,2016-06-15
69,corteva-2014-2018-external|2016-115|2016,corteva-2014-2018-external,2016-115,2016,era5loc_2b86c955613c,UNITED KINGDOM,52.7,-0.5,2015-10-31,calendar_scenario_not_observed,winter_wheat_scenario,2015-10-31,2016-06-15,229,True,reused_external_strict,65,,,,,,none,False,False,no_archived_stage_constraint,,,,,False,2016-06-12,2016-06-15
69,corteva-2014-2018-external|2016-115|2016,corteva-2014-2018-external,2016-115,2016,era5loc_2b86c955613c,UNITED KINGDOM,52.7,-0.5,2015-10-31,calendar_scenario_not_observed,winter_wheat_scenario,2015-10-31,2016-06-15,229,True,reused_external_strict,85,,,,,,none,False,False,no_archived_stage_constraint,,,,,False,,2016-06-15
70,corteva-2014-2018-external|2016-116|2016,corteva-2014-2018-external,2016-116,2016,era5loc_10922b9e995a,UNITED KINGDOM,52.2,-1.6,2015-10-31,calendar_scenario_not_observed,winter_wheat_scenario,2015-10-31,2016-07-11,255,True,reused_external_strict,31,Corteva,era5loc_10922b9e995a|2016,2016-116,,2016-05-30,left,True,False,,5.0,0.0,5.0,,True,2016-04-16,2016-07-11
70,corteva-2014-2018-external|2016-116|2016,corteva-2014-2018-external,2016-116,2016,era5loc_10922b9e995a,UNITED KINGDOM,52.2,-1.6,2015-10-31,calendar_scenario_not_observed,winter_wheat_scenario,2015-10-31,2016-07-11,255,True,reused_external_strict,39,Corteva,era5loc_10922b9e995a|2016,2016-116,,2016-05-30,left,True,False,,5.0,0.0,5.0,,True,2016-05-16,2016-07-11
70,corteva-2014-2018-external|2016-116|2016,corteva-2014-2018-external,2016-116,2016,era5loc_10922b9e995a,UNITED KINGDOM,52.2,-1.6,2015-10-31,calendar_scenario_not_observed,winter_wheat_scenario,2015-10-31,2016-07-11,255,True,reused_external_strict,65,Corteva,era5loc_10922b9e995a|2016,2016-116,2016-05-30,2016-06-13,interval,True,True,,5.0,1.0,4.0,14.0,True,2016-06-11,2016-07-11
70,corteva-2014-2018-external|2016-116|2016,corteva-2014-2018-external,2016-116,2016,era5loc_10922b9e995a,UNITED KINGDOM,52.2,-1.6,2015-10-31,calendar_scenario_not_observed,winter_wheat_scenario,2015-10-31,2016-07-11,255,True,reused_external_strict,85,Corteva,era5loc_10922b9e995a|2016,2016-116,2016-07-11,,right,True,False,,5.0,5.0,0.0,,True,,2016-07-11
71,corteva-2014-2018-external|2016-79|2016,corteva-2014-2018-external,2016-79,2016,era5loc_10922b9e995a,UNITED KINGDOM,52.2,-1.6,2015-10-31,calendar_scenario_not_observed,winter_wheat_scenario,2015-10-31,2016-07-06,250,True,reused_external_strict,31,Corteva,era5loc_10922b9e995a|2016,2016-79,,2016-05-17,left,True,False,,4.0,0.0,4.0,,True,2016-04-16,2016-07-06
71,corteva-2014-2018-external|2016-79|2016,corteva-2014-2018-external,2016-79,2016,era5loc_10922b9e995a,UNITED KINGDOM,52.2,-1.6,2015-10-31,calendar_scenario_not_observed,winter_wheat_scenario,2015-10-31,2016-07-06,250,True,reused_external_strict,39,Corteva,era5loc_10922b9e995a|2016,2016-79,,2016-05-17,left,True,False,,4.0,0.0,4.0,,True,2016-05-16,2016-07-06
71,corteva-2014-2018-external|2016-79|2016,corteva-2014-2018-external,2016-79,2016,era5loc_10922b9e995a,UNITED KINGDOM,52.2,-1.6,2015-10-31,calendar_scenario_not_observed,winter_wheat_scenario,2015-10-31,2016-07-06,250,True,reused_external_strict,65,Corteva,era5loc_10922b9e995a|2016,2016-79,2016-06-13,2016-06-22,interval,True,True,,4.0,3.0,1.0,9.0,True,2016-06-11,2016-07-06
71,corteva-2014-2018-external|2016-79|2016,corteva-2014-2018-external,2016-79,2016,era5loc_10922b9e995a,UNITED KINGDOM,52.2,-1.6,2015-10-31,calendar_scenario_not_observed,winter_wheat_scenario,2015-10-31,2016-07-06,250,True,reused_external_strict,85,Corteva,era5loc_10922b9e995a|2016,2016-79,2016-06-22,,right,True,False,,4.0,4.0,0.0,,True,,2016-07-06
72,corteva-2014-2018-external|2016-80|2016,corteva-2014-2018-external,2016-80,2016,era5loc_e9355841f968,GERMANY,54.2,10.3,2015-10-01,calendar_scenario_not_observed,winter_wheat_scenario,2015-10-01,2016-07-07,281,True,reused_external_strict,31,,,,,,none,False,False,no_archived_stage_constraint,,,,,False,2016-04-21,2016-07-07
72,corteva-2014-2018-external|2016-80|2016,corteva-2014-2018-external,2016-80,2016,era5loc_e9355841f968,GERMANY,54.2,10.3,2015-10-01,calendar_scenario_not_observed,winter_wheat_scenario,2015-10-01,2016-07-07,281,True,reused_external_strict,39,,,,,,none,False,False,no_archived_stage_constraint,,,,,False,2016-05-20,2016-07-07
72,corteva-2014-2018-external|2016-80|2016,corteva-2014-2018-external,2016-80,2016,era5loc_e9355841f968,GERMANY,54.2,10.3,2015-10-01,calendar_scenario_not_observed,winter_wheat_scenario,2015-10-01,2016-07-07,281,True,reused_external_strict,65,,,,,,none,False,False,no_archived_stage_constraint,,,,,False,2016-06-10,2016-07-07
72,corteva-2014-2018-external|2016-80|2016,corteva-2014-2018-external,2016-80,2016,era5loc_e9355841f968,GERMANY,54.2,10.3,2015-10-01,calendar_scenario_not_observed,winter_wheat_scenario,2015-10-01,2016-07-07,281,True,reused_external_strict,85,,,,,,none,False,False,no_archived_stage_constraint,,,,,False,,2016-07-07
73,corteva-2014-2018-external|2016-81|2016,corteva-2014-2018-external,2016-81,2016,era5loc_10922b9e995a,UNITED KINGDOM,52.2,-1.6,2015-10-31,calendar_scenario_not_observed,winter_wheat_scenario,2015-10-31,2016-07-05,249,True,reused_external_strict,31,Corteva,era5loc_10922b9e995a|2016,2016-81,,2016-05-20,left,True,False,,6.0,0.0,6.0,,True,2016-04-16,2016-07-05
73,corteva-2014-2018-external|2016-81|2016,corteva-2014-2018-external,2016-81,2016,era5loc_10922b9e995a,UNITED KINGDOM,52.2,-1.6,2015-10-31,calendar_scenario_not_observed,winter_wheat_scenario,2015-10-31,2016-07-05,249,True,reused_external_strict,39,Corteva,era5loc_10922b9e995a|2016,2016-81,,2016-05-20,left,True,False,,6.0,0.0,6.0,,True,2016-05-16,2016-07-05
73,corteva-2014-2018-external|2016-81|2016,corteva-2014-2018-external,2016-81,2016,era5loc_10922b9e995a,UNITED KINGDOM,52.2,-1.6,2015-10-31,calendar_scenario_not_observed,winter_wheat_scenario,2015-10-31,2016-07-05,249,True,reused_external_strict,65,Corteva,era5loc_10922b9e995a|2016,2016-81,2016-06-10,2016-06-22,interval,True,True,,6.0,3.0,3.0,12.0,True,2016-06-11,2016-07-05
73,corteva-2014-2018-external|2016-81|2016,corteva-2014-2018-external,2016-81,2016,era5loc_10922b9e995a,UNITED KINGDOM,52.2,-1.6,2015-10-31,calendar_scenario_not_observed,winter_wheat_scenario,2015-10-31,2016-07-05,249,True,reused_external_strict,85,Corteva,era5loc_10922b9e995a|2016,2016-81,2016-07-05,,right,True,False,,6.0,6.0,0.0,,True,,2016-07-05
74,corteva-2014-2018-external|2016-89|2016,corteva-2014-2018-external,2016-89,2016,era5loc_e9355841f968,GERMANY,54.2,10.3,2015-10-01,calendar_scenario_not_observed,winter_wheat_scenario,2015-10-01,2016-07-07,281,True,reused_external_strict,31,,,,,,none,False,False,no_archived_stage_constraint,,,,,False,2016-04-21,2016-07-07
74,corteva-2014-2018-external|2016-89|2016,corteva-2014-2018-external,2016-89,2016,era5loc_e9355841f968,GERMANY,54.2,10.3,2015-10-01,calendar_scenario_not_observed,winter_wheat_scenario,2015-10-01,2016-07-07,281,True,reused_external_strict,39,,,,,,none,False,False,no_archived_stage_constraint,,,,,False,2016-05-20,2016-07-07
74,corteva-2014-2018-external|2016-89|2016,corteva-2014-2018-external,2016-89,2016,era5loc_e9355841f968,GERMANY,54.2,10.3,2015-10-01,calendar_scenario_not_observed,winter_wheat_scenario,2015-10-01,2016-07-07,281,True,reused_external_strict,65,,,,,,none,False,False,no_archived_stage_constraint,,,,,False,2016-06-10,2016-07-07
74,corteva-2014-2018-external|2016-89|2016,corteva-2014-2018-external,2016-89,2016,era5loc_e9355841f968,GERMANY,54.2,10.3,2015-10-01,calendar_scenario_not_observed,winter_wheat_scenario,2015-10-01,2016-07-07,281,True,reused_external_strict,85,,,,,,none,False,False,no_archived_stage_constraint,,,,,False,,2016-07-07
75,corteva-2014-2018-external|2016-90|2016,corteva-2014-2018-external,2016-90,2016,era5loc_7df03bc05f0e,FRANCE,49.1,-0.5,2015-10-31,calendar_scenario_not_observed,winter_wheat_scenario,2015-10-31,2016-06-23,237,True,reused_external_strict,31,Corteva,era5loc_7df03bc05f0e|2016,2016-90,,2016-05-25,left,True,False,,1.0,0.0,1.0,,True,2016-04-06,2016-06-23
75,corteva-2014-2018-external|2016-90|2016,corteva-2014-2018-external,2016-90,2016,era5loc_7df03bc05f0e,FRANCE,49.1,-0.5,2015-10-31,calendar_scenario_not_observed,winter_wheat_scenario,2015-10-31,2016-06-23,237,True,reused_external_strict,39,Corteva,era5loc_7df03bc05f0e|2016,2016-90,,2016-05-25,left,True,False,,1.0,0.0,1.0,,True,2016-05-08,2016-06-23
75,corteva-2014-2018-external|2016-90|2016,corteva-2014-2018-external,2016-90,2016,era5loc_7df03bc05f0e,FRANCE,49.1,-0.5,2015-10-31,calendar_scenario_not_observed,winter_wheat_scenario,2015-10-31,2016-06-23,237,True,reused_external_strict,65,Corteva,era5loc_7df03bc05f0e|2016,2016-90,2016-05-25,,right,True,False,,1.0,1.0,0.0,,True,2016-06-04,2016-06-23
75,corteva-2014-2018-external|2016-90|2016,corteva-2014-2018-external,2016-90,2016,era5loc_7df03bc05f0e,FRANCE,49.1,-0.5,2015-10-31,calendar_scenario_not_observed,winter_wheat_scenario,2015-10-31,2016-06-23,237,True,reused_external_strict,85,Corteva,era5loc_7df03bc05f0e|2016,2016-90,2016-05-25,,right,True,False,,1.0,1.0,0.0,,True,,2016-06-23
76,corteva-2014-2018-external|2016-91|2016,corteva-2014-2018-external,2016-91,2016,era5loc_10922b9e995a,UNITED KINGDOM,52.2,-1.6,2015-10-31,calendar_scenario_not_observed,winter_wheat_scenario,2015-10-31,2016-07-05,249,True,reused_external_strict,31,Corteva,era5loc_10922b9e995a|2016,2016-91,,2016-05-17,left,True,False,,6.0,0.0,6.0,,True,2016-04-16,2016-07-05
76,corteva-2014-2018-external|2016-91|2016,corteva-2014-2018-external,2016-91,2016,era5loc_10922b9e995a,UNITED KINGDOM,52.2,-1.6,2015-10-31,calendar_scenario_not_observed,winter_wheat_scenario,2015-10-31,2016-07-05,249,True,reused_external_strict,39,Corteva,era5loc_10922b9e995a|2016,2016-91,,2016-05-17,left,True,False,,6.0,0.0,6.0,,True,2016-05-16,2016-07-05
76,corteva-2014-2018-external|2016-91|2016,corteva-2014-2018-external,2016-91,2016,era5loc_10922b9e995a,UNITED KINGDOM,52.2,-1.6,2015-10-31,calendar_scenario_not_observed,winter_wheat_scenario,2015-10-31,2016-07-05,249,True,reused_external_strict,65,Corteva,era5loc_10922b9e995a|2016,2016-91,2016-06-01,2016-06-13,interval,True,True,,6.0,2.0,4.0,12.0,True,2016-06-11,2016-07-05
76,corteva-2014-2018-external|2016-91|2016,corteva-2014-2018-external,2016-91,2016,era5loc_10922b9e995a,UNITED KINGDOM,52.2,-1.6,2015-10-31,calendar_scenario_not_observed,winter_wheat_scenario,2015-10-31,2016-07-05,249,True,reused_external_strict,85,Corteva,era5loc_10922b9e995a|2016,2016-91,2016-07-05,,right,True,False,,6.0,6.0,0.0,,True,,2016-07-05
77,corteva-2014-2018-external|2016-92|2016,corteva-2014-2018-external,2016-92,2016,era5loc_571d1ffe9b17,FRANCE,48.1,3.8,2015-10-31,calendar_scenario_not_observed,winter_wheat_scenario,2015-10-31,2016-06-20,234,True,reused_external_strict,31,,,,,,none,False,False,no_archived_stage_constraint,,,,,False,2016-04-10,2016-06-20
77,corteva-2014-2018-external|2016-92|2016,corteva-2014-2018-external,2016-92,2016,era5loc_571d1ffe9b17,FRANCE,48.1,3.8,2015-10-31,calendar_scenario_not_observed,winter_wheat_scenario,2015-10-31,2016-06-20,234,True,reused_external_strict,39,,,,,,none,False,False,no_archived_stage_constraint,,,,,False,2016-05-09,2016-06-20
77,corteva-2014-2018-external|2016-92|2016,corteva-2014-2018-external,2016-92,2016,era5loc_571d1ffe9b17,FRANCE,48.1,3.8,2015-10-31,calendar_scenario_not_observed,winter_wheat_scenario,2015-10-31,2016-06-20,234,True,reused_external_strict,65,,,,,,none,False,False,no_archived_stage_constraint,,,,,False,2016-06-04,2016-06-20
77,corteva-2014-2018-external|2016-92|2016,corteva-2014-2018-external,2016-92,2016,era5loc_571d1ffe9b17,FRANCE,48.1,3.8,2015-10-31,calendar_scenario_not_observed,winter_wheat_scenario,2015-10-31,2016-06-20,234,True,reused_external_strict,85,,,,,,none,False,False,no_archived_stage_constraint,,,,,False,,2016-06-20
78,corteva-2014-2018-external|2016-93|2016,corteva-2014-2018-external,2016-93,2016,era5loc_b267bcd7dbd3,GERMANY,54.2,10.9,2015-10-01,calendar_scenario_not_observed,winter_wheat_scenario,2015-10-01,2016-07-05,279,True,reused_external_strict,31,Corteva,era5loc_b267bcd7dbd3|2016,2016-93,2016-05-06,2016-05-25,interval,True,True,,5.0,1.0,4.0,19.0,True,2016-04-19,2016-07-05
78,corteva-2014-2018-external|2016-93|2016,corteva-2014-2018-external,2016-93,2016,era5loc_b267bcd7dbd3,GERMANY,54.2,10.9,2015-10-01,calendar_scenario_not_observed,winter_wheat_scenario,2015-10-01,2016-07-05,279,True,reused_external_strict,39,Corteva,era5loc_b267bcd7dbd3|2016,2016-93,2016-05-25,2016-06-05,interval,True,True,,5.0,2.0,3.0,11.0,True,2016-05-19,2016-07-05
78,corteva-2014-2018-external|2016-93|2016,corteva-2014-2018-external,2016-93,2016,era5loc_b267bcd7dbd3,GERMANY,54.2,10.9,2015-10-01,calendar_scenario_not_observed,winter_wheat_scenario,2015-10-01,2016-07-05,279,True,reused_external_strict,65,Corteva,era5loc_b267bcd7dbd3|2016,2016-93,2016-06-21,2016-07-05,interval,True,True,,5.0,4.0,1.0,14.0,True,2016-06-10,2016-07-05
78,corteva-2014-2018-external|2016-93|2016,corteva-2014-2018-external,2016-93,2016,era5loc_b267bcd7dbd3,GERMANY,54.2,10.9,2015-10-01,calendar_scenario_not_observed,winter_wheat_scenario,2015-10-01,2016-07-05,279,True,reused_external_strict,85,Corteva,era5loc_b267bcd7dbd3|2016,2016-93,2016-07-05,,right,True,False,,5.0,5.0,0.0,,True,,2016-07-05
79,corteva-2014-2018-external|2016-94|2016,corteva-2014-2018-external,2016-94,2016,era5loc_10922b9e995a,UNITED KINGDOM,52.2,-1.6,2015-10-31,calendar_scenario_not_observed,winter_wheat_scenario,2015-10-31,2016-07-12,256,True,reused_external_strict,31,Corteva,era5loc_10922b9e995a|2016,2016-94,,2016-06-23,left,True,False,,1.0,0.0,1.0,,True,2016-04-16,2016-07-12
79,corteva-2014-2018-external|2016-94|2016,corteva-2014-2018-external,2016-94,2016,era5loc_10922b9e995a,UNITED KINGDOM,52.2,-1.6,2015-10-31,calendar_scenario_not_observed,winter_wheat_scenario,2015-10-31,2016-07-12,256,True,reused_external_strict,39,Corteva,era5loc_10922b9e995a|2016,2016-94,,2016-06-23,left,True,False,,1.0,0.0,1.0,,True,2016-05-16,2016-07-12
79,corteva-2014-2018-external|2016-94|2016,corteva-2014-2018-external,2016-94,2016,era5loc_10922b9e995a,UNITED KINGDOM,52.2,-1.6,2015-10-31,calendar_scenario_not_observed,winter_wheat_scenario,2015-10-31,2016-07-12,256,True,reused_external_strict,65,Corteva,era5loc_10922b9e995a|2016,2016-94,,2016-06-23,left,True,False,,1.0,0.0,1.0,,True,2016-06-11,2016-07-12
79,corteva-2014-2018-external|2016-94|2016,corteva-2014-2018-external,2016-94,2016,era5loc_10922b9e995a,UNITED KINGDOM,52.2,-1.6,2015-10-31,calendar_scenario_not_observed,winter_wheat_scenario,2015-10-31,2016-07-12,256,True,reused_external_strict,85,Corteva,era5loc_10922b9e995a|2016,2016-94,2016-06-23,,right,True,False,,1.0,1.0,0.0,,True,,2016-07-12
80,corteva-2014-2018-external|2016-96|2016,corteva-2014-2018-external,2016-96,2016,era5loc_44b51b0afbf4,FRANCE,47.5,0.8,2015-10-31,calendar_scenario_not_observed,winter_wheat_scenario,2015-10-31,2016-06-16,230,True,reused_external_strict,31,,,,,,none,False,False,no_archived_stage_constraint,,,,,False,2016-04-03,2016-06-16
80,corteva-2014-2018-external|2016-96|2016,corteva-2014-2018-external,2016-96,2016,era5loc_44b51b0afbf4,FRANCE,47.5,0.8,2015-10-31,calendar_scenario_not_observed,winter_wheat_scenario,2015-10-31,2016-06-16,230,True,reused_external_strict,39,,,,,,none,False,False,no_archived_stage_constraint,,,,,False,2016-05-04,2016-06-16
80,corteva-2014-2018-external|2016-96|2016,corteva-2014-2018-external,2016-96,2016,era5loc_44b51b0afbf4,FRANCE,47.5,0.8,2015-10-31,calendar_scenario_not_observed,winter_wheat_scenario,2015-10-31,2016-06-16,230,True,reused_external_strict,65,,,,,,none,False,False,no_archived_stage_constraint,,,,,False,2016-05-28,2016-06-16
80,corteva-2014-2018-external|2016-96|2016,corteva-2014-2018-external,2016-96,2016,era5loc_44b51b0afbf4,FRANCE,47.5,0.8,2015-10-31,calendar_scenario_not_observed,winter_wheat_scenario,2015-10-31,2016-06-16,230,True,reused_external_strict,85,,,,,,none,False,False,no_archived_stage_constraint,,,,,False,,2016-06-16
81,corteva-2014-2018-external|2016-97|2016,corteva-2014-2018-external,2016-97,2016,era5loc_10922b9e995a,UNITED KINGDOM,52.2,-1.6,2015-10-31,calendar_scenario_not_observed,winter_wheat_scenario,2015-10-31,2016-07-07,251,True,reused_external_strict,31,Corteva,era5loc_10922b9e995a|2016,2016-97,,2016-05-27,left,True,False,,5.0,0.0,5.0,,True,2016-04-16,2016-07-07
81,corteva-2014-2018-external|2016-97|2016,corteva-2014-2018-external,2016-97,2016,era5loc_10922b9e995a,UNITED KINGDOM,52.2,-1.6,2015-10-31,calendar_scenario_not_observed,winter_wheat_scenario,2015-10-31,2016-07-07,251,True,reused_external_strict,39,Corteva,era5loc_10922b9e995a|2016,2016-97,,2016-05-27,left,True,False,,5.0,0.0,5.0,,True,2016-05-16,2016-07-07
81,corteva-2014-2018-external|2016-97|2016,corteva-2014-2018-external,2016-97,2016,era5loc_10922b9e995a,UNITED KINGDOM,52.2,-1.6,2015-10-31,calendar_scenario_not_observed,winter_wheat_scenario,2015-10-31,2016-07-07,251,True,reused_external_strict,65,Corteva,era5loc_10922b9e995a|2016,2016-97,2016-05-27,2016-06-22,interval,True,True,,5.0,1.0,4.0,26.0,True,2016-06-11,2016-07-07
81,corteva-2014-2018-external|2016-97|2016,corteva-2014-2018-external,2016-97,2016,era5loc_10922b9e995a,UNITED KINGDOM,52.2,-1.6,2015-10-31,calendar_scenario_not_observed,winter_wheat_scenario,2015-10-31,2016-07-07,251,True,reused_external_strict,85,Corteva,era5loc_10922b9e995a|2016,2016-97,2016-07-07,,right,True,False,,5.0,5.0,0.0,,True,,2016-07-07
82,corteva-2014-2018-external|2016-98|2016,corteva-2014-2018-external,2016-98,2016,era5loc_4a01bdc540c8,FRANCE,47.7,1.0,2015-10-31,calendar_scenario_not_observed,winter_wheat_scenario,2015-10-31,2016-06-23,237,True,reused_external_strict,31,Corteva,era5loc_4a01bdc540c8|2016,2016-98,,2016-06-23,left,True,False,,1.0,0.0,1.0,,True,2016-04-04,2016-06-23
82,corteva-2014-2018-external|2016-98|2016,corteva-2014-2018-external,2016-98,2016,era5loc_4a01bdc540c8,FRANCE,47.7,1.0,2015-10-31,calendar_scenario_not_observed,winter_wheat_scenario,2015-10-31,2016-06-23,237,True,reused_external_strict,39,Corteva,era5loc_4a01bdc540c8|2016,2016-98,,2016-06-23,left,True,False,,1.0,0.0,1.0,,True,2016-05-06,2016-06-23
82,corteva-2014-2018-external|2016-98|2016,corteva-2014-2018-external,2016-98,2016,era5loc_4a01bdc540c8,FRANCE,47.7,1.0,2015-10-31,calendar_scenario_not_observed,winter_wheat_scenario,2015-10-31,2016-06-23,237,True,reused_external_strict,65,Corteva,era5loc_4a01bdc540c8|2016,2016-98,,2016-06-23,left,True,False,,1.0,0.0,1.0,,True,2016-05-31,2016-06-23
82,corteva-2014-2018-external|2016-98|2016,corteva-2014-2018-external,2016-98,2016,era5loc_4a01bdc540c8,FRANCE,47.7,1.0,2015-10-31,calendar_scenario_not_observed,winter_wheat_scenario,2015-10-31,2016-06-23,237,True,reused_external_strict,85,Corteva,era5loc_4a01bdc540c8|2016,2016-98,2016-06-23,,right,True,False,,1.0,1.0,0.0,,True,,2016-06-23
83,corteva-2014-2018-external|2016-99|2016,corteva-2014-2018-external,2016-99,2016,era5loc_10922b9e995a,UNITED KINGDOM,52.2,-1.6,2015-10-31,calendar_scenario_not_observed,winter_wheat_scenario,2015-10-31,2016-07-08,252,True,reused_external_strict,31,Corteva,era5loc_10922b9e995a|2016,2016-99,,2016-05-27,left,True,False,,6.0,0.0,6.0,,True,2016-04-16,2016-07-08
83,corteva-2014-2018-external|2016-99|2016,corteva-2014-2018-external,2016-99,2016,era5loc_10922b9e995a,UNITED KINGDOM,52.2,-1.6,2015-10-31,calendar_scenario_not_observed,winter_wheat_scenario,2015-10-31,2016-07-08,252,True,reused_external_strict,39,Corteva,era5loc_10922b9e995a|2016,2016-99,,2016-05-27,left,True,False,,6.0,0.0,6.0,,True,2016-05-16,2016-07-08
83,corteva-2014-2018-external|2016-99|2016,corteva-2014-2018-external,2016-99,2016,era5loc_10922b9e995a,UNITED KINGDOM,52.2,-1.6,2015-10-31,calendar_scenario_not_observed,winter_wheat_scenario,2015-10-31,2016-07-08,252,True,reused_external_strict,65,Corteva,era5loc_10922b9e995a|2016,2016-99,2016-06-01,2016-06-22,interval,True,True,,6.0,2.0,4.0,21.0,True,2016-06-11,2016-07-08
83,corteva-2014-2018-external|2016-99|2016,corteva-2014-2018-external,2016-99,2016,era5loc_10922b9e995a,UNITED KINGDOM,52.2,-1.6,2015-10-31,calendar_scenario_not_observed,winter_wheat_scenario,2015-10-31,2016-07-08,252,True,reused_external_strict,85,Corteva,era5loc_10922b9e995a|2016,2016-99,2016-07-08,,right,True,False,,6.0,6.0,0.0,,True,,2016-07-08
84,corteva-2014-2018-external|2017-117|2017,corteva-2014-2018-external,2017-117,2017,era5loc_44b51b0afbf4,FRANCE,47.5,0.8,2016-10-30,calendar_scenario_not_observed,winter_wheat_scenario,2016-10-30,2017-06-14,228,True,reused_external_strict,31,,,,,,none,False,False,no_archived_stage_constraint,,,,,False,2017-04-03,2017-06-14
84,corteva-2014-2018-external|2017-117|2017,corteva-2014-2018-external,2017-117,2017,era5loc_44b51b0afbf4,FRANCE,47.5,0.8,2016-10-30,calendar_scenario_not_observed,winter_wheat_scenario,2016-10-30,2017-06-14,228,True,reused_external_strict,39,,,,,,none,False,False,no_archived_stage_constraint,,,,,False,2017-05-05,2017-06-14
84,corteva-2014-2018-external|2017-117|2017,corteva-2014-2018-external,2017-117,2017,era5loc_44b51b0afbf4,FRANCE,47.5,0.8,2016-10-30,calendar_scenario_not_observed,winter_wheat_scenario,2016-10-30,2017-06-14,228,True,reused_external_strict,65,,,,,,none,False,False,no_archived_stage_constraint,,,,,False,2017-05-28,2017-06-14
84,corteva-2014-2018-external|2017-117|2017,corteva-2014-2018-external,2017-117,2017,era5loc_44b51b0afbf4,FRANCE,47.5,0.8,2016-10-30,calendar_scenario_not_observed,winter_wheat_scenario,2016-10-30,2017-06-14,228,True,reused_external_strict,85,,,,,,none,False,False,no_archived_stage_constraint,,,,,False,,2017-06-14
85,corteva-2014-2018-external|2017-118|2017,corteva-2014-2018-external,2017-118,2017,era5loc_10922b9e995a,UNITED KINGDOM,52.2,-1.6,2016-10-30,calendar_scenario_not_observed,winter_wheat_scenario,2016-10-30,2017-06-15,229,True,reused_external_strict,31,Corteva,era5loc_10922b9e995a|2017,2017-118,,2017-06-02,left,True,False,,3.0,0.0,3.0,,True,2017-04-13,2017-06-15
85,corteva-2014-2018-external|2017-118|2017,corteva-2014-2018-external,2017-118,2017,era5loc_10922b9e995a,UNITED KINGDOM,52.2,-1.6,2016-10-30,calendar_scenario_not_observed,winter_wheat_scenario,2016-10-30,2017-06-15,229,True,reused_external_strict,39,Corteva,era5loc_10922b9e995a|2017,2017-118,,2017-06-02,left,True,False,,3.0,0.0,3.0,,True,2017-05-15,2017-06-15
85,corteva-2014-2018-external|2017-118|2017,corteva-2014-2018-external,2017-118,2017,era5loc_10922b9e995a,UNITED KINGDOM,52.2,-1.6,2016-10-30,calendar_scenario_not_observed,winter_wheat_scenario,2016-10-30,2017-06-15,229,True,reused_external_strict,65,Corteva,era5loc_10922b9e995a|2017,2017-118,2017-06-02,2017-06-08,interval,True,True,,3.0,1.0,2.0,6.0,True,2017-06-08,2017-06-15
85,corteva-2014-2018-external|2017-118|2017,corteva-2014-2018-external,2017-118,2017,era5loc_10922b9e995a,UNITED KINGDOM,52.2,-1.6,2016-10-30,calendar_scenario_not_observed,winter_wheat_scenario,2016-10-30,2017-06-15,229,True,reused_external_strict,85,Corteva,era5loc_10922b9e995a|2017,2017-118,2017-06-15,,right,True,False,,3.0,3.0,0.0,,True,,2017-06-15
86,corteva-2014-2018-external|2017-119|2017,corteva-2014-2018-external,2017-119,2017,era5loc_37afec23e7f5,GERMANY,53.8,10.5,2016-10-16,calendar_scenario_not_observed,winter_wheat_scenario,2016-10-16,2017-07-06,264,True,reused_external_strict,31,,,,,,none,False,False,no_archived_stage_constraint,,,,,False,2017-05-01,2017-07-06
86,corteva-2014-2018-external|2017-119|2017,corteva-2014-2018-external,2017-119,2017,era5loc_37afec23e7f5,GERMANY,53.8,10.5,2016-10-16,calendar_scenario_not_observed,winter_wheat_scenario,2016-10-16,2017-07-06,264,True,reused_external_strict,39,,,,,,none,False,False,no_archived_stage_constraint,,,,,False,2017-05-23,2017-07-06
86,corteva-2014-2018-external|2017-119|2017,corteva-2014-2018-external,2017-119,2017,era5loc_37afec23e7f5,GERMANY,53.8,10.5,2016-10-16,calendar_scenario_not_observed,winter_wheat_scenario,2016-10-16,2017-07-06,264,True,reused_external_strict,65,,,,,,none,False,False,no_archived_stage_constraint,,,,,False,2017-06-14,2017-07-06
86,corteva-2014-2018-external|2017-119|2017,corteva-2014-2018-external,2017-119,2017,era5loc_37afec23e7f5,GERMANY,53.8,10.5,2016-10-16,calendar_scenario_not_observed,winter_wheat_scenario,2016-10-16,2017-07-06,264,True,reused_external_strict,85,,,,,,none,False,False,no_archived_stage_constraint,,,,,False,,2017-07-06
87,corteva-2014-2018-external|2017-121|2017,corteva-2014-2018-external,2017-121,2017,era5loc_552fc1bf2ed1,FRANCE,49.2,-0.5,2016-10-30,calendar_scenario_not_observed,winter_wheat_scenario,2016-10-30,2017-06-22,236,True,reused_external_strict,31,Corteva,era5loc_552fc1bf2ed1|2017,2017-121,,2017-05-31,left,True,False,,2.0,0.0,2.0,,True,2017-04-01,2017-06-22
87,corteva-2014-2018-external|2017-121|2017,corteva-2014-2018-external,2017-121,2017,era5loc_552fc1bf2ed1,FRANCE,49.2,-0.5,2016-10-30,calendar_scenario_not_observed,winter_wheat_scenario,2016-10-30,2017-06-22,236,True,reused_external_strict,39,Corteva,era5loc_552fc1bf2ed1|2017,2017-121,,2017-05-31,left,True,False,,2.0,0.0,2.0,,True,2017-05-05,2017-06-22
87,corteva-2014-2018-external|2017-121|2017,corteva-2014-2018-external,2017-121,2017,era5loc_552fc1bf2ed1,FRANCE,49.2,-0.5,2016-10-30,calendar_scenario_not_observed,winter_wheat_scenario,2016-10-30,2017-06-22,236,True,reused_external_strict,65,Corteva,era5loc_552fc1bf2ed1|2017,2017-121,2017-05-31,2017-06-22,interval,True,True,,2.0,1.0,1.0,22.0,True,2017-05-28,2017-06-22
87,corteva-2014-2018-external|2017-121|2017,corteva-2014-2018-external,2017-121,2017,era5loc_552fc1bf2ed1,FRANCE,49.2,-0.5,2016-10-30,calendar_scenario_not_observed,winter_wheat_scenario,2016-10-30,2017-06-22,236,True,reused_external_strict,85,Corteva,era5loc_552fc1bf2ed1|2017,2017-121,2017-06-22,,right,True,False,,2.0,2.0,0.0,,True,,2017-06-22
88,corteva-2014-2018-external|2017-126|2017,corteva-2014-2018-external,2017-126,2017,era5loc_10922b9e995a,UNITED KINGDOM,52.2,-1.6,2016-10-30,calendar_scenario_not_observed,winter_wheat_scenario,2016-10-30,2017-06-20,234,True,reused_external_strict,31,Corteva,era5loc_10922b9e995a|2017,2017-126,,2017-06-15,left,True,False,,2.0,0.0,2.0,,True,2017-04-13,2017-06-20
88,corteva-2014-2018-external|2017-126|2017,corteva-2014-2018-external,2017-126,2017,era5loc_10922b9e995a,UNITED KINGDOM,52.2,-1.6,2016-10-30,calendar_scenario_not_observed,winter_wheat_scenario,2016-10-30,2017-06-20,234,True,reused_external_strict,39,Corteva,era5loc_10922b9e995a|2017,2017-126,,2017-06-15,left,True,False,,2.0,0.0,2.0,,True,2017-05-15,2017-06-20
88,corteva-2014-2018-external|2017-126|2017,corteva-2014-2018-external,2017-126,2017,era5loc_10922b9e995a,UNITED KINGDOM,52.2,-1.6,2016-10-30,calendar_scenario_not_observed,winter_wheat_scenario,2016-10-30,2017-06-20,234,True,reused_external_strict,65,Corteva,era5loc_10922b9e995a|2017,2017-126,,2017-06-15,left,True,False,,2.0,0.0,2.0,,True,2017-06-08,2017-06-20
88,corteva-2014-2018-external|2017-126|2017,corteva-2014-2018-external,2017-126,2017,era5loc_10922b9e995a,UNITED KINGDOM,52.2,-1.6,2016-10-30,calendar_scenario_not_observed,winter_wheat_scenario,2016-10-30,2017-06-20,234,True,reused_external_strict,85,Corteva,era5loc_10922b9e995a|2017,2017-126,2017-06-20,,right,True,False,,2.0,2.0,0.0,,True,,2017-06-20
89,corteva-2014-2018-external|2017-130|2017,corteva-2014-2018-external,2017-130,2017,era5loc_831f1bcc3513,GERMANY,53.4,8.1,2016-09-30,calendar_scenario_not_observed,winter_wheat_scenario,2016-09-30,2017-06-14,258,True,reused_external_strict,31,Corteva,era5loc_831f1bcc3513|2017,2017-130,,2017-05-16,left,True,False,,3.0,0.0,3.0,,True,2017-04-15,2017-06-14
89,corteva-2014-2018-external|2017-130|2017,corteva-2014-2018-external,2017-130,2017,era5loc_831f1bcc3513,GERMANY,53.4,8.1,2016-09-30,calendar_scenario_not_observed,winter_wheat_scenario,2016-09-30,2017-06-14,258,True,reused_external_strict,39,Corteva,era5loc_831f1bcc3513|2017,2017-130,2017-05-16,2017-05-30,interval,True,True,,3.0,1.0,2.0,14.0,True,2017-05-17,2017-06-14
89,corteva-2014-2018-external|2017-130|2017,corteva-2014-2018-external,2017-130,2017,era5loc_831f1bcc3513,GERMANY,53.4,8.1,2016-09-30,calendar_scenario_not_observed,winter_wheat_scenario,2016-09-30,2017-06-14,258,True,reused_external_strict,65,Corteva,era5loc_831f1bcc3513|2017,2017-130,2017-05-30,2017-06-14,interval,True,True,,3.0,2.0,1.0,15.0,True,2017-06-09,2017-06-14
89,corteva-2014-2018-external|2017-130|2017,corteva-2014-2018-external,2017-130,2017,era5loc_831f1bcc3513,GERMANY,53.4,8.1,2016-09-30,calendar_scenario_not_observed,winter_wheat_scenario,2016-09-30,2017-06-14,258,True,reused_external_strict,85,Corteva,era5loc_831f1bcc3513|2017,2017-130,2017-06-14,,right,True,False,,3.0,3.0,0.0,,True,,2017-06-14
90,corteva-2014-2018-external|2017-131|2017,corteva-2014-2018-external,2017-131,2017,era5loc_4a01bdc540c8,FRANCE,47.7,1.0,2016-10-30,calendar_scenario_not_observed,winter_wheat_scenario,2016-10-30,2017-06-20,234,True,reused_external_strict,31,,,,,,none,False,False,no_archived_stage_constraint,,,,,False,2017-04-06,2017-06-20
90,corteva-2014-2018-external|2017-131|2017,corteva-2014-2018-external,2017-131,2017,era5loc_4a01bdc540c8,FRANCE,47.7,1.0,2016-10-30,calendar_scenario_not_observed,winter_wheat_scenario,2016-10-30,2017-06-20,234,True,reused_external_strict,39,,,,,,none,False,False,no_archived_stage_constraint,,,,,False,2017-05-08,2017-06-20
90,corteva-2014-2018-external|2017-131|2017,corteva-2014-2018-external,2017-131,2017,era5loc_4a01bdc540c8,FRANCE,47.7,1.0,2016-10-30,calendar_scenario_not_observed,winter_wheat_scenario,2016-10-30,2017-06-20,234,True,reused_external_strict,65,,,,,,none,False,False,no_archived_stage_constraint,,,,,False,2017-05-30,2017-06-20
90,corteva-2014-2018-external|2017-131|2017,corteva-2014-2018-external,2017-131,2017,era5loc_4a01bdc540c8,FRANCE,47.7,1.0,2016-10-30,calendar_scenario_not_observed,winter_wheat_scenario,2016-10-30,2017-06-20,234,True,reused_external_strict,85,,,,,,none,False,False,no_archived_stage_constraint,,,,,False,,2017-06-20
91,corteva-2014-2018-external|2017-132|2017,corteva-2014-2018-external,2017-132,2017,era5loc_10922b9e995a,UNITED KINGDOM,52.2,-1.6,2016-10-30,calendar_scenario_not_observed,winter_wheat_scenario,2016-10-30,2017-06-09,223,True,reused_external_strict,31,Corteva,era5loc_10922b9e995a|2017,2017-132,,2017-04-18,left,True,False,,1.0,0.0,1.0,,True,2017-04-13,2017-06-09
91,corteva-2014-2018-external|2017-132|2017,corteva-2014-2018-external,2017-132,2017,era5loc_10922b9e995a,UNITED KINGDOM,52.2,-1.6,2016-10-30,calendar_scenario_not_observed,winter_wheat_scenario,2016-10-30,2017-06-09,223,True,reused_external_strict,39,Corteva,era5loc_10922b9e995a|2017,2017-132,2017-04-18,,right,True,False,,1.0,1.0,0.0,,True,2017-05-15,2017-06-09
91,corteva-2014-2018-external|2017-132|2017,corteva-2014-2018-external,2017-132,2017,era5loc_10922b9e995a,UNITED KINGDOM,52.2,-1.6,2016-10-30,calendar_scenario_not_observed,winter_wheat_scenario,2016-10-30,2017-06-09,223,True,reused_external_strict,65,Corteva,era5loc_10922b9e995a|2017,2017-132,2017-04-18,,right,True,False,,1.0,1.0,0.0,,True,2017-06-08,2017-06-09
91,corteva-2014-2018-external|2017-132|2017,corteva-2014-2018-external,2017-132,2017,era5loc_10922b9e995a,UNITED KINGDOM,52.2,-1.6,2016-10-30,calendar_scenario_not_observed,winter_wheat_scenario,2016-10-30,2017-06-09,223,True,reused_external_strict,85,Corteva,era5loc_10922b9e995a|2017,2017-132,2017-04-18,,right,True,False,,1.0,1.0,0.0,,True,,2017-06-09
92,corteva-2014-2018-external|2017-133|2017,corteva-2014-2018-external,2017-133,2017,era5loc_e9355841f968,GERMANY,54.2,10.3,2016-09-30,calendar_scenario_not_observed,winter_wheat_scenario,2016-09-30,2017-06-27,271,True,reused_external_strict,31,,,,,,none,False,False,no_archived_stage_constraint,,,,,False,2017-04-23,2017-06-27
92,corteva-2014-2018-external|2017-133|2017,corteva-2014-2018-external,2017-133,2017,era5loc_e9355841f968,GERMANY,54.2,10.3,2016-09-30,calendar_scenario_not_observed,winter_wheat_scenario,2016-09-30,2017-06-27,271,True,reused_external_strict,39,,,,,,none,False,False,no_archived_stage_constraint,,,,,False,2017-05-21,2017-06-27
92,corteva-2014-2018-external|2017-133|2017,corteva-2014-2018-external,2017-133,2017,era5loc_e9355841f968,GERMANY,54.2,10.3,2016-09-30,calendar_scenario_not_observed,winter_wheat_scenario,2016-09-30,2017-06-27,271,True,reused_external_strict,65,,,,,,none,False,False,no_archived_stage_constraint,,,,,False,2017-06-12,2017-06-27
92,corteva-2014-2018-external|2017-133|2017,corteva-2014-2018-external,2017-133,2017,era5loc_e9355841f968,GERMANY,54.2,10.3,2016-09-30,calendar_scenario_not_observed,winter_wheat_scenario,2016-09-30,2017-06-27,271,True,reused_external_strict,85,,,,,,none,False,False,no_archived_stage_constraint,,,,,False,,2017-06-27
93,corteva-2014-2018-external|2017-141|2017,corteva-2014-2018-external,2017-141,2017,era5loc_10922b9e995a,UNITED KINGDOM,52.2,-1.6,2016-10-30,calendar_scenario_not_observed,winter_wheat_scenario,2016-10-30,2017-06-29,243,True,reused_external_strict,31,Corteva,era5loc_10922b9e995a|2017,2017-141,,2017-05-30,left,True,False,,4.0,0.0,4.0,,True,2017-04-13,2017-06-29
93,corteva-2014-2018-external|2017-141|2017,corteva-2014-2018-external,2017-141,2017,era5loc_10922b9e995a,UNITED KINGDOM,52.2,-1.6,2016-10-30,calendar_scenario_not_observed,winter_wheat_scenario,2016-10-30,2017-06-29,243,True,reused_external_strict,39,Corteva,era5loc_10922b9e995a|2017,2017-141,,2017-05-30,left,True,False,,4.0,0.0,4.0,,True,2017-05-15,2017-06-29
93,corteva-2014-2018-external|2017-141|2017,corteva-2014-2018-external,2017-141,2017,era5loc_10922b9e995a,UNITED KINGDOM,52.2,-1.6,2016-10-30,calendar_scenario_not_observed,winter_wheat_scenario,2016-10-30,2017-06-29,243,True,reused_external_strict,65,Corteva,era5loc_10922b9e995a|2017,2017-141,,2017-05-30,left,True,False,,4.0,0.0,4.0,,True,2017-06-08,2017-06-29
93,corteva-2014-2018-external|2017-141|2017,corteva-2014-2018-external,2017-141,2017,era5loc_10922b9e995a,UNITED KINGDOM,52.2,-1.6,2016-10-30,calendar_scenario_not_observed,winter_wheat_scenario,2016-10-30,2017-06-29,243,True,reused_external_strict,85,Corteva,era5loc_10922b9e995a|2017,2017-141,2017-06-29,,right,True,False,,4.0,4.0,0.0,,True,,2017-06-29
94,corteva-2014-2018-external|2017-142|2017,corteva-2014-2018-external,2017-142,2017,era5loc_707c396abf09,GERMANY,51.2,13.3,2016-09-30,calendar_scenario_not_observed,winter_wheat_scenario,2016-09-30,2017-07-12,286,True,reused_external_strict,31,Corteva,era5loc_707c396abf09|2017,2017-142,,2017-06-13,left,True,False,,3.0,0.0,3.0,,True,2017-04-15,2017-07-12
94,corteva-2014-2018-external|2017-142|2017,corteva-2014-2018-external,2017-142,2017,era5loc_707c396abf09,GERMANY,51.2,13.3,2016-09-30,calendar_scenario_not_observed,winter_wheat_scenario,2016-09-30,2017-07-12,286,True,reused_external_strict,39,Corteva,era5loc_707c396abf09|2017,2017-142,,2017-06-13,left,True,False,,3.0,0.0,3.0,,True,2017-05-17,2017-07-12
94,corteva-2014-2018-external|2017-142|2017,corteva-2014-2018-external,2017-142,2017,era5loc_707c396abf09,GERMANY,51.2,13.3,2016-09-30,calendar_scenario_not_observed,winter_wheat_scenario,2016-09-30,2017-07-12,286,True,reused_external_strict,65,Corteva,era5loc_707c396abf09|2017,2017-142,,2017-06-13,left,True,False,,3.0,0.0,3.0,,True,2017-06-06,2017-07-12
94,corteva-2014-2018-external|2017-142|2017,corteva-2014-2018-external,2017-142,2017,era5loc_707c396abf09,GERMANY,51.2,13.3,2016-09-30,calendar_scenario_not_observed,winter_wheat_scenario,2016-09-30,2017-07-12,286,True,reused_external_strict,85,Corteva,era5loc_707c396abf09|2017,2017-142,2017-07-12,,right,True,False,,3.0,3.0,0.0,,True,2017-07-08,2017-07-12
95,corteva-2014-2018-external|2017-144|2017,corteva-2014-2018-external,2017-144,2017,era5loc_75bcfbe45580,FRANCE,50.2,3.0,2016-10-30,calendar_scenario_not_observed,winter_wheat_scenario,2016-10-30,2017-06-26,240,True,reused_external_strict,31,Corteva,era5loc_75bcfbe45580|2017,2017-144,,2017-06-08,left,True,False,,1.0,0.0,1.0,,True,2017-04-11,2017-06-26
95,corteva-2014-2018-external|2017-144|2017,corteva-2014-2018-external,2017-144,2017,era5loc_75bcfbe45580,FRANCE,50.2,3.0,2016-10-30,calendar_scenario_not_observed,winter_wheat_scenario,2016-10-30,2017-06-26,240,True,reused_external_strict,39,Corteva,era5loc_75bcfbe45580|2017,2017-144,,2017-06-08,left,True,False,,1.0,0.0,1.0,,True,2017-05-14,2017-06-26
95,corteva-2014-2018-external|2017-144|2017,corteva-2014-2018-external,2017-144,2017,era5loc_75bcfbe45580,FRANCE,50.2,3.0,2016-10-30,calendar_scenario_not_observed,winter_wheat_scenario,2016-10-30,2017-06-26,240,True,reused_external_strict,65,Corteva,era5loc_75bcfbe45580|2017,2017-144,,2017-06-08,left,True,False,,1.0,0.0,1.0,,True,2017-06-04,2017-06-26
95,corteva-2014-2018-external|2017-144|2017,corteva-2014-2018-external,2017-144,2017,era5loc_75bcfbe45580,FRANCE,50.2,3.0,2016-10-30,calendar_scenario_not_observed,winter_wheat_scenario,2016-10-30,2017-06-26,240,True,reused_external_strict,85,Corteva,era5loc_75bcfbe45580|2017,2017-144,2017-06-08,,right,True,False,,1.0,1.0,0.0,,True,,2017-06-26
96,corteva-2014-2018-external|2017-145|2017,corteva-2014-2018-external,2017-145,2017,era5loc_a8819305ac0f,UNITED KINGDOM,52.1,-2.5,2016-10-30,calendar_scenario_not_observed,winter_wheat_scenario,2016-10-30,2017-07-06,250,True,reused_external_strict,31,Corteva,era5loc_a8819305ac0f|2017,2017-145,,2017-06-02,left,True,False,,3.0,0.0,3.0,,True,2017-04-11,2017-07-06
96,corteva-2014-2018-external|2017-145|2017,corteva-2014-2018-external,2017-145,2017,era5loc_a8819305ac0f,UNITED KINGDOM,52.1,-2.5,2016-10-30,calendar_scenario_not_observed,winter_wheat_scenario,2016-10-30,2017-07-06,250,True,reused_external_strict,39,Corteva,era5loc_a8819305ac0f|2017,2017-145,,2017-06-02,left,True,False,,3.0,0.0,3.0,,True,2017-05-12,2017-07-06
96,corteva-2014-2018-external|2017-145|2017,corteva-2014-2018-external,2017-145,2017,era5loc_a8819305ac0f,UNITED KINGDOM,52.1,-2.5,2016-10-30,calendar_scenario_not_observed,winter_wheat_scenario,2016-10-30,2017-07-06,250,True,reused_external_strict,65,Corteva,era5loc_a8819305ac0f|2017,2017-145,2017-06-02,2017-06-29,interval,True,True,,3.0,1.0,2.0,27.0,True,2017-06-06,2017-07-06
96,corteva-2014-2018-external|2017-145|2017,corteva-2014-2018-external,2017-145,2017,era5loc_a8819305ac0f,UNITED KINGDOM,52.1,-2.5,2016-10-30,calendar_scenario_not_observed,winter_wheat_scenario,2016-10-30,2017-07-06,250,True,reused_external_strict,85,Corteva,era5loc_a8819305ac0f|2017,2017-145,2017-07-06,,right,True,False,,3.0,3.0,0.0,,True,,2017-07-06
97,corteva-2014-2018-external|2017-146|2017,corteva-2014-2018-external,2017-146,2017,era5loc_5169e9aeb73a,POLAND,52.0,17.5,2016-10-02,calendar_scenario_not_observed,winter_wheat_scenario,2016-10-02,2017-06-29,271,True,reused_external_strict,31,Corteva,era5loc_5169e9aeb73a|2017,2017-146,,2017-06-29,left,True,False,,1.0,0.0,1.0,,True,2017-04-29,2017-06-29
97,corteva-2014-2018-external|2017-146|2017,corteva-2014-2018-external,2017-146,2017,era5loc_5169e9aeb73a,POLAND,52.0,17.5,2016-10-02,calendar_scenario_not_observed,winter_wheat_scenario,2016-10-02,2017-06-29,271,True,reused_external_strict,39,Corteva,era5loc_5169e9aeb73a|2017,2017-146,,2017-06-29,left,True,False,,1.0,0.0,1.0,,True,2017-05-22,2017-06-29
97,corteva-2014-2018-external|2017-146|2017,corteva-2014-2018-external,2017-146,2017,era5loc_5169e9aeb73a,POLAND,52.0,17.5,2016-10-02,calendar_scenario_not_observed,winter_wheat_scenario,2016-10-02,2017-06-29,271,True,reused_external_strict,65,Corteva,era5loc_5169e9aeb73a|2017,2017-146,,2017-06-29,left,True,False,,1.0,0.0,1.0,,True,2017-06-12,2017-06-29
97,corteva-2014-2018-external|2017-146|2017,corteva-2014-2018-external,2017-146,2017,era5loc_5169e9aeb73a,POLAND,52.0,17.5,2016-10-02,calendar_scenario_not_observed,winter_wheat_scenario,2016-10-02,2017-06-29,271,True,reused_external_strict,85,Corteva,era5loc_5169e9aeb73a|2017,2017-146,2017-06-29,,right,True,False,,1.0,1.0,0.0,,True,,2017-06-29
98,corteva-2014-2018-external|2017-147|2017,corteva-2014-2018-external,2017-147,2017,era5loc_831f1bcc3513,GERMANY,53.4,8.1,2016-09-30,calendar_scenario_not_observed,winter_wheat_scenario,2016-09-30,2017-06-16,260,True,reused_external_strict,31,Corteva,era5loc_831f1bcc3513|2017,2017-147,,2017-05-16,left,True,False,,2.0,0.0,2.0,,True,2017-04-15,2017-06-16
98,corteva-2014-2018-external|2017-147|2017,corteva-2014-2018-external,2017-147,2017,era5loc_831f1bcc3513,GERMANY,53.4,8.1,2016-09-30,calendar_scenario_not_observed,winter_wheat_scenario,2016-09-30,2017-06-16,260,True,reused_external_strict,39,Corteva,era5loc_831f1bcc3513|2017,2017-147,2017-05-16,2017-05-30,interval,True,True,,2.0,1.0,1.0,14.0,True,2017-05-17,2017-06-16
98,corteva-2014-2018-external|2017-147|2017,corteva-2014-2018-external,2017-147,2017,era5loc_831f1bcc3513,GERMANY,53.4,8.1,2016-09-30,calendar_scenario_not_observed,winter_wheat_scenario,2016-09-30,2017-06-16,260,True,reused_external_strict,65,Corteva,era5loc_831f1bcc3513|2017,2017-147,2017-05-16,,right,True,False,,2.0,1.0,0.0,,True,2017-06-09,2017-06-16
98,corteva-2014-2018-external|2017-147|2017,corteva-2014-2018-external,2017-147,2017,era5loc_831f1bcc3513,GERMANY,53.4,8.1,2016-09-30,calendar_scenario_not_observed,winter_wheat_scenario,2016-09-30,2017-06-16,260,True,reused_external_strict,85,Corteva,era5loc_831f1bcc3513|2017,2017-147,2017-05-30,,right,True,False,,2.0,2.0,0.0,,True,,2017-06-16
99,corteva-2014-2018-external|2017-148|2017,corteva-2014-2018-external,2017-148,2017,era5loc_9ec703701638,DENMARK,55.3,11.4,2016-10-12,calendar_scenario_not_observed,winter_wheat_scenario,2016-10-12,2017-06-01,233,True,reused_external_strict,31,Corteva,era5loc_9ec703701638|2017,2017-148,,2017-06-01,left,True,False,,1.0,0.0,1.0,,True,2017-05-06,2017-06-01
99,corteva-2014-2018-external|2017-148|2017,corteva-2014-2018-external,2017-148,2017,era5loc_9ec703701638,DENMARK,55.3,11.4,2016-10-12,calendar_scenario_not_observed,winter_wheat_scenario,2016-10-12,2017-06-01,233,True,reused_external_strict,39,Corteva,era5loc_9ec703701638|2017,2017-148,,2017-06-01,left,True,False,,1.0,0.0,1.0,,True,2017-05-28,2017-06-01
99,corteva-2014-2018-external|2017-148|2017,corteva-2014-2018-external,2017-148,2017,era5loc_9ec703701638,DENMARK,55.3,11.4,2016-10-12,calendar_scenario_not_observed,winter_wheat_scenario,2016-10-12,2017-06-01,233,True,reused_external_strict,65,Corteva,era5loc_9ec703701638|2017,2017-148,2017-06-01,,right,True,False,,1.0,1.0,0.0,,True,,2017-06-01
99,corteva-2014-2018-external|2017-148|2017,corteva-2014-2018-external,2017-148,2017,era5loc_9ec703701638,DENMARK,55.3,11.4,2016-10-12,calendar_scenario_not_observed,winter_wheat_scenario,2016-10-12,2017-06-01,233,True,reused_external_strict,85,Corteva,era5loc_9ec703701638|2017,2017-148,2017-06-01,,right,True,False,,1.0,1.0,0.0,,True,,2017-06-01
100,corteva-2014-2018-external|2017-149|2017,corteva-2014-2018-external,2017-149,2017,era5loc_ac3e32c77013,FRANCE,50.2,2.4,2016-10-30,calendar_scenario_not_observed,winter_wheat_scenario,2016-10-30,2017-06-08,222,True,reused_external_strict,31,,,,,,none,False,False,no_archived_stage_constraint,,,,,False,2017-04-12,2017-06-08
100,corteva-2014-2018-external|2017-149|2017,corteva-2014-2018-external,2017-149,2017,era5loc_ac3e32c77013,FRANCE,50.2,2.4,2016-10-30,calendar_scenario_not_observed,winter_wheat_scenario,2016-10-30,2017-06-08,222,True,reused_external_strict,39,,,,,,none,False,False,no_archived_stage_constraint,,,,,False,2017-05-15,2017-06-08
100,corteva-2014-2018-external|2017-149|2017,corteva-2014-2018-external,2017-149,2017,era5loc_ac3e32c77013,FRANCE,50.2,2.4,2016-10-30,calendar_scenario_not_observed,winter_wheat_scenario,2016-10-30,2017-06-08,222,True,reused_external_strict,65,,,,,,none,False,False,no_archived_stage_constraint,,,,,False,2017-06-05,2017-06-08
100,corteva-2014-2018-external|2017-149|2017,corteva-2014-2018-external,2017-149,2017,era5loc_ac3e32c77013,FRANCE,50.2,2.4,2016-10-30,calendar_scenario_not_observed,winter_wheat_scenario,2016-10-30,2017-06-08,222,True,reused_external_strict,85,,,,,,none,False,False,no_archived_stage_constraint,,,,,False,,2017-06-08
101,corteva-2014-2018-external|2017-150|2017,corteva-2014-2018-external,2017-150,2017,era5loc_10922b9e995a,UNITED KINGDOM,52.2,-1.6,2016-10-30,calendar_scenario_not_observed,winter_wheat_scenario,2016-10-30,2017-06-23,237,True,reused_external_strict,31,Corteva,era5loc_10922b9e995a|2017,2017-150,,2017-06-01,left,True,False,,4.0,0.0,4.0,,True,2017-04-13,2017-06-23
101,corteva-2014-2018-external|2017-150|2017,corteva-2014-2018-external,2017-150,2017,era5loc_10922b9e995a,UNITED KINGDOM,52.2,-1.6,2016-10-30,calendar_scenario_not_observed,winter_wheat_scenario,2016-10-30,2017-06-23,237,True,reused_external_strict,39,Corteva,era5loc_10922b9e995a|2017,2017-150,,2017-06-01,left,True,False,,4.0,0.0,4.0,,True,2017-05-15,2017-06-23
101,corteva-2014-2018-external|2017-150|2017,corteva-2014-2018-external,2017-150,2017,era5loc_10922b9e995a,UNITED KINGDOM,52.2,-1.6,2016-10-30,calendar_scenario_not_observed,winter_wheat_scenario,2016-10-30,2017-06-23,237,True,reused_external_strict,65,Corteva,era5loc_10922b9e995a|2017,2017-150,2017-06-01,2017-06-08,interval,True,True,,4.0,1.0,3.0,7.0,True,2017-06-08,2017-06-23
101,corteva-2014-2018-external|2017-150|2017,corteva-2014-2018-external,2017-150,2017,era5loc_10922b9e995a,UNITED KINGDOM,52.2,-1.6,2016-10-30,calendar_scenario_not_observed,winter_wheat_scenario,2016-10-30,2017-06-23,237,True,reused_external_strict,85,Corteva,era5loc_10922b9e995a|2017,2017-150,2017-06-23,,right,True,False,,4.0,4.0,0.0,,True,,2017-06-23
102,corteva-2014-2018-external|2017-151|2017,corteva-2014-2018-external,2017-151,2017,era5loc_9ec703701638,DENMARK,55.3,11.4,2016-10-12,calendar_scenario_not_observed,winter_wheat_scenario,2016-10-12,2017-07-04,266,True,reused_external_strict,31,Corteva,era5loc_9ec703701638|2017,2017-151,,2017-05-17,left,True,False,,5.0,0.0,5.0,,True,2017-05-06,2017-07-04
102,corteva-2014-2018-external|2017-151|2017,corteva-2014-2018-external,2017-151,2017,era5loc_9ec703701638,DENMARK,55.3,11.4,2016-10-12,calendar_scenario_not_observed,winter_wheat_scenario,2016-10-12,2017-07-04,266,True,reused_external_strict,39,Corteva,era5loc_9ec703701638|2017,2017-151,2017-05-17,2017-05-31,interval,True,True,,5.0,1.0,4.0,14.0,True,2017-05-28,2017-07-04
102,corteva-2014-2018-external|2017-151|2017,corteva-2014-2018-external,2017-151,2017,era5loc_9ec703701638,DENMARK,55.3,11.4,2016-10-12,calendar_scenario_not_observed,winter_wheat_scenario,2016-10-12,2017-07-04,266,True,reused_external_strict,65,Corteva,era5loc_9ec703701638|2017,2017-151,2017-05-31,2017-06-13,interval,True,True,,5.0,2.0,3.0,13.0,True,2017-06-20,2017-07-04
102,corteva-2014-2018-external|2017-151|2017,corteva-2014-2018-external,2017-151,2017,era5loc_9ec703701638,DENMARK,55.3,11.4,2016-10-12,calendar_scenario_not_observed,winter_wheat_scenario,2016-10-12,2017-07-04,266,True,reused_external_strict,85,Corteva,era5loc_9ec703701638|2017,2017-151,2017-07-04,,right,True,False,,5.0,5.0,0.0,,True,,2017-07-04
103,corteva-2014-2018-external|2017-152|2017,corteva-2014-2018-external,2017-152,2017,era5loc_83d8fea92444,FRANCE,49.4,0.8,2016-10-30,calendar_scenario_not_observed,winter_wheat_scenario,2016-10-30,2017-06-27,241,True,reused_external_strict,31,Corteva,era5loc_83d8fea92444|2017,2017-152,,2017-05-03,left,True,False,,5.0,0.0,5.0,,True,2017-04-08,2017-06-27
103,corteva-2014-2018-external|2017-152|2017,corteva-2014-2018-external,2017-152,2017,era5loc_83d8fea92444,FRANCE,49.4,0.8,2016-10-30,calendar_scenario_not_observed,winter_wheat_scenario,2016-10-30,2017-06-27,241,True,reused_external_strict,39,Corteva,era5loc_83d8fea92444|2017,2017-152,2017-05-03,2017-05-10,interval,True,True,,5.0,1.0,4.0,7.0,True,2017-05-12,2017-06-27
103,corteva-2014-2018-external|2017-152|2017,corteva-2014-2018-external,2017-152,2017,era5loc_83d8fea92444,FRANCE,49.4,0.8,2016-10-30,calendar_scenario_not_observed,winter_wheat_scenario,2016-10-30,2017-06-27,241,True,reused_external_strict,65,Corteva,era5loc_83d8fea92444|2017,2017-152,2017-05-10,2017-05-30,interval,True,True,,5.0,2.0,3.0,20.0,True,2017-06-03,2017-06-27
103,corteva-2014-2018-external|2017-152|2017,corteva-2014-2018-external,2017-152,2017,era5loc_83d8fea92444,FRANCE,49.4,0.8,2016-10-30,calendar_scenario_not_observed,winter_wheat_scenario,2016-10-30,2017-06-27,241,True,reused_external_strict,85,Corteva,era5loc_83d8fea92444|2017,2017-152,2017-06-27,,right,True,False,,5.0,5.0,0.0,,True,,2017-06-27
104,corteva-2014-2018-external|2017-153|2017,corteva-2014-2018-external,2017-153,2017,era5loc_0a75763dbaf3,UNITED KINGDOM,52.2,-2.9,2016-10-30,calendar_scenario_not_observed,winter_wheat_scenario,2016-10-30,2017-07-04,248,True,reused_external_strict,31,Corteva,era5loc_0a75763dbaf3|2017,2017-153,,2017-05-08,left,True,False,,5.0,0.0,5.0,,True,2017-04-20,2017-07-04
104,corteva-2014-2018-external|2017-153|2017,corteva-2014-2018-external,2017-153,2017,era5loc_0a75763dbaf3,UNITED KINGDOM,52.2,-2.9,2016-10-30,calendar_scenario_not_observed,winter_wheat_scenario,2016-10-30,2017-07-04,248,True,reused_external_strict,39,Corteva,era5loc_0a75763dbaf3|2017,2017-153,2017-05-15,2017-06-02,interval,True,True,,5.0,2.0,3.0,18.0,True,2017-05-21,2017-07-04
104,corteva-2014-2018-external|2017-153|2017,corteva-2014-2018-external,2017-153,2017,era5loc_0a75763dbaf3,UNITED KINGDOM,52.2,-2.9,2016-10-30,calendar_scenario_not_observed,winter_wheat_scenario,2016-10-30,2017-07-04,248,True,reused_external_strict,65,Corteva,era5loc_0a75763dbaf3|2017,2017-153,2017-06-02,2017-06-30,interval,True,True,,5.0,3.0,2.0,28.0,True,2017-06-15,2017-07-04
104,corteva-2014-2018-external|2017-153|2017,corteva-2014-2018-external,2017-153,2017,era5loc_0a75763dbaf3,UNITED KINGDOM,52.2,-2.9,2016-10-30,calendar_scenario_not_observed,winter_wheat_scenario,2016-10-30,2017-07-04,248,True,reused_external_strict,85,Corteva,era5loc_0a75763dbaf3|2017,2017-153,2017-07-04,,right,True,False,,5.0,5.0,0.0,,True,,2017-07-04
105,corteva-2014-2018-external|2017-154|2017,corteva-2014-2018-external,2017-154,2017,era5loc_06b87a47fb78,IRELAND,52.9,-6.9,2016-10-31,calendar_scenario_not_observed,winter_wheat_scenario,2016-10-31,2017-07-03,246,True,reused_external_strict,31,,,,,,none,False,False,no_archived_stage_constraint,,,,,False,2017-04-14,2017-07-03
105,corteva-2014-2018-external|2017-154|2017,corteva-2014-2018-external,2017-154,2017,era5loc_06b87a47fb78,IRELAND,52.9,-6.9,2016-10-31,calendar_scenario_not_observed,winter_wheat_scenario,2016-10-31,2017-07-03,246,True,reused_external_strict,39,,,,,,none,False,False,no_archived_stage_constraint,,,,,False,2017-05-15,2017-07-03
105,corteva-2014-2018-external|2017-154|2017,corteva-2014-2018-external,2017-154,2017,era5loc_06b87a47fb78,IRELAND,52.9,-6.9,2016-10-31,calendar_scenario_not_observed,winter_wheat_scenario,2016-10-31,2017-07-03,246,True,reused_external_strict,65,,,,,,none,False,False,no_archived_stage_constraint,,,,,False,2017-06-12,2017-07-03
105,corteva-2014-2018-external|2017-154|2017,corteva-2014-2018-external,2017-154,2017,era5loc_06b87a47fb78,IRELAND,52.9,-6.9,2016-10-31,calendar_scenario_not_observed,winter_wheat_scenario,2016-10-31,2017-07-03,246,True,reused_external_strict,85,,,,,,none,False,False,no_archived_stage_constraint,,,,,False,,2017-07-03
106,corteva-2014-2018-external|2018-157|2018,corteva-2014-2018-external,2018-157,2018,era5loc_4e98f2286742,FRANCE,49.8,3.0,2017-10-31,calendar_scenario_not_observed,winter_wheat_scenario,2017-10-31,2018-06-28,241,True,reused_external_strict,31,Corteva,era5loc_4e98f2286742|2018,2018-157,,2018-05-22,left,True,False,,2.0,0.0,2.0,,True,2018-04-18,2018-06-28
106,corteva-2014-2018-external|2018-157|2018,corteva-2014-2018-external,2018-157,2018,era5loc_4e98f2286742,FRANCE,49.8,3.0,2017-10-31,calendar_scenario_not_observed,winter_wheat_scenario,2017-10-31,2018-06-28,241,True,reused_external_strict,39,Corteva,era5loc_4e98f2286742|2018,2018-157,,2018-05-22,left,True,False,,2.0,0.0,2.0,,True,2018-05-10,2018-06-28
106,corteva-2014-2018-external|2018-157|2018,corteva-2014-2018-external,2018-157,2018,era5loc_4e98f2286742,FRANCE,49.8,3.0,2017-10-31,calendar_scenario_not_observed,winter_wheat_scenario,2017-10-31,2018-06-28,241,True,reused_external_strict,65,Corteva,era5loc_4e98f2286742|2018,2018-157,2018-06-06,,right,True,False,,2.0,2.0,0.0,,True,2018-06-02,2018-06-28
106,corteva-2014-2018-external|2018-157|2018,corteva-2014-2018-external,2018-157,2018,era5loc_4e98f2286742,FRANCE,49.8,3.0,2017-10-31,calendar_scenario_not_observed,winter_wheat_scenario,2017-10-31,2018-06-28,241,True,reused_external_strict,85,Corteva,era5loc_4e98f2286742|2018,2018-157,2018-06-06,,right,True,False,,2.0,2.0,0.0,,True,,2018-06-28
107,corteva-2014-2018-external|2018-158|2018,corteva-2014-2018-external,2018-158,2018,era5loc_37b55ea540c2,DENMARK,55.5,11.9,2017-10-13,calendar_scenario_not_observed,winter_wheat_scenario,2017-10-13,2018-06-25,256,True,reused_external_strict,31,Corteva,era5loc_37b55ea540c2|2018,2018-158,,2018-06-12,left,True,False,,2.0,0.0,2.0,,True,2018-05-07,2018-06-25
107,corteva-2014-2018-external|2018-158|2018,corteva-2014-2018-external,2018-158,2018,era5loc_37b55ea540c2,DENMARK,55.5,11.9,2017-10-13,calendar_scenario_not_observed,winter_wheat_scenario,2017-10-13,2018-06-25,256,True,reused_external_strict,39,Corteva,era5loc_37b55ea540c2|2018,2018-158,,2018-06-12,left,True,False,,2.0,0.0,2.0,,True,2018-05-25,2018-06-25
107,corteva-2014-2018-external|2018-158|2018,corteva-2014-2018-external,2018-158,2018,era5loc_37b55ea540c2,DENMARK,55.5,11.9,2017-10-13,calendar_scenario_not_observed,winter_wheat_scenario,2017-10-13,2018-06-25,256,True,reused_external_strict,65,Corteva,era5loc_37b55ea540c2|2018,2018-158,,2018-06-12,left,True,False,,2.0,0.0,2.0,,True,2018-06-14,2018-06-25
107,corteva-2014-2018-external|2018-158|2018,corteva-2014-2018-external,2018-158,2018,era5loc_37b55ea540c2,DENMARK,55.5,11.9,2017-10-13,calendar_scenario_not_observed,winter_wheat_scenario,2017-10-13,2018-06-25,256,True,reused_external_strict,85,Corteva,era5loc_37b55ea540c2|2018,2018-158,2018-06-25,,right,True,False,,2.0,2.0,0.0,,True,,2018-06-25
108,corteva-2014-2018-external|2018-159|2018,corteva-2014-2018-external,2018-159,2018,era5loc_5e6d20c69e16,GERMANY,53.8,10.4,2017-10-01,calendar_scenario_not_observed,winter_wheat_scenario,2017-10-01,2018-06-04,247,True,reused_external_strict,31,Corteva,era5loc_5e6d20c69e16|2018,2018-159,,2018-06-04,left,True,False,,1.0,0.0,1.0,,True,2018-04-25,2018-06-04
108,corteva-2014-2018-external|2018-159|2018,corteva-2014-2018-external,2018-159,2018,era5loc_5e6d20c69e16,GERMANY,53.8,10.4,2017-10-01,calendar_scenario_not_observed,winter_wheat_scenario,2017-10-01,2018-06-04,247,True,reused_external_strict,39,Corteva,era5loc_5e6d20c69e16|2018,2018-159,,2018-06-04,left,True,False,,1.0,0.0,1.0,,True,2018-05-16,2018-06-04
108,corteva-2014-2018-external|2018-159|2018,corteva-2014-2018-external,2018-159,2018,era5loc_5e6d20c69e16,GERMANY,53.8,10.4,2017-10-01,calendar_scenario_not_observed,winter_wheat_scenario,2017-10-01,2018-06-04,247,True,reused_external_strict,65,Corteva,era5loc_5e6d20c69e16|2018,2018-159,,2018-06-04,left,True,False,,1.0,0.0,1.0,,True,,2018-06-04
108,corteva-2014-2018-external|2018-159|2018,corteva-2014-2018-external,2018-159,2018,era5loc_5e6d20c69e16,GERMANY,53.8,10.4,2017-10-01,calendar_scenario_not_observed,winter_wheat_scenario,2017-10-01,2018-06-04,247,True,reused_external_strict,85,Corteva,era5loc_5e6d20c69e16|2018,2018-159,2018-06-04,,right,True,False,,1.0,1.0,0.0,,True,,2018-06-04
109,corteva-2014-2018-external|2018-160|2018,corteva-2014-2018-external,2018-160,2018,era5loc_1c001582d1e8,GERMANY,53.7,10.4,2017-10-01,calendar_scenario_not_observed,winter_wheat_scenario,2017-10-01,2018-05-17,229,True,reused_external_strict,31,Corteva,era5loc_1c001582d1e8|2018,2018-160,,2018-05-17,left,True,False,,1.0,0.0,1.0,,True,2018-04-25,2018-05-17
109,corteva-2014-2018-external|2018-160|2018,corteva-2014-2018-external,2018-160,2018,era5loc_1c001582d1e8,GERMANY,53.7,10.4,2017-10-01,calendar_scenario_not_observed,winter_wheat_scenario,2017-10-01,2018-05-17,229,True,reused_external_strict,39,Corteva,era5loc_1c001582d1e8|2018,2018-160,,2018-05-17,left,True,False,,1.0,0.0,1.0,,True,2018-05-16,2018-05-17
109,corteva-2014-2018-external|2018-160|2018,corteva-2014-2018-external,2018-160,2018,era5loc_1c001582d1e8,GERMANY,53.7,10.4,2017-10-01,calendar_scenario_not_observed,winter_wheat_scenario,2017-10-01,2018-05-17,229,True,reused_external_strict,65,Corteva,era5loc_1c001582d1e8|2018,2018-160,2018-05-17,,right,True,False,,1.0,1.0,0.0,,True,,2018-05-17
109,corteva-2014-2018-external|2018-160|2018,corteva-2014-2018-external,2018-160,2018,era5loc_1c001582d1e8,GERMANY,53.7,10.4,2017-10-01,calendar_scenario_not_observed,winter_wheat_scenario,2017-10-01,2018-05-17,229,True,reused_external_strict,85,Corteva,era5loc_1c001582d1e8|2018,2018-160,2018-05-17,,right,True,False,,1.0,1.0,0.0,,True,,2018-05-17
110,corteva-2014-2018-external|2018-161|2018,corteva-2014-2018-external,2018-161,2018,era5loc_86d14c866fc7,UNITED KINGDOM,52.1,-4.6,2017-10-31,calendar_scenario_not_observed,winter_wheat_scenario,2017-10-31,2018-07-05,248,True,reused_external_strict,31,Corteva,era5loc_86d14c866fc7|2018,2018-161,,2018-06-15,left,True,False,,3.0,0.0,3.0,,True,2018-04-19,2018-07-05
110,corteva-2014-2018-external|2018-161|2018,corteva-2014-2018-external,2018-161,2018,era5loc_86d14c866fc7,UNITED KINGDOM,52.1,-4.6,2017-10-31,calendar_scenario_not_observed,winter_wheat_scenario,2017-10-31,2018-07-05,248,True,reused_external_strict,39,Corteva,era5loc_86d14c866fc7|2018,2018-161,,2018-06-15,left,True,False,,3.0,0.0,3.0,,True,2018-05-18,2018-07-05
110,corteva-2014-2018-external|2018-161|2018,corteva-2014-2018-external,2018-161,2018,era5loc_86d14c866fc7,UNITED KINGDOM,52.1,-4.6,2017-10-31,calendar_scenario_not_observed,winter_wheat_scenario,2017-10-31,2018-07-05,248,True,reused_external_strict,65,Corteva,era5loc_86d14c866fc7|2018,2018-161,2018-06-15,2018-06-26,interval,True,True,,3.0,1.0,2.0,11.0,True,2018-06-10,2018-07-05
110,corteva-2014-2018-external|2018-161|2018,corteva-2014-2018-external,2018-161,2018,era5loc_86d14c866fc7,UNITED KINGDOM,52.1,-4.6,2017-10-31,calendar_scenario_not_observed,winter_wheat_scenario,2017-10-31,2018-07-05,248,True,reused_external_strict,85,Corteva,era5loc_86d14c866fc7|2018,2018-161,2018-07-05,,right,True,False,,3.0,3.0,0.0,,True,,2018-07-05
111,corteva-2014-2018-external|2018-162|2018,corteva-2014-2018-external,2018-162,2018,era5loc_2a1c91560f0e,GERMANY,49.1,9.0,2017-10-01,calendar_scenario_not_observed,winter_wheat_scenario,2017-10-01,2018-06-26,269,True,reused_external_strict,31,Corteva,era5loc_2a1c91560f0e|2018,2018-162,,2018-05-18,left,True,False,,4.0,0.0,4.0,,True,2018-04-16,2018-06-26
111,corteva-2014-2018-external|2018-162|2018,corteva-2014-2018-external,2018-162,2018,era5loc_2a1c91560f0e,GERMANY,49.1,9.0,2017-10-01,calendar_scenario_not_observed,winter_wheat_scenario,2017-10-01,2018-06-26,269,True,reused_external_strict,39,Corteva,era5loc_2a1c91560f0e|2018,2018-162,,2018-05-18,left,True,False,,4.0,0.0,4.0,,True,2018-05-06,2018-06-26
111,corteva-2014-2018-external|2018-162|2018,corteva-2014-2018-external,2018-162,2018,era5loc_2a1c91560f0e,GERMANY,49.1,9.0,2017-10-01,calendar_scenario_not_observed,winter_wheat_scenario,2017-10-01,2018-06-26,269,True,reused_external_strict,65,Corteva,era5loc_2a1c91560f0e|2018,2018-162,2018-05-18,2018-06-04,interval,True,True,,4.0,1.0,3.0,17.0,True,2018-05-28,2018-06-26
111,corteva-2014-2018-external|2018-162|2018,corteva-2014-2018-external,2018-162,2018,era5loc_2a1c91560f0e,GERMANY,49.1,9.0,2017-10-01,calendar_scenario_not_observed,winter_wheat_scenario,2017-10-01,2018-06-26,269,True,reused_external_strict,85,Corteva,era5loc_2a1c91560f0e|2018,2018-162,2018-06-26,,right,True,False,,4.0,4.0,0.0,,True,,2018-06-26
112,corteva-2014-2018-external|2018-163|2018,corteva-2014-2018-external,2018-163,2018,era5loc_00eea7e0108c,GERMANY,50.4,8.2,2017-10-01,calendar_scenario_not_observed,winter_wheat_scenario,2017-10-01,2018-06-23,266,True,reused_external_strict,31,Corteva,era5loc_00eea7e0108c|2018,2018-163,,2018-05-24,left,True,False,,3.0,0.0,3.0,,True,2018-04-20,2018-06-23
112,corteva-2014-2018-external|2018-163|2018,corteva-2014-2018-external,2018-163,2018,era5loc_00eea7e0108c,GERMANY,50.4,8.2,2017-10-01,calendar_scenario_not_observed,winter_wheat_scenario,2017-10-01,2018-06-23,266,True,reused_external_strict,39,Corteva,era5loc_00eea7e0108c|2018,2018-163,,2018-05-24,left,True,False,,3.0,0.0,3.0,,True,2018-05-12,2018-06-23
112,corteva-2014-2018-external|2018-163|2018,corteva-2014-2018-external,2018-163,2018,era5loc_00eea7e0108c,GERMANY,50.4,8.2,2017-10-01,calendar_scenario_not_observed,winter_wheat_scenario,2017-10-01,2018-06-23,266,True,reused_external_strict,65,Corteva,era5loc_00eea7e0108c|2018,2018-163,2018-05-24,2018-06-09,interval,True,True,,3.0,1.0,2.0,16.0,True,2018-06-02,2018-06-23
112,corteva-2014-2018-external|2018-163|2018,corteva-2014-2018-external,2018-163,2018,era5loc_00eea7e0108c,GERMANY,50.4,8.2,2017-10-01,calendar_scenario_not_observed,winter_wheat_scenario,2017-10-01,2018-06-23,266,True,reused_external_strict,85,Corteva,era5loc_00eea7e0108c|2018,2018-163,2018-06-23,,right,True,False,,3.0,3.0,0.0,,True,,2018-06-23
113,corteva-2014-2018-external|2018-164|2018,corteva-2014-2018-external,2018-164,2018,era5loc_1265910a73e5,GERMANY,52.3,10.0,2017-10-01,calendar_scenario_not_observed,winter_wheat_scenario,2017-10-01,2018-06-21,264,True,reused_external_strict,31,Corteva,era5loc_1265910a73e5|2018,2018-164,,2018-05-23,left,True,False,,3.0,0.0,3.0,,True,2018-04-19,2018-06-21
113,corteva-2014-2018-external|2018-164|2018,corteva-2014-2018-external,2018-164,2018,era5loc_1265910a73e5,GERMANY,52.3,10.0,2017-10-01,calendar_scenario_not_observed,winter_wheat_scenario,2017-10-01,2018-06-21,264,True,reused_external_strict,39,Corteva,era5loc_1265910a73e5|2018,2018-164,,2018-05-23,left,True,False,,3.0,0.0,3.0,,True,2018-05-11,2018-06-21
113,corteva-2014-2018-external|2018-164|2018,corteva-2014-2018-external,2018-164,2018,era5loc_1265910a73e5,GERMANY,52.3,10.0,2017-10-01,calendar_scenario_not_observed,winter_wheat_scenario,2017-10-01,2018-06-21,264,True,reused_external_strict,65,Corteva,era5loc_1265910a73e5|2018,2018-164,2018-06-08,2018-06-21,interval,True,True,,3.0,2.0,1.0,13.0,True,2018-05-31,2018-06-21
113,corteva-2014-2018-external|2018-164|2018,corteva-2014-2018-external,2018-164,2018,era5loc_1265910a73e5,GERMANY,52.3,10.0,2017-10-01,calendar_scenario_not_observed,winter_wheat_scenario,2017-10-01,2018-06-21,264,True,reused_external_strict,85,Corteva,era5loc_1265910a73e5|2018,2018-164,2018-06-21,,right,True,False,,3.0,3.0,0.0,,True,,2018-06-21
114,corteva-2014-2018-external|2018-165|2018,corteva-2014-2018-external,2018-165,2018,era5loc_97c42414dde1,GERMANY,54.4,9.9,2017-10-01,calendar_scenario_not_observed,winter_wheat_scenario,2017-10-01,2018-06-27,270,True,reused_external_strict,31,Corteva,era5loc_97c42414dde1|2018,2018-165,,2018-06-12,left,True,False,,2.0,0.0,2.0,,True,2018-04-30,2018-06-27
114,corteva-2014-2018-external|2018-165|2018,corteva-2014-2018-external,2018-165,2018,era5loc_97c42414dde1,GERMANY,54.4,9.9,2017-10-01,calendar_scenario_not_observed,winter_wheat_scenario,2017-10-01,2018-06-27,270,True,reused_external_strict,39,Corteva,era5loc_97c42414dde1|2018,2018-165,,2018-06-12,left,True,False,,2.0,0.0,2.0,,True,2018-05-21,2018-06-27
114,corteva-2014-2018-external|2018-165|2018,corteva-2014-2018-external,2018-165,2018,era5loc_97c42414dde1,GERMANY,54.4,9.9,2017-10-01,calendar_scenario_not_observed,winter_wheat_scenario,2017-10-01,2018-06-27,270,True,reused_external_strict,65,Corteva,era5loc_97c42414dde1|2018,2018-165,,2018-06-12,left,True,False,,2.0,0.0,2.0,,True,2018-06-10,2018-06-27
114,corteva-2014-2018-external|2018-165|2018,corteva-2014-2018-external,2018-165,2018,era5loc_97c42414dde1,GERMANY,54.4,9.9,2017-10-01,calendar_scenario_not_observed,winter_wheat_scenario,2017-10-01,2018-06-27,270,True,reused_external_strict,85,Corteva,era5loc_97c42414dde1|2018,2018-165,2018-06-27,,right,True,False,,2.0,2.0,0.0,,True,,2018-06-27
115,corteva-2014-2018-external|2018-166|2018,corteva-2014-2018-external,2018-166,2018,era5loc_a8819305ac0f,UNITED KINGDOM,52.1,-2.5,2017-10-31,calendar_scenario_not_observed,winter_wheat_scenario,2017-10-31,2018-06-28,241,True,reused_external_strict,31,Corteva,era5loc_a8819305ac0f|2018,2018-166,,2018-06-13,left,True,False,,2.0,0.0,2.0,,True,2018-04-22,2018-06-28
115,corteva-2014-2018-external|2018-166|2018,corteva-2014-2018-external,2018-166,2018,era5loc_a8819305ac0f,UNITED KINGDOM,52.1,-2.5,2017-10-31,calendar_scenario_not_observed,winter_wheat_scenario,2017-10-31,2018-06-28,241,True,reused_external_strict,39,Corteva,era5loc_a8819305ac0f|2018,2018-166,,2018-06-13,left,True,False,,2.0,0.0,2.0,,True,2018-05-19,2018-06-28
115,corteva-2014-2018-external|2018-166|2018,corteva-2014-2018-external,2018-166,2018,era5loc_a8819305ac0f,UNITED KINGDOM,52.1,-2.5,2017-10-31,calendar_scenario_not_observed,winter_wheat_scenario,2017-10-31,2018-06-28,241,True,reused_external_strict,65,Corteva,era5loc_a8819305ac0f|2018,2018-166,,2018-06-13,left,True,False,,2.0,0.0,2.0,,True,2018-06-11,2018-06-28
115,corteva-2014-2018-external|2018-166|2018,corteva-2014-2018-external,2018-166,2018,era5loc_a8819305ac0f,UNITED KINGDOM,52.1,-2.5,2017-10-31,calendar_scenario_not_observed,winter_wheat_scenario,2017-10-31,2018-06-28,241,True,reused_external_strict,85,Corteva,era5loc_a8819305ac0f|2018,2018-166,2018-06-28,,right,True,False,,2.0,2.0,0.0,,True,,2018-06-28
116,corteva-2014-2018-external|2018-167|2018,corteva-2014-2018-external,2018-167,2018,era5loc_8c3d66928dac,UNITED KINGDOM,52.2,-2.8,2017-10-31,calendar_scenario_not_observed,winter_wheat_scenario,2017-10-31,2018-07-13,256,True,reused_external_strict,31,Corteva,era5loc_8c3d66928dac|2018,2018-167,,2018-06-13,left,True,False,,3.0,0.0,3.0,,True,2018-04-27,2018-07-13
116,corteva-2014-2018-external|2018-167|2018,corteva-2014-2018-external,2018-167,2018,era5loc_8c3d66928dac,UNITED KINGDOM,52.2,-2.8,2017-10-31,calendar_scenario_not_observed,winter_wheat_scenario,2017-10-31,2018-07-13,256,True,reused_external_strict,39,Corteva,era5loc_8c3d66928dac|2018,2018-167,,2018-06-13,left,True,False,,3.0,0.0,3.0,,True,2018-05-23,2018-07-13
116,corteva-2014-2018-external|2018-167|2018,corteva-2014-2018-external,2018-167,2018,era5loc_8c3d66928dac,UNITED KINGDOM,52.2,-2.8,2017-10-31,calendar_scenario_not_observed,winter_wheat_scenario,2017-10-31,2018-07-13,256,True,reused_external_strict,65,Corteva,era5loc_8c3d66928dac|2018,2018-167,,2018-06-13,left,True,False,,3.0,0.0,3.0,,True,2018-06-15,2018-07-13
116,corteva-2014-2018-external|2018-167|2018,corteva-2014-2018-external,2018-167,2018,era5loc_8c3d66928dac,UNITED KINGDOM,52.2,-2.8,2017-10-31,calendar_scenario_not_observed,winter_wheat_scenario,2017-10-31,2018-07-13,256,True,reused_external_strict,85,Corteva,era5loc_8c3d66928dac|2018,2018-167,2018-07-13,,right,True,False,,3.0,3.0,0.0,,True,,2018-07-13
117,corteva-2014-2018-external|2018-168|2018,corteva-2014-2018-external,2018-168,2018,era5loc_8c3d66928dac,UNITED KINGDOM,52.2,-2.8,2017-10-31,calendar_scenario_not_observed,winter_wheat_scenario,2017-10-31,2018-07-16,259,True,reused_external_strict,31,Corteva,era5loc_8c3d66928dac|2018,2018-168,,2018-06-20,left,True,False,,3.0,0.0,3.0,,True,2018-04-27,2018-07-16
117,corteva-2014-2018-external|2018-168|2018,corteva-2014-2018-external,2018-168,2018,era5loc_8c3d66928dac,UNITED KINGDOM,52.2,-2.8,2017-10-31,calendar_scenario_not_observed,winter_wheat_scenario,2017-10-31,2018-07-16,259,True,reused_external_strict,39,Corteva,era5loc_8c3d66928dac|2018,2018-168,,2018-06-20,left,True,False,,3.0,0.0,3.0,,True,2018-05-23,2018-07-16
117,corteva-2014-2018-external|2018-168|2018,corteva-2014-2018-external,2018-168,2018,era5loc_8c3d66928dac,UNITED KINGDOM,52.2,-2.8,2017-10-31,calendar_scenario_not_observed,winter_wheat_scenario,2017-10-31,2018-07-16,259,True,reused_external_strict,65,Corteva,era5loc_8c3d66928dac|2018,2018-168,,2018-06-20,left,True,False,,3.0,0.0,3.0,,True,2018-06-15,2018-07-16
117,corteva-2014-2018-external|2018-168|2018,corteva-2014-2018-external,2018-168,2018,era5loc_8c3d66928dac,UNITED KINGDOM,52.2,-2.8,2017-10-31,calendar_scenario_not_observed,winter_wheat_scenario,2017-10-31,2018-07-16,259,True,reused_external_strict,85,Corteva,era5loc_8c3d66928dac|2018,2018-168,2018-07-06,2018-07-16,interval,True,True,,3.0,2.0,1.0,10.0,True,,2018-07-16
118,corteva-2014-2018-external|2018-169|2018,corteva-2014-2018-external,2018-169,2018,era5loc_6039c33fd660,UNITED KINGDOM,53.1,-0.3,2017-10-31,calendar_scenario_not_observed,winter_wheat_scenario,2017-10-31,2018-06-15,228,True,reused_external_strict,31,Corteva,era5loc_6039c33fd660|2018,2018-169,,2018-06-15,left,True,False,,1.0,0.0,1.0,,True,2018-04-23,2018-06-15
118,corteva-2014-2018-external|2018-169|2018,corteva-2014-2018-external,2018-169,2018,era5loc_6039c33fd660,UNITED KINGDOM,53.1,-0.3,2017-10-31,calendar_scenario_not_observed,winter_wheat_scenario,2017-10-31,2018-06-15,228,True,reused_external_strict,39,Corteva,era5loc_6039c33fd660|2018,2018-169,,2018-06-15,left,True,False,,1.0,0.0,1.0,,True,2018-05-18,2018-06-15
118,corteva-2014-2018-external|2018-169|2018,corteva-2014-2018-external,2018-169,2018,era5loc_6039c33fd660,UNITED KINGDOM,53.1,-0.3,2017-10-31,calendar_scenario_not_observed,winter_wheat_scenario,2017-10-31,2018-06-15,228,True,reused_external_strict,65,Corteva,era5loc_6039c33fd660|2018,2018-169,2018-06-15,,right,True,False,,1.0,1.0,0.0,,True,2018-06-12,2018-06-15
118,corteva-2014-2018-external|2018-169|2018,corteva-2014-2018-external,2018-169,2018,era5loc_6039c33fd660,UNITED KINGDOM,53.1,-0.3,2017-10-31,calendar_scenario_not_observed,winter_wheat_scenario,2017-10-31,2018-06-15,228,True,reused_external_strict,85,Corteva,era5loc_6039c33fd660|2018,2018-169,2018-06-15,,right,True,False,,1.0,1.0,0.0,,True,,2018-06-15
119,corteva-2014-2018-external|2018-170|2018,corteva-2014-2018-external,2018-170,2018,era5loc_c2b56bbc5b96,FRANCE,49.7,3.3,2017-10-31,calendar_scenario_not_observed,winter_wheat_scenario,2017-10-31,2018-06-25,238,True,reused_external_strict,31,Corteva,era5loc_c2b56bbc5b96|2018,2018-170,,2018-05-31,left,True,False,,3.0,0.0,3.0,,True,2018-04-18,2018-06-25
119,corteva-2014-2018-external|2018-170|2018,corteva-2014-2018-external,2018-170,2018,era5loc_c2b56bbc5b96,FRANCE,49.7,3.3,2017-10-31,calendar_scenario_not_observed,winter_wheat_scenario,2017-10-31,2018-06-25,238,True,reused_external_strict,39,Corteva,era5loc_c2b56bbc5b96|2018,2018-170,,2018-05-31,left,True,False,,3.0,0.0,3.0,,True,2018-05-10,2018-06-25
119,corteva-2014-2018-external|2018-170|2018,corteva-2014-2018-external,2018-170,2018,era5loc_c2b56bbc5b96,FRANCE,49.7,3.3,2017-10-31,calendar_scenario_not_observed,winter_wheat_scenario,2017-10-31,2018-06-25,238,True,reused_external_strict,65,Corteva,era5loc_c2b56bbc5b96|2018,2018-170,,2018-05-31,left,True,False,,3.0,0.0,3.0,,True,2018-06-02,2018-06-25
119,corteva-2014-2018-external|2018-170|2018,corteva-2014-2018-external,2018-170,2018,era5loc_c2b56bbc5b96,FRANCE,49.7,3.3,2017-10-31,calendar_scenario_not_observed,winter_wheat_scenario,2017-10-31,2018-06-25,238,True,reused_external_strict,85,Corteva,era5loc_c2b56bbc5b96|2018,2018-170,2018-06-25,,right,True,False,,3.0,3.0,0.0,,True,,2018-06-25
120,corteva-2014-2018-external|2018-171|2018,corteva-2014-2018-external,2018-171,2018,era5loc_9c32d3d6e61d,UNITED KINGDOM,51.5,0.3,2017-10-31,calendar_scenario_not_observed,winter_wheat_scenario,2017-10-31,2018-06-27,240,True,reused_external_strict,31,Corteva,era5loc_9c32d3d6e61d|2018,2018-171,,2018-05-10,left,True,False,,3.0,0.0,3.0,,True,2018-04-19,2018-06-27
120,corteva-2014-2018-external|2018-171|2018,corteva-2014-2018-external,2018-171,2018,era5loc_9c32d3d6e61d,UNITED KINGDOM,51.5,0.3,2017-10-31,calendar_scenario_not_observed,winter_wheat_scenario,2017-10-31,2018-06-27,240,True,reused_external_strict,39,Corteva,era5loc_9c32d3d6e61d|2018,2018-171,2018-05-10,2018-06-11,interval,True,True,,3.0,1.0,2.0,32.0,True,2018-05-14,2018-06-27
120,corteva-2014-2018-external|2018-171|2018,corteva-2014-2018-external,2018-171,2018,era5loc_9c32d3d6e61d,UNITED KINGDOM,51.5,0.3,2017-10-31,calendar_scenario_not_observed,winter_wheat_scenario,2017-10-31,2018-06-27,240,True,reused_external_strict,65,Corteva,era5loc_9c32d3d6e61d|2018,2018-171,2018-05-10,2018-06-11,interval,True,True,,3.0,1.0,2.0,32.0,True,2018-06-07,2018-06-27
120,corteva-2014-2018-external|2018-171|2018,corteva-2014-2018-external,2018-171,2018,era5loc_9c32d3d6e61d,UNITED KINGDOM,51.5,0.3,2017-10-31,calendar_scenario_not_observed,winter_wheat_scenario,2017-10-31,2018-06-27,240,True,reused_external_strict,85,Corteva,era5loc_9c32d3d6e61d|2018,2018-171,2018-06-27,,right,True,False,,3.0,3.0,0.0,,True,,2018-06-27
121,corteva-2014-2018-external|2018-172|2018,corteva-2014-2018-external,2018-172,2018,era5loc_8c3d66928dac,UNITED KINGDOM,52.2,-2.8,2017-10-31,calendar_scenario_not_observed,winter_wheat_scenario,2017-10-31,2018-07-16,259,True,reused_external_strict,31,Corteva,era5loc_8c3d66928dac|2018,2018-172,,2018-06-17,left,True,False,,4.0,0.0,4.0,,True,2018-04-27,2018-07-16
121,corteva-2014-2018-external|2018-172|2018,corteva-2014-2018-external,2018-172,2018,era5loc_8c3d66928dac,UNITED KINGDOM,52.2,-2.8,2017-10-31,calendar_scenario_not_observed,winter_wheat_scenario,2017-10-31,2018-07-16,259,True,reused_external_strict,39,Corteva,era5loc_8c3d66928dac|2018,2018-172,,2018-06-17,left,True,False,,4.0,0.0,4.0,,True,2018-05-23,2018-07-16
121,corteva-2014-2018-external|2018-172|2018,corteva-2014-2018-external,2018-172,2018,era5loc_8c3d66928dac,UNITED KINGDOM,52.2,-2.8,2017-10-31,calendar_scenario_not_observed,winter_wheat_scenario,2017-10-31,2018-07-16,259,True,reused_external_strict,65,Corteva,era5loc_8c3d66928dac|2018,2018-172,,2018-06-17,left,True,False,,4.0,0.0,4.0,,True,2018-06-15,2018-07-16
121,corteva-2014-2018-external|2018-172|2018,corteva-2014-2018-external,2018-172,2018,era5loc_8c3d66928dac,UNITED KINGDOM,52.2,-2.8,2017-10-31,calendar_scenario_not_observed,winter_wheat_scenario,2017-10-31,2018-07-16,259,True,reused_external_strict,85,Corteva,era5loc_8c3d66928dac|2018,2018-172,2018-07-09,2018-07-16,interval,True,True,,4.0,3.0,1.0,7.0,True,,2018-07-16
122,corteva-2014-2018-external|2018-173|2018,corteva-2014-2018-external,2018-173,2018,era5loc_d589ecc09d9b,UNITED KINGDOM,52.6,-0.3,2017-10-31,calendar_scenario_not_observed,winter_wheat_scenario,2017-10-31,2018-06-25,238,True,reused_external_strict,31,Corteva,era5loc_d589ecc09d9b|2018,2018-173,,2018-06-12,left,True,False,,2.0,0.0,2.0,,True,2018-04-22,2018-06-25
122,corteva-2014-2018-external|2018-173|2018,corteva-2014-2018-external,2018-173,2018,era5loc_d589ecc09d9b,UNITED KINGDOM,52.6,-0.3,2017-10-31,calendar_scenario_not_observed,winter_wheat_scenario,2017-10-31,2018-06-25,238,True,reused_external_strict,39,Corteva,era5loc_d589ecc09d9b|2018,2018-173,,2018-06-12,left,True,False,,2.0,0.0,2.0,,True,2018-05-16,2018-06-25
122,corteva-2014-2018-external|2018-173|2018,corteva-2014-2018-external,2018-173,2018,era5loc_d589ecc09d9b,UNITED KINGDOM,52.6,-0.3,2017-10-31,calendar_scenario_not_observed,winter_wheat_scenario,2017-10-31,2018-06-25,238,True,reused_external_strict,65,Corteva,era5loc_d589ecc09d9b|2018,2018-173,2018-06-12,2018-06-25,interval,True,True,,2.0,1.0,1.0,13.0,True,2018-06-10,2018-06-25
122,corteva-2014-2018-external|2018-173|2018,corteva-2014-2018-external,2018-173,2018,era5loc_d589ecc09d9b,UNITED KINGDOM,52.6,-0.3,2017-10-31,calendar_scenario_not_observed,winter_wheat_scenario,2017-10-31,2018-06-25,238,True,reused_external_strict,85,Corteva,era5loc_d589ecc09d9b|2018,2018-173,2018-06-25,,right,True,False,,2.0,2.0,0.0,,True,,2018-06-25
123,corteva-2014-2018-external|2018-174|2018,corteva-2014-2018-external,2018-174,2018,era5loc_f86f345e603b,FRANCE,43.8,4.4,2017-10-31,calendar_scenario_not_observed,winter_wheat_scenario,2017-10-31,2018-06-08,221,True,reused_external_strict,31,Corteva,era5loc_f86f345e603b|2018,2018-174,,2018-05-24,left,True,False,,2.0,0.0,2.0,,True,2018-03-15,2018-06-08
123,corteva-2014-2018-external|2018-174|2018,corteva-2014-2018-external,2018-174,2018,era5loc_f86f345e603b,FRANCE,43.8,4.4,2017-10-31,calendar_scenario_not_observed,winter_wheat_scenario,2017-10-31,2018-06-08,221,True,reused_external_strict,39,Corteva,era5loc_f86f345e603b|2018,2018-174,,2018-05-24,left,True,False,,2.0,0.0,2.0,,True,2018-04-12,2018-06-08
123,corteva-2014-2018-external|2018-174|2018,corteva-2014-2018-external,2018-174,2018,era5loc_f86f345e603b,FRANCE,43.8,4.4,2017-10-31,calendar_scenario_not_observed,winter_wheat_scenario,2017-10-31,2018-06-08,221,True,reused_external_strict,65,Corteva,era5loc_f86f345e603b|2018,2018-174,2018-05-24,2018-06-08,interval,True,True,,2.0,1.0,1.0,15.0,True,2018-05-03,2018-06-08
123,corteva-2014-2018-external|2018-174|2018,corteva-2014-2018-external,2018-174,2018,era5loc_f86f345e603b,FRANCE,43.8,4.4,2017-10-31,calendar_scenario_not_observed,winter_wheat_scenario,2017-10-31,2018-06-08,221,True,reused_external_strict,85,Corteva,era5loc_f86f345e603b|2018,2018-174,2018-06-08,,right,True,False,,2.0,2.0,0.0,,True,2018-06-04,2018-06-08
124,corteva-2014-2018-external|2018-175|2018,corteva-2014-2018-external,2018-175,2018,era5loc_f9ae6ebca801,UNITED KINGDOM,52.1,-2.7,2017-10-31,calendar_scenario_not_observed,winter_wheat_scenario,2017-10-31,2018-07-04,247,True,reused_external_strict,31,Corteva,era5loc_f9ae6ebca801|2018,2018-175,,2018-06-08,left,True,False,,2.0,0.0,2.0,,True,2018-04-25,2018-07-04
124,corteva-2014-2018-external|2018-175|2018,corteva-2014-2018-external,2018-175,2018,era5loc_f9ae6ebca801,UNITED KINGDOM,52.1,-2.7,2017-10-31,calendar_scenario_not_observed,winter_wheat_scenario,2017-10-31,2018-07-04,247,True,reused_external_strict,39,Corteva,era5loc_f9ae6ebca801|2018,2018-175,,2018-06-08,left,True,False,,2.0,0.0,2.0,,True,2018-05-21,2018-07-04
124,corteva-2014-2018-external|2018-175|2018,corteva-2014-2018-external,2018-175,2018,era5loc_f9ae6ebca801,UNITED KINGDOM,52.1,-2.7,2017-10-31,calendar_scenario_not_observed,winter_wheat_scenario,2017-10-31,2018-07-04,247,True,reused_external_strict,65,Corteva,era5loc_f9ae6ebca801|2018,2018-175,2018-06-08,2018-07-04,interval,True,True,,2.0,1.0,1.0,26.0,True,2018-06-13,2018-07-04
124,corteva-2014-2018-external|2018-175|2018,corteva-2014-2018-external,2018-175,2018,era5loc_f9ae6ebca801,UNITED KINGDOM,52.1,-2.7,2017-10-31,calendar_scenario_not_observed,winter_wheat_scenario,2017-10-31,2018-07-04,247,True,reused_external_strict,85,Corteva,era5loc_f9ae6ebca801|2018,2018-175,2018-07-04,,right,True,False,,2.0,2.0,0.0,,True,,2018-07-04
125,corteva-2014-2018-external|2018-176|2018,corteva-2014-2018-external,2018-176,2018,era5loc_9ec703701638,DENMARK,55.3,11.4,2017-10-13,calendar_scenario_not_observed,winter_wheat_scenario,2017-10-13,2018-06-28,259,True,reused_external_strict,31,Corteva,era5loc_9ec703701638|2018,2018-176,,2018-05-17,left,True,False,,5.0,0.0,5.0,,True,2018-05-07,2018-06-28
125,corteva-2014-2018-external|2018-176|2018,corteva-2014-2018-external,2018-176,2018,era5loc_9ec703701638,DENMARK,55.3,11.4,2017-10-13,calendar_scenario_not_observed,winter_wheat_scenario,2017-10-13,2018-06-28,259,True,reused_external_strict,39,Corteva,era5loc_9ec703701638|2018,2018-176,2018-05-17,2018-05-28,interval,True,True,,5.0,1.0,4.0,11.0,True,2018-05-25,2018-06-28
125,corteva-2014-2018-external|2018-176|2018,corteva-2014-2018-external,2018-176,2018,era5loc_9ec703701638,DENMARK,55.3,11.4,2017-10-13,calendar_scenario_not_observed,winter_wheat_scenario,2017-10-13,2018-06-28,259,True,reused_external_strict,65,Corteva,era5loc_9ec703701638|2018,2018-176,2018-05-28,2018-06-08,interval,True,True,,5.0,2.0,3.0,11.0,True,2018-06-14,2018-06-28
125,corteva-2014-2018-external|2018-176|2018,corteva-2014-2018-external,2018-176,2018,era5loc_9ec703701638,DENMARK,55.3,11.4,2017-10-13,calendar_scenario_not_observed,winter_wheat_scenario,2017-10-13,2018-06-28,259,True,reused_external_strict,85,Corteva,era5loc_9ec703701638|2018,2018-176,2018-06-28,,right,True,False,,5.0,5.0,0.0,,True,,2018-06-28
126,corteva-2014-2018-external|2018-177|2018,corteva-2014-2018-external,2018-177,2018,era5loc_7b5d26eb7a94,POLAND,51.8,23.0,2017-10-03,calendar_scenario_not_observed,winter_wheat_scenario,2017-10-03,2018-06-18,259,True,reused_external_strict,31,Corteva,era5loc_7b5d26eb7a94|2018,2018-177,,2018-06-02,left,True,False,,2.0,0.0,2.0,,True,2018-04-27,2018-06-18
126,corteva-2014-2018-external|2018-177|2018,corteva-2014-2018-external,2018-177,2018,era5loc_7b5d26eb7a94,POLAND,51.8,23.0,2017-10-03,calendar_scenario_not_observed,winter_wheat_scenario,2017-10-03,2018-06-18,259,True,reused_external_strict,39,Corteva,era5loc_7b5d26eb7a94|2018,2018-177,,2018-06-02,left,True,False,,2.0,0.0,2.0,,True,2018-05-14,2018-06-18
126,corteva-2014-2018-external|2018-177|2018,corteva-2014-2018-external,2018-177,2018,era5loc_7b5d26eb7a94,POLAND,51.8,23.0,2017-10-03,calendar_scenario_not_observed,winter_wheat_scenario,2017-10-03,2018-06-18,259,True,reused_external_strict,65,Corteva,era5loc_7b5d26eb7a94|2018,2018-177,2018-06-02,2018-06-18,interval,True,True,,2.0,1.0,1.0,16.0,True,2018-06-04,2018-06-18
126,corteva-2014-2018-external|2018-177|2018,corteva-2014-2018-external,2018-177,2018,era5loc_7b5d26eb7a94,POLAND,51.8,23.0,2017-10-03,calendar_scenario_not_observed,winter_wheat_scenario,2017-10-03,2018-06-18,259,True,reused_external_strict,85,Corteva,era5loc_7b5d26eb7a94|2018,2018-177,2018-06-18,,right,True,False,,2.0,2.0,0.0,,True,,2018-06-18
127,corteva-2014-2018-external|2018-181|2018,corteva-2014-2018-external,2018-181,2018,era5loc_5a105840e5f0,FRANCE,49.9,2.6,2017-10-31,calendar_scenario_not_observed,winter_wheat_scenario,2017-10-31,2018-06-26,239,True,reused_external_strict,31,Corteva,era5loc_5a105840e5f0|2018,2018-181,,2018-05-17,left,True,False,,4.0,0.0,4.0,,True,2018-04-19,2018-06-26
127,corteva-2014-2018-external|2018-181|2018,corteva-2014-2018-external,2018-181,2018,era5loc_5a105840e5f0,FRANCE,49.9,2.6,2017-10-31,calendar_scenario_not_observed,winter_wheat_scenario,2017-10-31,2018-06-26,239,True,reused_external_strict,39,Corteva,era5loc_5a105840e5f0|2018,2018-181,,2018-05-17,left,True,False,,4.0,0.0,4.0,,True,2018-05-12,2018-06-26
127,corteva-2014-2018-external|2018-181|2018,corteva-2014-2018-external,2018-181,2018,era5loc_5a105840e5f0,FRANCE,49.9,2.6,2017-10-31,calendar_scenario_not_observed,winter_wheat_scenario,2017-10-31,2018-06-26,239,True,reused_external_strict,65,Corteva,era5loc_5a105840e5f0|2018,2018-181,2018-05-17,2018-06-06,interval,True,True,,4.0,1.0,3.0,20.0,True,2018-06-04,2018-06-26
127,corteva-2014-2018-external|2018-181|2018,corteva-2014-2018-external,2018-181,2018,era5loc_5a105840e5f0,FRANCE,49.9,2.6,2017-10-31,calendar_scenario_not_observed,winter_wheat_scenario,2017-10-31,2018-06-26,239,True,reused_external_strict,85,Corteva,era5loc_5a105840e5f0|2018,2018-181,2018-06-26,,right,True,False,,4.0,4.0,0.0,,True,,2018-06-26
128,corteva-2014-2018-external|2018-182|2018,corteva-2014-2018-external,2018-182,2018,era5loc_c2b56bbc5b96,FRANCE,49.7,3.3,2017-10-31,calendar_scenario_not_observed,winter_wheat_scenario,2017-10-31,2018-06-25,238,True,reused_external_strict,31,Corteva,era5loc_c2b56bbc5b96|2018,2018-182,,2018-05-31,left,True,False,,3.0,0.0,3.0,,True,2018-04-18,2018-06-25
128,corteva-2014-2018-external|2018-182|2018,corteva-2014-2018-external,2018-182,2018,era5loc_c2b56bbc5b96,FRANCE,49.7,3.3,2017-10-31,calendar_scenario_not_observed,winter_wheat_scenario,2017-10-31,2018-06-25,238,True,reused_external_strict,39,Corteva,era5loc_c2b56bbc5b96|2018,2018-182,,2018-05-31,left,True,False,,3.0,0.0,3.0,,True,2018-05-10,2018-06-25
128,corteva-2014-2018-external|2018-182|2018,corteva-2014-2018-external,2018-182,2018,era5loc_c2b56bbc5b96,FRANCE,49.7,3.3,2017-10-31,calendar_scenario_not_observed,winter_wheat_scenario,2017-10-31,2018-06-25,238,True,reused_external_strict,65,Corteva,era5loc_c2b56bbc5b96|2018,2018-182,,2018-05-31,left,True,False,,3.0,0.0,3.0,,True,2018-06-02,2018-06-25
128,corteva-2014-2018-external|2018-182|2018,corteva-2014-2018-external,2018-182,2018,era5loc_c2b56bbc5b96,FRANCE,49.7,3.3,2017-10-31,calendar_scenario_not_observed,winter_wheat_scenario,2017-10-31,2018-06-25,238,True,reused_external_strict,85,Corteva,era5loc_c2b56bbc5b96|2018,2018-182,2018-06-25,,right,True,False,,3.0,3.0,0.0,,True,,2018-06-25
129,corteva-2014-2018-external|2018-183|2018,corteva-2014-2018-external,2018-183,2018,era5loc_c2b56bbc5b96,FRANCE,49.7,3.3,2017-10-31,calendar_scenario_not_observed,winter_wheat_scenario,2017-10-31,2018-06-25,238,True,reused_external_strict,31,Corteva,era5loc_c2b56bbc5b96|2018,2018-183,,2018-05-31,left,True,False,,3.0,0.0,3.0,,True,2018-04-18,2018-06-25
129,corteva-2014-2018-external|2018-183|2018,corteva-2014-2018-external,2018-183,2018,era5loc_c2b56bbc5b96,FRANCE,49.7,3.3,2017-10-31,calendar_scenario_not_observed,winter_wheat_scenario,2017-10-31,2018-06-25,238,True,reused_external_strict,39,Corteva,era5loc_c2b56bbc5b96|2018,2018-183,,2018-05-31,left,True,False,,3.0,0.0,3.0,,True,2018-05-10,2018-06-25
129,corteva-2014-2018-external|2018-183|2018,corteva-2014-2018-external,2018-183,2018,era5loc_c2b56bbc5b96,FRANCE,49.7,3.3,2017-10-31,calendar_scenario_not_observed,winter_wheat_scenario,2017-10-31,2018-06-25,238,True,reused_external_strict,65,Corteva,era5loc_c2b56bbc5b96|2018,2018-183,,2018-05-31,left,True,False,,3.0,0.0,3.0,,True,2018-06-02,2018-06-25
129,corteva-2014-2018-external|2018-183|2018,corteva-2014-2018-external,2018-183,2018,era5loc_c2b56bbc5b96,FRANCE,49.7,3.3,2017-10-31,calendar_scenario_not_observed,winter_wheat_scenario,2017-10-31,2018-06-25,238,True,reused_external_strict,85,Corteva,era5loc_c2b56bbc5b96|2018,2018-183,2018-06-25,,right,True,False,,3.0,3.0,0.0,,True,,2018-06-25
130,corteva-2014-2018-external|2018-184|2018,corteva-2014-2018-external,2018-184,2018,era5loc_5e6d20c69e16,GERMANY,53.8,10.4,2017-10-01,calendar_scenario_not_observed,winter_wheat_scenario,2017-10-01,2018-06-06,249,True,reused_external_strict,31,Corteva,era5loc_5e6d20c69e16|2018,2018-184,,2018-06-06,left,True,False,,1.0,0.0,1.0,,True,2018-04-25,2018-06-06
130,corteva-2014-2018-external|2018-184|2018,corteva-2014-2018-external,2018-184,2018,era5loc_5e6d20c69e16,GERMANY,53.8,10.4,2017-10-01,calendar_scenario_not_observed,winter_wheat_scenario,2017-10-01,2018-06-06,249,True,reused_external_strict,39,Corteva,era5loc_5e6d20c69e16|2018,2018-184,,2018-06-06,left,True,False,,1.0,0.0,1.0,,True,2018-05-16,2018-06-06
130,corteva-2014-2018-external|2018-184|2018,corteva-2014-2018-external,2018-184,2018,era5loc_5e6d20c69e16,GERMANY,53.8,10.4,2017-10-01,calendar_scenario_not_observed,winter_wheat_scenario,2017-10-01,2018-06-06,249,True,reused_external_strict,65,Corteva,era5loc_5e6d20c69e16|2018,2018-184,,2018-06-06,left,True,False,,1.0,0.0,1.0,,True,2018-06-05,2018-06-06
130,corteva-2014-2018-external|2018-184|2018,corteva-2014-2018-external,2018-184,2018,era5loc_5e6d20c69e16,GERMANY,53.8,10.4,2017-10-01,calendar_scenario_not_observed,winter_wheat_scenario,2017-10-01,2018-06-06,249,True,reused_external_strict,85,Corteva,era5loc_5e6d20c69e16|2018,2018-184,2018-06-06,,right,True,False,,1.0,1.0,0.0,,True,,2018-06-06
131,corteva-2014-2018-external|2018-185|2018,corteva-2014-2018-external,2018-185,2018,era5loc_6039c33fd660,UNITED KINGDOM,53.1,-0.3,2017-10-31,calendar_scenario_not_observed,winter_wheat_scenario,2017-10-31,2018-06-15,228,True,reused_external_strict,31,Corteva,era5loc_6039c33fd660|2018,2018-185,,2018-06-15,left,True,False,,1.0,0.0,1.0,,True,2018-04-23,2018-06-15
131,corteva-2014-2018-external|2018-185|2018,corteva-2014-2018-external,2018-185,2018,era5loc_6039c33fd660,UNITED KINGDOM,53.1,-0.3,2017-10-31,calendar_scenario_not_observed,winter_wheat_scenario,2017-10-31,2018-06-15,228,True,reused_external_strict,39,Corteva,era5loc_6039c33fd660|2018,2018-185,,2018-06-15,left,True,False,,1.0,0.0,1.0,,True,2018-05-18,2018-06-15
131,corteva-2014-2018-external|2018-185|2018,corteva-2014-2018-external,2018-185,2018,era5loc_6039c33fd660,UNITED KINGDOM,53.1,-0.3,2017-10-31,calendar_scenario_not_observed,winter_wheat_scenario,2017-10-31,2018-06-15,228,True,reused_external_strict,65,Corteva,era5loc_6039c33fd660|2018,2018-185,2018-06-15,,right,True,False,,1.0,1.0,0.0,,True,2018-06-12,2018-06-15
131,corteva-2014-2018-external|2018-185|2018,corteva-2014-2018-external,2018-185,2018,era5loc_6039c33fd660,UNITED KINGDOM,53.1,-0.3,2017-10-31,calendar_scenario_not_observed,winter_wheat_scenario,2017-10-31,2018-06-15,228,True,reused_external_strict,85,Corteva,era5loc_6039c33fd660|2018,2018-185,2018-06-15,,right,True,False,,1.0,1.0,0.0,,True,,2018-06-15
132,corteva-2014-2018-external|2018-186|2018,corteva-2014-2018-external,2018-186,2018,era5loc_8e48274c8e41,FRANCE,47.5,0.9,2017-10-31,calendar_scenario_not_observed,winter_wheat_scenario,2017-10-31,2018-06-15,228,True,reused_external_strict,31,Corteva,era5loc_8e48274c8e41|2018,2018-186,,2018-04-17,left,True,False,,4.0,0.0,4.0,,True,2018-04-09,2018-06-15
132,corteva-2014-2018-external|2018-186|2018,corteva-2014-2018-external,2018-186,2018,era5loc_8e48274c8e41,FRANCE,47.5,0.9,2017-10-31,calendar_scenario_not_observed,winter_wheat_scenario,2017-10-31,2018-06-15,228,True,reused_external_strict,39,Corteva,era5loc_8e48274c8e41|2018,2018-186,2018-04-17,2018-05-09,interval,True,True,,4.0,1.0,3.0,22.0,True,2018-05-05,2018-06-15
132,corteva-2014-2018-external|2018-186|2018,corteva-2014-2018-external,2018-186,2018,era5loc_8e48274c8e41,FRANCE,47.5,0.9,2017-10-31,calendar_scenario_not_observed,winter_wheat_scenario,2017-10-31,2018-06-15,228,True,reused_external_strict,65,Corteva,era5loc_8e48274c8e41|2018,2018-186,2018-05-09,2018-05-30,interval,True,True,,4.0,2.0,2.0,21.0,True,2018-05-27,2018-06-15
132,corteva-2014-2018-external|2018-186|2018,corteva-2014-2018-external,2018-186,2018,era5loc_8e48274c8e41,FRANCE,47.5,0.9,2017-10-31,calendar_scenario_not_observed,winter_wheat_scenario,2017-10-31,2018-06-15,228,True,reused_external_strict,85,Corteva,era5loc_8e48274c8e41|2018,2018-186,2018-06-15,,right,True,False,,4.0,4.0,0.0,,True,,2018-06-15
133,corteva-2014-2018-external|2018-188|2018,corteva-2014-2018-external,2018-188,2018,era5loc_4921e9fb7d2c,FRANCE,43.8,1.0,2017-10-31,calendar_scenario_not_observed,winter_wheat_scenario,2017-10-31,2018-05-25,207,True,reused_external_strict,31,,,,,,none,False,False,no_archived_stage_constraint,,,,,False,2018-03-28,2018-05-25
133,corteva-2014-2018-external|2018-188|2018,corteva-2014-2018-external,2018-188,2018,era5loc_4921e9fb7d2c,FRANCE,43.8,1.0,2017-10-31,calendar_scenario_not_observed,winter_wheat_scenario,2017-10-31,2018-05-25,207,True,reused_external_strict,39,,,,,,none,False,False,no_archived_stage_constraint,,,,,False,2018-04-22,2018-05-25
133,corteva-2014-2018-external|2018-188|2018,corteva-2014-2018-external,2018-188,2018,era5loc_4921e9fb7d2c,FRANCE,43.8,1.0,2017-10-31,calendar_scenario_not_observed,winter_wheat_scenario,2017-10-31,2018-05-25,207,True,reused_external_strict,65,,,,,,none,False,False,no_archived_stage_constraint,,,,,False,2018-05-18,2018-05-25
133,corteva-2014-2018-external|2018-188|2018,corteva-2014-2018-external,2018-188,2018,era5loc_4921e9fb7d2c,FRANCE,43.8,1.0,2017-10-31,calendar_scenario_not_observed,winter_wheat_scenario,2017-10-31,2018-05-25,207,True,reused_external_strict,85,,,,,,none,False,False,no_archived_stage_constraint,,,,,False,,2018-05-25
134,corteva-2014-2018-external|2018-189|2018,corteva-2014-2018-external,2018-189,2018,era5loc_f86f345e603b,FRANCE,43.8,4.4,2017-10-31,calendar_scenario_not_observed,winter_wheat_scenario,2017-10-31,2018-06-07,220,True,reused_external_strict,31,Corteva,era5loc_f86f345e603b|2018,2018-189,,2018-06-07,left,True,False,,1.0,0.0,1.0,,True,2018-03-15,2018-06-07
134,corteva-2014-2018-external|2018-189|2018,corteva-2014-2018-external,2018-189,2018,era5loc_f86f345e603b,FRANCE,43.8,4.4,2017-10-31,calendar_scenario_not_observed,winter_wheat_scenario,2017-10-31,2018-06-07,220,True,reused_external_strict,39,Corteva,era5loc_f86f345e603b|2018,2018-189,,2018-06-07,left,True,False,,1.0,0.0,1.0,,True,2018-04-12,2018-06-07
134,corteva-2014-2018-external|2018-189|2018,corteva-2014-2018-external,2018-189,2018,era5loc_f86f345e603b,FRANCE,43.8,4.4,2017-10-31,calendar_scenario_not_observed,winter_wheat_scenario,2017-10-31,2018-06-07,220,True,reused_external_strict,65,Corteva,era5loc_f86f345e603b|2018,2018-189,,2018-06-07,left,True,False,,1.0,0.0,1.0,,True,2018-05-03,2018-06-07
134,corteva-2014-2018-external|2018-189|2018,corteva-2014-2018-external,2018-189,2018,era5loc_f86f345e603b,FRANCE,43.8,4.4,2017-10-31,calendar_scenario_not_observed,winter_wheat_scenario,2017-10-31,2018-06-07,220,True,reused_external_strict,85,Corteva,era5loc_f86f345e603b|2018,2018-189,2018-06-07,,right,True,False,,1.0,1.0,0.0,,True,2018-06-04,2018-06-07
135,corteva-2014-2018-external|2018-190|2018,corteva-2014-2018-external,2018-190,2018,era5loc_97c42414dde1,GERMANY,54.4,9.9,2017-10-01,calendar_scenario_not_observed,winter_wheat_scenario,2017-10-01,2018-06-27,270,True,reused_external_strict,31,Corteva,era5loc_97c42414dde1|2018,2018-190,,2018-06-12,left,True,False,,2.0,0.0,2.0,,True,2018-04-30,2018-06-27
135,corteva-2014-2018-external|2018-190|2018,corteva-2014-2018-external,2018-190,2018,era5loc_97c42414dde1,GERMANY,54.4,9.9,2017-10-01,calendar_scenario_not_observed,winter_wheat_scenario,2017-10-01,2018-06-27,270,True,reused_external_strict,39,Corteva,era5loc_97c42414dde1|2018,2018-190,,2018-06-12,left,True,False,,2.0,0.0,2.0,,True,2018-05-21,2018-06-27
135,corteva-2014-2018-external|2018-190|2018,corteva-2014-2018-external,2018-190,2018,era5loc_97c42414dde1,GERMANY,54.4,9.9,2017-10-01,calendar_scenario_not_observed,winter_wheat_scenario,2017-10-01,2018-06-27,270,True,reused_external_strict,65,Corteva,era5loc_97c42414dde1|2018,2018-190,,2018-06-12,left,True,False,,2.0,0.0,2.0,,True,2018-06-10,2018-06-27
135,corteva-2014-2018-external|2018-190|2018,corteva-2014-2018-external,2018-190,2018,era5loc_97c42414dde1,GERMANY,54.4,9.9,2017-10-01,calendar_scenario_not_observed,winter_wheat_scenario,2017-10-01,2018-06-27,270,True,reused_external_strict,85,Corteva,era5loc_97c42414dde1|2018,2018-190,2018-06-27,,right,True,False,,2.0,2.0,0.0,,True,,2018-06-27
136,corteva-2014-2018-external|2018-191|2018,corteva-2014-2018-external,2018-191,2018,era5loc_00eea7e0108c,GERMANY,50.4,8.2,2017-10-01,calendar_scenario_not_observed,winter_wheat_scenario,2017-10-01,2018-06-23,266,True,reused_external_strict,31,Corteva,era5loc_00eea7e0108c|2018,2018-191,,2018-05-24,left,True,False,,3.0,0.0,3.0,,True,2018-04-20,2018-06-23
136,corteva-2014-2018-external|2018-191|2018,corteva-2014-2018-external,2018-191,2018,era5loc_00eea7e0108c,GERMANY,50.4,8.2,2017-10-01,calendar_scenario_not_observed,winter_wheat_scenario,2017-10-01,2018-06-23,266,True,reused_external_strict,39,Corteva,era5loc_00eea7e0108c|2018,2018-191,,2018-05-24,left,True,False,,3.0,0.0,3.0,,True,2018-05-12,2018-06-23
136,corteva-2014-2018-external|2018-191|2018,corteva-2014-2018-external,2018-191,2018,era5loc_00eea7e0108c,GERMANY,50.4,8.2,2017-10-01,calendar_scenario_not_observed,winter_wheat_scenario,2017-10-01,2018-06-23,266,True,reused_external_strict,65,Corteva,era5loc_00eea7e0108c|2018,2018-191,2018-05-24,2018-06-09,interval,True,True,,3.0,1.0,2.0,16.0,True,2018-06-02,2018-06-23
136,corteva-2014-2018-external|2018-191|2018,corteva-2014-2018-external,2018-191,2018,era5loc_00eea7e0108c,GERMANY,50.4,8.2,2017-10-01,calendar_scenario_not_observed,winter_wheat_scenario,2017-10-01,2018-06-23,266,True,reused_external_strict,85,Corteva,era5loc_00eea7e0108c|2018,2018-191,2018-06-23,,right,True,False,,3.0,3.0,0.0,,True,,2018-06-23
137,corteva-2014-2018-external|2018-193|2018,corteva-2014-2018-external,2018-193,2018,era5loc_06b87a47fb78,IRELAND,52.9,-6.9,2017-11-01,calendar_scenario_not_observed,winter_wheat_scenario,2017-11-01,2018-07-04,246,True,reused_external_strict,31,Corteva,era5loc_06b87a47fb78|2018,2018-193,,2018-06-12,left,True,False,,2.0,0.0,2.0,,True,2018-04-28,2018-07-04
137,corteva-2014-2018-external|2018-193|2018,corteva-2014-2018-external,2018-193,2018,era5loc_06b87a47fb78,IRELAND,52.9,-6.9,2017-11-01,calendar_scenario_not_observed,winter_wheat_scenario,2017-11-01,2018-07-04,246,True,reused_external_strict,39,Corteva,era5loc_06b87a47fb78|2018,2018-193,,2018-06-12,left,True,False,,2.0,0.0,2.0,,True,2018-05-24,2018-07-04
137,corteva-2014-2018-external|2018-193|2018,corteva-2014-2018-external,2018-193,2018,era5loc_06b87a47fb78,IRELAND,52.9,-6.9,2017-11-01,calendar_scenario_not_observed,winter_wheat_scenario,2017-11-01,2018-07-04,246,True,reused_external_strict,65,Corteva,era5loc_06b87a47fb78|2018,2018-193,2018-06-12,2018-07-04,interval,True,True,,2.0,1.0,1.0,22.0,True,2018-06-16,2018-07-04
137,corteva-2014-2018-external|2018-193|2018,corteva-2014-2018-external,2018-193,2018,era5loc_06b87a47fb78,IRELAND,52.9,-6.9,2017-11-01,calendar_scenario_not_observed,winter_wheat_scenario,2017-11-01,2018-07-04,246,True,reused_external_strict,85,Corteva,era5loc_06b87a47fb78|2018,2018-193,2018-07-04,,right,True,False,,2.0,2.0,0.0,,True,,2018-07-04
138,corteva-2014-2018-external|2018-194|2018,corteva-2014-2018-external,2018-194,2018,era5loc_4e98f2286742,FRANCE,49.8,3.0,2017-10-31,calendar_scenario_not_observed,winter_wheat_scenario,2017-10-31,2018-06-07,220,True,reused_external_strict,31,Corteva,era5loc_4e98f2286742|2018,2018-194,,2018-05-17,left,True,False,,1.0,0.0,1.0,,True,2018-04-18,2018-06-07
138,corteva-2014-2018-external|2018-194|2018,corteva-2014-2018-external,2018-194,2018,era5loc_4e98f2286742,FRANCE,49.8,3.0,2017-10-31,calendar_scenario_not_observed,winter_wheat_scenario,2017-10-31,2018-06-07,220,True,reused_external_strict,39,Corteva,era5loc_4e98f2286742|2018,2018-194,,2018-05-17,left,True,False,,1.0,0.0,1.0,,True,2018-05-10,2018-06-07
138,corteva-2014-2018-external|2018-194|2018,corteva-2014-2018-external,2018-194,2018,era5loc_4e98f2286742,FRANCE,49.8,3.0,2017-10-31,calendar_scenario_not_observed,winter_wheat_scenario,2017-10-31,2018-06-07,220,True,reused_external_strict,65,Corteva,era5loc_4e98f2286742|2018,2018-194,2018-05-17,,right,True,False,,1.0,1.0,0.0,,True,2018-06-02,2018-06-07
138,corteva-2014-2018-external|2018-194|2018,corteva-2014-2018-external,2018-194,2018,era5loc_4e98f2286742,FRANCE,49.8,3.0,2017-10-31,calendar_scenario_not_observed,winter_wheat_scenario,2017-10-31,2018-06-07,220,True,reused_external_strict,85,Corteva,era5loc_4e98f2286742|2018,2018-194,2018-05-17,,right,True,False,,1.0,1.0,0.0,,True,,2018-06-07
139,corteva-2014-2018-external|2018-195|2018,corteva-2014-2018-external,2018-195,2018,era5loc_6039c33fd660,UNITED KINGDOM,53.1,-0.3,2017-10-31,calendar_scenario_not_observed,winter_wheat_scenario,2017-10-31,2018-05-31,213,True,reused_external_strict,31,Corteva,era5loc_6039c33fd660|2018,2018-195,,2018-05-31,left,True,False,,1.0,0.0,1.0,,True,2018-04-23,2018-05-31
139,corteva-2014-2018-external|2018-195|2018,corteva-2014-2018-external,2018-195,2018,era5loc_6039c33fd660,UNITED KINGDOM,53.1,-0.3,2017-10-31,calendar_scenario_not_observed,winter_wheat_scenario,2017-10-31,2018-05-31,213,True,reused_external_strict,39,Corteva,era5loc_6039c33fd660|2018,2018-195,,2018-05-31,left,True,False,,1.0,0.0,1.0,,True,2018-05-18,2018-05-31
139,corteva-2014-2018-external|2018-195|2018,corteva-2014-2018-external,2018-195,2018,era5loc_6039c33fd660,UNITED KINGDOM,53.1,-0.3,2017-10-31,calendar_scenario_not_observed,winter_wheat_scenario,2017-10-31,2018-05-31,213,True,reused_external_strict,65,Corteva,era5loc_6039c33fd660|2018,2018-195,2018-05-31,,right,True,False,,1.0,1.0,0.0,,True,,2018-05-31
139,corteva-2014-2018-external|2018-195|2018,corteva-2014-2018-external,2018-195,2018,era5loc_6039c33fd660,UNITED KINGDOM,53.1,-0.3,2017-10-31,calendar_scenario_not_observed,winter_wheat_scenario,2017-10-31,2018-05-31,213,True,reused_external_strict,85,Corteva,era5loc_6039c33fd660|2018,2018-195,2018-05-31,,right,True,False,,1.0,1.0,0.0,,True,,2018-05-31
140,corteva-2014-2018-external|2018-196|2018,corteva-2014-2018-external,2018-196,2018,era5loc_998f167d3abc,GERMANY,48.2,10.8,2017-10-01,calendar_scenario_not_observed,winter_wheat_scenario,2017-10-01,2018-06-18,261,True,reused_external_strict,31,Corteva,era5loc_998f167d3abc|2018,2018-196,,2018-05-17,left,True,False,,3.0,0.0,3.0,,True,2018-04-20,2018-06-18
140,corteva-2014-2018-external|2018-196|2018,corteva-2014-2018-external,2018-196,2018,era5loc_998f167d3abc,GERMANY,48.2,10.8,2017-10-01,calendar_scenario_not_observed,winter_wheat_scenario,2017-10-01,2018-06-18,261,True,reused_external_strict,39,Corteva,era5loc_998f167d3abc|2018,2018-196,,2018-05-17,left,True,False,,3.0,0.0,3.0,,True,2018-05-11,2018-06-18
140,corteva-2014-2018-external|2018-196|2018,corteva-2014-2018-external,2018-196,2018,era5loc_998f167d3abc,GERMANY,48.2,10.8,2017-10-01,calendar_scenario_not_observed,winter_wheat_scenario,2017-10-01,2018-06-18,261,True,reused_external_strict,65,Corteva,era5loc_998f167d3abc|2018,2018-196,2018-05-17,2018-06-11,interval,True,True,,3.0,1.0,2.0,25.0,True,2018-06-02,2018-06-18
140,corteva-2014-2018-external|2018-196|2018,corteva-2014-2018-external,2018-196,2018,era5loc_998f167d3abc,GERMANY,48.2,10.8,2017-10-01,calendar_scenario_not_observed,winter_wheat_scenario,2017-10-01,2018-06-18,261,True,reused_external_strict,85,Corteva,era5loc_998f167d3abc|2018,2018-196,2018-06-18,,right,True,False,,3.0,3.0,0.0,,True,,2018-06-18
141,corteva-2014-2018-external|2018-197|2018,corteva-2014-2018-external,2018-197,2018,era5loc_06b87a47fb78,IRELAND,52.9,-6.9,2017-11-01,calendar_scenario_not_observed,winter_wheat_scenario,2017-11-01,2018-07-02,244,True,reused_external_strict,31,Corteva,era5loc_06b87a47fb78|2018,2018-197,,2018-06-04,left,True,False,,2.0,0.0,2.0,,True,2018-04-28,2018-07-02
141,corteva-2014-2018-external|2018-197|2018,corteva-2014-2018-external,2018-197,2018,era5loc_06b87a47fb78,IRELAND,52.9,-6.9,2017-11-01,calendar_scenario_not_observed,winter_wheat_scenario,2017-11-01,2018-07-02,244,True,reused_external_strict,39,Corteva,era5loc_06b87a47fb78|2018,2018-197,,2018-06-04,left,True,False,,2.0,0.0,2.0,,True,2018-05-24,2018-07-02
141,corteva-2014-2018-external|2018-197|2018,corteva-2014-2018-external,2018-197,2018,era5loc_06b87a47fb78,IRELAND,52.9,-6.9,2017-11-01,calendar_scenario_not_observed,winter_wheat_scenario,2017-11-01,2018-07-02,244,True,reused_external_strict,65,Corteva,era5loc_06b87a47fb78|2018,2018-197,2018-06-04,2018-07-02,interval,True,True,,2.0,1.0,1.0,28.0,True,2018-06-16,2018-07-02
141,corteva-2014-2018-external|2018-197|2018,corteva-2014-2018-external,2018-197,2018,era5loc_06b87a47fb78,IRELAND,52.9,-6.9,2017-11-01,calendar_scenario_not_observed,winter_wheat_scenario,2017-11-01,2018-07-02,244,True,reused_external_strict,85,Corteva,era5loc_06b87a47fb78|2018,2018-197,2018-07-02,,right,True,False,,2.0,2.0,0.0,,True,,2018-07-02
142,corteva-2014-2018-external|2018-198|2018,corteva-2014-2018-external,2018-198,2018,era5loc_ac3e32c77013,FRANCE,50.2,2.4,2017-10-31,calendar_scenario_not_observed,winter_wheat_scenario,2017-10-31,2018-06-28,241,True,reused_external_strict,31,,,,,,none,False,False,no_archived_stage_constraint,,,,,False,2018-04-20,2018-06-28
142,corteva-2014-2018-external|2018-198|2018,corteva-2014-2018-external,2018-198,2018,era5loc_ac3e32c77013,FRANCE,50.2,2.4,2017-10-31,calendar_scenario_not_observed,winter_wheat_scenario,2017-10-31,2018-06-28,241,True,reused_external_strict,39,,,,,,none,False,False,no_archived_stage_constraint,,,,,False,2018-05-14,2018-06-28
142,corteva-2014-2018-external|2018-198|2018,corteva-2014-2018-external,2018-198,2018,era5loc_ac3e32c77013,FRANCE,50.2,2.4,2017-10-31,calendar_scenario_not_observed,winter_wheat_scenario,2017-10-31,2018-06-28,241,True,reused_external_strict,65,,,,,,none,False,False,no_archived_stage_constraint,,,,,False,2018-06-06,2018-06-28
142,corteva-2014-2018-external|2018-198|2018,corteva-2014-2018-external,2018-198,2018,era5loc_ac3e32c77013,FRANCE,50.2,2.4,2017-10-31,calendar_scenario_not_observed,winter_wheat_scenario,2017-10-31,2018-06-28,241,True,reused_external_strict,85,,,,,,none,False,False,no_archived_stage_constraint,,,,,False,,2018-06-28
