mixture_plot_id,environment_id,site_id,year,block,composition_id,check,control_id,delta_t_ha,inference_class
2019_1260_9,CH_1260_2019,1260,2019,1,111.15759|FALOTTA,HANSWIN,2019_1260_12,-0.16,same_block_check_diagnostic; pure_check_corandomization_unconfirmed; not_constituent_baseline
2019_1260_9,CH_1260_2019,1260,2019,1,111.15759|FALOTTA,MONTALBANO,2019_1260_25,0.21,same_block_check_diagnostic; pure_check_corandomization_unconfirmed; not_constituent_baseline
2019_1260_33,CH_1260_2019,1260,2019,2,111.15759|FALOTTA,HANSWIN,2019_1260_27,0.12,same_block_check_diagnostic; pure_check_corandomization_unconfirmed; not_constituent_baseline
2019_1260_33,CH_1260_2019,1260,2019,2,111.15759|FALOTTA,MONTALBANO,2019_1260_41,0.12,same_block_check_diagnostic; pure_check_corandomization_unconfirmed; not_constituent_baseline
2019_1260_72,CH_1260_2019,1260,2019,3,111.15759|FALOTTA,HANSWIN,2019_1260_75,-0.69,same_block_check_diagnostic; pure_check_corandomization_unconfirmed; not_constituent_baseline
2019_1260_72,CH_1260_2019,1260,2019,3,111.15759|FALOTTA,MONTALBANO,2019_1260_64,0.97,same_block_check_diagnostic; pure_check_corandomization_unconfirmed; not_constituent_baseline
2019_1567_19,CH_1567_2019,1567,2019,1,111.15759|FALOTTA,HANSWIN,2019_1567_6,0.51,same_block_check_diagnostic; pure_check_corandomization_unconfirmed; not_constituent_baseline
2019_1567_19,CH_1567_2019,1567,2019,1,111.15759|FALOTTA,MONTALBANO,2019_1567_20,0.66,same_block_check_diagnostic; pure_check_corandomization_unconfirmed; not_constituent_baseline
2019_1567_41,CH_1567_2019,1567,2019,2,111.15759|FALOTTA,HANSWIN,2019_1567_40,0.43,same_block_check_diagnostic; pure_check_corandomization_unconfirmed; not_constituent_baseline
2019_1567_41,CH_1567_2019,1567,2019,2,111.15759|FALOTTA,MONTALBANO,2019_1567_31,0.48,same_block_check_diagnostic; pure_check_corandomization_unconfirmed; not_constituent_baseline
2019_1567_63,CH_1567_2019,1567,2019,3,111.15759|FALOTTA,HANSWIN,2019_1567_62,0.38,same_block_check_diagnostic; pure_check_corandomization_unconfirmed; not_constituent_baseline
2019_1567_63,CH_1567_2019,1567,2019,3,111.15759|FALOTTA,MONTALBANO,2019_1567_72,0.09,same_block_check_diagnostic; pure_check_corandomization_unconfirmed; not_constituent_baseline
2019_3428_23,CH_3428_2019,3428,2019,1,111.15759|FALOTTA,HANSWIN,2019_3428_22,0.38,same_block_check_diagnostic; pure_check_corandomization_unconfirmed; not_constituent_baseline
2019_3428_23,CH_3428_2019,3428,2019,1,111.15759|FALOTTA,MONTALBANO,2019_3428_3,-0.09,same_block_check_diagnostic; pure_check_corandomization_unconfirmed; not_constituent_baseline
2019_3428_45,CH_3428_2019,3428,2019,2,111.15759|FALOTTA,HANSWIN,2019_3428_30,0.4,same_block_check_diagnostic; pure_check_corandomization_unconfirmed; not_constituent_baseline
2019_3428_45,CH_3428_2019,3428,2019,2,111.15759|FALOTTA,MONTALBANO,2019_3428_41,-0.63,same_block_check_diagnostic; pure_check_corandomization_unconfirmed; not_constituent_baseline
2019_3428_59,CH_3428_2019,3428,2019,3,111.15759|FALOTTA,HANSWIN,2019_3428_69,0,same_block_check_diagnostic; pure_check_corandomization_unconfirmed; not_constituent_baseline
2019_3428_59,CH_3428_2019,3428,2019,3,111.15759|FALOTTA,MONTALBANO,2019_3428_64,-0.56,same_block_check_diagnostic; pure_check_corandomization_unconfirmed; not_constituent_baseline
2019_8046_6,CH_8046_2019,8046,2019,1,111.15759|FALOTTA,HANSWIN,2019_8046_16,-0.02,same_block_check_diagnostic; pure_check_corandomization_unconfirmed; not_constituent_baseline
2019_8046_6,CH_8046_2019,8046,2019,1,111.15759|FALOTTA,MONTALBANO,2019_8046_22,0.86,same_block_check_diagnostic; pure_check_corandomization_unconfirmed; not_constituent_baseline
2019_8046_31,CH_8046_2019,8046,2019,2,111.15759|FALOTTA,HANSWIN,2019_8046_34,0,same_block_check_diagnostic; pure_check_corandomization_unconfirmed; not_constituent_baseline
2019_8046_31,CH_8046_2019,8046,2019,2,111.15759|FALOTTA,MONTALBANO,2019_8046_45,-0.51,same_block_check_diagnostic; pure_check_corandomization_unconfirmed; not_constituent_baseline
2019_8046_62,CH_8046_2019,8046,2019,3,111.15759|FALOTTA,HANSWIN,2019_8046_52,0.44,same_block_check_diagnostic; pure_check_corandomization_unconfirmed; not_constituent_baseline
2019_8046_62,CH_8046_2019,8046,2019,3,111.15759|FALOTTA,MONTALBANO,2019_8046_59,0.31,same_block_check_diagnostic; pure_check_corandomization_unconfirmed; not_constituent_baseline
2019_8566_17,CH_8566_2019,8566,2019,1,111.15759|FALOTTA,HANSWIN,2019_8566_10,-0.48,same_block_check_diagnostic; pure_check_corandomization_unconfirmed; not_constituent_baseline
2019_8566_17,CH_8566_2019,8566,2019,1,111.15759|FALOTTA,MONTALBANO,2019_8566_2,-0.52,same_block_check_diagnostic; pure_check_corandomization_unconfirmed; not_constituent_baseline
2019_8566_28,CH_8566_2019,8566,2019,2,111.15759|FALOTTA,HANSWIN,2019_8566_41,-0.29,same_block_check_diagnostic; pure_check_corandomization_unconfirmed; not_constituent_baseline
2019_8566_28,CH_8566_2019,8566,2019,2,111.15759|FALOTTA,MONTALBANO,2019_8566_30,0.51,same_block_check_diagnostic; pure_check_corandomization_unconfirmed; not_constituent_baseline
2019_8566_74,CH_8566_2019,8566,2019,3,111.15759|FALOTTA,HANSWIN,2019_8566_53,0.78,same_block_check_diagnostic; pure_check_corandomization_unconfirmed; not_constituent_baseline
2019_8566_74,CH_8566_2019,8566,2019,3,111.15759|FALOTTA,MONTALBANO,2019_8566_59,0.37,same_block_check_diagnostic; pure_check_corandomization_unconfirmed; not_constituent_baseline
2020_1260_10,CH_1260_2020,1260,2020,1,111.15759|FALOTTA,HANSWIN,2020_1260_16,0.12,same_block_check_diagnostic; pure_check_corandomization_unconfirmed; not_constituent_baseline
2020_1260_10,CH_1260_2020,1260,2020,1,111.15759|FALOTTA,MONTALBANO,2020_1260_7,-0.36,same_block_check_diagnostic; pure_check_corandomization_unconfirmed; not_constituent_baseline
2020_1260_46,CH_1260_2020,1260,2020,2,111.15759|FALOTTA,HANSWIN,2020_1260_49,0.19,same_block_check_diagnostic; pure_check_corandomization_unconfirmed; not_constituent_baseline
2020_1260_46,CH_1260_2020,1260,2020,2,111.15759|FALOTTA,MONTALBANO,2020_1260_30,-0.59,same_block_check_diagnostic; pure_check_corandomization_unconfirmed; not_constituent_baseline
2020_1260_54,CH_1260_2020,1260,2020,3,111.15759|FALOTTA,HANSWIN,2020_1260_53,-0.48,same_block_check_diagnostic; pure_check_corandomization_unconfirmed; not_constituent_baseline
2020_1260_54,CH_1260_2020,1260,2020,3,111.15759|FALOTTA,MONTALBANO,2020_1260_66,0.01,same_block_check_diagnostic; pure_check_corandomization_unconfirmed; not_constituent_baseline
2020_1567_27,CH_1567_2020,1567,2020,2,111.15759|FALOTTA,HANSWIN,2020_1567_34,0.56,same_block_check_diagnostic; pure_check_corandomization_unconfirmed; not_constituent_baseline
2020_1567_27,CH_1567_2020,1567,2020,2,111.15759|FALOTTA,MONTALBANO,2020_1567_45,1.2,same_block_check_diagnostic; pure_check_corandomization_unconfirmed; not_constituent_baseline
2020_1567_64,CH_1567_2020,1567,2020,3,111.15759|FALOTTA,HANSWIN,2020_1567_71,0.52,same_block_check_diagnostic; pure_check_corandomization_unconfirmed; not_constituent_baseline
2020_1567_64,CH_1567_2020,1567,2020,3,111.15759|FALOTTA,MONTALBANO,2020_1567_62,1.88,same_block_check_diagnostic; pure_check_corandomization_unconfirmed; not_constituent_baseline
2020_3428_16,CH_3428_2020,3428,2020,1,111.15759|FALOTTA,HANSWIN,2020_3428_24,-0.89,same_block_check_diagnostic; pure_check_corandomization_unconfirmed; not_constituent_baseline
2020_3428_16,CH_3428_2020,3428,2020,1,111.15759|FALOTTA,MONTALBANO,2020_3428_21,0.26,same_block_check_diagnostic; pure_check_corandomization_unconfirmed; not_constituent_baseline
2020_3428_32,CH_3428_2020,3428,2020,2,111.15759|FALOTTA,HANSWIN,2020_3428_43,-0.08,same_block_check_diagnostic; pure_check_corandomization_unconfirmed; not_constituent_baseline
2020_3428_32,CH_3428_2020,3428,2020,2,111.15759|FALOTTA,MONTALBANO,2020_3428_29,0.97,same_block_check_diagnostic; pure_check_corandomization_unconfirmed; not_constituent_baseline
2020_3428_64,CH_3428_2020,3428,2020,3,111.15759|FALOTTA,HANSWIN,2020_3428_51,0.41,same_block_check_diagnostic; pure_check_corandomization_unconfirmed; not_constituent_baseline
2020_3428_64,CH_3428_2020,3428,2020,3,111.15759|FALOTTA,MONTALBANO,2020_3428_57,-0.73,same_block_check_diagnostic; pure_check_corandomization_unconfirmed; not_constituent_baseline
2020_8046_5,CH_8046_2020,8046,2020,1,111.15759|FALOTTA,HANSWIN,2020_8046_11,0.8,same_block_check_diagnostic; pure_check_corandomization_unconfirmed; not_constituent_baseline
2020_8046_5,CH_8046_2020,8046,2020,1,111.15759|FALOTTA,MONTALBANO,2020_8046_10,0.68,same_block_check_diagnostic; pure_check_corandomization_unconfirmed; not_constituent_baseline
2020_8046_34,CH_8046_2020,8046,2020,2,111.15759|FALOTTA,HANSWIN,2020_8046_45,0.72,same_block_check_diagnostic; pure_check_corandomization_unconfirmed; not_constituent_baseline
2020_8046_34,CH_8046_2020,8046,2020,2,111.15759|FALOTTA,MONTALBANO,2020_8046_41,1.14,same_block_check_diagnostic; pure_check_corandomization_unconfirmed; not_constituent_baseline
2020_8046_61,CH_8046_2020,8046,2020,3,111.15759|FALOTTA,HANSWIN,2020_8046_57,0.15,same_block_check_diagnostic; pure_check_corandomization_unconfirmed; not_constituent_baseline
2020_8046_61,CH_8046_2020,8046,2020,3,111.15759|FALOTTA,MONTALBANO,2020_8046_54,1.07,same_block_check_diagnostic; pure_check_corandomization_unconfirmed; not_constituent_baseline
2020_8566_6,CH_8566_2020,8566,2020,1,111.15759|FALOTTA,HANSWIN,2020_8566_14,0.98,same_block_check_diagnostic; pure_check_corandomization_unconfirmed; not_constituent_baseline
2020_8566_6,CH_8566_2020,8566,2020,1,111.15759|FALOTTA,MONTALBANO,2020_8566_5,2.19,same_block_check_diagnostic; pure_check_corandomization_unconfirmed; not_constituent_baseline
2020_8566_37,CH_8566_2020,8566,2020,2,111.15759|FALOTTA,HANSWIN,2020_8566_33,-0.2,same_block_check_diagnostic; pure_check_corandomization_unconfirmed; not_constituent_baseline
2020_8566_37,CH_8566_2020,8566,2020,2,111.15759|FALOTTA,MONTALBANO,2020_8566_42,0.75,same_block_check_diagnostic; pure_check_corandomization_unconfirmed; not_constituent_baseline
2020_8566_73,CH_8566_2020,8566,2020,3,111.15759|FALOTTA,HANSWIN,2020_8566_75,-0.52,same_block_check_diagnostic; pure_check_corandomization_unconfirmed; not_constituent_baseline
2020_8566_73,CH_8566_2020,8566,2020,3,111.15759|FALOTTA,MONTALBANO,2020_8566_71,-2.47,same_block_check_diagnostic; pure_check_corandomization_unconfirmed; not_constituent_baseline
2019_1260_18,CH_1260_2019,1260,2019,1,111.15759|PIZNAIR,HANSWIN,2019_1260_12,-1.02,same_block_check_diagnostic; pure_check_corandomization_unconfirmed; not_constituent_baseline
2019_1260_18,CH_1260_2019,1260,2019,1,111.15759|PIZNAIR,MONTALBANO,2019_1260_25,-0.65,same_block_check_diagnostic; pure_check_corandomization_unconfirmed; not_constituent_baseline
2019_1260_49,CH_1260_2019,1260,2019,2,111.15759|PIZNAIR,HANSWIN,2019_1260_27,-1.18,same_block_check_diagnostic; pure_check_corandomization_unconfirmed; not_constituent_baseline
2019_1260_49,CH_1260_2019,1260,2019,2,111.15759|PIZNAIR,MONTALBANO,2019_1260_41,-1.18,same_block_check_diagnostic; pure_check_corandomization_unconfirmed; not_constituent_baseline
2019_1260_65,CH_1260_2019,1260,2019,3,111.15759|PIZNAIR,HANSWIN,2019_1260_75,-0.49,same_block_check_diagnostic; pure_check_corandomization_unconfirmed; not_constituent_baseline
2019_1260_65,CH_1260_2019,1260,2019,3,111.15759|PIZNAIR,MONTALBANO,2019_1260_64,1.17,same_block_check_diagnostic; pure_check_corandomization_unconfirmed; not_constituent_baseline
2019_1567_21,CH_1567_2019,1567,2019,1,111.15759|PIZNAIR,HANSWIN,2019_1567_6,0.01,same_block_check_diagnostic; pure_check_corandomization_unconfirmed; not_constituent_baseline
2019_1567_21,CH_1567_2019,1567,2019,1,111.15759|PIZNAIR,MONTALBANO,2019_1567_20,0.16,same_block_check_diagnostic; pure_check_corandomization_unconfirmed; not_constituent_baseline
2019_1567_37,CH_1567_2019,1567,2019,2,111.15759|PIZNAIR,HANSWIN,2019_1567_40,0.32,same_block_check_diagnostic; pure_check_corandomization_unconfirmed; not_constituent_baseline
2019_1567_37,CH_1567_2019,1567,2019,2,111.15759|PIZNAIR,MONTALBANO,2019_1567_31,0.37,same_block_check_diagnostic; pure_check_corandomization_unconfirmed; not_constituent_baseline
2019_1567_68,CH_1567_2019,1567,2019,3,111.15759|PIZNAIR,HANSWIN,2019_1567_62,0.06,same_block_check_diagnostic; pure_check_corandomization_unconfirmed; not_constituent_baseline
2019_1567_68,CH_1567_2019,1567,2019,3,111.15759|PIZNAIR,MONTALBANO,2019_1567_72,-0.23,same_block_check_diagnostic; pure_check_corandomization_unconfirmed; not_constituent_baseline
2019_3428_9,CH_3428_2019,3428,2019,1,111.15759|PIZNAIR,HANSWIN,2019_3428_22,0.5,same_block_check_diagnostic; pure_check_corandomization_unconfirmed; not_constituent_baseline
2019_3428_9,CH_3428_2019,3428,2019,1,111.15759|PIZNAIR,MONTALBANO,2019_3428_3,0.03,same_block_check_diagnostic; pure_check_corandomization_unconfirmed; not_constituent_baseline
2019_3428_49,CH_3428_2019,3428,2019,2,111.15759|PIZNAIR,HANSWIN,2019_3428_30,0.17,same_block_check_diagnostic; pure_check_corandomization_unconfirmed; not_constituent_baseline
2019_3428_49,CH_3428_2019,3428,2019,2,111.15759|PIZNAIR,MONTALBANO,2019_3428_41,-0.86,same_block_check_diagnostic; pure_check_corandomization_unconfirmed; not_constituent_baseline
2019_3428_61,CH_3428_2019,3428,2019,3,111.15759|PIZNAIR,HANSWIN,2019_3428_69,0.71,same_block_check_diagnostic; pure_check_corandomization_unconfirmed; not_constituent_baseline
2019_3428_61,CH_3428_2019,3428,2019,3,111.15759|PIZNAIR,MONTALBANO,2019_3428_64,0.15,same_block_check_diagnostic; pure_check_corandomization_unconfirmed; not_constituent_baseline
2019_8046_19,CH_8046_2019,8046,2019,1,111.15759|PIZNAIR,HANSWIN,2019_8046_16,0.33,same_block_check_diagnostic; pure_check_corandomization_unconfirmed; not_constituent_baseline
2019_8046_19,CH_8046_2019,8046,2019,1,111.15759|PIZNAIR,MONTALBANO,2019_8046_22,1.21,same_block_check_diagnostic; pure_check_corandomization_unconfirmed; not_constituent_baseline
2019_8046_49,CH_8046_2019,8046,2019,2,111.15759|PIZNAIR,HANSWIN,2019_8046_34,-0.34,same_block_check_diagnostic; pure_check_corandomization_unconfirmed; not_constituent_baseline
2019_8046_49,CH_8046_2019,8046,2019,2,111.15759|PIZNAIR,MONTALBANO,2019_8046_45,-0.85,same_block_check_diagnostic; pure_check_corandomization_unconfirmed; not_constituent_baseline
2019_8046_61,CH_8046_2019,8046,2019,3,111.15759|PIZNAIR,HANSWIN,2019_8046_52,0.29,same_block_check_diagnostic; pure_check_corandomization_unconfirmed; not_constituent_baseline
2019_8046_61,CH_8046_2019,8046,2019,3,111.15759|PIZNAIR,MONTALBANO,2019_8046_59,0.16,same_block_check_diagnostic; pure_check_corandomization_unconfirmed; not_constituent_baseline
2019_8566_15,CH_8566_2019,8566,2019,1,111.15759|PIZNAIR,HANSWIN,2019_8566_10,-0.2,same_block_check_diagnostic; pure_check_corandomization_unconfirmed; not_constituent_baseline
2019_8566_15,CH_8566_2019,8566,2019,1,111.15759|PIZNAIR,MONTALBANO,2019_8566_2,-0.24,same_block_check_diagnostic; pure_check_corandomization_unconfirmed; not_constituent_baseline
2019_8566_42,CH_8566_2019,8566,2019,2,111.15759|PIZNAIR,HANSWIN,2019_8566_41,-0.26,same_block_check_diagnostic; pure_check_corandomization_unconfirmed; not_constituent_baseline
2019_8566_42,CH_8566_2019,8566,2019,2,111.15759|PIZNAIR,MONTALBANO,2019_8566_30,0.54,same_block_check_diagnostic; pure_check_corandomization_unconfirmed; not_constituent_baseline
2019_8566_58,CH_8566_2019,8566,2019,3,111.15759|PIZNAIR,HANSWIN,2019_8566_53,0.29,same_block_check_diagnostic; pure_check_corandomization_unconfirmed; not_constituent_baseline
2019_8566_58,CH_8566_2019,8566,2019,3,111.15759|PIZNAIR,MONTALBANO,2019_8566_59,-0.12,same_block_check_diagnostic; pure_check_corandomization_unconfirmed; not_constituent_baseline
2020_1260_20,CH_1260_2020,1260,2020,1,111.16041|111.16408,HANSWIN,2020_1260_16,0.43,same_block_check_diagnostic; pure_check_corandomization_unconfirmed; not_constituent_baseline
2020_1260_20,CH_1260_2020,1260,2020,1,111.16041|111.16408,MONTALBANO,2020_1260_7,-0.05,same_block_check_diagnostic; pure_check_corandomization_unconfirmed; not_constituent_baseline
2020_1260_31,CH_1260_2020,1260,2020,2,111.16041|111.16408,HANSWIN,2020_1260_49,1.72,same_block_check_diagnostic; pure_check_corandomization_unconfirmed; not_constituent_baseline
2020_1260_31,CH_1260_2020,1260,2020,2,111.16041|111.16408,MONTALBANO,2020_1260_30,0.94,same_block_check_diagnostic; pure_check_corandomization_unconfirmed; not_constituent_baseline
2020_1260_62,CH_1260_2020,1260,2020,3,111.16041|111.16408,HANSWIN,2020_1260_53,0.67,same_block_check_diagnostic; pure_check_corandomization_unconfirmed; not_constituent_baseline
2020_1260_62,CH_1260_2020,1260,2020,3,111.16041|111.16408,MONTALBANO,2020_1260_66,1.16,same_block_check_diagnostic; pure_check_corandomization_unconfirmed; not_constituent_baseline
2020_1567_35,CH_1567_2020,1567,2020,2,111.16041|111.16408,HANSWIN,2020_1567_34,0.43,same_block_check_diagnostic; pure_check_corandomization_unconfirmed; not_constituent_baseline
2020_1567_35,CH_1567_2020,1567,2020,2,111.16041|111.16408,MONTALBANO,2020_1567_45,1.07,same_block_check_diagnostic; pure_check_corandomization_unconfirmed; not_constituent_baseline
2020_1567_53,CH_1567_2020,1567,2020,3,111.16041|111.16408,HANSWIN,2020_1567_71,0.73,same_block_check_diagnostic; pure_check_corandomization_unconfirmed; not_constituent_baseline
2020_1567_53,CH_1567_2020,1567,2020,3,111.16041|111.16408,MONTALBANO,2020_1567_62,2.09,same_block_check_diagnostic; pure_check_corandomization_unconfirmed; not_constituent_baseline
2020_3428_17,CH_3428_2020,3428,2020,1,111.16041|111.16408,HANSWIN,2020_3428_24,-0.23,same_block_check_diagnostic; pure_check_corandomization_unconfirmed; not_constituent_baseline
2020_3428_17,CH_3428_2020,3428,2020,1,111.16041|111.16408,MONTALBANO,2020_3428_21,0.92,same_block_check_diagnostic; pure_check_corandomization_unconfirmed; not_constituent_baseline
2020_3428_49,CH_3428_2020,3428,2020,2,111.16041|111.16408,HANSWIN,2020_3428_43,-0.29,same_block_check_diagnostic; pure_check_corandomization_unconfirmed; not_constituent_baseline
2020_3428_49,CH_3428_2020,3428,2020,2,111.16041|111.16408,MONTALBANO,2020_3428_29,0.76,same_block_check_diagnostic; pure_check_corandomization_unconfirmed; not_constituent_baseline
2020_3428_60,CH_3428_2020,3428,2020,3,111.16041|111.16408,HANSWIN,2020_3428_51,1.15,same_block_check_diagnostic; pure_check_corandomization_unconfirmed; not_constituent_baseline
2020_3428_60,CH_3428_2020,3428,2020,3,111.16041|111.16408,MONTALBANO,2020_3428_57,0.01,same_block_check_diagnostic; pure_check_corandomization_unconfirmed; not_constituent_baseline
2020_8046_3,CH_8046_2020,8046,2020,1,111.16041|111.16408,HANSWIN,2020_8046_11,1.22,same_block_check_diagnostic; pure_check_corandomization_unconfirmed; not_constituent_baseline
2020_8046_3,CH_8046_2020,8046,2020,1,111.16041|111.16408,MONTALBANO,2020_8046_10,1.1,same_block_check_diagnostic; pure_check_corandomization_unconfirmed; not_constituent_baseline
2020_8046_50,CH_8046_2020,8046,2020,2,111.16041|111.16408,HANSWIN,2020_8046_45,0.75,same_block_check_diagnostic; pure_check_corandomization_unconfirmed; not_constituent_baseline
2020_8046_50,CH_8046_2020,8046,2020,2,111.16041|111.16408,MONTALBANO,2020_8046_41,1.17,same_block_check_diagnostic; pure_check_corandomization_unconfirmed; not_constituent_baseline
2020_8046_59,CH_8046_2020,8046,2020,3,111.16041|111.16408,HANSWIN,2020_8046_57,0.1,same_block_check_diagnostic; pure_check_corandomization_unconfirmed; not_constituent_baseline
2020_8046_59,CH_8046_2020,8046,2020,3,111.16041|111.16408,MONTALBANO,2020_8046_54,1.02,same_block_check_diagnostic; pure_check_corandomization_unconfirmed; not_constituent_baseline
2020_8566_22,CH_8566_2020,8566,2020,1,111.16041|111.16408,HANSWIN,2020_8566_14,-1.35,same_block_check_diagnostic; pure_check_corandomization_unconfirmed; not_constituent_baseline
2020_8566_22,CH_8566_2020,8566,2020,1,111.16041|111.16408,MONTALBANO,2020_8566_5,-0.14,same_block_check_diagnostic; pure_check_corandomization_unconfirmed; not_constituent_baseline
2020_8566_35,CH_8566_2020,8566,2020,2,111.16041|111.16408,HANSWIN,2020_8566_33,0.12,same_block_check_diagnostic; pure_check_corandomization_unconfirmed; not_constituent_baseline
2020_8566_35,CH_8566_2020,8566,2020,2,111.16041|111.16408,MONTALBANO,2020_8566_42,1.07,same_block_check_diagnostic; pure_check_corandomization_unconfirmed; not_constituent_baseline
2020_8566_68,CH_8566_2020,8566,2020,3,111.16041|111.16408,HANSWIN,2020_8566_75,0.34,same_block_check_diagnostic; pure_check_corandomization_unconfirmed; not_constituent_baseline
2020_8566_68,CH_8566_2020,8566,2020,3,111.16041|111.16408,MONTALBANO,2020_8566_71,-1.61,same_block_check_diagnostic; pure_check_corandomization_unconfirmed; not_constituent_baseline
2020_1260_13,CH_1260_2020,1260,2020,1,111.16224|111.16278,HANSWIN,2020_1260_16,1.08,same_block_check_diagnostic; pure_check_corandomization_unconfirmed; not_constituent_baseline
2020_1260_13,CH_1260_2020,1260,2020,1,111.16224|111.16278,MONTALBANO,2020_1260_7,0.6,same_block_check_diagnostic; pure_check_corandomization_unconfirmed; not_constituent_baseline
2020_1260_50,CH_1260_2020,1260,2020,2,111.16224|111.16278,HANSWIN,2020_1260_49,-0.61,same_block_check_diagnostic; pure_check_corandomization_unconfirmed; not_constituent_baseline
2020_1260_50,CH_1260_2020,1260,2020,2,111.16224|111.16278,MONTALBANO,2020_1260_30,-1.39,same_block_check_diagnostic; pure_check_corandomization_unconfirmed; not_constituent_baseline
2020_1260_57,CH_1260_2020,1260,2020,3,111.16224|111.16278,HANSWIN,2020_1260_53,0.09,same_block_check_diagnostic; pure_check_corandomization_unconfirmed; not_constituent_baseline
2020_1260_57,CH_1260_2020,1260,2020,3,111.16224|111.16278,MONTALBANO,2020_1260_66,0.58,same_block_check_diagnostic; pure_check_corandomization_unconfirmed; not_constituent_baseline
2020_1567_38,CH_1567_2020,1567,2020,2,111.16224|111.16278,HANSWIN,2020_1567_34,0.77,same_block_check_diagnostic; pure_check_corandomization_unconfirmed; not_constituent_baseline
2020_1567_38,CH_1567_2020,1567,2020,2,111.16224|111.16278,MONTALBANO,2020_1567_45,1.41,same_block_check_diagnostic; pure_check_corandomization_unconfirmed; not_constituent_baseline
2020_1567_67,CH_1567_2020,1567,2020,3,111.16224|111.16278,HANSWIN,2020_1567_71,0.51,same_block_check_diagnostic; pure_check_corandomization_unconfirmed; not_constituent_baseline
2020_1567_67,CH_1567_2020,1567,2020,3,111.16224|111.16278,MONTALBANO,2020_1567_62,1.87,same_block_check_diagnostic; pure_check_corandomization_unconfirmed; not_constituent_baseline
2020_3428_11,CH_3428_2020,3428,2020,1,111.16224|111.16278,HANSWIN,2020_3428_24,-0.15,same_block_check_diagnostic; pure_check_corandomization_unconfirmed; not_constituent_baseline
2020_3428_11,CH_3428_2020,3428,2020,1,111.16224|111.16278,MONTALBANO,2020_3428_21,1,same_block_check_diagnostic; pure_check_corandomization_unconfirmed; not_constituent_baseline
2020_3428_33,CH_3428_2020,3428,2020,2,111.16224|111.16278,HANSWIN,2020_3428_43,0.03,same_block_check_diagnostic; pure_check_corandomization_unconfirmed; not_constituent_baseline
2020_3428_33,CH_3428_2020,3428,2020,2,111.16224|111.16278,MONTALBANO,2020_3428_29,1.08,same_block_check_diagnostic; pure_check_corandomization_unconfirmed; not_constituent_baseline
2020_3428_74,CH_3428_2020,3428,2020,3,111.16224|111.16278,HANSWIN,2020_3428_51,0.51,same_block_check_diagnostic; pure_check_corandomization_unconfirmed; not_constituent_baseline
2020_3428_74,CH_3428_2020,3428,2020,3,111.16224|111.16278,MONTALBANO,2020_3428_57,-0.63,same_block_check_diagnostic; pure_check_corandomization_unconfirmed; not_constituent_baseline
2020_8046_8,CH_8046_2020,8046,2020,1,111.16224|111.16278,HANSWIN,2020_8046_11,0.76,same_block_check_diagnostic; pure_check_corandomization_unconfirmed; not_constituent_baseline
2020_8046_8,CH_8046_2020,8046,2020,1,111.16224|111.16278,MONTALBANO,2020_8046_10,0.64,same_block_check_diagnostic; pure_check_corandomization_unconfirmed; not_constituent_baseline
2020_8046_27,CH_8046_2020,8046,2020,2,111.16224|111.16278,HANSWIN,2020_8046_45,1.07,same_block_check_diagnostic; pure_check_corandomization_unconfirmed; not_constituent_baseline
2020_8046_27,CH_8046_2020,8046,2020,2,111.16224|111.16278,MONTALBANO,2020_8046_41,1.49,same_block_check_diagnostic; pure_check_corandomization_unconfirmed; not_constituent_baseline
2020_8046_71,CH_8046_2020,8046,2020,3,111.16224|111.16278,HANSWIN,2020_8046_57,0.84,same_block_check_diagnostic; pure_check_corandomization_unconfirmed; not_constituent_baseline
2020_8046_71,CH_8046_2020,8046,2020,3,111.16224|111.16278,MONTALBANO,2020_8046_54,1.76,same_block_check_diagnostic; pure_check_corandomization_unconfirmed; not_constituent_baseline
2020_8566_16,CH_8566_2020,8566,2020,1,111.16224|111.16278,HANSWIN,2020_8566_14,2.01,same_block_check_diagnostic; pure_check_corandomization_unconfirmed; not_constituent_baseline
2020_8566_16,CH_8566_2020,8566,2020,1,111.16224|111.16278,MONTALBANO,2020_8566_5,3.22,same_block_check_diagnostic; pure_check_corandomization_unconfirmed; not_constituent_baseline
2020_8566_29,CH_8566_2020,8566,2020,2,111.16224|111.16278,HANSWIN,2020_8566_33,-0.57,same_block_check_diagnostic; pure_check_corandomization_unconfirmed; not_constituent_baseline
2020_8566_29,CH_8566_2020,8566,2020,2,111.16224|111.16278,MONTALBANO,2020_8566_42,0.38,same_block_check_diagnostic; pure_check_corandomization_unconfirmed; not_constituent_baseline
2020_8566_60,CH_8566_2020,8566,2020,3,111.16224|111.16278,HANSWIN,2020_8566_75,0.02,same_block_check_diagnostic; pure_check_corandomization_unconfirmed; not_constituent_baseline
2020_8566_60,CH_8566_2020,8566,2020,3,111.16224|111.16278,MONTALBANO,2020_8566_71,-1.93,same_block_check_diagnostic; pure_check_corandomization_unconfirmed; not_constituent_baseline
2019_1260_16,CH_1260_2019,1260,2019,1,ALPVAL|CADLIMO,HANSWIN,2019_1260_12,-0.31,same_block_check_diagnostic; pure_check_corandomization_unconfirmed; not_constituent_baseline
2019_1260_16,CH_1260_2019,1260,2019,1,ALPVAL|CADLIMO,MONTALBANO,2019_1260_25,0.06,same_block_check_diagnostic; pure_check_corandomization_unconfirmed; not_constituent_baseline
2019_1260_39,CH_1260_2019,1260,2019,2,ALPVAL|CADLIMO,HANSWIN,2019_1260_27,-0.7,same_block_check_diagnostic; pure_check_corandomization_unconfirmed; not_constituent_baseline
2019_1260_39,CH_1260_2019,1260,2019,2,ALPVAL|CADLIMO,MONTALBANO,2019_1260_41,-0.7,same_block_check_diagnostic; pure_check_corandomization_unconfirmed; not_constituent_baseline
2019_1260_53,CH_1260_2019,1260,2019,3,ALPVAL|CADLIMO,HANSWIN,2019_1260_75,-0.28,same_block_check_diagnostic; pure_check_corandomization_unconfirmed; not_constituent_baseline
2019_1260_53,CH_1260_2019,1260,2019,3,ALPVAL|CADLIMO,MONTALBANO,2019_1260_64,1.38,same_block_check_diagnostic; pure_check_corandomization_unconfirmed; not_constituent_baseline
2019_1567_14,CH_1567_2019,1567,2019,1,ALPVAL|CADLIMO,HANSWIN,2019_1567_6,-0.38,same_block_check_diagnostic; pure_check_corandomization_unconfirmed; not_constituent_baseline
2019_1567_14,CH_1567_2019,1567,2019,1,ALPVAL|CADLIMO,MONTALBANO,2019_1567_20,-0.23,same_block_check_diagnostic; pure_check_corandomization_unconfirmed; not_constituent_baseline
2019_1567_44,CH_1567_2019,1567,2019,2,ALPVAL|CADLIMO,HANSWIN,2019_1567_40,0.02,same_block_check_diagnostic; pure_check_corandomization_unconfirmed; not_constituent_baseline
2019_1567_44,CH_1567_2019,1567,2019,2,ALPVAL|CADLIMO,MONTALBANO,2019_1567_31,0.07,same_block_check_diagnostic; pure_check_corandomization_unconfirmed; not_constituent_baseline
2019_1567_55,CH_1567_2019,1567,2019,3,ALPVAL|CADLIMO,HANSWIN,2019_1567_62,0.22,same_block_check_diagnostic; pure_check_corandomization_unconfirmed; not_constituent_baseline
2019_1567_55,CH_1567_2019,1567,2019,3,ALPVAL|CADLIMO,MONTALBANO,2019_1567_72,-0.07,same_block_check_diagnostic; pure_check_corandomization_unconfirmed; not_constituent_baseline
2019_3428_16,CH_3428_2019,3428,2019,1,ALPVAL|CADLIMO,HANSWIN,2019_3428_22,0.83,same_block_check_diagnostic; pure_check_corandomization_unconfirmed; not_constituent_baseline
2019_3428_16,CH_3428_2019,3428,2019,1,ALPVAL|CADLIMO,MONTALBANO,2019_3428_3,0.36,same_block_check_diagnostic; pure_check_corandomization_unconfirmed; not_constituent_baseline
2019_3428_32,CH_3428_2019,3428,2019,2,ALPVAL|CADLIMO,HANSWIN,2019_3428_30,0.84,same_block_check_diagnostic; pure_check_corandomization_unconfirmed; not_constituent_baseline
2019_3428_32,CH_3428_2019,3428,2019,2,ALPVAL|CADLIMO,MONTALBANO,2019_3428_41,-0.19,same_block_check_diagnostic; pure_check_corandomization_unconfirmed; not_constituent_baseline
2019_3428_73,CH_3428_2019,3428,2019,3,ALPVAL|CADLIMO,HANSWIN,2019_3428_69,0.43,same_block_check_diagnostic; pure_check_corandomization_unconfirmed; not_constituent_baseline
2019_3428_73,CH_3428_2019,3428,2019,3,ALPVAL|CADLIMO,MONTALBANO,2019_3428_64,-0.13,same_block_check_diagnostic; pure_check_corandomization_unconfirmed; not_constituent_baseline
2019_8046_3,CH_8046_2019,8046,2019,1,ALPVAL|CADLIMO,HANSWIN,2019_8046_16,0.04,same_block_check_diagnostic; pure_check_corandomization_unconfirmed; not_constituent_baseline
2019_8046_3,CH_8046_2019,8046,2019,1,ALPVAL|CADLIMO,MONTALBANO,2019_8046_22,0.92,same_block_check_diagnostic; pure_check_corandomization_unconfirmed; not_constituent_baseline
2019_8046_38,CH_8046_2019,8046,2019,2,ALPVAL|CADLIMO,HANSWIN,2019_8046_34,-0.06,same_block_check_diagnostic; pure_check_corandomization_unconfirmed; not_constituent_baseline
2019_8046_38,CH_8046_2019,8046,2019,2,ALPVAL|CADLIMO,MONTALBANO,2019_8046_45,-0.57,same_block_check_diagnostic; pure_check_corandomization_unconfirmed; not_constituent_baseline
2019_8046_74,CH_8046_2019,8046,2019,3,ALPVAL|CADLIMO,HANSWIN,2019_8046_52,-0.08,same_block_check_diagnostic; pure_check_corandomization_unconfirmed; not_constituent_baseline
2019_8046_74,CH_8046_2019,8046,2019,3,ALPVAL|CADLIMO,MONTALBANO,2019_8046_59,-0.21,same_block_check_diagnostic; pure_check_corandomization_unconfirmed; not_constituent_baseline
2019_8566_4,CH_8566_2019,8566,2019,1,ALPVAL|CADLIMO,HANSWIN,2019_8566_10,-0.07,same_block_check_diagnostic; pure_check_corandomization_unconfirmed; not_constituent_baseline
2019_8566_4,CH_8566_2019,8566,2019,1,ALPVAL|CADLIMO,MONTALBANO,2019_8566_2,-0.11,same_block_check_diagnostic; pure_check_corandomization_unconfirmed; not_constituent_baseline
2019_8566_50,CH_8566_2019,8566,2019,2,ALPVAL|CADLIMO,HANSWIN,2019_8566_41,-0.14,same_block_check_diagnostic; pure_check_corandomization_unconfirmed; not_constituent_baseline
2019_8566_50,CH_8566_2019,8566,2019,2,ALPVAL|CADLIMO,MONTALBANO,2019_8566_30,0.66,same_block_check_diagnostic; pure_check_corandomization_unconfirmed; not_constituent_baseline
2019_8566_56,CH_8566_2019,8566,2019,3,ALPVAL|CADLIMO,HANSWIN,2019_8566_53,1.15,same_block_check_diagnostic; pure_check_corandomization_unconfirmed; not_constituent_baseline
2019_8566_56,CH_8566_2019,8566,2019,3,ALPVAL|CADLIMO,MONTALBANO,2019_8566_59,0.74,same_block_check_diagnostic; pure_check_corandomization_unconfirmed; not_constituent_baseline
2020_1260_23,CH_1260_2020,1260,2020,1,ALPVAL|CADLIMO,HANSWIN,2020_1260_16,0.28,same_block_check_diagnostic; pure_check_corandomization_unconfirmed; not_constituent_baseline
2020_1260_23,CH_1260_2020,1260,2020,1,ALPVAL|CADLIMO,MONTALBANO,2020_1260_7,-0.2,same_block_check_diagnostic; pure_check_corandomization_unconfirmed; not_constituent_baseline
2020_1260_29,CH_1260_2020,1260,2020,2,ALPVAL|CADLIMO,HANSWIN,2020_1260_49,0.16,same_block_check_diagnostic; pure_check_corandomization_unconfirmed; not_constituent_baseline
2020_1260_29,CH_1260_2020,1260,2020,2,ALPVAL|CADLIMO,MONTALBANO,2020_1260_30,-0.62,same_block_check_diagnostic; pure_check_corandomization_unconfirmed; not_constituent_baseline
2020_1260_61,CH_1260_2020,1260,2020,3,ALPVAL|CADLIMO,HANSWIN,2020_1260_53,-1.04,same_block_check_diagnostic; pure_check_corandomization_unconfirmed; not_constituent_baseline
2020_1260_61,CH_1260_2020,1260,2020,3,ALPVAL|CADLIMO,MONTALBANO,2020_1260_66,-0.55,same_block_check_diagnostic; pure_check_corandomization_unconfirmed; not_constituent_baseline
2020_1567_36,CH_1567_2020,1567,2020,2,ALPVAL|CADLIMO,HANSWIN,2020_1567_34,0.65,same_block_check_diagnostic; pure_check_corandomization_unconfirmed; not_constituent_baseline
2020_1567_36,CH_1567_2020,1567,2020,2,ALPVAL|CADLIMO,MONTALBANO,2020_1567_45,1.29,same_block_check_diagnostic; pure_check_corandomization_unconfirmed; not_constituent_baseline
2020_1567_69,CH_1567_2020,1567,2020,3,ALPVAL|CADLIMO,HANSWIN,2020_1567_71,-0.53,same_block_check_diagnostic; pure_check_corandomization_unconfirmed; not_constituent_baseline
2020_1567_69,CH_1567_2020,1567,2020,3,ALPVAL|CADLIMO,MONTALBANO,2020_1567_62,0.83,same_block_check_diagnostic; pure_check_corandomization_unconfirmed; not_constituent_baseline
2020_3428_22,CH_3428_2020,3428,2020,1,ALPVAL|CADLIMO,HANSWIN,2020_3428_24,-0.36,same_block_check_diagnostic; pure_check_corandomization_unconfirmed; not_constituent_baseline
2020_3428_22,CH_3428_2020,3428,2020,1,ALPVAL|CADLIMO,MONTALBANO,2020_3428_21,0.79,same_block_check_diagnostic; pure_check_corandomization_unconfirmed; not_constituent_baseline
2020_3428_35,CH_3428_2020,3428,2020,2,ALPVAL|CADLIMO,HANSWIN,2020_3428_43,-0.13,same_block_check_diagnostic; pure_check_corandomization_unconfirmed; not_constituent_baseline
2020_3428_35,CH_3428_2020,3428,2020,2,ALPVAL|CADLIMO,MONTALBANO,2020_3428_29,0.92,same_block_check_diagnostic; pure_check_corandomization_unconfirmed; not_constituent_baseline
2020_3428_63,CH_3428_2020,3428,2020,3,ALPVAL|CADLIMO,HANSWIN,2020_3428_51,0.51,same_block_check_diagnostic; pure_check_corandomization_unconfirmed; not_constituent_baseline
2020_3428_63,CH_3428_2020,3428,2020,3,ALPVAL|CADLIMO,MONTALBANO,2020_3428_57,-0.63,same_block_check_diagnostic; pure_check_corandomization_unconfirmed; not_constituent_baseline
2020_8046_15,CH_8046_2020,8046,2020,1,ALPVAL|CADLIMO,HANSWIN,2020_8046_11,0.17,same_block_check_diagnostic; pure_check_corandomization_unconfirmed; not_constituent_baseline
2020_8046_15,CH_8046_2020,8046,2020,1,ALPVAL|CADLIMO,MONTALBANO,2020_8046_10,0.05,same_block_check_diagnostic; pure_check_corandomization_unconfirmed; not_constituent_baseline
2020_8046_47,CH_8046_2020,8046,2020,2,ALPVAL|CADLIMO,HANSWIN,2020_8046_45,0.13,same_block_check_diagnostic; pure_check_corandomization_unconfirmed; not_constituent_baseline
2020_8046_47,CH_8046_2020,8046,2020,2,ALPVAL|CADLIMO,MONTALBANO,2020_8046_41,0.55,same_block_check_diagnostic; pure_check_corandomization_unconfirmed; not_constituent_baseline
2020_8046_58,CH_8046_2020,8046,2020,3,ALPVAL|CADLIMO,HANSWIN,2020_8046_57,-0.75,same_block_check_diagnostic; pure_check_corandomization_unconfirmed; not_constituent_baseline
2020_8046_58,CH_8046_2020,8046,2020,3,ALPVAL|CADLIMO,MONTALBANO,2020_8046_54,0.17,same_block_check_diagnostic; pure_check_corandomization_unconfirmed; not_constituent_baseline
2020_8566_11,CH_8566_2020,8566,2020,1,ALPVAL|CADLIMO,HANSWIN,2020_8566_14,1.05,same_block_check_diagnostic; pure_check_corandomization_unconfirmed; not_constituent_baseline
2020_8566_11,CH_8566_2020,8566,2020,1,ALPVAL|CADLIMO,MONTALBANO,2020_8566_5,2.26,same_block_check_diagnostic; pure_check_corandomization_unconfirmed; not_constituent_baseline
2020_8566_50,CH_8566_2020,8566,2020,2,ALPVAL|CADLIMO,HANSWIN,2020_8566_33,-0.75,same_block_check_diagnostic; pure_check_corandomization_unconfirmed; not_constituent_baseline
2020_8566_50,CH_8566_2020,8566,2020,2,ALPVAL|CADLIMO,MONTALBANO,2020_8566_42,0.2,same_block_check_diagnostic; pure_check_corandomization_unconfirmed; not_constituent_baseline
2020_8566_59,CH_8566_2020,8566,2020,3,ALPVAL|CADLIMO,HANSWIN,2020_8566_75,-0.4,same_block_check_diagnostic; pure_check_corandomization_unconfirmed; not_constituent_baseline
2020_8566_59,CH_8566_2020,8566,2020,3,ALPVAL|CADLIMO,MONTALBANO,2020_8566_71,-2.35,same_block_check_diagnostic; pure_check_corandomization_unconfirmed; not_constituent_baseline
2019_1260_23,CH_1260_2019,1260,2019,1,ALPVAL|FALOTTA,HANSWIN,2019_1260_12,-0.77,same_block_check_diagnostic; pure_check_corandomization_unconfirmed; not_constituent_baseline
2019_1260_23,CH_1260_2019,1260,2019,1,ALPVAL|FALOTTA,MONTALBANO,2019_1260_25,-0.4,same_block_check_diagnostic; pure_check_corandomization_unconfirmed; not_constituent_baseline
2019_1260_46,CH_1260_2019,1260,2019,2,ALPVAL|FALOTTA,HANSWIN,2019_1260_27,-0.68,same_block_check_diagnostic; pure_check_corandomization_unconfirmed; not_constituent_baseline
2019_1260_46,CH_1260_2019,1260,2019,2,ALPVAL|FALOTTA,MONTALBANO,2019_1260_41,-0.68,same_block_check_diagnostic; pure_check_corandomization_unconfirmed; not_constituent_baseline
2019_1260_55,CH_1260_2019,1260,2019,3,ALPVAL|FALOTTA,HANSWIN,2019_1260_75,-0.81,same_block_check_diagnostic; pure_check_corandomization_unconfirmed; not_constituent_baseline
2019_1260_55,CH_1260_2019,1260,2019,3,ALPVAL|FALOTTA,MONTALBANO,2019_1260_64,0.85,same_block_check_diagnostic; pure_check_corandomization_unconfirmed; not_constituent_baseline
2019_1567_11,CH_1567_2019,1567,2019,1,ALPVAL|FALOTTA,HANSWIN,2019_1567_6,0.19,same_block_check_diagnostic; pure_check_corandomization_unconfirmed; not_constituent_baseline
2019_1567_11,CH_1567_2019,1567,2019,1,ALPVAL|FALOTTA,MONTALBANO,2019_1567_20,0.34,same_block_check_diagnostic; pure_check_corandomization_unconfirmed; not_constituent_baseline
2019_1567_57,CH_1567_2019,1567,2019,3,ALPVAL|FALOTTA,HANSWIN,2019_1567_62,0.69,same_block_check_diagnostic; pure_check_corandomization_unconfirmed; not_constituent_baseline
2019_1567_57,CH_1567_2019,1567,2019,3,ALPVAL|FALOTTA,MONTALBANO,2019_1567_72,0.4,same_block_check_diagnostic; pure_check_corandomization_unconfirmed; not_constituent_baseline
2019_3428_15,CH_3428_2019,3428,2019,1,ALPVAL|FALOTTA,HANSWIN,2019_3428_22,1.35,same_block_check_diagnostic; pure_check_corandomization_unconfirmed; not_constituent_baseline
2019_3428_15,CH_3428_2019,3428,2019,1,ALPVAL|FALOTTA,MONTALBANO,2019_3428_3,0.88,same_block_check_diagnostic; pure_check_corandomization_unconfirmed; not_constituent_baseline
2019_3428_38,CH_3428_2019,3428,2019,2,ALPVAL|FALOTTA,HANSWIN,2019_3428_30,0.9,same_block_check_diagnostic; pure_check_corandomization_unconfirmed; not_constituent_baseline
2019_3428_38,CH_3428_2019,3428,2019,2,ALPVAL|FALOTTA,MONTALBANO,2019_3428_41,-0.13,same_block_check_diagnostic; pure_check_corandomization_unconfirmed; not_constituent_baseline
2019_3428_71,CH_3428_2019,3428,2019,3,ALPVAL|FALOTTA,HANSWIN,2019_3428_69,0.64,same_block_check_diagnostic; pure_check_corandomization_unconfirmed; not_constituent_baseline
2019_3428_71,CH_3428_2019,3428,2019,3,ALPVAL|FALOTTA,MONTALBANO,2019_3428_64,0.08,same_block_check_diagnostic; pure_check_corandomization_unconfirmed; not_constituent_baseline
2019_8046_20,CH_8046_2019,8046,2019,1,ALPVAL|FALOTTA,HANSWIN,2019_8046_16,0.58,same_block_check_diagnostic; pure_check_corandomization_unconfirmed; not_constituent_baseline
2019_8046_20,CH_8046_2019,8046,2019,1,ALPVAL|FALOTTA,MONTALBANO,2019_8046_22,1.46,same_block_check_diagnostic; pure_check_corandomization_unconfirmed; not_constituent_baseline
2019_8046_29,CH_8046_2019,8046,2019,2,ALPVAL|FALOTTA,HANSWIN,2019_8046_34,0.12,same_block_check_diagnostic; pure_check_corandomization_unconfirmed; not_constituent_baseline
2019_8046_29,CH_8046_2019,8046,2019,2,ALPVAL|FALOTTA,MONTALBANO,2019_8046_45,-0.39,same_block_check_diagnostic; pure_check_corandomization_unconfirmed; not_constituent_baseline
2019_8046_63,CH_8046_2019,8046,2019,3,ALPVAL|FALOTTA,HANSWIN,2019_8046_52,0.59,same_block_check_diagnostic; pure_check_corandomization_unconfirmed; not_constituent_baseline
2019_8046_63,CH_8046_2019,8046,2019,3,ALPVAL|FALOTTA,MONTALBANO,2019_8046_59,0.46,same_block_check_diagnostic; pure_check_corandomization_unconfirmed; not_constituent_baseline
2019_8566_24,CH_8566_2019,8566,2019,1,ALPVAL|FALOTTA,HANSWIN,2019_8566_10,-0.04,same_block_check_diagnostic; pure_check_corandomization_unconfirmed; not_constituent_baseline
2019_8566_24,CH_8566_2019,8566,2019,1,ALPVAL|FALOTTA,MONTALBANO,2019_8566_2,-0.08,same_block_check_diagnostic; pure_check_corandomization_unconfirmed; not_constituent_baseline
2019_8566_49,CH_8566_2019,8566,2019,2,ALPVAL|FALOTTA,HANSWIN,2019_8566_41,0.12,same_block_check_diagnostic; pure_check_corandomization_unconfirmed; not_constituent_baseline
2019_8566_49,CH_8566_2019,8566,2019,2,ALPVAL|FALOTTA,MONTALBANO,2019_8566_30,0.92,same_block_check_diagnostic; pure_check_corandomization_unconfirmed; not_constituent_baseline
2019_8566_55,CH_8566_2019,8566,2019,3,ALPVAL|FALOTTA,HANSWIN,2019_8566_53,0.76,same_block_check_diagnostic; pure_check_corandomization_unconfirmed; not_constituent_baseline
2019_8566_55,CH_8566_2019,8566,2019,3,ALPVAL|FALOTTA,MONTALBANO,2019_8566_59,0.35,same_block_check_diagnostic; pure_check_corandomization_unconfirmed; not_constituent_baseline
2020_1260_5,CH_1260_2020,1260,2020,1,ALPVAL|FALOTTA,HANSWIN,2020_1260_16,-0.3,same_block_check_diagnostic; pure_check_corandomization_unconfirmed; not_constituent_baseline
2020_1260_5,CH_1260_2020,1260,2020,1,ALPVAL|FALOTTA,MONTALBANO,2020_1260_7,-0.78,same_block_check_diagnostic; pure_check_corandomization_unconfirmed; not_constituent_baseline
2020_1260_39,CH_1260_2020,1260,2020,2,ALPVAL|FALOTTA,HANSWIN,2020_1260_49,-0.85,same_block_check_diagnostic; pure_check_corandomization_unconfirmed; not_constituent_baseline
2020_1260_39,CH_1260_2020,1260,2020,2,ALPVAL|FALOTTA,MONTALBANO,2020_1260_30,-1.63,same_block_check_diagnostic; pure_check_corandomization_unconfirmed; not_constituent_baseline
2020_1260_71,CH_1260_2020,1260,2020,3,ALPVAL|FALOTTA,HANSWIN,2020_1260_53,-1.1,same_block_check_diagnostic; pure_check_corandomization_unconfirmed; not_constituent_baseline
2020_1260_71,CH_1260_2020,1260,2020,3,ALPVAL|FALOTTA,MONTALBANO,2020_1260_66,-0.61,same_block_check_diagnostic; pure_check_corandomization_unconfirmed; not_constituent_baseline
2020_1567_40,CH_1567_2020,1567,2020,2,ALPVAL|FALOTTA,HANSWIN,2020_1567_34,-0.87,same_block_check_diagnostic; pure_check_corandomization_unconfirmed; not_constituent_baseline
2020_1567_40,CH_1567_2020,1567,2020,2,ALPVAL|FALOTTA,MONTALBANO,2020_1567_45,-0.23,same_block_check_diagnostic; pure_check_corandomization_unconfirmed; not_constituent_baseline
2020_1567_58,CH_1567_2020,1567,2020,3,ALPVAL|FALOTTA,HANSWIN,2020_1567_71,-1.28,same_block_check_diagnostic; pure_check_corandomization_unconfirmed; not_constituent_baseline
2020_1567_58,CH_1567_2020,1567,2020,3,ALPVAL|FALOTTA,MONTALBANO,2020_1567_62,0.08,same_block_check_diagnostic; pure_check_corandomization_unconfirmed; not_constituent_baseline
2020_3428_19,CH_3428_2020,3428,2020,1,ALPVAL|FALOTTA,HANSWIN,2020_3428_24,-0.63,same_block_check_diagnostic; pure_check_corandomization_unconfirmed; not_constituent_baseline
2020_3428_19,CH_3428_2020,3428,2020,1,ALPVAL|FALOTTA,MONTALBANO,2020_3428_21,0.52,same_block_check_diagnostic; pure_check_corandomization_unconfirmed; not_constituent_baseline
2020_3428_30,CH_3428_2020,3428,2020,2,ALPVAL|FALOTTA,HANSWIN,2020_3428_43,0.43,same_block_check_diagnostic; pure_check_corandomization_unconfirmed; not_constituent_baseline
2020_3428_30,CH_3428_2020,3428,2020,2,ALPVAL|FALOTTA,MONTALBANO,2020_3428_29,1.48,same_block_check_diagnostic; pure_check_corandomization_unconfirmed; not_constituent_baseline
2020_3428_72,CH_3428_2020,3428,2020,3,ALPVAL|FALOTTA,HANSWIN,2020_3428_51,-0.11,same_block_check_diagnostic; pure_check_corandomization_unconfirmed; not_constituent_baseline
2020_3428_72,CH_3428_2020,3428,2020,3,ALPVAL|FALOTTA,MONTALBANO,2020_3428_57,-1.25,same_block_check_diagnostic; pure_check_corandomization_unconfirmed; not_constituent_baseline
2020_8046_22,CH_8046_2020,8046,2020,1,ALPVAL|FALOTTA,HANSWIN,2020_8046_11,-0.03,same_block_check_diagnostic; pure_check_corandomization_unconfirmed; not_constituent_baseline
2020_8046_22,CH_8046_2020,8046,2020,1,ALPVAL|FALOTTA,MONTALBANO,2020_8046_10,-0.15,same_block_check_diagnostic; pure_check_corandomization_unconfirmed; not_constituent_baseline
2020_8046_44,CH_8046_2020,8046,2020,2,ALPVAL|FALOTTA,HANSWIN,2020_8046_45,0.28,same_block_check_diagnostic; pure_check_corandomization_unconfirmed; not_constituent_baseline
2020_8046_44,CH_8046_2020,8046,2020,2,ALPVAL|FALOTTA,MONTALBANO,2020_8046_41,0.7,same_block_check_diagnostic; pure_check_corandomization_unconfirmed; not_constituent_baseline
2020_8046_56,CH_8046_2020,8046,2020,3,ALPVAL|FALOTTA,HANSWIN,2020_8046_57,-0.35,same_block_check_diagnostic; pure_check_corandomization_unconfirmed; not_constituent_baseline
2020_8046_56,CH_8046_2020,8046,2020,3,ALPVAL|FALOTTA,MONTALBANO,2020_8046_54,0.57,same_block_check_diagnostic; pure_check_corandomization_unconfirmed; not_constituent_baseline
2020_8566_17,CH_8566_2020,8566,2020,1,ALPVAL|FALOTTA,HANSWIN,2020_8566_14,-0.42,same_block_check_diagnostic; pure_check_corandomization_unconfirmed; not_constituent_baseline
2020_8566_17,CH_8566_2020,8566,2020,1,ALPVAL|FALOTTA,MONTALBANO,2020_8566_5,0.79,same_block_check_diagnostic; pure_check_corandomization_unconfirmed; not_constituent_baseline
2020_8566_28,CH_8566_2020,8566,2020,2,ALPVAL|FALOTTA,HANSWIN,2020_8566_33,-0.57,same_block_check_diagnostic; pure_check_corandomization_unconfirmed; not_constituent_baseline
2020_8566_28,CH_8566_2020,8566,2020,2,ALPVAL|FALOTTA,MONTALBANO,2020_8566_42,0.38,same_block_check_diagnostic; pure_check_corandomization_unconfirmed; not_constituent_baseline
2020_8566_64,CH_8566_2020,8566,2020,3,ALPVAL|FALOTTA,HANSWIN,2020_8566_75,0.4,same_block_check_diagnostic; pure_check_corandomization_unconfirmed; not_constituent_baseline
2020_8566_64,CH_8566_2020,8566,2020,3,ALPVAL|FALOTTA,MONTALBANO,2020_8566_71,-1.55,same_block_check_diagnostic; pure_check_corandomization_unconfirmed; not_constituent_baseline
2019_1260_10,CH_1260_2019,1260,2019,1,ALPVAL|SCHILTHORN,HANSWIN,2019_1260_12,-0.83,same_block_check_diagnostic; pure_check_corandomization_unconfirmed; not_constituent_baseline
2019_1260_10,CH_1260_2019,1260,2019,1,ALPVAL|SCHILTHORN,MONTALBANO,2019_1260_25,-0.46,same_block_check_diagnostic; pure_check_corandomization_unconfirmed; not_constituent_baseline
2019_1260_43,CH_1260_2019,1260,2019,2,ALPVAL|SCHILTHORN,HANSWIN,2019_1260_27,-0.77,same_block_check_diagnostic; pure_check_corandomization_unconfirmed; not_constituent_baseline
2019_1260_43,CH_1260_2019,1260,2019,2,ALPVAL|SCHILTHORN,MONTALBANO,2019_1260_41,-0.77,same_block_check_diagnostic; pure_check_corandomization_unconfirmed; not_constituent_baseline
2019_1260_54,CH_1260_2019,1260,2019,3,ALPVAL|SCHILTHORN,HANSWIN,2019_1260_75,-1.88,same_block_check_diagnostic; pure_check_corandomization_unconfirmed; not_constituent_baseline
2019_1260_54,CH_1260_2019,1260,2019,3,ALPVAL|SCHILTHORN,MONTALBANO,2019_1260_64,-0.22,same_block_check_diagnostic; pure_check_corandomization_unconfirmed; not_constituent_baseline
2019_1567_1,CH_1567_2019,1567,2019,1,ALPVAL|SCHILTHORN,HANSWIN,2019_1567_6,-0.39,same_block_check_diagnostic; pure_check_corandomization_unconfirmed; not_constituent_baseline
2019_1567_1,CH_1567_2019,1567,2019,1,ALPVAL|SCHILTHORN,MONTALBANO,2019_1567_20,-0.24,same_block_check_diagnostic; pure_check_corandomization_unconfirmed; not_constituent_baseline
2019_1567_38,CH_1567_2019,1567,2019,2,ALPVAL|SCHILTHORN,HANSWIN,2019_1567_40,0.25,same_block_check_diagnostic; pure_check_corandomization_unconfirmed; not_constituent_baseline
2019_1567_38,CH_1567_2019,1567,2019,2,ALPVAL|SCHILTHORN,MONTALBANO,2019_1567_31,0.3,same_block_check_diagnostic; pure_check_corandomization_unconfirmed; not_constituent_baseline
2019_1567_74,CH_1567_2019,1567,2019,3,ALPVAL|SCHILTHORN,HANSWIN,2019_1567_62,-0.02,same_block_check_diagnostic; pure_check_corandomization_unconfirmed; not_constituent_baseline
2019_1567_74,CH_1567_2019,1567,2019,3,ALPVAL|SCHILTHORN,MONTALBANO,2019_1567_72,-0.31,same_block_check_diagnostic; pure_check_corandomization_unconfirmed; not_constituent_baseline
2019_3428_11,CH_3428_2019,3428,2019,1,ALPVAL|SCHILTHORN,HANSWIN,2019_3428_22,1.04,same_block_check_diagnostic; pure_check_corandomization_unconfirmed; not_constituent_baseline
2019_3428_11,CH_3428_2019,3428,2019,1,ALPVAL|SCHILTHORN,MONTALBANO,2019_3428_3,0.57,same_block_check_diagnostic; pure_check_corandomization_unconfirmed; not_constituent_baseline
2019_3428_33,CH_3428_2019,3428,2019,2,ALPVAL|SCHILTHORN,HANSWIN,2019_3428_30,0.72,same_block_check_diagnostic; pure_check_corandomization_unconfirmed; not_constituent_baseline
2019_3428_33,CH_3428_2019,3428,2019,2,ALPVAL|SCHILTHORN,MONTALBANO,2019_3428_41,-0.31,same_block_check_diagnostic; pure_check_corandomization_unconfirmed; not_constituent_baseline
2019_3428_52,CH_3428_2019,3428,2019,3,ALPVAL|SCHILTHORN,HANSWIN,2019_3428_69,0.93,same_block_check_diagnostic; pure_check_corandomization_unconfirmed; not_constituent_baseline
2019_3428_52,CH_3428_2019,3428,2019,3,ALPVAL|SCHILTHORN,MONTALBANO,2019_3428_64,0.37,same_block_check_diagnostic; pure_check_corandomization_unconfirmed; not_constituent_baseline
2019_8046_1,CH_8046_2019,8046,2019,1,ALPVAL|SCHILTHORN,HANSWIN,2019_8046_16,-0.18,same_block_check_diagnostic; pure_check_corandomization_unconfirmed; not_constituent_baseline
2019_8046_1,CH_8046_2019,8046,2019,1,ALPVAL|SCHILTHORN,MONTALBANO,2019_8046_22,0.7,same_block_check_diagnostic; pure_check_corandomization_unconfirmed; not_constituent_baseline
2019_8046_33,CH_8046_2019,8046,2019,2,ALPVAL|SCHILTHORN,HANSWIN,2019_8046_34,0.33,same_block_check_diagnostic; pure_check_corandomization_unconfirmed; not_constituent_baseline
2019_8046_33,CH_8046_2019,8046,2019,2,ALPVAL|SCHILTHORN,MONTALBANO,2019_8046_45,-0.18,same_block_check_diagnostic; pure_check_corandomization_unconfirmed; not_constituent_baseline
2019_8046_57,CH_8046_2019,8046,2019,3,ALPVAL|SCHILTHORN,HANSWIN,2019_8046_52,0.71,same_block_check_diagnostic; pure_check_corandomization_unconfirmed; not_constituent_baseline
2019_8046_57,CH_8046_2019,8046,2019,3,ALPVAL|SCHILTHORN,MONTALBANO,2019_8046_59,0.58,same_block_check_diagnostic; pure_check_corandomization_unconfirmed; not_constituent_baseline
2019_8566_7,CH_8566_2019,8566,2019,1,ALPVAL|SCHILTHORN,HANSWIN,2019_8566_10,-0.47,same_block_check_diagnostic; pure_check_corandomization_unconfirmed; not_constituent_baseline
2019_8566_7,CH_8566_2019,8566,2019,1,ALPVAL|SCHILTHORN,MONTALBANO,2019_8566_2,-0.51,same_block_check_diagnostic; pure_check_corandomization_unconfirmed; not_constituent_baseline
2019_8566_26,CH_8566_2019,8566,2019,2,ALPVAL|SCHILTHORN,HANSWIN,2019_8566_41,-0.46,same_block_check_diagnostic; pure_check_corandomization_unconfirmed; not_constituent_baseline
2019_8566_26,CH_8566_2019,8566,2019,2,ALPVAL|SCHILTHORN,MONTALBANO,2019_8566_30,0.34,same_block_check_diagnostic; pure_check_corandomization_unconfirmed; not_constituent_baseline
2019_8566_73,CH_8566_2019,8566,2019,3,ALPVAL|SCHILTHORN,HANSWIN,2019_8566_53,1.23,same_block_check_diagnostic; pure_check_corandomization_unconfirmed; not_constituent_baseline
2019_8566_73,CH_8566_2019,8566,2019,3,ALPVAL|SCHILTHORN,MONTALBANO,2019_8566_59,0.82,same_block_check_diagnostic; pure_check_corandomization_unconfirmed; not_constituent_baseline
2020_1260_11,CH_1260_2020,1260,2020,1,ALPVAL|SCHILTHORN,HANSWIN,2020_1260_16,0.13,same_block_check_diagnostic; pure_check_corandomization_unconfirmed; not_constituent_baseline
2020_1260_11,CH_1260_2020,1260,2020,1,ALPVAL|SCHILTHORN,MONTALBANO,2020_1260_7,-0.35,same_block_check_diagnostic; pure_check_corandomization_unconfirmed; not_constituent_baseline
2020_1260_44,CH_1260_2020,1260,2020,2,ALPVAL|SCHILTHORN,HANSWIN,2020_1260_49,-0.24,same_block_check_diagnostic; pure_check_corandomization_unconfirmed; not_constituent_baseline
2020_1260_44,CH_1260_2020,1260,2020,2,ALPVAL|SCHILTHORN,MONTALBANO,2020_1260_30,-1.02,same_block_check_diagnostic; pure_check_corandomization_unconfirmed; not_constituent_baseline
2020_1260_52,CH_1260_2020,1260,2020,3,ALPVAL|SCHILTHORN,HANSWIN,2020_1260_53,-0.74,same_block_check_diagnostic; pure_check_corandomization_unconfirmed; not_constituent_baseline
2020_1260_52,CH_1260_2020,1260,2020,3,ALPVAL|SCHILTHORN,MONTALBANO,2020_1260_66,-0.25,same_block_check_diagnostic; pure_check_corandomization_unconfirmed; not_constituent_baseline
2020_1567_50,CH_1567_2020,1567,2020,2,ALPVAL|SCHILTHORN,HANSWIN,2020_1567_34,0.42,same_block_check_diagnostic; pure_check_corandomization_unconfirmed; not_constituent_baseline
2020_1567_50,CH_1567_2020,1567,2020,2,ALPVAL|SCHILTHORN,MONTALBANO,2020_1567_45,1.06,same_block_check_diagnostic; pure_check_corandomization_unconfirmed; not_constituent_baseline
2020_1567_61,CH_1567_2020,1567,2020,3,ALPVAL|SCHILTHORN,HANSWIN,2020_1567_71,-1.17,same_block_check_diagnostic; pure_check_corandomization_unconfirmed; not_constituent_baseline
2020_1567_61,CH_1567_2020,1567,2020,3,ALPVAL|SCHILTHORN,MONTALBANO,2020_1567_62,0.19,same_block_check_diagnostic; pure_check_corandomization_unconfirmed; not_constituent_baseline
2020_3428_3,CH_3428_2020,3428,2020,1,ALPVAL|SCHILTHORN,HANSWIN,2020_3428_24,-0.48,same_block_check_diagnostic; pure_check_corandomization_unconfirmed; not_constituent_baseline
2020_3428_3,CH_3428_2020,3428,2020,1,ALPVAL|SCHILTHORN,MONTALBANO,2020_3428_21,0.67,same_block_check_diagnostic; pure_check_corandomization_unconfirmed; not_constituent_baseline
2020_3428_45,CH_3428_2020,3428,2020,2,ALPVAL|SCHILTHORN,HANSWIN,2020_3428_43,0.25,same_block_check_diagnostic; pure_check_corandomization_unconfirmed; not_constituent_baseline
2020_3428_45,CH_3428_2020,3428,2020,2,ALPVAL|SCHILTHORN,MONTALBANO,2020_3428_29,1.3,same_block_check_diagnostic; pure_check_corandomization_unconfirmed; not_constituent_baseline
2020_3428_59,CH_3428_2020,3428,2020,3,ALPVAL|SCHILTHORN,HANSWIN,2020_3428_51,0.22,same_block_check_diagnostic; pure_check_corandomization_unconfirmed; not_constituent_baseline
2020_3428_59,CH_3428_2020,3428,2020,3,ALPVAL|SCHILTHORN,MONTALBANO,2020_3428_57,-0.92,same_block_check_diagnostic; pure_check_corandomization_unconfirmed; not_constituent_baseline
2020_8046_9,CH_8046_2020,8046,2020,1,ALPVAL|SCHILTHORN,HANSWIN,2020_8046_11,0.52,same_block_check_diagnostic; pure_check_corandomization_unconfirmed; not_constituent_baseline
2020_8046_9,CH_8046_2020,8046,2020,1,ALPVAL|SCHILTHORN,MONTALBANO,2020_8046_10,0.4,same_block_check_diagnostic; pure_check_corandomization_unconfirmed; not_constituent_baseline
2020_8046_28,CH_8046_2020,8046,2020,2,ALPVAL|SCHILTHORN,HANSWIN,2020_8046_45,0.5,same_block_check_diagnostic; pure_check_corandomization_unconfirmed; not_constituent_baseline
2020_8046_28,CH_8046_2020,8046,2020,2,ALPVAL|SCHILTHORN,MONTALBANO,2020_8046_41,0.92,same_block_check_diagnostic; pure_check_corandomization_unconfirmed; not_constituent_baseline
2020_8046_72,CH_8046_2020,8046,2020,3,ALPVAL|SCHILTHORN,HANSWIN,2020_8046_57,0.13,same_block_check_diagnostic; pure_check_corandomization_unconfirmed; not_constituent_baseline
2020_8046_72,CH_8046_2020,8046,2020,3,ALPVAL|SCHILTHORN,MONTALBANO,2020_8046_54,1.05,same_block_check_diagnostic; pure_check_corandomization_unconfirmed; not_constituent_baseline
2020_8566_9,CH_8566_2020,8566,2020,1,ALPVAL|SCHILTHORN,HANSWIN,2020_8566_14,-0.02,same_block_check_diagnostic; pure_check_corandomization_unconfirmed; not_constituent_baseline
2020_8566_9,CH_8566_2020,8566,2020,1,ALPVAL|SCHILTHORN,MONTALBANO,2020_8566_5,1.19,same_block_check_diagnostic; pure_check_corandomization_unconfirmed; not_constituent_baseline
2020_8566_30,CH_8566_2020,8566,2020,2,ALPVAL|SCHILTHORN,HANSWIN,2020_8566_33,-0.91,same_block_check_diagnostic; pure_check_corandomization_unconfirmed; not_constituent_baseline
2020_8566_30,CH_8566_2020,8566,2020,2,ALPVAL|SCHILTHORN,MONTALBANO,2020_8566_42,0.04,same_block_check_diagnostic; pure_check_corandomization_unconfirmed; not_constituent_baseline
2020_8566_72,CH_8566_2020,8566,2020,3,ALPVAL|SCHILTHORN,HANSWIN,2020_8566_75,0.55,same_block_check_diagnostic; pure_check_corandomization_unconfirmed; not_constituent_baseline
2020_8566_72,CH_8566_2020,8566,2020,3,ALPVAL|SCHILTHORN,MONTALBANO,2020_8566_71,-1.4,same_block_check_diagnostic; pure_check_corandomization_unconfirmed; not_constituent_baseline
2019_1260_21,CH_1260_2019,1260,2019,1,211.14074|AXEN,HANSWIN,2019_1260_12,-0.47,same_block_check_diagnostic; pure_check_corandomization_unconfirmed; not_constituent_baseline
2019_1260_21,CH_1260_2019,1260,2019,1,211.14074|AXEN,MONTALBANO,2019_1260_25,-0.1,same_block_check_diagnostic; pure_check_corandomization_unconfirmed; not_constituent_baseline
2019_1260_36,CH_1260_2019,1260,2019,2,211.14074|AXEN,HANSWIN,2019_1260_27,-0.97,same_block_check_diagnostic; pure_check_corandomization_unconfirmed; not_constituent_baseline
2019_1260_36,CH_1260_2019,1260,2019,2,211.14074|AXEN,MONTALBANO,2019_1260_41,-0.97,same_block_check_diagnostic; pure_check_corandomization_unconfirmed; not_constituent_baseline
2019_1260_58,CH_1260_2019,1260,2019,3,211.14074|AXEN,HANSWIN,2019_1260_75,-0.76,same_block_check_diagnostic; pure_check_corandomization_unconfirmed; not_constituent_baseline
2019_1260_58,CH_1260_2019,1260,2019,3,211.14074|AXEN,MONTALBANO,2019_1260_64,0.9,same_block_check_diagnostic; pure_check_corandomization_unconfirmed; not_constituent_baseline
2019_1567_13,CH_1567_2019,1567,2019,1,211.14074|AXEN,HANSWIN,2019_1567_6,0,same_block_check_diagnostic; pure_check_corandomization_unconfirmed; not_constituent_baseline
2019_1567_13,CH_1567_2019,1567,2019,1,211.14074|AXEN,MONTALBANO,2019_1567_20,0.15,same_block_check_diagnostic; pure_check_corandomization_unconfirmed; not_constituent_baseline
2019_1567_29,CH_1567_2019,1567,2019,2,211.14074|AXEN,HANSWIN,2019_1567_40,0.51,same_block_check_diagnostic; pure_check_corandomization_unconfirmed; not_constituent_baseline
2019_1567_29,CH_1567_2019,1567,2019,2,211.14074|AXEN,MONTALBANO,2019_1567_31,0.56,same_block_check_diagnostic; pure_check_corandomization_unconfirmed; not_constituent_baseline
2019_1567_70,CH_1567_2019,1567,2019,3,211.14074|AXEN,HANSWIN,2019_1567_62,0.31,same_block_check_diagnostic; pure_check_corandomization_unconfirmed; not_constituent_baseline
2019_1567_70,CH_1567_2019,1567,2019,3,211.14074|AXEN,MONTALBANO,2019_1567_72,0.02,same_block_check_diagnostic; pure_check_corandomization_unconfirmed; not_constituent_baseline
2019_3428_20,CH_3428_2019,3428,2019,1,211.14074|AXEN,HANSWIN,2019_3428_22,1.72,same_block_check_diagnostic; pure_check_corandomization_unconfirmed; not_constituent_baseline
2019_3428_20,CH_3428_2019,3428,2019,1,211.14074|AXEN,MONTALBANO,2019_3428_3,1.25,same_block_check_diagnostic; pure_check_corandomization_unconfirmed; not_constituent_baseline
2019_3428_37,CH_3428_2019,3428,2019,2,211.14074|AXEN,HANSWIN,2019_3428_30,0.86,same_block_check_diagnostic; pure_check_corandomization_unconfirmed; not_constituent_baseline
2019_3428_37,CH_3428_2019,3428,2019,2,211.14074|AXEN,MONTALBANO,2019_3428_41,-0.17,same_block_check_diagnostic; pure_check_corandomization_unconfirmed; not_constituent_baseline
2019_3428_56,CH_3428_2019,3428,2019,3,211.14074|AXEN,HANSWIN,2019_3428_69,0.76,same_block_check_diagnostic; pure_check_corandomization_unconfirmed; not_constituent_baseline
2019_3428_56,CH_3428_2019,3428,2019,3,211.14074|AXEN,MONTALBANO,2019_3428_64,0.2,same_block_check_diagnostic; pure_check_corandomization_unconfirmed; not_constituent_baseline
2019_8046_15,CH_8046_2019,8046,2019,1,211.14074|AXEN,HANSWIN,2019_8046_16,0.07,same_block_check_diagnostic; pure_check_corandomization_unconfirmed; not_constituent_baseline
2019_8046_15,CH_8046_2019,8046,2019,1,211.14074|AXEN,MONTALBANO,2019_8046_22,0.95,same_block_check_diagnostic; pure_check_corandomization_unconfirmed; not_constituent_baseline
2019_8046_27,CH_8046_2019,8046,2019,2,211.14074|AXEN,HANSWIN,2019_8046_34,-0.32,same_block_check_diagnostic; pure_check_corandomization_unconfirmed; not_constituent_baseline
2019_8046_27,CH_8046_2019,8046,2019,2,211.14074|AXEN,MONTALBANO,2019_8046_45,-0.83,same_block_check_diagnostic; pure_check_corandomization_unconfirmed; not_constituent_baseline
2019_8046_58,CH_8046_2019,8046,2019,3,211.14074|AXEN,HANSWIN,2019_8046_52,0.45,same_block_check_diagnostic; pure_check_corandomization_unconfirmed; not_constituent_baseline
2019_8046_58,CH_8046_2019,8046,2019,3,211.14074|AXEN,MONTALBANO,2019_8046_59,0.32,same_block_check_diagnostic; pure_check_corandomization_unconfirmed; not_constituent_baseline
2019_8566_8,CH_8566_2019,8566,2019,1,211.14074|AXEN,HANSWIN,2019_8566_10,-0.27,same_block_check_diagnostic; pure_check_corandomization_unconfirmed; not_constituent_baseline
2019_8566_8,CH_8566_2019,8566,2019,1,211.14074|AXEN,MONTALBANO,2019_8566_2,-0.31,same_block_check_diagnostic; pure_check_corandomization_unconfirmed; not_constituent_baseline
2019_8566_31,CH_8566_2019,8566,2019,2,211.14074|AXEN,HANSWIN,2019_8566_41,-0.13,same_block_check_diagnostic; pure_check_corandomization_unconfirmed; not_constituent_baseline
2019_8566_31,CH_8566_2019,8566,2019,2,211.14074|AXEN,MONTALBANO,2019_8566_30,0.67,same_block_check_diagnostic; pure_check_corandomization_unconfirmed; not_constituent_baseline
2019_8566_62,CH_8566_2019,8566,2019,3,211.14074|AXEN,HANSWIN,2019_8566_53,0.81,same_block_check_diagnostic; pure_check_corandomization_unconfirmed; not_constituent_baseline
2019_8566_62,CH_8566_2019,8566,2019,3,211.14074|AXEN,MONTALBANO,2019_8566_59,0.4,same_block_check_diagnostic; pure_check_corandomization_unconfirmed; not_constituent_baseline
2020_1260_9,CH_1260_2020,1260,2020,1,211.14074|AXEN,HANSWIN,2020_1260_16,0,same_block_check_diagnostic; pure_check_corandomization_unconfirmed; not_constituent_baseline
2020_1260_9,CH_1260_2020,1260,2020,1,211.14074|AXEN,MONTALBANO,2020_1260_7,-0.48,same_block_check_diagnostic; pure_check_corandomization_unconfirmed; not_constituent_baseline
2020_1260_43,CH_1260_2020,1260,2020,2,211.14074|AXEN,HANSWIN,2020_1260_49,0.26,same_block_check_diagnostic; pure_check_corandomization_unconfirmed; not_constituent_baseline
2020_1260_43,CH_1260_2020,1260,2020,2,211.14074|AXEN,MONTALBANO,2020_1260_30,-0.52,same_block_check_diagnostic; pure_check_corandomization_unconfirmed; not_constituent_baseline
2020_1260_75,CH_1260_2020,1260,2020,3,211.14074|AXEN,HANSWIN,2020_1260_53,0.48,same_block_check_diagnostic; pure_check_corandomization_unconfirmed; not_constituent_baseline
2020_1260_75,CH_1260_2020,1260,2020,3,211.14074|AXEN,MONTALBANO,2020_1260_66,0.97,same_block_check_diagnostic; pure_check_corandomization_unconfirmed; not_constituent_baseline
2020_1567_31,CH_1567_2020,1567,2020,2,211.14074|AXEN,HANSWIN,2020_1567_34,0.88,same_block_check_diagnostic; pure_check_corandomization_unconfirmed; not_constituent_baseline
2020_1567_31,CH_1567_2020,1567,2020,2,211.14074|AXEN,MONTALBANO,2020_1567_45,1.52,same_block_check_diagnostic; pure_check_corandomization_unconfirmed; not_constituent_baseline
2020_1567_52,CH_1567_2020,1567,2020,3,211.14074|AXEN,HANSWIN,2020_1567_71,0.68,same_block_check_diagnostic; pure_check_corandomization_unconfirmed; not_constituent_baseline
2020_1567_52,CH_1567_2020,1567,2020,3,211.14074|AXEN,MONTALBANO,2020_1567_62,2.04,same_block_check_diagnostic; pure_check_corandomization_unconfirmed; not_constituent_baseline
2020_3428_20,CH_3428_2020,3428,2020,1,211.14074|AXEN,HANSWIN,2020_3428_24,0.23,same_block_check_diagnostic; pure_check_corandomization_unconfirmed; not_constituent_baseline
2020_3428_20,CH_3428_2020,3428,2020,1,211.14074|AXEN,MONTALBANO,2020_3428_21,1.38,same_block_check_diagnostic; pure_check_corandomization_unconfirmed; not_constituent_baseline
2020_3428_39,CH_3428_2020,3428,2020,2,211.14074|AXEN,HANSWIN,2020_3428_43,-0.42,same_block_check_diagnostic; pure_check_corandomization_unconfirmed; not_constituent_baseline
2020_3428_39,CH_3428_2020,3428,2020,2,211.14074|AXEN,MONTALBANO,2020_3428_29,0.63,same_block_check_diagnostic; pure_check_corandomization_unconfirmed; not_constituent_baseline
2020_3428_58,CH_3428_2020,3428,2020,3,211.14074|AXEN,HANSWIN,2020_3428_51,0.74,same_block_check_diagnostic; pure_check_corandomization_unconfirmed; not_constituent_baseline
2020_3428_58,CH_3428_2020,3428,2020,3,211.14074|AXEN,MONTALBANO,2020_3428_57,-0.4,same_block_check_diagnostic; pure_check_corandomization_unconfirmed; not_constituent_baseline
2020_8046_2,CH_8046_2020,8046,2020,1,211.14074|AXEN,HANSWIN,2020_8046_11,0.74,same_block_check_diagnostic; pure_check_corandomization_unconfirmed; not_constituent_baseline
2020_8046_2,CH_8046_2020,8046,2020,1,211.14074|AXEN,MONTALBANO,2020_8046_10,0.62,same_block_check_diagnostic; pure_check_corandomization_unconfirmed; not_constituent_baseline
2020_8046_36,CH_8046_2020,8046,2020,2,211.14074|AXEN,HANSWIN,2020_8046_45,-0.01,same_block_check_diagnostic; pure_check_corandomization_unconfirmed; not_constituent_baseline
2020_8046_36,CH_8046_2020,8046,2020,2,211.14074|AXEN,MONTALBANO,2020_8046_41,0.41,same_block_check_diagnostic; pure_check_corandomization_unconfirmed; not_constituent_baseline
2020_8046_74,CH_8046_2020,8046,2020,3,211.14074|AXEN,HANSWIN,2020_8046_57,0.02,same_block_check_diagnostic; pure_check_corandomization_unconfirmed; not_constituent_baseline
2020_8046_74,CH_8046_2020,8046,2020,3,211.14074|AXEN,MONTALBANO,2020_8046_54,0.94,same_block_check_diagnostic; pure_check_corandomization_unconfirmed; not_constituent_baseline
2020_8566_8,CH_8566_2020,8566,2020,1,211.14074|AXEN,HANSWIN,2020_8566_14,0.42,same_block_check_diagnostic; pure_check_corandomization_unconfirmed; not_constituent_baseline
2020_8566_8,CH_8566_2020,8566,2020,1,211.14074|AXEN,MONTALBANO,2020_8566_5,1.63,same_block_check_diagnostic; pure_check_corandomization_unconfirmed; not_constituent_baseline
2020_8566_49,CH_8566_2020,8566,2020,2,211.14074|AXEN,HANSWIN,2020_8566_33,-1.31,same_block_check_diagnostic; pure_check_corandomization_unconfirmed; not_constituent_baseline
2020_8566_49,CH_8566_2020,8566,2020,2,211.14074|AXEN,MONTALBANO,2020_8566_42,-0.36,same_block_check_diagnostic; pure_check_corandomization_unconfirmed; not_constituent_baseline
2020_8566_61,CH_8566_2020,8566,2020,3,211.14074|AXEN,HANSWIN,2020_8566_75,2.78,same_block_check_diagnostic; pure_check_corandomization_unconfirmed; not_constituent_baseline
2020_8566_61,CH_8566_2020,8566,2020,3,211.14074|AXEN,MONTALBANO,2020_8566_71,0.83,same_block_check_diagnostic; pure_check_corandomization_unconfirmed; not_constituent_baseline
2019_1260_3,CH_1260_2019,1260,2019,1,AXEN|SCHILTHORN,HANSWIN,2019_1260_12,-0.37,same_block_check_diagnostic; pure_check_corandomization_unconfirmed; not_constituent_baseline
2019_1260_3,CH_1260_2019,1260,2019,1,AXEN|SCHILTHORN,MONTALBANO,2019_1260_25,0,same_block_check_diagnostic; pure_check_corandomization_unconfirmed; not_constituent_baseline
2019_1260_50,CH_1260_2019,1260,2019,2,AXEN|SCHILTHORN,HANSWIN,2019_1260_27,-1.28,same_block_check_diagnostic; pure_check_corandomization_unconfirmed; not_constituent_baseline
2019_1260_50,CH_1260_2019,1260,2019,2,AXEN|SCHILTHORN,MONTALBANO,2019_1260_41,-1.28,same_block_check_diagnostic; pure_check_corandomization_unconfirmed; not_constituent_baseline
2019_1260_56,CH_1260_2019,1260,2019,3,AXEN|SCHILTHORN,HANSWIN,2019_1260_75,-1.15,same_block_check_diagnostic; pure_check_corandomization_unconfirmed; not_constituent_baseline
2019_1260_56,CH_1260_2019,1260,2019,3,AXEN|SCHILTHORN,MONTALBANO,2019_1260_64,0.51,same_block_check_diagnostic; pure_check_corandomization_unconfirmed; not_constituent_baseline
2019_1567_9,CH_1567_2019,1567,2019,1,AXEN|SCHILTHORN,HANSWIN,2019_1567_6,-0.15,same_block_check_diagnostic; pure_check_corandomization_unconfirmed; not_constituent_baseline
2019_1567_9,CH_1567_2019,1567,2019,1,AXEN|SCHILTHORN,MONTALBANO,2019_1567_20,0,same_block_check_diagnostic; pure_check_corandomization_unconfirmed; not_constituent_baseline
2019_1567_45,CH_1567_2019,1567,2019,2,AXEN|SCHILTHORN,HANSWIN,2019_1567_40,0.1,same_block_check_diagnostic; pure_check_corandomization_unconfirmed; not_constituent_baseline
2019_1567_45,CH_1567_2019,1567,2019,2,AXEN|SCHILTHORN,MONTALBANO,2019_1567_31,0.15,same_block_check_diagnostic; pure_check_corandomization_unconfirmed; not_constituent_baseline
2019_1567_73,CH_1567_2019,1567,2019,3,AXEN|SCHILTHORN,HANSWIN,2019_1567_62,0.39,same_block_check_diagnostic; pure_check_corandomization_unconfirmed; not_constituent_baseline
2019_1567_73,CH_1567_2019,1567,2019,3,AXEN|SCHILTHORN,MONTALBANO,2019_1567_72,0.1,same_block_check_diagnostic; pure_check_corandomization_unconfirmed; not_constituent_baseline
2019_3428_25,CH_3428_2019,3428,2019,1,AXEN|SCHILTHORN,HANSWIN,2019_3428_22,1.2,same_block_check_diagnostic; pure_check_corandomization_unconfirmed; not_constituent_baseline
2019_3428_25,CH_3428_2019,3428,2019,1,AXEN|SCHILTHORN,MONTALBANO,2019_3428_3,0.73,same_block_check_diagnostic; pure_check_corandomization_unconfirmed; not_constituent_baseline
2019_3428_40,CH_3428_2019,3428,2019,2,AXEN|SCHILTHORN,HANSWIN,2019_3428_30,0.85,same_block_check_diagnostic; pure_check_corandomization_unconfirmed; not_constituent_baseline
2019_3428_40,CH_3428_2019,3428,2019,2,AXEN|SCHILTHORN,MONTALBANO,2019_3428_41,-0.18,same_block_check_diagnostic; pure_check_corandomization_unconfirmed; not_constituent_baseline
2019_3428_57,CH_3428_2019,3428,2019,3,AXEN|SCHILTHORN,HANSWIN,2019_3428_69,0.47,same_block_check_diagnostic; pure_check_corandomization_unconfirmed; not_constituent_baseline
2019_3428_57,CH_3428_2019,3428,2019,3,AXEN|SCHILTHORN,MONTALBANO,2019_3428_64,-0.09,same_block_check_diagnostic; pure_check_corandomization_unconfirmed; not_constituent_baseline
2019_8046_7,CH_8046_2019,8046,2019,1,AXEN|SCHILTHORN,HANSWIN,2019_8046_16,-0.84,same_block_check_diagnostic; pure_check_corandomization_unconfirmed; not_constituent_baseline
2019_8046_7,CH_8046_2019,8046,2019,1,AXEN|SCHILTHORN,MONTALBANO,2019_8046_22,0.04,same_block_check_diagnostic; pure_check_corandomization_unconfirmed; not_constituent_baseline
2019_8046_41,CH_8046_2019,8046,2019,2,AXEN|SCHILTHORN,HANSWIN,2019_8046_34,-0.79,same_block_check_diagnostic; pure_check_corandomization_unconfirmed; not_constituent_baseline
2019_8046_41,CH_8046_2019,8046,2019,2,AXEN|SCHILTHORN,MONTALBANO,2019_8046_45,-1.3,same_block_check_diagnostic; pure_check_corandomization_unconfirmed; not_constituent_baseline
2019_8046_54,CH_8046_2019,8046,2019,3,AXEN|SCHILTHORN,HANSWIN,2019_8046_52,-0.1,same_block_check_diagnostic; pure_check_corandomization_unconfirmed; not_constituent_baseline
2019_8046_54,CH_8046_2019,8046,2019,3,AXEN|SCHILTHORN,MONTALBANO,2019_8046_59,-0.23,same_block_check_diagnostic; pure_check_corandomization_unconfirmed; not_constituent_baseline
2019_8566_12,CH_8566_2019,8566,2019,1,AXEN|SCHILTHORN,HANSWIN,2019_8566_10,-0.19,same_block_check_diagnostic; pure_check_corandomization_unconfirmed; not_constituent_baseline
2019_8566_12,CH_8566_2019,8566,2019,1,AXEN|SCHILTHORN,MONTALBANO,2019_8566_2,-0.23,same_block_check_diagnostic; pure_check_corandomization_unconfirmed; not_constituent_baseline
2019_8566_27,CH_8566_2019,8566,2019,2,AXEN|SCHILTHORN,HANSWIN,2019_8566_41,-0.23,same_block_check_diagnostic; pure_check_corandomization_unconfirmed; not_constituent_baseline
2019_8566_27,CH_8566_2019,8566,2019,2,AXEN|SCHILTHORN,MONTALBANO,2019_8566_30,0.57,same_block_check_diagnostic; pure_check_corandomization_unconfirmed; not_constituent_baseline
2019_8566_69,CH_8566_2019,8566,2019,3,AXEN|SCHILTHORN,HANSWIN,2019_8566_53,1.17,same_block_check_diagnostic; pure_check_corandomization_unconfirmed; not_constituent_baseline
2019_8566_69,CH_8566_2019,8566,2019,3,AXEN|SCHILTHORN,MONTALBANO,2019_8566_59,0.76,same_block_check_diagnostic; pure_check_corandomization_unconfirmed; not_constituent_baseline
2020_1260_25,CH_1260_2020,1260,2020,1,AXEN|SCHILTHORN,HANSWIN,2020_1260_16,-0.96,same_block_check_diagnostic; pure_check_corandomization_unconfirmed; not_constituent_baseline
2020_1260_25,CH_1260_2020,1260,2020,1,AXEN|SCHILTHORN,MONTALBANO,2020_1260_7,-1.44,same_block_check_diagnostic; pure_check_corandomization_unconfirmed; not_constituent_baseline
2020_1260_38,CH_1260_2020,1260,2020,2,AXEN|SCHILTHORN,HANSWIN,2020_1260_49,-0.67,same_block_check_diagnostic; pure_check_corandomization_unconfirmed; not_constituent_baseline
2020_1260_38,CH_1260_2020,1260,2020,2,AXEN|SCHILTHORN,MONTALBANO,2020_1260_30,-1.45,same_block_check_diagnostic; pure_check_corandomization_unconfirmed; not_constituent_baseline
2020_1260_67,CH_1260_2020,1260,2020,3,AXEN|SCHILTHORN,HANSWIN,2020_1260_53,-1.57,same_block_check_diagnostic; pure_check_corandomization_unconfirmed; not_constituent_baseline
2020_1260_67,CH_1260_2020,1260,2020,3,AXEN|SCHILTHORN,MONTALBANO,2020_1260_66,-1.08,same_block_check_diagnostic; pure_check_corandomization_unconfirmed; not_constituent_baseline
2020_1567_46,CH_1567_2020,1567,2020,2,AXEN|SCHILTHORN,HANSWIN,2020_1567_34,-1.39,same_block_check_diagnostic; pure_check_corandomization_unconfirmed; not_constituent_baseline
2020_1567_46,CH_1567_2020,1567,2020,2,AXEN|SCHILTHORN,MONTALBANO,2020_1567_45,-0.75,same_block_check_diagnostic; pure_check_corandomization_unconfirmed; not_constituent_baseline
2020_1567_55,CH_1567_2020,1567,2020,3,AXEN|SCHILTHORN,HANSWIN,2020_1567_71,-0.64,same_block_check_diagnostic; pure_check_corandomization_unconfirmed; not_constituent_baseline
2020_1567_55,CH_1567_2020,1567,2020,3,AXEN|SCHILTHORN,MONTALBANO,2020_1567_62,0.72,same_block_check_diagnostic; pure_check_corandomization_unconfirmed; not_constituent_baseline
2020_3428_15,CH_3428_2020,3428,2020,1,AXEN|SCHILTHORN,HANSWIN,2020_3428_24,0.35,same_block_check_diagnostic; pure_check_corandomization_unconfirmed; not_constituent_baseline
2020_3428_15,CH_3428_2020,3428,2020,1,AXEN|SCHILTHORN,MONTALBANO,2020_3428_21,1.5,same_block_check_diagnostic; pure_check_corandomization_unconfirmed; not_constituent_baseline
2020_3428_28,CH_3428_2020,3428,2020,2,AXEN|SCHILTHORN,HANSWIN,2020_3428_43,0.21,same_block_check_diagnostic; pure_check_corandomization_unconfirmed; not_constituent_baseline
2020_3428_28,CH_3428_2020,3428,2020,2,AXEN|SCHILTHORN,MONTALBANO,2020_3428_29,1.26,same_block_check_diagnostic; pure_check_corandomization_unconfirmed; not_constituent_baseline
2020_3428_67,CH_3428_2020,3428,2020,3,AXEN|SCHILTHORN,HANSWIN,2020_3428_51,-0.36,same_block_check_diagnostic; pure_check_corandomization_unconfirmed; not_constituent_baseline
2020_3428_67,CH_3428_2020,3428,2020,3,AXEN|SCHILTHORN,MONTALBANO,2020_3428_57,-1.5,same_block_check_diagnostic; pure_check_corandomization_unconfirmed; not_constituent_baseline
2020_8046_21,CH_8046_2020,8046,2020,1,AXEN|SCHILTHORN,HANSWIN,2020_8046_11,0,same_block_check_diagnostic; pure_check_corandomization_unconfirmed; not_constituent_baseline
2020_8046_21,CH_8046_2020,8046,2020,1,AXEN|SCHILTHORN,MONTALBANO,2020_8046_10,-0.12,same_block_check_diagnostic; pure_check_corandomization_unconfirmed; not_constituent_baseline
2020_8046_32,CH_8046_2020,8046,2020,2,AXEN|SCHILTHORN,HANSWIN,2020_8046_45,-0.02,same_block_check_diagnostic; pure_check_corandomization_unconfirmed; not_constituent_baseline
2020_8046_32,CH_8046_2020,8046,2020,2,AXEN|SCHILTHORN,MONTALBANO,2020_8046_41,0.4,same_block_check_diagnostic; pure_check_corandomization_unconfirmed; not_constituent_baseline
2020_8046_63,CH_8046_2020,8046,2020,3,AXEN|SCHILTHORN,HANSWIN,2020_8046_57,-0.1,same_block_check_diagnostic; pure_check_corandomization_unconfirmed; not_constituent_baseline
2020_8046_63,CH_8046_2020,8046,2020,3,AXEN|SCHILTHORN,MONTALBANO,2020_8046_54,0.82,same_block_check_diagnostic; pure_check_corandomization_unconfirmed; not_constituent_baseline
2020_8566_2,CH_8566_2020,8566,2020,1,AXEN|SCHILTHORN,HANSWIN,2020_8566_14,-0.19,same_block_check_diagnostic; pure_check_corandomization_unconfirmed; not_constituent_baseline
2020_8566_2,CH_8566_2020,8566,2020,1,AXEN|SCHILTHORN,MONTALBANO,2020_8566_5,1.02,same_block_check_diagnostic; pure_check_corandomization_unconfirmed; not_constituent_baseline
2020_8566_48,CH_8566_2020,8566,2020,2,AXEN|SCHILTHORN,HANSWIN,2020_8566_33,-0.94,same_block_check_diagnostic; pure_check_corandomization_unconfirmed; not_constituent_baseline
2020_8566_48,CH_8566_2020,8566,2020,2,AXEN|SCHILTHORN,MONTALBANO,2020_8566_42,0.01,same_block_check_diagnostic; pure_check_corandomization_unconfirmed; not_constituent_baseline
2020_8566_70,CH_8566_2020,8566,2020,3,AXEN|SCHILTHORN,HANSWIN,2020_8566_75,0.27,same_block_check_diagnostic; pure_check_corandomization_unconfirmed; not_constituent_baseline
2020_8566_70,CH_8566_2020,8566,2020,3,AXEN|SCHILTHORN,MONTALBANO,2020_8566_71,-1.68,same_block_check_diagnostic; pure_check_corandomization_unconfirmed; not_constituent_baseline
2019_1260_19,CH_1260_2019,1260,2019,1,111.15759|BARETTA,HANSWIN,2019_1260_12,-0.11,same_block_check_diagnostic; pure_check_corandomization_unconfirmed; not_constituent_baseline
2019_1260_19,CH_1260_2019,1260,2019,1,111.15759|BARETTA,MONTALBANO,2019_1260_25,0.26,same_block_check_diagnostic; pure_check_corandomization_unconfirmed; not_constituent_baseline
2019_1260_34,CH_1260_2019,1260,2019,2,111.15759|BARETTA,HANSWIN,2019_1260_27,-0.2,same_block_check_diagnostic; pure_check_corandomization_unconfirmed; not_constituent_baseline
2019_1260_34,CH_1260_2019,1260,2019,2,111.15759|BARETTA,MONTALBANO,2019_1260_41,-0.2,same_block_check_diagnostic; pure_check_corandomization_unconfirmed; not_constituent_baseline
2019_1260_62,CH_1260_2019,1260,2019,3,111.15759|BARETTA,HANSWIN,2019_1260_75,-0.81,same_block_check_diagnostic; pure_check_corandomization_unconfirmed; not_constituent_baseline
2019_1260_62,CH_1260_2019,1260,2019,3,111.15759|BARETTA,MONTALBANO,2019_1260_64,0.85,same_block_check_diagnostic; pure_check_corandomization_unconfirmed; not_constituent_baseline
2019_1567_25,CH_1567_2019,1567,2019,1,111.15759|BARETTA,HANSWIN,2019_1567_6,-0.11,same_block_check_diagnostic; pure_check_corandomization_unconfirmed; not_constituent_baseline
2019_1567_25,CH_1567_2019,1567,2019,1,111.15759|BARETTA,MONTALBANO,2019_1567_20,0.04,same_block_check_diagnostic; pure_check_corandomization_unconfirmed; not_constituent_baseline
2019_1567_32,CH_1567_2019,1567,2019,2,111.15759|BARETTA,HANSWIN,2019_1567_40,0.36,same_block_check_diagnostic; pure_check_corandomization_unconfirmed; not_constituent_baseline
2019_1567_32,CH_1567_2019,1567,2019,2,111.15759|BARETTA,MONTALBANO,2019_1567_31,0.41,same_block_check_diagnostic; pure_check_corandomization_unconfirmed; not_constituent_baseline
2019_1567_56,CH_1567_2019,1567,2019,3,111.15759|BARETTA,HANSWIN,2019_1567_62,0.25,same_block_check_diagnostic; pure_check_corandomization_unconfirmed; not_constituent_baseline
2019_1567_56,CH_1567_2019,1567,2019,3,111.15759|BARETTA,MONTALBANO,2019_1567_72,-0.04,same_block_check_diagnostic; pure_check_corandomization_unconfirmed; not_constituent_baseline
2019_3428_21,CH_3428_2019,3428,2019,1,111.15759|BARETTA,HANSWIN,2019_3428_22,0.82,same_block_check_diagnostic; pure_check_corandomization_unconfirmed; not_constituent_baseline
2019_3428_21,CH_3428_2019,3428,2019,1,111.15759|BARETTA,MONTALBANO,2019_3428_3,0.35,same_block_check_diagnostic; pure_check_corandomization_unconfirmed; not_constituent_baseline
2019_3428_35,CH_3428_2019,3428,2019,2,111.15759|BARETTA,HANSWIN,2019_3428_30,0.55,same_block_check_diagnostic; pure_check_corandomization_unconfirmed; not_constituent_baseline
2019_3428_35,CH_3428_2019,3428,2019,2,111.15759|BARETTA,MONTALBANO,2019_3428_41,-0.48,same_block_check_diagnostic; pure_check_corandomization_unconfirmed; not_constituent_baseline
2019_3428_68,CH_3428_2019,3428,2019,3,111.15759|BARETTA,HANSWIN,2019_3428_69,0.22,same_block_check_diagnostic; pure_check_corandomization_unconfirmed; not_constituent_baseline
2019_3428_68,CH_3428_2019,3428,2019,3,111.15759|BARETTA,MONTALBANO,2019_3428_64,-0.34,same_block_check_diagnostic; pure_check_corandomization_unconfirmed; not_constituent_baseline
2019_8046_8,CH_8046_2019,8046,2019,1,111.15759|BARETTA,HANSWIN,2019_8046_16,0.35,same_block_check_diagnostic; pure_check_corandomization_unconfirmed; not_constituent_baseline
2019_8046_8,CH_8046_2019,8046,2019,1,111.15759|BARETTA,MONTALBANO,2019_8046_22,1.23,same_block_check_diagnostic; pure_check_corandomization_unconfirmed; not_constituent_baseline
2019_8046_36,CH_8046_2019,8046,2019,2,111.15759|BARETTA,HANSWIN,2019_8046_34,-1.05,same_block_check_diagnostic; pure_check_corandomization_unconfirmed; not_constituent_baseline
2019_8046_36,CH_8046_2019,8046,2019,2,111.15759|BARETTA,MONTALBANO,2019_8046_45,-1.56,same_block_check_diagnostic; pure_check_corandomization_unconfirmed; not_constituent_baseline
2019_8046_55,CH_8046_2019,8046,2019,3,111.15759|BARETTA,HANSWIN,2019_8046_52,1.21,same_block_check_diagnostic; pure_check_corandomization_unconfirmed; not_constituent_baseline
2019_8046_55,CH_8046_2019,8046,2019,3,111.15759|BARETTA,MONTALBANO,2019_8046_59,1.08,same_block_check_diagnostic; pure_check_corandomization_unconfirmed; not_constituent_baseline
2019_8566_25,CH_8566_2019,8566,2019,1,111.15759|BARETTA,HANSWIN,2019_8566_10,0.12,same_block_check_diagnostic; pure_check_corandomization_unconfirmed; not_constituent_baseline
2019_8566_25,CH_8566_2019,8566,2019,1,111.15759|BARETTA,MONTALBANO,2019_8566_2,0.08,same_block_check_diagnostic; pure_check_corandomization_unconfirmed; not_constituent_baseline
2019_8566_44,CH_8566_2019,8566,2019,2,111.15759|BARETTA,HANSWIN,2019_8566_41,0.14,same_block_check_diagnostic; pure_check_corandomization_unconfirmed; not_constituent_baseline
2019_8566_44,CH_8566_2019,8566,2019,2,111.15759|BARETTA,MONTALBANO,2019_8566_30,0.94,same_block_check_diagnostic; pure_check_corandomization_unconfirmed; not_constituent_baseline
2019_8566_63,CH_8566_2019,8566,2019,3,111.15759|BARETTA,HANSWIN,2019_8566_53,0.08,same_block_check_diagnostic; pure_check_corandomization_unconfirmed; not_constituent_baseline
2019_8566_63,CH_8566_2019,8566,2019,3,111.15759|BARETTA,MONTALBANO,2019_8566_59,-0.33,same_block_check_diagnostic; pure_check_corandomization_unconfirmed; not_constituent_baseline
2019_1260_6,CH_1260_2019,1260,2019,1,BARETTA|MONTALBANO,HANSWIN,2019_1260_12,-0.66,same_block_check_diagnostic; pure_check_corandomization_unconfirmed; not_constituent_baseline
2019_1260_6,CH_1260_2019,1260,2019,1,BARETTA|MONTALBANO,MONTALBANO,2019_1260_25,-0.29,same_block_check_diagnostic; pure_check_corandomization_unconfirmed; not_constituent_baseline
2019_1260_38,CH_1260_2019,1260,2019,2,BARETTA|MONTALBANO,HANSWIN,2019_1260_27,-0.95,same_block_check_diagnostic; pure_check_corandomization_unconfirmed; not_constituent_baseline
2019_1260_38,CH_1260_2019,1260,2019,2,BARETTA|MONTALBANO,MONTALBANO,2019_1260_41,-0.95,same_block_check_diagnostic; pure_check_corandomization_unconfirmed; not_constituent_baseline
2019_1260_69,CH_1260_2019,1260,2019,3,BARETTA|MONTALBANO,HANSWIN,2019_1260_75,-1.01,same_block_check_diagnostic; pure_check_corandomization_unconfirmed; not_constituent_baseline
2019_1260_69,CH_1260_2019,1260,2019,3,BARETTA|MONTALBANO,MONTALBANO,2019_1260_64,0.65,same_block_check_diagnostic; pure_check_corandomization_unconfirmed; not_constituent_baseline
2019_1567_7,CH_1567_2019,1567,2019,1,BARETTA|MONTALBANO,HANSWIN,2019_1567_6,-0.12,same_block_check_diagnostic; pure_check_corandomization_unconfirmed; not_constituent_baseline
2019_1567_7,CH_1567_2019,1567,2019,1,BARETTA|MONTALBANO,MONTALBANO,2019_1567_20,0.03,same_block_check_diagnostic; pure_check_corandomization_unconfirmed; not_constituent_baseline
2019_1567_50,CH_1567_2019,1567,2019,2,BARETTA|MONTALBANO,HANSWIN,2019_1567_40,0.09,same_block_check_diagnostic; pure_check_corandomization_unconfirmed; not_constituent_baseline
2019_1567_50,CH_1567_2019,1567,2019,2,BARETTA|MONTALBANO,MONTALBANO,2019_1567_31,0.14,same_block_check_diagnostic; pure_check_corandomization_unconfirmed; not_constituent_baseline
2019_1567_53,CH_1567_2019,1567,2019,3,BARETTA|MONTALBANO,HANSWIN,2019_1567_62,-0.31,same_block_check_diagnostic; pure_check_corandomization_unconfirmed; not_constituent_baseline
2019_1567_53,CH_1567_2019,1567,2019,3,BARETTA|MONTALBANO,MONTALBANO,2019_1567_72,-0.6,same_block_check_diagnostic; pure_check_corandomization_unconfirmed; not_constituent_baseline
2019_3428_7,CH_3428_2019,3428,2019,1,BARETTA|MONTALBANO,HANSWIN,2019_3428_22,1.1,same_block_check_diagnostic; pure_check_corandomization_unconfirmed; not_constituent_baseline
2019_3428_7,CH_3428_2019,3428,2019,1,BARETTA|MONTALBANO,MONTALBANO,2019_3428_3,0.63,same_block_check_diagnostic; pure_check_corandomization_unconfirmed; not_constituent_baseline
2019_3428_29,CH_3428_2019,3428,2019,2,BARETTA|MONTALBANO,HANSWIN,2019_3428_30,0.4,same_block_check_diagnostic; pure_check_corandomization_unconfirmed; not_constituent_baseline
2019_3428_29,CH_3428_2019,3428,2019,2,BARETTA|MONTALBANO,MONTALBANO,2019_3428_41,-0.63,same_block_check_diagnostic; pure_check_corandomization_unconfirmed; not_constituent_baseline
2019_3428_70,CH_3428_2019,3428,2019,3,BARETTA|MONTALBANO,HANSWIN,2019_3428_69,0.61,same_block_check_diagnostic; pure_check_corandomization_unconfirmed; not_constituent_baseline
2019_3428_70,CH_3428_2019,3428,2019,3,BARETTA|MONTALBANO,MONTALBANO,2019_3428_64,0.05,same_block_check_diagnostic; pure_check_corandomization_unconfirmed; not_constituent_baseline
2019_8046_9,CH_8046_2019,8046,2019,1,BARETTA|MONTALBANO,HANSWIN,2019_8046_16,-0.29,same_block_check_diagnostic; pure_check_corandomization_unconfirmed; not_constituent_baseline
2019_8046_9,CH_8046_2019,8046,2019,1,BARETTA|MONTALBANO,MONTALBANO,2019_8046_22,0.59,same_block_check_diagnostic; pure_check_corandomization_unconfirmed; not_constituent_baseline
2019_8046_46,CH_8046_2019,8046,2019,2,BARETTA|MONTALBANO,HANSWIN,2019_8046_34,-0.68,same_block_check_diagnostic; pure_check_corandomization_unconfirmed; not_constituent_baseline
2019_8046_46,CH_8046_2019,8046,2019,2,BARETTA|MONTALBANO,MONTALBANO,2019_8046_45,-1.19,same_block_check_diagnostic; pure_check_corandomization_unconfirmed; not_constituent_baseline
2019_8046_72,CH_8046_2019,8046,2019,3,BARETTA|MONTALBANO,HANSWIN,2019_8046_52,0.66,same_block_check_diagnostic; pure_check_corandomization_unconfirmed; not_constituent_baseline
2019_8046_72,CH_8046_2019,8046,2019,3,BARETTA|MONTALBANO,MONTALBANO,2019_8046_59,0.53,same_block_check_diagnostic; pure_check_corandomization_unconfirmed; not_constituent_baseline
2019_8566_5,CH_8566_2019,8566,2019,1,BARETTA|MONTALBANO,HANSWIN,2019_8566_10,-0.25,same_block_check_diagnostic; pure_check_corandomization_unconfirmed; not_constituent_baseline
2019_8566_5,CH_8566_2019,8566,2019,1,BARETTA|MONTALBANO,MONTALBANO,2019_8566_2,-0.29,same_block_check_diagnostic; pure_check_corandomization_unconfirmed; not_constituent_baseline
2019_8566_45,CH_8566_2019,8566,2019,2,BARETTA|MONTALBANO,HANSWIN,2019_8566_41,-0.31,same_block_check_diagnostic; pure_check_corandomization_unconfirmed; not_constituent_baseline
2019_8566_45,CH_8566_2019,8566,2019,2,BARETTA|MONTALBANO,MONTALBANO,2019_8566_30,0.49,same_block_check_diagnostic; pure_check_corandomization_unconfirmed; not_constituent_baseline
2019_8566_71,CH_8566_2019,8566,2019,3,BARETTA|MONTALBANO,HANSWIN,2019_8566_53,1.33,same_block_check_diagnostic; pure_check_corandomization_unconfirmed; not_constituent_baseline
2019_8566_71,CH_8566_2019,8566,2019,3,BARETTA|MONTALBANO,MONTALBANO,2019_8566_59,0.92,same_block_check_diagnostic; pure_check_corandomization_unconfirmed; not_constituent_baseline
2020_1260_22,CH_1260_2020,1260,2020,1,BARETTA|MONTALBANO,HANSWIN,2020_1260_16,-0.51,same_block_check_diagnostic; pure_check_corandomization_unconfirmed; not_constituent_baseline
2020_1260_22,CH_1260_2020,1260,2020,1,BARETTA|MONTALBANO,MONTALBANO,2020_1260_7,-0.99,same_block_check_diagnostic; pure_check_corandomization_unconfirmed; not_constituent_baseline
2020_1260_45,CH_1260_2020,1260,2020,2,BARETTA|MONTALBANO,HANSWIN,2020_1260_49,-0.35,same_block_check_diagnostic; pure_check_corandomization_unconfirmed; not_constituent_baseline
2020_1260_45,CH_1260_2020,1260,2020,2,BARETTA|MONTALBANO,MONTALBANO,2020_1260_30,-1.13,same_block_check_diagnostic; pure_check_corandomization_unconfirmed; not_constituent_baseline
2020_1260_59,CH_1260_2020,1260,2020,3,BARETTA|MONTALBANO,HANSWIN,2020_1260_53,-0.52,same_block_check_diagnostic; pure_check_corandomization_unconfirmed; not_constituent_baseline
2020_1260_59,CH_1260_2020,1260,2020,3,BARETTA|MONTALBANO,MONTALBANO,2020_1260_66,-0.03,same_block_check_diagnostic; pure_check_corandomization_unconfirmed; not_constituent_baseline
2020_1567_30,CH_1567_2020,1567,2020,2,BARETTA|MONTALBANO,HANSWIN,2020_1567_34,-0.42,same_block_check_diagnostic; pure_check_corandomization_unconfirmed; not_constituent_baseline
2020_1567_30,CH_1567_2020,1567,2020,2,BARETTA|MONTALBANO,MONTALBANO,2020_1567_45,0.22,same_block_check_diagnostic; pure_check_corandomization_unconfirmed; not_constituent_baseline
2020_1567_57,CH_1567_2020,1567,2020,3,BARETTA|MONTALBANO,HANSWIN,2020_1567_71,-1.42,same_block_check_diagnostic; pure_check_corandomization_unconfirmed; not_constituent_baseline
2020_1567_57,CH_1567_2020,1567,2020,3,BARETTA|MONTALBANO,MONTALBANO,2020_1567_62,-0.06,same_block_check_diagnostic; pure_check_corandomization_unconfirmed; not_constituent_baseline
2020_3428_4,CH_3428_2020,3428,2020,1,BARETTA|MONTALBANO,HANSWIN,2020_3428_24,-1.2,same_block_check_diagnostic; pure_check_corandomization_unconfirmed; not_constituent_baseline
2020_3428_4,CH_3428_2020,3428,2020,1,BARETTA|MONTALBANO,MONTALBANO,2020_3428_21,-0.05,same_block_check_diagnostic; pure_check_corandomization_unconfirmed; not_constituent_baseline
2020_3428_31,CH_3428_2020,3428,2020,2,BARETTA|MONTALBANO,HANSWIN,2020_3428_43,-1.01,same_block_check_diagnostic; pure_check_corandomization_unconfirmed; not_constituent_baseline
2020_3428_31,CH_3428_2020,3428,2020,2,BARETTA|MONTALBANO,MONTALBANO,2020_3428_29,0.04,same_block_check_diagnostic; pure_check_corandomization_unconfirmed; not_constituent_baseline
2020_3428_70,CH_3428_2020,3428,2020,3,BARETTA|MONTALBANO,HANSWIN,2020_3428_51,0.46,same_block_check_diagnostic; pure_check_corandomization_unconfirmed; not_constituent_baseline
2020_3428_70,CH_3428_2020,3428,2020,3,BARETTA|MONTALBANO,MONTALBANO,2020_3428_57,-0.68,same_block_check_diagnostic; pure_check_corandomization_unconfirmed; not_constituent_baseline
2020_8046_19,CH_8046_2020,8046,2020,1,BARETTA|MONTALBANO,HANSWIN,2020_8046_11,-0.03,same_block_check_diagnostic; pure_check_corandomization_unconfirmed; not_constituent_baseline
2020_8046_19,CH_8046_2020,8046,2020,1,BARETTA|MONTALBANO,MONTALBANO,2020_8046_10,-0.15,same_block_check_diagnostic; pure_check_corandomization_unconfirmed; not_constituent_baseline
2020_8046_37,CH_8046_2020,8046,2020,2,BARETTA|MONTALBANO,HANSWIN,2020_8046_45,-0.3,same_block_check_diagnostic; pure_check_corandomization_unconfirmed; not_constituent_baseline
2020_8046_37,CH_8046_2020,8046,2020,2,BARETTA|MONTALBANO,MONTALBANO,2020_8046_41,0.12,same_block_check_diagnostic; pure_check_corandomization_unconfirmed; not_constituent_baseline
2020_8046_75,CH_8046_2020,8046,2020,3,BARETTA|MONTALBANO,HANSWIN,2020_8046_57,-0.74,same_block_check_diagnostic; pure_check_corandomization_unconfirmed; not_constituent_baseline
2020_8046_75,CH_8046_2020,8046,2020,3,BARETTA|MONTALBANO,MONTALBANO,2020_8046_54,0.18,same_block_check_diagnostic; pure_check_corandomization_unconfirmed; not_constituent_baseline
2020_8566_18,CH_8566_2020,8566,2020,1,BARETTA|MONTALBANO,HANSWIN,2020_8566_14,0.43,same_block_check_diagnostic; pure_check_corandomization_unconfirmed; not_constituent_baseline
2020_8566_18,CH_8566_2020,8566,2020,1,BARETTA|MONTALBANO,MONTALBANO,2020_8566_5,1.64,same_block_check_diagnostic; pure_check_corandomization_unconfirmed; not_constituent_baseline
2020_8566_40,CH_8566_2020,8566,2020,2,BARETTA|MONTALBANO,HANSWIN,2020_8566_33,-1.15,same_block_check_diagnostic; pure_check_corandomization_unconfirmed; not_constituent_baseline
2020_8566_40,CH_8566_2020,8566,2020,2,BARETTA|MONTALBANO,MONTALBANO,2020_8566_42,-0.2,same_block_check_diagnostic; pure_check_corandomization_unconfirmed; not_constituent_baseline
2020_8566_52,CH_8566_2020,8566,2020,3,BARETTA|MONTALBANO,HANSWIN,2020_8566_75,1.84,same_block_check_diagnostic; pure_check_corandomization_unconfirmed; not_constituent_baseline
2020_8566_52,CH_8566_2020,8566,2020,3,BARETTA|MONTALBANO,MONTALBANO,2020_8566_71,-0.11,same_block_check_diagnostic; pure_check_corandomization_unconfirmed; not_constituent_baseline
2020_1260_3,CH_1260_2020,1260,2020,1,BONAVAU|BRAGA,HANSWIN,2020_1260_16,-0.05,same_block_check_diagnostic; pure_check_corandomization_unconfirmed; not_constituent_baseline
2020_1260_3,CH_1260_2020,1260,2020,1,BONAVAU|BRAGA,MONTALBANO,2020_1260_7,-0.53,same_block_check_diagnostic; pure_check_corandomization_unconfirmed; not_constituent_baseline
2020_1260_42,CH_1260_2020,1260,2020,2,BONAVAU|BRAGA,HANSWIN,2020_1260_49,-0.9,same_block_check_diagnostic; pure_check_corandomization_unconfirmed; not_constituent_baseline
2020_1260_42,CH_1260_2020,1260,2020,2,BONAVAU|BRAGA,MONTALBANO,2020_1260_30,-1.68,same_block_check_diagnostic; pure_check_corandomization_unconfirmed; not_constituent_baseline
2020_1260_64,CH_1260_2020,1260,2020,3,BONAVAU|BRAGA,HANSWIN,2020_1260_53,0.01,same_block_check_diagnostic; pure_check_corandomization_unconfirmed; not_constituent_baseline
2020_1260_64,CH_1260_2020,1260,2020,3,BONAVAU|BRAGA,MONTALBANO,2020_1260_66,0.5,same_block_check_diagnostic; pure_check_corandomization_unconfirmed; not_constituent_baseline
2020_1567_44,CH_1567_2020,1567,2020,2,BONAVAU|BRAGA,HANSWIN,2020_1567_34,-0.99,same_block_check_diagnostic; pure_check_corandomization_unconfirmed; not_constituent_baseline
2020_1567_44,CH_1567_2020,1567,2020,2,BONAVAU|BRAGA,MONTALBANO,2020_1567_45,-0.35,same_block_check_diagnostic; pure_check_corandomization_unconfirmed; not_constituent_baseline
2020_1567_56,CH_1567_2020,1567,2020,3,BONAVAU|BRAGA,HANSWIN,2020_1567_71,-1.17,same_block_check_diagnostic; pure_check_corandomization_unconfirmed; not_constituent_baseline
2020_1567_56,CH_1567_2020,1567,2020,3,BONAVAU|BRAGA,MONTALBANO,2020_1567_62,0.19,same_block_check_diagnostic; pure_check_corandomization_unconfirmed; not_constituent_baseline
2020_3428_12,CH_3428_2020,3428,2020,1,BONAVAU|BRAGA,HANSWIN,2020_3428_24,-0.5,same_block_check_diagnostic; pure_check_corandomization_unconfirmed; not_constituent_baseline
2020_3428_12,CH_3428_2020,3428,2020,1,BONAVAU|BRAGA,MONTALBANO,2020_3428_21,0.65,same_block_check_diagnostic; pure_check_corandomization_unconfirmed; not_constituent_baseline
2020_3428_46,CH_3428_2020,3428,2020,2,BONAVAU|BRAGA,HANSWIN,2020_3428_43,-0.82,same_block_check_diagnostic; pure_check_corandomization_unconfirmed; not_constituent_baseline
2020_3428_46,CH_3428_2020,3428,2020,2,BONAVAU|BRAGA,MONTALBANO,2020_3428_29,0.23,same_block_check_diagnostic; pure_check_corandomization_unconfirmed; not_constituent_baseline
2020_3428_68,CH_3428_2020,3428,2020,3,BONAVAU|BRAGA,HANSWIN,2020_3428_51,0.31,same_block_check_diagnostic; pure_check_corandomization_unconfirmed; not_constituent_baseline
2020_3428_68,CH_3428_2020,3428,2020,3,BONAVAU|BRAGA,MONTALBANO,2020_3428_57,-0.83,same_block_check_diagnostic; pure_check_corandomization_unconfirmed; not_constituent_baseline
2020_8046_13,CH_8046_2020,8046,2020,1,BONAVAU|BRAGA,HANSWIN,2020_8046_11,0.57,same_block_check_diagnostic; pure_check_corandomization_unconfirmed; not_constituent_baseline
2020_8046_13,CH_8046_2020,8046,2020,1,BONAVAU|BRAGA,MONTALBANO,2020_8046_10,0.45,same_block_check_diagnostic; pure_check_corandomization_unconfirmed; not_constituent_baseline
2020_8046_29,CH_8046_2020,8046,2020,2,BONAVAU|BRAGA,HANSWIN,2020_8046_45,0.28,same_block_check_diagnostic; pure_check_corandomization_unconfirmed; not_constituent_baseline
2020_8046_29,CH_8046_2020,8046,2020,2,BONAVAU|BRAGA,MONTALBANO,2020_8046_41,0.7,same_block_check_diagnostic; pure_check_corandomization_unconfirmed; not_constituent_baseline
2020_8046_60,CH_8046_2020,8046,2020,3,BONAVAU|BRAGA,HANSWIN,2020_8046_57,-0.1,same_block_check_diagnostic; pure_check_corandomization_unconfirmed; not_constituent_baseline
2020_8046_60,CH_8046_2020,8046,2020,3,BONAVAU|BRAGA,MONTALBANO,2020_8046_54,0.82,same_block_check_diagnostic; pure_check_corandomization_unconfirmed; not_constituent_baseline
2020_8566_13,CH_8566_2020,8566,2020,1,BONAVAU|BRAGA,HANSWIN,2020_8566_14,0.16,same_block_check_diagnostic; pure_check_corandomization_unconfirmed; not_constituent_baseline
2020_8566_13,CH_8566_2020,8566,2020,1,BONAVAU|BRAGA,MONTALBANO,2020_8566_5,1.37,same_block_check_diagnostic; pure_check_corandomization_unconfirmed; not_constituent_baseline
2020_8566_45,CH_8566_2020,8566,2020,2,BONAVAU|BRAGA,HANSWIN,2020_8566_33,-0.71,same_block_check_diagnostic; pure_check_corandomization_unconfirmed; not_constituent_baseline
2020_8566_45,CH_8566_2020,8566,2020,2,BONAVAU|BRAGA,MONTALBANO,2020_8566_42,0.24,same_block_check_diagnostic; pure_check_corandomization_unconfirmed; not_constituent_baseline
2020_8566_74,CH_8566_2020,8566,2020,3,BONAVAU|BRAGA,HANSWIN,2020_8566_75,-0.43,same_block_check_diagnostic; pure_check_corandomization_unconfirmed; not_constituent_baseline
2020_8566_74,CH_8566_2020,8566,2020,3,BONAVAU|BRAGA,MONTALBANO,2020_8566_71,-2.38,same_block_check_diagnostic; pure_check_corandomization_unconfirmed; not_constituent_baseline
2020_1260_14,CH_1260_2020,1260,2020,1,BRAGA|PILATUS,HANSWIN,2020_1260_16,-0.17,same_block_check_diagnostic; pure_check_corandomization_unconfirmed; not_constituent_baseline
2020_1260_14,CH_1260_2020,1260,2020,1,BRAGA|PILATUS,MONTALBANO,2020_1260_7,-0.65,same_block_check_diagnostic; pure_check_corandomization_unconfirmed; not_constituent_baseline
2020_1260_41,CH_1260_2020,1260,2020,2,BRAGA|PILATUS,HANSWIN,2020_1260_49,0.28,same_block_check_diagnostic; pure_check_corandomization_unconfirmed; not_constituent_baseline
2020_1260_41,CH_1260_2020,1260,2020,2,BRAGA|PILATUS,MONTALBANO,2020_1260_30,-0.5,same_block_check_diagnostic; pure_check_corandomization_unconfirmed; not_constituent_baseline
2020_1260_55,CH_1260_2020,1260,2020,3,BRAGA|PILATUS,HANSWIN,2020_1260_53,-1.42,same_block_check_diagnostic; pure_check_corandomization_unconfirmed; not_constituent_baseline
2020_1260_55,CH_1260_2020,1260,2020,3,BRAGA|PILATUS,MONTALBANO,2020_1260_66,-0.93,same_block_check_diagnostic; pure_check_corandomization_unconfirmed; not_constituent_baseline
2020_1567_41,CH_1567_2020,1567,2020,2,BRAGA|PILATUS,HANSWIN,2020_1567_34,-0.63,same_block_check_diagnostic; pure_check_corandomization_unconfirmed; not_constituent_baseline
2020_1567_41,CH_1567_2020,1567,2020,2,BRAGA|PILATUS,MONTALBANO,2020_1567_45,0.01,same_block_check_diagnostic; pure_check_corandomization_unconfirmed; not_constituent_baseline
2020_1567_54,CH_1567_2020,1567,2020,3,BRAGA|PILATUS,HANSWIN,2020_1567_71,-1.08,same_block_check_diagnostic; pure_check_corandomization_unconfirmed; not_constituent_baseline
2020_1567_54,CH_1567_2020,1567,2020,3,BRAGA|PILATUS,MONTALBANO,2020_1567_62,0.28,same_block_check_diagnostic; pure_check_corandomization_unconfirmed; not_constituent_baseline
2020_3428_8,CH_3428_2020,3428,2020,1,BRAGA|PILATUS,HANSWIN,2020_3428_24,0.08,same_block_check_diagnostic; pure_check_corandomization_unconfirmed; not_constituent_baseline
2020_3428_8,CH_3428_2020,3428,2020,1,BRAGA|PILATUS,MONTALBANO,2020_3428_21,1.23,same_block_check_diagnostic; pure_check_corandomization_unconfirmed; not_constituent_baseline
2020_3428_42,CH_3428_2020,3428,2020,2,BRAGA|PILATUS,HANSWIN,2020_3428_43,0.1,same_block_check_diagnostic; pure_check_corandomization_unconfirmed; not_constituent_baseline
2020_3428_42,CH_3428_2020,3428,2020,2,BRAGA|PILATUS,MONTALBANO,2020_3428_29,1.15,same_block_check_diagnostic; pure_check_corandomization_unconfirmed; not_constituent_baseline
2020_3428_54,CH_3428_2020,3428,2020,3,BRAGA|PILATUS,HANSWIN,2020_3428_51,0.76,same_block_check_diagnostic; pure_check_corandomization_unconfirmed; not_constituent_baseline
2020_3428_54,CH_3428_2020,3428,2020,3,BRAGA|PILATUS,MONTALBANO,2020_3428_57,-0.38,same_block_check_diagnostic; pure_check_corandomization_unconfirmed; not_constituent_baseline
2020_8046_23,CH_8046_2020,8046,2020,1,BRAGA|PILATUS,HANSWIN,2020_8046_11,0.97,same_block_check_diagnostic; pure_check_corandomization_unconfirmed; not_constituent_baseline
2020_8046_23,CH_8046_2020,8046,2020,1,BRAGA|PILATUS,MONTALBANO,2020_8046_10,0.85,same_block_check_diagnostic; pure_check_corandomization_unconfirmed; not_constituent_baseline
2020_8046_30,CH_8046_2020,8046,2020,2,BRAGA|PILATUS,HANSWIN,2020_8046_45,0.13,same_block_check_diagnostic; pure_check_corandomization_unconfirmed; not_constituent_baseline
2020_8046_30,CH_8046_2020,8046,2020,2,BRAGA|PILATUS,MONTALBANO,2020_8046_41,0.55,same_block_check_diagnostic; pure_check_corandomization_unconfirmed; not_constituent_baseline
2020_8046_69,CH_8046_2020,8046,2020,3,BRAGA|PILATUS,HANSWIN,2020_8046_57,0.37,same_block_check_diagnostic; pure_check_corandomization_unconfirmed; not_constituent_baseline
2020_8046_69,CH_8046_2020,8046,2020,3,BRAGA|PILATUS,MONTALBANO,2020_8046_54,1.29,same_block_check_diagnostic; pure_check_corandomization_unconfirmed; not_constituent_baseline
2020_8566_21,CH_8566_2020,8566,2020,1,BRAGA|PILATUS,HANSWIN,2020_8566_14,1.36,same_block_check_diagnostic; pure_check_corandomization_unconfirmed; not_constituent_baseline
2020_8566_21,CH_8566_2020,8566,2020,1,BRAGA|PILATUS,MONTALBANO,2020_8566_5,2.57,same_block_check_diagnostic; pure_check_corandomization_unconfirmed; not_constituent_baseline
2020_8566_43,CH_8566_2020,8566,2020,2,BRAGA|PILATUS,HANSWIN,2020_8566_33,-1.43,same_block_check_diagnostic; pure_check_corandomization_unconfirmed; not_constituent_baseline
2020_8566_43,CH_8566_2020,8566,2020,2,BRAGA|PILATUS,MONTALBANO,2020_8566_42,-0.48,same_block_check_diagnostic; pure_check_corandomization_unconfirmed; not_constituent_baseline
2020_8566_55,CH_8566_2020,8566,2020,3,BRAGA|PILATUS,HANSWIN,2020_8566_75,2.5,same_block_check_diagnostic; pure_check_corandomization_unconfirmed; not_constituent_baseline
2020_8566_55,CH_8566_2020,8566,2020,3,BRAGA|PILATUS,MONTALBANO,2020_8566_71,0.55,same_block_check_diagnostic; pure_check_corandomization_unconfirmed; not_constituent_baseline
2019_1260_8,CH_1260_2019,1260,2019,1,211.14074|CAMINADA,HANSWIN,2019_1260_12,-0.24,same_block_check_diagnostic; pure_check_corandomization_unconfirmed; not_constituent_baseline
2019_1260_8,CH_1260_2019,1260,2019,1,211.14074|CAMINADA,MONTALBANO,2019_1260_25,0.13,same_block_check_diagnostic; pure_check_corandomization_unconfirmed; not_constituent_baseline
2019_1260_48,CH_1260_2019,1260,2019,2,211.14074|CAMINADA,HANSWIN,2019_1260_27,-1.7,same_block_check_diagnostic; pure_check_corandomization_unconfirmed; not_constituent_baseline
2019_1260_48,CH_1260_2019,1260,2019,2,211.14074|CAMINADA,MONTALBANO,2019_1260_41,-1.7,same_block_check_diagnostic; pure_check_corandomization_unconfirmed; not_constituent_baseline
2019_1260_70,CH_1260_2019,1260,2019,3,211.14074|CAMINADA,HANSWIN,2019_1260_75,-2,same_block_check_diagnostic; pure_check_corandomization_unconfirmed; not_constituent_baseline
2019_1260_70,CH_1260_2019,1260,2019,3,211.14074|CAMINADA,MONTALBANO,2019_1260_64,-0.34,same_block_check_diagnostic; pure_check_corandomization_unconfirmed; not_constituent_baseline
2019_1567_8,CH_1567_2019,1567,2019,1,211.14074|CAMINADA,HANSWIN,2019_1567_6,-0.09,same_block_check_diagnostic; pure_check_corandomization_unconfirmed; not_constituent_baseline
2019_1567_8,CH_1567_2019,1567,2019,1,211.14074|CAMINADA,MONTALBANO,2019_1567_20,0.06,same_block_check_diagnostic; pure_check_corandomization_unconfirmed; not_constituent_baseline
2019_1567_30,CH_1567_2019,1567,2019,2,211.14074|CAMINADA,HANSWIN,2019_1567_40,0.35,same_block_check_diagnostic; pure_check_corandomization_unconfirmed; not_constituent_baseline
2019_1567_30,CH_1567_2019,1567,2019,2,211.14074|CAMINADA,MONTALBANO,2019_1567_31,0.4,same_block_check_diagnostic; pure_check_corandomization_unconfirmed; not_constituent_baseline
2019_1567_54,CH_1567_2019,1567,2019,3,211.14074|CAMINADA,HANSWIN,2019_1567_62,0.31,same_block_check_diagnostic; pure_check_corandomization_unconfirmed; not_constituent_baseline
2019_1567_54,CH_1567_2019,1567,2019,3,211.14074|CAMINADA,MONTALBANO,2019_1567_72,0.02,same_block_check_diagnostic; pure_check_corandomization_unconfirmed; not_constituent_baseline
2019_3428_12,CH_3428_2019,3428,2019,1,211.14074|CAMINADA,HANSWIN,2019_3428_22,0.91,same_block_check_diagnostic; pure_check_corandomization_unconfirmed; not_constituent_baseline
2019_3428_12,CH_3428_2019,3428,2019,1,211.14074|CAMINADA,MONTALBANO,2019_3428_3,0.44,same_block_check_diagnostic; pure_check_corandomization_unconfirmed; not_constituent_baseline
2019_3428_28,CH_3428_2019,3428,2019,2,211.14074|CAMINADA,HANSWIN,2019_3428_30,0.68,same_block_check_diagnostic; pure_check_corandomization_unconfirmed; not_constituent_baseline
2019_3428_28,CH_3428_2019,3428,2019,2,211.14074|CAMINADA,MONTALBANO,2019_3428_41,-0.35,same_block_check_diagnostic; pure_check_corandomization_unconfirmed; not_constituent_baseline
2019_3428_60,CH_3428_2019,3428,2019,3,211.14074|CAMINADA,HANSWIN,2019_3428_69,0.45,same_block_check_diagnostic; pure_check_corandomization_unconfirmed; not_constituent_baseline
2019_3428_60,CH_3428_2019,3428,2019,3,211.14074|CAMINADA,MONTALBANO,2019_3428_64,-0.11,same_block_check_diagnostic; pure_check_corandomization_unconfirmed; not_constituent_baseline
2019_8046_18,CH_8046_2019,8046,2019,1,211.14074|CAMINADA,HANSWIN,2019_8046_16,-0.43,same_block_check_diagnostic; pure_check_corandomization_unconfirmed; not_constituent_baseline
2019_8046_18,CH_8046_2019,8046,2019,1,211.14074|CAMINADA,MONTALBANO,2019_8046_22,0.45,same_block_check_diagnostic; pure_check_corandomization_unconfirmed; not_constituent_baseline
2019_8046_39,CH_8046_2019,8046,2019,2,211.14074|CAMINADA,HANSWIN,2019_8046_34,-0.08,same_block_check_diagnostic; pure_check_corandomization_unconfirmed; not_constituent_baseline
2019_8046_39,CH_8046_2019,8046,2019,2,211.14074|CAMINADA,MONTALBANO,2019_8046_45,-0.59,same_block_check_diagnostic; pure_check_corandomization_unconfirmed; not_constituent_baseline
2019_8046_65,CH_8046_2019,8046,2019,3,211.14074|CAMINADA,HANSWIN,2019_8046_52,0.19,same_block_check_diagnostic; pure_check_corandomization_unconfirmed; not_constituent_baseline
2019_8046_65,CH_8046_2019,8046,2019,3,211.14074|CAMINADA,MONTALBANO,2019_8046_59,0.06,same_block_check_diagnostic; pure_check_corandomization_unconfirmed; not_constituent_baseline
2019_8566_13,CH_8566_2019,8566,2019,1,211.14074|CAMINADA,HANSWIN,2019_8566_10,-0.45,same_block_check_diagnostic; pure_check_corandomization_unconfirmed; not_constituent_baseline
2019_8566_13,CH_8566_2019,8566,2019,1,211.14074|CAMINADA,MONTALBANO,2019_8566_2,-0.49,same_block_check_diagnostic; pure_check_corandomization_unconfirmed; not_constituent_baseline
2019_8566_32,CH_8566_2019,8566,2019,2,211.14074|CAMINADA,HANSWIN,2019_8566_41,-0.25,same_block_check_diagnostic; pure_check_corandomization_unconfirmed; not_constituent_baseline
2019_8566_32,CH_8566_2019,8566,2019,2,211.14074|CAMINADA,MONTALBANO,2019_8566_30,0.55,same_block_check_diagnostic; pure_check_corandomization_unconfirmed; not_constituent_baseline
2019_8566_75,CH_8566_2019,8566,2019,3,211.14074|CAMINADA,HANSWIN,2019_8566_53,1.06,same_block_check_diagnostic; pure_check_corandomization_unconfirmed; not_constituent_baseline
2019_8566_75,CH_8566_2019,8566,2019,3,211.14074|CAMINADA,MONTALBANO,2019_8566_59,0.65,same_block_check_diagnostic; pure_check_corandomization_unconfirmed; not_constituent_baseline
2020_1260_19,CH_1260_2020,1260,2020,1,211.14074|CAMINADA,HANSWIN,2020_1260_16,0.59,same_block_check_diagnostic; pure_check_corandomization_unconfirmed; not_constituent_baseline
2020_1260_19,CH_1260_2020,1260,2020,1,211.14074|CAMINADA,MONTALBANO,2020_1260_7,0.11,same_block_check_diagnostic; pure_check_corandomization_unconfirmed; not_constituent_baseline
2020_1260_28,CH_1260_2020,1260,2020,2,211.14074|CAMINADA,HANSWIN,2020_1260_49,1.21,same_block_check_diagnostic; pure_check_corandomization_unconfirmed; not_constituent_baseline
2020_1260_28,CH_1260_2020,1260,2020,2,211.14074|CAMINADA,MONTALBANO,2020_1260_30,0.43,same_block_check_diagnostic; pure_check_corandomization_unconfirmed; not_constituent_baseline
2020_1260_60,CH_1260_2020,1260,2020,3,211.14074|CAMINADA,HANSWIN,2020_1260_53,-0.43,same_block_check_diagnostic; pure_check_corandomization_unconfirmed; not_constituent_baseline
2020_1260_60,CH_1260_2020,1260,2020,3,211.14074|CAMINADA,MONTALBANO,2020_1260_66,0.06,same_block_check_diagnostic; pure_check_corandomization_unconfirmed; not_constituent_baseline
2020_1567_32,CH_1567_2020,1567,2020,2,211.14074|CAMINADA,HANSWIN,2020_1567_34,0.49,same_block_check_diagnostic; pure_check_corandomization_unconfirmed; not_constituent_baseline
2020_1567_32,CH_1567_2020,1567,2020,2,211.14074|CAMINADA,MONTALBANO,2020_1567_45,1.13,same_block_check_diagnostic; pure_check_corandomization_unconfirmed; not_constituent_baseline
2020_1567_68,CH_1567_2020,1567,2020,3,211.14074|CAMINADA,HANSWIN,2020_1567_71,-0.2,same_block_check_diagnostic; pure_check_corandomization_unconfirmed; not_constituent_baseline
2020_1567_68,CH_1567_2020,1567,2020,3,211.14074|CAMINADA,MONTALBANO,2020_1567_62,1.16,same_block_check_diagnostic; pure_check_corandomization_unconfirmed; not_constituent_baseline
2020_3428_2,CH_3428_2020,3428,2020,1,211.14074|CAMINADA,HANSWIN,2020_3428_24,-0.36,same_block_check_diagnostic; pure_check_corandomization_unconfirmed; not_constituent_baseline
2020_3428_2,CH_3428_2020,3428,2020,1,211.14074|CAMINADA,MONTALBANO,2020_3428_21,0.79,same_block_check_diagnostic; pure_check_corandomization_unconfirmed; not_constituent_baseline
2020_3428_40,CH_3428_2020,3428,2020,2,211.14074|CAMINADA,HANSWIN,2020_3428_43,-0.57,same_block_check_diagnostic; pure_check_corandomization_unconfirmed; not_constituent_baseline
2020_3428_40,CH_3428_2020,3428,2020,2,211.14074|CAMINADA,MONTALBANO,2020_3428_29,0.48,same_block_check_diagnostic; pure_check_corandomization_unconfirmed; not_constituent_baseline
2020_3428_71,CH_3428_2020,3428,2020,3,211.14074|CAMINADA,HANSWIN,2020_3428_51,-0.35,same_block_check_diagnostic; pure_check_corandomization_unconfirmed; not_constituent_baseline
2020_3428_71,CH_3428_2020,3428,2020,3,211.14074|CAMINADA,MONTALBANO,2020_3428_57,-1.49,same_block_check_diagnostic; pure_check_corandomization_unconfirmed; not_constituent_baseline
2020_8046_1,CH_8046_2020,8046,2020,1,211.14074|CAMINADA,HANSWIN,2020_8046_11,0.7,same_block_check_diagnostic; pure_check_corandomization_unconfirmed; not_constituent_baseline
2020_8046_1,CH_8046_2020,8046,2020,1,211.14074|CAMINADA,MONTALBANO,2020_8046_10,0.58,same_block_check_diagnostic; pure_check_corandomization_unconfirmed; not_constituent_baseline
2020_8046_38,CH_8046_2020,8046,2020,2,211.14074|CAMINADA,HANSWIN,2020_8046_45,0.91,same_block_check_diagnostic; pure_check_corandomization_unconfirmed; not_constituent_baseline
2020_8046_38,CH_8046_2020,8046,2020,2,211.14074|CAMINADA,MONTALBANO,2020_8046_41,1.33,same_block_check_diagnostic; pure_check_corandomization_unconfirmed; not_constituent_baseline
2020_8046_67,CH_8046_2020,8046,2020,3,211.14074|CAMINADA,HANSWIN,2020_8046_57,0.69,same_block_check_diagnostic; pure_check_corandomization_unconfirmed; not_constituent_baseline
2020_8046_67,CH_8046_2020,8046,2020,3,211.14074|CAMINADA,MONTALBANO,2020_8046_54,1.61,same_block_check_diagnostic; pure_check_corandomization_unconfirmed; not_constituent_baseline
2020_8566_20,CH_8566_2020,8566,2020,1,211.14074|CAMINADA,HANSWIN,2020_8566_14,0.03,same_block_check_diagnostic; pure_check_corandomization_unconfirmed; not_constituent_baseline
2020_8566_20,CH_8566_2020,8566,2020,1,211.14074|CAMINADA,MONTALBANO,2020_8566_5,1.24,same_block_check_diagnostic; pure_check_corandomization_unconfirmed; not_constituent_baseline
2020_8566_36,CH_8566_2020,8566,2020,2,211.14074|CAMINADA,HANSWIN,2020_8566_33,0.66,same_block_check_diagnostic; pure_check_corandomization_unconfirmed; not_constituent_baseline
2020_8566_36,CH_8566_2020,8566,2020,2,211.14074|CAMINADA,MONTALBANO,2020_8566_42,1.61,same_block_check_diagnostic; pure_check_corandomization_unconfirmed; not_constituent_baseline
2020_8566_54,CH_8566_2020,8566,2020,3,211.14074|CAMINADA,HANSWIN,2020_8566_75,1.43,same_block_check_diagnostic; pure_check_corandomization_unconfirmed; not_constituent_baseline
2020_8566_54,CH_8566_2020,8566,2020,3,211.14074|CAMINADA,MONTALBANO,2020_8566_71,-0.52,same_block_check_diagnostic; pure_check_corandomization_unconfirmed; not_constituent_baseline
2019_1260_2,CH_1260_2019,1260,2019,1,CAMINADA|CAMPANILE,HANSWIN,2019_1260_12,-0.26,same_block_check_diagnostic; pure_check_corandomization_unconfirmed; not_constituent_baseline
2019_1260_2,CH_1260_2019,1260,2019,1,CAMINADA|CAMPANILE,MONTALBANO,2019_1260_25,0.11,same_block_check_diagnostic; pure_check_corandomization_unconfirmed; not_constituent_baseline
2019_1260_30,CH_1260_2019,1260,2019,2,CAMINADA|CAMPANILE,HANSWIN,2019_1260_27,-0.65,same_block_check_diagnostic; pure_check_corandomization_unconfirmed; not_constituent_baseline
2019_1260_30,CH_1260_2019,1260,2019,2,CAMINADA|CAMPANILE,MONTALBANO,2019_1260_41,-0.65,same_block_check_diagnostic; pure_check_corandomization_unconfirmed; not_constituent_baseline
2019_1260_66,CH_1260_2019,1260,2019,3,CAMINADA|CAMPANILE,HANSWIN,2019_1260_75,-1.67,same_block_check_diagnostic; pure_check_corandomization_unconfirmed; not_constituent_baseline
2019_1260_66,CH_1260_2019,1260,2019,3,CAMINADA|CAMPANILE,MONTALBANO,2019_1260_64,-0.01,same_block_check_diagnostic; pure_check_corandomization_unconfirmed; not_constituent_baseline
2019_1567_18,CH_1567_2019,1567,2019,1,CAMINADA|CAMPANILE,HANSWIN,2019_1567_6,-0.12,same_block_check_diagnostic; pure_check_corandomization_unconfirmed; not_constituent_baseline
2019_1567_18,CH_1567_2019,1567,2019,1,CAMINADA|CAMPANILE,MONTALBANO,2019_1567_20,0.03,same_block_check_diagnostic; pure_check_corandomization_unconfirmed; not_constituent_baseline
2019_1567_26,CH_1567_2019,1567,2019,2,CAMINADA|CAMPANILE,HANSWIN,2019_1567_40,-0.04,same_block_check_diagnostic; pure_check_corandomization_unconfirmed; not_constituent_baseline
2019_1567_26,CH_1567_2019,1567,2019,2,CAMINADA|CAMPANILE,MONTALBANO,2019_1567_31,0.01,same_block_check_diagnostic; pure_check_corandomization_unconfirmed; not_constituent_baseline
2019_1567_59,CH_1567_2019,1567,2019,3,CAMINADA|CAMPANILE,HANSWIN,2019_1567_62,0.24,same_block_check_diagnostic; pure_check_corandomization_unconfirmed; not_constituent_baseline
2019_1567_59,CH_1567_2019,1567,2019,3,CAMINADA|CAMPANILE,MONTALBANO,2019_1567_72,-0.05,same_block_check_diagnostic; pure_check_corandomization_unconfirmed; not_constituent_baseline
2019_3428_2,CH_3428_2019,3428,2019,1,CAMINADA|CAMPANILE,HANSWIN,2019_3428_22,1.12,same_block_check_diagnostic; pure_check_corandomization_unconfirmed; not_constituent_baseline
2019_3428_2,CH_3428_2019,3428,2019,1,CAMINADA|CAMPANILE,MONTALBANO,2019_3428_3,0.65,same_block_check_diagnostic; pure_check_corandomization_unconfirmed; not_constituent_baseline
2019_3428_26,CH_3428_2019,3428,2019,2,CAMINADA|CAMPANILE,HANSWIN,2019_3428_30,0.8,same_block_check_diagnostic; pure_check_corandomization_unconfirmed; not_constituent_baseline
2019_3428_26,CH_3428_2019,3428,2019,2,CAMINADA|CAMPANILE,MONTALBANO,2019_3428_41,-0.23,same_block_check_diagnostic; pure_check_corandomization_unconfirmed; not_constituent_baseline
2019_3428_65,CH_3428_2019,3428,2019,3,CAMINADA|CAMPANILE,HANSWIN,2019_3428_69,0.98,same_block_check_diagnostic; pure_check_corandomization_unconfirmed; not_constituent_baseline
2019_3428_65,CH_3428_2019,3428,2019,3,CAMINADA|CAMPANILE,MONTALBANO,2019_3428_64,0.42,same_block_check_diagnostic; pure_check_corandomization_unconfirmed; not_constituent_baseline
2019_8046_10,CH_8046_2019,8046,2019,1,CAMINADA|CAMPANILE,HANSWIN,2019_8046_16,0.13,same_block_check_diagnostic; pure_check_corandomization_unconfirmed; not_constituent_baseline
2019_8046_10,CH_8046_2019,8046,2019,1,CAMINADA|CAMPANILE,MONTALBANO,2019_8046_22,1.01,same_block_check_diagnostic; pure_check_corandomization_unconfirmed; not_constituent_baseline
2019_8046_26,CH_8046_2019,8046,2019,2,CAMINADA|CAMPANILE,HANSWIN,2019_8046_34,-1.22,same_block_check_diagnostic; pure_check_corandomization_unconfirmed; not_constituent_baseline
2019_8046_26,CH_8046_2019,8046,2019,2,CAMINADA|CAMPANILE,MONTALBANO,2019_8046_45,-1.73,same_block_check_diagnostic; pure_check_corandomization_unconfirmed; not_constituent_baseline
2019_8046_68,CH_8046_2019,8046,2019,3,CAMINADA|CAMPANILE,HANSWIN,2019_8046_52,-0.64,same_block_check_diagnostic; pure_check_corandomization_unconfirmed; not_constituent_baseline
2019_8046_68,CH_8046_2019,8046,2019,3,CAMINADA|CAMPANILE,MONTALBANO,2019_8046_59,-0.77,same_block_check_diagnostic; pure_check_corandomization_unconfirmed; not_constituent_baseline
2019_8566_9,CH_8566_2019,8566,2019,1,CAMINADA|CAMPANILE,HANSWIN,2019_8566_10,-0.59,same_block_check_diagnostic; pure_check_corandomization_unconfirmed; not_constituent_baseline
2019_8566_9,CH_8566_2019,8566,2019,1,CAMINADA|CAMPANILE,MONTALBANO,2019_8566_2,-0.63,same_block_check_diagnostic; pure_check_corandomization_unconfirmed; not_constituent_baseline
2019_8566_46,CH_8566_2019,8566,2019,2,CAMINADA|CAMPANILE,HANSWIN,2019_8566_41,0.22,same_block_check_diagnostic; pure_check_corandomization_unconfirmed; not_constituent_baseline
2019_8566_46,CH_8566_2019,8566,2019,2,CAMINADA|CAMPANILE,MONTALBANO,2019_8566_30,1.02,same_block_check_diagnostic; pure_check_corandomization_unconfirmed; not_constituent_baseline
2019_8566_70,CH_8566_2019,8566,2019,3,CAMINADA|CAMPANILE,HANSWIN,2019_8566_53,0.17,same_block_check_diagnostic; pure_check_corandomization_unconfirmed; not_constituent_baseline
2019_8566_70,CH_8566_2019,8566,2019,3,CAMINADA|CAMPANILE,MONTALBANO,2019_8566_59,-0.24,same_block_check_diagnostic; pure_check_corandomization_unconfirmed; not_constituent_baseline
2020_1260_8,CH_1260_2020,1260,2020,1,111.16278|COLMETTA,HANSWIN,2020_1260_16,1.44,same_block_check_diagnostic; pure_check_corandomization_unconfirmed; not_constituent_baseline
2020_1260_8,CH_1260_2020,1260,2020,1,111.16278|COLMETTA,MONTALBANO,2020_1260_7,0.96,same_block_check_diagnostic; pure_check_corandomization_unconfirmed; not_constituent_baseline
2020_1260_27,CH_1260_2020,1260,2020,2,111.16278|COLMETTA,HANSWIN,2020_1260_49,1.56,same_block_check_diagnostic; pure_check_corandomization_unconfirmed; not_constituent_baseline
2020_1260_27,CH_1260_2020,1260,2020,2,111.16278|COLMETTA,MONTALBANO,2020_1260_30,0.78,same_block_check_diagnostic; pure_check_corandomization_unconfirmed; not_constituent_baseline
2020_1260_69,CH_1260_2020,1260,2020,3,111.16278|COLMETTA,HANSWIN,2020_1260_53,0.75,same_block_check_diagnostic; pure_check_corandomization_unconfirmed; not_constituent_baseline
2020_1260_69,CH_1260_2020,1260,2020,3,111.16278|COLMETTA,MONTALBANO,2020_1260_66,1.24,same_block_check_diagnostic; pure_check_corandomization_unconfirmed; not_constituent_baseline
2020_1567_47,CH_1567_2020,1567,2020,2,111.16278|COLMETTA,HANSWIN,2020_1567_34,1.93,same_block_check_diagnostic; pure_check_corandomization_unconfirmed; not_constituent_baseline
2020_1567_47,CH_1567_2020,1567,2020,2,111.16278|COLMETTA,MONTALBANO,2020_1567_45,2.57,same_block_check_diagnostic; pure_check_corandomization_unconfirmed; not_constituent_baseline
2020_1567_65,CH_1567_2020,1567,2020,3,111.16278|COLMETTA,HANSWIN,2020_1567_71,-0.79,same_block_check_diagnostic; pure_check_corandomization_unconfirmed; not_constituent_baseline
2020_1567_65,CH_1567_2020,1567,2020,3,111.16278|COLMETTA,MONTALBANO,2020_1567_62,0.57,same_block_check_diagnostic; pure_check_corandomization_unconfirmed; not_constituent_baseline
2020_3428_25,CH_3428_2020,3428,2020,1,111.16278|COLMETTA,HANSWIN,2020_3428_24,0.84,same_block_check_diagnostic; pure_check_corandomization_unconfirmed; not_constituent_baseline
2020_3428_25,CH_3428_2020,3428,2020,1,111.16278|COLMETTA,MONTALBANO,2020_3428_21,1.99,same_block_check_diagnostic; pure_check_corandomization_unconfirmed; not_constituent_baseline
2020_3428_36,CH_3428_2020,3428,2020,2,111.16278|COLMETTA,HANSWIN,2020_3428_43,0.36,same_block_check_diagnostic; pure_check_corandomization_unconfirmed; not_constituent_baseline
2020_3428_36,CH_3428_2020,3428,2020,2,111.16278|COLMETTA,MONTALBANO,2020_3428_29,1.41,same_block_check_diagnostic; pure_check_corandomization_unconfirmed; not_constituent_baseline
2020_3428_69,CH_3428_2020,3428,2020,3,111.16278|COLMETTA,HANSWIN,2020_3428_51,1.08,same_block_check_diagnostic; pure_check_corandomization_unconfirmed; not_constituent_baseline
2020_3428_69,CH_3428_2020,3428,2020,3,111.16278|COLMETTA,MONTALBANO,2020_3428_57,-0.06,same_block_check_diagnostic; pure_check_corandomization_unconfirmed; not_constituent_baseline
2020_8046_17,CH_8046_2020,8046,2020,1,111.16278|COLMETTA,HANSWIN,2020_8046_11,1.34,same_block_check_diagnostic; pure_check_corandomization_unconfirmed; not_constituent_baseline
2020_8046_17,CH_8046_2020,8046,2020,1,111.16278|COLMETTA,MONTALBANO,2020_8046_10,1.22,same_block_check_diagnostic; pure_check_corandomization_unconfirmed; not_constituent_baseline
2020_8046_39,CH_8046_2020,8046,2020,2,111.16278|COLMETTA,HANSWIN,2020_8046_45,1.6,same_block_check_diagnostic; pure_check_corandomization_unconfirmed; not_constituent_baseline
2020_8046_39,CH_8046_2020,8046,2020,2,111.16278|COLMETTA,MONTALBANO,2020_8046_41,2.02,same_block_check_diagnostic; pure_check_corandomization_unconfirmed; not_constituent_baseline
2020_8046_51,CH_8046_2020,8046,2020,3,111.16278|COLMETTA,HANSWIN,2020_8046_57,1.21,same_block_check_diagnostic; pure_check_corandomization_unconfirmed; not_constituent_baseline
2020_8046_51,CH_8046_2020,8046,2020,3,111.16278|COLMETTA,MONTALBANO,2020_8046_54,2.13,same_block_check_diagnostic; pure_check_corandomization_unconfirmed; not_constituent_baseline
2020_8566_7,CH_8566_2020,8566,2020,1,111.16278|COLMETTA,HANSWIN,2020_8566_14,0.74,same_block_check_diagnostic; pure_check_corandomization_unconfirmed; not_constituent_baseline
2020_8566_7,CH_8566_2020,8566,2020,1,111.16278|COLMETTA,MONTALBANO,2020_8566_5,1.95,same_block_check_diagnostic; pure_check_corandomization_unconfirmed; not_constituent_baseline
2020_8566_44,CH_8566_2020,8566,2020,2,111.16278|COLMETTA,HANSWIN,2020_8566_33,-0.13,same_block_check_diagnostic; pure_check_corandomization_unconfirmed; not_constituent_baseline
2020_8566_44,CH_8566_2020,8566,2020,2,111.16278|COLMETTA,MONTALBANO,2020_8566_42,0.82,same_block_check_diagnostic; pure_check_corandomization_unconfirmed; not_constituent_baseline
2020_8566_65,CH_8566_2020,8566,2020,3,111.16278|COLMETTA,HANSWIN,2020_8566_75,1.78,same_block_check_diagnostic; pure_check_corandomization_unconfirmed; not_constituent_baseline
2020_8566_65,CH_8566_2020,8566,2020,3,111.16278|COLMETTA,MONTALBANO,2020_8566_71,-0.17,same_block_check_diagnostic; pure_check_corandomization_unconfirmed; not_constituent_baseline
2019_1260_13,CH_1260_2019,1260,2019,1,CAMINADA|DIAVEL,HANSWIN,2019_1260_12,-0.74,same_block_check_diagnostic; pure_check_corandomization_unconfirmed; not_constituent_baseline
2019_1260_13,CH_1260_2019,1260,2019,1,CAMINADA|DIAVEL,MONTALBANO,2019_1260_25,-0.37,same_block_check_diagnostic; pure_check_corandomization_unconfirmed; not_constituent_baseline
2019_1260_47,CH_1260_2019,1260,2019,2,CAMINADA|DIAVEL,HANSWIN,2019_1260_27,-1.82,same_block_check_diagnostic; pure_check_corandomization_unconfirmed; not_constituent_baseline
2019_1260_47,CH_1260_2019,1260,2019,2,CAMINADA|DIAVEL,MONTALBANO,2019_1260_41,-1.82,same_block_check_diagnostic; pure_check_corandomization_unconfirmed; not_constituent_baseline
2019_1260_60,CH_1260_2019,1260,2019,3,CAMINADA|DIAVEL,HANSWIN,2019_1260_75,-1.62,same_block_check_diagnostic; pure_check_corandomization_unconfirmed; not_constituent_baseline
2019_1260_60,CH_1260_2019,1260,2019,3,CAMINADA|DIAVEL,MONTALBANO,2019_1260_64,0.04,same_block_check_diagnostic; pure_check_corandomization_unconfirmed; not_constituent_baseline
2019_1567_10,CH_1567_2019,1567,2019,1,CAMINADA|DIAVEL,HANSWIN,2019_1567_6,-0.53,same_block_check_diagnostic; pure_check_corandomization_unconfirmed; not_constituent_baseline
2019_1567_10,CH_1567_2019,1567,2019,1,CAMINADA|DIAVEL,MONTALBANO,2019_1567_20,-0.38,same_block_check_diagnostic; pure_check_corandomization_unconfirmed; not_constituent_baseline
2019_1567_35,CH_1567_2019,1567,2019,2,CAMINADA|DIAVEL,HANSWIN,2019_1567_40,0.06,same_block_check_diagnostic; pure_check_corandomization_unconfirmed; not_constituent_baseline
2019_1567_35,CH_1567_2019,1567,2019,2,CAMINADA|DIAVEL,MONTALBANO,2019_1567_31,0.11,same_block_check_diagnostic; pure_check_corandomization_unconfirmed; not_constituent_baseline
2019_1567_67,CH_1567_2019,1567,2019,3,CAMINADA|DIAVEL,HANSWIN,2019_1567_62,-0.15,same_block_check_diagnostic; pure_check_corandomization_unconfirmed; not_constituent_baseline
2019_1567_67,CH_1567_2019,1567,2019,3,CAMINADA|DIAVEL,MONTALBANO,2019_1567_72,-0.44,same_block_check_diagnostic; pure_check_corandomization_unconfirmed; not_constituent_baseline
2019_3428_4,CH_3428_2019,3428,2019,1,CAMINADA|DIAVEL,HANSWIN,2019_3428_22,1.04,same_block_check_diagnostic; pure_check_corandomization_unconfirmed; not_constituent_baseline
2019_3428_4,CH_3428_2019,3428,2019,1,CAMINADA|DIAVEL,MONTALBANO,2019_3428_3,0.57,same_block_check_diagnostic; pure_check_corandomization_unconfirmed; not_constituent_baseline
2019_3428_46,CH_3428_2019,3428,2019,2,CAMINADA|DIAVEL,HANSWIN,2019_3428_30,0.8,same_block_check_diagnostic; pure_check_corandomization_unconfirmed; not_constituent_baseline
2019_3428_46,CH_3428_2019,3428,2019,2,CAMINADA|DIAVEL,MONTALBANO,2019_3428_41,-0.23,same_block_check_diagnostic; pure_check_corandomization_unconfirmed; not_constituent_baseline
2019_3428_58,CH_3428_2019,3428,2019,3,CAMINADA|DIAVEL,HANSWIN,2019_3428_69,0.59,same_block_check_diagnostic; pure_check_corandomization_unconfirmed; not_constituent_baseline
2019_3428_58,CH_3428_2019,3428,2019,3,CAMINADA|DIAVEL,MONTALBANO,2019_3428_64,0.03,same_block_check_diagnostic; pure_check_corandomization_unconfirmed; not_constituent_baseline
2019_8046_5,CH_8046_2019,8046,2019,1,CAMINADA|DIAVEL,HANSWIN,2019_8046_16,-0.6,same_block_check_diagnostic; pure_check_corandomization_unconfirmed; not_constituent_baseline
2019_8046_5,CH_8046_2019,8046,2019,1,CAMINADA|DIAVEL,MONTALBANO,2019_8046_22,0.28,same_block_check_diagnostic; pure_check_corandomization_unconfirmed; not_constituent_baseline
2019_8046_28,CH_8046_2019,8046,2019,2,CAMINADA|DIAVEL,HANSWIN,2019_8046_34,-0.9,same_block_check_diagnostic; pure_check_corandomization_unconfirmed; not_constituent_baseline
2019_8046_28,CH_8046_2019,8046,2019,2,CAMINADA|DIAVEL,MONTALBANO,2019_8046_45,-1.41,same_block_check_diagnostic; pure_check_corandomization_unconfirmed; not_constituent_baseline
2019_8046_71,CH_8046_2019,8046,2019,3,CAMINADA|DIAVEL,HANSWIN,2019_8046_52,-0.09,same_block_check_diagnostic; pure_check_corandomization_unconfirmed; not_constituent_baseline
2019_8046_71,CH_8046_2019,8046,2019,3,CAMINADA|DIAVEL,MONTALBANO,2019_8046_59,-0.22,same_block_check_diagnostic; pure_check_corandomization_unconfirmed; not_constituent_baseline
2019_8566_20,CH_8566_2019,8566,2019,1,CAMINADA|DIAVEL,HANSWIN,2019_8566_10,-0.04,same_block_check_diagnostic; pure_check_corandomization_unconfirmed; not_constituent_baseline
2019_8566_20,CH_8566_2019,8566,2019,1,CAMINADA|DIAVEL,MONTALBANO,2019_8566_2,-0.08,same_block_check_diagnostic; pure_check_corandomization_unconfirmed; not_constituent_baseline
2019_8566_43,CH_8566_2019,8566,2019,2,CAMINADA|DIAVEL,HANSWIN,2019_8566_41,0.01,same_block_check_diagnostic; pure_check_corandomization_unconfirmed; not_constituent_baseline
2019_8566_43,CH_8566_2019,8566,2019,2,CAMINADA|DIAVEL,MONTALBANO,2019_8566_30,0.81,same_block_check_diagnostic; pure_check_corandomization_unconfirmed; not_constituent_baseline
2019_8566_54,CH_8566_2019,8566,2019,3,CAMINADA|DIAVEL,HANSWIN,2019_8566_53,1.29,same_block_check_diagnostic; pure_check_corandomization_unconfirmed; not_constituent_baseline
2019_8566_54,CH_8566_2019,8566,2019,3,CAMINADA|DIAVEL,MONTALBANO,2019_8566_59,0.88,same_block_check_diagnostic; pure_check_corandomization_unconfirmed; not_constituent_baseline
2020_1260_4,CH_1260_2020,1260,2020,1,CAMINADA|DIAVEL,HANSWIN,2020_1260_16,0.29,same_block_check_diagnostic; pure_check_corandomization_unconfirmed; not_constituent_baseline
2020_1260_4,CH_1260_2020,1260,2020,1,CAMINADA|DIAVEL,MONTALBANO,2020_1260_7,-0.19,same_block_check_diagnostic; pure_check_corandomization_unconfirmed; not_constituent_baseline
2020_1260_40,CH_1260_2020,1260,2020,2,CAMINADA|DIAVEL,HANSWIN,2020_1260_49,-0.69,same_block_check_diagnostic; pure_check_corandomization_unconfirmed; not_constituent_baseline
2020_1260_40,CH_1260_2020,1260,2020,2,CAMINADA|DIAVEL,MONTALBANO,2020_1260_30,-1.47,same_block_check_diagnostic; pure_check_corandomization_unconfirmed; not_constituent_baseline
2020_1260_58,CH_1260_2020,1260,2020,3,CAMINADA|DIAVEL,HANSWIN,2020_1260_53,0.06,same_block_check_diagnostic; pure_check_corandomization_unconfirmed; not_constituent_baseline
2020_1260_58,CH_1260_2020,1260,2020,3,CAMINADA|DIAVEL,MONTALBANO,2020_1260_66,0.55,same_block_check_diagnostic; pure_check_corandomization_unconfirmed; not_constituent_baseline
2020_1567_49,CH_1567_2020,1567,2020,2,CAMINADA|DIAVEL,HANSWIN,2020_1567_34,-0.55,same_block_check_diagnostic; pure_check_corandomization_unconfirmed; not_constituent_baseline
2020_1567_49,CH_1567_2020,1567,2020,2,CAMINADA|DIAVEL,MONTALBANO,2020_1567_45,0.09,same_block_check_diagnostic; pure_check_corandomization_unconfirmed; not_constituent_baseline
2020_1567_60,CH_1567_2020,1567,2020,3,CAMINADA|DIAVEL,HANSWIN,2020_1567_71,0.06,same_block_check_diagnostic; pure_check_corandomization_unconfirmed; not_constituent_baseline
2020_1567_60,CH_1567_2020,1567,2020,3,CAMINADA|DIAVEL,MONTALBANO,2020_1567_62,1.42,same_block_check_diagnostic; pure_check_corandomization_unconfirmed; not_constituent_baseline
2020_3428_13,CH_3428_2020,3428,2020,1,CAMINADA|DIAVEL,HANSWIN,2020_3428_24,-0.55,same_block_check_diagnostic; pure_check_corandomization_unconfirmed; not_constituent_baseline
2020_3428_13,CH_3428_2020,3428,2020,1,CAMINADA|DIAVEL,MONTALBANO,2020_3428_21,0.6,same_block_check_diagnostic; pure_check_corandomization_unconfirmed; not_constituent_baseline
2020_3428_34,CH_3428_2020,3428,2020,2,CAMINADA|DIAVEL,HANSWIN,2020_3428_43,-0.04,same_block_check_diagnostic; pure_check_corandomization_unconfirmed; not_constituent_baseline
2020_3428_34,CH_3428_2020,3428,2020,2,CAMINADA|DIAVEL,MONTALBANO,2020_3428_29,1.01,same_block_check_diagnostic; pure_check_corandomization_unconfirmed; not_constituent_baseline
2020_3428_66,CH_3428_2020,3428,2020,3,CAMINADA|DIAVEL,HANSWIN,2020_3428_51,-0.57,same_block_check_diagnostic; pure_check_corandomization_unconfirmed; not_constituent_baseline
2020_3428_66,CH_3428_2020,3428,2020,3,CAMINADA|DIAVEL,MONTALBANO,2020_3428_57,-1.71,same_block_check_diagnostic; pure_check_corandomization_unconfirmed; not_constituent_baseline
2020_8046_14,CH_8046_2020,8046,2020,1,CAMINADA|DIAVEL,HANSWIN,2020_8046_11,0.3,same_block_check_diagnostic; pure_check_corandomization_unconfirmed; not_constituent_baseline
2020_8046_14,CH_8046_2020,8046,2020,1,CAMINADA|DIAVEL,MONTALBANO,2020_8046_10,0.18,same_block_check_diagnostic; pure_check_corandomization_unconfirmed; not_constituent_baseline
2020_8046_46,CH_8046_2020,8046,2020,2,CAMINADA|DIAVEL,HANSWIN,2020_8046_45,0.58,same_block_check_diagnostic; pure_check_corandomization_unconfirmed; not_constituent_baseline
2020_8046_46,CH_8046_2020,8046,2020,2,CAMINADA|DIAVEL,MONTALBANO,2020_8046_41,1,same_block_check_diagnostic; pure_check_corandomization_unconfirmed; not_constituent_baseline
2020_8046_52,CH_8046_2020,8046,2020,3,CAMINADA|DIAVEL,HANSWIN,2020_8046_57,0.22,same_block_check_diagnostic; pure_check_corandomization_unconfirmed; not_constituent_baseline
2020_8046_52,CH_8046_2020,8046,2020,3,CAMINADA|DIAVEL,MONTALBANO,2020_8046_54,1.14,same_block_check_diagnostic; pure_check_corandomization_unconfirmed; not_constituent_baseline
2020_8566_23,CH_8566_2020,8566,2020,1,CAMINADA|DIAVEL,HANSWIN,2020_8566_14,-1.91,same_block_check_diagnostic; pure_check_corandomization_unconfirmed; not_constituent_baseline
2020_8566_23,CH_8566_2020,8566,2020,1,CAMINADA|DIAVEL,MONTALBANO,2020_8566_5,-0.7,same_block_check_diagnostic; pure_check_corandomization_unconfirmed; not_constituent_baseline
2020_8566_26,CH_8566_2020,8566,2020,2,CAMINADA|DIAVEL,HANSWIN,2020_8566_33,-0.27,same_block_check_diagnostic; pure_check_corandomization_unconfirmed; not_constituent_baseline
2020_8566_26,CH_8566_2020,8566,2020,2,CAMINADA|DIAVEL,MONTALBANO,2020_8566_42,0.68,same_block_check_diagnostic; pure_check_corandomization_unconfirmed; not_constituent_baseline
2020_8566_67,CH_8566_2020,8566,2020,3,CAMINADA|DIAVEL,HANSWIN,2020_8566_75,0.03,same_block_check_diagnostic; pure_check_corandomization_unconfirmed; not_constituent_baseline
2020_8566_67,CH_8566_2020,8566,2020,3,CAMINADA|DIAVEL,MONTALBANO,2020_8566_71,-1.92,same_block_check_diagnostic; pure_check_corandomization_unconfirmed; not_constituent_baseline
2019_1260_7,CH_1260_2019,1260,2019,1,CAMPANILE|DIAVEL,HANSWIN,2019_1260_12,-0.85,same_block_check_diagnostic; pure_check_corandomization_unconfirmed; not_constituent_baseline
2019_1260_7,CH_1260_2019,1260,2019,1,CAMPANILE|DIAVEL,MONTALBANO,2019_1260_25,-0.48,same_block_check_diagnostic; pure_check_corandomization_unconfirmed; not_constituent_baseline
2019_1260_28,CH_1260_2019,1260,2019,2,CAMPANILE|DIAVEL,HANSWIN,2019_1260_27,-0.82,same_block_check_diagnostic; pure_check_corandomization_unconfirmed; not_constituent_baseline
2019_1260_28,CH_1260_2019,1260,2019,2,CAMPANILE|DIAVEL,MONTALBANO,2019_1260_41,-0.82,same_block_check_diagnostic; pure_check_corandomization_unconfirmed; not_constituent_baseline
2019_1260_74,CH_1260_2019,1260,2019,3,CAMPANILE|DIAVEL,HANSWIN,2019_1260_75,-1.13,same_block_check_diagnostic; pure_check_corandomization_unconfirmed; not_constituent_baseline
2019_1260_74,CH_1260_2019,1260,2019,3,CAMPANILE|DIAVEL,MONTALBANO,2019_1260_64,0.53,same_block_check_diagnostic; pure_check_corandomization_unconfirmed; not_constituent_baseline
2019_1567_17,CH_1567_2019,1567,2019,1,CAMPANILE|DIAVEL,HANSWIN,2019_1567_6,-0.19,same_block_check_diagnostic; pure_check_corandomization_unconfirmed; not_constituent_baseline
2019_1567_17,CH_1567_2019,1567,2019,1,CAMPANILE|DIAVEL,MONTALBANO,2019_1567_20,-0.04,same_block_check_diagnostic; pure_check_corandomization_unconfirmed; not_constituent_baseline
2019_1567_46,CH_1567_2019,1567,2019,2,CAMPANILE|DIAVEL,HANSWIN,2019_1567_40,0.11,same_block_check_diagnostic; pure_check_corandomization_unconfirmed; not_constituent_baseline
2019_1567_46,CH_1567_2019,1567,2019,2,CAMPANILE|DIAVEL,MONTALBANO,2019_1567_31,0.16,same_block_check_diagnostic; pure_check_corandomization_unconfirmed; not_constituent_baseline
2019_1567_65,CH_1567_2019,1567,2019,3,CAMPANILE|DIAVEL,HANSWIN,2019_1567_62,0,same_block_check_diagnostic; pure_check_corandomization_unconfirmed; not_constituent_baseline
2019_1567_65,CH_1567_2019,1567,2019,3,CAMPANILE|DIAVEL,MONTALBANO,2019_1567_72,-0.29,same_block_check_diagnostic; pure_check_corandomization_unconfirmed; not_constituent_baseline
2019_3428_8,CH_3428_2019,3428,2019,1,CAMPANILE|DIAVEL,HANSWIN,2019_3428_22,1,same_block_check_diagnostic; pure_check_corandomization_unconfirmed; not_constituent_baseline
2019_3428_8,CH_3428_2019,3428,2019,1,CAMPANILE|DIAVEL,MONTALBANO,2019_3428_3,0.53,same_block_check_diagnostic; pure_check_corandomization_unconfirmed; not_constituent_baseline
2019_3428_44,CH_3428_2019,3428,2019,2,CAMPANILE|DIAVEL,HANSWIN,2019_3428_30,0.44,same_block_check_diagnostic; pure_check_corandomization_unconfirmed; not_constituent_baseline
2019_3428_44,CH_3428_2019,3428,2019,2,CAMPANILE|DIAVEL,MONTALBANO,2019_3428_41,-0.59,same_block_check_diagnostic; pure_check_corandomization_unconfirmed; not_constituent_baseline
2019_3428_55,CH_3428_2019,3428,2019,3,CAMPANILE|DIAVEL,HANSWIN,2019_3428_69,0.78,same_block_check_diagnostic; pure_check_corandomization_unconfirmed; not_constituent_baseline
2019_3428_55,CH_3428_2019,3428,2019,3,CAMPANILE|DIAVEL,MONTALBANO,2019_3428_64,0.22,same_block_check_diagnostic; pure_check_corandomization_unconfirmed; not_constituent_baseline
2019_8046_4,CH_8046_2019,8046,2019,1,CAMPANILE|DIAVEL,HANSWIN,2019_8046_16,-0.36,same_block_check_diagnostic; pure_check_corandomization_unconfirmed; not_constituent_baseline
2019_8046_4,CH_8046_2019,8046,2019,1,CAMPANILE|DIAVEL,MONTALBANO,2019_8046_22,0.52,same_block_check_diagnostic; pure_check_corandomization_unconfirmed; not_constituent_baseline
2019_8046_48,CH_8046_2019,8046,2019,2,CAMPANILE|DIAVEL,HANSWIN,2019_8046_34,-0.43,same_block_check_diagnostic; pure_check_corandomization_unconfirmed; not_constituent_baseline
2019_8046_48,CH_8046_2019,8046,2019,2,CAMPANILE|DIAVEL,MONTALBANO,2019_8046_45,-0.94,same_block_check_diagnostic; pure_check_corandomization_unconfirmed; not_constituent_baseline
2019_8046_70,CH_8046_2019,8046,2019,3,CAMPANILE|DIAVEL,HANSWIN,2019_8046_52,-0.2,same_block_check_diagnostic; pure_check_corandomization_unconfirmed; not_constituent_baseline
2019_8046_70,CH_8046_2019,8046,2019,3,CAMPANILE|DIAVEL,MONTALBANO,2019_8046_59,-0.33,same_block_check_diagnostic; pure_check_corandomization_unconfirmed; not_constituent_baseline
2019_8566_21,CH_8566_2019,8566,2019,1,CAMPANILE|DIAVEL,HANSWIN,2019_8566_10,-0.55,same_block_check_diagnostic; pure_check_corandomization_unconfirmed; not_constituent_baseline
2019_8566_21,CH_8566_2019,8566,2019,1,CAMPANILE|DIAVEL,MONTALBANO,2019_8566_2,-0.59,same_block_check_diagnostic; pure_check_corandomization_unconfirmed; not_constituent_baseline
2019_8566_39,CH_8566_2019,8566,2019,2,CAMPANILE|DIAVEL,HANSWIN,2019_8566_41,0.6,same_block_check_diagnostic; pure_check_corandomization_unconfirmed; not_constituent_baseline
2019_8566_39,CH_8566_2019,8566,2019,2,CAMPANILE|DIAVEL,MONTALBANO,2019_8566_30,1.4,same_block_check_diagnostic; pure_check_corandomization_unconfirmed; not_constituent_baseline
2019_8566_67,CH_8566_2019,8566,2019,3,CAMPANILE|DIAVEL,HANSWIN,2019_8566_53,1.66,same_block_check_diagnostic; pure_check_corandomization_unconfirmed; not_constituent_baseline
2019_8566_67,CH_8566_2019,8566,2019,3,CAMPANILE|DIAVEL,MONTALBANO,2019_8566_59,1.25,same_block_check_diagnostic; pure_check_corandomization_unconfirmed; not_constituent_baseline
2019_1260_4,CH_1260_2019,1260,2019,1,CAMPANILE|FALOTTA,HANSWIN,2019_1260_12,-0.34,same_block_check_diagnostic; pure_check_corandomization_unconfirmed; not_constituent_baseline
2019_1260_4,CH_1260_2019,1260,2019,1,CAMPANILE|FALOTTA,MONTALBANO,2019_1260_25,0.03,same_block_check_diagnostic; pure_check_corandomization_unconfirmed; not_constituent_baseline
2019_1260_35,CH_1260_2019,1260,2019,2,CAMPANILE|FALOTTA,HANSWIN,2019_1260_27,-0.97,same_block_check_diagnostic; pure_check_corandomization_unconfirmed; not_constituent_baseline
2019_1260_35,CH_1260_2019,1260,2019,2,CAMPANILE|FALOTTA,MONTALBANO,2019_1260_41,-0.97,same_block_check_diagnostic; pure_check_corandomization_unconfirmed; not_constituent_baseline
2019_1260_67,CH_1260_2019,1260,2019,3,CAMPANILE|FALOTTA,HANSWIN,2019_1260_75,-1.22,same_block_check_diagnostic; pure_check_corandomization_unconfirmed; not_constituent_baseline
2019_1260_67,CH_1260_2019,1260,2019,3,CAMPANILE|FALOTTA,MONTALBANO,2019_1260_64,0.44,same_block_check_diagnostic; pure_check_corandomization_unconfirmed; not_constituent_baseline
2019_1567_15,CH_1567_2019,1567,2019,1,CAMPANILE|FALOTTA,HANSWIN,2019_1567_6,0.16,same_block_check_diagnostic; pure_check_corandomization_unconfirmed; not_constituent_baseline
2019_1567_15,CH_1567_2019,1567,2019,1,CAMPANILE|FALOTTA,MONTALBANO,2019_1567_20,0.31,same_block_check_diagnostic; pure_check_corandomization_unconfirmed; not_constituent_baseline
2019_1567_34,CH_1567_2019,1567,2019,2,CAMPANILE|FALOTTA,HANSWIN,2019_1567_40,0.41,same_block_check_diagnostic; pure_check_corandomization_unconfirmed; not_constituent_baseline
2019_1567_34,CH_1567_2019,1567,2019,2,CAMPANILE|FALOTTA,MONTALBANO,2019_1567_31,0.46,same_block_check_diagnostic; pure_check_corandomization_unconfirmed; not_constituent_baseline
2019_1567_51,CH_1567_2019,1567,2019,3,CAMPANILE|FALOTTA,HANSWIN,2019_1567_62,0.48,same_block_check_diagnostic; pure_check_corandomization_unconfirmed; not_constituent_baseline
2019_1567_51,CH_1567_2019,1567,2019,3,CAMPANILE|FALOTTA,MONTALBANO,2019_1567_72,0.19,same_block_check_diagnostic; pure_check_corandomization_unconfirmed; not_constituent_baseline
2019_3428_18,CH_3428_2019,3428,2019,1,CAMPANILE|FALOTTA,HANSWIN,2019_3428_22,1.06,same_block_check_diagnostic; pure_check_corandomization_unconfirmed; not_constituent_baseline
2019_3428_18,CH_3428_2019,3428,2019,1,CAMPANILE|FALOTTA,MONTALBANO,2019_3428_3,0.59,same_block_check_diagnostic; pure_check_corandomization_unconfirmed; not_constituent_baseline
2019_3428_42,CH_3428_2019,3428,2019,2,CAMPANILE|FALOTTA,HANSWIN,2019_3428_30,0.92,same_block_check_diagnostic; pure_check_corandomization_unconfirmed; not_constituent_baseline
2019_3428_42,CH_3428_2019,3428,2019,2,CAMPANILE|FALOTTA,MONTALBANO,2019_3428_41,-0.11,same_block_check_diagnostic; pure_check_corandomization_unconfirmed; not_constituent_baseline
2019_3428_54,CH_3428_2019,3428,2019,3,CAMPANILE|FALOTTA,HANSWIN,2019_3428_69,0.71,same_block_check_diagnostic; pure_check_corandomization_unconfirmed; not_constituent_baseline
2019_3428_54,CH_3428_2019,3428,2019,3,CAMPANILE|FALOTTA,MONTALBANO,2019_3428_64,0.15,same_block_check_diagnostic; pure_check_corandomization_unconfirmed; not_constituent_baseline
2019_8046_12,CH_8046_2019,8046,2019,1,CAMPANILE|FALOTTA,HANSWIN,2019_8046_16,-0.16,same_block_check_diagnostic; pure_check_corandomization_unconfirmed; not_constituent_baseline
2019_8046_12,CH_8046_2019,8046,2019,1,CAMPANILE|FALOTTA,MONTALBANO,2019_8046_22,0.72,same_block_check_diagnostic; pure_check_corandomization_unconfirmed; not_constituent_baseline
2019_8046_42,CH_8046_2019,8046,2019,2,CAMPANILE|FALOTTA,HANSWIN,2019_8046_34,0.36,same_block_check_diagnostic; pure_check_corandomization_unconfirmed; not_constituent_baseline
2019_8046_42,CH_8046_2019,8046,2019,2,CAMPANILE|FALOTTA,MONTALBANO,2019_8046_45,-0.15,same_block_check_diagnostic; pure_check_corandomization_unconfirmed; not_constituent_baseline
2019_8046_69,CH_8046_2019,8046,2019,3,CAMPANILE|FALOTTA,HANSWIN,2019_8046_52,0.13,same_block_check_diagnostic; pure_check_corandomization_unconfirmed; not_constituent_baseline
2019_8046_69,CH_8046_2019,8046,2019,3,CAMPANILE|FALOTTA,MONTALBANO,2019_8046_59,0,same_block_check_diagnostic; pure_check_corandomization_unconfirmed; not_constituent_baseline
2019_8566_6,CH_8566_2019,8566,2019,1,CAMPANILE|FALOTTA,HANSWIN,2019_8566_10,0.18,same_block_check_diagnostic; pure_check_corandomization_unconfirmed; not_constituent_baseline
2019_8566_6,CH_8566_2019,8566,2019,1,CAMPANILE|FALOTTA,MONTALBANO,2019_8566_2,0.14,same_block_check_diagnostic; pure_check_corandomization_unconfirmed; not_constituent_baseline
2019_8566_36,CH_8566_2019,8566,2019,2,CAMPANILE|FALOTTA,HANSWIN,2019_8566_41,0.16,same_block_check_diagnostic; pure_check_corandomization_unconfirmed; not_constituent_baseline
2019_8566_36,CH_8566_2019,8566,2019,2,CAMPANILE|FALOTTA,MONTALBANO,2019_8566_30,0.96,same_block_check_diagnostic; pure_check_corandomization_unconfirmed; not_constituent_baseline
2019_8566_52,CH_8566_2019,8566,2019,3,CAMPANILE|FALOTTA,HANSWIN,2019_8566_53,1.51,same_block_check_diagnostic; pure_check_corandomization_unconfirmed; not_constituent_baseline
2019_8566_52,CH_8566_2019,8566,2019,3,CAMPANILE|FALOTTA,MONTALBANO,2019_8566_59,1.1,same_block_check_diagnostic; pure_check_corandomization_unconfirmed; not_constituent_baseline
2020_1260_18,CH_1260_2020,1260,2020,1,CAMPANILE|FALOTTA,HANSWIN,2020_1260_16,-0.36,same_block_check_diagnostic; pure_check_corandomization_unconfirmed; not_constituent_baseline
2020_1260_18,CH_1260_2020,1260,2020,1,CAMPANILE|FALOTTA,MONTALBANO,2020_1260_7,-0.84,same_block_check_diagnostic; pure_check_corandomization_unconfirmed; not_constituent_baseline
2020_1260_36,CH_1260_2020,1260,2020,2,CAMPANILE|FALOTTA,HANSWIN,2020_1260_49,0.19,same_block_check_diagnostic; pure_check_corandomization_unconfirmed; not_constituent_baseline
2020_1260_36,CH_1260_2020,1260,2020,2,CAMPANILE|FALOTTA,MONTALBANO,2020_1260_30,-0.59,same_block_check_diagnostic; pure_check_corandomization_unconfirmed; not_constituent_baseline
2020_1260_72,CH_1260_2020,1260,2020,3,CAMPANILE|FALOTTA,HANSWIN,2020_1260_53,0.1,same_block_check_diagnostic; pure_check_corandomization_unconfirmed; not_constituent_baseline
2020_1260_72,CH_1260_2020,1260,2020,3,CAMPANILE|FALOTTA,MONTALBANO,2020_1260_66,0.59,same_block_check_diagnostic; pure_check_corandomization_unconfirmed; not_constituent_baseline
2020_1567_26,CH_1567_2020,1567,2020,2,CAMPANILE|FALOTTA,HANSWIN,2020_1567_34,-0.94,same_block_check_diagnostic; pure_check_corandomization_unconfirmed; not_constituent_baseline
2020_1567_26,CH_1567_2020,1567,2020,2,CAMPANILE|FALOTTA,MONTALBANO,2020_1567_45,-0.3,same_block_check_diagnostic; pure_check_corandomization_unconfirmed; not_constituent_baseline
2020_1567_75,CH_1567_2020,1567,2020,3,CAMPANILE|FALOTTA,HANSWIN,2020_1567_71,-1.33,same_block_check_diagnostic; pure_check_corandomization_unconfirmed; not_constituent_baseline
2020_1567_75,CH_1567_2020,1567,2020,3,CAMPANILE|FALOTTA,MONTALBANO,2020_1567_62,0.03,same_block_check_diagnostic; pure_check_corandomization_unconfirmed; not_constituent_baseline
2020_3428_7,CH_3428_2020,3428,2020,1,CAMPANILE|FALOTTA,HANSWIN,2020_3428_24,-0.63,same_block_check_diagnostic; pure_check_corandomization_unconfirmed; not_constituent_baseline
2020_3428_7,CH_3428_2020,3428,2020,1,CAMPANILE|FALOTTA,MONTALBANO,2020_3428_21,0.52,same_block_check_diagnostic; pure_check_corandomization_unconfirmed; not_constituent_baseline
2020_3428_38,CH_3428_2020,3428,2020,2,CAMPANILE|FALOTTA,HANSWIN,2020_3428_43,-0.19,same_block_check_diagnostic; pure_check_corandomization_unconfirmed; not_constituent_baseline
2020_3428_38,CH_3428_2020,3428,2020,2,CAMPANILE|FALOTTA,MONTALBANO,2020_3428_29,0.86,same_block_check_diagnostic; pure_check_corandomization_unconfirmed; not_constituent_baseline
2020_3428_55,CH_3428_2020,3428,2020,3,CAMPANILE|FALOTTA,HANSWIN,2020_3428_51,1.03,same_block_check_diagnostic; pure_check_corandomization_unconfirmed; not_constituent_baseline
2020_3428_55,CH_3428_2020,3428,2020,3,CAMPANILE|FALOTTA,MONTALBANO,2020_3428_57,-0.11,same_block_check_diagnostic; pure_check_corandomization_unconfirmed; not_constituent_baseline
2020_8046_25,CH_8046_2020,8046,2020,1,CAMPANILE|FALOTTA,HANSWIN,2020_8046_11,0.15,same_block_check_diagnostic; pure_check_corandomization_unconfirmed; not_constituent_baseline
2020_8046_25,CH_8046_2020,8046,2020,1,CAMPANILE|FALOTTA,MONTALBANO,2020_8046_10,0.03,same_block_check_diagnostic; pure_check_corandomization_unconfirmed; not_constituent_baseline
2020_8046_43,CH_8046_2020,8046,2020,2,CAMPANILE|FALOTTA,HANSWIN,2020_8046_45,0.71,same_block_check_diagnostic; pure_check_corandomization_unconfirmed; not_constituent_baseline
2020_8046_43,CH_8046_2020,8046,2020,2,CAMPANILE|FALOTTA,MONTALBANO,2020_8046_41,1.13,same_block_check_diagnostic; pure_check_corandomization_unconfirmed; not_constituent_baseline
2020_8046_64,CH_8046_2020,8046,2020,3,CAMPANILE|FALOTTA,HANSWIN,2020_8046_57,-0.32,same_block_check_diagnostic; pure_check_corandomization_unconfirmed; not_constituent_baseline
2020_8046_64,CH_8046_2020,8046,2020,3,CAMPANILE|FALOTTA,MONTALBANO,2020_8046_54,0.6,same_block_check_diagnostic; pure_check_corandomization_unconfirmed; not_constituent_baseline
2020_8566_4,CH_8566_2020,8566,2020,1,CAMPANILE|FALOTTA,HANSWIN,2020_8566_14,-0.52,same_block_check_diagnostic; pure_check_corandomization_unconfirmed; not_constituent_baseline
2020_8566_4,CH_8566_2020,8566,2020,1,CAMPANILE|FALOTTA,MONTALBANO,2020_8566_5,0.69,same_block_check_diagnostic; pure_check_corandomization_unconfirmed; not_constituent_baseline
2020_8566_38,CH_8566_2020,8566,2020,2,CAMPANILE|FALOTTA,HANSWIN,2020_8566_33,-0.71,same_block_check_diagnostic; pure_check_corandomization_unconfirmed; not_constituent_baseline
2020_8566_38,CH_8566_2020,8566,2020,2,CAMPANILE|FALOTTA,MONTALBANO,2020_8566_42,0.24,same_block_check_diagnostic; pure_check_corandomization_unconfirmed; not_constituent_baseline
2020_8566_56,CH_8566_2020,8566,2020,3,CAMPANILE|FALOTTA,HANSWIN,2020_8566_75,3.16,same_block_check_diagnostic; pure_check_corandomization_unconfirmed; not_constituent_baseline
2020_8566_56,CH_8566_2020,8566,2020,3,CAMPANILE|FALOTTA,MONTALBANO,2020_8566_71,1.21,same_block_check_diagnostic; pure_check_corandomization_unconfirmed; not_constituent_baseline
2019_1260_20,CH_1260_2019,1260,2019,1,111.1587|FEDERIS,HANSWIN,2019_1260_12,-0.35,same_block_check_diagnostic; pure_check_corandomization_unconfirmed; not_constituent_baseline
2019_1260_20,CH_1260_2019,1260,2019,1,111.1587|FEDERIS,MONTALBANO,2019_1260_25,0.02,same_block_check_diagnostic; pure_check_corandomization_unconfirmed; not_constituent_baseline
2019_1260_44,CH_1260_2019,1260,2019,2,111.1587|FEDERIS,HANSWIN,2019_1260_27,-0.8,same_block_check_diagnostic; pure_check_corandomization_unconfirmed; not_constituent_baseline
2019_1260_44,CH_1260_2019,1260,2019,2,111.1587|FEDERIS,MONTALBANO,2019_1260_41,-0.8,same_block_check_diagnostic; pure_check_corandomization_unconfirmed; not_constituent_baseline
2019_1260_71,CH_1260_2019,1260,2019,3,111.1587|FEDERIS,HANSWIN,2019_1260_75,-2.08,same_block_check_diagnostic; pure_check_corandomization_unconfirmed; not_constituent_baseline
2019_1260_71,CH_1260_2019,1260,2019,3,111.1587|FEDERIS,MONTALBANO,2019_1260_64,-0.42,same_block_check_diagnostic; pure_check_corandomization_unconfirmed; not_constituent_baseline
2019_1567_3,CH_1567_2019,1567,2019,1,111.1587|FEDERIS,HANSWIN,2019_1567_6,0.08,same_block_check_diagnostic; pure_check_corandomization_unconfirmed; not_constituent_baseline
2019_1567_3,CH_1567_2019,1567,2019,1,111.1587|FEDERIS,MONTALBANO,2019_1567_20,0.23,same_block_check_diagnostic; pure_check_corandomization_unconfirmed; not_constituent_baseline
2019_1567_28,CH_1567_2019,1567,2019,2,111.1587|FEDERIS,HANSWIN,2019_1567_40,0.35,same_block_check_diagnostic; pure_check_corandomization_unconfirmed; not_constituent_baseline
2019_1567_28,CH_1567_2019,1567,2019,2,111.1587|FEDERIS,MONTALBANO,2019_1567_31,0.4,same_block_check_diagnostic; pure_check_corandomization_unconfirmed; not_constituent_baseline
2019_1567_71,CH_1567_2019,1567,2019,3,111.1587|FEDERIS,HANSWIN,2019_1567_62,-0.05,same_block_check_diagnostic; pure_check_corandomization_unconfirmed; not_constituent_baseline
2019_1567_71,CH_1567_2019,1567,2019,3,111.1587|FEDERIS,MONTALBANO,2019_1567_72,-0.34,same_block_check_diagnostic; pure_check_corandomization_unconfirmed; not_constituent_baseline
2019_3428_17,CH_3428_2019,3428,2019,1,111.1587|FEDERIS,HANSWIN,2019_3428_22,0.43,same_block_check_diagnostic; pure_check_corandomization_unconfirmed; not_constituent_baseline
2019_3428_17,CH_3428_2019,3428,2019,1,111.1587|FEDERIS,MONTALBANO,2019_3428_3,-0.04,same_block_check_diagnostic; pure_check_corandomization_unconfirmed; not_constituent_baseline
2019_3428_27,CH_3428_2019,3428,2019,2,111.1587|FEDERIS,HANSWIN,2019_3428_30,-0.1,same_block_check_diagnostic; pure_check_corandomization_unconfirmed; not_constituent_baseline
2019_3428_27,CH_3428_2019,3428,2019,2,111.1587|FEDERIS,MONTALBANO,2019_3428_41,-1.13,same_block_check_diagnostic; pure_check_corandomization_unconfirmed; not_constituent_baseline
2019_3428_75,CH_3428_2019,3428,2019,3,111.1587|FEDERIS,HANSWIN,2019_3428_69,0.56,same_block_check_diagnostic; pure_check_corandomization_unconfirmed; not_constituent_baseline
2019_3428_75,CH_3428_2019,3428,2019,3,111.1587|FEDERIS,MONTALBANO,2019_3428_64,0,same_block_check_diagnostic; pure_check_corandomization_unconfirmed; not_constituent_baseline
2019_8046_23,CH_8046_2019,8046,2019,1,111.1587|FEDERIS,HANSWIN,2019_8046_16,-0.87,same_block_check_diagnostic; pure_check_corandomization_unconfirmed; not_constituent_baseline
2019_8046_23,CH_8046_2019,8046,2019,1,111.1587|FEDERIS,MONTALBANO,2019_8046_22,0.01,same_block_check_diagnostic; pure_check_corandomization_unconfirmed; not_constituent_baseline
2019_8046_40,CH_8046_2019,8046,2019,2,111.1587|FEDERIS,HANSWIN,2019_8046_34,-0.35,same_block_check_diagnostic; pure_check_corandomization_unconfirmed; not_constituent_baseline
2019_8046_40,CH_8046_2019,8046,2019,2,111.1587|FEDERIS,MONTALBANO,2019_8046_45,-0.86,same_block_check_diagnostic; pure_check_corandomization_unconfirmed; not_constituent_baseline
2019_8046_66,CH_8046_2019,8046,2019,3,111.1587|FEDERIS,HANSWIN,2019_8046_52,0.22,same_block_check_diagnostic; pure_check_corandomization_unconfirmed; not_constituent_baseline
2019_8046_66,CH_8046_2019,8046,2019,3,111.1587|FEDERIS,MONTALBANO,2019_8046_59,0.09,same_block_check_diagnostic; pure_check_corandomization_unconfirmed; not_constituent_baseline
2019_8566_1,CH_8566_2019,8566,2019,1,111.1587|FEDERIS,HANSWIN,2019_8566_10,-0.51,same_block_check_diagnostic; pure_check_corandomization_unconfirmed; not_constituent_baseline
2019_8566_1,CH_8566_2019,8566,2019,1,111.1587|FEDERIS,MONTALBANO,2019_8566_2,-0.55,same_block_check_diagnostic; pure_check_corandomization_unconfirmed; not_constituent_baseline
2019_8566_40,CH_8566_2019,8566,2019,2,111.1587|FEDERIS,HANSWIN,2019_8566_41,-0.71,same_block_check_diagnostic; pure_check_corandomization_unconfirmed; not_constituent_baseline
2019_8566_40,CH_8566_2019,8566,2019,2,111.1587|FEDERIS,MONTALBANO,2019_8566_30,0.09,same_block_check_diagnostic; pure_check_corandomization_unconfirmed; not_constituent_baseline
2019_8566_72,CH_8566_2019,8566,2019,3,111.1587|FEDERIS,HANSWIN,2019_8566_53,0.56,same_block_check_diagnostic; pure_check_corandomization_unconfirmed; not_constituent_baseline
2019_8566_72,CH_8566_2019,8566,2019,3,111.1587|FEDERIS,MONTALBANO,2019_8566_59,0.15,same_block_check_diagnostic; pure_check_corandomization_unconfirmed; not_constituent_baseline
2020_1260_21,CH_1260_2020,1260,2020,1,BONAVAU|FORTERESSE,HANSWIN,2020_1260_16,1.38,same_block_check_diagnostic; pure_check_corandomization_unconfirmed; not_constituent_baseline
2020_1260_21,CH_1260_2020,1260,2020,1,BONAVAU|FORTERESSE,MONTALBANO,2020_1260_7,0.9,same_block_check_diagnostic; pure_check_corandomization_unconfirmed; not_constituent_baseline
2020_1260_35,CH_1260_2020,1260,2020,2,BONAVAU|FORTERESSE,HANSWIN,2020_1260_49,0.63,same_block_check_diagnostic; pure_check_corandomization_unconfirmed; not_constituent_baseline
2020_1260_35,CH_1260_2020,1260,2020,2,BONAVAU|FORTERESSE,MONTALBANO,2020_1260_30,-0.15,same_block_check_diagnostic; pure_check_corandomization_unconfirmed; not_constituent_baseline
2020_1260_68,CH_1260_2020,1260,2020,3,BONAVAU|FORTERESSE,HANSWIN,2020_1260_53,0.13,same_block_check_diagnostic; pure_check_corandomization_unconfirmed; not_constituent_baseline
2020_1260_68,CH_1260_2020,1260,2020,3,BONAVAU|FORTERESSE,MONTALBANO,2020_1260_66,0.62,same_block_check_diagnostic; pure_check_corandomization_unconfirmed; not_constituent_baseline
2020_1567_42,CH_1567_2020,1567,2020,2,BONAVAU|FORTERESSE,HANSWIN,2020_1567_34,0.61,same_block_check_diagnostic; pure_check_corandomization_unconfirmed; not_constituent_baseline
2020_1567_42,CH_1567_2020,1567,2020,2,BONAVAU|FORTERESSE,MONTALBANO,2020_1567_45,1.25,same_block_check_diagnostic; pure_check_corandomization_unconfirmed; not_constituent_baseline
2020_1567_63,CH_1567_2020,1567,2020,3,BONAVAU|FORTERESSE,HANSWIN,2020_1567_71,0.29,same_block_check_diagnostic; pure_check_corandomization_unconfirmed; not_constituent_baseline
2020_1567_63,CH_1567_2020,1567,2020,3,BONAVAU|FORTERESSE,MONTALBANO,2020_1567_62,1.65,same_block_check_diagnostic; pure_check_corandomization_unconfirmed; not_constituent_baseline
2020_3428_14,CH_3428_2020,3428,2020,1,BONAVAU|FORTERESSE,HANSWIN,2020_3428_24,-1.06,same_block_check_diagnostic; pure_check_corandomization_unconfirmed; not_constituent_baseline
2020_3428_14,CH_3428_2020,3428,2020,1,BONAVAU|FORTERESSE,MONTALBANO,2020_3428_21,0.09,same_block_check_diagnostic; pure_check_corandomization_unconfirmed; not_constituent_baseline
2020_3428_47,CH_3428_2020,3428,2020,2,BONAVAU|FORTERESSE,HANSWIN,2020_3428_43,-0.7,same_block_check_diagnostic; pure_check_corandomization_unconfirmed; not_constituent_baseline
2020_3428_47,CH_3428_2020,3428,2020,2,BONAVAU|FORTERESSE,MONTALBANO,2020_3428_29,0.35,same_block_check_diagnostic; pure_check_corandomization_unconfirmed; not_constituent_baseline
2020_3428_56,CH_3428_2020,3428,2020,3,BONAVAU|FORTERESSE,HANSWIN,2020_3428_51,-0.29,same_block_check_diagnostic; pure_check_corandomization_unconfirmed; not_constituent_baseline
2020_3428_56,CH_3428_2020,3428,2020,3,BONAVAU|FORTERESSE,MONTALBANO,2020_3428_57,-1.43,same_block_check_diagnostic; pure_check_corandomization_unconfirmed; not_constituent_baseline
2020_8046_6,CH_8046_2020,8046,2020,1,BONAVAU|FORTERESSE,HANSWIN,2020_8046_11,0.34,same_block_check_diagnostic; pure_check_corandomization_unconfirmed; not_constituent_baseline
2020_8046_6,CH_8046_2020,8046,2020,1,BONAVAU|FORTERESSE,MONTALBANO,2020_8046_10,0.22,same_block_check_diagnostic; pure_check_corandomization_unconfirmed; not_constituent_baseline
2020_8046_48,CH_8046_2020,8046,2020,2,BONAVAU|FORTERESSE,HANSWIN,2020_8046_45,0.41,same_block_check_diagnostic; pure_check_corandomization_unconfirmed; not_constituent_baseline
2020_8046_48,CH_8046_2020,8046,2020,2,BONAVAU|FORTERESSE,MONTALBANO,2020_8046_41,0.83,same_block_check_diagnostic; pure_check_corandomization_unconfirmed; not_constituent_baseline
2020_8046_70,CH_8046_2020,8046,2020,3,BONAVAU|FORTERESSE,HANSWIN,2020_8046_57,-0.46,same_block_check_diagnostic; pure_check_corandomization_unconfirmed; not_constituent_baseline
2020_8046_70,CH_8046_2020,8046,2020,3,BONAVAU|FORTERESSE,MONTALBANO,2020_8046_54,0.46,same_block_check_diagnostic; pure_check_corandomization_unconfirmed; not_constituent_baseline
2020_8566_15,CH_8566_2020,8566,2020,1,BONAVAU|FORTERESSE,HANSWIN,2020_8566_14,-0.15,same_block_check_diagnostic; pure_check_corandomization_unconfirmed; not_constituent_baseline
2020_8566_15,CH_8566_2020,8566,2020,1,BONAVAU|FORTERESSE,MONTALBANO,2020_8566_5,1.06,same_block_check_diagnostic; pure_check_corandomization_unconfirmed; not_constituent_baseline
2020_8566_27,CH_8566_2020,8566,2020,2,BONAVAU|FORTERESSE,HANSWIN,2020_8566_33,-0.75,same_block_check_diagnostic; pure_check_corandomization_unconfirmed; not_constituent_baseline
2020_8566_27,CH_8566_2020,8566,2020,2,BONAVAU|FORTERESSE,MONTALBANO,2020_8566_42,0.2,same_block_check_diagnostic; pure_check_corandomization_unconfirmed; not_constituent_baseline
2020_8566_58,CH_8566_2020,8566,2020,3,BONAVAU|FORTERESSE,HANSWIN,2020_8566_75,0.85,same_block_check_diagnostic; pure_check_corandomization_unconfirmed; not_constituent_baseline
2020_8566_58,CH_8566_2020,8566,2020,3,BONAVAU|FORTERESSE,MONTALBANO,2020_8566_71,-1.1,same_block_check_diagnostic; pure_check_corandomization_unconfirmed; not_constituent_baseline
2019_1260_11,CH_1260_2019,1260,2019,1,COMBIN|MOLINERA,HANSWIN,2019_1260_12,-1.03,same_block_check_diagnostic; pure_check_corandomization_unconfirmed; not_constituent_baseline
2019_1260_11,CH_1260_2019,1260,2019,1,COMBIN|MOLINERA,MONTALBANO,2019_1260_25,-0.66,same_block_check_diagnostic; pure_check_corandomization_unconfirmed; not_constituent_baseline
2019_1260_37,CH_1260_2019,1260,2019,2,COMBIN|MOLINERA,HANSWIN,2019_1260_27,-1.94,same_block_check_diagnostic; pure_check_corandomization_unconfirmed; not_constituent_baseline
2019_1260_37,CH_1260_2019,1260,2019,2,COMBIN|MOLINERA,MONTALBANO,2019_1260_41,-1.94,same_block_check_diagnostic; pure_check_corandomization_unconfirmed; not_constituent_baseline
2019_1260_68,CH_1260_2019,1260,2019,3,COMBIN|MOLINERA,HANSWIN,2019_1260_75,-1.23,same_block_check_diagnostic; pure_check_corandomization_unconfirmed; not_constituent_baseline
2019_1260_68,CH_1260_2019,1260,2019,3,COMBIN|MOLINERA,MONTALBANO,2019_1260_64,0.43,same_block_check_diagnostic; pure_check_corandomization_unconfirmed; not_constituent_baseline
2019_1567_22,CH_1567_2019,1567,2019,1,COMBIN|MOLINERA,HANSWIN,2019_1567_6,-0.91,same_block_check_diagnostic; pure_check_corandomization_unconfirmed; not_constituent_baseline
2019_1567_22,CH_1567_2019,1567,2019,1,COMBIN|MOLINERA,MONTALBANO,2019_1567_20,-0.76,same_block_check_diagnostic; pure_check_corandomization_unconfirmed; not_constituent_baseline
2019_1567_47,CH_1567_2019,1567,2019,2,COMBIN|MOLINERA,HANSWIN,2019_1567_40,-0.55,same_block_check_diagnostic; pure_check_corandomization_unconfirmed; not_constituent_baseline
2019_1567_47,CH_1567_2019,1567,2019,2,COMBIN|MOLINERA,MONTALBANO,2019_1567_31,-0.5,same_block_check_diagnostic; pure_check_corandomization_unconfirmed; not_constituent_baseline
2019_1567_58,CH_1567_2019,1567,2019,3,COMBIN|MOLINERA,HANSWIN,2019_1567_62,-1.07,same_block_check_diagnostic; pure_check_corandomization_unconfirmed; not_constituent_baseline
2019_1567_58,CH_1567_2019,1567,2019,3,COMBIN|MOLINERA,MONTALBANO,2019_1567_72,-1.36,same_block_check_diagnostic; pure_check_corandomization_unconfirmed; not_constituent_baseline
2019_3428_6,CH_3428_2019,3428,2019,1,COMBIN|MOLINERA,HANSWIN,2019_3428_22,-0.12,same_block_check_diagnostic; pure_check_corandomization_unconfirmed; not_constituent_baseline
2019_3428_6,CH_3428_2019,3428,2019,1,COMBIN|MOLINERA,MONTALBANO,2019_3428_3,-0.59,same_block_check_diagnostic; pure_check_corandomization_unconfirmed; not_constituent_baseline
2019_3428_34,CH_3428_2019,3428,2019,2,COMBIN|MOLINERA,HANSWIN,2019_3428_30,-0.59,same_block_check_diagnostic; pure_check_corandomization_unconfirmed; not_constituent_baseline
2019_3428_34,CH_3428_2019,3428,2019,2,COMBIN|MOLINERA,MONTALBANO,2019_3428_41,-1.62,same_block_check_diagnostic; pure_check_corandomization_unconfirmed; not_constituent_baseline
2019_3428_62,CH_3428_2019,3428,2019,3,COMBIN|MOLINERA,HANSWIN,2019_3428_69,-1.13,same_block_check_diagnostic; pure_check_corandomization_unconfirmed; not_constituent_baseline
2019_3428_62,CH_3428_2019,3428,2019,3,COMBIN|MOLINERA,MONTALBANO,2019_3428_64,-1.69,same_block_check_diagnostic; pure_check_corandomization_unconfirmed; not_constituent_baseline
2019_8046_11,CH_8046_2019,8046,2019,1,COMBIN|MOLINERA,HANSWIN,2019_8046_16,-1.21,same_block_check_diagnostic; pure_check_corandomization_unconfirmed; not_constituent_baseline
2019_8046_11,CH_8046_2019,8046,2019,1,COMBIN|MOLINERA,MONTALBANO,2019_8046_22,-0.33,same_block_check_diagnostic; pure_check_corandomization_unconfirmed; not_constituent_baseline
2019_8046_32,CH_8046_2019,8046,2019,2,COMBIN|MOLINERA,HANSWIN,2019_8046_34,-0.95,same_block_check_diagnostic; pure_check_corandomization_unconfirmed; not_constituent_baseline
2019_8046_32,CH_8046_2019,8046,2019,2,COMBIN|MOLINERA,MONTALBANO,2019_8046_45,-1.46,same_block_check_diagnostic; pure_check_corandomization_unconfirmed; not_constituent_baseline
2019_8046_73,CH_8046_2019,8046,2019,3,COMBIN|MOLINERA,HANSWIN,2019_8046_52,-0.89,same_block_check_diagnostic; pure_check_corandomization_unconfirmed; not_constituent_baseline
2019_8046_73,CH_8046_2019,8046,2019,3,COMBIN|MOLINERA,MONTALBANO,2019_8046_59,-1.02,same_block_check_diagnostic; pure_check_corandomization_unconfirmed; not_constituent_baseline
2019_8566_23,CH_8566_2019,8566,2019,1,COMBIN|MOLINERA,HANSWIN,2019_8566_10,-1.27,same_block_check_diagnostic; pure_check_corandomization_unconfirmed; not_constituent_baseline
2019_8566_23,CH_8566_2019,8566,2019,1,COMBIN|MOLINERA,MONTALBANO,2019_8566_2,-1.31,same_block_check_diagnostic; pure_check_corandomization_unconfirmed; not_constituent_baseline
2019_8566_34,CH_8566_2019,8566,2019,2,COMBIN|MOLINERA,HANSWIN,2019_8566_41,-0.64,same_block_check_diagnostic; pure_check_corandomization_unconfirmed; not_constituent_baseline
2019_8566_34,CH_8566_2019,8566,2019,2,COMBIN|MOLINERA,MONTALBANO,2019_8566_30,0.16,same_block_check_diagnostic; pure_check_corandomization_unconfirmed; not_constituent_baseline
2019_8566_66,CH_8566_2019,8566,2019,3,COMBIN|MOLINERA,HANSWIN,2019_8566_53,0.17,same_block_check_diagnostic; pure_check_corandomization_unconfirmed; not_constituent_baseline
2019_8566_66,CH_8566_2019,8566,2019,3,COMBIN|MOLINERA,MONTALBANO,2019_8566_59,-0.24,same_block_check_diagnostic; pure_check_corandomization_unconfirmed; not_constituent_baseline
2020_1260_1,CH_1260_2020,1260,2020,1,COMBIN|MOLINERA,HANSWIN,2020_1260_16,-0.64,same_block_check_diagnostic; pure_check_corandomization_unconfirmed; not_constituent_baseline
2020_1260_1,CH_1260_2020,1260,2020,1,COMBIN|MOLINERA,MONTALBANO,2020_1260_7,-1.12,same_block_check_diagnostic; pure_check_corandomization_unconfirmed; not_constituent_baseline
2020_1260_32,CH_1260_2020,1260,2020,2,COMBIN|MOLINERA,HANSWIN,2020_1260_49,-0.55,same_block_check_diagnostic; pure_check_corandomization_unconfirmed; not_constituent_baseline
2020_1260_32,CH_1260_2020,1260,2020,2,COMBIN|MOLINERA,MONTALBANO,2020_1260_30,-1.33,same_block_check_diagnostic; pure_check_corandomization_unconfirmed; not_constituent_baseline
2020_1260_70,CH_1260_2020,1260,2020,3,COMBIN|MOLINERA,HANSWIN,2020_1260_53,-0.98,same_block_check_diagnostic; pure_check_corandomization_unconfirmed; not_constituent_baseline
2020_1260_70,CH_1260_2020,1260,2020,3,COMBIN|MOLINERA,MONTALBANO,2020_1260_66,-0.49,same_block_check_diagnostic; pure_check_corandomization_unconfirmed; not_constituent_baseline
2020_1567_43,CH_1567_2020,1567,2020,2,COMBIN|MOLINERA,HANSWIN,2020_1567_34,-0.73,same_block_check_diagnostic; pure_check_corandomization_unconfirmed; not_constituent_baseline
2020_1567_43,CH_1567_2020,1567,2020,2,COMBIN|MOLINERA,MONTALBANO,2020_1567_45,-0.09,same_block_check_diagnostic; pure_check_corandomization_unconfirmed; not_constituent_baseline
2020_1567_51,CH_1567_2020,1567,2020,3,COMBIN|MOLINERA,HANSWIN,2020_1567_71,-1.9,same_block_check_diagnostic; pure_check_corandomization_unconfirmed; not_constituent_baseline
2020_1567_51,CH_1567_2020,1567,2020,3,COMBIN|MOLINERA,MONTALBANO,2020_1567_62,-0.54,same_block_check_diagnostic; pure_check_corandomization_unconfirmed; not_constituent_baseline
2020_3428_18,CH_3428_2020,3428,2020,1,COMBIN|MOLINERA,HANSWIN,2020_3428_24,-1.88,same_block_check_diagnostic; pure_check_corandomization_unconfirmed; not_constituent_baseline
2020_3428_18,CH_3428_2020,3428,2020,1,COMBIN|MOLINERA,MONTALBANO,2020_3428_21,-0.73,same_block_check_diagnostic; pure_check_corandomization_unconfirmed; not_constituent_baseline
2020_3428_27,CH_3428_2020,3428,2020,2,COMBIN|MOLINERA,HANSWIN,2020_3428_43,-1.52,same_block_check_diagnostic; pure_check_corandomization_unconfirmed; not_constituent_baseline
2020_3428_27,CH_3428_2020,3428,2020,2,COMBIN|MOLINERA,MONTALBANO,2020_3428_29,-0.47,same_block_check_diagnostic; pure_check_corandomization_unconfirmed; not_constituent_baseline
2020_3428_61,CH_3428_2020,3428,2020,3,COMBIN|MOLINERA,HANSWIN,2020_3428_51,-0.89,same_block_check_diagnostic; pure_check_corandomization_unconfirmed; not_constituent_baseline
2020_3428_61,CH_3428_2020,3428,2020,3,COMBIN|MOLINERA,MONTALBANO,2020_3428_57,-2.03,same_block_check_diagnostic; pure_check_corandomization_unconfirmed; not_constituent_baseline
2020_8046_16,CH_8046_2020,8046,2020,1,COMBIN|MOLINERA,HANSWIN,2020_8046_11,-0.96,same_block_check_diagnostic; pure_check_corandomization_unconfirmed; not_constituent_baseline
2020_8046_16,CH_8046_2020,8046,2020,1,COMBIN|MOLINERA,MONTALBANO,2020_8046_10,-1.08,same_block_check_diagnostic; pure_check_corandomization_unconfirmed; not_constituent_baseline
2020_8046_35,CH_8046_2020,8046,2020,2,COMBIN|MOLINERA,HANSWIN,2020_8046_45,-0.98,same_block_check_diagnostic; pure_check_corandomization_unconfirmed; not_constituent_baseline
2020_8046_35,CH_8046_2020,8046,2020,2,COMBIN|MOLINERA,MONTALBANO,2020_8046_41,-0.56,same_block_check_diagnostic; pure_check_corandomization_unconfirmed; not_constituent_baseline
2020_8046_53,CH_8046_2020,8046,2020,3,COMBIN|MOLINERA,HANSWIN,2020_8046_57,-1.42,same_block_check_diagnostic; pure_check_corandomization_unconfirmed; not_constituent_baseline
2020_8046_53,CH_8046_2020,8046,2020,3,COMBIN|MOLINERA,MONTALBANO,2020_8046_54,-0.5,same_block_check_diagnostic; pure_check_corandomization_unconfirmed; not_constituent_baseline
2020_8566_19,CH_8566_2020,8566,2020,1,COMBIN|MOLINERA,HANSWIN,2020_8566_14,-0.78,same_block_check_diagnostic; pure_check_corandomization_unconfirmed; not_constituent_baseline
2020_8566_19,CH_8566_2020,8566,2020,1,COMBIN|MOLINERA,MONTALBANO,2020_8566_5,0.43,same_block_check_diagnostic; pure_check_corandomization_unconfirmed; not_constituent_baseline
2020_8566_46,CH_8566_2020,8566,2020,2,COMBIN|MOLINERA,HANSWIN,2020_8566_33,-0.91,same_block_check_diagnostic; pure_check_corandomization_unconfirmed; not_constituent_baseline
2020_8566_46,CH_8566_2020,8566,2020,2,COMBIN|MOLINERA,MONTALBANO,2020_8566_42,0.04,same_block_check_diagnostic; pure_check_corandomization_unconfirmed; not_constituent_baseline
2020_8566_63,CH_8566_2020,8566,2020,3,COMBIN|MOLINERA,HANSWIN,2020_8566_75,-0.08,same_block_check_diagnostic; pure_check_corandomization_unconfirmed; not_constituent_baseline
2020_8566_63,CH_8566_2020,8566,2020,3,COMBIN|MOLINERA,MONTALBANO,2020_8566_71,-2.03,same_block_check_diagnostic; pure_check_corandomization_unconfirmed; not_constituent_baseline
2020_1260_15,CH_1260_2020,1260,2020,1,111.16291|MONTALTO,HANSWIN,2020_1260_16,1.17,same_block_check_diagnostic; pure_check_corandomization_unconfirmed; not_constituent_baseline
2020_1260_15,CH_1260_2020,1260,2020,1,111.16291|MONTALTO,MONTALBANO,2020_1260_7,0.69,same_block_check_diagnostic; pure_check_corandomization_unconfirmed; not_constituent_baseline
2020_1260_26,CH_1260_2020,1260,2020,2,111.16291|MONTALTO,HANSWIN,2020_1260_49,1.77,same_block_check_diagnostic; pure_check_corandomization_unconfirmed; not_constituent_baseline
2020_1260_26,CH_1260_2020,1260,2020,2,111.16291|MONTALTO,MONTALBANO,2020_1260_30,0.99,same_block_check_diagnostic; pure_check_corandomization_unconfirmed; not_constituent_baseline
2020_1260_74,CH_1260_2020,1260,2020,3,111.16291|MONTALTO,HANSWIN,2020_1260_53,0.44,same_block_check_diagnostic; pure_check_corandomization_unconfirmed; not_constituent_baseline
2020_1260_74,CH_1260_2020,1260,2020,3,111.16291|MONTALTO,MONTALBANO,2020_1260_66,0.93,same_block_check_diagnostic; pure_check_corandomization_unconfirmed; not_constituent_baseline
2020_1567_33,CH_1567_2020,1567,2020,2,111.16291|MONTALTO,HANSWIN,2020_1567_34,0.82,same_block_check_diagnostic; pure_check_corandomization_unconfirmed; not_constituent_baseline
2020_1567_33,CH_1567_2020,1567,2020,2,111.16291|MONTALTO,MONTALBANO,2020_1567_45,1.46,same_block_check_diagnostic; pure_check_corandomization_unconfirmed; not_constituent_baseline
2020_1567_72,CH_1567_2020,1567,2020,3,111.16291|MONTALTO,HANSWIN,2020_1567_71,0.15,same_block_check_diagnostic; pure_check_corandomization_unconfirmed; not_constituent_baseline
2020_1567_72,CH_1567_2020,1567,2020,3,111.16291|MONTALTO,MONTALBANO,2020_1567_62,1.51,same_block_check_diagnostic; pure_check_corandomization_unconfirmed; not_constituent_baseline
2020_3428_10,CH_3428_2020,3428,2020,1,111.16291|MONTALTO,HANSWIN,2020_3428_24,-0.99,same_block_check_diagnostic; pure_check_corandomization_unconfirmed; not_constituent_baseline
2020_3428_10,CH_3428_2020,3428,2020,1,111.16291|MONTALTO,MONTALBANO,2020_3428_21,0.16,same_block_check_diagnostic; pure_check_corandomization_unconfirmed; not_constituent_baseline
2020_3428_44,CH_3428_2020,3428,2020,2,111.16291|MONTALTO,HANSWIN,2020_3428_43,0.06,same_block_check_diagnostic; pure_check_corandomization_unconfirmed; not_constituent_baseline
2020_3428_44,CH_3428_2020,3428,2020,2,111.16291|MONTALTO,MONTALBANO,2020_3428_29,1.11,same_block_check_diagnostic; pure_check_corandomization_unconfirmed; not_constituent_baseline
2020_3428_53,CH_3428_2020,3428,2020,3,111.16291|MONTALTO,HANSWIN,2020_3428_51,0.8,same_block_check_diagnostic; pure_check_corandomization_unconfirmed; not_constituent_baseline
2020_3428_53,CH_3428_2020,3428,2020,3,111.16291|MONTALTO,MONTALBANO,2020_3428_57,-0.34,same_block_check_diagnostic; pure_check_corandomization_unconfirmed; not_constituent_baseline
2020_8046_7,CH_8046_2020,8046,2020,1,111.16291|MONTALTO,HANSWIN,2020_8046_11,0.5,same_block_check_diagnostic; pure_check_corandomization_unconfirmed; not_constituent_baseline
2020_8046_7,CH_8046_2020,8046,2020,1,111.16291|MONTALTO,MONTALBANO,2020_8046_10,0.38,same_block_check_diagnostic; pure_check_corandomization_unconfirmed; not_constituent_baseline
2020_8046_40,CH_8046_2020,8046,2020,2,111.16291|MONTALTO,HANSWIN,2020_8046_45,0.09,same_block_check_diagnostic; pure_check_corandomization_unconfirmed; not_constituent_baseline
2020_8046_40,CH_8046_2020,8046,2020,2,111.16291|MONTALTO,MONTALBANO,2020_8046_41,0.51,same_block_check_diagnostic; pure_check_corandomization_unconfirmed; not_constituent_baseline
2020_8046_68,CH_8046_2020,8046,2020,3,111.16291|MONTALTO,HANSWIN,2020_8046_57,0.53,same_block_check_diagnostic; pure_check_corandomization_unconfirmed; not_constituent_baseline
2020_8046_68,CH_8046_2020,8046,2020,3,111.16291|MONTALTO,MONTALBANO,2020_8046_54,1.45,same_block_check_diagnostic; pure_check_corandomization_unconfirmed; not_constituent_baseline
2020_8566_12,CH_8566_2020,8566,2020,1,111.16291|MONTALTO,HANSWIN,2020_8566_14,0.11,same_block_check_diagnostic; pure_check_corandomization_unconfirmed; not_constituent_baseline
2020_8566_12,CH_8566_2020,8566,2020,1,111.16291|MONTALTO,MONTALBANO,2020_8566_5,1.32,same_block_check_diagnostic; pure_check_corandomization_unconfirmed; not_constituent_baseline
2020_8566_31,CH_8566_2020,8566,2020,2,111.16291|MONTALTO,HANSWIN,2020_8566_33,0.8,same_block_check_diagnostic; pure_check_corandomization_unconfirmed; not_constituent_baseline
2020_8566_31,CH_8566_2020,8566,2020,2,111.16291|MONTALTO,MONTALBANO,2020_8566_42,1.75,same_block_check_diagnostic; pure_check_corandomization_unconfirmed; not_constituent_baseline
2020_8566_53,CH_8566_2020,8566,2020,3,111.16291|MONTALTO,HANSWIN,2020_8566_75,2.68,same_block_check_diagnostic; pure_check_corandomization_unconfirmed; not_constituent_baseline
2020_8566_53,CH_8566_2020,8566,2020,3,111.16291|MONTALTO,MONTALBANO,2020_8566_71,0.73,same_block_check_diagnostic; pure_check_corandomization_unconfirmed; not_constituent_baseline
2019_1260_15,CH_1260_2019,1260,2019,1,ALPVAL|MOSSETTE,HANSWIN,2019_1260_12,-1.01,same_block_check_diagnostic; pure_check_corandomization_unconfirmed; not_constituent_baseline
2019_1260_15,CH_1260_2019,1260,2019,1,ALPVAL|MOSSETTE,MONTALBANO,2019_1260_25,-0.64,same_block_check_diagnostic; pure_check_corandomization_unconfirmed; not_constituent_baseline
2019_1260_42,CH_1260_2019,1260,2019,2,ALPVAL|MOSSETTE,HANSWIN,2019_1260_27,-1.71,same_block_check_diagnostic; pure_check_corandomization_unconfirmed; not_constituent_baseline
2019_1260_42,CH_1260_2019,1260,2019,2,ALPVAL|MOSSETTE,MONTALBANO,2019_1260_41,-1.71,same_block_check_diagnostic; pure_check_corandomization_unconfirmed; not_constituent_baseline
2019_1260_51,CH_1260_2019,1260,2019,3,ALPVAL|MOSSETTE,HANSWIN,2019_1260_75,-1.47,same_block_check_diagnostic; pure_check_corandomization_unconfirmed; not_constituent_baseline
2019_1260_51,CH_1260_2019,1260,2019,3,ALPVAL|MOSSETTE,MONTALBANO,2019_1260_64,0.19,same_block_check_diagnostic; pure_check_corandomization_unconfirmed; not_constituent_baseline
2019_1567_24,CH_1567_2019,1567,2019,1,ALPVAL|MOSSETTE,HANSWIN,2019_1567_6,-0.49,same_block_check_diagnostic; pure_check_corandomization_unconfirmed; not_constituent_baseline
2019_1567_24,CH_1567_2019,1567,2019,1,ALPVAL|MOSSETTE,MONTALBANO,2019_1567_20,-0.34,same_block_check_diagnostic; pure_check_corandomization_unconfirmed; not_constituent_baseline
2019_1567_42,CH_1567_2019,1567,2019,2,ALPVAL|MOSSETTE,HANSWIN,2019_1567_40,-0.5,same_block_check_diagnostic; pure_check_corandomization_unconfirmed; not_constituent_baseline
2019_1567_42,CH_1567_2019,1567,2019,2,ALPVAL|MOSSETTE,MONTALBANO,2019_1567_31,-0.45,same_block_check_diagnostic; pure_check_corandomization_unconfirmed; not_constituent_baseline
2019_1567_66,CH_1567_2019,1567,2019,3,ALPVAL|MOSSETTE,HANSWIN,2019_1567_62,-0.72,same_block_check_diagnostic; pure_check_corandomization_unconfirmed; not_constituent_baseline
2019_1567_66,CH_1567_2019,1567,2019,3,ALPVAL|MOSSETTE,MONTALBANO,2019_1567_72,-1.01,same_block_check_diagnostic; pure_check_corandomization_unconfirmed; not_constituent_baseline
2019_3428_13,CH_3428_2019,3428,2019,1,ALPVAL|MOSSETTE,HANSWIN,2019_3428_22,0.94,same_block_check_diagnostic; pure_check_corandomization_unconfirmed; not_constituent_baseline
2019_3428_13,CH_3428_2019,3428,2019,1,ALPVAL|MOSSETTE,MONTALBANO,2019_3428_3,0.47,same_block_check_diagnostic; pure_check_corandomization_unconfirmed; not_constituent_baseline
2019_3428_43,CH_3428_2019,3428,2019,2,ALPVAL|MOSSETTE,HANSWIN,2019_3428_30,0.4,same_block_check_diagnostic; pure_check_corandomization_unconfirmed; not_constituent_baseline
2019_3428_43,CH_3428_2019,3428,2019,2,ALPVAL|MOSSETTE,MONTALBANO,2019_3428_41,-0.63,same_block_check_diagnostic; pure_check_corandomization_unconfirmed; not_constituent_baseline
2019_3428_74,CH_3428_2019,3428,2019,3,ALPVAL|MOSSETTE,HANSWIN,2019_3428_69,0.58,same_block_check_diagnostic; pure_check_corandomization_unconfirmed; not_constituent_baseline
2019_3428_74,CH_3428_2019,3428,2019,3,ALPVAL|MOSSETTE,MONTALBANO,2019_3428_64,0.02,same_block_check_diagnostic; pure_check_corandomization_unconfirmed; not_constituent_baseline
2019_8046_17,CH_8046_2019,8046,2019,1,ALPVAL|MOSSETTE,HANSWIN,2019_8046_16,-0.91,same_block_check_diagnostic; pure_check_corandomization_unconfirmed; not_constituent_baseline
2019_8046_17,CH_8046_2019,8046,2019,1,ALPVAL|MOSSETTE,MONTALBANO,2019_8046_22,-0.03,same_block_check_diagnostic; pure_check_corandomization_unconfirmed; not_constituent_baseline
2019_8046_44,CH_8046_2019,8046,2019,2,ALPVAL|MOSSETTE,HANSWIN,2019_8046_34,-0.55,same_block_check_diagnostic; pure_check_corandomization_unconfirmed; not_constituent_baseline
2019_8046_44,CH_8046_2019,8046,2019,2,ALPVAL|MOSSETTE,MONTALBANO,2019_8046_45,-1.06,same_block_check_diagnostic; pure_check_corandomization_unconfirmed; not_constituent_baseline
2019_8046_75,CH_8046_2019,8046,2019,3,ALPVAL|MOSSETTE,HANSWIN,2019_8046_52,-0.52,same_block_check_diagnostic; pure_check_corandomization_unconfirmed; not_constituent_baseline
2019_8046_75,CH_8046_2019,8046,2019,3,ALPVAL|MOSSETTE,MONTALBANO,2019_8046_59,-0.65,same_block_check_diagnostic; pure_check_corandomization_unconfirmed; not_constituent_baseline
2019_8566_16,CH_8566_2019,8566,2019,1,ALPVAL|MOSSETTE,HANSWIN,2019_8566_10,-0.72,same_block_check_diagnostic; pure_check_corandomization_unconfirmed; not_constituent_baseline
2019_8566_16,CH_8566_2019,8566,2019,1,ALPVAL|MOSSETTE,MONTALBANO,2019_8566_2,-0.76,same_block_check_diagnostic; pure_check_corandomization_unconfirmed; not_constituent_baseline
2019_8566_38,CH_8566_2019,8566,2019,2,ALPVAL|MOSSETTE,HANSWIN,2019_8566_41,-0.07,same_block_check_diagnostic; pure_check_corandomization_unconfirmed; not_constituent_baseline
2019_8566_38,CH_8566_2019,8566,2019,2,ALPVAL|MOSSETTE,MONTALBANO,2019_8566_30,0.73,same_block_check_diagnostic; pure_check_corandomization_unconfirmed; not_constituent_baseline
2019_8566_57,CH_8566_2019,8566,2019,3,ALPVAL|MOSSETTE,HANSWIN,2019_8566_53,0.96,same_block_check_diagnostic; pure_check_corandomization_unconfirmed; not_constituent_baseline
2019_8566_57,CH_8566_2019,8566,2019,3,ALPVAL|MOSSETTE,MONTALBANO,2019_8566_59,0.55,same_block_check_diagnostic; pure_check_corandomization_unconfirmed; not_constituent_baseline
2019_1260_24,CH_1260_2019,1260,2019,1,CAMPANILE|MOSSETTE,HANSWIN,2019_1260_12,-1.26,same_block_check_diagnostic; pure_check_corandomization_unconfirmed; not_constituent_baseline
2019_1260_24,CH_1260_2019,1260,2019,1,CAMPANILE|MOSSETTE,MONTALBANO,2019_1260_25,-0.89,same_block_check_diagnostic; pure_check_corandomization_unconfirmed; not_constituent_baseline
2019_1260_31,CH_1260_2019,1260,2019,2,CAMPANILE|MOSSETTE,HANSWIN,2019_1260_27,-1.13,same_block_check_diagnostic; pure_check_corandomization_unconfirmed; not_constituent_baseline
2019_1260_31,CH_1260_2019,1260,2019,2,CAMPANILE|MOSSETTE,MONTALBANO,2019_1260_41,-1.13,same_block_check_diagnostic; pure_check_corandomization_unconfirmed; not_constituent_baseline
2019_1260_52,CH_1260_2019,1260,2019,3,CAMPANILE|MOSSETTE,HANSWIN,2019_1260_75,-2.05,same_block_check_diagnostic; pure_check_corandomization_unconfirmed; not_constituent_baseline
2019_1260_52,CH_1260_2019,1260,2019,3,CAMPANILE|MOSSETTE,MONTALBANO,2019_1260_64,-0.39,same_block_check_diagnostic; pure_check_corandomization_unconfirmed; not_constituent_baseline
2019_1567_4,CH_1567_2019,1567,2019,1,CAMPANILE|MOSSETTE,HANSWIN,2019_1567_6,-0.07,same_block_check_diagnostic; pure_check_corandomization_unconfirmed; not_constituent_baseline
2019_1567_4,CH_1567_2019,1567,2019,1,CAMPANILE|MOSSETTE,MONTALBANO,2019_1567_20,0.08,same_block_check_diagnostic; pure_check_corandomization_unconfirmed; not_constituent_baseline
2019_1567_43,CH_1567_2019,1567,2019,2,CAMPANILE|MOSSETTE,HANSWIN,2019_1567_40,-0.13,same_block_check_diagnostic; pure_check_corandomization_unconfirmed; not_constituent_baseline
2019_1567_43,CH_1567_2019,1567,2019,2,CAMPANILE|MOSSETTE,MONTALBANO,2019_1567_31,-0.08,same_block_check_diagnostic; pure_check_corandomization_unconfirmed; not_constituent_baseline
2019_1567_60,CH_1567_2019,1567,2019,3,CAMPANILE|MOSSETTE,HANSWIN,2019_1567_62,-0.28,same_block_check_diagnostic; pure_check_corandomization_unconfirmed; not_constituent_baseline
2019_1567_60,CH_1567_2019,1567,2019,3,CAMPANILE|MOSSETTE,MONTALBANO,2019_1567_72,-0.57,same_block_check_diagnostic; pure_check_corandomization_unconfirmed; not_constituent_baseline
2019_3428_1,CH_3428_2019,3428,2019,1,CAMPANILE|MOSSETTE,HANSWIN,2019_3428_22,0.81,same_block_check_diagnostic; pure_check_corandomization_unconfirmed; not_constituent_baseline
2019_3428_1,CH_3428_2019,3428,2019,1,CAMPANILE|MOSSETTE,MONTALBANO,2019_3428_3,0.34,same_block_check_diagnostic; pure_check_corandomization_unconfirmed; not_constituent_baseline
2019_3428_31,CH_3428_2019,3428,2019,2,CAMPANILE|MOSSETTE,HANSWIN,2019_3428_30,0.72,same_block_check_diagnostic; pure_check_corandomization_unconfirmed; not_constituent_baseline
2019_3428_31,CH_3428_2019,3428,2019,2,CAMPANILE|MOSSETTE,MONTALBANO,2019_3428_41,-0.31,same_block_check_diagnostic; pure_check_corandomization_unconfirmed; not_constituent_baseline
2019_3428_67,CH_3428_2019,3428,2019,3,CAMPANILE|MOSSETTE,HANSWIN,2019_3428_69,0.39,same_block_check_diagnostic; pure_check_corandomization_unconfirmed; not_constituent_baseline
2019_3428_67,CH_3428_2019,3428,2019,3,CAMPANILE|MOSSETTE,MONTALBANO,2019_3428_64,-0.17,same_block_check_diagnostic; pure_check_corandomization_unconfirmed; not_constituent_baseline
2019_8046_14,CH_8046_2019,8046,2019,1,CAMPANILE|MOSSETTE,HANSWIN,2019_8046_16,-0.76,same_block_check_diagnostic; pure_check_corandomization_unconfirmed; not_constituent_baseline
2019_8046_14,CH_8046_2019,8046,2019,1,CAMPANILE|MOSSETTE,MONTALBANO,2019_8046_22,0.12,same_block_check_diagnostic; pure_check_corandomization_unconfirmed; not_constituent_baseline
2019_8046_47,CH_8046_2019,8046,2019,2,CAMPANILE|MOSSETTE,HANSWIN,2019_8046_34,-0.7,same_block_check_diagnostic; pure_check_corandomization_unconfirmed; not_constituent_baseline
2019_8046_47,CH_8046_2019,8046,2019,2,CAMPANILE|MOSSETTE,MONTALBANO,2019_8046_45,-1.21,same_block_check_diagnostic; pure_check_corandomization_unconfirmed; not_constituent_baseline
2019_8046_56,CH_8046_2019,8046,2019,3,CAMPANILE|MOSSETTE,HANSWIN,2019_8046_52,-0.78,same_block_check_diagnostic; pure_check_corandomization_unconfirmed; not_constituent_baseline
2019_8046_56,CH_8046_2019,8046,2019,3,CAMPANILE|MOSSETTE,MONTALBANO,2019_8046_59,-0.91,same_block_check_diagnostic; pure_check_corandomization_unconfirmed; not_constituent_baseline
2019_8566_22,CH_8566_2019,8566,2019,1,CAMPANILE|MOSSETTE,HANSWIN,2019_8566_10,0.03,same_block_check_diagnostic; pure_check_corandomization_unconfirmed; not_constituent_baseline
2019_8566_22,CH_8566_2019,8566,2019,1,CAMPANILE|MOSSETTE,MONTALBANO,2019_8566_2,-0.01,same_block_check_diagnostic; pure_check_corandomization_unconfirmed; not_constituent_baseline
2019_8566_29,CH_8566_2019,8566,2019,2,CAMPANILE|MOSSETTE,HANSWIN,2019_8566_41,0.16,same_block_check_diagnostic; pure_check_corandomization_unconfirmed; not_constituent_baseline
2019_8566_29,CH_8566_2019,8566,2019,2,CAMPANILE|MOSSETTE,MONTALBANO,2019_8566_30,0.96,same_block_check_diagnostic; pure_check_corandomization_unconfirmed; not_constituent_baseline
2019_8566_61,CH_8566_2019,8566,2019,3,CAMPANILE|MOSSETTE,HANSWIN,2019_8566_53,1.42,same_block_check_diagnostic; pure_check_corandomization_unconfirmed; not_constituent_baseline
2019_8566_61,CH_8566_2019,8566,2019,3,CAMPANILE|MOSSETTE,MONTALBANO,2019_8566_59,1.01,same_block_check_diagnostic; pure_check_corandomization_unconfirmed; not_constituent_baseline
2020_1260_17,CH_1260_2020,1260,2020,1,CAMPANILE|MOSSETTE,HANSWIN,2020_1260_16,-0.17,same_block_check_diagnostic; pure_check_corandomization_unconfirmed; not_constituent_baseline
2020_1260_17,CH_1260_2020,1260,2020,1,CAMPANILE|MOSSETTE,MONTALBANO,2020_1260_7,-0.65,same_block_check_diagnostic; pure_check_corandomization_unconfirmed; not_constituent_baseline
2020_1260_33,CH_1260_2020,1260,2020,2,CAMPANILE|MOSSETTE,HANSWIN,2020_1260_49,1.06,same_block_check_diagnostic; pure_check_corandomization_unconfirmed; not_constituent_baseline
2020_1260_33,CH_1260_2020,1260,2020,2,CAMPANILE|MOSSETTE,MONTALBANO,2020_1260_30,0.28,same_block_check_diagnostic; pure_check_corandomization_unconfirmed; not_constituent_baseline
2020_1260_65,CH_1260_2020,1260,2020,3,CAMPANILE|MOSSETTE,HANSWIN,2020_1260_53,0.11,same_block_check_diagnostic; pure_check_corandomization_unconfirmed; not_constituent_baseline
2020_1260_65,CH_1260_2020,1260,2020,3,CAMPANILE|MOSSETTE,MONTALBANO,2020_1260_66,0.6,same_block_check_diagnostic; pure_check_corandomization_unconfirmed; not_constituent_baseline
2020_1567_48,CH_1567_2020,1567,2020,2,CAMPANILE|MOSSETTE,HANSWIN,2020_1567_34,0.42,same_block_check_diagnostic; pure_check_corandomization_unconfirmed; not_constituent_baseline
2020_1567_48,CH_1567_2020,1567,2020,2,CAMPANILE|MOSSETTE,MONTALBANO,2020_1567_45,1.06,same_block_check_diagnostic; pure_check_corandomization_unconfirmed; not_constituent_baseline
2020_1567_59,CH_1567_2020,1567,2020,3,CAMPANILE|MOSSETTE,HANSWIN,2020_1567_71,-0.32,same_block_check_diagnostic; pure_check_corandomization_unconfirmed; not_constituent_baseline
2020_1567_59,CH_1567_2020,1567,2020,3,CAMPANILE|MOSSETTE,MONTALBANO,2020_1567_62,1.04,same_block_check_diagnostic; pure_check_corandomization_unconfirmed; not_constituent_baseline
2020_3428_6,CH_3428_2020,3428,2020,1,CAMPANILE|MOSSETTE,HANSWIN,2020_3428_24,-0.37,same_block_check_diagnostic; pure_check_corandomization_unconfirmed; not_constituent_baseline
2020_3428_6,CH_3428_2020,3428,2020,1,CAMPANILE|MOSSETTE,MONTALBANO,2020_3428_21,0.78,same_block_check_diagnostic; pure_check_corandomization_unconfirmed; not_constituent_baseline
2020_3428_50,CH_3428_2020,3428,2020,2,CAMPANILE|MOSSETTE,HANSWIN,2020_3428_43,0.13,same_block_check_diagnostic; pure_check_corandomization_unconfirmed; not_constituent_baseline
2020_3428_50,CH_3428_2020,3428,2020,2,CAMPANILE|MOSSETTE,MONTALBANO,2020_3428_29,1.18,same_block_check_diagnostic; pure_check_corandomization_unconfirmed; not_constituent_baseline
2020_3428_52,CH_3428_2020,3428,2020,3,CAMPANILE|MOSSETTE,HANSWIN,2020_3428_51,0.65,same_block_check_diagnostic; pure_check_corandomization_unconfirmed; not_constituent_baseline
2020_3428_52,CH_3428_2020,3428,2020,3,CAMPANILE|MOSSETTE,MONTALBANO,2020_3428_57,-0.49,same_block_check_diagnostic; pure_check_corandomization_unconfirmed; not_constituent_baseline
2020_8046_18,CH_8046_2020,8046,2020,1,CAMPANILE|MOSSETTE,HANSWIN,2020_8046_11,0.46,same_block_check_diagnostic; pure_check_corandomization_unconfirmed; not_constituent_baseline
2020_8046_18,CH_8046_2020,8046,2020,1,CAMPANILE|MOSSETTE,MONTALBANO,2020_8046_10,0.34,same_block_check_diagnostic; pure_check_corandomization_unconfirmed; not_constituent_baseline
2020_8046_49,CH_8046_2020,8046,2020,2,CAMPANILE|MOSSETTE,HANSWIN,2020_8046_45,0.83,same_block_check_diagnostic; pure_check_corandomization_unconfirmed; not_constituent_baseline
2020_8046_49,CH_8046_2020,8046,2020,2,CAMPANILE|MOSSETTE,MONTALBANO,2020_8046_41,1.25,same_block_check_diagnostic; pure_check_corandomization_unconfirmed; not_constituent_baseline
2020_8046_65,CH_8046_2020,8046,2020,3,CAMPANILE|MOSSETTE,HANSWIN,2020_8046_57,-0.27,same_block_check_diagnostic; pure_check_corandomization_unconfirmed; not_constituent_baseline
2020_8046_65,CH_8046_2020,8046,2020,3,CAMPANILE|MOSSETTE,MONTALBANO,2020_8046_54,0.65,same_block_check_diagnostic; pure_check_corandomization_unconfirmed; not_constituent_baseline
2020_8566_24,CH_8566_2020,8566,2020,1,CAMPANILE|MOSSETTE,HANSWIN,2020_8566_14,-1.03,same_block_check_diagnostic; pure_check_corandomization_unconfirmed; not_constituent_baseline
2020_8566_24,CH_8566_2020,8566,2020,1,CAMPANILE|MOSSETTE,MONTALBANO,2020_8566_5,0.18,same_block_check_diagnostic; pure_check_corandomization_unconfirmed; not_constituent_baseline
2020_8566_32,CH_8566_2020,8566,2020,2,CAMPANILE|MOSSETTE,HANSWIN,2020_8566_33,-0.85,same_block_check_diagnostic; pure_check_corandomization_unconfirmed; not_constituent_baseline
2020_8566_32,CH_8566_2020,8566,2020,2,CAMPANILE|MOSSETTE,MONTALBANO,2020_8566_42,0.1,same_block_check_diagnostic; pure_check_corandomization_unconfirmed; not_constituent_baseline
2020_8566_51,CH_8566_2020,8566,2020,3,CAMPANILE|MOSSETTE,HANSWIN,2020_8566_75,2.88,same_block_check_diagnostic; pure_check_corandomization_unconfirmed; not_constituent_baseline
2020_8566_51,CH_8566_2020,8566,2020,3,CAMPANILE|MOSSETTE,MONTALBANO,2020_8566_71,0.93,same_block_check_diagnostic; pure_check_corandomization_unconfirmed; not_constituent_baseline
2019_1260_1,CH_1260_2019,1260,2019,1,ALPVAL|RASICA,HANSWIN,2019_1260_12,-0.71,same_block_check_diagnostic; pure_check_corandomization_unconfirmed; not_constituent_baseline
2019_1260_1,CH_1260_2019,1260,2019,1,ALPVAL|RASICA,MONTALBANO,2019_1260_25,-0.34,same_block_check_diagnostic; pure_check_corandomization_unconfirmed; not_constituent_baseline
2019_1260_40,CH_1260_2019,1260,2019,2,ALPVAL|RASICA,HANSWIN,2019_1260_27,-0.53,same_block_check_diagnostic; pure_check_corandomization_unconfirmed; not_constituent_baseline
2019_1260_40,CH_1260_2019,1260,2019,2,ALPVAL|RASICA,MONTALBANO,2019_1260_41,-0.53,same_block_check_diagnostic; pure_check_corandomization_unconfirmed; not_constituent_baseline
2019_1260_57,CH_1260_2019,1260,2019,3,ALPVAL|RASICA,HANSWIN,2019_1260_75,-0.59,same_block_check_diagnostic; pure_check_corandomization_unconfirmed; not_constituent_baseline
2019_1260_57,CH_1260_2019,1260,2019,3,ALPVAL|RASICA,MONTALBANO,2019_1260_64,1.07,same_block_check_diagnostic; pure_check_corandomization_unconfirmed; not_constituent_baseline
2019_1567_16,CH_1567_2019,1567,2019,1,ALPVAL|RASICA,HANSWIN,2019_1567_6,-0.14,same_block_check_diagnostic; pure_check_corandomization_unconfirmed; not_constituent_baseline
2019_1567_16,CH_1567_2019,1567,2019,1,ALPVAL|RASICA,MONTALBANO,2019_1567_20,0.01,same_block_check_diagnostic; pure_check_corandomization_unconfirmed; not_constituent_baseline
2019_1567_36,CH_1567_2019,1567,2019,2,ALPVAL|RASICA,HANSWIN,2019_1567_40,0.27,same_block_check_diagnostic; pure_check_corandomization_unconfirmed; not_constituent_baseline
2019_1567_36,CH_1567_2019,1567,2019,2,ALPVAL|RASICA,MONTALBANO,2019_1567_31,0.32,same_block_check_diagnostic; pure_check_corandomization_unconfirmed; not_constituent_baseline
2019_1567_52,CH_1567_2019,1567,2019,3,ALPVAL|RASICA,HANSWIN,2019_1567_62,0.35,same_block_check_diagnostic; pure_check_corandomization_unconfirmed; not_constituent_baseline
2019_1567_52,CH_1567_2019,1567,2019,3,ALPVAL|RASICA,MONTALBANO,2019_1567_72,0.06,same_block_check_diagnostic; pure_check_corandomization_unconfirmed; not_constituent_baseline
2019_3428_14,CH_3428_2019,3428,2019,1,ALPVAL|RASICA,HANSWIN,2019_3428_22,1.25,same_block_check_diagnostic; pure_check_corandomization_unconfirmed; not_constituent_baseline
2019_3428_14,CH_3428_2019,3428,2019,1,ALPVAL|RASICA,MONTALBANO,2019_3428_3,0.78,same_block_check_diagnostic; pure_check_corandomization_unconfirmed; not_constituent_baseline
2019_3428_48,CH_3428_2019,3428,2019,2,ALPVAL|RASICA,HANSWIN,2019_3428_30,0.64,same_block_check_diagnostic; pure_check_corandomization_unconfirmed; not_constituent_baseline
2019_3428_48,CH_3428_2019,3428,2019,2,ALPVAL|RASICA,MONTALBANO,2019_3428_41,-0.39,same_block_check_diagnostic; pure_check_corandomization_unconfirmed; not_constituent_baseline
2019_3428_66,CH_3428_2019,3428,2019,3,ALPVAL|RASICA,HANSWIN,2019_3428_69,0.87,same_block_check_diagnostic; pure_check_corandomization_unconfirmed; not_constituent_baseline
2019_3428_66,CH_3428_2019,3428,2019,3,ALPVAL|RASICA,MONTALBANO,2019_3428_64,0.31,same_block_check_diagnostic; pure_check_corandomization_unconfirmed; not_constituent_baseline
2019_8046_21,CH_8046_2019,8046,2019,1,ALPVAL|RASICA,HANSWIN,2019_8046_16,-0.25,same_block_check_diagnostic; pure_check_corandomization_unconfirmed; not_constituent_baseline
2019_8046_21,CH_8046_2019,8046,2019,1,ALPVAL|RASICA,MONTALBANO,2019_8046_22,0.63,same_block_check_diagnostic; pure_check_corandomization_unconfirmed; not_constituent_baseline
2019_8046_35,CH_8046_2019,8046,2019,2,ALPVAL|RASICA,HANSWIN,2019_8046_34,0.55,same_block_check_diagnostic; pure_check_corandomization_unconfirmed; not_constituent_baseline
2019_8046_35,CH_8046_2019,8046,2019,2,ALPVAL|RASICA,MONTALBANO,2019_8046_45,0.04,same_block_check_diagnostic; pure_check_corandomization_unconfirmed; not_constituent_baseline
2019_8046_67,CH_8046_2019,8046,2019,3,ALPVAL|RASICA,HANSWIN,2019_8046_52,0.97,same_block_check_diagnostic; pure_check_corandomization_unconfirmed; not_constituent_baseline
2019_8046_67,CH_8046_2019,8046,2019,3,ALPVAL|RASICA,MONTALBANO,2019_8046_59,0.84,same_block_check_diagnostic; pure_check_corandomization_unconfirmed; not_constituent_baseline
2019_8566_14,CH_8566_2019,8566,2019,1,ALPVAL|RASICA,HANSWIN,2019_8566_10,-0.11,same_block_check_diagnostic; pure_check_corandomization_unconfirmed; not_constituent_baseline
2019_8566_14,CH_8566_2019,8566,2019,1,ALPVAL|RASICA,MONTALBANO,2019_8566_2,-0.15,same_block_check_diagnostic; pure_check_corandomization_unconfirmed; not_constituent_baseline
2019_8566_47,CH_8566_2019,8566,2019,2,ALPVAL|RASICA,HANSWIN,2019_8566_41,0.07,same_block_check_diagnostic; pure_check_corandomization_unconfirmed; not_constituent_baseline
2019_8566_47,CH_8566_2019,8566,2019,2,ALPVAL|RASICA,MONTALBANO,2019_8566_30,0.87,same_block_check_diagnostic; pure_check_corandomization_unconfirmed; not_constituent_baseline
2019_8566_60,CH_8566_2019,8566,2019,3,ALPVAL|RASICA,HANSWIN,2019_8566_53,1.19,same_block_check_diagnostic; pure_check_corandomization_unconfirmed; not_constituent_baseline
2019_8566_60,CH_8566_2019,8566,2019,3,ALPVAL|RASICA,MONTALBANO,2019_8566_59,0.78,same_block_check_diagnostic; pure_check_corandomization_unconfirmed; not_constituent_baseline
2020_1260_24,CH_1260_2020,1260,2020,1,ALPVAL|RASICA,HANSWIN,2020_1260_16,1.02,same_block_check_diagnostic; pure_check_corandomization_unconfirmed; not_constituent_baseline
2020_1260_24,CH_1260_2020,1260,2020,1,ALPVAL|RASICA,MONTALBANO,2020_1260_7,0.54,same_block_check_diagnostic; pure_check_corandomization_unconfirmed; not_constituent_baseline
2020_1260_37,CH_1260_2020,1260,2020,2,ALPVAL|RASICA,HANSWIN,2020_1260_49,0.08,same_block_check_diagnostic; pure_check_corandomization_unconfirmed; not_constituent_baseline
2020_1260_37,CH_1260_2020,1260,2020,2,ALPVAL|RASICA,MONTALBANO,2020_1260_30,-0.7,same_block_check_diagnostic; pure_check_corandomization_unconfirmed; not_constituent_baseline
2020_1260_51,CH_1260_2020,1260,2020,3,ALPVAL|RASICA,HANSWIN,2020_1260_53,-0.2,same_block_check_diagnostic; pure_check_corandomization_unconfirmed; not_constituent_baseline
2020_1260_51,CH_1260_2020,1260,2020,3,ALPVAL|RASICA,MONTALBANO,2020_1260_66,0.29,same_block_check_diagnostic; pure_check_corandomization_unconfirmed; not_constituent_baseline
2020_1567_39,CH_1567_2020,1567,2020,2,ALPVAL|RASICA,HANSWIN,2020_1567_34,-0.4,same_block_check_diagnostic; pure_check_corandomization_unconfirmed; not_constituent_baseline
2020_1567_39,CH_1567_2020,1567,2020,2,ALPVAL|RASICA,MONTALBANO,2020_1567_45,0.24,same_block_check_diagnostic; pure_check_corandomization_unconfirmed; not_constituent_baseline
2020_1567_70,CH_1567_2020,1567,2020,3,ALPVAL|RASICA,HANSWIN,2020_1567_71,-0.18,same_block_check_diagnostic; pure_check_corandomization_unconfirmed; not_constituent_baseline
2020_1567_70,CH_1567_2020,1567,2020,3,ALPVAL|RASICA,MONTALBANO,2020_1567_62,1.18,same_block_check_diagnostic; pure_check_corandomization_unconfirmed; not_constituent_baseline
2020_3428_23,CH_3428_2020,3428,2020,1,ALPVAL|RASICA,HANSWIN,2020_3428_24,-0.71,same_block_check_diagnostic; pure_check_corandomization_unconfirmed; not_constituent_baseline
2020_3428_23,CH_3428_2020,3428,2020,1,ALPVAL|RASICA,MONTALBANO,2020_3428_21,0.44,same_block_check_diagnostic; pure_check_corandomization_unconfirmed; not_constituent_baseline
2020_3428_41,CH_3428_2020,3428,2020,2,ALPVAL|RASICA,HANSWIN,2020_3428_43,-0.71,same_block_check_diagnostic; pure_check_corandomization_unconfirmed; not_constituent_baseline
2020_3428_41,CH_3428_2020,3428,2020,2,ALPVAL|RASICA,MONTALBANO,2020_3428_29,0.34,same_block_check_diagnostic; pure_check_corandomization_unconfirmed; not_constituent_baseline
2020_3428_65,CH_3428_2020,3428,2020,3,ALPVAL|RASICA,HANSWIN,2020_3428_51,0.67,same_block_check_diagnostic; pure_check_corandomization_unconfirmed; not_constituent_baseline
2020_3428_65,CH_3428_2020,3428,2020,3,ALPVAL|RASICA,MONTALBANO,2020_3428_57,-0.47,same_block_check_diagnostic; pure_check_corandomization_unconfirmed; not_constituent_baseline
2020_8046_12,CH_8046_2020,8046,2020,1,ALPVAL|RASICA,HANSWIN,2020_8046_11,0.41,same_block_check_diagnostic; pure_check_corandomization_unconfirmed; not_constituent_baseline
2020_8046_12,CH_8046_2020,8046,2020,1,ALPVAL|RASICA,MONTALBANO,2020_8046_10,0.29,same_block_check_diagnostic; pure_check_corandomization_unconfirmed; not_constituent_baseline
2020_8046_33,CH_8046_2020,8046,2020,2,ALPVAL|RASICA,HANSWIN,2020_8046_45,0.15,same_block_check_diagnostic; pure_check_corandomization_unconfirmed; not_constituent_baseline
2020_8046_33,CH_8046_2020,8046,2020,2,ALPVAL|RASICA,MONTALBANO,2020_8046_41,0.57,same_block_check_diagnostic; pure_check_corandomization_unconfirmed; not_constituent_baseline
2020_8046_66,CH_8046_2020,8046,2020,3,ALPVAL|RASICA,HANSWIN,2020_8046_57,0.29,same_block_check_diagnostic; pure_check_corandomization_unconfirmed; not_constituent_baseline
2020_8046_66,CH_8046_2020,8046,2020,3,ALPVAL|RASICA,MONTALBANO,2020_8046_54,1.21,same_block_check_diagnostic; pure_check_corandomization_unconfirmed; not_constituent_baseline
2020_8566_3,CH_8566_2020,8566,2020,1,ALPVAL|RASICA,HANSWIN,2020_8566_14,0.03,same_block_check_diagnostic; pure_check_corandomization_unconfirmed; not_constituent_baseline
2020_8566_3,CH_8566_2020,8566,2020,1,ALPVAL|RASICA,MONTALBANO,2020_8566_5,1.24,same_block_check_diagnostic; pure_check_corandomization_unconfirmed; not_constituent_baseline
2020_8566_34,CH_8566_2020,8566,2020,2,ALPVAL|RASICA,HANSWIN,2020_8566_33,-1.24,same_block_check_diagnostic; pure_check_corandomization_unconfirmed; not_constituent_baseline
2020_8566_34,CH_8566_2020,8566,2020,2,ALPVAL|RASICA,MONTALBANO,2020_8566_42,-0.29,same_block_check_diagnostic; pure_check_corandomization_unconfirmed; not_constituent_baseline
2020_8566_66,CH_8566_2020,8566,2020,3,ALPVAL|RASICA,HANSWIN,2020_8566_75,2.43,same_block_check_diagnostic; pure_check_corandomization_unconfirmed; not_constituent_baseline
2020_8566_66,CH_8566_2020,8566,2020,3,ALPVAL|RASICA,MONTALBANO,2020_8566_71,0.48,same_block_check_diagnostic; pure_check_corandomization_unconfirmed; not_constituent_baseline
2019_1260_5,CH_1260_2019,1260,2019,1,CADLIMO|RASICA,HANSWIN,2019_1260_12,-0.93,same_block_check_diagnostic; pure_check_corandomization_unconfirmed; not_constituent_baseline
2019_1260_5,CH_1260_2019,1260,2019,1,CADLIMO|RASICA,MONTALBANO,2019_1260_25,-0.56,same_block_check_diagnostic; pure_check_corandomization_unconfirmed; not_constituent_baseline
2019_1260_45,CH_1260_2019,1260,2019,2,CADLIMO|RASICA,HANSWIN,2019_1260_27,-0.44,same_block_check_diagnostic; pure_check_corandomization_unconfirmed; not_constituent_baseline
2019_1260_45,CH_1260_2019,1260,2019,2,CADLIMO|RASICA,MONTALBANO,2019_1260_41,-0.44,same_block_check_diagnostic; pure_check_corandomization_unconfirmed; not_constituent_baseline
2019_1260_59,CH_1260_2019,1260,2019,3,CADLIMO|RASICA,HANSWIN,2019_1260_75,-1.59,same_block_check_diagnostic; pure_check_corandomization_unconfirmed; not_constituent_baseline
2019_1260_59,CH_1260_2019,1260,2019,3,CADLIMO|RASICA,MONTALBANO,2019_1260_64,0.07,same_block_check_diagnostic; pure_check_corandomization_unconfirmed; not_constituent_baseline
2019_1567_2,CH_1567_2019,1567,2019,1,CADLIMO|RASICA,HANSWIN,2019_1567_6,0.37,same_block_check_diagnostic; pure_check_corandomization_unconfirmed; not_constituent_baseline
2019_1567_2,CH_1567_2019,1567,2019,1,CADLIMO|RASICA,MONTALBANO,2019_1567_20,0.52,same_block_check_diagnostic; pure_check_corandomization_unconfirmed; not_constituent_baseline
2019_1567_48,CH_1567_2019,1567,2019,2,CADLIMO|RASICA,HANSWIN,2019_1567_40,0.43,same_block_check_diagnostic; pure_check_corandomization_unconfirmed; not_constituent_baseline
2019_1567_48,CH_1567_2019,1567,2019,2,CADLIMO|RASICA,MONTALBANO,2019_1567_31,0.48,same_block_check_diagnostic; pure_check_corandomization_unconfirmed; not_constituent_baseline
2019_1567_69,CH_1567_2019,1567,2019,3,CADLIMO|RASICA,HANSWIN,2019_1567_62,0.15,same_block_check_diagnostic; pure_check_corandomization_unconfirmed; not_constituent_baseline
2019_1567_69,CH_1567_2019,1567,2019,3,CADLIMO|RASICA,MONTALBANO,2019_1567_72,-0.14,same_block_check_diagnostic; pure_check_corandomization_unconfirmed; not_constituent_baseline
2019_3428_10,CH_3428_2019,3428,2019,1,CADLIMO|RASICA,HANSWIN,2019_3428_22,1.31,same_block_check_diagnostic; pure_check_corandomization_unconfirmed; not_constituent_baseline
2019_3428_10,CH_3428_2019,3428,2019,1,CADLIMO|RASICA,MONTALBANO,2019_3428_3,0.84,same_block_check_diagnostic; pure_check_corandomization_unconfirmed; not_constituent_baseline
2019_3428_39,CH_3428_2019,3428,2019,2,CADLIMO|RASICA,HANSWIN,2019_3428_30,0.27,same_block_check_diagnostic; pure_check_corandomization_unconfirmed; not_constituent_baseline
2019_3428_39,CH_3428_2019,3428,2019,2,CADLIMO|RASICA,MONTALBANO,2019_3428_41,-0.76,same_block_check_diagnostic; pure_check_corandomization_unconfirmed; not_constituent_baseline
2019_3428_51,CH_3428_2019,3428,2019,3,CADLIMO|RASICA,HANSWIN,2019_3428_69,0.86,same_block_check_diagnostic; pure_check_corandomization_unconfirmed; not_constituent_baseline
2019_3428_51,CH_3428_2019,3428,2019,3,CADLIMO|RASICA,MONTALBANO,2019_3428_64,0.3,same_block_check_diagnostic; pure_check_corandomization_unconfirmed; not_constituent_baseline
2019_8046_24,CH_8046_2019,8046,2019,1,CADLIMO|RASICA,HANSWIN,2019_8046_16,0.24,same_block_check_diagnostic; pure_check_corandomization_unconfirmed; not_constituent_baseline
2019_8046_24,CH_8046_2019,8046,2019,1,CADLIMO|RASICA,MONTALBANO,2019_8046_22,1.12,same_block_check_diagnostic; pure_check_corandomization_unconfirmed; not_constituent_baseline
2019_8046_50,CH_8046_2019,8046,2019,2,CADLIMO|RASICA,HANSWIN,2019_8046_34,-0.1,same_block_check_diagnostic; pure_check_corandomization_unconfirmed; not_constituent_baseline
2019_8046_50,CH_8046_2019,8046,2019,2,CADLIMO|RASICA,MONTALBANO,2019_8046_45,-0.61,same_block_check_diagnostic; pure_check_corandomization_unconfirmed; not_constituent_baseline
2019_8046_51,CH_8046_2019,8046,2019,3,CADLIMO|RASICA,HANSWIN,2019_8046_52,0.38,same_block_check_diagnostic; pure_check_corandomization_unconfirmed; not_constituent_baseline
2019_8046_51,CH_8046_2019,8046,2019,3,CADLIMO|RASICA,MONTALBANO,2019_8046_59,0.25,same_block_check_diagnostic; pure_check_corandomization_unconfirmed; not_constituent_baseline
2019_8566_3,CH_8566_2019,8566,2019,1,CADLIMO|RASICA,HANSWIN,2019_8566_10,0.16,same_block_check_diagnostic; pure_check_corandomization_unconfirmed; not_constituent_baseline
2019_8566_3,CH_8566_2019,8566,2019,1,CADLIMO|RASICA,MONTALBANO,2019_8566_2,0.12,same_block_check_diagnostic; pure_check_corandomization_unconfirmed; not_constituent_baseline
2019_8566_35,CH_8566_2019,8566,2019,2,CADLIMO|RASICA,HANSWIN,2019_8566_41,0.13,same_block_check_diagnostic; pure_check_corandomization_unconfirmed; not_constituent_baseline
2019_8566_35,CH_8566_2019,8566,2019,2,CADLIMO|RASICA,MONTALBANO,2019_8566_30,0.93,same_block_check_diagnostic; pure_check_corandomization_unconfirmed; not_constituent_baseline
2019_8566_64,CH_8566_2019,8566,2019,3,CADLIMO|RASICA,HANSWIN,2019_8566_53,0.67,same_block_check_diagnostic; pure_check_corandomization_unconfirmed; not_constituent_baseline
2019_8566_64,CH_8566_2019,8566,2019,3,CADLIMO|RASICA,MONTALBANO,2019_8566_59,0.26,same_block_check_diagnostic; pure_check_corandomization_unconfirmed; not_constituent_baseline
2020_1260_6,CH_1260_2020,1260,2020,1,CADLIMO|RASICA,HANSWIN,2020_1260_16,1,same_block_check_diagnostic; pure_check_corandomization_unconfirmed; not_constituent_baseline
2020_1260_6,CH_1260_2020,1260,2020,1,CADLIMO|RASICA,MONTALBANO,2020_1260_7,0.52,same_block_check_diagnostic; pure_check_corandomization_unconfirmed; not_constituent_baseline
2020_1260_47,CH_1260_2020,1260,2020,2,CADLIMO|RASICA,HANSWIN,2020_1260_49,-0.8,same_block_check_diagnostic; pure_check_corandomization_unconfirmed; not_constituent_baseline
2020_1260_47,CH_1260_2020,1260,2020,2,CADLIMO|RASICA,MONTALBANO,2020_1260_30,-1.58,same_block_check_diagnostic; pure_check_corandomization_unconfirmed; not_constituent_baseline
2020_1260_63,CH_1260_2020,1260,2020,3,CADLIMO|RASICA,HANSWIN,2020_1260_53,0.41,same_block_check_diagnostic; pure_check_corandomization_unconfirmed; not_constituent_baseline
2020_1260_63,CH_1260_2020,1260,2020,3,CADLIMO|RASICA,MONTALBANO,2020_1260_66,0.9,same_block_check_diagnostic; pure_check_corandomization_unconfirmed; not_constituent_baseline
2020_1567_28,CH_1567_2020,1567,2020,2,CADLIMO|RASICA,HANSWIN,2020_1567_34,0.51,same_block_check_diagnostic; pure_check_corandomization_unconfirmed; not_constituent_baseline
2020_1567_28,CH_1567_2020,1567,2020,2,CADLIMO|RASICA,MONTALBANO,2020_1567_45,1.15,same_block_check_diagnostic; pure_check_corandomization_unconfirmed; not_constituent_baseline
2020_1567_66,CH_1567_2020,1567,2020,3,CADLIMO|RASICA,HANSWIN,2020_1567_71,-0.28,same_block_check_diagnostic; pure_check_corandomization_unconfirmed; not_constituent_baseline
2020_1567_66,CH_1567_2020,1567,2020,3,CADLIMO|RASICA,MONTALBANO,2020_1567_62,1.08,same_block_check_diagnostic; pure_check_corandomization_unconfirmed; not_constituent_baseline
2020_3428_5,CH_3428_2020,3428,2020,1,CADLIMO|RASICA,HANSWIN,2020_3428_24,0.39,same_block_check_diagnostic; pure_check_corandomization_unconfirmed; not_constituent_baseline
2020_3428_5,CH_3428_2020,3428,2020,1,CADLIMO|RASICA,MONTALBANO,2020_3428_21,1.54,same_block_check_diagnostic; pure_check_corandomization_unconfirmed; not_constituent_baseline
2020_3428_48,CH_3428_2020,3428,2020,2,CADLIMO|RASICA,HANSWIN,2020_3428_43,-0.5,same_block_check_diagnostic; pure_check_corandomization_unconfirmed; not_constituent_baseline
2020_3428_48,CH_3428_2020,3428,2020,2,CADLIMO|RASICA,MONTALBANO,2020_3428_29,0.55,same_block_check_diagnostic; pure_check_corandomization_unconfirmed; not_constituent_baseline
2020_3428_62,CH_3428_2020,3428,2020,3,CADLIMO|RASICA,HANSWIN,2020_3428_51,0.65,same_block_check_diagnostic; pure_check_corandomization_unconfirmed; not_constituent_baseline
2020_3428_62,CH_3428_2020,3428,2020,3,CADLIMO|RASICA,MONTALBANO,2020_3428_57,-0.49,same_block_check_diagnostic; pure_check_corandomization_unconfirmed; not_constituent_baseline
2020_8046_20,CH_8046_2020,8046,2020,1,CADLIMO|RASICA,HANSWIN,2020_8046_11,0.37,same_block_check_diagnostic; pure_check_corandomization_unconfirmed; not_constituent_baseline
2020_8046_20,CH_8046_2020,8046,2020,1,CADLIMO|RASICA,MONTALBANO,2020_8046_10,0.25,same_block_check_diagnostic; pure_check_corandomization_unconfirmed; not_constituent_baseline
2020_8046_26,CH_8046_2020,8046,2020,2,CADLIMO|RASICA,HANSWIN,2020_8046_45,0.46,same_block_check_diagnostic; pure_check_corandomization_unconfirmed; not_constituent_baseline
2020_8046_26,CH_8046_2020,8046,2020,2,CADLIMO|RASICA,MONTALBANO,2020_8046_41,0.88,same_block_check_diagnostic; pure_check_corandomization_unconfirmed; not_constituent_baseline
2020_8046_62,CH_8046_2020,8046,2020,3,CADLIMO|RASICA,HANSWIN,2020_8046_57,-0.06,same_block_check_diagnostic; pure_check_corandomization_unconfirmed; not_constituent_baseline
2020_8046_62,CH_8046_2020,8046,2020,3,CADLIMO|RASICA,MONTALBANO,2020_8046_54,0.86,same_block_check_diagnostic; pure_check_corandomization_unconfirmed; not_constituent_baseline
2020_8566_1,CH_8566_2020,8566,2020,1,CADLIMO|RASICA,HANSWIN,2020_8566_14,0.79,same_block_check_diagnostic; pure_check_corandomization_unconfirmed; not_constituent_baseline
2020_8566_1,CH_8566_2020,8566,2020,1,CADLIMO|RASICA,MONTALBANO,2020_8566_5,2,same_block_check_diagnostic; pure_check_corandomization_unconfirmed; not_constituent_baseline
2020_8566_47,CH_8566_2020,8566,2020,2,CADLIMO|RASICA,HANSWIN,2020_8566_33,-0.78,same_block_check_diagnostic; pure_check_corandomization_unconfirmed; not_constituent_baseline
2020_8566_47,CH_8566_2020,8566,2020,2,CADLIMO|RASICA,MONTALBANO,2020_8566_42,0.17,same_block_check_diagnostic; pure_check_corandomization_unconfirmed; not_constituent_baseline
2020_8566_69,CH_8566_2020,8566,2020,3,CADLIMO|RASICA,HANSWIN,2020_8566_75,-0.13,same_block_check_diagnostic; pure_check_corandomization_unconfirmed; not_constituent_baseline
2020_8566_69,CH_8566_2020,8566,2020,3,CADLIMO|RASICA,MONTALBANO,2020_8566_71,-2.08,same_block_check_diagnostic; pure_check_corandomization_unconfirmed; not_constituent_baseline
2019_1260_14,CH_1260_2019,1260,2019,1,PIZNAIR|RASICA,HANSWIN,2019_1260_12,-0.71,same_block_check_diagnostic; pure_check_corandomization_unconfirmed; not_constituent_baseline
2019_1260_14,CH_1260_2019,1260,2019,1,PIZNAIR|RASICA,MONTALBANO,2019_1260_25,-0.34,same_block_check_diagnostic; pure_check_corandomization_unconfirmed; not_constituent_baseline
2019_1260_32,CH_1260_2019,1260,2019,2,PIZNAIR|RASICA,HANSWIN,2019_1260_27,-0.43,same_block_check_diagnostic; pure_check_corandomization_unconfirmed; not_constituent_baseline
2019_1260_32,CH_1260_2019,1260,2019,2,PIZNAIR|RASICA,MONTALBANO,2019_1260_41,-0.43,same_block_check_diagnostic; pure_check_corandomization_unconfirmed; not_constituent_baseline
2019_1260_73,CH_1260_2019,1260,2019,3,PIZNAIR|RASICA,HANSWIN,2019_1260_75,-2.03,same_block_check_diagnostic; pure_check_corandomization_unconfirmed; not_constituent_baseline
2019_1260_73,CH_1260_2019,1260,2019,3,PIZNAIR|RASICA,MONTALBANO,2019_1260_64,-0.37,same_block_check_diagnostic; pure_check_corandomization_unconfirmed; not_constituent_baseline
2019_1567_5,CH_1567_2019,1567,2019,1,PIZNAIR|RASICA,HANSWIN,2019_1567_6,-0.05,same_block_check_diagnostic; pure_check_corandomization_unconfirmed; not_constituent_baseline
2019_1567_5,CH_1567_2019,1567,2019,1,PIZNAIR|RASICA,MONTALBANO,2019_1567_20,0.1,same_block_check_diagnostic; pure_check_corandomization_unconfirmed; not_constituent_baseline
2019_1567_33,CH_1567_2019,1567,2019,2,PIZNAIR|RASICA,HANSWIN,2019_1567_40,0.33,same_block_check_diagnostic; pure_check_corandomization_unconfirmed; not_constituent_baseline
2019_1567_33,CH_1567_2019,1567,2019,2,PIZNAIR|RASICA,MONTALBANO,2019_1567_31,0.38,same_block_check_diagnostic; pure_check_corandomization_unconfirmed; not_constituent_baseline
2019_1567_61,CH_1567_2019,1567,2019,3,PIZNAIR|RASICA,HANSWIN,2019_1567_62,0.03,same_block_check_diagnostic; pure_check_corandomization_unconfirmed; not_constituent_baseline
2019_1567_61,CH_1567_2019,1567,2019,3,PIZNAIR|RASICA,MONTALBANO,2019_1567_72,-0.26,same_block_check_diagnostic; pure_check_corandomization_unconfirmed; not_constituent_baseline
2019_3428_19,CH_3428_2019,3428,2019,1,PIZNAIR|RASICA,HANSWIN,2019_3428_22,0.76,same_block_check_diagnostic; pure_check_corandomization_unconfirmed; not_constituent_baseline
2019_3428_19,CH_3428_2019,3428,2019,1,PIZNAIR|RASICA,MONTALBANO,2019_3428_3,0.29,same_block_check_diagnostic; pure_check_corandomization_unconfirmed; not_constituent_baseline
2019_3428_47,CH_3428_2019,3428,2019,2,PIZNAIR|RASICA,HANSWIN,2019_3428_30,0.93,same_block_check_diagnostic; pure_check_corandomization_unconfirmed; not_constituent_baseline
2019_3428_47,CH_3428_2019,3428,2019,2,PIZNAIR|RASICA,MONTALBANO,2019_3428_41,-0.1,same_block_check_diagnostic; pure_check_corandomization_unconfirmed; not_constituent_baseline
2019_3428_63,CH_3428_2019,3428,2019,3,PIZNAIR|RASICA,HANSWIN,2019_3428_69,0.95,same_block_check_diagnostic; pure_check_corandomization_unconfirmed; not_constituent_baseline
2019_3428_63,CH_3428_2019,3428,2019,3,PIZNAIR|RASICA,MONTALBANO,2019_3428_64,0.39,same_block_check_diagnostic; pure_check_corandomization_unconfirmed; not_constituent_baseline
2019_8046_25,CH_8046_2019,8046,2019,1,PIZNAIR|RASICA,HANSWIN,2019_8046_16,-0.26,same_block_check_diagnostic; pure_check_corandomization_unconfirmed; not_constituent_baseline
2019_8046_25,CH_8046_2019,8046,2019,1,PIZNAIR|RASICA,MONTALBANO,2019_8046_22,0.62,same_block_check_diagnostic; pure_check_corandomization_unconfirmed; not_constituent_baseline
2019_8046_30,CH_8046_2019,8046,2019,2,PIZNAIR|RASICA,HANSWIN,2019_8046_34,0.04,same_block_check_diagnostic; pure_check_corandomization_unconfirmed; not_constituent_baseline
2019_8046_30,CH_8046_2019,8046,2019,2,PIZNAIR|RASICA,MONTALBANO,2019_8046_45,-0.47,same_block_check_diagnostic; pure_check_corandomization_unconfirmed; not_constituent_baseline
2019_8046_53,CH_8046_2019,8046,2019,3,PIZNAIR|RASICA,HANSWIN,2019_8046_52,-0.04,same_block_check_diagnostic; pure_check_corandomization_unconfirmed; not_constituent_baseline
2019_8046_53,CH_8046_2019,8046,2019,3,PIZNAIR|RASICA,MONTALBANO,2019_8046_59,-0.17,same_block_check_diagnostic; pure_check_corandomization_unconfirmed; not_constituent_baseline
2019_8566_11,CH_8566_2019,8566,2019,1,PIZNAIR|RASICA,HANSWIN,2019_8566_10,-0.12,same_block_check_diagnostic; pure_check_corandomization_unconfirmed; not_constituent_baseline
2019_8566_11,CH_8566_2019,8566,2019,1,PIZNAIR|RASICA,MONTALBANO,2019_8566_2,-0.16,same_block_check_diagnostic; pure_check_corandomization_unconfirmed; not_constituent_baseline
2019_8566_37,CH_8566_2019,8566,2019,2,PIZNAIR|RASICA,HANSWIN,2019_8566_41,-0.23,same_block_check_diagnostic; pure_check_corandomization_unconfirmed; not_constituent_baseline
2019_8566_37,CH_8566_2019,8566,2019,2,PIZNAIR|RASICA,MONTALBANO,2019_8566_30,0.57,same_block_check_diagnostic; pure_check_corandomization_unconfirmed; not_constituent_baseline
2019_8566_68,CH_8566_2019,8566,2019,3,PIZNAIR|RASICA,HANSWIN,2019_8566_53,-0.96,same_block_check_diagnostic; pure_check_corandomization_unconfirmed; not_constituent_baseline
2019_8566_68,CH_8566_2019,8566,2019,3,PIZNAIR|RASICA,MONTALBANO,2019_8566_59,-1.37,same_block_check_diagnostic; pure_check_corandomization_unconfirmed; not_constituent_baseline
2019_1260_17,CH_1260_2019,1260,2019,1,CAMPANILE|SCHILTHORN,HANSWIN,2019_1260_12,-0.33,same_block_check_diagnostic; pure_check_corandomization_unconfirmed; not_constituent_baseline
2019_1260_17,CH_1260_2019,1260,2019,1,CAMPANILE|SCHILTHORN,MONTALBANO,2019_1260_25,0.04,same_block_check_diagnostic; pure_check_corandomization_unconfirmed; not_constituent_baseline
2019_1260_29,CH_1260_2019,1260,2019,2,CAMPANILE|SCHILTHORN,HANSWIN,2019_1260_27,-0.61,same_block_check_diagnostic; pure_check_corandomization_unconfirmed; not_constituent_baseline
2019_1260_29,CH_1260_2019,1260,2019,2,CAMPANILE|SCHILTHORN,MONTALBANO,2019_1260_41,-0.61,same_block_check_diagnostic; pure_check_corandomization_unconfirmed; not_constituent_baseline
2019_1260_61,CH_1260_2019,1260,2019,3,CAMPANILE|SCHILTHORN,HANSWIN,2019_1260_75,-0.65,same_block_check_diagnostic; pure_check_corandomization_unconfirmed; not_constituent_baseline
2019_1260_61,CH_1260_2019,1260,2019,3,CAMPANILE|SCHILTHORN,MONTALBANO,2019_1260_64,1.01,same_block_check_diagnostic; pure_check_corandomization_unconfirmed; not_constituent_baseline
2019_1567_12,CH_1567_2019,1567,2019,1,CAMPANILE|SCHILTHORN,HANSWIN,2019_1567_6,-0.29,same_block_check_diagnostic; pure_check_corandomization_unconfirmed; not_constituent_baseline
2019_1567_12,CH_1567_2019,1567,2019,1,CAMPANILE|SCHILTHORN,MONTALBANO,2019_1567_20,-0.14,same_block_check_diagnostic; pure_check_corandomization_unconfirmed; not_constituent_baseline
2019_1567_49,CH_1567_2019,1567,2019,2,CAMPANILE|SCHILTHORN,HANSWIN,2019_1567_40,0.06,same_block_check_diagnostic; pure_check_corandomization_unconfirmed; not_constituent_baseline
2019_1567_49,CH_1567_2019,1567,2019,2,CAMPANILE|SCHILTHORN,MONTALBANO,2019_1567_31,0.11,same_block_check_diagnostic; pure_check_corandomization_unconfirmed; not_constituent_baseline
2019_1567_75,CH_1567_2019,1567,2019,3,CAMPANILE|SCHILTHORN,HANSWIN,2019_1567_62,-0.08,same_block_check_diagnostic; pure_check_corandomization_unconfirmed; not_constituent_baseline
2019_1567_75,CH_1567_2019,1567,2019,3,CAMPANILE|SCHILTHORN,MONTALBANO,2019_1567_72,-0.37,same_block_check_diagnostic; pure_check_corandomization_unconfirmed; not_constituent_baseline
2019_3428_5,CH_3428_2019,3428,2019,1,CAMPANILE|SCHILTHORN,HANSWIN,2019_3428_22,1.44,same_block_check_diagnostic; pure_check_corandomization_unconfirmed; not_constituent_baseline
2019_3428_5,CH_3428_2019,3428,2019,1,CAMPANILE|SCHILTHORN,MONTALBANO,2019_3428_3,0.97,same_block_check_diagnostic; pure_check_corandomization_unconfirmed; not_constituent_baseline
2019_3428_36,CH_3428_2019,3428,2019,2,CAMPANILE|SCHILTHORN,HANSWIN,2019_3428_30,0.97,same_block_check_diagnostic; pure_check_corandomization_unconfirmed; not_constituent_baseline
2019_3428_36,CH_3428_2019,3428,2019,2,CAMPANILE|SCHILTHORN,MONTALBANO,2019_3428_41,-0.06,same_block_check_diagnostic; pure_check_corandomization_unconfirmed; not_constituent_baseline
2019_3428_72,CH_3428_2019,3428,2019,3,CAMPANILE|SCHILTHORN,HANSWIN,2019_3428_69,0.58,same_block_check_diagnostic; pure_check_corandomization_unconfirmed; not_constituent_baseline
2019_3428_72,CH_3428_2019,3428,2019,3,CAMPANILE|SCHILTHORN,MONTALBANO,2019_3428_64,0.02,same_block_check_diagnostic; pure_check_corandomization_unconfirmed; not_constituent_baseline
2019_8046_13,CH_8046_2019,8046,2019,1,CAMPANILE|SCHILTHORN,HANSWIN,2019_8046_16,-0.56,same_block_check_diagnostic; pure_check_corandomization_unconfirmed; not_constituent_baseline
2019_8046_13,CH_8046_2019,8046,2019,1,CAMPANILE|SCHILTHORN,MONTALBANO,2019_8046_22,0.32,same_block_check_diagnostic; pure_check_corandomization_unconfirmed; not_constituent_baseline
2019_8046_37,CH_8046_2019,8046,2019,2,CAMPANILE|SCHILTHORN,HANSWIN,2019_8046_34,-0.28,same_block_check_diagnostic; pure_check_corandomization_unconfirmed; not_constituent_baseline
2019_8046_37,CH_8046_2019,8046,2019,2,CAMPANILE|SCHILTHORN,MONTALBANO,2019_8046_45,-0.79,same_block_check_diagnostic; pure_check_corandomization_unconfirmed; not_constituent_baseline
2019_8046_60,CH_8046_2019,8046,2019,3,CAMPANILE|SCHILTHORN,HANSWIN,2019_8046_52,0.74,same_block_check_diagnostic; pure_check_corandomization_unconfirmed; not_constituent_baseline
2019_8046_60,CH_8046_2019,8046,2019,3,CAMPANILE|SCHILTHORN,MONTALBANO,2019_8046_59,0.61,same_block_check_diagnostic; pure_check_corandomization_unconfirmed; not_constituent_baseline
2019_8566_18,CH_8566_2019,8566,2019,1,CAMPANILE|SCHILTHORN,HANSWIN,2019_8566_10,-0.19,same_block_check_diagnostic; pure_check_corandomization_unconfirmed; not_constituent_baseline
2019_8566_18,CH_8566_2019,8566,2019,1,CAMPANILE|SCHILTHORN,MONTALBANO,2019_8566_2,-0.23,same_block_check_diagnostic; pure_check_corandomization_unconfirmed; not_constituent_baseline
2019_8566_33,CH_8566_2019,8566,2019,2,CAMPANILE|SCHILTHORN,HANSWIN,2019_8566_41,0.64,same_block_check_diagnostic; pure_check_corandomization_unconfirmed; not_constituent_baseline
2019_8566_33,CH_8566_2019,8566,2019,2,CAMPANILE|SCHILTHORN,MONTALBANO,2019_8566_30,1.44,same_block_check_diagnostic; pure_check_corandomization_unconfirmed; not_constituent_baseline
2019_8566_51,CH_8566_2019,8566,2019,3,CAMPANILE|SCHILTHORN,HANSWIN,2019_8566_53,1.26,same_block_check_diagnostic; pure_check_corandomization_unconfirmed; not_constituent_baseline
2019_8566_51,CH_8566_2019,8566,2019,3,CAMPANILE|SCHILTHORN,MONTALBANO,2019_8566_59,0.85,same_block_check_diagnostic; pure_check_corandomization_unconfirmed; not_constituent_baseline
2020_1260_12,CH_1260_2020,1260,2020,1,CAMPANILE|SCHILTHORN,HANSWIN,2020_1260_16,-0.08,same_block_check_diagnostic; pure_check_corandomization_unconfirmed; not_constituent_baseline
2020_1260_12,CH_1260_2020,1260,2020,1,CAMPANILE|SCHILTHORN,MONTALBANO,2020_1260_7,-0.56,same_block_check_diagnostic; pure_check_corandomization_unconfirmed; not_constituent_baseline
2020_1260_34,CH_1260_2020,1260,2020,2,CAMPANILE|SCHILTHORN,HANSWIN,2020_1260_49,0.22,same_block_check_diagnostic; pure_check_corandomization_unconfirmed; not_constituent_baseline
2020_1260_34,CH_1260_2020,1260,2020,2,CAMPANILE|SCHILTHORN,MONTALBANO,2020_1260_30,-0.56,same_block_check_diagnostic; pure_check_corandomization_unconfirmed; not_constituent_baseline
2020_1260_73,CH_1260_2020,1260,2020,3,CAMPANILE|SCHILTHORN,HANSWIN,2020_1260_53,0.35,same_block_check_diagnostic; pure_check_corandomization_unconfirmed; not_constituent_baseline
2020_1260_73,CH_1260_2020,1260,2020,3,CAMPANILE|SCHILTHORN,MONTALBANO,2020_1260_66,0.84,same_block_check_diagnostic; pure_check_corandomization_unconfirmed; not_constituent_baseline
2020_1567_37,CH_1567_2020,1567,2020,2,CAMPANILE|SCHILTHORN,HANSWIN,2020_1567_34,-0.05,same_block_check_diagnostic; pure_check_corandomization_unconfirmed; not_constituent_baseline
2020_1567_37,CH_1567_2020,1567,2020,2,CAMPANILE|SCHILTHORN,MONTALBANO,2020_1567_45,0.59,same_block_check_diagnostic; pure_check_corandomization_unconfirmed; not_constituent_baseline
2020_1567_74,CH_1567_2020,1567,2020,3,CAMPANILE|SCHILTHORN,HANSWIN,2020_1567_71,-0.49,same_block_check_diagnostic; pure_check_corandomization_unconfirmed; not_constituent_baseline
2020_1567_74,CH_1567_2020,1567,2020,3,CAMPANILE|SCHILTHORN,MONTALBANO,2020_1567_62,0.87,same_block_check_diagnostic; pure_check_corandomization_unconfirmed; not_constituent_baseline
2020_3428_9,CH_3428_2020,3428,2020,1,CAMPANILE|SCHILTHORN,HANSWIN,2020_3428_24,0.2,same_block_check_diagnostic; pure_check_corandomization_unconfirmed; not_constituent_baseline
2020_3428_9,CH_3428_2020,3428,2020,1,CAMPANILE|SCHILTHORN,MONTALBANO,2020_3428_21,1.35,same_block_check_diagnostic; pure_check_corandomization_unconfirmed; not_constituent_baseline
2020_3428_26,CH_3428_2020,3428,2020,2,CAMPANILE|SCHILTHORN,HANSWIN,2020_3428_43,0.1,same_block_check_diagnostic; pure_check_corandomization_unconfirmed; not_constituent_baseline
2020_3428_26,CH_3428_2020,3428,2020,2,CAMPANILE|SCHILTHORN,MONTALBANO,2020_3428_29,1.15,same_block_check_diagnostic; pure_check_corandomization_unconfirmed; not_constituent_baseline
2020_3428_75,CH_3428_2020,3428,2020,3,CAMPANILE|SCHILTHORN,HANSWIN,2020_3428_51,0.27,same_block_check_diagnostic; pure_check_corandomization_unconfirmed; not_constituent_baseline
2020_3428_75,CH_3428_2020,3428,2020,3,CAMPANILE|SCHILTHORN,MONTALBANO,2020_3428_57,-0.87,same_block_check_diagnostic; pure_check_corandomization_unconfirmed; not_constituent_baseline
2020_8046_24,CH_8046_2020,8046,2020,1,CAMPANILE|SCHILTHORN,HANSWIN,2020_8046_11,0.73,same_block_check_diagnostic; pure_check_corandomization_unconfirmed; not_constituent_baseline
2020_8046_24,CH_8046_2020,8046,2020,1,CAMPANILE|SCHILTHORN,MONTALBANO,2020_8046_10,0.61,same_block_check_diagnostic; pure_check_corandomization_unconfirmed; not_constituent_baseline
2020_8046_31,CH_8046_2020,8046,2020,2,CAMPANILE|SCHILTHORN,HANSWIN,2020_8046_45,0.13,same_block_check_diagnostic; pure_check_corandomization_unconfirmed; not_constituent_baseline
2020_8046_31,CH_8046_2020,8046,2020,2,CAMPANILE|SCHILTHORN,MONTALBANO,2020_8046_41,0.55,same_block_check_diagnostic; pure_check_corandomization_unconfirmed; not_constituent_baseline
2020_8046_55,CH_8046_2020,8046,2020,3,CAMPANILE|SCHILTHORN,HANSWIN,2020_8046_57,-0.39,same_block_check_diagnostic; pure_check_corandomization_unconfirmed; not_constituent_baseline
2020_8046_55,CH_8046_2020,8046,2020,3,CAMPANILE|SCHILTHORN,MONTALBANO,2020_8046_54,0.53,same_block_check_diagnostic; pure_check_corandomization_unconfirmed; not_constituent_baseline
2020_8566_10,CH_8566_2020,8566,2020,1,CAMPANILE|SCHILTHORN,HANSWIN,2020_8566_14,0.24,same_block_check_diagnostic; pure_check_corandomization_unconfirmed; not_constituent_baseline
2020_8566_10,CH_8566_2020,8566,2020,1,CAMPANILE|SCHILTHORN,MONTALBANO,2020_8566_5,1.45,same_block_check_diagnostic; pure_check_corandomization_unconfirmed; not_constituent_baseline
2020_8566_41,CH_8566_2020,8566,2020,2,CAMPANILE|SCHILTHORN,HANSWIN,2020_8566_33,0.65,same_block_check_diagnostic; pure_check_corandomization_unconfirmed; not_constituent_baseline
2020_8566_41,CH_8566_2020,8566,2020,2,CAMPANILE|SCHILTHORN,MONTALBANO,2020_8566_42,1.6,same_block_check_diagnostic; pure_check_corandomization_unconfirmed; not_constituent_baseline
2020_8566_62,CH_8566_2020,8566,2020,3,CAMPANILE|SCHILTHORN,HANSWIN,2020_8566_75,1,same_block_check_diagnostic; pure_check_corandomization_unconfirmed; not_constituent_baseline
2020_8566_62,CH_8566_2020,8566,2020,3,CAMPANILE|SCHILTHORN,MONTALBANO,2020_8566_71,-0.95,same_block_check_diagnostic; pure_check_corandomization_unconfirmed; not_constituent_baseline
