domain_type,domain,scenario,period,production_weighted_change,gcm_min,gcm_max,aggregate_available_gcms,production_weighted_reference,production_weighted_future,min_effective_production_tonnes,max_effective_production_tonnes,baseline_production_tonnes,harvested_area_ha,physical_area_ha,grid_cells,calendar_eligible_cells,calendar_eligible_production_tonnes,calendar_eligible_harvested_area_ha,production_reference_year,ensemble_increasing_production_tonnes,ensemble_increasing_share_baseline_pct,ensemble_decreasing_production_tonnes,ensemble_decreasing_share_baseline_pct,ensemble_unchanged_production_tonnes,ensemble_unchanged_share_baseline_pct,ensemble_unavailable_production_tonnes,ensemble_unavailable_share_baseline_pct,all3positive_production_tonnes,all3positive_share_baseline_pct,all3negative_production_tonnes,all3negative_share_baseline_pct,mixed_sign_production_tonnes,mixed_sign_share_baseline_pct,all3zero_production_tonnes,all3zero_share_baseline_pct,nonnegative_with_zero_production_tonnes,nonnegative_with_zero_share_baseline_pct,nonpositive_with_zero_production_tonnes,nonpositive_with_zero_share_baseline_pct,unavailable_production_tonnes,unavailable_share_baseline_pct,nonunanimous_production_tonnes,nonunanimous_share_baseline_pct,complete3_production_tonnes,minimum_valid_production_time_fraction,maximum_valid_production_time_fraction,analysis_mode,metric,partition_residual_tonnes
Europe,Europe,ssp126,2031-2060,1.145432590960036,0.2347274516351282,2.9444606598130996,3,7.3765365003210936,8.5219690912811306,241764532.17238575,241795263.7752921,241844854.56171423,54405001.122625828,53769454.322135366,14941,14932,241825295.64229828,54401151.574421458,2020,232010094.77208588,95.933442616568584,9801579.1701585669,4.0528375879328005,0,0,33180.619469783691,0.013719795498612367,98120667.246223703,40.57174068228322,1459168.7399286823,0.60334909443207951,142231837.95609206,58.81119042778608,0,0,0,0,0,0,33180.619469783691,0.013719795498612367,142231837.95609206,58.81119042778608,241811673.94224444,0.99966787637688614,0.99979494793671753,primary_any_paired_year,GS65_85_lost_had3,0
Europe,Europe,ssp126,2071-2100,1.6035927605340821,-1.0523582595623995,3.4572574398682154,3,7.3764837691434231,8.980076529677504,241762605.12572443,241793591.38814172,241844854.56171423,54405001.122625828,53769454.322135366,14941,14932,241825295.64229828,54401151.574421458,2020,228909066.64330602,94.651203995283993,12901760.398925653,5.3347260260330938,0,0,34027.519482559946,0.014069978682914989,97043711.020060688,40.126431962312836,1171423.8638851196,0.48436997595340375,143595692.15828586,59.375128083050846,0,0,0,0,0,0,34027.519482559946,0.014069978682914989,143595692.15828586,59.375128083050846,241810827.04223168,0.99965990826582252,0.99978803281274931,primary_any_paired_year,GS65_85_lost_had3,0
Europe,Europe,ssp245,2031-2060,1.0002851225144835,-0.2907766702348511,3.0978950346422889,3,7.3993703375110345,8.3996554600255191,241767891.02553138,241785270.49040559,241844854.56171423,54405001.122625828,53769454.322135366,14941,14932,241825295.64229828,54401151.574421458,2020,181823962.37527642,75.182067737098947,59987633.966968603,24.804180380716303,0,0,33258.219469211486,0.013751882184751886,53256451.868144713,22.020915832449383,18715995.154269852,7.7388436434540244,169839149.31983045,70.226488641911843,0,0,0,0,0,0,33258.219469211486,0.013751882184751886,169839149.31983045,70.226488641911843,241811596.34224501,0.99968176483918858,0.99975362688027158,primary_any_paired_year,GS65_85_lost_had3,0
Europe,Europe,ssp245,2071-2100,1.7839241253210105,0.25570137851830521,4.3546590418132922,3,7.399875659296387,9.1837997846173973,241709422.22102195,241792562.85949954,241844854.56171423,54405001.122625828,53769454.322135366,14941,14932,241825295.64229828,54401151.574421458,2020,212111378.11062443,87.705557554666768,29700218.231620584,12.28069056314847,0,0,33258.219469211486,0.013751882184751886,118557175.92179897,49.021996410324881,10908206.302646007,4.5104148783378148,112346214.11780004,46.453836829152557,0,0,0,0,0,0,33258.219469211486,0.013751882184751886,112346214.11780004,46.453836829152557,241811596.34224501,0.99944000321636894,0.99978377996790768,primary_any_paired_year,GS65_85_lost_had3,-2.9802322387695312e-08
Europe,Europe,ssp585,2031-2060,1.8361214176180507,1.4872962500564788,2.4322022739233464,3,7.329478117897259,9.1655995355153106,241765720.7487129,241796333.02593186,241844854.56171423,54405001.122625828,53769454.322135366,14941,14932,241825295.64229828,54401151.574421458,2020,219613719.77913338,90.80768750574849,22198069.363111164,9.178640332596629,0,0,33065.419469676403,0.013672161654875619,131045554.65753745,54.185793985580574,9510940.641364187,3.9326619781100924,101255293.84334293,41.867871874654462,0,0,0,0,0,0,33065.419469676403,0.013672161654875619,101255293.84334293,41.867871874654462,241811789.14224455,0.99967279100006179,0.99979936916222467,primary_any_paired_year,GS65_85_lost_had3,0
Europe,Europe,ssp585,2071-2100,3.3556288844442705,1.384514408085717,5.6931557170602645,3,7.3300716394601251,10.685700523904396,241730730.15008196,241780530.73332697,241844854.56171423,54405001.122625828,53769454.322135366,14941,14932,241825295.64229828,54401151.574421458,2020,194867721.42419922,80.575508533084246,46944121.218045324,19.410841426880996,0,0,33011.919469676403,0.013650040034758063,162211513.67879817,67.072551108340761,30372938.517307125,12.558852481005141,49227390.446139269,20.354946370619338,0,0,0,0,0,0,33011.919469676403,0.013650040034758063,49227390.446139269,20.354946370619338,241811842.64224455,0.9995281089943423,0.99973402854278692,primary_any_paired_year,GS65_85_lost_had3,-2.9802322387695312e-08
country,Albania,ssp126,2031-2060,0.7992519725398316,-0.18321629725969707,2.345012479494577,3,10.260465504704364,11.059717477244197,230606.19940185547,230606.19940185547,230606.19940185547,55262.999755859375,55262.999755859375,42,42,230606.19940185547,55262.999755859375,2020,230606.19940185547,100,0,0,0,0,0,0,70028.100158691406,30.366963394882593,0,0,160578.09924316406,69.633036605117411,0,0,0,0,0,0,0,0,160578.09924316406,69.633036605117411,230606.19940185547,1,1,primary_any_paired_year,GS65_85_lost_had3,0
country,Albania,ssp126,2071-2100,1.1572736810938002,0.66176909452965249,1.9400967479119309,3,10.260465504704364,11.417739185798164,230606.19940185547,230606.19940185547,230606.19940185547,55262.999755859375,55262.999755859375,42,42,230606.19940185547,55262.999755859375,2020,230606.19940185547,100,0,0,0,0,0,0,146370.9992980957,63.472274239700248,0,0,84235.200103759766,36.527725760299752,0,0,0,0,0,0,0,0,84235.200103759766,36.527725760299752,230606.19940185547,1,1,primary_any_paired_year,GS65_85_lost_had3,0
country,Albania,ssp245,2031-2060,-0.48672963979078859,-1.8447133086674063,1.2870491366272283,3,10.570107939816197,10.083378300025409,230606.19940185547,230606.19940185547,230606.19940185547,55262.999755859375,55262.999755859375,42,42,230606.19940185547,55262.999755859375,2020,15483.400085449219,6.7142167580966774,215122.79931640625,93.285783241903317,0,0,0,0,0,0,0,0,230606.19940185547,100,0,0,0,0,0,0,0,0,230606.19940185547,100,230606.19940185547,1,1,primary_any_paired_year,GS65_85_lost_had3,0
country,Albania,ssp245,2071-2100,0.30911264791372556,-2.2860483065356583,4.0348590213331619,3,10.570107939816197,10.879220587729924,230606.19940185547,230606.19940185547,230606.19940185547,55262.999755859375,55262.999755859375,42,42,230606.19940185547,55262.999755859375,2020,147467.19967651367,63.947630228074061,83138.999725341797,36.052369771925939,0,0,0,0,0,0,0,0,230606.19940185547,100,0,0,0,0,0,0,0,0,230606.19940185547,100,230606.19940185547,1,1,primary_any_paired_year,GS65_85_lost_had3,0
country,Albania,ssp585,2031-2060,0.70459326757103335,-0.90512963948970471,2.6446793208434562,3,10.359504859179438,11.064098126750471,230606.19940185547,230606.19940185547,230606.19940185547,55262.999755859375,55262.999755859375,42,42,230606.19940185547,55262.999755859375,2020,227916.99938964844,98.833856149929076,2689.2000122070312,1.1661438500709247,0,0,0,0,18744.099884033203,8.1281855963332728,0,0,211862.09951782227,91.871814403666733,0,0,0,0,0,0,0,0,211862.09951782227,91.871814403666733,230606.19940185547,1,1,primary_any_paired_year,GS65_85_lost_had3,0
country,Albania,ssp585,2071-2100,-0.77673373129354717,-2.7454715565378041,1.5501921189521597,3,10.359504859179438,9.5827711278858914,230606.19940185547,230606.19940185547,230606.19940185547,55262.999755859375,55262.999755859375,42,42,230606.19940185547,55262.999755859375,2020,62640.400146484375,27.163363478068042,167965.79925537109,72.83663652193195,0,0,0,0,0,0,15045.299926757812,6.5242391426519291,215560.89947509766,93.475760857348078,0,0,0,0,0,0,0,0,215560.89947509766,93.475760857348078,230606.19940185547,1,1,primary_any_paired_year,GS65_85_lost_had3,0
country,Austria,ssp126,2031-2060,0.46532828088643724,-1.0576592780004976,2.6961055718452926,3,7.5967847299721853,8.0621130108586225,1590778.3057794946,1593385.915801835,1599071.5991620943,279073.20015899092,279073.20015899092,174,174,1599071.5991620943,279073.20015899092,2020,1430323.6991065741,89.447132939891915,167189.00005900115,10.455379242968693,0,0,1558.8999965190887,0.097487817139391683,23179.799926757812,1.4495786141723681,99017.20020082593,6.1921680212887562,1475315.6990379915,92.260765547399487,0,0,0,0,0,0,1558.8999965190887,0.097487817139391683,1475315.6990379915,92.260765547399487,1597512.6991655752,0.99481368227229761,0.99644438475222841,primary_any_paired_year,GS65_85_lost_had3,0
country,Austria,ssp126,2071-2100,1.0408311130303314,-0.32189857245697157,2.3569074370460821,3,7.5926968386730422,8.6335279517033729,1590778.3057794946,1592598.3057942358,1599071.5991620943,279073.20015899092,279073.20015899092,174,174,1599071.5991620943,279073.20015899092,2020,1467174.2989220023,91.751632615499801,129956.70022993535,8.1270094658695715,0,0,1940.6000101566315,0.12135791863062895,585624.29972791672,36.622769113952181,79187.200369864702,4.952073466338744,932319.49905415624,58.303799501078444,0,0,0,0,0,0,1940.6000101566315,0.12135791863062895,932319.49905415624,58.303799501078444,1597130.9991519377,0.99481368227229761,0.99595184269969494,primary_any_paired_year,GS65_85_lost_had3,0
country,Austria,ssp245,2031-2060,-0.1397863983929262,-1.1322997127827281,0.63800451802013203,3,7.5751770724183514,7.4353906740254239,1591447.8857763889,1594148.9524728053,1599071.5991620943,279073.20015899092,279073.20015899092,174,174,1599071.5991620943,279073.20015899092,2020,1013626.3998317719,63.388431159862208,583886.29933380336,36.514081022998404,0,0,1558.8999965190887,0.097487817139391683,66426.500244140625,4.15406666461638,157431.20028757304,9.8451626787734963,1373654.9986338615,85.903282839470734,0,0,0,0,0,0,1558.8999965190887,0.097487817139391683,1373654.9986338615,85.903282839470734,1597512.6991655752,0.99523241273892915,0.9969215595525126,primary_any_paired_year,GS65_85_lost_had3,0
country,Austria,ssp245,2071-2100,0.61647671894044975,-0.91259469775853874,2.5154534142740448,3,7.5754782585083698,8.1919549774488196,1591447.8857763889,1594209.6691396229,1599071.5991620943,279073.20015899092,279073.20015899092,174,174,1599071.5991620943,279073.20015899092,2020,1352658.4991838932,84.590239729895757,244854.199981682,15.312272452964859,0,0,1558.8999965190887,0.097487817139391683,404308.49990844727,25.283952270824081,109975.80022699386,6.8774781744995437,1083228.3990301341,67.741081737536987,0,0,0,0,0,0,1558.8999965190887,0.097487817139391683,1083228.3990301341,67.741081737536987,1597512.6991655752,0.99523241273892915,0.99695952950135625,primary_any_paired_year,GS65_85_lost_had3,0
country,Austria,ssp585,2031-2060,0.6052710853676343,0.4191067847382719,0.7178226079266391,3,7.6358450994745795,8.2411161848422143,1591361.9324442171,1594114.2491401467,1599071.5991620943,279073.20015899092,279073.20015899092,174,174,1599071.5991620943,279073.20015899092,2020,1369271.2991229296,85.629142549990945,228241.40004264563,14.273369632869661,0,0,1558.8999965190887,0.097487817139391683,1025580.9996495247,64.136027441605748,179540.10017346591,11.227771180949249,392391.59934258461,24.538713560305609,0,0,0,0,0,0,1558.8999965190887,0.097487817139391683,392391.59934258461,24.538713560305609,1597512.6991655752,0.99517866071668271,0.99689985737690212,primary_any_paired_year,GS65_85_lost_had3,0
country,Austria,ssp585,2071-2100,2.0726037793695933,0.19198008456071752,4.9926987264071139,3,7.6358814994378283,9.708485278807423,1591361.9324442171,1594126.9724739345,1599071.5991620943,279073.20015899092,279073.20015899092,174,174,1599071.5991620943,279073.20015899092,2020,1432384.2988228798,89.57599519455178,165128.40034269542,10.326516988308834,0,0,1558.8999965190887,0.097487817139391683,1068596.7000783682,66.826069616789368,74129.800442032516,4.6358024544289433,454786.1986451745,28.440640111642296,0,0,0,0,0,0,1558.8999965190887,0.097487817139391683,454786.1986451745,28.440640111642296,1597512.6991655752,0.99517866071668271,0.99690781407739926,primary_any_paired_year,GS65_85_lost_had3,0
country,Azerbaijan,ssp126,2031-2060,2.6438335809619811,1.1372256739736748,4.2761638504027335,3,5.7826269641029873,8.4264605450649679,198494.86632739365,198494.86632739365,198494.86632739365,70246.604604295542,70246.604604295542,18,18,198494.86632739365,70246.604604295542,2020,198494.86632739365,100,0,0,0,0,0,0,198494.86632739365,100,0,0,0,0,0,0,0,0,0,0,0,0,0,0,198494.86632739365,1,1,primary_any_paired_year,GS65_85_lost_had3,0
country,Azerbaijan,ssp126,2071-2100,2.6267537726632022,0.95440015067574346,4.6762184278083261,3,5.7826269641029873,8.4093807367661899,198494.86632739365,198494.86632739365,198494.86632739365,70246.604604295542,70246.604604295542,18,18,198494.86632739365,70246.604604295542,2020,198494.86632739365,100,0,0,0,0,0,0,197302.73210950301,99.399413073019048,0,0,1192.1342178906602,0.60058692698096117,0,0,0,0,0,0,0,0,1192.1342178906602,0.60058692698096117,198494.86632739365,1,1,primary_any_paired_year,GS65_85_lost_had3,0
country,Azerbaijan,ssp245,2031-2060,1.9481693612575741,-0.77234835377583833,5.182437626489695,3,5.8368951423425193,7.7850645036000925,198494.86632739365,198494.86632739365,198494.86632739365,70246.604604295542,70246.604604295542,18,18,198494.86632739365,70246.604604295542,2020,192587.16637622178,97.023751767248314,5907.699951171875,2.9762482327516859,0,0,0,0,774.36636932263832,0.39011909156653612,0,0,197720.49995807104,99.609880908433482,0,0,0,0,0,0,0,0,197720.49995807104,99.609880908433482,198494.86632739365,1,1,primary_any_paired_year,GS65_85_lost_had3,-2.9103830456733704e-11
country,Azerbaijan,ssp245,2071-2100,3.5603145866245538,0.96835528942588178,6.7367510932085128,3,5.8368951423425193,9.3972097289670735,198494.86632739365,198494.86632739365,198494.86632739365,70246.604604295542,70246.604604295542,18,18,198494.86632739365,70246.604604295542,2020,198494.86632739365,100,0,0,0,0,0,0,191561.26635180772,96.506912191799557,0,0,6933.5999755859375,3.4930878082004346,0,0,0,0,0,0,0,0,6933.5999755859375,3.4930878082004346,198494.86632739365,1,1,primary_any_paired_year,GS65_85_lost_had3,0
country,Azerbaijan,ssp585,2031-2060,2.7171554386285677,1.3586507325033004,3.9851261907399369,3,5.8548199057372416,8.5719753443658089,198494.86632739365,198494.86632739365,198494.86632739365,70246.604604295542,70246.604604295542,18,18,198494.86632739365,70246.604604295542,2020,198494.86632739365,100,0,0,0,0,0,0,180218.56676684678,90.792558065253786,0,0,18276.299560546875,9.2074419347462086,0,0,0,0,0,0,0,0,18276.299560546875,9.2074419347462086,198494.86632739365,1,1,primary_any_paired_year,GS65_85_lost_had3,0
country,Azerbaijan,ssp585,2071-2100,5.0217032035573306,0.42451171771065666,10.954201427070757,3,5.8548199057372416,10.876523109294572,198494.86632739365,198494.86632739365,198494.86632739365,70246.604604295542,70246.604604295542,18,18,198494.86632739365,70246.604604295542,2020,192587.16637622178,97.023751767248314,5907.699951171875,2.9762482327516859,0,0,0,0,134566.96703540147,67.793676242210353,0,0,63927.899291992188,32.206323757789647,0,0,0,0,0,0,0,0,63927.899291992188,32.206323757789647,198494.86632739365,1,1,primary_any_paired_year,GS65_85_lost_had3,0
country,Belarus,ssp126,2031-2060,0.94686733468473305,0.37516008293906139,1.8642544821433227,3,3.7189580670720992,4.6658254017568321,2532680.4978111535,2532680.4978111535,2532680.4978111535,714279.99987722933,714279.99987722933,506,506,2532680.4978111535,714279.99987722933,2020,2274127.3981450349,89.791325834838986,258553.09966611862,10.208674165161016,0,0,0,0,1614215.5983533263,63.735461292823857,35123.599677085876,1.386815261831926,883341.29978074133,34.877723445344216,0,0,0,0,0,0,0,0,883341.29978074133,34.877723445344216,2532680.4978111535,1,1,primary_any_paired_year,GS65_85_lost_had3,0
country,Belarus,ssp126,2071-2100,1.350628691211426,-0.086156190628983206,2.2527069352679789,3,3.7189580670720992,5.069586758283525,2532680.4978111535,2532680.4978111535,2532680.4978111535,714279.99987722933,714279.99987722933,506,506,2532680.4978111535,714279.99987722933,2020,2488056.4980104715,98.238072277997645,44623.999800682068,1.7619277220023593,0,0,0,0,631216.29953378439,24.92285545213095,0,0,1901464.1982773691,75.077144547869054,0,0,0,0,0,0,0,0,1901464.1982773691,75.077144547869054,2532680.4978111535,1,1,primary_any_paired_year,GS65_85_lost_had3,0
country,Belarus,ssp245,2031-2060,0.93813989139023646,0.046411580571406423,2.0995513130163834,3,3.7608441878505889,4.6989840792408257,2532680.4978111535,2532680.4978111535,2532680.4978111535,714279.99987722933,714279.99987722933,506,506,2532680.4978111535,714279.99987722933,2020,1659833.2989001349,65.536624155104874,872847.19891101867,34.463375844895126,0,0,0,0,1022219.0979463905,40.361154864572704,322363.69994208962,12.728162917536956,1188097.6999226734,46.91068221789034,0,0,0,0,0,0,0,0,1188097.6999226734,46.91068221789034,2532680.4978111535,1,1,primary_any_paired_year,GS65_85_lost_had3,0
country,Belarus,ssp245,2071-2100,1.458269229994311,0.71669586602908064,2.6922632318792172,3,3.7608441878505889,5.2191134178449001,2532680.4978111535,2532680.4978111535,2532680.4978111535,714279.99987722933,714279.99987722933,506,506,2532680.4978111535,714279.99987722933,2020,1940797.2981975153,76.630167124310859,591883.19961363822,23.369832875689134,0,0,0,0,1430556.7988806665,56.483903126233741,76232.199543237686,3.0099414280293422,1025891.4993872494,40.506155445736916,0,0,0,0,0,0,0,0,1025891.4993872494,40.506155445736916,2532680.4978111535,1,1,primary_any_paired_year,GS65_85_lost_had3,0
country,Belarus,ssp585,2031-2060,1.4978638058650162,1.2438772377029554,1.8292311855987144,3,3.6798239695790032,5.1776877754440198,2532680.4978111535,2532680.4978111535,2532680.4978111535,714279.99987722933,714279.99987722933,506,506,2532680.4978111535,714279.99987722933,2020,2228778.9980896264,88.000795995224379,303901.4997215271,11.999204004775622,0,0,0,0,1659681.3981958926,65.530626529096637,35499.199697494507,1.4016454001274292,837499.89991776645,33.067728070775935,0,0,0,0,0,0,0,0,837499.89991776645,33.067728070775935,2532680.4978111535,1,1,primary_any_paired_year,GS65_85_lost_had3,0
country,Belarus,ssp585,2071-2100,3.8303060319684779,1.8297003502798026,6.0592177709765593,3,3.6798239695790032,7.5101300015474806,2532680.4978111535,2532680.4978111535,2532680.4978111535,714279.99987722933,714279.99987722933,506,506,2532680.4978111535,714279.99987722933,2020,2532680.4978111535,100,0,0,0,0,0,0,2168949.4985071495,85.63849646181761,0,0,363730.99930400401,14.361503538182383,0,0,0,0,0,0,0,0,363730.99930400401,14.361503538182383,2532680.4978111535,1,1,primary_any_paired_year,GS65_85_lost_had3,0
country,Belgium,ssp126,2031-2060,0.59526546906267142,-1.0058849602943765,3.1681249284359643,3,9.9081046110233864,10.503370080086057,1757679.8991088867,1757679.8991088867,1757679.8991088867,202533.30075073242,202533.30075073242,64,64,1757679.8991088867,202533.30075073242,2020,1757679.8991088867,100,0,0,0,0,0,0,0,0,0,0,1757679.8991088867,100,0,0,0,0,0,0,0,0,1757679.8991088867,100,1757679.8991088867,1,1,primary_any_paired_year,GS65_85_lost_had3,0
country,Belgium,ssp126,2071-2100,1.6790684354205563,-4.5551869699670497,5.869135189365692,3,9.9081046110233864,11.587173046443944,1757679.8991088867,1757679.8991088867,1757679.8991088867,202533.30075073242,202533.30075073242,64,64,1757679.8991088867,202533.30075073242,2020,1757679.8991088867,100,0,0,0,0,0,0,0,0,0,0,1757679.8991088867,100,0,0,0,0,0,0,0,0,1757679.8991088867,100,1757679.8991088867,1,1,primary_any_paired_year,GS65_85_lost_had3,0
country,Belgium,ssp245,2031-2060,1.518389750270589,-1.996875654154052,5.1675601398458015,3,9.9807886931191145,11.499178443389702,1757679.8991088867,1757679.8991088867,1757679.8991088867,202533.30075073242,202533.30075073242,64,64,1757679.8991088867,202533.30075073242,2020,1757679.8991088867,100,0,0,0,0,0,0,0,0,0,0,1757679.8991088867,100,0,0,0,0,0,0,0,0,1757679.8991088867,100,1757679.8991088867,1,1,primary_any_paired_year,GS65_85_lost_had3,0
country,Belgium,ssp245,2071-2100,2.350590548701978,-1.3564296016679676,6.8640335359360831,3,9.9807886931191145,12.331379241821091,1757679.8991088867,1757679.8991088867,1757679.8991088867,202533.30075073242,202533.30075073242,64,64,1757679.8991088867,202533.30075073242,2020,1757679.8991088867,100,0,0,0,0,0,0,0,0,0,0,1757679.8991088867,100,0,0,0,0,0,0,0,0,1757679.8991088867,100,1757679.8991088867,1,1,primary_any_paired_year,GS65_85_lost_had3,0
country,Belgium,ssp585,2031-2060,2.6520107560805837,-0.22004034321726115,5.3536911002844363,3,9.8862597904228,12.538270546503384,1757679.8991088867,1757679.8991088867,1757679.8991088867,202533.30075073242,202533.30075073242,64,64,1757679.8991088867,202533.30075073242,2020,1757679.8991088867,100,0,0,0,0,0,0,536912.8017578125,30.546677016106173,0,0,1220767.0973510742,69.453322983893827,0,0,0,0,0,0,0,0,1220767.0973510742,69.453322983893827,1757679.8991088867,1,1,primary_any_paired_year,GS65_85_lost_had3,0
country,Belgium,ssp585,2071-2100,6.0292982742393013,0.72513859335959119,9.9340989137648457,3,9.8862597904228,15.915558064662102,1757679.8991088867,1757679.8991088867,1757679.8991088867,202533.30075073242,202533.30075073242,64,64,1757679.8991088867,202533.30075073242,2020,1757679.8991088867,100,0,0,0,0,0,0,1757679.8991088867,100,0,0,0,0,0,0,0,0,0,0,0,0,0,0,1757679.8991088867,1,1,primary_any_paired_year,GS65_85_lost_had3,0
country,Bosnia and Herzegovina,ssp126,2031-2060,0.81595830804337499,-0.42647141497055407,3.0158348198998493,3,8.8186095607100565,9.6345678687534306,300318.10028076172,300318.10028076172,300318.10028076172,68176.299964904785,68176.299964904785,60,60,300318.10028076172,68176.299964904785,2020,300318.10028076172,100,0,0,0,0,0,0,34984,11.648981519027364,0,0,265334.10028076172,88.351018480972641,0,0,0,0,0,0,0,0,265334.10028076172,88.351018480972641,300318.10028076172,1,1,primary_any_paired_year,GS65_85_lost_had3,0
country,Bosnia and Herzegovina,ssp126,2071-2100,1.9955688708789356,0.75790513591113717,2.8669009610276341,3,8.8186095607100565,10.814178431588992,300318.10028076172,300318.10028076172,300318.10028076172,68176.299964904785,68176.299964904785,60,60,300318.10028076172,68176.299964904785,2020,300318.10028076172,100,0,0,0,0,0,0,293325.60015869141,97.671635470678211,0,0,6992.5001220703125,2.3283645293217945,0,0,0,0,0,0,0,0,6992.5001220703125,2.3283645293217945,300318.10028076172,1,1,primary_any_paired_year,GS65_85_lost_had3,0
country,Bosnia and Herzegovina,ssp245,2031-2060,-0.022207750546752964,-1.4725971076791509,1.8563234474760237,3,8.9283009330785408,8.9060931825317891,300318.10028076172,300318.10028076172,300318.10028076172,68176.299964904785,68176.299964904785,60,60,300318.10028076172,68176.299964904785,2020,89953.099975585938,29.952606882998555,210365.00030517578,70.047393117001448,0,0,0,0,0,0,0,0,300318.10028076172,100,0,0,0,0,0,0,0,0,300318.10028076172,100,300318.10028076172,1,1,primary_any_paired_year,GS65_85_lost_had3,0
country,Bosnia and Herzegovina,ssp245,2071-2100,1.0483967611584786,-1.0292839440912616,4.0160715269914693,3,8.9283009330785408,9.9766976942370196,300318.10028076172,300318.10028076172,300318.10028076172,68176.299964904785,68176.299964904785,60,60,300318.10028076172,68176.299964904785,2020,299384.00030517578,99.688963144508222,934.0999755859375,0.31103685549178189,0,0,0,0,24289.400024414062,8.0878908070164144,0,0,276028.70025634766,91.912109192983593,0,0,0,0,0,0,0,0,276028.70025634766,91.912109192983593,300318.10028076172,1,1,primary_any_paired_year,GS65_85_lost_had3,0
country,Bosnia and Herzegovina,ssp585,2031-2060,1.2287675827158884,0.27990617480654739,1.9683532950659315,3,8.8204106132359943,10.049178195951884,300318.10028076172,300318.10028076172,300318.10028076172,68176.299964904785,68176.299964904785,60,60,300318.10028076172,68176.299964904785,2020,300318.10028076172,100,0,0,0,0,0,0,135381.50054931641,45.079367651417215,0,0,164936.59973144531,54.920632348582785,0,0,0,0,0,0,0,0,164936.59973144531,54.920632348582785,300318.10028076172,1,1,primary_any_paired_year,GS65_85_lost_had3,0
country,Bosnia and Herzegovina,ssp585,2071-2100,1.9997348403713666,0.56677294400332323,4.319460314772857,3,8.8204106132359943,10.820145453607362,300318.10028076172,300318.10028076172,300318.10028076172,68176.299964904785,68176.299964904785,60,60,300318.10028076172,68176.299964904785,2020,299384.00030517578,99.688963144508222,934.0999755859375,0.31103685549178189,0,0,0,0,279985.30004882812,93.229578832269908,0,0,20332.800231933594,6.7704211677300981,0,0,0,0,0,0,0,0,20332.800231933594,6.7704211677300981,300318.10028076172,1,1,primary_any_paired_year,GS65_85_lost_had3,0
country,Bulgaria,ssp126,2031-2060,0.80205180185735303,-0.53790672754232816,1.6151747488266852,3,7.2023350198451652,8.0043868217025178,6170185.7108430862,6170185.7108430862,6170185.7108430862,1201683.1011776328,1201683.1011776328,223,223,6170185.7108430862,1201683.1011776328,2020,6170185.7108430862,100,0,0,0,0,0,0,1340876.3993881345,21.731540381868324,0,0,4829309.3114549518,78.268459618131672,0,0,0,0,0,0,0,0,4829309.3114549518,78.268459618131672,6170185.7108430862,1,1,primary_any_paired_year,GS65_85_lost_had3,0
country,Bulgaria,ssp126,2071-2100,0.39904827243111624,-1.2449839400923082,2.2207926120406341,3,7.2023350198451652,7.6013832922762816,6170185.7108430862,6170185.7108430862,6170185.7108430862,1201683.1011776328,1201683.1011776328,223,223,6170185.7108430862,1201683.1011776328,2020,5939174.9100122452,96.25601543200105,231010.80083084106,3.7439845679989436,0,0,0,0,46048.500673294067,0.74630655917489486,0,0,6124137.2101697922,99.253693440825103,0,0,0,0,0,0,0,0,6124137.2101697922,99.253693440825103,6170185.7108430862,1,1,primary_any_paired_year,GS65_85_lost_had3,0
country,Bulgaria,ssp245,2031-2060,-0.87904117118106495,-2.7027810147239668,0.41715925317037633,3,7.3735699658187031,6.4945287946376382,6170185.7108430862,6170185.7108430862,6170185.7108430862,1201683.1011776328,1201683.1011776328,223,223,6170185.7108430862,1201683.1011776328,2020,34033.699988186359,0.55158307355932146,6136152.0108548999,99.448416926440672,0,0,0,0,0,0,1051071.8983802795,17.034688219078944,5119113.8124628067,82.965311780921056,0,0,0,0,0,0,0,0,5119113.8124628067,82.965311780921056,6170185.7108430862,1,1,primary_any_paired_year,GS65_85_lost_had3,0
country,Bulgaria,ssp245,2071-2100,-0.19182525560440919,-1.2157276859836808,1.2810900308047293,3,7.3735699658187031,7.1817447102142937,6170185.7108430862,6170185.7108430862,6170185.7108430862,1201683.1011776328,1201683.1011776328,223,223,6170185.7108430862,1201683.1011776328,2020,1783260.1041814312,28.901238759275024,4386925.606661655,71.098761240724969,0,0,0,0,105467.90057563782,1.709314849151061,0,0,6064717.8102674484,98.290685150848944,0,0,0,0,0,0,0,0,6064717.8102674484,98.290685150848944,6170185.7108430862,1,1,primary_any_paired_year,GS65_85_lost_had3,0
country,Bulgaria,ssp585,2031-2060,0.56241038983919578,-0.6357576853835567,2.8870173019017553,3,7.1318572875183124,7.6942676773575078,6170185.7108430862,6170185.7108430862,6170185.7108430862,1201683.1011776328,1201683.1011776328,223,223,6170185.7108430862,1201683.1011776328,2020,5822299.4100332186,94.36181798874361,347886.30080986768,5.638182011256399,0,0,0,0,14833.2001953125,0.24040119520625758,0,0,6155352.5106477737,99.75959880479374,0,0,0,0,0,0,0,0,6155352.5106477737,99.75959880479374,6170185.7108430862,1,1,primary_any_paired_year,GS65_85_lost_had3,0
country,Bulgaria,ssp585,2071-2100,-1.4168342503463347,-2.0047403807379856,-0.69182795694596244,3,7.1318572875183124,5.715023037171977,6170185.7108430862,6170185.7108430862,6170185.7108430862,1201683.1011776328,1201683.1011776328,223,223,6170185.7108430862,1201683.1011776328,2020,151262.00087356567,2.4514983496809113,6018923.7099695206,97.548501650319082,0,0,0,0,14833.2001953125,0.24040119520625758,4691413.6075414047,76.033588410426887,1463938.9031063691,23.726010394366856,0,0,0,0,0,0,0,0,1463938.9031063691,23.726010394366856,6170185.7108430862,1,1,primary_any_paired_year,GS65_85_lost_had3,0
country,Croatia,ssp126,2031-2060,0.85833481936272682,-0.50247888189061174,2.8980189613650351,3,7.1184351670155301,7.9767699863782573,885910.00044895709,885910.00044895709,885910.00044895709,146127.19993783534,146127.19993783534,140,140,885910.00044895709,146127.19993783534,2020,885910.00044895709,100,0,0,0,0,0,0,116962.60042476654,13.202537545065843,0,0,768947.40002419055,86.797462454934163,0,0,0,0,0,0,0,0,768947.40002419055,86.797462454934163,885910.00044895709,1,1,primary_any_paired_year,GS65_85_lost_had3,0
country,Croatia,ssp126,2071-2100,1.8296381708187264,0.75403496698618444,2.5293320221300775,3,7.1184351670155301,8.9480733378342574,885910.00044895709,885910.00044895709,885910.00044895709,146127.19993783534,146127.19993783534,140,140,885910.00044895709,146127.19993783534,2020,885910.00044895709,100,0,0,0,0,0,0,855562.4003675729,96.574415000846045,0,0,30347.600081384182,3.4255849991539518,0,0,0,0,0,0,0,0,30347.600081384182,3.4255849991539518,885910.00044895709,1,1,primary_any_paired_year,GS65_85_lost_had3,0
country,Croatia,ssp245,2031-2060,0.094421214038266046,-1.338064416624934,1.6975556341784486,3,7.2719413784713645,7.3663625925096312,885910.00044895709,885910.00044895709,885910.00044895709,146127.19993783534,146127.19993783534,140,140,885910.00044895709,146127.19993783534,2020,551523.40055634081,62.255014648987199,334386.59989261627,37.744985351012801,0,0,0,0,0,0,0,0,885910.00044895709,100,0,0,0,0,0,0,0,0,885910.00044895709,100,885910.00044895709,1,1,primary_any_paired_year,GS65_85_lost_had3,0
country,Croatia,ssp245,2071-2100,0.94602350347947262,-1.001115372221745,3.429794196721609,3,7.2719413784713645,8.217964881950838,885910.00044895709,885910.00044895709,885910.00044895709,146127.19993783534,146127.19993783534,140,140,885910.00044895709,146127.19993783534,2020,879871.9004560262,99.318429638465432,6038.0999929308891,0.6815703615345724,0,0,0,0,39136.30023765564,4.4176383851432242,0,0,846773.70021130145,95.582361614856779,0,0,0,0,0,0,0,0,846773.70021130145,95.582361614856779,885910.00044895709,1,1,primary_any_paired_year,GS65_85_lost_had3,0
country,Croatia,ssp585,2031-2060,1.1544887111929543,0.43100855886083278,1.7719412243506014,3,7.1494581640600048,8.3039468752529597,885910.00044895709,885910.00044895709,885910.00044895709,146127.19993783534,146127.19993783534,140,140,885910.00044895709,146127.19993783534,2020,885739.00044704974,99.980697813342132,171.00000190734863,0.019302186657864807,0,0,0,0,642833.40116454661,72.561930764837811,148.30000114440918,0.01673984954106562,242928.29928326607,27.421329385621121,0,0,0,0,0,0,0,0,242928.29928326607,27.421329385621121,885910.00044895709,1,1,primary_any_paired_year,GS65_85_lost_had3,0
country,Croatia,ssp585,2071-2100,2.00914639113509,0.6515213433927679,4.0207560472503179,3,7.1494581640600048,9.1586045551950956,885910.00044895709,885910.00044895709,885910.00044895709,146127.19993783534,146127.19993783534,140,140,885910.00044895709,146127.19993783534,2020,877744.5004068166,99.078292373039872,8165.5000421404839,0.92170762696012143,0,0,0,0,837708.10028029978,94.55905225765261,171.7000018954277,0.019381201454822094,48030.200166761875,5.4215665408925702,0,0,0,0,0,0,0,0,48030.200166761875,5.4215665408925702,885910.00044895709,1,1,primary_any_paired_year,GS65_85_lost_had3,0
country,Czechia,ssp126,2031-2060,1.0334547108754231,-0.2268510637004898,3.3970432193748712,3,5.0147283472206894,6.0481830580961118,4891832.3990064859,4891832.3990064859,4891832.3990064859,807601.70033589005,807601.70033589005,186,186,4891832.3990064859,807601.70033589005,2020,4788253.9988180399,97.882625737351873,103578.40018844604,2.1173742626481329,0,0,0,0,1022191.9969444275,20.895891632592136,0,0,3869640.4020620584,79.104108367407861,0,0,0,0,0,0,0,0,3869640.4020620584,79.104108367407861,4891832.3990064859,1,1,primary_any_paired_year,GS65_85_lost_had3,0
country,Czechia,ssp126,2071-2100,2.1516698327447941,-0.04789095657866476,4.0593809284174851,3,5.0147283472206894,7.1663981799654826,4891832.3990064859,4891832.3990064859,4891832.3990064859,807601.70033589005,807601.70033589005,186,186,4891832.3990064859,807601.70033589005,2020,4891832.3990064859,100,0,0,0,0,0,0,2443551.4981431961,49.951660213041492,0,0,2448280.9008632898,50.048339786958508,0,0,0,0,0,0,0,0,2448280.9008632898,50.048339786958508,4891832.3990064859,1,1,primary_any_paired_year,GS65_85_lost_had3,0
country,Czechia,ssp245,2031-2060,1.0517993574996962,0.36544033289468403,2.166142263873581,3,5.0009020624036618,6.0527014199033573,4891832.3990064859,4891832.3990064859,4891832.3990064859,807601.70033589005,807601.70033589005,186,186,4891832.3990064859,807601.70033589005,2020,4815562.5995260477,98.440874640432725,76269.799480438232,1.5591253595672729,0,0,0,0,3271087.0979276896,66.868339532483489,0,0,1620745.3010787964,33.131660467516511,0,0,0,0,0,0,0,0,1620745.3010787964,33.131660467516511,4891832.3990064859,1,1,primary_any_paired_year,GS65_85_lost_had3,0
country,Czechia,ssp245,2071-2100,1.9085496908814719,0.65886792966684771,4.0429818902029169,3,5.0009020624036618,6.9094517532851327,4891832.3990064859,4891832.3990064859,4891832.3990064859,807601.70033589005,807601.70033589005,186,186,4891832.3990064859,807601.70033589005,2020,4891832.3990064859,100,0,0,0,0,0,0,3119037.6984884739,63.760109588422111,0,0,1772794.700518012,36.239890411577889,0,0,0,0,0,0,0,0,1772794.700518012,36.239890411577889,4891832.3990064859,1,1,primary_any_paired_year,GS65_85_lost_had3,0
country,Czechia,ssp585,2031-2060,1.8026362364214679,1.2103873322796617,2.4931541039138096,3,5.0201759438189226,6.8228121802403905,4891832.3990064859,4891832.3990064859,4891832.3990064859,807601.70033589005,807601.70033589005,186,186,4891832.3990064859,807601.70033589005,2020,4891832.3990064859,100,0,0,0,0,0,0,4225364.1999593973,86.37589874946562,0,0,666468.19904708862,13.62410125053438,0,0,0,0,0,0,0,0,666468.19904708862,13.62410125053438,4891832.3990064859,1,1,primary_any_paired_year,GS65_85_lost_had3,0
country,Czechia,ssp585,2071-2100,4.2909782160109442,1.7146005193761304,7.8852367810691382,3,5.0201759438189226,9.3111541598298668,4891832.3990064859,4891832.3990064859,4891832.3990064859,807601.70033589005,807601.70033589005,186,186,4891832.3990064859,807601.70033589005,2020,4891832.3990064859,100,0,0,0,0,0,0,4545093.0000082254,92.911870834563302,0,0,346739.3989982605,7.0881291654366994,0,0,0,0,0,0,0,0,346739.3989982605,7.0881291654366994,4891832.3990064859,1,1,primary_any_paired_year,GS65_85_lost_had3,0
country,Denmark,ssp126,2031-2060,2.1266975381320128,-0.58948626569813467,5.736574712113474,3,7.671617084734808,9.7983146228668208,4253196.0939025879,4253196.0939025879,4253196.0939025879,537899.20022583008,537899.20022583008,144,144,4253196.0939025879,537899.20022583008,2020,4253196.0939025879,100,0,0,0,0,0,0,132190.00024414062,3.1080156504810383,0,0,4121006.0936584473,96.891984349518964,0,0,0,0,0,0,0,0,4121006.0936584473,96.891984349518964,4253196.0939025879,1,1,primary_any_paired_year,GS65_85_lost_had3,0
country,Denmark,ssp126,2071-2100,3.4591563045130425,-3.6927942784038215,9.5284260399241667,3,7.671617084734808,11.13077338924785,4253196.0939025879,4253196.0939025879,4253196.0939025879,537899.20022583008,537899.20022583008,144,144,4253196.0939025879,537899.20022583008,2020,4253196.0939025879,100,0,0,0,0,0,0,0,0,0,0,4253196.0939025879,100,0,0,0,0,0,0,0,0,4253196.0939025879,100,4253196.0939025879,1,1,primary_any_paired_year,GS65_85_lost_had3,0
country,Denmark,ssp245,2031-2060,4.1633030094859897,-0.4608927864717402,9.089831651795965,3,7.3916482185132786,11.554951227999268,4253196.0939025879,4253196.0939025879,4253196.0939025879,537899.20022583008,537899.20022583008,144,144,4253196.0939025879,537899.20022583008,2020,4253196.0939025879,100,0,0,0,0,0,0,292155.99966430664,6.8690931058444153,0,0,3961040.0942382812,93.130906894155586,0,0,0,0,0,0,0,0,3961040.0942382812,93.130906894155586,4253196.0939025879,1,1,primary_any_paired_year,GS65_85_lost_had3,0
country,Denmark,ssp245,2071-2100,4.1574211999902877,-0.21612238965124347,9.3059942749648563,3,7.3916482185132786,11.549069418503569,4253196.0939025879,4253196.0939025879,4253196.0939025879,537899.20022583008,537899.20022583008,144,144,4253196.0939025879,537899.20022583008,2020,4253196.0939025879,100,0,0,0,0,0,0,1377822.8997497559,32.395000590850081,0,0,2875373.194152832,67.604999409149926,0,0,0,0,0,0,0,0,2875373.194152832,67.604999409149926,4253196.0939025879,1,1,primary_any_paired_year,GS65_85_lost_had3,0
country,Denmark,ssp585,2031-2060,4.3373482707598887,1.9322230690679889,7.8342494416836637,3,7.3314766727171401,11.668824943477027,4253196.0939025879,4253196.0939025879,4253196.0939025879,537899.20022583008,537899.20022583008,144,144,4253196.0939025879,537899.20022583008,2020,4253196.0939025879,100,0,0,0,0,0,0,4253196.0939025879,100,0,0,0,0,0,0,0,0,0,0,0,0,0,0,4253196.0939025879,1,1,primary_any_paired_year,GS65_85_lost_had3,0
country,Denmark,ssp585,2071-2100,10.078900165449948,3.7775546677605298,16.076261617797975,3,7.3314766727171401,17.410376838167089,4253196.0939025879,4253196.0939025879,4253196.0939025879,537899.20022583008,537899.20022583008,144,144,4253196.0939025879,537899.20022583008,2020,4253196.0939025879,100,0,0,0,0,0,0,4253196.0939025879,100,0,0,0,0,0,0,0,0,0,0,0,0,0,0,4253196.0939025879,1,1,primary_any_paired_year,GS65_85_lost_had3,0
country,Estonia,ssp126,2031-2060,2.5997613400482034,0.78719715706183835,5.9318894748200188,3,5.1908788778116133,7.7906402178598171,807789.69866943359,807789.69866943359,807789.69866943359,171673.50030517578,171673.50030517578,81,81,807789.69866943359,171673.50030517578,2020,807789.69866943359,100,0,0,0,0,0,0,807789.69866943359,100,0,0,0,0,0,0,0,0,0,0,0,0,0,0,807789.69866943359,1,1,primary_any_paired_year,GS65_85_lost_had3,0
country,Estonia,ssp126,2071-2100,3.4317698064153537,-0.6480345267126385,8.168753692648302,3,5.1908788778116133,8.6226486842269665,807789.69866943359,807789.69866943359,807789.69866943359,171673.50030517578,171673.50030517578,81,81,807789.69866943359,171673.50030517578,2020,807789.69866943359,100,0,0,0,0,0,0,46173.7998046875,5.7160669269171871,0,0,761615.89886474609,94.283933073082807,0,0,0,0,0,0,0,0,761615.89886474609,94.283933073082807,807789.69866943359,1,1,primary_any_paired_year,GS65_85_lost_had3,0
country,Estonia,ssp245,2031-2060,4.8376896647807586,1.8465240067013748,10.185092346782392,3,5.1223620365277531,9.9600517013085117,807789.69866943359,807789.69866943359,807789.69866943359,171673.50030517578,171673.50030517578,81,81,807789.69866943359,171673.50030517578,2020,807789.69866943359,100,0,0,0,0,0,0,807789.69866943359,100,0,0,0,0,0,0,0,0,0,0,0,0,0,0,807789.69866943359,1,1,primary_any_paired_year,GS65_85_lost_had3,0
country,Estonia,ssp245,2071-2100,4.8357789920354781,2.7192505396890008,8.8921051660545878,3,5.1223620365277531,9.9581410285632312,807789.69866943359,807789.69866943359,807789.69866943359,171673.50030517578,171673.50030517578,81,81,807789.69866943359,171673.50030517578,2020,807789.69866943359,100,0,0,0,0,0,0,807789.69866943359,100,0,0,0,0,0,0,0,0,0,0,0,0,0,0,807789.69866943359,1,1,primary_any_paired_year,GS65_85_lost_had3,0
country,Estonia,ssp585,2031-2060,4.3368454660438465,2.574008956241538,7.248407871670449,3,5.2753254610376468,9.6121709270814932,807789.69866943359,807789.69866943359,807789.69866943359,171673.50030517578,171673.50030517578,81,81,807789.69866943359,171673.50030517578,2020,807789.69866943359,100,0,0,0,0,0,0,807789.69866943359,100,0,0,0,0,0,0,0,0,0,0,0,0,0,0,807789.69866943359,1,1,primary_any_paired_year,GS65_85_lost_had3,0
country,Estonia,ssp585,2071-2100,10.899142827958805,6.8380315837571626,18.027829080631285,3,5.2753254610376468,16.174468288996454,807789.69866943359,807789.69866943359,807789.69866943359,171673.50030517578,171673.50030517578,81,81,807789.69866943359,171673.50030517578,2020,807789.69866943359,100,0,0,0,0,0,0,807789.69866943359,100,0,0,0,0,0,0,0,0,0,0,0,0,0,0,807789.69866943359,1,1,primary_any_paired_year,GS65_85_lost_had3,0
country,Finland,ssp126,2031-2060,0.66210033706323512,-0.22581626976812361,2.0817564327889988,3,3.0834768013774316,3.7455771384406673,740513.62631637871,761976.15631308826,762644.89964725822,202933.20003872365,202933.20003872365,785,785,762644.89964725822,202933.20003872365,2020,480271.09951235354,62.974406533694854,282373.80013490468,37.025593466305146,0,0,0,0,198917.59990236908,26.082597548921299,151663.30015820265,19.886489797329084,412063.99958668649,54.030912653749617,0,0,0,0,0,0,0,0,412063.99958668649,54.030912653749617,762644.89964725822,0.97098089380638908,0.99912312619611132,primary_any_paired_year,GS65_85_lost_had3,0
country,Finland,ssp126,2071-2100,0.82884174075046735,-0.72533063868532022,2.2981688411743164,3,3.0833958191116779,3.9122375598621453,740354.17631663708,762023.98631308274,762644.89964725822,202933.20003872365,202933.20003872365,785,785,762644.89964725822,202933.20003872365,2020,489273.49949020147,64.154824836106869,273369.60015705973,35.844939143171324,0,0,1.7999999970197678,0.00023602072181329889,4172.8999916091561,0.54716159428053912,98728.599900491536,12.945553028172863,659741.59975516051,86.50704935682478,0,0,0,0,0,0,1.7999999970197678,0.00023602072181329889,659741.59975516051,86.50704935682478,762643.0996472612,0.97077181878364216,0.99918584214689865,primary_any_paired_year,GS65_85_lost_had3,0
country,Finland,ssp245,2031-2060,1.125147185490057,-0.093041300484820649,3.3112588352900278,3,3.0214516444212802,4.1465988299113379,742983.04964996676,762184.75298131409,762644.89964725822,202933.20003872365,202933.20003872365,785,785,762644.89964725822,202933.20003872365,2020,483514.99938282371,63.399755194909339,279129.90026443452,36.600244805090661,0,0,0,0,285383.99966760725,37.420298726131165,139216.00027094781,18.254367181284316,338044.89970870316,44.325334092584519,0,0,0,0,0,0,0,0,338044.89970870316,44.325334092584519,762644.89964725822,0.97421886646539491,0.99939664361991154,primary_any_paired_year,GS65_85_lost_had3,0
country,Finland,ssp245,2071-2100,1.6102330952089094,0.60317182668509872,3.5071385107450244,3,3.0217266178350441,4.6319597130439538,742983.04631663335,762251.89298137627,762644.89964725822,202933.20003872365,202933.20003872365,785,785,762644.89964725822,202933.20003872365,2020,554831.39956272393,72.750948681273144,207813.50008453429,27.249051318726853,0,0,0,0,425738.29955886304,55.823922739898656,61747.199971295893,8.0964548507248217,275159.40011709929,36.079622409376526,0,0,0,0,0,0,0,0,275159.40011709929,36.079622409376526,762644.89964725822,0.9742188620946407,0.99948467934937513,primary_any_paired_year,GS65_85_lost_had3,0
country,Finland,ssp585,2031-2060,1.053004504953899,0.4919550559952236,1.695707496257469,3,3.0306701667041485,4.0836746716580477,741075.24632111064,761945.96297973872,762644.89964725822,202933.20003872365,202933.20003872365,785,785,762644.89964725822,202933.20003872365,2020,498588.89950636774,65.376284524682092,264056.00014089048,34.623715475317908,0,0,0,0,418742.49962316453,54.906615099221554,230837.00008696318,30.267953039970621,113065.39993713051,14.825431860807829,0,0,0,0,0,0,0,0,113065.39993713051,14.825431860807829,762644.89964725822,0.97171730469039508,0.9990835359053174,primary_any_paired_year,GS65_85_lost_had3,0
country,Finland,ssp585,2071-2100,5.916514954083766,3.0803594066255653,11.296078208620816,3,3.0248141217338849,8.9413290758176522,741075.24632111064,761945.96297973872,762644.89964725822,202933.20003872365,202933.20003872365,785,785,762644.89964725822,202933.20003872365,2020,721165.19966609031,94.561072918686889,41479.699981167912,5.4389270813131096,0,0,0,0,677201.89961874485,88.796489681104163,20753.499962806702,2.7212533608243756,64689.50006570667,8.48225695807146,0,0,0,0,0,0,0,0,64689.50006570667,8.48225695807146,762644.89964725822,0.97171730469039508,0.9990835359053174,primary_any_paired_year,GS65_85_lost_had3,0
country,France,ssp126,2031-2060,0.66553216160601969,-1.7448827857937368,3.7853805238498381,3,12.74685945565219,13.41239161725821,35761583.025048874,35762029.061722271,35769343.705079265,5011109.1996791959,5011109.1996791959,1111,1111,35769343.705079265,5011109.1996791959,2020,32032789.61044088,89.553752717839785,3733788.5946447626,10.438515801212652,0,0,2765.499993622303,0.0077314809475511866,1223374.800474897,3.4201768155482739,23597.000132478774,0.065969899607433921,34519606.404478267,96.506121803896747,0,0,0,0,0,0,2765.499993622303,0.0077314809475511866,34519606.404478267,96.506121803896747,35766578.205085643,0.99978303543687075,0.9997955052399814,primary_any_paired_year,GS65_85_lost_had3,0
country,France,ssp126,2071-2100,1.2641308035241987,-5.1172431718171332,5.5426209304365575,3,12.746852523306993,14.010983326831195,35761364.608385906,35762029.061722271,35769343.705079265,5011109.1996791959,5011109.1996791959,1111,1111,35769343.705079265,5011109.1996791959,2020,34401594.507508934,96.176197112120605,1364968.6975767091,3.816029471580388,0,0,2780.499993622303,0.0077734162990177273,404882.99980840087,1.1319273933195126,20724.100050412118,0.057938161296119298,35340956.10522683,98.802361029085361,0,0,0,0,0,0,2780.499993622303,0.0077734162990177273,35340956.10522683,98.802361029085361,35766563.205085643,0.9997769291838523,0.9997955052399814,primary_any_paired_year,GS65_85_lost_had3,0
country,France,ssp245,2031-2060,1.0092417177258131,-2.4099247548232916,4.4624321481483333,3,12.620744296701076,13.629986014426889,35761759.715046912,35762387.561722293,35769343.705079265,5011109.1996791959,5011109.1996791959,1111,1111,35769343.705079265,5011109.1996791959,2020,32160359.911572605,89.910399745483218,3606218.2935130373,10.081868773569228,0,0,2765.499993622303,0.0077314809475511866,648153.39964357018,1.8120360412190959,41907.700047172606,0.1171609420421703,35076517.1053949,98.063071535791181,0,0,0,0,0,0,2765.499993622303,0.0077314809475511866,35076517.1053949,98.063071535791181,35766578.205085643,0.99978797514164974,0.99980552778898246,primary_any_paired_year,GS65_85_lost_had3,0
country,France,ssp245,2071-2100,1.8227587199872015,-1.5870009278293906,6.1025192042591634,3,12.620744296701076,14.443503016688277,35761759.715046912,35762387.561722293,35769343.705079265,5011109.1996791959,5011109.1996791959,1111,1111,35769343.705079265,5011109.1996791959,2020,33474804.607589781,93.585179766203922,2291773.5974958614,6.4070887528485132,0,0,2765.499993622303,0.0077314809475511866,1692165.603926003,4.730770622681888,21869.600103512406,0.061140624451566081,34052543.001056127,95.200357271918989,0,0,0,0,0,0,2765.499993622303,0.0077314809475511866,34052543.001056127,95.200357271918989,35766578.205085643,0.99978797514164974,0.99980552778898246,primary_any_paired_year,GS65_85_lost_had3,0
country,France,ssp585,2031-2060,1.9359136623249882,-0.65497099292849381,4.3585670304276336,3,12.588978675130383,14.52489233745537,35761575.695048958,35762233.608393267,35769343.705079265,5011109.1996791959,5011109.1996791959,1111,1111,35769343.705079265,5011109.1996791959,2020,33586061.408126175,93.89621930177303,2180516.7969594672,6.0960492172794121,0,0,2765.499993622303,0.0077314809475511866,13048401.393049359,36.479286566268421,431843.39968904853,1.2073003162977423,22286333.412347235,62.305681636486291,0,0,0,0,0,0,2765.499993622303,0.0077314809475511866,22286333.412347235,62.305681636486291,35766578.205085643,0.99978283051278893,0.99980122373100777,primary_any_paired_year,GS65_85_lost_had3,0
country,France,ssp585,2071-2100,4.1368623717809898,0.6913006819268307,7.1908909187045538,3,12.588977206386927,16.725839578167918,35761575.695048958,35762233.608393267,35769343.705079265,5011109.1996791959,5011109.1996791959,1111,1111,35769343.705079265,5011109.1996791959,2020,34386434.207242012,96.133813610785154,1380143.9978436306,3.8584549082672979,0,0,2765.499993622303,0.0077314809475511866,26148759.908188164,73.10382914427089,268331.59931834042,0.75017199513290822,9349486.697579138,26.138267379648642,0,0,0,0,0,0,2765.499993622303,0.0077314809475511866,9349486.697579138,26.138267379648642,35766578.205085643,0.99978283051278893,0.99980122373100777,primary_any_paired_year,GS65_85_lost_had3,0
country,Georgia,ssp126,2031-2060,,,,0,,,0,0,0,0.13934374533646093,0.13934374533646093,2,2,0,0.13934374533646093,2020,0,,0,,0,,0,,0,,0,,0,,0,,0,,0,,0,,0,,0,,,primary_any_paired_year,GS65_85_lost_had3,0
country,Georgia,ssp126,2071-2100,,,,0,,,0,0,0,0.13934374533646093,0.13934374533646093,2,2,0,0.13934374533646093,2020,0,,0,,0,,0,,0,,0,,0,,0,,0,,0,,0,,0,,0,,,primary_any_paired_year,GS65_85_lost_had3,0
country,Georgia,ssp245,2031-2060,,,,0,,,0,0,0,0.13934374533646093,0.13934374533646093,2,2,0,0.13934374533646093,2020,0,,0,,0,,0,,0,,0,,0,,0,,0,,0,,0,,0,,0,,,primary_any_paired_year,GS65_85_lost_had3,0
country,Georgia,ssp245,2071-2100,,,,0,,,0,0,0,0.13934374533646093,0.13934374533646093,2,2,0,0.13934374533646093,2020,0,,0,,0,,0,,0,,0,,0,,0,,0,,0,,0,,0,,0,,,primary_any_paired_year,GS65_85_lost_had3,0
country,Georgia,ssp585,2031-2060,,,,0,,,0,0,0,0.13934374533646093,0.13934374533646093,2,2,0,0.13934374533646093,2020,0,,0,,0,,0,,0,,0,,0,,0,,0,,0,,0,,0,,0,,,primary_any_paired_year,GS65_85_lost_had3,0
country,Georgia,ssp585,2071-2100,,,,0,,,0,0,0,0.13934374533646093,0.13934374533646093,2,2,0,0.13934374533646093,2020,0,,0,,0,,0,,0,,0,,0,,0,,0,,0,,0,,0,,0,,,primary_any_paired_year,GS65_85_lost_had3,0
country,Germany,ssp126,2031-2060,1.5318126405602843,-0.48862768153763936,5.4505502466911411,3,9.6270012715964146,11.158813912156701,22231299.700948089,22231299.700948089,22231299.700948089,2964201.4007079303,2964201.4007079303,740,740,22231299.700948089,2964201.4007079303,2020,22221792.000996917,99.95723282003722,9507.699951171875,0.042767179962790947,0,0,0,0,0,0,0,0,22231299.700948089,100,0,0,0,0,0,0,0,0,22231299.700948089,100,22231299.700948089,1,1,primary_any_paired_year,GS65_85_lost_had3,0
country,Germany,ssp126,2071-2100,2.6376255292309168,-2.3549855117231102,7.1081785000863498,3,9.6270012715964146,12.264626800827331,22231299.700948089,22231299.700948089,22231299.700948089,2964201.4007079303,2964201.4007079303,740,740,22231299.700948089,2964201.4007079303,2020,22231299.700948089,100,0,0,0,0,0,0,701749.49671554565,3.1565833134156271,0,0,21529550.204232544,96.843416686584376,0,0,0,0,0,0,0,0,21529550.204232544,96.843416686584376,22231299.700948089,1,1,primary_any_paired_year,GS65_85_lost_had3,0
country,Germany,ssp245,2031-2060,2.4714389607570166,0.2177439484316652,5.8337417072342177,3,9.6078203657319872,12.079259326489003,22231299.700948089,22231299.700948089,22231299.700948089,2964201.4007079303,2964201.4007079303,740,740,22231299.700948089,2964201.4007079303,2020,22221792.000996917,99.95723282003722,9507.699951171875,0.042767179962790947,0,0,0,0,12370611.496356905,55.645021491160684,0,0,9860688.2045911849,44.354978508839316,0,0,0,0,0,0,0,0,9860688.2045911849,44.354978508839316,22231299.700948089,1,1,primary_any_paired_year,GS65_85_lost_had3,0
country,Germany,ssp245,2071-2100,3.4026133020885534,1.0467081869687178,7.5709414831801807,3,9.6078203657319872,13.010433667820543,22231299.700948089,22231299.700948089,22231299.700948089,2964201.4007079303,2964201.4007079303,740,740,22231299.700948089,2964201.4007079303,2020,22231299.700948089,100,0,0,0,0,0,0,18554920.003716797,83.463046485426545,0,0,3676379.6972312927,16.536953514573455,0,0,0,0,0,0,0,0,3676379.6972312927,16.536953514573455,22231299.700948089,1,1,primary_any_paired_year,GS65_85_lost_had3,0
country,Germany,ssp585,2031-2060,3.5519925557172649,2.3532305108213247,5.9447379249602266,3,9.4820170542329887,13.034009609950253,22231299.700948089,22231299.700948089,22231299.700948089,2964201.4007079303,2964201.4007079303,740,740,22231299.700948089,2964201.4007079303,2020,22231299.700948089,100,0,0,0,0,0,0,22185760.900838226,99.795159074267175,0,0,45538.800109863281,0.20484092573283605,0,0,0,0,0,0,0,0,45538.800109863281,0.20484092573283605,22231299.700948089,1,1,primary_any_paired_year,GS65_85_lost_had3,0
country,Germany,ssp585,2071-2100,7.4357055884683652,3.2913219189434368,12.043630538185646,3,9.4820170542329887,16.917722642701353,22231299.700948089,22231299.700948089,22231299.700948089,2964201.4007079303,2964201.4007079303,740,740,22231299.700948089,2964201.4007079303,2020,22231299.700948089,100,0,0,0,0,0,0,22208940.800801605,99.899426032453107,0,0,22358.900146484375,0.10057396754689445,0,0,0,0,0,0,0,0,22358.900146484375,0.10057396754689445,22231299.700948089,1,1,primary_any_paired_year,GS65_85_lost_had3,0
country,Greece,ssp126,2031-2060,0.45035414961384945,-0.18550734219870482,1.2860515279501472,3,6.5953472695945239,7.045701419208374,1044235.2983978391,1044235.2983978391,1044241.4983976483,356791.00003659725,356791.00003659725,323,322,1044235.2983978391,356786.00003659725,2020,878635.89868173003,84.141063157321923,165599.39971610904,15.858343110306903,0,0,6.1999998092651367,0.00059373237117839284,118459.69971191883,11.344090413347013,39314.200149178505,3.7648570957489005,886461.39853674173,84.890458758532901,0,0,0,0,0,0,6.1999998092651367,0.00059373237117839284,886461.39853674173,84.890458758532901,1044235.2983978391,0.99999406267628821,0.99999406267628821,primary_any_paired_year,GS65_85_lost_had3,0
country,Greece,ssp126,2071-2100,0.13908357619733538,-0.69291246915393667,1.0818837647308526,3,6.5953472695945239,6.7344308457918594,1044235.2983978391,1044235.2983978391,1044241.4983976483,356791.00003659725,356791.00003659725,323,322,1044235.2983978391,356786.00003659725,2020,688876.39781835675,65.96906930776197,355358.90057948232,34.030336959866851,0,0,6.1999998092651367,0.00059373237117839284,147664.59951812774,14.140847662606193,47047.799681976438,4.5054520198794652,849522.89919773489,81.353106585143166,0,0,0,0,0,0,6.1999998092651367,0.00059373237117839284,849522.89919773489,81.353106585143166,1044235.2983978391,0.99999406267628821,0.99999406267628821,primary_any_paired_year,GS65_85_lost_had3,0
country,Greece,ssp245,2031-2060,-0.74877155488803027,-2.1178363293760816,0.45087536649629267,3,6.7380975567406027,5.9893260018525725,1044235.2983978391,1044235.2983978391,1044241.4983976483,356791.00003659725,356791.00003659725,323,322,1044235.2983978391,356786.00003659725,2020,154391.89928299934,14.785076011622623,889843.39911483973,85.214330256006193,0,0,6.1999998092651367,0.00059373237117839284,6802.2999396324158,0.65141061239859788,149824.79991555214,14.347715556741711,887608.19854265451,85.000280098488517,0,0,0,0,0,0,6.1999998092651367,0.00059373237117839284,887608.19854265451,85.000280098488517,1044235.2983978391,0.99999406267628821,0.99999406267628821,primary_any_paired_year,GS65_85_lost_had3,0
country,Greece,ssp245,2071-2100,-0.41029990646707709,-2.0165674088614742,2.1563195896478393,3,6.7380975567406027,6.3277976502735269,1044235.2983978391,1044235.2983978391,1044241.4983976483,356791.00003659725,356791.00003659725,323,322,1044235.2983978391,356786.00003659725,2020,487431.79764100164,46.678071920044218,556803.50075683743,53.32133434758461,0,0,6.1999998092651367,0.00059373237117839284,0,0,52439.499935567379,5.0217789674164397,991795.79846227169,94.977627300212376,0,0,0,0,0,0,6.1999998092651367,0.00059373237117839284,991795.79846227169,94.977627300212376,1044235.2983978391,0.99999406267628821,0.99999406267628821,primary_any_paired_year,GS65_85_lost_had3,0
country,Greece,ssp585,2031-2060,-0.68790164897289241,-1.7578083284950077,1.0972012592877587,3,6.6865693718519843,5.9986677228790919,1044235.2983978391,1044235.2983978391,1044241.4983976483,356791.00003659725,356791.00003659725,323,322,1044235.2983978391,356786.00003659725,2020,267869.59903696924,25.652073725091913,776365.69936086982,74.347332542536904,0,0,6.1999998092651367,0.00059373237117839284,0,0,104206.59991237521,9.9791667035141352,940028.69848546386,90.020239564114689,0,0,0,0,0,0,6.1999998092651367,0.00059373237117839284,940028.69848546386,90.020239564114689,1044235.2983978391,0.99999406267628821,0.99999406267628821,primary_any_paired_year,GS65_85_lost_had3,0
country,Greece,ssp585,2071-2100,-1.5753766445681752,-2.9606852586585726,-0.20441058639822035,3,6.6865693718519843,5.11119272728381,1044235.2983978391,1044235.2983978391,1044241.4983976483,356791.00003659725,356791.00003659725,323,322,1044235.2983978391,356786.00003659725,2020,306830.69923020154,29.383116807847841,737404.59916763753,70.616289459780987,0,0,6.1999998092651367,0.00059373237117839284,0,0,232307.20006103814,22.24650144794143,811928.09833680093,77.752904819687387,0,0,0,0,0,0,6.1999998092651367,0.00059373237117839284,811928.09833680093,77.752904819687387,1044235.2983978391,0.99999406267628821,0.99999406267628821,primary_any_paired_year,GS65_85_lost_had3,0
country,Hungary,ssp126,2031-2060,1.6632145145720854,-0.29954440803949295,4.2198130433018264,3,6.6905893082991561,8.3538038228712423,5263107.8015492111,5263107.8015492111,5263107.8015492111,948348.40058043599,948348.40058043599,207,207,5263107.8015492111,948348.40058043599,2020,5263107.8015492111,100,0,0,0,0,0,0,1853880.1981461048,35.224059017001508,0,0,3409227.6034031063,64.775940982998492,0,0,0,0,0,0,0,0,3409227.6034031063,64.775940982998492,5263107.8015492111,1,1,primary_any_paired_year,GS65_85_lost_had3,0
country,Hungary,ssp126,2071-2100,2.4293163619285885,1.5258157240141623,3.3085991681136293,3,6.6905893082991561,9.1199056702277446,5263107.8015492111,5263107.8015492111,5263107.8015492111,948348.40058043599,948348.40058043599,207,207,5263107.8015492111,948348.40058043599,2020,5263107.8015492111,100,0,0,0,0,0,0,5245338.6014530808,99.662381984824634,0,0,17769.200096130371,0.3376180151753676,0,0,0,0,0,0,0,0,17769.200096130371,0.3376180151753676,5263107.8015492111,1,1,primary_any_paired_year,GS65_85_lost_had3,0
country,Hungary,ssp245,2031-2060,0.5910109018572377,-0.28782050985842467,2.1764590344270895,3,6.852646314495523,7.4436572163527606,5263107.8015492111,5263107.8015492111,5263107.8015492111,948348.40058043599,948348.40058043599,207,207,5263107.8015492111,948348.40058043599,2020,5171822.401135698,98.265560884262271,91285.400413513184,1.7344391157377217,0,0,0,0,219478.69952392578,4.1701349810718602,0,0,5043629.1020252854,95.829865018928146,0,0,0,0,0,0,0,0,5043629.1020252854,95.829865018928146,5263107.8015492111,1,1,primary_any_paired_year,GS65_85_lost_had3,0
country,Hungary,ssp245,2071-2100,2.1161603016800652,0.55670110656576033,4.6279324878613028,3,6.852646314495523,8.9688066161755877,5263107.8015492111,5263107.8015492111,5263107.8015492111,948348.40058043599,948348.40058043599,207,207,5263107.8015492111,948348.40058043599,2020,5263107.8015492111,100,0,0,0,0,0,0,3927409.2020283341,74.621485063868349,0,0,1335698.599520877,25.378514936131655,0,0,0,0,0,0,0,0,1335698.599520877,25.378514936131655,5263107.8015492111,1,1,primary_any_paired_year,GS65_85_lost_had3,0
country,Hungary,ssp585,2031-2060,2.5045673505390478,1.7213353073760564,3.2864070910829253,3,6.7894229629528802,9.2939903134919266,5263107.8015492111,5263107.8015492111,5263107.8015492111,948348.40058043599,948348.40058043599,207,207,5263107.8015492111,948348.40058043599,2020,5263107.8015492111,100,0,0,0,0,0,0,5168639.5024769455,98.205085234156542,0,0,94468.299072265625,1.7949147658434548,0,0,0,0,0,0,0,0,94468.299072265625,1.7949147658434548,5263107.8015492111,1,1,primary_any_paired_year,GS65_85_lost_had3,0
country,Hungary,ssp585,2071-2100,3.4548631178154507,2.3322603412961662,5.5599287324619668,3,6.7894229629528802,10.244286080768331,5263107.8015492111,5263107.8015492111,5263107.8015492111,948348.40058043599,948348.40058043599,207,207,5263107.8015492111,948348.40058043599,2020,5263107.8015492111,100,0,0,0,0,0,0,5263107.8015492111,100,0,0,0,0,0,0,0,0,0,0,0,0,0,0,5263107.8015492111,1,1,primary_any_paired_year,GS65_85_lost_had3,0
country,Ireland,ssp126,2031-2060,0.69734895646758444,-3.6387032074812633,4.2146686831468188,3,18.210290089231105,18.907639045698684,529453.59973144531,529453.59973144531,529453.59973144531,57599.799926757812,57599.799926757812,47,47,529453.59973144531,57599.799926757812,2020,529453.59973144531,100,0,0,0,0,0,0,0,0,0,0,529453.59973144531,100,0,0,0,0,0,0,0,0,529453.59973144531,100,529453.59973144531,1,1,primary_any_paired_year,GS65_85_lost_had3,0
country,Ireland,ssp126,2071-2100,0.20379536841996071,-8.4548143878702451,6.9142788227116254,3,18.210290089231105,18.414085457651062,529453.59973144531,529453.59973144531,529453.59973144531,57599.799926757812,57599.799926757812,47,47,529453.59973144531,57599.799926757812,2020,381137.29992675781,71.98691256799124,148316.2998046875,28.013087432008763,0,0,0,0,0,0,0,0,529453.59973144531,100,0,0,0,0,0,0,0,0,529453.59973144531,100,529453.59973144531,1,1,primary_any_paired_year,GS65_85_lost_had3,0
country,Ireland,ssp245,2031-2060,1.3508014495205873,-4.4073738019861342,5.8523648492147595,3,18.085900428931946,19.436701878452535,529453.59973144531,529453.59973144531,529453.59973144531,57599.799926757812,57599.799926757812,47,47,529453.59973144531,57599.799926757812,2020,529453.59973144531,100,0,0,0,0,0,0,0,0,0,0,529453.59973144531,100,0,0,0,0,0,0,0,0,529453.59973144531,100,529453.59973144531,1,1,primary_any_paired_year,GS65_85_lost_had3,0
country,Ireland,ssp245,2071-2100,0.25881654191449616,-6.2780475384373853,7.145359662713358,3,18.085900428931946,18.344716970846438,529453.59973144531,529453.59973144531,529453.59973144531,57599.799926757812,57599.799926757812,47,47,529453.59973144531,57599.799926757812,2020,333167.00012207031,62.926571901874418,196286.599609375,37.073428098125582,0,0,0,0,0,0,0,0,529453.59973144531,100,0,0,0,0,0,0,0,0,529453.59973144531,100,529453.59973144531,1,1,primary_any_paired_year,GS65_85_lost_had3,0
country,Ireland,ssp585,2031-2060,1.4096588974335678,-2.8823447812643304,5.4231728379327535,3,18.337744169905445,19.747403067339011,529453.59973144531,529453.59973144531,529453.59973144531,57599.799926757812,57599.799926757812,47,47,529453.59973144531,57599.799926757812,2020,529453.59973144531,100,0,0,0,0,0,0,0,0,0,0,529453.59973144531,100,0,0,0,0,0,0,0,0,529453.59973144531,100,529453.59973144531,1,1,primary_any_paired_year,GS65_85_lost_had3,0
country,Ireland,ssp585,2071-2100,3.5529179447856269,-3.0932305428906806,8.0988774910953669,3,18.337744169905445,21.890662114691072,529453.59973144531,529453.59973144531,529453.59973144531,57599.799926757812,57599.799926757812,47,47,529453.59973144531,57599.799926757812,2020,529453.59973144531,100,0,0,0,0,0,0,0,0,0,0,529453.59973144531,100,0,0,0,0,0,0,0,0,529453.59973144531,100,529453.59973144531,1,1,primary_any_paired_year,GS65_85_lost_had3,0
country,Italy,ssp126,2031-2060,0.28998532758493489,-0.18149189541164229,1.0847713399908712,3,14.597703694384391,14.887689021969328,6916563.640115831,6916616.9034486925,6916736.6967803165,1730823.6998818964,1153882.3994524702,586,586,6916736.6967803165,1730823.6998818964,2020,5632548.5974355564,81.433613051331875,1284141.6993457824,18.56571611210153,0,0,46.399998977780342,0.00067083656660487246,1986855.3962362632,28.725329347308072,713110.00027496368,10.309919714117648,4216724.9002701119,60.964080102007671,0,0,0,0,0,0,46.399998977780342,0.00067083656660487246,4216724.9002701119,60.964080102007671,6916690.2967813388,0.99997498001267471,0.99998268065753038,primary_any_paired_year,GS65_85_lost_had3,0
country,Italy,ssp126,2071-2100,0.78575417211639553,0.04882183149021261,1.8200004432661836,3,14.597704183705352,15.383458355821746,6916563.640115831,6916613.3634485202,6916736.6967803165,1730823.6998818964,1153882.3994524702,586,586,6916736.6967803165,1730823.6998818964,2020,5608803.5980446935,81.090315331152411,1307884.2987365499,18.908979133835746,0,0,48.799999073147774,0.00070553501184834411,3638019.2966258377,52.597336809413399,558093.69995248318,8.0687428829302004,2720574.9002029225,39.33321477264456,0,0,0,0,0,0,48.799999073147774,0.00070553501184834411,2720574.9002029225,39.33321477264456,6916687.8967812434,0.99997498001267471,0.99998216885545843,primary_any_paired_year,GS65_85_lost_had3,0
country,Italy,ssp245,2031-2060,-0.17535025844309482,-1.3883733779992415,2.1783279209102955,3,14.719257861210025,14.543907602766931,6916589.7234490486,6916624.000115416,6916736.6967803165,1730823.6998818964,1153882.3994524702,586,586,6916736.6967803165,1730823.6998818964,2020,4111958.6967103928,59.449403338202472,2804772.1000699922,40.55051136145736,0,0,5.8999999314546585,8.5300340176329962e-05,407581.19913844764,5.8926805660850627,977516.30030383915,14.132622697042448,5531633.2973380983,79.974611436532314,0,0,0,0,0,0,5.8999999314546585,8.5300340176329962e-05,5531633.2973380983,79.974611436532314,6916730.7967803851,0.99997875105881417,0.9999837066712467,primary_any_paired_year,GS65_85_lost_had3,0
country,Italy,ssp245,2071-2100,-0.26266797529454511,-2.3928700914278003,2.7489473713014854,3,14.719257861210025,14.456589885915482,6916589.7234490486,6916624.000115416,6916736.6967803165,1730823.6998818964,1153882.3994524702,586,586,6916736.6967803165,1730823.6998818964,2020,3997763.5974098518,57.798406570410251,2918967.1993705332,42.201508129249568,0,0,5.8999999314546585,8.5300340176329962e-05,171731.59962594509,2.4828413622551908,1007253.2016866878,14.562549448435066,5737745.9954677522,82.954523888969561,0,0,0,0,0,0,5.8999999314546585,8.5300340176329962e-05,5737745.9954677522,82.954523888969561,6916730.7967803851,0.99997875105881417,0.9999837066712467,primary_any_paired_year,GS65_85_lost_had3,0
country,Italy,ssp585,2031-2060,0.098521221580696469,-1.088133866775723,1.4049303773312722,3,14.681630433313195,14.780151654893892,6916580.4067823878,6916621.0201150514,6916736.6967803165,1730823.6998818964,1153882.3994524702,586,586,6916736.6967803165,1730823.6998818964,2020,4733877.9974834174,68.440916649133086,2182852.7992969677,31.558998050526739,0,0,5.8999999314546585,8.5300340176329962e-05,1361868.2983440533,19.689462792157343,925078.80027655512,13.374497842417098,4629783.6981597766,66.935954065085383,0,0,0,0,0,0,5.8999999314546585,8.5300340176329962e-05,4629783.6981597766,66.935954065085383,6916730.7967803851,0.99997740408450109,0.99998327583218272,primary_any_paired_year,GS65_85_lost_had3,0
country,Italy,ssp585,2071-2100,-1.2906507353916035,-3.0760476080308385,-0.34443129156875646,3,14.681629769130071,13.390979033738468,6916580.4067823878,6916621.8634485481,6916736.6967803165,1730823.6998818964,1153882.3994524702,586,586,6916736.6967803165,1730823.6998818964,2020,3051726.5969080403,44.12090167215117,3865004.1998723447,55.879013027508655,0,0,5.8999999314546585,8.5300340176329962e-05,775068.49822056293,11.205696156994827,1919188.9987015501,27.747029890481688,4222473.2998582721,61.047188652183308,0,0,0,0,0,0,5.8999999314546585,8.5300340176329962e-05,4222473.2998582721,61.047188652183308,6916730.7967803851,0.99997740408450109,0.99998339775868261,primary_any_paired_year,GS65_85_lost_had3,0
country,Kazakhstan,ssp126,2031-2060,0.10869467592148345,0.10034228295302321,0.12074245521851613,3,0.28800263916497587,0.39669731508645928,158330.61976814564,158330.61976814564,158332.41976809796,141336.00044861363,141336.00044861363,159,158,158330.61976814564,141334.80044862555,2020,158330.61976814564,99.99886315136537,0,0,0,0,1.7999999523162842,0.0011368486346338036,158285.43013560903,99.970322166137706,0,0,45.189632536619797,0.028540985227666526,0,0,0,0,0,0,1.7999999523162842,0.0011368486346338036,45.189632536619797,0.028540985227666526,158330.61976814564,0.99998863151365369,0.99998863151365369,primary_any_paired_year,GS65_85_lost_had3,0
country,Kazakhstan,ssp126,2071-2100,0.12612369456177183,0.095176408651801617,0.17792231356382959,3,0.28800263916497587,0.41412633372674773,158330.61976814564,158330.61976814564,158332.41976809796,141336.00044861363,141336.00044861363,159,158,158330.61976814564,141334.80044862555,2020,158330.61976814564,99.99886315136537,0,0,0,0,1.7999999523162842,0.0011368486346338036,157936.8461290079,99.750162575883422,0,0,393.77363913772928,0.24870057548193286,0,0,0,0,0,0,1.7999999523162842,0.0011368486346338036,393.77363913772928,0.24870057548193286,158330.61976814564,0.99998863151365369,0.99998863151365369,primary_any_paired_year,GS65_85_lost_had3,0
country,Kazakhstan,ssp245,2031-2060,0.037083705769943,-0.039859603492802931,0.160456708442515,3,0.31836172078905695,0.35544542655899997,154356.46859292823,158330.61976814564,158332.41976809796,141336.00044861363,141336.00044861363,159,158,158330.61976814564,141334.80044862555,2020,149439.71974373158,94.38352547293151,8890.9000244140625,5.6153376784338578,0,0,1.7999999523162842,0.0011368486346338036,9143.6179317579245,5.774949909279572,0,0,149187.00183638773,94.223913242085814,0,0,0,0,0,0,1.7999999523162842,0.0011368486346338036,149187.00183638773,94.223913242085814,158330.61976814564,0.97488858452998373,0.99998863151365369,primary_any_paired_year,GS65_85_lost_had3,-2.9103830456733704e-11
country,Kazakhstan,ssp245,2071-2100,0.25362730058292121,0.15692301189126143,0.41485399577058013,3,0.31689109925176528,0.57051839983468655,155853.74527600186,158330.61976814564,158332.41976809796,141336.00044861363,141336.00044861363,159,158,158330.61976814564,141334.80044862555,2020,158330.61976814564,99.99886315136537,0,0,0,0,1.7999999523162842,0.0011368486346338036,158330.61976814564,99.99886315136537,0,0,0,0,0,0,0,0,0,0,1.7999999523162842,0.0011368486346338036,0,0,158330.61976814564,0.98434512340728142,0.99998863151365369,primary_any_paired_year,GS65_85_lost_had3,0
country,Kazakhstan,ssp585,2031-2060,0.18479608536881154,-0.019562504154777869,0.49845315002045792,3,0.30139854604967015,0.48619463141848168,158330.56546104571,158330.61976814564,158332.41976809796,141336.00044861363,141336.00044861363,159,158,158330.61976814564,141334.80044862555,2020,158330.61976814564,99.99886315136537,0,0,0,0,1.7999999523162842,0.0011368486346338036,38468.239604420232,24.295870460871409,0,0,119862.38016372541,75.702992690493957,0,0,0,0,0,0,1.7999999523162842,0.0011368486346338036,119862.38016372541,75.702992690493957,158330.61976814564,0.99998828851946453,0.99998863151365369,primary_any_paired_year,GS65_85_lost_had3,0
country,Kazakhstan,ssp585,2071-2100,0.66109858162171442,0.10689416323296407,1.6791648676592306,3,0.30362089458645863,0.964719476208173,153296.30587417108,158327.43541770175,158332.41976809796,141336.00044861363,141336.00044861363,159,158,158330.61976814564,141334.80044862555,2020,158330.61976814564,99.99886315136537,0,0,0,0,1.7999999523162842,0.0011368486346338036,158330.61976814564,99.99886315136537,0,0,0,0,0,0,0,0,0,0,1.7999999523162842,0.0011368486346338036,0,0,158330.61976814564,0.96819278135644593,0.99996851971059686,primary_any_paired_year,GS65_85_lost_had3,0
country,Latvia,ssp126,2031-2060,2.637179128527102,0.7462317070483474,6.2254151945365397,3,6.7663155614632053,9.4034946899903069,2479432.9009336978,2479432.9009336978,2479432.9009336978,509400.39987299591,509400.39987299591,186,186,2479432.9009336978,509400.39987299591,2020,2479432.9009336978,100,0,0,0,0,0,0,2334767.1007627994,94.165367406537982,0,0,144665.80017089844,5.8346325934620209,0,0,0,0,0,0,0,0,144665.80017089844,5.8346325934620209,2479432.9009336978,1,1,primary_any_paired_year,GS65_85_lost_had3,0
country,Latvia,ssp126,2071-2100,3.6762120433605205,-0.85851838112021861,8.1992240904922173,3,6.7663155614632053,10.442527604823725,2479432.9009336978,2479432.9009336978,2479432.9009336978,509400.39987299591,509400.39987299591,186,186,2479432.9009336978,509400.39987299591,2020,2479432.9009336978,100,0,0,0,0,0,0,187910.2993927002,7.5787612289059112,0,0,2291522.6015409976,92.421238771094096,0,0,0,0,0,0,0,0,2291522.6015409976,92.421238771094096,2479432.9009336978,1,1,primary_any_paired_year,GS65_85_lost_had3,0
country,Latvia,ssp245,2031-2060,5.0746844847816091,2.3505348783713949,9.8165483960961932,3,6.6764804358658623,11.751164920647474,2479432.9009336978,2479432.9009336978,2479432.9009336978,509400.39987299591,509400.39987299591,186,186,2479432.9009336978,509400.39987299591,2020,2479432.9009336978,100,0,0,0,0,0,0,2467348.1011290103,99.512598231630434,0,0,12084.7998046875,0.48740176836955906,0,0,0,0,0,0,0,0,12084.7998046875,0.48740176836955906,2479432.9009336978,1,1,primary_any_paired_year,GS65_85_lost_had3,0
country,Latvia,ssp245,2071-2100,5.2819650903027773,3.0451718981304348,9.6876689821142872,3,6.6764804358658623,11.958445526168639,2479432.9009336978,2479432.9009336978,2479432.9009336978,509400.39987299591,509400.39987299591,186,186,2479432.9009336978,509400.39987299591,2020,2479432.9009336978,100,0,0,0,0,0,0,2467348.1011290103,99.512598231630434,0,0,12084.7998046875,0.48740176836955906,0,0,0,0,0,0,0,0,12084.7998046875,0.48740176836955906,2479432.9009336978,1,1,primary_any_paired_year,GS65_85_lost_had3,0
country,Latvia,ssp585,2031-2060,4.8750949487916566,3.2791175451956662,7.538793683436162,3,6.706737653105205,11.581832601896863,2479432.9009336978,2479432.9009336978,2479432.9009336978,509400.39987299591,509400.39987299591,186,186,2479432.9009336978,509400.39987299591,2020,2479432.9009336978,100,0,0,0,0,0,0,2467348.1011290103,99.512598231630434,0,0,12084.7998046875,0.48740176836955906,0,0,0,0,0,0,0,0,12084.7998046875,0.48740176836955906,2479432.9009336978,1,1,primary_any_paired_year,GS65_85_lost_had3,0
country,Latvia,ssp585,2071-2100,10.859023352943217,7.647825949334873,16.174886872155366,3,6.706737653105205,17.565761006048422,2479432.9009336978,2479432.9009336978,2479432.9009336978,509400.39987299591,509400.39987299591,186,186,2479432.9009336978,509400.39987299591,2020,2479432.9009336978,100,0,0,0,0,0,0,2479432.9009336978,100,0,0,0,0,0,0,0,0,0,0,0,0,0,0,2479432.9009336978,1,1,primary_any_paired_year,GS65_85_lost_had3,0
country,Lithuania,ssp126,2031-2060,2.70931215992375,0.83251356890057437,5.8368514692021138,3,7.0591200998942485,9.7684322598179989,4299304.0966024995,4299304.0966024995,4299304.0966024995,910179.29943761975,910179.29943761975,173,173,4299304.0966024995,910179.29943761975,2020,4299304.0966024995,100,0,0,0,0,0,0,4260212.8966392279,99.090755176072264,0,0,39091.199963271618,0.90924482392774253,0,0,0,0,0,0,0,0,39091.199963271618,0.90924482392774253,4299304.0966024995,1,1,primary_any_paired_year,GS65_85_lost_had3,0
country,Lithuania,ssp126,2071-2100,3.9567210547315859,0.02001444296185536,7.69362144818919,3,7.0591200998942485,11.015841154625834,4299304.0966024995,4299304.0966024995,4299304.0966024995,910179.29943761975,910179.29943761975,173,173,4299304.0966024995,910179.29943761975,2020,4299304.0966024995,100,0,0,0,0,0,0,2282470.6966575384,53.089305742788646,0,0,2016833.3999449611,46.910694257211354,0,0,0,0,0,0,0,0,2016833.3999449611,46.910694257211354,4299304.0966024995,1,1,primary_any_paired_year,GS65_85_lost_had3,0
country,Lithuania,ssp245,2031-2060,4.9402184143127812,2.7884433728562397,8.7174394632813375,3,7.0868644331567454,12.027082847469527,4299304.0966024995,4299304.0966024995,4299304.0966024995,910179.29943761975,910179.29943761975,173,173,4299304.0966024995,910179.29943761975,2020,4299304.0966024995,100,0,0,0,0,0,0,4299304.0966024995,100,0,0,0,0,0,0,0,0,0,0,0,0,0,0,4299304.0966024995,1,1,primary_any_paired_year,GS65_85_lost_had3,0
country,Lithuania,ssp245,2071-2100,5.2177249510913759,3.2182358860089839,9.100711586881026,3,7.0868644331567454,12.304589384248123,4299304.0966024995,4299304.0966024995,4299304.0966024995,910179.29943761975,910179.29943761975,173,173,4299304.0966024995,910179.29943761975,2020,4299304.0966024995,100,0,0,0,0,0,0,4299304.0966024995,100,0,0,0,0,0,0,0,0,0,0,0,0,0,0,4299304.0966024995,1,1,primary_any_paired_year,GS65_85_lost_had3,0
country,Lithuania,ssp585,2031-2060,5.2057942601969218,4.1515169918203876,6.7188785966429503,3,7.0130261281659942,12.218820388362916,4299304.0966024995,4299304.0966024995,4299304.0966024995,910179.29943761975,910179.29943761975,173,173,4299304.0966024995,910179.29943761975,2020,4299304.0966024995,100,0,0,0,0,0,0,4299304.0966024995,100,0,0,0,0,0,0,0,0,0,0,0,0,0,0,4299304.0966024995,1,1,primary_any_paired_year,GS65_85_lost_had3,0
country,Lithuania,ssp585,2071-2100,10.46205716959936,7.5097857058012831,14.671578835624803,3,7.0130261281659942,17.475083297765352,4299304.0966024995,4299304.0966024995,4299304.0966024995,910179.29943761975,910179.29943761975,173,173,4299304.0966024995,910179.29943761975,2020,4299304.0966024995,100,0,0,0,0,0,0,4299304.0966024995,100,0,0,0,0,0,0,0,0,0,0,0,0,0,0,4299304.0966024995,1,1,primary_any_paired_year,GS65_85_lost_had3,0
country,Luxembourg,ssp126,2031-2060,1.091287373789805,-0.87378402287681789,4.5295264493384257,3,7.7756948147669691,8.8669821885567757,76933.30029296875,76933.30029296875,76933.30029296875,12719.900024414062,12719.900024414062,4,4,76933.30029296875,12719.900024414062,2020,76933.30029296875,100,0,0,0,0,0,0,0,0,0,0,76933.30029296875,100,0,0,0,0,0,0,0,0,76933.30029296875,100,76933.30029296875,1,1,primary_any_paired_year,GS65_85_lost_had3,0
country,Luxembourg,ssp126,2071-2100,1.8778087064832611,-3.5771465169034316,6.7334262101320324,3,7.7756948147669691,9.6535035212502311,76933.30029296875,76933.30029296875,76933.30029296875,12719.900024414062,12719.900024414062,4,4,76933.30029296875,12719.900024414062,2020,76933.30029296875,100,0,0,0,0,0,0,0,0,0,0,76933.30029296875,100,0,0,0,0,0,0,0,0,76933.30029296875,100,76933.30029296875,1,1,primary_any_paired_year,GS65_85_lost_had3,0
country,Luxembourg,ssp245,2031-2060,1.7323745504708612,-1.1615031940101714,5.4026985963358429,3,7.7852998298928151,9.5176743803636761,76933.30029296875,76933.30029296875,76933.30029296875,12719.900024414062,12719.900024414062,4,4,76933.30029296875,12719.900024414062,2020,76933.30029296875,100,0,0,0,0,0,0,0,0,0,0,76933.30029296875,100,0,0,0,0,0,0,0,0,76933.30029296875,100,76933.30029296875,1,1,primary_any_paired_year,GS65_85_lost_had3,0
country,Luxembourg,ssp245,2071-2100,2.8519565319675588,-0.55386556564295231,7.8554649255132905,3,7.7852998298928151,10.637256361860375,76933.30029296875,76933.30029296875,76933.30029296875,12719.900024414062,12719.900024414062,4,4,76933.30029296875,12719.900024414062,2020,76933.30029296875,100,0,0,0,0,0,0,0,0,0,0,76933.30029296875,100,0,0,0,0,0,0,0,0,76933.30029296875,100,76933.30029296875,1,1,primary_any_paired_year,GS65_85_lost_had3,0
country,Luxembourg,ssp585,2031-2060,2.703572779876398,0.8496548833431945,5.0857846952749926,3,7.6862460246587601,10.389818804535158,76933.30029296875,76933.30029296875,76933.30029296875,12719.900024414062,12719.900024414062,4,4,76933.30029296875,12719.900024414062,2020,76933.30029296875,100,0,0,0,0,0,0,76933.30029296875,100,0,0,0,0,0,0,0,0,0,0,0,0,0,0,76933.30029296875,1,1,primary_any_paired_year,GS65_85_lost_had3,0
country,Luxembourg,ssp585,2071-2100,5.5930134454606497,0.64658095996298315,10.277848903837393,3,7.6862460246587601,13.279259470119412,76933.30029296875,76933.30029296875,76933.30029296875,12719.900024414062,12719.900024414062,4,4,76933.30029296875,12719.900024414062,2020,76933.30029296875,100,0,0,0,0,0,0,76933.30029296875,100,0,0,0,0,0,0,0,0,0,0,0,0,0,0,76933.30029296875,1,1,primary_any_paired_year,GS65_85_lost_had3,0
country,Montenegro,ssp126,2031-2060,1.1478140059162125,-0.27580928682457229,3.2671684609907823,3,22.276437386267165,23.424251392183383,2259.0999755859375,2259.0999755859375,2259.0999755859375,759.60000610351562,759.60000610351562,2,2,2259.0999755859375,759.60000610351562,2020,2259.0999755859375,100,0,0,0,0,0,0,674.5,29.857023030822553,0,0,1584.5999755859375,70.142976969177454,0,0,0,0,0,0,0,0,1584.5999755859375,70.142976969177454,2259.0999755859375,1,1,primary_any_paired_year,GS65_85_lost_had3,0
country,Montenegro,ssp126,2071-2100,1.6230908707714724,0.99839042522529176,2.2431075242938747,3,22.276437386267165,23.899528257038639,2259.0999755859375,2259.0999755859375,2259.0999755859375,759.60000610351562,759.60000610351562,2,2,2259.0999755859375,759.60000610351562,2020,2259.0999755859375,100,0,0,0,0,0,0,1584.5999755859375,70.142976969177454,0,0,674.5,29.857023030822553,0,0,0,0,0,0,0,0,674.5,29.857023030822553,2259.0999755859375,1,1,primary_any_paired_year,GS65_85_lost_had3,0
country,Montenegro,ssp245,2031-2060,-0.70351598841708662,-2.6191893815975904,1.9568672669752138,3,22.583935583509049,21.880419595091965,2259.0999755859375,2259.0999755859375,2259.0999755859375,759.60000610351562,759.60000610351562,2,2,2259.0999755859375,759.60000610351562,2020,0,0,2259.0999755859375,100,0,0,0,0,0,0,0,0,2259.0999755859375,100,0,0,0,0,0,0,0,0,2259.0999755859375,100,2259.0999755859375,1,1,primary_any_paired_year,GS65_85_lost_had3,0
country,Montenegro,ssp245,2071-2100,0.36347744862478976,-2.3547649225483784,3.7058214933837315,3,22.583935583509049,22.947413032133841,2259.0999755859375,2259.0999755859375,2259.0999755859375,759.60000610351562,759.60000610351562,2,2,2259.0999755859375,759.60000610351562,2020,1584.5999755859375,70.142976969177454,674.5,29.857023030822553,0,0,0,0,0,0,0,0,2259.0999755859375,100,0,0,0,0,0,0,0,0,2259.0999755859375,100,2259.0999755859375,1,1,primary_any_paired_year,GS65_85_lost_had3,0
country,Montenegro,ssp585,2031-2060,1.2432849928597605,0.71640136130435605,1.9867161048610891,3,22.352332244232301,23.595617237092068,2259.0999755859375,2259.0999755859375,2259.0999755859375,759.60000610351562,759.60000610351562,2,2,2259.0999755859375,759.60000610351562,2020,2259.0999755859375,100,0,0,0,0,0,0,1584.5999755859375,70.142976969177454,0,0,674.5,29.857023030822553,0,0,0,0,0,0,0,0,674.5,29.857023030822553,2259.0999755859375,1,1,primary_any_paired_year,GS65_85_lost_had3,0
country,Montenegro,ssp585,2071-2100,-0.6609326013999347,-3.3232805533083747,1.9166516672476273,3,22.352332244232301,21.691399642832369,2259.0999755859375,2259.0999755859375,2259.0999755859375,759.60000610351562,759.60000610351562,2,2,2259.0999755859375,759.60000610351562,2020,0,0,2259.0999755859375,100,0,0,0,0,0,0,0,0,2259.0999755859375,100,0,0,0,0,0,0,0,0,2259.0999755859375,100,2259.0999755859375,1,1,primary_any_paired_year,GS65_85_lost_had3,0
country,Netherlands,ssp126,2031-2060,1.2326061336520977,-1.216028776856102,4.1652749796214295,3,10.574654947733684,11.807261081385782,988807.09840393066,988807.09840393066,1003202.3983612061,115866.50010585785,115866.50010585785,72,70,988807.09840393066,114212.40016078949,2020,988807.09840393066,98.565065237005911,0,0,0,0,14395.299957275391,1.4349347629940892,0,0,0,0,988807.09840393066,98.565065237005911,0,0,0,0,0,0,14395.299957275391,1.4349347629940892,988807.09840393066,98.565065237005911,988807.09840393066,0.98565065237005911,0.98565065237005911,primary_any_paired_year,GS65_85_lost_had3,0
country,Netherlands,ssp126,2071-2100,2.1004422300594707,-4.3651465844096533,6.730066327882855,3,10.574654947733684,12.675097177793155,988807.09840393066,988807.09840393066,1003202.3983612061,115866.50010585785,115866.50010585785,72,70,988807.09840393066,114212.40016078949,2020,988807.09840393066,98.565065237005911,0,0,0,0,14395.299957275391,1.4349347629940892,0,0,0,0,988807.09840393066,98.565065237005911,0,0,0,0,0,0,14395.299957275391,1.4349347629940892,988807.09840393066,98.565065237005911,988807.09840393066,0.98565065237005911,0.98565065237005911,primary_any_paired_year,GS65_85_lost_had3,0
country,Netherlands,ssp245,2031-2060,2.2052559829220186,-1.5121765267229039,5.4949826473893424,3,10.626338293105386,12.831594276027408,988807.09840393066,988807.09840393066,1003202.3983612061,115866.50010585785,115866.50010585785,72,70,988807.09840393066,114212.40016078949,2020,988807.09840393066,98.565065237005911,0,0,0,0,14395.299957275391,1.4349347629940892,0,0,0,0,988807.09840393066,98.565065237005911,0,0,0,0,0,0,14395.299957275391,1.4349347629940892,988807.09840393066,98.565065237005911,988807.09840393066,0.98565065237005911,0.98565065237005911,primary_any_paired_year,GS65_85_lost_had3,0
country,Netherlands,ssp245,2071-2100,3.1199351275229357,-0.35250115247059255,7.444903953447537,3,10.626338293105386,13.746273420628322,988807.09840393066,988807.09840393066,1003202.3983612061,115866.50010585785,115866.50010585785,72,70,988807.09840393066,114212.40016078949,2020,988807.09840393066,98.565065237005911,0,0,0,0,14395.299957275391,1.4349347629940892,245028.50012969971,24.424632609528157,0,0,743778.59827423096,74.14043262747775,0,0,0,0,0,0,14395.299957275391,1.4349347629940892,743778.59827423096,74.14043262747775,988807.09840393066,0.98565065237005911,0.98565065237005911,primary_any_paired_year,GS65_85_lost_had3,0
country,Netherlands,ssp585,2031-2060,3.3918910909129347,0.56417179559326303,6.0028670463770029,3,10.431219519246968,13.823110610159903,988807.09840393066,988807.09840393066,1003202.3983612061,115866.50010585785,115866.50010585785,72,70,988807.09840393066,114212.40016078949,2020,988807.09840393066,98.565065237005911,0,0,0,0,14395.299957275391,1.4349347629940892,640819.69903564453,63.877408993684988,0,0,347987.39936828613,34.687656243320923,0,0,0,0,0,0,14395.299957275391,1.4349347629940892,347987.39936828613,34.687656243320923,988807.09840393066,0.98565065237005911,0.98565065237005911,primary_any_paired_year,GS65_85_lost_had3,0
country,Netherlands,ssp585,2071-2100,7.0746990143736674,1.2674441686090216,11.459371057262304,3,10.431219519246968,17.505918533620633,988807.09840393066,988807.09840393066,1003202.3983612061,115866.50010585785,115866.50010585785,72,70,988807.09840393066,114212.40016078949,2020,988807.09840393066,98.565065237005911,0,0,0,0,14395.299957275391,1.4349347629940892,988807.09840393066,98.565065237005911,0,0,0,0,0,0,0,0,0,0,14395.299957275391,1.4349347629940892,0,0,988807.09840393066,0.98565065237005911,0.98565065237005911,primary_any_paired_year,GS65_85_lost_had3,0
country,North Macedonia,ssp126,2031-2060,0.53592026559194261,-0.16967752709992431,0.92313895110641242,3,2.0860832717836728,2.6220035373756154,243207.6003831774,243207.6003831774,243207.6003831774,69658.600148327649,69658.600148327649,51,51,243207.6003831774,69658.600148327649,2020,243207.6003831774,100,0,0,0,0,0,0,55416.399939060211,22.785636572109919,0,0,187791.20044411719,77.214363427890078,0,0,0,0,0,0,0,0,187791.20044411719,77.214363427890078,243207.6003831774,1,1,primary_any_paired_year,GS65_85_lost_had3,0
country,North Macedonia,ssp126,2071-2100,0.46370530274448063,-0.28672536393798692,0.85757940972070823,3,2.0860832717836728,2.5497885745281534,243207.6003831774,243207.6003831774,243207.6003831774,69658.600148327649,69658.600148327649,51,51,243207.6003831774,69658.600148327649,2020,243192.4003828913,99.993750195198601,15.200000286102295,0.0062498048013937295,0,0,0,0,48641.599746227264,20.000032757854466,0,0,194566.00063695014,79.99996724214553,0,0,0,0,0,0,0,0,194566.00063695014,79.99996724214553,243207.6003831774,1,1,primary_any_paired_year,GS65_85_lost_had3,0
country,North Macedonia,ssp245,2031-2060,-0.24793300368337987,-0.99116305693203166,0.39177438818816107,3,2.2290052457537421,1.9810722420703624,243207.6003831774,243207.6003831774,243207.6003831774,69658.600148327649,69658.600148327649,51,51,243207.6003831774,69658.600148327649,2020,0,0,243207.6003831774,100,0,0,0,0,0,0,15.200000286102295,0.0062498048013937295,243192.4003828913,99.993750195198601,0,0,0,0,0,0,0,0,243192.4003828913,99.993750195198601,243207.6003831774,1,1,primary_any_paired_year,GS65_85_lost_had3,0
country,North Macedonia,ssp245,2071-2100,0.31701139457179139,-0.82344148438404663,1.382722803133968,3,2.2290052457537421,2.5460166403255333,243207.6003831774,243207.6003831774,243207.6003831774,69658.600148327649,69658.600148327649,51,51,243207.6003831774,69658.600148327649,2020,239259.90035845339,98.376818808908794,3947.7000247240067,1.6231811910912091,0,0,0,0,0,0,0,0,243207.6003831774,100,0,0,0,0,0,0,0,0,243207.6003831774,100,243207.6003831774,1,1,primary_any_paired_year,GS65_85_lost_had3,0
country,North Macedonia,ssp585,2031-2060,-0.029421341566728671,-0.61101434802350263,0.98267461334044315,3,2.135654811064565,2.1062334694978362,243207.6003831774,243207.6003831774,243207.6003831774,69658.600148327649,69658.600148327649,51,51,243207.6003831774,69658.600148327649,2020,44936.200064659119,18.476478528574528,198271.40031851828,81.523521471425468,0,0,0,0,0,0,0,0,243207.6003831774,100,0,0,0,0,0,0,0,0,243207.6003831774,100,243207.6003831774,1,1,primary_any_paired_year,GS65_85_lost_had3,0
country,North Macedonia,ssp585,2071-2100,-0.01843238877658282,-0.6265039842843777,0.34029670232576381,3,2.135654811064565,2.1172224222879823,243207.6003831774,243207.6003831774,243207.6003831774,69658.600148327649,69658.600148327649,51,51,243207.6003831774,69658.600148327649,2020,104766.70039749146,43.077066766182419,138440.89998568594,56.922933233817581,0,0,0,0,0,0,4240.8999934196472,1.7437366211985328,238966.70038975775,98.256263378801464,0,0,0,0,0,0,0,0,238966.70038975775,98.256263378801464,243207.6003831774,1,1,primary_any_paired_year,GS65_85_lost_had3,0
country,Norway,ssp126,2031-2060,1.1724568897731931,-0.78684114527446325,2.8437215303886973,3,6.7181426340135104,7.8905995237867037,344148.92367772287,344404.89367506455,346392.30033623427,70541.799964286387,70541.799964286387,252,252,346392.30033623427,70541.799964286387,2020,319982.60027478635,92.375783169599131,26132.500057689846,7.5441919558615149,0,0,277.20000375807285,0.080024874539359511,23560.700183361769,6.8017389995366502,6253.999954469502,1.8054673699152384,316300.40019464493,91.312768756008751,0,0,0,0,0,0,277.20000375807285,0.080024874539359511,316300.40019464493,91.312768756008751,346115.1003324762,0.99352359548311608,0.99426255531880881,primary_any_paired_year,GS65_85_lost_had3,0
country,Norway,ssp126,2071-2100,1.4847310299353442,-2.8708824472860375,5.1163182989306728,3,6.710811936177886,8.19554296611323,342850.80368193437,344404.89367506455,346392.30033623427,70541.799964286387,70541.799964286387,252,252,346392.30033623427,70541.799964286387,2020,333363.70036486536,96.238773217902832,12357.39996856451,3.5674580400804214,0,0,671.20000280439854,0.19376874201674854,0,0,2673.1999792531133,0.77172615461091532,343047.90035417676,99.034505103372339,0,0,0,0,0,0,671.20000280439854,0.19376874201674854,343047.90035417676,99.034505103372339,345721.10033342987,0.9897760526118442,0.99426255531880881,primary_any_paired_year,GS65_85_lost_had3,0
country,Norway,ssp245,2031-2060,2.2074870323319153,0.062750431324692685,4.9311642748161582,3,6.5794076081804347,8.7868946405123491,344202.14700979687,344571.61367591569,346392.30033623427,70541.799964286387,70541.799964286387,252,252,346392.30033623427,70541.799964286387,2020,334635.90038485825,96.606044666707547,11413.099949143827,3.2948480488929515,0,0,343.30000223219395,0.099107284399497703,164395.20022901893,47.459253588906179,2770.0000020340085,0.79967135509225795,178883.80010294914,51.641967771602069,0,0,0,0,0,0,343.30000223219395,0.099107284399497703,178883.80010294914,51.641967771602069,346049.00033400208,0.99367724593095319,0.99474385932207132,primary_any_paired_year,GS65_85_lost_had3,0
country,Norway,ssp245,2071-2100,2.230626524790126,-0.31493466837445144,4.4947880682708705,3,6.5798556644191892,8.810482189209317,344275.91700924834,344590.18034250638,346392.30033623427,70541.799964286387,70541.799964286387,252,252,346392.30033623427,70541.799964286387,2020,333063.50039360672,96.152108482293158,12985.499940395355,3.7487842333073389,0,0,343.30000223219395,0.099107284399497703,62667.300272613764,18.09142414880013,5317.8999770507216,1.5352246490146491,278063.80008433759,80.274243917785725,0,0,0,0,0,0,343.30000223219395,0.099107284399497703,278063.80008433759,80.274243917785725,346049.00033400208,0.99389021255688537,0.99479745943550535,primary_any_paired_year,GS65_85_lost_had3,0
country,Norway,ssp585,2031-2060,2.6502666199064748,1.9222980536338243,3.8237144971330048,3,6.4849608007146138,9.1352274206210904,344189.29034261254,344345.97034405195,346392.30033623427,70541.799964286387,70541.799964286387,252,252,346392.30033623427,70541.799964286387,2020,336221.2003986761,97.06370495889044,9966.9999348372221,2.8773734073079877,0,0,204.10000272095203,0.05892163380157045,319173.60027302057,92.14223294317074,2551.2000064328313,0.73650598005684476,24463.400054059923,7.0623394429708508,0,0,0,0,0,0,204.10000272095203,0.05892163380157045,24463.400054059923,7.0623394429708508,346188.20033351332,0.99364013001592899,0.9940924495429142,primary_any_paired_year,GS65_85_lost_had3,0
country,Norway,ssp585,2071-2100,6.5536305040955787,1.7687831347771987,13.004817336577791,3,6.4849803423265682,13.038610846422147,344189.29034261254,344378.11701078835,346392.30033623427,70541.799964286387,70541.799964286387,252,252,346392.30033623427,70541.799964286387,2020,344614.90032838285,99.486882356759622,1626.8000051304698,0.46964092549152392,0,0,150.60000272095203,0.043476717748855392,278289.30032361299,80.339343586299279,30.799999237060547,0.0088916523857960374,67921.600010663271,19.608288043566063,0,0,0,0,0,0,150.60000272095203,0.043476717748855392,67921.600010663271,19.608288043566063,346241.70033351332,0.99364013001592899,0.99418525376144096,primary_any_paired_year,GS65_85_lost_had3,0
country,Poland,ssp126,2031-2060,1.8368548403889362,0.27709587164061439,4.7210148112040526,3,5.8722746938031456,7.7091295341920825,11727542.902679905,11727542.902679905,11727542.902679905,2428751.2005669251,2428751.2005669251,679,679,11727542.902679905,2428751.2005669251,2020,11727542.902679905,100,0,0,0,0,0,0,9246459.7027509063,78.843963987016949,0,0,2481083.1999289989,21.156036012983055,0,0,0,0,0,0,0,0,2481083.1999289989,21.156036012983055,11727542.902679905,1,1,primary_any_paired_year,GS65_85_lost_had3,0
country,Poland,ssp126,2071-2100,3.1762692693761103,0.038477548474438128,5.7258077185567569,3,5.8722746938031456,9.0485439631792559,11727542.902679905,11727542.902679905,11727542.902679905,2428751.2005669251,2428751.2005669251,679,679,11727542.902679905,2428751.2005669251,2020,11727542.902679905,100,0,0,0,0,0,0,7203748.8041117638,61.425900240924364,0,0,4523794.0985681415,38.574099759075636,0,0,0,0,0,0,0,0,4523794.0985681415,38.574099759075636,11727542.902679905,1,1,primary_any_paired_year,GS65_85_lost_had3,0
country,Poland,ssp245,2031-2060,2.852209152114225,1.5688654152524351,5.270262601715805,3,5.8028638841382802,8.6550730362525048,11727542.902679905,11727542.902679905,11727542.902679905,2428751.2005669251,2428751.2005669251,679,679,11727542.902679905,2428751.2005669251,2020,11727542.902679905,100,0,0,0,0,0,0,11717229.902435765,99.91206171378164,0,0,10313.000244140625,0.087938286218368578,0,0,0,0,0,0,0,0,10313.000244140625,0.087938286218368578,11727542.902679905,1,1,primary_any_paired_year,GS65_85_lost_had3,0
country,Poland,ssp245,2071-2100,4.2659338088371648,2.3901728389948897,7.2206771615280321,3,5.8028638841382802,10.068797692975446,11727542.902679905,11727542.902679905,11727542.902679905,2428751.2005669251,2428751.2005669251,679,679,11727542.902679905,2428751.2005669251,2020,11727542.902679905,100,0,0,0,0,0,0,11727542.902679905,100,0,0,0,0,0,0,0,0,0,0,0,0,0,0,11727542.902679905,1,1,primary_any_paired_year,GS65_85_lost_had3,0
country,Poland,ssp585,2031-2060,4.1723067616458263,3.5526072781909757,4.9154563537994536,3,5.7868188860095335,9.9591256476553607,11727542.902679905,11727542.902679905,11727542.902679905,2428751.2005669251,2428751.2005669251,679,679,11727542.902679905,2428751.2005669251,2020,11727542.902679905,100,0,0,0,0,0,0,11727542.902679905,100,0,0,0,0,0,0,0,0,0,0,0,0,0,0,11727542.902679905,1,1,primary_any_paired_year,GS65_85_lost_had3,0
country,Poland,ssp585,2071-2100,8.4534733767517256,5.3598541799757564,12.281227921311475,3,5.7868188860095335,14.240292262761258,11727542.902679905,11727542.902679905,11727542.902679905,2428751.2005669251,2428751.2005669251,679,679,11727542.902679905,2428751.2005669251,2020,11727542.902679905,100,0,0,0,0,0,0,11672347.502533421,99.529352392018353,0,0,55195.400146484375,0.4706476079816469,0,0,0,0,0,0,0,0,55195.400146484375,0.4706476079816469,11727542.902679905,1,1,primary_any_paired_year,GS65_85_lost_had3,0
country,Portugal,ssp126,2031-2060,0.8522439695804328,-1.4873198339960649,2.2786361096641148,3,9.6612654810539986,10.51350945063443,76670.199880599976,76670.199880599976,76670.199880599976,29110.600018978119,29110.600018978119,117,117,76670.199880599976,29110.600018978119,2020,75164.099882125854,98.035612270713258,1506.0999984741211,1.964387729286738,0,0,0,0,0,0,115,0.14999308750869542,76555.199880599976,99.85000691249131,0,0,0,0,0,0,0,0,76555.199880599976,99.85000691249131,76670.199880599976,1,1,primary_any_paired_year,GS65_85_lost_had3,0
country,Portugal,ssp126,2071-2100,0.23264967385711866,-1.4522714406630961,2.4506948477604604,3,9.6612654810539986,9.8939151549111166,76670.199880599976,76670.199880599976,76670.199880599976,29110.600018978119,29110.600018978119,117,117,76670.199880599976,29110.600018978119,2020,60387.999898910522,78.763326550542388,16282.199981689453,21.236673449457609,0,0,0,0,0,0,0,0,76670.199880599976,100,0,0,0,0,0,0,0,0,76670.199880599976,100,76670.199880599976,1,1,primary_any_paired_year,GS65_85_lost_had3,0
country,Portugal,ssp245,2031-2060,-0.31332772066748205,-1.7453625011653398,1.8822158589267559,3,9.3377802588942682,9.0244525382267859,76670.199880599976,76670.199880599976,76670.199880599976,29110.600018978119,29110.600018978119,117,117,76670.199880599976,29110.600018978119,2020,9040.9999809265137,11.792065228741079,67629.199899673462,88.20793477125892,0,0,0,0,0,0,340.89999008178711,0.44463166994826858,76329.299890518188,99.555368330051735,0,0,0,0,0,0,0,0,76329.299890518188,99.555368330051735,76670.199880599976,1,1,primary_any_paired_year,GS65_85_lost_had3,0
country,Portugal,ssp245,2071-2100,0.069475960212219245,-2.0098928368862299,3.5795434685063814,3,9.3377802588942682,9.4072562191064879,76670.199880599976,76670.199880599976,76670.199880599976,29110.600018978119,29110.600018978119,117,117,76670.199880599976,29110.600018978119,2020,33186.699924468994,43.285005094745159,43483.499956130981,56.714994905254841,0,0,0,0,0,0,4681.1999816894531,6.1056316391239083,71988.999898910522,93.894368360876086,0,0,0,0,0,0,0,0,71988.999898910522,93.894368360876086,76670.199880599976,1,1,primary_any_paired_year,GS65_85_lost_had3,0
country,Portugal,ssp585,2031-2060,-0.65697977807091257,-1.4904446774592082,0.22887170620844893,3,9.5665701647073451,8.909590386636431,76670.199880599976,76670.199880599976,76670.199880599976,29110.600018978119,29110.600018978119,117,117,76670.199880599976,29110.600018978119,2020,4608.7999992370605,6.0112012312664325,72061.399881362915,93.988798768733574,0,0,0,0,2200.400016784668,2.8699547154062395,26769.699989318848,34.915390896342821,47700.09987449646,62.214654388250942,0,0,0,0,0,0,0,0,47700.09987449646,62.214654388250942,76670.199880599976,1,1,primary_any_paired_year,GS65_85_lost_had3,0
country,Portugal,ssp585,2071-2100,-2.4260347275911323,-3.6608828513005305,-1.6679795961755444,3,9.5665701647073451,7.1405354371162124,76670.199880599976,76670.199880599976,76670.199880599976,29110.600018978119,29110.600018978119,117,117,76670.199880599976,29110.600018978119,2020,1582.9999923706055,2.0646874467992031,75087.19988822937,97.935312553200802,0,0,0,0,0,0,72311.299882888794,94.31474027131874,4358.8999977111816,5.6852597286812649,0,0,0,0,0,0,0,0,4358.8999977111816,5.6852597286812649,76670.199880599976,1,1,primary_any_paired_year,GS65_85_lost_had3,0
country,Republic of Moldova,ssp126,2031-2060,0.9671564665722846,-0.26215016488147214,2.1326728221406803,3,4.3867199410178879,5.3538764075901719,1094138.4012145996,1094138.4012145996,1094138.4012145996,331390.20010375977,331390.20010375977,82,82,1094138.4012145996,331390.20010375977,2020,1094138.4012145996,100,0,0,0,0,0,0,436403.50064086914,39.885584872665014,0,0,657734.90057373047,60.114415127334986,0,0,0,0,0,0,0,0,657734.90057373047,60.114415127334986,1094138.4012145996,1,1,primary_any_paired_year,GS65_85_lost_had3,0
country,Republic of Moldova,ssp126,2071-2100,1.2298351742051299,0.45055951105460751,2.3393479159876414,3,4.3867199410178879,5.6165551152230178,1094138.4012145996,1094138.4012145996,1094138.4012145996,331390.20010375977,331390.20010375977,82,82,1094138.4012145996,331390.20010375977,2020,1094138.4012145996,100,0,0,0,0,0,0,1043154.7007751465,95.340287811591637,0,0,50983.700439453125,4.6597121884083661,0,0,0,0,0,0,0,0,50983.700439453125,4.6597121884083661,1094138.4012145996,1,1,primary_any_paired_year,GS65_85_lost_had3,0
country,Republic of Moldova,ssp245,2031-2060,-0.62815252837382218,-1.6244443867829399,0.81821314739200901,3,4.4999872170523689,3.8718346886785464,1094138.4012145996,1094138.4012145996,1094138.4012145996,331390.20010375977,331390.20010375977,82,82,1094138.4012145996,331390.20010375977,2020,0,0,1094138.4012145996,100,0,0,0,0,0,0,73298.50048828125,6.6991982373448202,1020839.9007263184,93.300801762655183,0,0,0,0,0,0,0,0,1020839.9007263184,93.300801762655183,1094138.4012145996,1,1,primary_any_paired_year,GS65_85_lost_had3,0
country,Republic of Moldova,ssp245,2071-2100,0.58790263614821192,-0.36465444026559013,2.0361178219277543,3,4.4999872170523689,5.0878898532005801,1094138.4012145996,1094138.4012145996,1094138.4012145996,331390.20010375977,331390.20010375977,82,82,1094138.4012145996,331390.20010375977,2020,1020839.9007263184,93.300801762655183,73298.50048828125,6.6991982373448202,0,0,0,0,0,0,0,0,1094138.4012145996,100,0,0,0,0,0,0,0,0,1094138.4012145996,100,1094138.4012145996,1,1,primary_any_paired_year,GS65_85_lost_had3,0
country,Republic of Moldova,ssp585,2031-2060,1.209048814105139,0.74277293485176088,1.5279568954267304,3,4.3478205155277303,5.5568693296328702,1094138.4012145996,1094138.4012145996,1094138.4012145996,331390.20010375977,331390.20010375977,82,82,1094138.4012145996,331390.20010375977,2020,1094138.4012145996,100,0,0,0,0,0,0,870943.00012207031,79.600807279521419,0,0,223195.4010925293,20.399192720478577,0,0,0,0,0,0,0,0,223195.4010925293,20.399192720478577,1094138.4012145996,1,1,primary_any_paired_year,GS65_85_lost_had3,0
country,Republic of Moldova,ssp585,2071-2100,0.27820553714438473,-0.2545592802142892,1.1020833305567903,3,4.3478205155277303,4.626026052672116,1094138.4012145996,1094138.4012145996,1094138.4012145996,331390.20010375977,331390.20010375977,82,82,1094138.4012145996,331390.20010375977,2020,809694.70028686523,74.002950576273136,284443.70092773438,25.997049423726864,0,0,0,0,137317.50061035156,12.550286184811339,147094.40075683594,13.443856882597933,809726.49984741211,74.005856932590731,0,0,0,0,0,0,0,0,809726.49984741211,74.005856932590731,1094138.4012145996,1,1,primary_any_paired_year,GS65_85_lost_had3,0
country,Romania,ssp126,2031-2060,1.0311661056740604,-0.56791887401564534,2.5524029283821812,3,6.7626059223674808,7.7937720280415403,9041072.4987521842,9041072.4987521842,9041072.4987521842,2166233.8999021426,2166233.8999021426,472,472,9041072.4987521842,2166233.8999021426,2020,9014353.0987936556,99.704466478261111,26719.399958528578,0.29553352173888986,0,0,0,0,1241804.6009216309,13.735147031428188,0,0,7799267.8978305534,86.264852968571816,0,0,0,0,0,0,0,0,7799267.8978305534,86.264852968571816,9041072.4987521842,1,1,primary_any_paired_year,GS65_85_lost_had3,0
country,Romania,ssp126,2071-2100,1.3513113075514456,1.1050336337098436,1.5095849865619981,3,6.7626059223674808,8.1139172299189255,9041072.4987521842,9041072.4987521842,9041072.4987521842,2166233.8999021426,2166233.8999021426,472,472,9041072.4987521842,2166233.8999021426,2020,9041072.4987521842,100,0,0,0,0,0,0,7489209.1975366548,82.835406956091632,0,0,1551863.3012155294,17.164593043908361,0,0,0,0,0,0,0,0,1551863.3012155294,17.164593043908361,9041072.4987521842,1,1,primary_any_paired_year,GS65_85_lost_had3,0
country,Romania,ssp245,2031-2060,-0.51521350673799171,-1.8974645899000664,0.91405688839692723,3,6.932317250874541,6.4171037441365497,9041072.4987521842,9041072.4987521842,9041072.4987521842,2166233.8999021426,2166233.8999021426,472,472,9041072.4987521842,2166233.8999021426,2020,1582470.5966380835,17.503129157038508,7458601.9021141008,82.496870842961485,0,0,0,0,461.20001220703125,0.0051011648482045067,760664.79916157573,8.4134354554347386,8279946.4995784014,91.581463379717064,0,0,0,0,0,0,0,0,8279946.4995784014,91.581463379717064,9041072.4987521842,1,1,primary_any_paired_year,GS65_85_lost_had3,0
country,Romania,ssp245,2071-2100,0.74545216268544967,-0.47690382030794926,2.3806224545550427,3,6.932317250874541,7.6777694135599921,9041072.4987521842,9041072.4987521842,9041072.4987521842,2166233.8999021426,2166233.8999021426,472,472,9041072.4987521842,2166233.8999021426,2020,6982212.600748986,77.227702816371021,2058859.8980031982,22.772297183628982,0,0,0,0,1751200.1980516687,19.369385637526555,0,0,7289872.3007005155,80.630614362473452,0,0,0,0,0,0,0,0,7289872.3007005155,80.630614362473452,9041072.4987521842,1,1,primary_any_paired_year,GS65_85_lost_had3,0
country,Romania,ssp585,2031-2060,1.3730289025287672,0.77895200195070735,2.2101064721340418,3,6.7344372350371238,8.1074661375658916,9041072.4987521842,9041072.4987521842,9041072.4987521842,2166233.8999021426,2166233.8999021426,472,472,9041072.4987521842,2166233.8999021426,2020,9040909.5987491086,99.998198222577045,162.90000307559967,0.0018017774229559882,0,0,0,0,4775869.1954596564,52.824144437718033,0,0,4265203.3032925278,47.175855562281967,0,0,0,0,0,0,0,0,4265203.3032925278,47.175855562281967,9041072.4987521842,1,1,primary_any_paired_year,GS65_85_lost_had3,0
country,Romania,ssp585,2071-2100,0.83772128892688968,0.15872900988174371,1.6101051970817237,3,6.7344372350371238,7.5721585239640143,9041072.4987521842,9041072.4987521842,9041072.4987521842,2166233.8999021426,2166233.8999021426,472,472,9041072.4987521842,2166233.8999021426,2020,5016802.5979788378,55.489020784550043,4024269.9007733464,44.51097921544995,0,0,0,0,3795354.1962200031,41.979026235480625,2325412.3999470472,25.720537029959576,2920305.9025851339,32.300436734559796,0,0,0,0,0,0,0,0,2920305.9025851339,32.300436734559796,9041072.4987521842,1,1,primary_any_paired_year,GS65_85_lost_had3,0
country,Russian Federation,ssp126,2031-2060,1.1246862000600431,0.62162215045638547,1.4024615478328033,3,3.4911664636551758,4.6158526637152191,55582664.68187128,55582762.596466124,55585999.161188029,19703589.939004492,19703589.939004492,4048,4044,55582941.341732174,19701924.090742894,2020,55265301.468570516,99.423060307528971,317638.27316163608,0.57143575352590148,0,0,3059.4194558779277,0.0055039389451401908,46037799.332305863,82.822653234685333,62694.938178067088,0.11278908200654016,9482445.4712482207,17.059053744362977,0,0,0,0,0,0,3059.4194558779277,0.0055039389451401908,9482445.4712482207,17.059053744362977,55582939.74173215,0.99994001224468265,0.9999417737421159,primary_any_paired_year,GS65_85_lost_had3,0
country,Russian Federation,ssp126,2071-2100,1.1229770766814171,0.71835900789418516,1.3709470780172599,3,3.4911662518174453,4.6141433284988631,55582662.948537946,55582762.596466124,55585999.161188029,19703589.939004492,19703589.939004492,4048,4044,55582941.341732174,19701924.090742894,2020,52374115.49409768,94.221775778867368,3208772.2476344695,5.7726267334507853,0,0,3111.4194558779277,0.0055974876818449329,43639392.826154135,78.507885950936711,193702.06410584608,0.3484727575808248,11749792.851472167,21.138043803800613,0,0,0,0,0,0,3111.4194558779277,0.0055974876818449329,11749792.851472167,21.138043803800613,55582887.74173215,0.9999399810617704,0.9999417737421159,primary_any_paired_year,GS65_85_lost_had3,0
country,Russian Federation,ssp245,2031-2060,0.47479400616312323,-0.36082925409708722,1.1808782402021667,3,3.5916853969312919,4.0664794030944149,55572848.311524183,55582769.506566912,55585999.161188029,19703589.939004492,19703589.939004492,4048,4044,55582941.341732174,19701924.090742894,2020,44052789.366751082,79.251592184224307,11530098.374981066,20.742810328093842,0,0,3111.4194558779277,0.0055974876818449329,9532052.6671629325,17.148297792618479,6074459.3457913352,10.928038422367196,39976375.728777885,71.918066297332487,0,0,0,0,0,0,3111.4194558779277,0.0055974876818449329,39976375.728777885,71.918066297332487,55582887.74173215,0.99976341435141403,0.99994189805580802,primary_any_paired_year,GS65_85_lost_had3,0
country,Russian Federation,ssp245,2071-2100,1.2795672322656244,0.50586876380717916,2.1575112380823063,3,3.5927180872936546,4.8722853195592783,55525604.634987332,55582769.506566912,55585999.161188029,19703589.939004492,19703589.939004492,4048,4044,55582941.341732174,19701924.090742894,2020,51113874.69620169,91.954584729118395,4469013.0455304626,8.0398177831997568,0,0,3111.4194558779277,0.0055974876818449329,45768350.765558846,82.337911445722128,2813359.3977806908,5.061273414592268,7001177.5783926146,12.595217652003756,0,0,0,0,0,0,3111.4194558779277,0.0055974876818449329,7001177.5783926146,12.595217652003756,55582887.74173215,0.99891349391731599,0.99994189805580802,primary_any_paired_year,GS65_85_lost_had3,-7.4505805969238281e-09
country,Russian Federation,ssp585,2031-2060,0.94054322190469997,0.14552404804065164,2.0217364507229414,3,3.5331652130885733,4.4737084349932736,55582671.708201438,55582782.202059872,55585999.161188029,19703589.939004492,19703589.939004492,4048,4044,55582941.341732174,19701924.090742894,2020,52363229.556586251,94.202191823058882,3219711.7851459254,5.7923071164186863,0,0,3057.8194558540858,0.0055010605224294611,21735141.094944663,39.10182676021924,196318.43709994838,0.35317964966441473,33651481.809687562,60.539492529593915,0,0,0,0,0,0,3057.8194558540858,0.0055010605224294611,33651481.809687562,60.539492529593915,55582941.341732174,0.99994013864935771,0.99994212644952507,primary_any_paired_year,GS65_85_lost_had3,0
country,Russian Federation,ssp585,2071-2100,1.768256743492804,0.91514926230308025,3.1237131047040032,3,3.5341168029645504,5.3023735464573543,55542346.446789309,55582265.756625444,55585999.161188029,19703589.939004492,19703589.939004492,4048,4044,55582941.341732174,19701924.090742894,2020,47655405.783658646,85.732750157944835,7927535.5580735244,14.261748781532726,0,0,3057.8194558540858,0.0055010605224294611,45461660.603655092,81.786171499455421,6201628.2918719342,11.156817158019379,3919652.4462051485,7.0515102820027726,0,0,0,0,0,0,3057.8194558540858,0.0055010605224294611,3919652.4462051485,7.0515102820027726,55582941.341732174,0.99921468148351289,0.99993283552299272,primary_any_paired_year,GS65_85_lost_had3,0
country,Serbia,ssp126,2031-2060,1.2763250481719177,-0.0074958964057980993,2.8401227318191653,3,7.6870308775018907,8.9633559256738078,2950150.4031697512,2950150.4031697512,2950150.4031697512,585785.90012977272,527180.40006873757,166,166,2950150.4031697512,585785.90012977272,2020,2950150.4031697512,100,0,0,0,0,0,0,1786572.4010772705,60.558688775925148,0,0,1163578.0020924807,39.441311224074852,0,0,0,0,0,0,0,0,1163578.0020924807,39.441311224074852,2950150.4031697512,1,1,primary_any_paired_year,GS65_85_lost_had3,0
country,Serbia,ssp126,2071-2100,1.8411528444669003,1.4880007543906768,2.2312165265575827,3,7.6870308775018907,9.5281837219687908,2950150.4031697512,2950150.4031697512,2950150.4031697512,585785.90012977272,527180.40006873757,166,166,2950150.4031697512,585785.90012977272,2020,2950059.3031680286,99.996912021786258,91.100001722574234,0.003087978213744391,0,0,0,0,2546864.0037181377,86.329971549304489,0,0,403286.39945161343,13.670028450695515,0,0,0,0,0,0,0,0,403286.39945161343,13.670028450695515,2950150.4031697512,1,1,primary_any_paired_year,GS65_85_lost_had3,0
country,Serbia,ssp245,2031-2060,-0.0038894602085400298,-1.4487044225290164,1.7680358662230178,3,7.8037353541207644,7.7998458939122237,2950150.4031697512,2950150.4031697512,2950150.4031697512,585785.90012977272,527180.40006873757,166,166,2950150.4031697512,585785.90012977272,2020,1661721.4011077881,56.326667254739718,1288429.0020619631,43.673332745260282,0,0,0,0,0,0,12562.39997163415,0.4258223566546519,2937588.003198117,99.574177643345351,0,0,0,0,0,0,0,0,2937588.003198117,99.574177643345351,2950150.4031697512,1,1,primary_any_paired_year,GS65_85_lost_had3,0
country,Serbia,ssp245,2071-2100,1.5010445540287687,0.53790765257350159,3.318673655638904,3,7.8037353541207644,9.3047799081495342,2950150.4031697512,2950150.4031697512,2950150.4031697512,585785.90012977272,527180.40006873757,166,166,2950150.4031697512,585785.90012977272,2020,2950059.3031680286,99.996912021786258,91.100001722574234,0.003087978213744391,0,0,0,0,2570618.403929472,87.135164402720079,0,0,379531.9992402792,12.864835597279919,0,0,0,0,0,0,0,0,379531.9992402792,12.864835597279919,2950150.4031697512,1,1,primary_any_paired_year,GS65_85_lost_had3,0
country,Serbia,ssp585,2031-2060,1.9159243188416057,0.96418268579885968,3.218320819741145,3,7.68619517014882,9.6021194889904251,2950150.4031697512,2950150.4031697512,2950150.4031697512,585785.90012977272,527180.40006873757,166,166,2950150.4031697512,585785.90012977272,2020,2915698.8032362163,98.832208693613765,34451.599933534861,1.1677913063862364,0,0,0,0,2531658.4037935734,85.814553762190073,0,0,418491.99937617779,14.185446237809925,0,0,0,0,0,0,0,0,418491.99937617779,14.185446237809925,2950150.4031697512,1,1,primary_any_paired_year,GS65_85_lost_had3,0
country,Serbia,ssp585,2071-2100,1.6819194968846072,0.84182529837725872,2.4307546074268824,3,7.68619517014882,9.3681146670334279,2950150.4031697512,2950150.4031697512,2950150.4031697512,585785.90012977272,527180.40006873757,166,166,2950150.4031697512,585785.90012977272,2020,2770438.7034294605,93.908388550387073,179711.69974029064,6.0916114496129321,0,0,0,0,2315297.0033900738,78.480642915779228,25385.500047534704,0.8604815544407356,609467.89973214269,20.658875529780033,0,0,0,0,0,0,0,0,609467.89973214269,20.658875529780033,2950150.4031697512,1,1,primary_any_paired_year,GS65_85_lost_had3,0
country,Slovakia,ssp126,2031-2060,1.7421746393430668,0.19183946919652026,4.6718049342198631,3,7.3384678709798967,9.0806425103229635,2024898.6029567719,2024898.6029567719,2024898.6029567719,383622.99997655302,383622.99997655302,116,116,2024898.6029567719,383622.99997655302,2020,2024898.6029567719,100,0,0,0,0,0,0,1522779.2009159923,75.202738482431613,0,0,502119.40204077959,24.797261517568394,0,0,0,0,0,0,0,0,502119.40204077959,24.797261517568394,2024898.6029567719,1,1,primary_any_paired_year,GS65_85_lost_had3,0
country,Slovakia,ssp126,2071-2100,2.561068255370937,0.57871091163245991,3.5838051138479829,3,7.3384678709798967,9.8995361263508332,2024898.6029567719,2024898.6029567719,2024898.6029567719,383622.99997655302,383622.99997655302,116,116,2024898.6029567719,383622.99997655302,2020,2024898.6029567719,100,0,0,0,0,0,0,1997483.0026302338,98.646075399207362,0,0,27415.600326538086,1.3539246007926335,0,0,0,0,0,0,0,0,27415.600326538086,1.3539246007926335,2024898.6029567719,1,1,primary_any_paired_year,GS65_85_lost_had3,0
country,Slovakia,ssp245,2031-2060,1.0934396615927338,0.30460461748555456,2.57118679493448,3,7.3925585421195201,8.4859982037122546,2024898.6029567719,2024898.6029567719,2024898.6029567719,383622.99997655302,383622.99997655302,116,116,2024898.6029567719,383622.99997655302,2020,2017001.0027675629,99.609975522839676,7897.6001892089844,0.3900244771603304,0,0,0,0,1368479.3002843857,67.582608743278413,0,0,656419.30267238617,32.417391256721587,0,0,0,0,0,0,0,0,656419.30267238617,32.417391256721587,2024898.6029567719,1,1,primary_any_paired_year,GS65_85_lost_had3,0
country,Slovakia,ssp245,2071-2100,2.7955563431983639,1.4838788854655067,5.1793442501035969,3,7.3925585421195201,10.188114885317885,2024898.6029567719,2024898.6029567719,2024898.6029567719,383622.99997655302,383622.99997655302,116,116,2024898.6029567719,383622.99997655302,2020,2024898.6029567719,100,0,0,0,0,0,0,2020097.4027614594,99.762891821432348,0,0,4801.2001953125,0.23710817856764541,0,0,0,0,0,0,0,0,4801.2001953125,0.23710817856764541,2024898.6029567719,1,1,primary_any_paired_year,GS65_85_lost_had3,0
country,Slovakia,ssp585,2031-2060,2.7790428583683586,1.842037261390048,3.2523732909338992,3,7.4164703373526706,10.195513195721029,2024898.6029567719,2024898.6029567719,2024898.6029567719,383622.99997655302,383622.99997655302,116,116,2024898.6029567719,383622.99997655302,2020,2024898.6029567719,100,0,0,0,0,0,0,2024898.6029567719,100,0,0,0,0,0,0,0,0,0,0,0,0,0,0,2024898.6029567719,1,1,primary_any_paired_year,GS65_85_lost_had3,0
country,Slovakia,ssp585,2071-2100,4.802234754347559,2.8444878114654681,7.04983851932914,3,7.4164703373526706,12.21870509170023,2024898.6029567719,2024898.6029567719,2024898.6029567719,383622.99997655302,383622.99997655302,116,116,2024898.6029567719,383622.99997655302,2020,2024898.6029567719,100,0,0,0,0,0,0,2024898.6029567719,100,0,0,0,0,0,0,0,0,0,0,0,0,0,0,2024898.6029567719,1,1,primary_any_paired_year,GS65_85_lost_had3,0
country,Slovenia,ssp126,2031-2060,0.95210215728905145,-1.9253087142876633,4.2252022703974434,3,12.263805012319574,13.215907169608625,150812.7004905045,150812.7004905045,150812.7004905045,26935.800029948354,26935.800029948354,50,50,150812.7004905045,26935.800029948354,2020,150812.7004905045,100,0,0,0,0,0,0,0,0,0,0,150812.7004905045,100,0,0,0,0,0,0,0,0,150812.7004905045,100,150812.7004905045,1,1,primary_any_paired_year,GS65_85_lost_had3,0
country,Slovenia,ssp126,2071-2100,2.2360001351837089,1.1556184325433307,3.1609297012761655,3,12.263805012319574,14.499805147503286,150812.7004905045,150812.7004905045,150812.7004905045,26935.800029948354,26935.800029948354,50,50,150812.7004905045,26935.800029948354,2020,150812.7004905045,100,0,0,0,0,0,0,148249.90043750405,98.300673587393391,0,0,2562.8000530004501,1.6993264126066157,0,0,0,0,0,0,0,0,2562.8000530004501,1.6993264126066157,150812.7004905045,1,1,primary_any_paired_year,GS65_85_lost_had3,0
country,Slovenia,ssp245,2031-2060,0.53256937043658048,-1.5605586095278381,2.4439436452156942,3,12.277560941265762,12.810130311702343,150812.7004905045,150812.7004905045,150812.7004905045,26935.800029948354,26935.800029948354,50,50,150812.7004905045,26935.800029948354,2020,140466.50048652291,93.139702445263879,10346.20000398159,6.8602975547361211,0,0,0,0,3187.7000048756599,2.1136814038260421,0,0,147625.00048562884,97.886318596173965,0,0,0,0,0,0,0,0,147625.00048562884,97.886318596173965,150812.7004905045,1,1,primary_any_paired_year,GS65_85_lost_had3,0
country,Slovenia,ssp245,2071-2100,1.6077318838166048,-1.5877643139295543,4.7564622718500935,3,12.277560941265762,13.885292825082367,150812.7004905045,150812.7004905045,150812.7004905045,26935.800029948354,26935.800029948354,50,50,150812.7004905045,26935.800029948354,2020,150812.7004905045,100,0,0,0,0,0,0,0,0,0,0,150812.7004905045,100,0,0,0,0,0,0,0,0,150812.7004905045,100,150812.7004905045,1,1,primary_any_paired_year,GS65_85_lost_had3,0
country,Slovenia,ssp585,2031-2060,1.6178175217672115,0.70313994088118326,2.8611501120125822,3,12.352983494147553,13.970801015914764,150812.7004905045,150812.7004905045,150812.7004905045,26935.800029948354,26935.800029948354,50,50,150812.7004905045,26935.800029948354,2020,150812.7004905045,100,0,0,0,0,0,0,143322.30039805174,95.033309483822705,0,0,7490.4000924527645,4.9666905161773007,0,0,0,0,0,0,0,0,7490.4000924527645,4.9666905161773007,150812.7004905045,1,1,primary_any_paired_year,GS65_85_lost_had3,0
country,Slovenia,ssp585,2071-2100,2.9267109146454846,0.69089136372213789,5.6789071787255523,3,12.352983494147553,15.279694408793036,150812.7004905045,150812.7004905045,150812.7004905045,26935.800029948354,26935.800029948354,50,50,150812.7004905045,26935.800029948354,2020,150812.7004905045,100,0,0,0,0,0,0,146469.6004230082,97.120202706157528,0,0,4343.1000674962997,2.8797972938424712,0,0,0,0,0,0,0,0,4343.1000674962997,2.8797972938424712,150812.7004905045,1,1,primary_any_paired_year,GS65_85_lost_had3,0
country,Spain,ssp126,2031-2060,0.36935700485987971,0.071052323174649643,0.67650912480404257,3,4.2853866652909973,4.654743670150876,7570306.5045158044,7570306.5045158044,7570306.5045158044,1984749.5994665325,1984749.5994665325,924,924,7570306.5045158044,1984749.5994665325,2020,6874077.8031989262,90.803163638069776,696228.7013168782,9.196836361930222,0,0,0,0,3808016.700036034,50.302014822840967,226035.60106539726,2.9858183539935079,3536254.2034143731,46.712166823165525,0,0,0,0,0,0,0,0,3536254.2034143731,46.712166823165525,7570306.5045158044,1,1,primary_any_paired_year,GS65_85_lost_had3,0
country,Spain,ssp126,2071-2100,-0.00091813316113176224,-0.92650526971487701,0.82265973348813159,3,4.2853866652909973,4.284468532129865,7570306.5045158044,7570306.5045158044,7570306.5045158044,1984749.5994665325,1984749.5994665325,924,924,7570306.5045158044,1984749.5994665325,2020,4862890.4028942659,64.236374048969836,2707416.1016215384,35.763625951030157,0,0,0,0,212393.20015668869,2.8056089939025965,36750.000008821487,0.48544930098800554,7321163.3043502942,96.708941705109396,0,0,0,0,0,0,0,0,7321163.3043502942,96.708941705109396,7570306.5045158044,1,1,primary_any_paired_year,GS65_85_lost_had3,0
country,Spain,ssp245,2031-2060,0.015489346191710199,-0.67896701198705389,0.85360417418032231,3,4.1416084471587409,4.1570977933504514,7570306.5045158044,7570306.5045158044,7570306.5045158044,1984749.5994665325,1984749.5994665325,924,924,7570306.5045158044,1984749.5994665325,2020,4042740.3042051122,53.402597395410019,3527566.2003106922,46.597402604589981,0,0,0,0,829397.5015759021,10.955930266246865,1047417.0992686078,13.835861185327269,5693491.9036712945,75.208208548425858,0,0,0,0,0,0,0,0,5693491.9036712945,75.208208548425858,7570306.5045158044,1,1,primary_any_paired_year,GS65_85_lost_had3,0
country,Spain,ssp245,2071-2100,0.48663664818193442,-0.46292475525137988,2.2547557503109639,3,4.1416084471587409,4.6282450953406746,7570306.5045158044,7570306.5045158044,7570306.5045158044,1984749.5994665325,1984749.5994665325,924,924,7570306.5045158044,1984749.5994665325,2020,6252405.8027087003,82.591184372509133,1317900.7018071041,17.408815627490856,0,0,0,0,715605.40031636506,9.4527929600934311,18925.799924135208,0.25000044466952132,6835775.3042753041,90.297206595237043,0,0,0,0,0,0,0,0,6835775.3042753041,90.297206595237043,7570306.5045158044,1,1,primary_any_paired_year,GS65_85_lost_had3,0
country,Spain,ssp585,2031-2060,-0.3173752243915392,-0.38815672952824126,-0.19575647829197113,3,4.246473914941518,3.9290986905499792,7570306.5045158044,7570306.5045158044,7570306.5045158044,1984749.5994665325,1984749.5994665325,924,924,7570306.5045158044,1984749.5994665325,2020,2993836.4036677033,39.547096301607255,4576470.1008481011,60.452903698392745,0,0,0,0,433703.2007278502,5.7290045055525765,2310668.6004376113,30.522787935458915,4825934.7033503428,63.748207558988504,0,0,0,0,0,0,0,0,4825934.7033503428,63.748207558988504,7570306.5045158044,1,1,primary_any_paired_year,GS65_85_lost_had3,0
country,Spain,ssp585,2071-2100,-0.86214135139528558,-1.4382543052829337,-0.45118060009816757,3,4.2465799934415882,3.3844386420463031,7569769.8978507649,7570306.5045158044,7570306.5045158044,1984749.5994665325,1984749.5994665325,924,924,7570306.5045158044,1984749.5994665325,2020,853977.50161792338,11.280619894432446,6716329.002897881,88.719380105567552,0,0,0,0,209542.99974785,2.7679592579620702,4167457.7002843544,55.050052435768642,3193305.8044836,42.181988306269282,0,0,0,0,0,0,0,0,3193305.8044836,42.181988306269282,7570306.5045158044,0.99992911691690167,1,primary_any_paired_year,GS65_85_lost_had3,0
country,Sweden,ssp126,2031-2060,1.2054732273222017,-0.40732058080295525,3.5211601421178789,3,4.1969948894756124,5.402468116797813,3231633.7932350626,3239345.2832397404,3239616.3032408953,465928.39995798469,465928.39995798469,753,753,3239616.3032408953,465928.39995798469,2020,2944258.5033079535,90.882938833297402,295357.79993294179,9.1170611667025927,0,0,0,0,24266.399721220136,0.7490516607458777,87386.300053469837,2.697427468989122,3127963.6034662053,96.553520870265004,0,0,0,0,0,0,0,0,3127963.6034662053,96.553520870265004,3239616.3032408953,0.99753597054137333,0.99991634194429635,primary_any_paired_year,GS65_85_lost_had3,0
country,Sweden,ssp126,2071-2100,1.7774388177629927,-1.9893654007907471,4.8931181377859998,3,4.1970195351671231,5.9744583529301165,3231433.566568437,3239374.8899067244,3239616.3032408953,465928.39995798469,465928.39995798469,753,753,3239616.3032408953,465928.39995798469,2020,3098879.7032796741,95.655763313067993,140736.59996122122,4.3442366869320006,0,0,0,0,0,0,37168.700080111623,1.1473179722835771,3202447.6031607836,98.852682027716426,0,0,0,0,0,0,0,0,3202447.6031607836,98.852682027716426,3239616.3032408953,0.99747416486814433,0.99992548088675526,primary_any_paired_year,GS65_85_lost_had3,0
country,Sweden,ssp245,2031-2060,2.1723733030614314,0.05938155641783717,5.2881569024819308,3,4.0775650177600271,6.2499383208214576,3231842.2932346468,3239447.0765728271,3239616.3032408953,465928.39995798469,465928.39995798469,753,753,3239616.3032408953,465928.39995798469,2020,3063438.2032657415,94.561760298622218,176178.0999751538,5.4382397013777881,0,0,0,0,1221688.4001387805,37.710898013342188,101060.3000626266,3.1195144919330851,1916867.6030394882,59.169587494724723,0,0,0,0,0,0,0,0,1916867.6030394882,59.169587494724723,3239616.3032408953,0.9976003300148627,0.9999477633607724,primary_any_paired_year,GS65_85_lost_had3,0
country,Sweden,ssp245,2071-2100,2.3487859783730309,-0.28812373213509529,5.2214817322222657,3,4.0775654231845797,6.4263514015576106,3231842.2932346468,3239455.1899061608,3239616.3032408953,465928.39995798469,465928.39995798469,753,753,3239616.3032408953,465928.39995798469,2020,3123647.403161183,96.420289033497653,115968.90007971227,3.5797109665023474,0,0,0,0,1255074.0024047941,38.741439878211025,94920.000125557184,2.9299766157677287,1889622.300710544,58.328583506021246,0,0,0,0,0,0,0,0,1889622.300710544,58.328583506021246,3239616.3032408953,0.9976003300148627,0.99995026777258367,primary_any_paired_year,GS65_85_lost_had3,0
country,Sweden,ssp585,2031-2060,2.577562323261493,1.8649447495327081,3.743642133796969,3,4.0333068949361817,6.6108692181976743,3231694.1432338366,3239330.7632401702,3239616.3032408953,465928.39995798469,465928.39995798469,753,753,3239616.3032408953,465928.39995798469,2020,3154317.1031754687,97.366996826750935,85299.200065426528,2.633003173249056,0,0,0,0,3124151.2031723484,96.435840258210959,54093.000071421266,1.6697347774582723,61372.099997125566,1.8944249643307831,0,0,0,0,0,0,0,0,61372.099997125566,1.8944249643307831,3239616.3032408953,0.99755459929031309,0.99991185993216558,primary_any_paired_year,GS65_85_lost_had3,0
country,Sweden,ssp585,2071-2100,6.9666648250742265,2.1331729013594214,13.56777445963124,3,4.0333068949361817,10.999971720010407,3231694.1432338366,3239330.7632401702,3239616.3032408953,465928.39995798469,465928.39995798469,753,753,3239616.3032408953,465928.39995798469,2020,3231388.6031766459,99.746028563443829,8227.7000642493367,0.25397143655618687,0,0,0,0,3151836.3032503128,97.29041985920469,243.50000239163637,0.0075163222924900163,87536.49998819083,2.7020638185028201,0,0,0,0,0,0,0,0,87536.49998819083,2.7020638185028201,3239616.3032408953,0.99755459929031309,0.99991185993216558,primary_any_paired_year,GS65_85_lost_had3,0
country,Switzerland,ssp126,2031-2060,1.5048416564862579,-0.5082458379102226,4.6602813528707401,3,10.408757273086133,11.913598929572395,462284.61760953267,462629.04093592963,475793.39759254456,83354.800359964371,83354.800359964371,32,32,475793.39759254456,83354.800359964371,2020,461317.79762649536,96.957587045281855,5503.4999051094055,1.1566995113754059,0,0,8972.1000609397888,1.8857134433427407,0,0,1271.8999509811401,0.26732190009714213,465549.39758062363,97.846964656560118,0,0,0,0,0,0,8972.1000609397888,1.8857134433427407,465549.39758062363,97.846964656560118,466821.29753160477,0.9716078868446586,0.97233177945884719,primary_any_paired_year,GS65_85_lost_had3,0
country,Switzerland,ssp126,2071-2100,1.982293187030203,-1.209271155627724,5.7930694429273624,3,10.403982499969347,12.386275686999552,461920.92761851946,462629.04093592963,475793.39759254456,83354.800359964371,83354.800359964371,32,32,475793.39759254456,83354.800359964371,2020,465549.39758062363,97.846964656560118,1271.8999509811401,0.26732190009714213,0,0,8972.1000609397888,1.8857134433427407,88786.698861598969,18.660767322717934,0,0,378034.5986700058,79.453519233939332,0,0,0,0,0,0,8972.1000609397888,1.8857134433427407,378034.5986700058,79.453519233939332,466821.29753160477,0.9708435004684427,0.97233177945884719,primary_any_paired_year,GS65_85_lost_had3,0
country,Switzerland,ssp245,2031-2060,1.6815303700412734,0.4632199989109011,3.9623131514400844,3,10.403907032495306,12.085437402536579,462184.06427578925,462494.84760422708,475793.39759254456,83354.800359964371,83354.800359964371,32,32,475793.39759254456,83354.800359964371,2020,465080.89756536484,97.748497545072368,1740.3999662399292,0.36578901158488886,0,0,8972.1000609397888,1.8857134433427407,128790.19801330566,27.068513069951802,1534.5999631881714,0.32253494288761814,336496.49955511093,70.723238543817843,0,0,0,0,0,0,8972.1000609397888,1.8857134433427407,336496.49955511093,70.723238543817843,466821.29753160477,0.97139654861623381,0.97204973827798691,primary_any_paired_year,GS65_85_lost_had3,0
country,Switzerland,ssp245,2071-2100,2.7903828670493573,0.34456046317765993,5.7978683573283059,3,10.403907032495306,13.194289899544664,462184.06427578925,462494.84760422708,475793.39759254456,83354.800359964371,83354.800359964371,32,32,475793.39759254456,83354.800359964371,2020,461523.59762954712,97.000841113979121,5297.6999020576477,1.1134454426781353,0,0,8972.1000609397888,1.8857134433427407,387090.8978767395,81.356929254456105,1534.5999631881714,0.32253494288761814,78195.799691677094,16.434822359313543,0,0,0,0,0,0,8972.1000609397888,1.8857134433427407,78195.799691677094,16.434822359313543,466821.29753160477,0.97139654861623381,0.97204973827798691,primary_any_paired_year,GS65_85_lost_had3,0
country,Switzerland,ssp585,2031-2060,1.6904063620699024,0.62653085399511288,3.2646389594046945,3,10.499216025953531,12.189622388023432,462461.20760626794,462803.87760219572,475793.39759254456,83354.800359964371,83354.800359964371,32,32,475793.39759254456,83354.800359964371,2020,461317.79762649536,96.957587045281855,5503.4999051094055,1.1566995113754059,0,0,8972.1000609397888,1.8857134433427407,443391.09791946411,93.189838312798784,5034.9998898506165,1.0582323998876593,18395.199722290039,3.8662158439708207,0,0,0,0,0,0,8972.1000609397888,1.8857134433427407,18395.199722290039,3.8662158439708207,466821.29753160477,0.9719790353255513,0.97269924287290621,primary_any_paired_year,GS65_85_lost_had3,0
country,Switzerland,ssp585,2071-2100,3.897267204436444,0.64250606213637573,7.9274650258783961,3,10.499216025953531,14.396483230389975,462461.20760626794,462803.87760219572,475793.39759254456,83354.800359964371,83354.800359964371,32,32,475793.39759254456,83354.800359964371,2020,461523.59762954712,97.000841113979121,5297.6999020576477,1.1134454426781353,0,0,8972.1000609397888,1.8857134433427407,387090.8978767395,81.356929254456105,5297.6999020576477,1.1134454426781353,74432.699752807617,15.643911859523024,0,0,0,0,0,0,8972.1000609397888,1.8857134433427407,74432.699752807617,15.643911859523024,466821.29753160477,0.9719790353255513,0.97269924287290621,primary_any_paired_year,GS65_85_lost_had3,0
country,Turkey,ssp126,2031-2060,1.8556164347277206,0.35017336936829302,4.1729105022657667,3,9.4000786070609212,11.255695041788643,1296737.6057310016,1296737.6057310016,1296737.6057310016,354787.37815959292,354787.37815959292,56,56,1296737.6057310016,354787.37815959292,2020,1296737.6057310016,100,0,0,0,0,0,0,771435.53246780229,59.490488211215705,0,0,525302.07326319942,40.509511788784302,0,0,0,0,0,0,0,0,525302.07326319942,40.509511788784302,1296737.6057310016,1,1,primary_any_paired_year,GS65_85_lost_had3,0
country,Turkey,ssp126,2071-2100,0.99380830133311948,-0.92926060461726057,2.9628687333630972,3,9.4000786070609212,10.393886908394043,1296737.6057310016,1296737.6057310016,1296737.6057310016,354787.37815959292,354787.37815959292,56,56,1296737.6057310016,354787.37815959292,2020,1263407.4246100548,97.42968963237881,33330.181120946763,2.5703103676211927,0,0,0,0,20535.617486095187,1.5836370747124877,0,0,1276201.9882449063,98.416362925287515,0,0,0,0,0,0,0,0,1276201.9882449063,98.416362925287515,1296737.6057310016,1,1,primary_any_paired_year,GS65_85_lost_had3,0
country,Turkey,ssp245,2031-2060,0.062586887864161111,-2.2163694687571889,2.0485013337368287,3,9.5879706831489688,9.6505575710131293,1296737.6057310016,1296737.6057310016,1296737.6057310016,354787.37815959292,354787.37815959292,56,56,1296737.6057310016,354787.37815959292,2020,713569.83181472612,55.028081908095047,583167.77391627559,44.971918091904968,0,0,0,0,0,0,70789.604128075531,5.4590538452202715,1225948.0016029261,94.540946154779732,0,0,0,0,0,0,0,0,1225948.0016029261,94.540946154779732,1296737.6057310016,1,1,primary_any_paired_year,GS65_85_lost_had3,0
country,Turkey,ssp245,2071-2100,1.0764278851417148,-1.2520596087657394,5.3925803432326171,3,9.5879706831489688,10.664398568290684,1296737.6057310016,1296737.6057310016,1296737.6057310016,354787.37815959292,354787.37815959292,56,56,1296737.6057310016,354787.37815959292,2020,1065973.8305250357,82.204281406963673,230763.77520596588,17.795718593036323,0,0,0,0,29765.89145378492,2.2954444540077312,0,0,1266971.7142772167,97.704555545992264,0,0,0,0,0,0,0,0,1266971.7142772167,97.704555545992264,1296737.6057310016,1,1,primary_any_paired_year,GS65_85_lost_had3,0
country,Turkey,ssp585,2031-2060,1.0536516621373806,-1.1156110682072129,2.9570369491369495,3,9.3273860196177907,10.381037681755171,1296737.6057310016,1296737.6057310016,1296737.6057310016,354787.37815959292,354787.37815959292,56,56,1296737.6057310016,354787.37815959292,2020,1120982.7299085807,86.446380898829275,175754.87582242096,13.553619101170726,0,0,0,0,49635.178491835992,3.8276963876477903,0,0,1247102.4272391656,96.172303612352209,0,0,0,0,0,0,0,0,1247102.4272391656,96.172303612352209,1296737.6057310016,1,1,primary_any_paired_year,GS65_85_lost_had3,0
country,Turkey,ssp585,2071-2100,-0.58660388664977892,-1.9367462630245877,1.2004459606539797,3,9.3273860196177907,8.7407821329680129,1296737.6057310016,1296737.6057310016,1296737.6057310016,354787.37815959292,354787.37815959292,56,56,1296737.6057310016,354787.37815959292,2020,683913.76588562573,52.741106825546829,612823.83984537574,47.258893174453164,0,0,0,0,141909.97860169929,10.943615576082664,474921.30950070248,36.624318397319719,679906.31762859982,52.432066026597617,0,0,0,0,0,0,0,0,679906.31762859982,52.432066026597617,1296737.6057310016,1,1,primary_any_paired_year,GS65_85_lost_had3,0
country,Ukraine,ssp126,2031-2060,1.2277048164124769,0.1219418275222711,2.245410428717872,3,6.4676136416910142,7.6953184581034924,28486543.410891756,28486543.410891756,28488641.210894808,6829732.900716804,6829732.900716804,1292,1291,28486543.410891756,6829209.5007190928,2020,26058782.208770745,91.470779584970785,2427761.2021210119,8.5218567784572752,0,0,2097.8000030517578,0.0073636365719313554,15577973.70260442,54.681350322341778,13585.700133562088,0.047688129570625355,12894984.008153774,45.263597911515667,0,0,0,0,0,0,2097.8000030517578,0.0073636365719313554,12894984.008153774,45.263597911515667,28486543.410891756,0.99992636363428067,0.99992636363428067,primary_any_paired_year,GS65_85_lost_had3,0
country,Ukraine,ssp126,2071-2100,1.4504887988093804,0.26549315088481229,3.0515213181454417,3,6.4676136416910142,7.9181024405003955,28486543.410891756,28486543.410891756,28488641.210894808,6829732.900716804,6829732.900716804,1292,1291,28486543.410891756,6829209.5007190928,2020,25602853.610712044,89.870392277329231,2883689.8001797125,10.122244086098826,0,0,2097.8000030517578,0.0073636365719313554,14588345.002362318,51.20758443468111,97348.499755859375,0.34170987319195389,13800849.908773579,48.443342055555007,0,0,0,0,0,0,2097.8000030517578,0.0073636365719313554,13800849.908773579,48.443342055555007,28486543.410891756,0.99992636363428067,0.99992636363428067,primary_any_paired_year,GS65_85_lost_had3,0
country,Ukraine,ssp245,2031-2060,-0.11003277294939288,-1.1423753223449422,0.95083617120721819,3,6.6173261951098192,6.5072934221604273,28486543.410891756,28486543.410891756,28488641.210894808,6829732.900716804,6829732.900716804,1292,1291,28486543.410891756,6829209.5007190928,2020,10626167.500260949,37.299664177023729,17860375.910630807,62.692972186404347,0,0,2097.8000030517578,0.0073636365719313554,2106071.8024443984,7.39267200163615,7731750.8062946722,27.139766860266565,18648720.802152686,65.460197501525357,0,0,0,0,0,0,2097.8000030517578,0.0073636365719313554,18648720.802152686,65.460197501525357,28486543.410891756,0.99992636363428067,0.99992636363428067,primary_any_paired_year,GS65_85_lost_had3,0
country,Ukraine,ssp245,2071-2100,0.63747095518359698,0.090411431249070209,1.5079564847812228,3,6.6173261951098192,7.2547971502934168,28486543.410891756,28486543.410891756,28488641.210894808,6829732.900716804,6829732.900716804,1292,1291,28486543.410891756,6829209.5007190928,2020,18604028.603478901,65.303320245278073,9882514.8074128553,34.689316118149996,0,0,2097.8000030517578,0.0073636365719313554,12801239.900865197,44.934540071955645,6639949.9034264013,23.307359077859807,9045353.6066001579,31.750737213612616,0,0,0,0,0,0,2097.8000030517578,0.0073636365719313554,9045353.6066001579,31.750737213612616,28486543.410891756,0.99992636363428067,0.99992636363428067,primary_any_paired_year,GS65_85_lost_had3,0
country,Ukraine,ssp585,2031-2060,1.035945907697245,0.35427784134387752,1.5150686049773245,3,6.4318667076155664,7.4678126153128117,28486543.410891756,28486543.410891756,28488641.210894808,6829732.900716804,6829732.900716804,1292,1291,28486543.410891756,6829209.5007190928,2020,20952808.505985253,73.547939162406749,7533734.9049065039,26.444697201021317,0,0,2097.8000030517578,0.0073636365719313554,16364019.201531164,57.440504376435939,5008351.3040325567,17.580169117076849,7114172.9053280354,24.971962869915284,0,0,0,0,0,0,2097.8000030517578,0.0073636365719313554,7114172.9053280354,24.971962869915284,28486543.410891756,0.99992636363428067,0.99992636363428067,primary_any_paired_year,GS65_85_lost_had3,0
country,Ukraine,ssp585,2071-2100,0.16276112228336448,-0.51924588253249115,0.60098726415641079,3,6.4318667076155664,6.59462782989893,28486543.410891756,28486543.410891756,28488641.210894808,6829732.900716804,6829732.900716804,1292,1291,28486543.410891756,6829209.5007190928,2020,13909533.001326792,48.824838286802603,14577010.409564964,51.167798076625473,0,0,2097.8000030517578,0.0073636365719313554,6187241.5985458419,21.718275549694091,9727573.0091628954,34.145443923253225,12571728.803183019,44.128916890480752,0,0,0,0,0,0,2097.8000030517578,0.0073636365719313554,12571728.803183019,44.128916890480752,28486543.410891756,0.99992636363428067,0.99992636363428067,primary_any_paired_year,GS65_85_lost_had3,0
country,United Kingdom of Great Britain and Northern Ireland,ssp126,2031-2060,0.98660317395886199,-1.2196857852960146,2.8815315745105621,3,9.2803622803940886,10.266965454352951,13368817.585657429,13368817.585657429,13368817.585657429,1674201.4569344972,1674201.4569344972,483,483,13368817.585657429,1674201.4569344972,2020,13368817.585657429,100,0,0,0,0,0,0,91838.390213012695,0.68695970772718429,0,0,13276979.195444416,99.313040292272817,0,0,0,0,0,0,0,0,13276979.195444416,99.313040292272817,13368817.585657429,1,1,primary_any_paired_year,GS65_85_lost_had3,0
country,United Kingdom of Great Britain and Northern Ireland,ssp126,2071-2100,1.5559610753072795,-4.6580893414715385,6.1897382596946837,3,9.2803622803940886,10.836323355701367,13368817.585657429,13368817.585657429,13368817.585657429,1674201.4569344972,1674201.4569344972,483,483,13368817.585657429,1674201.4569344972,2020,13326509.214868855,99.683529448154317,42308.370788574219,0.31647055184569378,0,0,0,0,0,0,0,0,13368817.585657429,100,0,0,0,0,0,0,0,0,13368817.585657429,100,13368817.585657429,1,1,primary_any_paired_year,GS65_85_lost_had3,0
country,United Kingdom of Great Britain and Northern Ireland,ssp245,2031-2060,1.7325052650293848,-2.4217985147025183,5.6932012361798989,3,9.1818436999122373,10.914348964941622,13368817.585657429,13368817.585657429,13368817.585657429,1674201.4569344972,1674201.4569344972,483,483,13368817.585657429,1674201.4569344972,2020,13368817.585657429,100,0,0,0,0,0,0,10438.325088500977,0.078079643331356433,0,0,13358379.260568928,99.92192035666865,0,0,0,0,0,0,0,0,13358379.260568928,99.92192035666865,13368817.585657429,1,1,primary_any_paired_year,GS65_85_lost_had3,0
country,United Kingdom of Great Britain and Northern Ireland,ssp245,2071-2100,2.1742471162451054,-2.2922530174706495,7.5659499055733788,3,9.1818436999122373,11.356090816157341,13368817.585657429,13368817.585657429,13368817.585657429,1674201.4569344972,1674201.4569344972,483,483,13368817.585657429,1674201.4569344972,2020,13368817.585657429,100,0,0,0,0,0,0,25976.366256536916,0.19430563765344019,0,0,13342841.219400892,99.805694362346557,0,0,0,0,0,0,0,0,13342841.219400892,99.805694362346557,13368817.585657429,1,1,primary_any_paired_year,GS65_85_lost_had3,0
country,United Kingdom of Great Britain and Northern Ireland,ssp585,2031-2060,2.4180555883504287,-0.77373665809168779,5.5878007595869237,3,9.2294156349873671,11.647471223337796,13368817.585657429,13368817.585657429,13368817.585657429,1674201.4569344972,1674201.4569344972,483,483,13368817.585657429,1674201.4569344972,2020,13368817.585657429,100,0,0,0,0,0,0,3291498.6833836939,24.620716546502493,0,0,10077318.902273735,75.379283453497507,0,0,0,0,0,0,0,0,10077318.902273735,75.379283453497507,13368817.585657429,1,1,primary_any_paired_year,GS65_85_lost_had3,0
country,United Kingdom of Great Britain and Northern Ireland,ssp585,2071-2100,5.2181931739809349,0.20262249503241322,9.4703771289638592,3,9.2294156349873671,14.447608808968303,13368817.585657429,13368817.585657429,13368817.585657429,1674201.4569344972,1674201.4569344972,483,483,13368817.585657429,1674201.4569344972,2020,13368817.585657429,100,0,0,0,0,0,0,7357972.2084493563,55.03831704864659,0,0,6010845.3772080727,44.96168295135341,0,0,0,0,0,0,0,0,6010845.3772080727,44.96168295135341,13368817.585657429,1,1,primary_any_paired_year,GS65_85_lost_had3,0
environment_region,Alpine,ssp126,2031-2060,1.2455481702404037,-0.18113728752224753,3.0985349456018754,3,9.2051601489069039,10.450708319147308,4385167.137590819,4387341.0755613884,4414982.9699338274,995879.26810799411,988215.46809507778,828,828,4414982.9699338274,995879.26810799411,2020,4035683.3094626674,91.40880807345799,365833.46041845158,8.2861805562963422,0,0,13466.200052708387,0.30501137024567554,2064340.8637339699,46.75761781624518,152753.0221915989,3.4598779481563526,2184422.8839555504,49.477492865352801,0,0,0,0,0,0,13466.200052708387,0.30501137024567554,2184422.8839555504,49.477492865352801,4401516.769881119,0.99324667104130293,0.9937390711219769,primary_any_paired_year,GS65_85_lost_had3,0
environment_region,Alpine,ssp126,2071-2100,1.7081129731735587,0.68569525383695851,2.6927855671636793,3,9.2028246899027035,10.910937663076263,4385121.5080694417,4385568.465077471,4414982.9699338274,995879.26810799411,988215.46809507778,828,828,4414982.9699338274,995879.26810799411,2020,4107532.4432751746,93.036201300154488,293314.22658935073,6.6436094677336204,0,0,14136.30006930232,0.32018923211190092,3128156.4224291672,70.85319340373475,130049.45027125505,2.945638774982732,1142640.7971641028,25.880978589170613,0,0,0,0,0,0,14136.30006930232,0.32018923211190092,1142640.7971641028,25.880978589170613,4400846.6698645251,0.99323633588900717,0.99333757229491704,primary_any_paired_year,GS65_85_lost_had3,0
environment_region,Alpine,ssp245,2031-2060,0.35293133270154975,-0.88891924961000157,1.67213533670258,3,9.3167831880342504,9.6697145207358002,4385907.4410279887,4388563.7093620095,4414982.9699338274,995879.26810799411,988215.46809507778,828,828,4414982.9699338274,995879.26810799411,2020,3019463.5565850404,68.391284341246219,1382041.7132951252,31.30344381183059,0,0,13477.700053662062,0.30527184692320725,1315801.4996820092,29.803093435301083,585013.90250427148,13.250649130205813,2500689.8676938848,56.640985587569901,0,0,0,0,0,0,13477.700053662062,0.30527184692320725,2500689.8676938848,56.640985587569901,4401505.2698801653,0.99341435083581431,0.99401599943833674,primary_any_paired_year,GS65_85_lost_had3,0
environment_region,Alpine,ssp245,2071-2100,1.5524281167221592,0.01870096856261667,3.5704889214814157,3,9.3168955998070633,10.869323716529223,4385907.4410279887,4388630.1793621611,4414982.9699338274,995879.26810799411,988215.46809507778,828,828,4414982.9699338274,995879.26810799411,2020,3760475.5228592535,85.175312078624302,641029.74702091189,14.519416074452485,0,0,13477.700053662062,0.30527184692320725,2139724.0037660501,48.465056792690653,175516.12276433568,3.9754654538784404,2086265.1433497795,47.254205906507693,0,0,0,0,0,0,13477.700053662062,0.30527184692320725,2086265.1433497795,47.254205906507693,4401505.2698801653,0.99341435083581431,0.99403105498908384,primary_any_paired_year,GS65_85_lost_had3,0
environment_region,Alpine,ssp585,2031-2060,1.676230152675978,1.0893200532374863,2.2996012130788275,3,9.2562249341884026,10.93245508686438,4385727.4550415874,4388341.2858567722,4414982.9699338274,995879.26810799411,988215.46809507778,828,828,4414982.9699338274,995879.26810799411,2020,3861727.0821169382,87.468674475426539,539831.78776325122,12.227267725368877,0,0,13424.10005363822,0.30405779920458953,2908041.5004778793,65.867558726312936,337059.62378727132,7.6344490133406611,1156457.7456150388,26.193934461141804,0,0,0,0,0,0,13424.10005363822,0.30405779920458953,1156457.7456150388,26.193934461141804,4401558.8698801892,0.99337358375072538,0.99396562019412393,primary_any_paired_year,GS65_85_lost_had3,0
environment_region,Alpine,ssp585,2071-2100,2.5485122029146088,1.5008546709202675,4.3275038269004167,3,9.2562376747829376,11.804749877697548,4385727.471708254,4388414.114613425,4414982.9699338274,995879.26810799411,988215.46809507778,828,828,4414982.9699338274,995879.26810799411,2020,3731905.6824310264,84.528201079039732,669653.18744916306,15.167741121755673,0,0,13424.10005363822,0.30405779920458953,2976195.7435267256,67.411262145170483,286753.02302333876,6.4949972621895906,1138610.1033301251,25.789682793435347,0,0,0,0,0,0,13424.10005363822,0.30405779920458953,1138610.1033301251,25.789682793435347,4401558.8698801892,0.99337358752574945,0.99398211601237485,primary_any_paired_year,GS65_85_lost_had3,0
environment_region,Atlantic,ssp126,2031-2060,0.74241681506905743,-1.6925018130309273,3.4624255217740516,3,12.009513101482588,12.751929916551644,44565284.30064296,44565392.427308135,44580512.873920038,5964182.5788768921,5964182.5788768921,1457,1455,44566117.573962763,5962528.4789318237,2020,40756376.278095558,91.421954685358429,3809658.8958671093,8.5455699144632113,0,0,14477.699957370758,0.032475400178359835,92296.925027698278,0.20703423778171184,146977.10073250532,0.32968912032972175,44326761.148202464,99.430801241710213,0,0,0,0,0,0,14477.699957370758,0.032475400178359835,44326761.148202464,99.430801241710213,44566035.173962668,0.99965840291429242,0.99966082833872583,primary_any_paired_year,GS65_85_lost_had3,0
environment_region,Atlantic,ssp126,2071-2100,1.4332781144001518,-5.2344789424831335,5.8723223856168563,3,12.009500909667096,13.442779024067249,44564674.270652533,44565392.427308135,44580512.873920038,5964182.5788768921,5964182.5788768921,1457,1455,44566117.573962763,5962528.4789318237,2020,42637103.231680587,95.640674552722885,1928865.8422836065,4.3267017760399265,0,0,14543.799955844879,0.032623671237199066,0,0,1251.799979865551,0.0028079532943145304,44564717.273984328,99.964568375468488,0,0,0,0,0,0,14543.799955844879,0.032623671237199066,44564717.273984328,99.964568375468488,44565969.073964193,0.99964471913294717,0.99966082833872583,primary_any_paired_year,GS65_85_lost_had3,0
environment_region,Atlantic,ssp245,2031-2060,1.4729988868079638,-2.3997733665012784,5.2422622680557689,3,11.900151767649772,13.373150654457737,44565311.247309156,44565486.887306988,44580512.873920038,5964182.5788768921,5964182.5788768921,1457,1455,44566117.573962763,5962528.4789318237,2020,41294366.380820379,92.628737802112454,3271602.6931438148,7.3386385266503495,0,0,14543.799955844879,0.032623671237199066,674223.62631520629,1.5123729693779109,11335.599753141403,0.025427252901284635,43880409.847895846,98.429576106483594,0,0,0,0,0,0,14543.799955844879,0.032623671237199066,43880409.847895846,98.429576106483594,44565969.073964193,0.99965900736373592,0.99966294720171689,primary_any_paired_year,GS65_85_lost_had3,0
environment_region,Atlantic,ssp245,2071-2100,2.0883679120892626,-1.7850014416655733,6.7175808548827236,3,11.900151547640833,13.988519459730098,44565311.247309156,44565486.887306988,44580512.873920038,5964182.5788768921,5964182.5788768921,1457,1455,44566117.573962763,5962528.4789318237,2020,41704572.276346982,93.548884002957479,2861396.7976172119,6.4184923258053237,0,0,14543.799955844879,0.032623671237199066,5031962.0296219308,11.287357872828936,2877.7999245524406,0.0064552867139309579,39531129.244417712,88.673563169219932,0,0,0,0,0,0,14543.799955844879,0.032623671237199066,39531129.244417712,88.673563169219932,44565969.073964193,0.99965900736373592,0.99966294720171689,primary_any_paired_year,GS65_85_lost_had3,0
environment_region,Atlantic,ssp585,2031-2060,2.3524891365684195,-0.58920869481108051,5.1817925434692098,3,11.853825443930402,14.206314580498821,44565299.000642724,44565358.400642626,44580512.873920038,5964182.5788768921,5964182.5788768921,1457,1455,44566117.573962763,5962528.4789318237,2020,41887218.976502299,93.958584763179473,2678816.1974603683,6.0089398366421607,0,0,14477.699957370758,0.032475400178359835,12702822.746228524,28.494115314810067,500808.39926943183,1.1233796270711116,31362404.028464716,70.350029657940468,0,0,0,0,0,0,14477.699957370758,0.032475400178359835,31362404.028464716,70.350029657940468,44566035.173962668,0.99965873265477356,0.99966006507551242,primary_any_paired_year,GS65_85_lost_had3,0
environment_region,Atlantic,ssp585,2071-2100,5.0552061919413172,0.65910082276134696,8.5660514246720467,3,11.853825566832777,16.909031758774095,44565299.000642724,44565366.860642523,44580512.873920038,5964182.5788768921,5964182.5788768921,1457,1455,44566117.573962763,5962528.4789318237,2020,42643351.375494957,95.654689967556791,1922737.2984677106,4.3129546398568408,0,0,14424.199957370758,0.032355392586362622,29181706.778955419,65.458436652546794,615729.30002123117,1.3811624414519417,14768652.59498602,33.128045513414897,0,0,0,0,0,0,14424.199957370758,0.032355392586362622,14768652.59498602,33.128045513414897,44566088.673962668,0.99965873265477356,0.99966025484452481,primary_any_paired_year,GS65_85_lost_had3,0
environment_region,Black Sea,ssp126,2031-2060,1.421457220833428,-0.62738063023797852,3.4191601693090865,3,7.9176990544508108,9.3391562752842372,503175.50532423193,503175.50532423193,503175.50532423193,118715.90368723862,118715.90368723862,24,24,503175.50532423193,118715.90368723862,2020,503175.50532423193,100,0,0,0,0,0,0,57442.10516906764,11.41591841440167,0,0,445733.4001551643,88.584081585598341,0,0,0,0,0,0,0,0,445733.4001551643,88.584081585598341,503175.50532423193,1,1,primary_any_paired_year,GS65_85_lost_had3,0
environment_region,Black Sea,ssp126,2071-2100,0.75119435559033387,-1.1159403824113152,2.4714692023246339,3,7.9176990544508108,8.668893410041143,503175.50532423193,503175.50532423193,503175.50532423193,118715.90368723862,118715.90368723862,24,24,503175.50532423193,118715.90368723862,2020,503175.50532423193,100,0,0,0,0,0,0,9651.4764186333523,1.9181133255710086,0,0,493524.02890559856,98.081886674429001,0,0,0,0,0,0,0,0,493524.02890559856,98.081886674429001,503175.50532423193,1,1,primary_any_paired_year,GS65_85_lost_had3,0
environment_region,Black Sea,ssp245,2031-2060,-0.42799000915453389,-2.8690067341847141,1.2172821209710536,3,8.0721573470850903,7.644167337930555,503175.50532423193,503175.50532423193,503175.50532423193,118715.90368723862,118715.90368723862,24,24,503175.50532423193,118715.90368723862,2020,29529.805061111707,5.868688906484735,473645.70026312023,94.131311093515265,0,0,0,0,0,0,0,0,503175.50532423193,100,0,0,0,0,0,0,0,0,503175.50532423193,100,503175.50532423193,1,1,primary_any_paired_year,GS65_85_lost_had3,0
environment_region,Black Sea,ssp245,2071-2100,0.35965047383703458,-1.2892352245978951,2.4618411794342689,3,8.0721573470850903,8.4318078209221241,503175.50532423193,503175.50532423193,503175.50532423193,118715.90368723862,118715.90368723862,24,24,503175.50532423193,118715.90368723862,2020,346554.70503126318,68.873524518637524,156620.80029296875,31.126475481362469,0,0,0,0,8301.676391642879,1.6498570188335213,0,0,494873.82893258904,98.350142981166485,0,0,0,0,0,0,0,0,494873.82893258904,98.350142981166485,503175.50532423193,1,1,primary_any_paired_year,GS65_85_lost_had3,0
environment_region,Black Sea,ssp585,2031-2060,1.2168610160087325,-1.2576362696409176,3.8758087792538451,3,7.8312998594300067,9.0481608754387395,503175.50532423193,503175.50532423193,503175.50532423193,118715.90368723862,118715.90368723862,24,24,503175.50532423193,118715.90368723862,2020,503175.50532423193,100,0,0,0,0,0,0,7286.8764019425616,1.4481778872059972,0,0,495888.62892228935,98.551822112794014,0,0,0,0,0,0,0,0,495888.62892228935,98.551822112794014,503175.50532423193,1,1,primary_any_paired_year,GS65_85_lost_had3,0
environment_region,Black Sea,ssp585,2071-2100,-0.73795356859511363,-2.1241816595045759,0.32246952716192717,3,7.8312998594300067,7.0933462908348934,503175.50532423193,503175.50532423193,503175.50532423193,118715.90368723862,118715.90368723862,24,24,503175.50532423193,118715.90368723862,2020,28499.305099534351,5.6638895967660847,474676.20022469759,94.336110403233917,0,0,0,0,7286.8764019425616,1.4481778872059972,237094.30026245117,47.119602952388227,258794.32865983821,51.432219160405779,0,0,0,0,0,0,0,0,258794.32865983821,51.432219160405779,503175.50532423193,1,1,primary_any_paired_year,GS65_85_lost_had3,0
environment_region,Boreal,ssp126,2031-2060,2.014247623745721,0.67653290076344275,4.4176655317753726,3,5.4746959555802226,7.4889435793259436,14621726.0074457,14650688.369528055,14651971.922177825,3317002.818681987,3317002.818681987,2914,2914,14651971.922177825,3317002.818681987,2020,13920341.822298665,95.006610006044752,731557.69987811148,4.9928958625070514,0,0,72.400001049041748,0.00049413144820086735,10179015.498417526,69.471983378634192,271128.89983437955,1.8504601378875682,4201755.1239248691,28.677062352030042,0,0,0,0,0,0,72.400001049041748,0.00049413144820086735,4201755.1239248691,28.677062352030042,14651899.522176776,0.99793571029942096,0.99991239727617642,primary_any_paired_year,GS65_85_lost_had3,0
environment_region,Boreal,ssp126,2071-2100,2.7187570442329112,-0.59803327219827374,5.8823001404093258,3,5.4747052375792977,8.1934622818122094,14621204.444111308,14650765.806195034,14651971.922177825,3317002.818681987,3317002.818681987,2914,2914,14651971.922177825,3317002.818681987,2020,14193886.522116166,96.873558026900923,458011.20006061345,3.1259355566150719,0,0,74.200001046061516,0.00050641648400751678,4073243.3175880564,27.79996671589732,135457.99998261034,0.92450354602151241,10443196.404606111,71.275023321597146,0,0,0,0,0,0,74.200001046061516,0.00050641648400751678,10443196.404606111,71.275023321597146,14651897.722176779,0.99790011349803731,0.9999176823441106,primary_any_paired_year,GS65_85_lost_had3,0
environment_region,Boreal,ssp245,2031-2060,3.3889377032970494,1.5039434623079173,6.6802602675438552,3,5.4507173454339766,8.8396550487310268,14624420.000778468,14651083.17918513,14651971.922177825,3317002.818681987,3317002.818681987,2914,2914,14651971.922177825,3317002.818681987,2020,13813721.222572025,94.278922290746465,838178.29960475117,5.7205835778053205,0,0,72.400001049041748,0.00049413144820086735,10208509.327814884,69.673279351312885,431211.80038402975,2.9430291204102699,4012178.3939778614,27.383197396828638,0,0,0,0,0,0,72.400001049041748,0.00049413144820086735,4012178.3939778614,27.383197396828638,14651899.522176776,0.99811957588059164,0.99993934311385413,primary_any_paired_year,GS65_85_lost_had3,0
environment_region,Boreal,ssp245,2071-2100,3.8444991567395479,2.1104255859926631,7.1047021214335011,3,5.450724097947095,9.2952232546866433,14624440.337445389,14651136.419185143,14651971.922177825,3317002.818681987,3317002.818681987,2914,2914,14651971.922177825,3317002.818681987,2020,13935765.422339495,95.111876383312946,716134.09983728081,4.8876294852388495,0,0,72.400001049041748,0.00049413144820086735,11729720.732212096,80.055577464337816,227452.09980612993,1.5523651083568424,2694726.6901585492,18.391563295857129,0,0,0,0,0,0,72.400001049041748,0.00049413144820086735,2694726.6901585492,18.391563295857129,14651899.522176776,0.99812096386215687,0.99994297675445187,primary_any_paired_year,GS65_85_lost_had3,0
environment_region,Boreal,ssp585,2031-2060,3.5261171092310906,2.7593965624933925,4.8858206653644984,3,5.411774767746901,8.9378918769779911,14622431.407449774,14650682.083207298,14651971.922177825,3317002.818681987,3317002.818681987,2914,2914,14651971.922177825,3317002.818681987,2020,14096415.422211494,96.208315829998156,555556.49996633083,3.7916841700018393,0,0,0,0,13670371.401623398,93.300556909554018,312783.30015838891,2.1347522491832467,668817.22039603745,4.5646908412627267,0,0,0,0,0,0,0,0,668817.22039603745,4.5646908412627267,14651971.922177825,0.99798385399010103,0.99991196823353345,primary_any_paired_year,GS65_85_lost_had3,0
environment_region,Boreal,ssp585,2071-2100,8.278295827993654,5.1477626592658812,13.26848214649527,3,5.4116212413328819,13.689917069326539,14622431.407449774,14650699.493207531,14651971.922177825,3317002.818681987,3317002.818681987,2914,2914,14651971.922177825,3317002.818681987,2020,14602910.322118122,99.665153603076178,49061.600059702992,0.33484639692382528,0,0,0,0,14166824.322422612,96.688857975349549,20010.399973399937,0.13657137810311645,465137.19978181273,3.1745706465473225,0,0,0,0,0,0,0,0,465137.19978181273,3.1745706465473225,14651971.922177825,0.99798385399010103,0.99991315646951462,primary_any_paired_year,GS65_85_lost_had3,0
environment_region,Continental,ssp126,2031-2060,1.4211651456396586,0.17865819170210065,3.4650169743620123,3,7.2727274086172642,8.6938925542569212,106617234.69846927,106617234.69846927,106617234.69846927,23097113.578839809,22883676.776990928,5057,5057,106617234.69846927,23097113.578839809,2020,106026225.89900313,99.445672361379835,591008.79946613312,0.55432763862015488,0,0,0,0,52610858.502177484,49.345547791564357,0,0,54006376.196291789,50.654452208435657,0,0,0,0,0,0,0,0,54006376.196291789,50.654452208435657,106617234.69846927,1,1,primary_any_paired_year,GS65_85_lost_had3,-1.4901161193847656e-08
environment_region,Continental,ssp126,2071-2100,2.0429735028699985,-0.48987035357346453,3.9095478032932873,3,7.2727274086172642,9.3157009114872622,106617234.69846927,106617234.69846927,106617234.69846927,23097113.578839809,22883676.776990928,5057,5057,106617234.69846927,23097113.578839809,2020,106364523.197612,99.7629731238369,252711.5008572638,0.23702687616310128,0,0,0,0,51938100.688093588,48.714544918542401,0,0,54679134.010375686,51.285455081457606,0,0,0,0,0,0,0,0,54679134.010375686,51.285455081457606,106617234.69846927,1,1,primary_any_paired_year,GS65_85_lost_had3,-1.4901161193847656e-08
environment_region,Continental,ssp245,2031-2060,1.1574909176763657,0.052261174122777629,3.2360704537542992,3,7.3273885791181002,8.4848794967944663,106616258.45512618,106617234.69846927,106617234.69846927,23097113.578839809,22883676.776990928,5057,5057,106617234.69846927,23097113.578839809,2020,85044038.884660825,79.7657518741497,21573195.813808441,20.234248125850307,0,0,0,0,32956158.692565918,30.910723567133633,3214736.4009929001,3.0152126999773472,70446339.604910448,66.074063732889016,0,0,0,0,0,0,0,0,70446339.604910448,66.074063732889016,106617234.69846927,0.99999084347529887,1,primary_any_paired_year,GS65_85_lost_had3,0
environment_region,Continental,ssp245,2071-2100,2.1377147832806194,0.87319435382746291,4.6408036823844299,3,7.3273737881264944,9.4650885714071133,106616924.43846612,106617234.69846927,106617234.69846927,23097113.578839809,22883676.776990928,5057,5057,106617234.69846927,23097113.578839809,2020,98989236.390036657,92.845435984148509,7627998.3084326088,7.1545640158514878,0,0,0,0,67295508.502862573,63.118790027883499,495593.70210266113,0.46483451151615407,38826132.493504032,36.416375460600342,0,0,0,0,0,0,0,0,38826132.493504032,36.416375460600342,106617234.69846927,0.99999708996388781,1,primary_any_paired_year,GS65_85_lost_had3,0
environment_region,Continental,ssp585,2031-2060,2.1221610842152634,1.8037125306897861,2.5518911840248193,3,7.2323482938532822,9.3545093780685455,106617234.69846927,106617234.69846927,106617234.69846927,23097113.578839809,22883676.776990928,5057,5057,106617234.69846927,23097113.578839809,2020,104551089.69820696,98.062090987347688,2066145.0002623051,1.9379090126523131,0,0,0,0,78542827.379017204,73.668040257420841,563553.60052776337,0.52857645588125024,27510853.718924314,25.803383286697919,0,0,0,0,0,0,0,0,27510853.718924314,25.803383286697919,106617234.69846927,1,1,primary_any_paired_year,GS65_85_lost_had3,-1.4901161193847656e-08
environment_region,Continental,ssp585,2071-2100,3.893774439919818,2.0795551853364538,6.3278917223386175,3,7.2324724538311296,11.126246893750951,106610240.47845432,106617234.69846927,106617234.69846927,23097113.578839809,22883676.776990928,5057,5057,106617234.69846927,23097113.578839809,2020,94004685.385885254,88.170252822393735,12612549.312584013,11.829747177606263,0,0,0,0,82811176.986699626,77.671473304389281,7659065.4105002135,7.1837029277314182,16146992.301269434,15.144823767879304,0,0,0,0,0,0,0,0,16146992.301269434,15.144823767879304,106617234.69846927,0.99993439878613688,1,primary_any_paired_year,GS65_85_lost_had3,-1.4901161193847656e-08
environment_region,Mediterranean,ssp126,2031-2060,0.50339137602255335,0.19204241417141496,0.8210834812765897,3,6.592203094947096,7.0955944709696501,13310770.258850317,13310770.258850317,13310770.258850317,3663288.9430908519,3318606.0444627139,1535,1535,13310770.258850317,3663288.9430908519,2020,11869249.059500743,89.17026459538576,1441521.1993495747,10.829735404614235,0,0,0,0,5579560.8853347311,41.917640954135521,728366.60045416653,5.4720094050896595,7002842.7730614189,52.610349640774814,0,0,0,0,0,0,0,0,7002842.7730614189,52.610349640774814,13310770.258850317,1,1,primary_any_paired_year,GS65_85_lost_had3,0
environment_region,Mediterranean,ssp126,2071-2100,0.29739022820167843,-0.42158033981736198,0.71036511712814099,3,6.592203094947096,6.8895933231487758,13310770.258850317,13310770.258850317,13310770.258850317,3663288.9430908519,3318606.0444627139,1535,1535,13310770.258850317,3663288.9430908519,2020,9649722.2772878222,72.495596345160649,3661047.9815624948,27.50440365483934,0,0,0,0,1772670.0990604386,13.317562128921818,548565.99971324205,4.1212190507795823,10989534.160076637,82.561218820298606,0,0,0,0,0,0,0,0,10989534.160076637,82.561218820298606,13310770.258850317,1,1,primary_any_paired_year,GS65_85_lost_had3,0
environment_region,Mediterranean,ssp245,2031-2060,-0.19278248320895233,-0.90610365135800452,1.1363865063642058,3,6.5937395748900629,6.4009570916811116,13310770.258850317,13310770.258850317,13310770.258850317,3663288.9430908519,3318606.0444627139,1535,1535,13310770.258850317,3663288.9430908519,2020,6335152.4882073114,47.594183995438392,6975617.7706430051,52.405816004561601,0,0,0,0,1004181.3009163737,7.5441261579035563,2047170.0078375493,15.379801228831129,10259418.950096393,77.076072613265296,0,0,0,0,0,0,0,0,10259418.950096393,77.076072613265296,13310770.258850317,1,1,primary_any_paired_year,GS65_85_lost_had3,1.862645149230957e-09
environment_region,Mediterranean,ssp245,2071-2100,0.25693639222686393,-1.1705935080072352,2.759197777233942,3,6.5937395748900629,6.8506759671169268,13310770.258850317,13310770.258850317,13310770.258850317,3663288.9430908519,3318606.0444627139,1535,1535,13310770.258850317,3663288.9430908519,2020,10040695.385012446,75.432865189273301,3270074.8738378701,24.567134810726682,0,0,0,0,939760.07422350242,7.0601479549889827,810323.50003303587,6.0877280899221633,11560686.684593778,86.852123955088842,0,0,0,0,0,0,0,0,11560686.684593778,86.852123955088842,13310770.258850317,1,1,primary_any_paired_year,GS65_85_lost_had3,0
environment_region,Mediterranean,ssp585,2031-2060,-0.12830697365339061,-0.52695037354864771,0.6246590669956017,3,6.6102976476976822,6.481990674044293,13310770.258850317,13310770.258850317,13310770.258850317,3663288.9430908519,3318606.0444627139,1535,1535,13310770.258850317,3663288.9430908519,2020,6977616.4861902129,52.42083178132237,6333153.7726601036,47.57916821867763,0,0,0,0,1539329.7017801793,11.564542636115895,3002300.2000658661,22.555420472903435,8769140.3570042718,65.880036890980662,0,0,0,0,0,0,0,0,8769140.3570042718,65.880036890980662,13310770.258850317,1,1,primary_any_paired_year,GS65_85_lost_had3,0
environment_region,Mediterranean,ssp585,2071-2100,-1.1495356733565629,-1.6425435448747605,-0.87509181079724363,3,6.6103947728232173,5.4608590994666555,13310233.652185278,13310770.258850317,13310770.258850317,3663288.9430908519,3318606.0444627139,1535,1535,13310770.258850317,3663288.9430908519,2020,3391595.860115814,25.480087133655889,9919174.3987345025,74.519912866344114,0,0,0,0,1009878.7001042531,7.586929084233768,5826964.4065335337,43.776312664244138,6473927.1522125304,48.636758251522096,0,0,0,0,0,0,0,0,6473927.1522125304,48.636758251522096,13310770.258850317,0.99995968628001208,1,primary_any_paired_year,GS65_85_lost_had3,0
environment_region,Outside EEA regions,ssp126,2031-2060,0.7102003579676136,0.60466752469923835,0.89798366169626487,3,2.1004688774128022,2.8106692353804159,223302.75905752784,223302.75905752784,223302.75905752784,84571.306582505189,84571.306582505189,76,76,223302.75905752784,84571.306582505189,2020,223302.75905752784,100,0,0,0,0,0,0,222003.36939160965,99.418104070275533,0,0,1299.389665918201,0.58189592972447279,0,0,0,0,0,0,0,0,1299.389665918201,0.58189592972447279,223302.75905752784,1,1,primary_any_paired_year,GS65_85_lost_had3,0
environment_region,Outside EEA regions,ssp126,2071-2100,0.4225877580178401,0.066158075238271885,1.0162965917576428,3,2.1004688774128022,2.5230566354306423,223302.75905752784,223302.75905752784,223302.75905752784,84571.306582505189,84571.306582505189,76,76,223302.75905752784,84571.306582505189,2020,223149.8590551973,99.931527938581738,152.90000233054161,0.068472061418260899,0,0,0,0,98750.543747798598,44.222715457966295,105.30000174045563,0.04715571011521983,124446.91530798879,55.730128831918485,0,0,0,0,0,0,0,0,124446.91530798879,55.730128831918485,223302.75905752784,1,1,primary_any_paired_year,GS65_85_lost_had3,0
environment_region,Outside EEA regions,ssp245,2031-2060,0.28350260524449711,-0.26875475094468504,0.71953420479408403,3,2.2168959432498263,2.5003985484943239,223162.76884372087,223302.75905752784,223302.75905752784,84571.306582505189,84571.306582505189,76,76,223302.75905752784,84571.306582505189,2020,202033.46781575869,90.475132805551368,21269.29124176917,9.524867194448646,0,0,0,0,28563.217658430367,12.791251563117424,92.500001907348633,0.04142358217952808,194647.04139719013,87.167324854703054,0,0,0,0,0,0,0,0,194647.04139719013,87.167324854703054,223302.75905752784,0.99937309232363358,1,primary_any_paired_year,GS65_85_lost_had3,0
environment_region,Outside EEA regions,ssp245,2071-2100,0.85504034706422871,0.27203646243449048,1.9046433035548291,3,2.2171254101553699,3.0721657572195986,223162.76884372087,223302.75905752784,223302.75905752784,84571.306582505189,84571.306582505189,76,76,223302.75905752784,84571.306582505189,2020,223302.75905752784,100,0,0,0,0,0,0,121741.51405991016,54.518589279296272,0,0,101561.24499761769,45.481410720703735,0,0,0,0,0,0,0,0,101561.24499761769,45.481410720703735,223302.75905752784,0.99937309232363358,1,primary_any_paired_year,GS65_85_lost_had3,0
environment_region,Outside EEA regions,ssp585,2031-2060,0.2286840024573287,-0.12423540895018162,0.40604112976496926,3,2.1358839959904352,2.3645679984477641,223302.70475042792,223302.75905752784,223302.75905752784,84571.306582505189,84571.306582505189,76,76,223302.75905752784,84571.306582505189,2020,208537.45457090143,93.387764419506098,14765.304486626401,6.6122355804938904,0,0,0,0,77138.575491753261,34.544389786012729,0,0,146164.18356577458,65.455610213987271,0,0,0,0,0,0,0,0,146164.18356577458,65.455610213987271,223302.75905752784,0.99999975680058695,1,primary_any_paired_year,GS65_85_lost_had3,0
environment_region,Outside EEA regions,ssp585,2071-2100,1.9032634470894443,0.9464777028040291,3.145444383952285,3,2.1368743714116376,4.0401378185010826,223070.80245972177,223298.31313563586,223302.75905752784,84571.306582505189,84571.306582505189,76,76,223302.75905752784,84571.306582505189,2020,223302.75905752784,100,0,0,0,0,0,0,223302.75905752784,100,0,0,0,0,0,0,0,0,0,0,0,0,0,0,223302.75905752784,0.99896124616289983,0.9999800901613991,primary_any_paired_year,GS65_85_lost_had3,0
environment_region,Pannonian,ssp126,2031-2060,1.5989856294440952,-0.18597070908534624,3.9842887769981377,3,6.9995367092588454,8.5985223387029421,9021868.9015709311,9021868.9015709311,9021868.9015709311,1765576.9011852592,1709272.1011364311,285,285,9021868.9015709311,1765576.9011852592,2020,9021868.9015709311,100,0,0,0,0,0,0,3803674.098887682,42.160600429755391,0,0,5218194.8026832491,57.839399570244609,0,0,0,0,0,0,0,0,5218194.8026832491,57.839399570244609,9021868.9015709311,1,1,primary_any_paired_year,GS65_85_lost_had3,0
environment_region,Pannonian,ssp126,2071-2100,2.4142426884934958,1.6486068888060985,3.1656060275747602,3,6.9995367092588454,9.4137793977523412,9021868.9015709311,9021868.9015709311,9021868.9015709311,1765576.9011852592,1709272.1011364311,285,285,9021868.9015709311,1765576.9011852592,2020,9021868.9015709311,100,0,0,0,0,0,0,8967420.1019623429,99.396479818066211,0,0,54448.799608588219,0.60352018193378243,0,0,0,0,0,0,0,0,54448.799608588219,0.60352018193378243,9021868.9015709311,1,1,primary_any_paired_year,GS65_85_lost_had3,0
environment_region,Pannonian,ssp245,2031-2060,0.57457217330689025,-0.29751533406526742,2.1932986391815525,3,7.1590185932144008,7.7335907665212913,9021868.9015709311,9021868.9015709311,9021868.9015709311,1765576.9011852592,1709272.1011364311,285,285,9021868.9015709311,1765576.9011852592,2020,8679638.2013660818,96.206654032123438,342230.70020484924,3.7933459678765491,0,0,0,0,961682.49948728085,10.659459918773903,0,0,8060186.4020836502,89.340540081226095,0,0,0,0,0,0,0,0,8060186.4020836502,89.340540081226095,9021868.9015709311,1,1,primary_any_paired_year,GS65_85_lost_had3,0
environment_region,Pannonian,ssp245,2071-2100,2.0955471691446701,0.67382557417946687,4.5127352917731507,3,7.1590185932144008,9.2545657623590714,9021868.9015709311,9021868.9015709311,9021868.9015709311,1765576.9011852592,1709272.1011364311,285,285,9021868.9015709311,1765576.9011852592,2020,9021868.9015709311,100,0,0,0,0,0,0,7504671.7040539384,83.183116335764851,0,0,1517197.1975169927,16.816883664235146,0,0,0,0,0,0,0,0,1517197.1975169927,16.816883664235146,9021868.9015709311,1,1,primary_any_paired_year,GS65_85_lost_had3,0
environment_region,Pannonian,ssp585,2031-2060,2.5050305361415424,1.7689513384293087,3.2476843335004002,3,7.0835667196790553,9.5885972558205967,9021868.9015709311,9021868.9015709311,9021868.9015709311,1765576.9011852592,1709272.1011364311,285,285,9021868.9015709311,1765576.9011852592,2020,9021868.9015709311,100,0,0,0,0,0,0,8952049.1026207358,99.226104926684997,0,0,69819.798950195312,0.77389507331499741,0,0,0,0,0,0,0,0,69819.798950195312,0.77389507331499741,9021868.9015709311,1,1,primary_any_paired_year,GS65_85_lost_had3,0
environment_region,Pannonian,ssp585,2071-2100,3.3521204635660062,2.3486397639455938,5.221689976429281,3,7.0835667196790553,10.43568718324506,9021868.9015709311,9021868.9015709311,9021868.9015709311,1765576.9011852592,1709272.1011364311,285,285,9021868.9015709311,1765576.9011852592,2020,9021868.9015709311,100,0,0,0,0,0,0,8998931.9016930014,99.745762212595039,0,0,22936.999877929688,0.2542377874049554,0,0,0,0,0,0,0,0,22936.999877929688,0.2542377874049554,9021868.9015709311,1,1,primary_any_paired_year,GS65_85_lost_had3,0
environment_region,Steppic,ssp126,2031-2060,0.70439104873902869,0.048873505588548631,1.1364778575367247,3,3.6542667973418403,4.3586578460808685,45937357.070687599,45937357.070687599,45940337.302547283,14932227.180374689,14932227.180374689,2108,2105,45937357.070687599,14930604.917226624,2020,43310848.714667074,94.276296731207481,2626508.3560205223,5.7172160899107913,0,0,2980.2318596852574,0.0064871788817275639,23231238.672082685,50.568280592042079,53336.31250040383,0.11609908771272008,22652782.086104512,49.309133141363482,0,0,0,0,0,0,2980.2318596852574,0.0064871788817275639,22652782.086104512,49.309133141363482,45937357.070687599,0.9999351282111828,0.9999351282111828,primary_any_paired_year,GS65_85_lost_had3,0
environment_region,Steppic,ssp126,2071-2100,0.61770716448942153,0.31546255564214765,0.79385674786035232,3,3.6542667973418403,4.2719739618312618,45937357.070687599,45937357.070687599,45940337.302547283,14932227.180374689,14932227.180374689,2108,2105,45937357.070687599,14930604.917226624,2020,39995985.439043373,87.060713498125949,5941371.6316442257,12.932799322992324,0,0,2980.2318596852574,0.0064871788817275639,26929135.193801686,58.617626197334268,260674.91064493509,0.56742054140399467,18747546.966240976,40.808466082380001,0,0,0,0,0,0,2980.2318596852574,0.0064871788817275639,18747546.966240976,40.808466082380001,45937357.070687599,0.9999351282111828,0.9999351282111828,primary_any_paired_year,GS65_85_lost_had3,7.4505805969238281e-09
environment_region,Steppic,ssp245,2031-2060,-0.11052860271344178,-0.73915659456420246,0.37074466064727007,3,3.7214436191592184,3.6109150164457762,45923597.283047661,45937357.070687599,45940337.302547283,14932227.180374689,14932227.180374689,2108,2105,45937357.070687599,14930604.917226624,2020,21552735.293234069,46.914621351809316,24384621.777453531,53.078891469308964,0,0,2980.2318596852574,0.0064871788817275639,5690989.3115683384,12.387783037136705,12109218.647120928,26.358575835814555,28137149.111998331,61.247153948167011,0,0,0,0,0,0,2980.2318596852574,0.0064871788817275639,28137149.111998331,61.247153948167011,45937357.070687599,0.99963561391834421,0.9999351282111828,primary_any_paired_year,GS65_85_lost_had3,7.4505805969238281e-09
environment_region,Steppic,ssp245,2071-2100,0.42178440452847044,-0.0037783941132032354,0.97830645885995038,3,3.7228938937994678,4.1446782983279382,45878260.750015475,45937357.070687599,45940337.302547283,14932227.180374689,14932227.180374689,2108,2105,45937357.070687599,14930604.917226624,2020,32062384.50378298,69.79135632512039,13874972.566904617,30.202156495997869,0,0,2980.2318596852574,0.0064871788817275639,23048698.19463037,50.170938107919319,8996802.5643430036,19.583666756935525,13891856.311714226,30.238907956263432,0,0,0,0,0,0,2980.2318596852574,0.0064871788817275639,13891856.311714226,30.238907956263432,45937357.070687599,0.99864875714509904,0.9999351282111828,primary_any_paired_year,GS65_85_lost_had3,0
environment_region,Steppic,ssp585,2031-2060,0.57950495835807903,-0.26477760434300779,1.7291876942963063,3,3.6546809025207208,4.2341858608787994,45937357.070687599,45937357.070687599,45940337.302547283,14932227.180374689,14932227.180374689,2108,2105,45937357.070687599,14930604.917226624,2020,36380512.16841922,79.190781575741724,9556844.9022683818,20.802731245376549,0,0,2980.2318596852574,0.0064871788817275639,11467235.346609451,24.961147479371295,4573546.2581582787,9.9554041757213785,29896575.465919871,65.076961166025612,0,0,0,0,0,0,2980.2318596852574,0.0064871788817275639,29896575.465919871,65.076961166025612,45937357.070687599,0.9999351282111828,0.9999351282111828,primary_any_paired_year,GS65_85_lost_had3,0
environment_region,Steppic,ssp585,2071-2100,0.24968499534155478,-0.22391702790297774,1.0800741520860764,3,3.6559351712877155,3.9056201666292698,45899388.679961711,45936952.38068305,45940337.302547283,14932227.180374689,14932227.180374689,2108,2105,45937357.070687599,14930604.917226624,2020,25319285.780723263,55.113408536770514,20618071.289964337,44.880104284347766,0,0,2980.2318596852574,0.0064871788817275639,21229110.236598782,46.21017494231954,15186784.369338468,33.057624869672857,9521462.4647503495,20.725713009125876,0,0,0,0,0,0,2980.2318596852574,0.0064871788817275639,9521462.4647503495,20.725713009125876,45937357.070687599,0.99910865646640989,0.9999263191769372,primary_any_paired_year,GS65_85_lost_had3,0
environment_region,Unassigned,ssp126,2031-2060,1.1762554570257209,-0.4220842891849465,3.4825725571557942,3,11.314415118315578,12.490670575341298,2577987.6355987005,2578224.2889322834,2580697.3698629681,466442.64319859835,452984.14324690046,657,653,2578513.982263986,465869.45808736584,2020,2343022.5231053345,90.790286008225223,235490.75915866357,9.1250823094831865,0,0,2184.0875989702467,0.084631682291605503,280236.32600124984,10.858937947308794,106606.80421562819,4.1309300912446343,2191670.15204712,84.925500279154974,0,0,0,0,0,0,2184.0875989702467,0.084631682291605503,2191670.15204712,84.925500279154974,2578513.2822639979,0.99894999921497518,0.99904170052654562,primary_any_paired_year,GS65_85_lost_had3,0
environment_region,Unassigned,ssp126,2071-2100,1.6092485994413961,-3.063552471030432,5.0092566720438434,3,11.314424557597226,12.923673157038621,2577895.7089312784,2578237.2822656301,2580697.3698629681,466442.64319859835,452984.14324690046,657,653,2578513.982263986,465869.45808736584,2020,2212119.2663405193,85.717887427380916,366285.11592576752,14.193261100785978,0,0,2292.9875966814284,0.088851471833103129,126583.17695896972,4.9049988750014162,95318.403291471128,3.6935134047326295,2356502.8020158461,91.312636248432867,0,0,0,0,0,0,2292.9875966814284,0.088851471833103129,2356502.8020158461,91.312636248432867,2578404.3822662868,0.99891437835198849,0.99904673534135902,primary_any_paired_year,GS65_85_lost_had3,0
environment_region,Unassigned,ssp245,2031-2060,1.6482625616765707,-1.1016110438566733,4.8546334884539579,3,11.222189975905309,12.870452537581881,2577997.4222654686,2578234.3889325657,2580697.3698629681,466442.64319859835,452984.14324690046,657,653,2578513.982263986,465869.45808736584,2020,1853283.0749538017,71.813266313058961,725230.20731019636,28.102102004649431,0,0,2184.0875989702467,0.084631682291605503,416342.39213626942,16.132941312618019,317216.29567512526,12.291882782519714,1844954.5944526033,71.490544222570662,0,0,0,0,0,0,2184.0875989702467,0.084631682291605503,1844954.5944526033,71.490544222570662,2578513.2822639979,0.99895379147162733,0.99904561419747828,primary_any_paired_year,GS65_85_lost_had3,0
environment_region,Unassigned,ssp245,2071-2100,2.0063217696434763,-0.96236011433223112,5.8174439951522077,3,11.222191790284549,13.228513559928027,2578014.4822652657,2578271.0022658738,2580697.3698629681,466442.64319859835,452984.14324690046,657,653,2578513.982263986,465869.45808736584,2020,2026522.2445868824,78.526148329220334,551991.03767711553,21.389219988488055,0,0,2184.0875989702467,0.084631682291605503,737087.48997694917,28.56156241272442,199640.51367229025,7.735913400914999,1641785.2786147585,63.617892504068983,0,0,0,0,0,0,2184.0875989702467,0.084631682291605503,1641785.2786147585,63.617892504068983,2578513.2822639979,0.99896040208781056,0.99905980157711283,primary_any_paired_year,GS65_85_lost_had3,0
environment_region,Unassigned,ssp585,2031-2060,2.2106905795167902,0.74290252016701064,4.2281033662467333,3,11.150720678136565,13.361411257653359,2577923.2422647816,2578242.0622652862,2580697.3698629681,466442.64319859835,452984.14324690046,657,653,2578513.982263986,465869.45808736584,2020,2125558.0840201871,82.363709470244928,452955.8982437987,17.551685971914253,0,0,2183.3875989821677,0.084604557840817371,1178452.0272863798,45.664092235229973,220889.25939718646,8.5592856402575936,1179172.6955804196,45.692017566671609,0,0,0,0,0,0,2183.3875989821677,0.084604557840817371,1179172.6955804196,45.692017566671609,2578513.982263986,0.99892504730287934,0.99904858755375403,primary_any_paired_year,GS65_85_lost_had3,0
environment_region,Unassigned,ssp585,2071-2100,4.6628251177625071,1.2090175925329778,8.0702938720198851,3,11.150717418339687,15.81354253610219,2577923.2422647816,2578246.9755985932,2580697.3698629681,466442.64319859835,452984.14324690046,657,653,2578513.982263986,465869.45808736584,2020,1900316.0517027909,73.635757291591901,678197.93056119513,26.279638150567287,0,0,2183.3875989821677,0.084604557840817371,1607099.37333827,62.273840865874362,540537.30765448918,20.945396929016557,430877.30127122684,16.696157647268262,0,0,0,0,0,0,2183.3875989821677,0.084604557840817371,430877.30127122684,16.696157647268262,2578513.982263986,0.99892504730287934,0.99905049143189351,primary_any_paired_year,GS65_85_lost_had3,0
Europe,Europe,ssp126,2031-2060,1.1465753080483541,0.23569979261159466,2.9459494235719923,3,7.3756285548432023,8.5222038628915548,241721044.44206518,241747542.63280219,241844854.56171423,54405001.122625828,53769454.322135366,14941,14932,241825295.64229828,54401151.574421458,2020,232009624.35324964,95.933248103918274,9738582.053063415,4.0267890217107407,0,0,96648.155401180789,0.039962874370981505,98120667.246223703,40.57174068228322,1404199.7227943793,0.58062005302496689,142223339.43729496,58.807676390320829,0,0,0,0,0,0,96648.155401180789,0.039962874370981505,142223339.43729496,58.807676390320829,241748206.40631306,0.99948805973204002,0.99959762663097218,robust_all3_ge27,GS65_85_lost_had3,0
Europe,Europe,ssp126,2071-2100,1.6046026893290188,-1.0518691992722575,3.4588821806390557,3,7.3756422902578125,8.980244979586832,241719853.63873711,241746287.71947533,241844854.56171423,54405001.122625828,53769454.322135366,14941,14932,241825295.64229828,54401151.574421458,2020,228904905.34335494,94.649483346747303,12842041.662964525,5.3100330318119209,0,0,97907.555394764349,0.040483621440777932,97039947.920121819,40.124875964792984,1131311.3593116812,0.46778392757700454,143575687.72688597,59.366856486189235,0,0,0,0,0,0,97907.555394764349,0.040483621440777932,143575687.72688597,59.366856486189235,241746947.00631946,0.99948313590047777,0.99959243771211281,robust_all3_ge27,GS65_85_lost_had3,0
Europe,Europe,ssp245,2031-2060,1.0015185056655358,-0.28982942094842451,3.0996382256373365,3,7.3984752946863601,8.3999938003518952,241721224.67204314,241738271.70195982,241844854.56171423,54405001.122625828,53769454.322135366,14941,14932,241825295.64229828,54401151.574421458,2020,181818495.6608682,75.179807315053523,59927654.745432951,24.779379678776895,0,0,98704.155413064465,0.040813006169571842,53256451.868144713,22.020915832449383,18660032.237096988,7.7157036360826519,169829666.30105945,70.222567525298388,0,0,0,0,0,0,98704.155413064465,0.040813006169571842,169829666.30105945,70.222567525298388,241746150.40630117,0.99948880496177961,0.99955929242345232,robust_all3_ge27,GS65_85_lost_had3,2.9802322387695312e-08
Europe,Europe,ssp245,2071-2100,1.7854592455348282,0.25693319689633815,4.3566991365658359,3,7.3989779228283838,9.1844371683632122,241662655.29420087,241741221.94205433,241844854.56171423,54405001.122625828,53769454.322135366,14941,14932,241825295.64229828,54401151.574421458,2020,212111364.2106244,87.705551807180413,29634786.195676766,12.253635186650014,0,0,98704.155413064465,0.040813006169571842,118557175.92179897,49.021996410324881,10848985.185488338,4.485927643633155,112339989.29901385,46.4512629398724,0,0,0,0,0,0,98704.155413064465,0.040813006169571842,112339989.29901385,46.4512629398724,241746150.40630117,0.99924662748006954,0.99957149131889655,robust_all3_ge27,GS65_85_lost_had3,0
Europe,Europe,ssp585,2031-2060,1.8375523969158702,1.488569448334049,2.4338694939599668,3,7.3285929618741941,9.1661453587900663,241719769.44539052,241745499.60932311,241844854.56171423,54405001.122625828,53769454.322135366,14941,14932,241825295.64229828,54401151.574421458,2020,219612834.47913378,90.807321444621749,22133140.327166393,9.1517929406757084,0,0,98879.755414056883,0.040885614702554959,131045554.65753745,54.185793985580574,9450590.024253441,3.9077077084730076,101249830.12450929,41.865612691243861,0,0,0,0,0,0,98879.755414056883,0.040885614702554959,101249830.12450929,41.865612691243861,241745974.80630016,0.99948278777090216,0.99958917896942168,robust_all3_ge27,GS65_85_lost_had3,0
Europe,Europe,ssp585,2071-2100,3.3575211953206892,1.3861805214857781,5.6951109851831285,3,7.3291861138917156,10.686707309212403,241684196.17829901,241729593.70462811,241844854.56171423,54405001.122625828,53769454.322135366,14941,14932,241825295.64229828,54401151.574421458,2020,194847121.32420409,80.566990634271605,46898853.482096069,19.392123751025835,0,0,98879.755414056883,0.040885614702554959,162210511.378795,67.072136669090028,30333118.900214452,12.542387538153728,49202344.527290724,20.344590178053682,0,0,0,0,0,0,98879.755414056883,0.040885614702554959,49202344.527290724,20.344590178053682,241745974.80630016,0.99933569649969867,0.99952340992619004,robust_all3_ge27,GS65_85_lost_had3,-2.9802322387695312e-08
country,Albania,ssp126,2031-2060,0.7992519725398316,-0.18321629725969707,2.345012479494577,3,10.260465504704364,11.059717477244197,230606.19940185547,230606.19940185547,230606.19940185547,55262.999755859375,55262.999755859375,42,42,230606.19940185547,55262.999755859375,2020,230606.19940185547,100,0,0,0,0,0,0,70028.100158691406,30.366963394882593,0,0,160578.09924316406,69.633036605117411,0,0,0,0,0,0,0,0,160578.09924316406,69.633036605117411,230606.19940185547,1,1,robust_all3_ge27,GS65_85_lost_had3,0
country,Albania,ssp126,2071-2100,1.1572736810938002,0.66176909452965249,1.9400967479119309,3,10.260465504704364,11.417739185798164,230606.19940185547,230606.19940185547,230606.19940185547,55262.999755859375,55262.999755859375,42,42,230606.19940185547,55262.999755859375,2020,230606.19940185547,100,0,0,0,0,0,0,146370.9992980957,63.472274239700248,0,0,84235.200103759766,36.527725760299752,0,0,0,0,0,0,0,0,84235.200103759766,36.527725760299752,230606.19940185547,1,1,robust_all3_ge27,GS65_85_lost_had3,0
country,Albania,ssp245,2031-2060,-0.48672963979078859,-1.8447133086674063,1.2870491366272283,3,10.570107939816197,10.083378300025409,230606.19940185547,230606.19940185547,230606.19940185547,55262.999755859375,55262.999755859375,42,42,230606.19940185547,55262.999755859375,2020,15483.400085449219,6.7142167580966774,215122.79931640625,93.285783241903317,0,0,0,0,0,0,0,0,230606.19940185547,100,0,0,0,0,0,0,0,0,230606.19940185547,100,230606.19940185547,1,1,robust_all3_ge27,GS65_85_lost_had3,0
country,Albania,ssp245,2071-2100,0.30911264791372556,-2.2860483065356583,4.0348590213331619,3,10.570107939816197,10.879220587729924,230606.19940185547,230606.19940185547,230606.19940185547,55262.999755859375,55262.999755859375,42,42,230606.19940185547,55262.999755859375,2020,147467.19967651367,63.947630228074061,83138.999725341797,36.052369771925939,0,0,0,0,0,0,0,0,230606.19940185547,100,0,0,0,0,0,0,0,0,230606.19940185547,100,230606.19940185547,1,1,robust_all3_ge27,GS65_85_lost_had3,0
country,Albania,ssp585,2031-2060,0.70459326757103335,-0.90512963948970471,2.6446793208434562,3,10.359504859179438,11.064098126750471,230606.19940185547,230606.19940185547,230606.19940185547,55262.999755859375,55262.999755859375,42,42,230606.19940185547,55262.999755859375,2020,227916.99938964844,98.833856149929076,2689.2000122070312,1.1661438500709247,0,0,0,0,18744.099884033203,8.1281855963332728,0,0,211862.09951782227,91.871814403666733,0,0,0,0,0,0,0,0,211862.09951782227,91.871814403666733,230606.19940185547,1,1,robust_all3_ge27,GS65_85_lost_had3,0
country,Albania,ssp585,2071-2100,-0.77673373129354717,-2.7454715565378041,1.5501921189521597,3,10.359504859179438,9.5827711278858914,230606.19940185547,230606.19940185547,230606.19940185547,55262.999755859375,55262.999755859375,42,42,230606.19940185547,55262.999755859375,2020,62640.400146484375,27.163363478068042,167965.79925537109,72.83663652193195,0,0,0,0,0,0,15045.299926757812,6.5242391426519291,215560.89947509766,93.475760857348078,0,0,0,0,0,0,0,0,215560.89947509766,93.475760857348078,230606.19940185547,1,1,robust_all3_ge27,GS65_85_lost_had3,0
country,Austria,ssp126,2031-2060,0.5741056716535945,-0.96467717026989375,2.8289439416094857,3,7.422462706305363,7.9965683779589574,1575786.2656130709,1576726.8156123587,1599071.5991620943,279073.20015899092,279073.20015899092,174,174,1599071.5991620943,279073.20015899092,2020,1430323.6991065741,89.447132939891915,146729.59983827174,9.1759243247867914,0,0,22018.300217248499,1.376942735321294,23179.799926757812,1.4495786141723681,78557.799980096519,4.9127131031068538,1475315.6990379915,92.260765547399487,0,0,0,0,0,0,22018.300217248499,1.376942735321294,1475315.6990379915,92.260765547399487,1577053.2989448458,0.9854382170496776,0.98602640209391246,robust_all3_ge27,GS65_85_lost_had3,0
country,Austria,ssp126,2071-2100,1.130749543182928,-0.2430596297088842,2.4835975080635331,3,7.422462706305363,8.5532122494882898,1575786.2656130709,1576726.8156123587,1599071.5991620943,279073.20015899092,279073.20015899092,174,174,1599071.5991620943,279073.20015899092,2020,1467174.2989220023,91.751632615499801,109879.00002284348,6.8714246491789073,0,0,22018.300217248499,1.376942735321294,585624.29972791672,36.622769113952181,60931.000167302787,3.810398496179304,930497.99904962629,58.189889654547223,0,0,0,0,0,0,22018.300217248499,1.376942735321294,930497.99904962629,58.189889654547223,1577053.2989448458,0.9854382170496776,0.98602640209391246,robust_all3_ge27,GS65_85_lost_had3,0
country,Austria,ssp245,2031-2060,-0.02383262515606956,-1.0330654387519767,0.76991595332440688,3,7.3973611994713613,7.3735285743152916,1576519.4189461421,1577135.2456138085,1599071.5991620943,279073.20015899092,279073.20015899092,174,174,1599071.5991620943,279073.20015899092,2020,1013626.3998317719,63.388431159862208,563636.49911631644,35.247733710714343,0,0,21808.700214006007,1.3638351294234516,66426.500244140625,4.15406666461638,137563.10008372366,8.6026854679806739,1373273.298620224,85.879412737979493,0,0,0,0,0,0,21808.700214006007,1.3638351294234516,1373273.298620224,85.879412737979493,1577262.8989480883,0.98589670392009376,0.98628181905064138,robust_all3_ge27,GS65_85_lost_had3,0
country,Austria,ssp245,2071-2100,0.75622681365345035,-0.79246427367541961,2.6717690906954092,3,7.3973611994713613,8.1535880131248124,1576519.4189461421,1577135.2456138085,1599071.5991620943,279073.20015899092,279073.20015899092,174,174,1599071.5991620943,279073.20015899092,2020,1352658.4991838932,84.590239729895757,224604.39976419508,14.045925140680799,0,0,21808.700214006007,1.3638351294234516,404308.49990844727,25.283952270824081,89726.000009506941,5.6111308622154832,1083228.3990301341,67.741081737536987,0,0,0,0,0,0,21808.700214006007,1.3638351294234516,1083228.3990301341,67.741081737536987,1577262.8989480883,0.98589670392009376,0.98628181905064138,robust_all3_ge27,GS65_85_lost_had3,0
country,Austria,ssp585,2031-2060,0.73026502487364342,0.53846080914075523,0.85612012843566077,3,7.4637598418308739,8.1940248667045186,1576519.4189461421,1576960.8589480391,1599071.5991620943,279073.20015899092,279073.20015899092,174,174,1599071.5991620943,279073.20015899092,2020,1369271.2991229296,85.629142549990945,207991.59982515872,13.007022320585602,0,0,21808.700214006007,1.3638351294234516,1025580.9996495247,64.136027441605748,160849.29995431006,10.058917939546566,390832.59934425354,24.441219489424231,0,0,0,0,0,0,21808.700214006007,1.3638351294234516,390832.59934425354,24.441219489424231,1577262.8989480883,0.98589670392009376,0.98617276410534649,robust_all3_ge27,GS65_85_lost_had3,0
country,Austria,ssp585,2071-2100,2.2481466806638792,0.35171959713768952,5.1772221704062282,3,7.4637598418308739,9.7119065224947523,1576519.4189461421,1576960.8589480391,1599071.5991620943,279073.20015899092,279073.20015899092,174,174,1599071.5991620943,279073.20015899092,2020,1432384.2988228798,89.57599519455178,144878.6001252085,9.0601696760247741,0,0,21808.700214006007,1.3638351294234516,1068596.7000783682,66.826069616789368,53880.000224545598,3.3694551421448828,454786.1986451745,28.440640111642296,0,0,0,0,0,0,21808.700214006007,1.3638351294234516,454786.1986451745,28.440640111642296,1577262.8989480883,0.98589670392009376,0.98617276410534649,robust_all3_ge27,GS65_85_lost_had3,0
country,Azerbaijan,ssp126,2031-2060,2.6438335809619811,1.1372256739736748,4.2761638504027335,3,5.7826269641029873,8.4264605450649679,198494.86632739365,198494.86632739365,198494.86632739365,70246.604604295542,70246.604604295542,18,18,198494.86632739365,70246.604604295542,2020,198494.86632739365,100,0,0,0,0,0,0,198494.86632739365,100,0,0,0,0,0,0,0,0,0,0,0,0,0,0,198494.86632739365,1,1,robust_all3_ge27,GS65_85_lost_had3,0
country,Azerbaijan,ssp126,2071-2100,2.6267537726632022,0.95440015067574346,4.6762184278083261,3,5.7826269641029873,8.4093807367661899,198494.86632739365,198494.86632739365,198494.86632739365,70246.604604295542,70246.604604295542,18,18,198494.86632739365,70246.604604295542,2020,198494.86632739365,100,0,0,0,0,0,0,197302.73210950301,99.399413073019048,0,0,1192.1342178906602,0.60058692698096117,0,0,0,0,0,0,0,0,1192.1342178906602,0.60058692698096117,198494.86632739365,1,1,robust_all3_ge27,GS65_85_lost_had3,0
country,Azerbaijan,ssp245,2031-2060,1.9481693612575741,-0.77234835377583833,5.182437626489695,3,5.8368951423425193,7.7850645036000925,198494.86632739365,198494.86632739365,198494.86632739365,70246.604604295542,70246.604604295542,18,18,198494.86632739365,70246.604604295542,2020,192587.16637622178,97.023751767248314,5907.699951171875,2.9762482327516859,0,0,0,0,774.36636932263832,0.39011909156653612,0,0,197720.49995807104,99.609880908433482,0,0,0,0,0,0,0,0,197720.49995807104,99.609880908433482,198494.86632739365,1,1,robust_all3_ge27,GS65_85_lost_had3,-2.9103830456733704e-11
country,Azerbaijan,ssp245,2071-2100,3.5603145866245538,0.96835528942588178,6.7367510932085128,3,5.8368951423425193,9.3972097289670735,198494.86632739365,198494.86632739365,198494.86632739365,70246.604604295542,70246.604604295542,18,18,198494.86632739365,70246.604604295542,2020,198494.86632739365,100,0,0,0,0,0,0,191561.26635180772,96.506912191799557,0,0,6933.5999755859375,3.4930878082004346,0,0,0,0,0,0,0,0,6933.5999755859375,3.4930878082004346,198494.86632739365,1,1,robust_all3_ge27,GS65_85_lost_had3,0
country,Azerbaijan,ssp585,2031-2060,2.7171554386285677,1.3586507325033004,3.9851261907399369,3,5.8548199057372416,8.5719753443658089,198494.86632739365,198494.86632739365,198494.86632739365,70246.604604295542,70246.604604295542,18,18,198494.86632739365,70246.604604295542,2020,198494.86632739365,100,0,0,0,0,0,0,180218.56676684678,90.792558065253786,0,0,18276.299560546875,9.2074419347462086,0,0,0,0,0,0,0,0,18276.299560546875,9.2074419347462086,198494.86632739365,1,1,robust_all3_ge27,GS65_85_lost_had3,0
country,Azerbaijan,ssp585,2071-2100,5.0217032035573306,0.42451171771065666,10.954201427070757,3,5.8548199057372416,10.876523109294572,198494.86632739365,198494.86632739365,198494.86632739365,70246.604604295542,70246.604604295542,18,18,198494.86632739365,70246.604604295542,2020,192587.16637622178,97.023751767248314,5907.699951171875,2.9762482327516859,0,0,0,0,134566.96703540147,67.793676242210353,0,0,63927.899291992188,32.206323757789647,0,0,0,0,0,0,0,0,63927.899291992188,32.206323757789647,198494.86632739365,1,1,robust_all3_ge27,GS65_85_lost_had3,0
country,Belarus,ssp126,2031-2060,0.94686733468473305,0.37516008293906139,1.8642544821433227,3,3.7189580670720992,4.6658254017568321,2532680.4978111535,2532680.4978111535,2532680.4978111535,714279.99987722933,714279.99987722933,506,506,2532680.4978111535,714279.99987722933,2020,2274127.3981450349,89.791325834838986,258553.09966611862,10.208674165161016,0,0,0,0,1614215.5983533263,63.735461292823857,35123.599677085876,1.386815261831926,883341.29978074133,34.877723445344216,0,0,0,0,0,0,0,0,883341.29978074133,34.877723445344216,2532680.4978111535,1,1,robust_all3_ge27,GS65_85_lost_had3,0
country,Belarus,ssp126,2071-2100,1.350628691211426,-0.086156190628983206,2.2527069352679789,3,3.7189580670720992,5.069586758283525,2532680.4978111535,2532680.4978111535,2532680.4978111535,714279.99987722933,714279.99987722933,506,506,2532680.4978111535,714279.99987722933,2020,2488056.4980104715,98.238072277997645,44623.999800682068,1.7619277220023593,0,0,0,0,631216.29953378439,24.92285545213095,0,0,1901464.1982773691,75.077144547869054,0,0,0,0,0,0,0,0,1901464.1982773691,75.077144547869054,2532680.4978111535,1,1,robust_all3_ge27,GS65_85_lost_had3,0
country,Belarus,ssp245,2031-2060,0.93813989139023646,0.046411580571406423,2.0995513130163834,3,3.7608441878505889,4.6989840792408257,2532680.4978111535,2532680.4978111535,2532680.4978111535,714279.99987722933,714279.99987722933,506,506,2532680.4978111535,714279.99987722933,2020,1659833.2989001349,65.536624155104874,872847.19891101867,34.463375844895126,0,0,0,0,1022219.0979463905,40.361154864572704,322363.69994208962,12.728162917536956,1188097.6999226734,46.91068221789034,0,0,0,0,0,0,0,0,1188097.6999226734,46.91068221789034,2532680.4978111535,1,1,robust_all3_ge27,GS65_85_lost_had3,0
country,Belarus,ssp245,2071-2100,1.458269229994311,0.71669586602908064,2.6922632318792172,3,3.7608441878505889,5.2191134178449001,2532680.4978111535,2532680.4978111535,2532680.4978111535,714279.99987722933,714279.99987722933,506,506,2532680.4978111535,714279.99987722933,2020,1940797.2981975153,76.630167124310859,591883.19961363822,23.369832875689134,0,0,0,0,1430556.7988806665,56.483903126233741,76232.199543237686,3.0099414280293422,1025891.4993872494,40.506155445736916,0,0,0,0,0,0,0,0,1025891.4993872494,40.506155445736916,2532680.4978111535,1,1,robust_all3_ge27,GS65_85_lost_had3,0
country,Belarus,ssp585,2031-2060,1.4978638058650162,1.2438772377029554,1.8292311855987144,3,3.6798239695790032,5.1776877754440198,2532680.4978111535,2532680.4978111535,2532680.4978111535,714279.99987722933,714279.99987722933,506,506,2532680.4978111535,714279.99987722933,2020,2228778.9980896264,88.000795995224379,303901.4997215271,11.999204004775622,0,0,0,0,1659681.3981958926,65.530626529096637,35499.199697494507,1.4016454001274292,837499.89991776645,33.067728070775935,0,0,0,0,0,0,0,0,837499.89991776645,33.067728070775935,2532680.4978111535,1,1,robust_all3_ge27,GS65_85_lost_had3,0
country,Belarus,ssp585,2071-2100,3.8303060319684779,1.8297003502798026,6.0592177709765593,3,3.6798239695790032,7.5101300015474806,2532680.4978111535,2532680.4978111535,2532680.4978111535,714279.99987722933,714279.99987722933,506,506,2532680.4978111535,714279.99987722933,2020,2532680.4978111535,100,0,0,0,0,0,0,2168949.4985071495,85.63849646181761,0,0,363730.99930400401,14.361503538182383,0,0,0,0,0,0,0,0,363730.99930400401,14.361503538182383,2532680.4978111535,1,1,robust_all3_ge27,GS65_85_lost_had3,0
country,Belgium,ssp126,2031-2060,0.59526546906267142,-1.0058849602943765,3.1681249284359643,3,9.9081046110233864,10.503370080086057,1757679.8991088867,1757679.8991088867,1757679.8991088867,202533.30075073242,202533.30075073242,64,64,1757679.8991088867,202533.30075073242,2020,1757679.8991088867,100,0,0,0,0,0,0,0,0,0,0,1757679.8991088867,100,0,0,0,0,0,0,0,0,1757679.8991088867,100,1757679.8991088867,1,1,robust_all3_ge27,GS65_85_lost_had3,0
country,Belgium,ssp126,2071-2100,1.6790684354205563,-4.5551869699670497,5.869135189365692,3,9.9081046110233864,11.587173046443944,1757679.8991088867,1757679.8991088867,1757679.8991088867,202533.30075073242,202533.30075073242,64,64,1757679.8991088867,202533.30075073242,2020,1757679.8991088867,100,0,0,0,0,0,0,0,0,0,0,1757679.8991088867,100,0,0,0,0,0,0,0,0,1757679.8991088867,100,1757679.8991088867,1,1,robust_all3_ge27,GS65_85_lost_had3,0
country,Belgium,ssp245,2031-2060,1.518389750270589,-1.996875654154052,5.1675601398458015,3,9.9807886931191145,11.499178443389702,1757679.8991088867,1757679.8991088867,1757679.8991088867,202533.30075073242,202533.30075073242,64,64,1757679.8991088867,202533.30075073242,2020,1757679.8991088867,100,0,0,0,0,0,0,0,0,0,0,1757679.8991088867,100,0,0,0,0,0,0,0,0,1757679.8991088867,100,1757679.8991088867,1,1,robust_all3_ge27,GS65_85_lost_had3,0
country,Belgium,ssp245,2071-2100,2.350590548701978,-1.3564296016679676,6.8640335359360831,3,9.9807886931191145,12.331379241821091,1757679.8991088867,1757679.8991088867,1757679.8991088867,202533.30075073242,202533.30075073242,64,64,1757679.8991088867,202533.30075073242,2020,1757679.8991088867,100,0,0,0,0,0,0,0,0,0,0,1757679.8991088867,100,0,0,0,0,0,0,0,0,1757679.8991088867,100,1757679.8991088867,1,1,robust_all3_ge27,GS65_85_lost_had3,0
country,Belgium,ssp585,2031-2060,2.6520107560805837,-0.22004034321726115,5.3536911002844363,3,9.8862597904228,12.538270546503384,1757679.8991088867,1757679.8991088867,1757679.8991088867,202533.30075073242,202533.30075073242,64,64,1757679.8991088867,202533.30075073242,2020,1757679.8991088867,100,0,0,0,0,0,0,536912.8017578125,30.546677016106173,0,0,1220767.0973510742,69.453322983893827,0,0,0,0,0,0,0,0,1220767.0973510742,69.453322983893827,1757679.8991088867,1,1,robust_all3_ge27,GS65_85_lost_had3,0
country,Belgium,ssp585,2071-2100,6.0292982742393013,0.72513859335959119,9.9340989137648457,3,9.8862597904228,15.915558064662102,1757679.8991088867,1757679.8991088867,1757679.8991088867,202533.30075073242,202533.30075073242,64,64,1757679.8991088867,202533.30075073242,2020,1757679.8991088867,100,0,0,0,0,0,0,1757679.8991088867,100,0,0,0,0,0,0,0,0,0,0,0,0,0,0,1757679.8991088867,1,1,robust_all3_ge27,GS65_85_lost_had3,0
country,Bosnia and Herzegovina,ssp126,2031-2060,0.81595830804337499,-0.42647141497055407,3.0158348198998493,3,8.8186095607100565,9.6345678687534306,300318.10028076172,300318.10028076172,300318.10028076172,68176.299964904785,68176.299964904785,60,60,300318.10028076172,68176.299964904785,2020,300318.10028076172,100,0,0,0,0,0,0,34984,11.648981519027364,0,0,265334.10028076172,88.351018480972641,0,0,0,0,0,0,0,0,265334.10028076172,88.351018480972641,300318.10028076172,1,1,robust_all3_ge27,GS65_85_lost_had3,0
country,Bosnia and Herzegovina,ssp126,2071-2100,1.9955688708789356,0.75790513591113717,2.8669009610276341,3,8.8186095607100565,10.814178431588992,300318.10028076172,300318.10028076172,300318.10028076172,68176.299964904785,68176.299964904785,60,60,300318.10028076172,68176.299964904785,2020,300318.10028076172,100,0,0,0,0,0,0,293325.60015869141,97.671635470678211,0,0,6992.5001220703125,2.3283645293217945,0,0,0,0,0,0,0,0,6992.5001220703125,2.3283645293217945,300318.10028076172,1,1,robust_all3_ge27,GS65_85_lost_had3,0
country,Bosnia and Herzegovina,ssp245,2031-2060,-0.022207750546752964,-1.4725971076791509,1.8563234474760237,3,8.9283009330785408,8.9060931825317891,300318.10028076172,300318.10028076172,300318.10028076172,68176.299964904785,68176.299964904785,60,60,300318.10028076172,68176.299964904785,2020,89953.099975585938,29.952606882998555,210365.00030517578,70.047393117001448,0,0,0,0,0,0,0,0,300318.10028076172,100,0,0,0,0,0,0,0,0,300318.10028076172,100,300318.10028076172,1,1,robust_all3_ge27,GS65_85_lost_had3,0
country,Bosnia and Herzegovina,ssp245,2071-2100,1.0483967611584786,-1.0292839440912616,4.0160715269914693,3,8.9283009330785408,9.9766976942370196,300318.10028076172,300318.10028076172,300318.10028076172,68176.299964904785,68176.299964904785,60,60,300318.10028076172,68176.299964904785,2020,299384.00030517578,99.688963144508222,934.0999755859375,0.31103685549178189,0,0,0,0,24289.400024414062,8.0878908070164144,0,0,276028.70025634766,91.912109192983593,0,0,0,0,0,0,0,0,276028.70025634766,91.912109192983593,300318.10028076172,1,1,robust_all3_ge27,GS65_85_lost_had3,0
country,Bosnia and Herzegovina,ssp585,2031-2060,1.2287675827158884,0.27990617480654739,1.9683532950659315,3,8.8204106132359943,10.049178195951884,300318.10028076172,300318.10028076172,300318.10028076172,68176.299964904785,68176.299964904785,60,60,300318.10028076172,68176.299964904785,2020,300318.10028076172,100,0,0,0,0,0,0,135381.50054931641,45.079367651417215,0,0,164936.59973144531,54.920632348582785,0,0,0,0,0,0,0,0,164936.59973144531,54.920632348582785,300318.10028076172,1,1,robust_all3_ge27,GS65_85_lost_had3,0
country,Bosnia and Herzegovina,ssp585,2071-2100,1.9997348403713666,0.56677294400332323,4.319460314772857,3,8.8204106132359943,10.820145453607362,300318.10028076172,300318.10028076172,300318.10028076172,68176.299964904785,68176.299964904785,60,60,300318.10028076172,68176.299964904785,2020,299384.00030517578,99.688963144508222,934.0999755859375,0.31103685549178189,0,0,0,0,279985.30004882812,93.229578832269908,0,0,20332.800231933594,6.7704211677300981,0,0,0,0,0,0,0,0,20332.800231933594,6.7704211677300981,300318.10028076172,1,1,robust_all3_ge27,GS65_85_lost_had3,0
country,Bulgaria,ssp126,2031-2060,0.80205180185735303,-0.53790672754232816,1.6151747488266852,3,7.2023350198451652,8.0043868217025178,6170185.7108430862,6170185.7108430862,6170185.7108430862,1201683.1011776328,1201683.1011776328,223,223,6170185.7108430862,1201683.1011776328,2020,6170185.7108430862,100,0,0,0,0,0,0,1340876.3993881345,21.731540381868324,0,0,4829309.3114549518,78.268459618131672,0,0,0,0,0,0,0,0,4829309.3114549518,78.268459618131672,6170185.7108430862,1,1,robust_all3_ge27,GS65_85_lost_had3,0
country,Bulgaria,ssp126,2071-2100,0.39904827243111624,-1.2449839400923082,2.2207926120406341,3,7.2023350198451652,7.6013832922762816,6170185.7108430862,6170185.7108430862,6170185.7108430862,1201683.1011776328,1201683.1011776328,223,223,6170185.7108430862,1201683.1011776328,2020,5939174.9100122452,96.25601543200105,231010.80083084106,3.7439845679989436,0,0,0,0,46048.500673294067,0.74630655917489486,0,0,6124137.2101697922,99.253693440825103,0,0,0,0,0,0,0,0,6124137.2101697922,99.253693440825103,6170185.7108430862,1,1,robust_all3_ge27,GS65_85_lost_had3,0
country,Bulgaria,ssp245,2031-2060,-0.87904117118106495,-2.7027810147239668,0.41715925317037633,3,7.3735699658187031,6.4945287946376382,6170185.7108430862,6170185.7108430862,6170185.7108430862,1201683.1011776328,1201683.1011776328,223,223,6170185.7108430862,1201683.1011776328,2020,34033.699988186359,0.55158307355932146,6136152.0108548999,99.448416926440672,0,0,0,0,0,0,1051071.8983802795,17.034688219078944,5119113.8124628067,82.965311780921056,0,0,0,0,0,0,0,0,5119113.8124628067,82.965311780921056,6170185.7108430862,1,1,robust_all3_ge27,GS65_85_lost_had3,0
country,Bulgaria,ssp245,2071-2100,-0.19182525560440919,-1.2157276859836808,1.2810900308047293,3,7.3735699658187031,7.1817447102142937,6170185.7108430862,6170185.7108430862,6170185.7108430862,1201683.1011776328,1201683.1011776328,223,223,6170185.7108430862,1201683.1011776328,2020,1783260.1041814312,28.901238759275024,4386925.606661655,71.098761240724969,0,0,0,0,105467.90057563782,1.709314849151061,0,0,6064717.8102674484,98.290685150848944,0,0,0,0,0,0,0,0,6064717.8102674484,98.290685150848944,6170185.7108430862,1,1,robust_all3_ge27,GS65_85_lost_had3,0
country,Bulgaria,ssp585,2031-2060,0.56241038983919578,-0.6357576853835567,2.8870173019017553,3,7.1318572875183124,7.6942676773575078,6170185.7108430862,6170185.7108430862,6170185.7108430862,1201683.1011776328,1201683.1011776328,223,223,6170185.7108430862,1201683.1011776328,2020,5822299.4100332186,94.36181798874361,347886.30080986768,5.638182011256399,0,0,0,0,14833.2001953125,0.24040119520625758,0,0,6155352.5106477737,99.75959880479374,0,0,0,0,0,0,0,0,6155352.5106477737,99.75959880479374,6170185.7108430862,1,1,robust_all3_ge27,GS65_85_lost_had3,0
country,Bulgaria,ssp585,2071-2100,-1.4168342503463347,-2.0047403807379856,-0.69182795694596244,3,7.1318572875183124,5.715023037171977,6170185.7108430862,6170185.7108430862,6170185.7108430862,1201683.1011776328,1201683.1011776328,223,223,6170185.7108430862,1201683.1011776328,2020,151262.00087356567,2.4514983496809113,6018923.7099695206,97.548501650319082,0,0,0,0,14833.2001953125,0.24040119520625758,4691413.6075414047,76.033588410426887,1463938.9031063691,23.726010394366856,0,0,0,0,0,0,0,0,1463938.9031063691,23.726010394366856,6170185.7108430862,1,1,robust_all3_ge27,GS65_85_lost_had3,0
country,Croatia,ssp126,2031-2060,0.85833481936272682,-0.50247888189061174,2.8980189613650351,3,7.1184351670155301,7.9767699863782573,885910.00044895709,885910.00044895709,885910.00044895709,146127.19993783534,146127.19993783534,140,140,885910.00044895709,146127.19993783534,2020,885910.00044895709,100,0,0,0,0,0,0,116962.60042476654,13.202537545065843,0,0,768947.40002419055,86.797462454934163,0,0,0,0,0,0,0,0,768947.40002419055,86.797462454934163,885910.00044895709,1,1,robust_all3_ge27,GS65_85_lost_had3,0
country,Croatia,ssp126,2071-2100,1.8296381708187264,0.75403496698618444,2.5293320221300775,3,7.1184351670155301,8.9480733378342574,885910.00044895709,885910.00044895709,885910.00044895709,146127.19993783534,146127.19993783534,140,140,885910.00044895709,146127.19993783534,2020,885910.00044895709,100,0,0,0,0,0,0,855562.4003675729,96.574415000846045,0,0,30347.600081384182,3.4255849991539518,0,0,0,0,0,0,0,0,30347.600081384182,3.4255849991539518,885910.00044895709,1,1,robust_all3_ge27,GS65_85_lost_had3,0
country,Croatia,ssp245,2031-2060,0.094421214038266046,-1.338064416624934,1.6975556341784486,3,7.2719413784713645,7.3663625925096312,885910.00044895709,885910.00044895709,885910.00044895709,146127.19993783534,146127.19993783534,140,140,885910.00044895709,146127.19993783534,2020,551523.40055634081,62.255014648987199,334386.59989261627,37.744985351012801,0,0,0,0,0,0,0,0,885910.00044895709,100,0,0,0,0,0,0,0,0,885910.00044895709,100,885910.00044895709,1,1,robust_all3_ge27,GS65_85_lost_had3,0
country,Croatia,ssp245,2071-2100,0.94602350347947262,-1.001115372221745,3.429794196721609,3,7.2719413784713645,8.217964881950838,885910.00044895709,885910.00044895709,885910.00044895709,146127.19993783534,146127.19993783534,140,140,885910.00044895709,146127.19993783534,2020,879871.9004560262,99.318429638465432,6038.0999929308891,0.6815703615345724,0,0,0,0,39136.30023765564,4.4176383851432242,0,0,846773.70021130145,95.582361614856779,0,0,0,0,0,0,0,0,846773.70021130145,95.582361614856779,885910.00044895709,1,1,robust_all3_ge27,GS65_85_lost_had3,0
country,Croatia,ssp585,2031-2060,1.1544887111929543,0.43100855886083278,1.7719412243506014,3,7.1494581640600048,8.3039468752529597,885910.00044895709,885910.00044895709,885910.00044895709,146127.19993783534,146127.19993783534,140,140,885910.00044895709,146127.19993783534,2020,885739.00044704974,99.980697813342132,171.00000190734863,0.019302186657864807,0,0,0,0,642833.40116454661,72.561930764837811,148.30000114440918,0.01673984954106562,242928.29928326607,27.421329385621121,0,0,0,0,0,0,0,0,242928.29928326607,27.421329385621121,885910.00044895709,1,1,robust_all3_ge27,GS65_85_lost_had3,0
country,Croatia,ssp585,2071-2100,2.00914639113509,0.6515213433927679,4.0207560472503179,3,7.1494581640600048,9.1586045551950956,885910.00044895709,885910.00044895709,885910.00044895709,146127.19993783534,146127.19993783534,140,140,885910.00044895709,146127.19993783534,2020,877744.5004068166,99.078292373039872,8165.5000421404839,0.92170762696012143,0,0,0,0,837708.10028029978,94.55905225765261,171.7000018954277,0.019381201454822094,48030.200166761875,5.4215665408925702,0,0,0,0,0,0,0,0,48030.200166761875,5.4215665408925702,885910.00044895709,1,1,robust_all3_ge27,GS65_85_lost_had3,0
country,Czechia,ssp126,2031-2060,1.0334547108754231,-0.2268510637004898,3.3970432193748712,3,5.0147283472206894,6.0481830580961118,4891832.3990064859,4891832.3990064859,4891832.3990064859,807601.70033589005,807601.70033589005,186,186,4891832.3990064859,807601.70033589005,2020,4788253.9988180399,97.882625737351873,103578.40018844604,2.1173742626481329,0,0,0,0,1022191.9969444275,20.895891632592136,0,0,3869640.4020620584,79.104108367407861,0,0,0,0,0,0,0,0,3869640.4020620584,79.104108367407861,4891832.3990064859,1,1,robust_all3_ge27,GS65_85_lost_had3,0
country,Czechia,ssp126,2071-2100,2.1516698327447941,-0.04789095657866476,4.0593809284174851,3,5.0147283472206894,7.1663981799654826,4891832.3990064859,4891832.3990064859,4891832.3990064859,807601.70033589005,807601.70033589005,186,186,4891832.3990064859,807601.70033589005,2020,4891832.3990064859,100,0,0,0,0,0,0,2443551.4981431961,49.951660213041492,0,0,2448280.9008632898,50.048339786958508,0,0,0,0,0,0,0,0,2448280.9008632898,50.048339786958508,4891832.3990064859,1,1,robust_all3_ge27,GS65_85_lost_had3,0
country,Czechia,ssp245,2031-2060,1.0517993574996962,0.36544033289468403,2.166142263873581,3,5.0009020624036618,6.0527014199033573,4891832.3990064859,4891832.3990064859,4891832.3990064859,807601.70033589005,807601.70033589005,186,186,4891832.3990064859,807601.70033589005,2020,4815562.5995260477,98.440874640432725,76269.799480438232,1.5591253595672729,0,0,0,0,3271087.0979276896,66.868339532483489,0,0,1620745.3010787964,33.131660467516511,0,0,0,0,0,0,0,0,1620745.3010787964,33.131660467516511,4891832.3990064859,1,1,robust_all3_ge27,GS65_85_lost_had3,0
country,Czechia,ssp245,2071-2100,1.9085496908814719,0.65886792966684771,4.0429818902029169,3,5.0009020624036618,6.9094517532851327,4891832.3990064859,4891832.3990064859,4891832.3990064859,807601.70033589005,807601.70033589005,186,186,4891832.3990064859,807601.70033589005,2020,4891832.3990064859,100,0,0,0,0,0,0,3119037.6984884739,63.760109588422111,0,0,1772794.700518012,36.239890411577889,0,0,0,0,0,0,0,0,1772794.700518012,36.239890411577889,4891832.3990064859,1,1,robust_all3_ge27,GS65_85_lost_had3,0
country,Czechia,ssp585,2031-2060,1.8026362364214679,1.2103873322796617,2.4931541039138096,3,5.0201759438189226,6.8228121802403905,4891832.3990064859,4891832.3990064859,4891832.3990064859,807601.70033589005,807601.70033589005,186,186,4891832.3990064859,807601.70033589005,2020,4891832.3990064859,100,0,0,0,0,0,0,4225364.1999593973,86.37589874946562,0,0,666468.19904708862,13.62410125053438,0,0,0,0,0,0,0,0,666468.19904708862,13.62410125053438,4891832.3990064859,1,1,robust_all3_ge27,GS65_85_lost_had3,0
country,Czechia,ssp585,2071-2100,4.2909782160109442,1.7146005193761304,7.8852367810691382,3,5.0201759438189226,9.3111541598298668,4891832.3990064859,4891832.3990064859,4891832.3990064859,807601.70033589005,807601.70033589005,186,186,4891832.3990064859,807601.70033589005,2020,4891832.3990064859,100,0,0,0,0,0,0,4545093.0000082254,92.911870834563302,0,0,346739.3989982605,7.0881291654366994,0,0,0,0,0,0,0,0,346739.3989982605,7.0881291654366994,4891832.3990064859,1,1,robust_all3_ge27,GS65_85_lost_had3,0
country,Denmark,ssp126,2031-2060,2.1266975381320128,-0.58948626569813467,5.736574712113474,3,7.671617084734808,9.7983146228668208,4253196.0939025879,4253196.0939025879,4253196.0939025879,537899.20022583008,537899.20022583008,144,144,4253196.0939025879,537899.20022583008,2020,4253196.0939025879,100,0,0,0,0,0,0,132190.00024414062,3.1080156504810383,0,0,4121006.0936584473,96.891984349518964,0,0,0,0,0,0,0,0,4121006.0936584473,96.891984349518964,4253196.0939025879,1,1,robust_all3_ge27,GS65_85_lost_had3,0
country,Denmark,ssp126,2071-2100,3.4591563045130425,-3.6927942784038215,9.5284260399241667,3,7.671617084734808,11.13077338924785,4253196.0939025879,4253196.0939025879,4253196.0939025879,537899.20022583008,537899.20022583008,144,144,4253196.0939025879,537899.20022583008,2020,4253196.0939025879,100,0,0,0,0,0,0,0,0,0,0,4253196.0939025879,100,0,0,0,0,0,0,0,0,4253196.0939025879,100,4253196.0939025879,1,1,robust_all3_ge27,GS65_85_lost_had3,0
country,Denmark,ssp245,2031-2060,4.1633030094859897,-0.4608927864717402,9.089831651795965,3,7.3916482185132786,11.554951227999268,4253196.0939025879,4253196.0939025879,4253196.0939025879,537899.20022583008,537899.20022583008,144,144,4253196.0939025879,537899.20022583008,2020,4253196.0939025879,100,0,0,0,0,0,0,292155.99966430664,6.8690931058444153,0,0,3961040.0942382812,93.130906894155586,0,0,0,0,0,0,0,0,3961040.0942382812,93.130906894155586,4253196.0939025879,1,1,robust_all3_ge27,GS65_85_lost_had3,0
country,Denmark,ssp245,2071-2100,4.1574211999902877,-0.21612238965124347,9.3059942749648563,3,7.3916482185132786,11.549069418503569,4253196.0939025879,4253196.0939025879,4253196.0939025879,537899.20022583008,537899.20022583008,144,144,4253196.0939025879,537899.20022583008,2020,4253196.0939025879,100,0,0,0,0,0,0,1377822.8997497559,32.395000590850081,0,0,2875373.194152832,67.604999409149926,0,0,0,0,0,0,0,0,2875373.194152832,67.604999409149926,4253196.0939025879,1,1,robust_all3_ge27,GS65_85_lost_had3,0
country,Denmark,ssp585,2031-2060,4.3373482707598887,1.9322230690679889,7.8342494416836637,3,7.3314766727171401,11.668824943477027,4253196.0939025879,4253196.0939025879,4253196.0939025879,537899.20022583008,537899.20022583008,144,144,4253196.0939025879,537899.20022583008,2020,4253196.0939025879,100,0,0,0,0,0,0,4253196.0939025879,100,0,0,0,0,0,0,0,0,0,0,0,0,0,0,4253196.0939025879,1,1,robust_all3_ge27,GS65_85_lost_had3,0
country,Denmark,ssp585,2071-2100,10.078900165449948,3.7775546677605298,16.076261617797975,3,7.3314766727171401,17.410376838167089,4253196.0939025879,4253196.0939025879,4253196.0939025879,537899.20022583008,537899.20022583008,144,144,4253196.0939025879,537899.20022583008,2020,4253196.0939025879,100,0,0,0,0,0,0,4253196.0939025879,100,0,0,0,0,0,0,0,0,0,0,0,0,0,0,4253196.0939025879,1,1,robust_all3_ge27,GS65_85_lost_had3,0
country,Estonia,ssp126,2031-2060,2.5997613400482034,0.78719715706183835,5.9318894748200188,3,5.1908788778116133,7.7906402178598171,807789.69866943359,807789.69866943359,807789.69866943359,171673.50030517578,171673.50030517578,81,81,807789.69866943359,171673.50030517578,2020,807789.69866943359,100,0,0,0,0,0,0,807789.69866943359,100,0,0,0,0,0,0,0,0,0,0,0,0,0,0,807789.69866943359,1,1,robust_all3_ge27,GS65_85_lost_had3,0
country,Estonia,ssp126,2071-2100,3.4317698064153537,-0.6480345267126385,8.168753692648302,3,5.1908788778116133,8.6226486842269665,807789.69866943359,807789.69866943359,807789.69866943359,171673.50030517578,171673.50030517578,81,81,807789.69866943359,171673.50030517578,2020,807789.69866943359,100,0,0,0,0,0,0,46173.7998046875,5.7160669269171871,0,0,761615.89886474609,94.283933073082807,0,0,0,0,0,0,0,0,761615.89886474609,94.283933073082807,807789.69866943359,1,1,robust_all3_ge27,GS65_85_lost_had3,0
country,Estonia,ssp245,2031-2060,4.8376896647807586,1.8465240067013748,10.185092346782392,3,5.1223620365277531,9.9600517013085117,807789.69866943359,807789.69866943359,807789.69866943359,171673.50030517578,171673.50030517578,81,81,807789.69866943359,171673.50030517578,2020,807789.69866943359,100,0,0,0,0,0,0,807789.69866943359,100,0,0,0,0,0,0,0,0,0,0,0,0,0,0,807789.69866943359,1,1,robust_all3_ge27,GS65_85_lost_had3,0
country,Estonia,ssp245,2071-2100,4.8357789920354781,2.7192505396890008,8.8921051660545878,3,5.1223620365277531,9.9581410285632312,807789.69866943359,807789.69866943359,807789.69866943359,171673.50030517578,171673.50030517578,81,81,807789.69866943359,171673.50030517578,2020,807789.69866943359,100,0,0,0,0,0,0,807789.69866943359,100,0,0,0,0,0,0,0,0,0,0,0,0,0,0,807789.69866943359,1,1,robust_all3_ge27,GS65_85_lost_had3,0
country,Estonia,ssp585,2031-2060,4.3368454660438465,2.574008956241538,7.248407871670449,3,5.2753254610376468,9.6121709270814932,807789.69866943359,807789.69866943359,807789.69866943359,171673.50030517578,171673.50030517578,81,81,807789.69866943359,171673.50030517578,2020,807789.69866943359,100,0,0,0,0,0,0,807789.69866943359,100,0,0,0,0,0,0,0,0,0,0,0,0,0,0,807789.69866943359,1,1,robust_all3_ge27,GS65_85_lost_had3,0
country,Estonia,ssp585,2071-2100,10.899142827958805,6.8380315837571626,18.027829080631285,3,5.2753254610376468,16.174468288996454,807789.69866943359,807789.69866943359,807789.69866943359,171673.50030517578,171673.50030517578,81,81,807789.69866943359,171673.50030517578,2020,807789.69866943359,100,0,0,0,0,0,0,807789.69866943359,100,0,0,0,0,0,0,0,0,0,0,0,0,0,0,807789.69866943359,1,1,robust_all3_ge27,GS65_85_lost_had3,0
country,Finland,ssp126,2031-2060,0.67186909742334322,-0.21785627636286969,2.0972695467826017,3,3.0782997073024769,3.7501688047258201,737627.31965289044,758694.40631680784,762644.89964725822,202933.20003872365,202933.20003872365,785,785,762644.89964725822,202933.20003872365,2020,480271.09951235354,62.974406533694854,278714.40013924241,36.545763338633037,0,0,3659.399995662272,0.4798301276721097,198917.59990236908,26.082597548921299,148156.10016279668,19.426616532979171,411911.79958643019,54.010955790427417,0,0,0,0,0,0,3659.399995662272,0.4798301276721097,411911.79958643019,54.010955790427417,758985.49965159595,0.96719629278850616,0.99482000950602623,robust_all3_ge27,GS65_85_lost_had3,0
country,Finland,ssp126,2071-2100,0.83769755257463252,-0.7273836142030653,2.3178809015572037,3,3.0782997073024769,3.9159972598771096,737627.31965289044,758694.40631680784,762644.89964725822,202933.20003872365,202933.20003872365,785,785,762644.89964725822,202933.20003872365,2020,489273.49949020147,64.154824836106869,269712.00016139448,35.365345036221029,0,0,3659.399995662272,0.4798301276721097,4172.8999916091561,0.54716159428053912,97409.79990439862,12.772628512883653,657402.79975558817,86.200379765163703,0,0,0,0,0,0,3659.399995662272,0.4798301276721097,657402.79975558817,86.200379765163703,758985.49965159595,0.96719629278850616,0.99482000950602623,robust_all3_ge27,GS65_85_lost_had3,0
country,Finland,ssp245,2031-2060,1.1479806868163569,-0.078277704537372816,3.3487809209049866,3,3.0113061035772866,4.1592867903936437,738187.99297339912,756688.84630294959,762644.89964725822,202933.20003872365,202933.20003872365,785,785,762644.89964725822,202933.20003872365,2020,483514.99938282371,63.399755194909339,273260.50025366992,35.830633677621073,0,0,5869.4000107645988,0.76961112746959148,285383.99966760725,37.420298726131165,133416.80025953799,17.493960861896081,337974.69970934838,44.316129284503162,0,0,0,0,0,0,5869.4000107645988,0.76961112746959148,337974.69970934838,44.316129284503162,756775.49963649362,0.9679314623553229,0.99219026660105714,robust_all3_ge27,GS65_85_lost_had3,0
country,Finland,ssp245,2071-2100,1.638314399599748,0.6216952933855221,3.5455701521214573,3,3.0114236403720795,4.6497380399718269,738187.99297339912,756710.85963633389,762644.89964725822,202933.20003872365,202933.20003872365,785,785,762644.89964725822,202933.20003872365,2020,554831.39956272393,72.750948681273144,201944.10007376969,26.479440191257261,0,0,5869.4000107645988,0.76961112746959148,425738.29955886304,55.823922739898656,55926.199959717691,7.3331900581233702,275111.00011791289,36.073276074508385,0,0,0,0,0,0,5869.4000107645988,0.76961112746959148,275111.00011791289,36.073276074508385,756775.49963649362,0.9679314623553229,0.99221913106129866,robust_all3_ge27,GS65_85_lost_had3,0
country,Finland,ssp585,2031-2060,1.0753091835187656,0.51244290923187552,1.7221869347084626,3,3.0215668525965511,4.096876036115316,736114.62631024793,756379.66630159097,762644.89964725822,202933.20003872365,202933.20003872365,785,785,762644.89964725822,202933.20003872365,2020,498588.89950636774,65.376284524682092,257958.6001291573,33.824208389575467,0,0,6097.4000117331743,0.79950708574244311,418742.49962316453,54.906615099221554,224742.20007523894,29.468786873050309,113062.79993712157,14.825090941985694,0,0,0,0,0,0,6097.4000117331743,0.79950708574244311,113062.79993712157,14.825090941985694,756547.49963552505,0.96521280959292954,0.99178486167210311,robust_all3_ge27,GS65_85_lost_had3,0
country,Finland,ssp585,2071-2100,5.9632787757134986,3.1202280753172045,11.363082078571145,3,3.0156595363440686,8.9789383120575668,736114.62631024793,756379.66630159097,762644.89964725822,202933.20003872365,202933.20003872365,785,785,762644.89964725822,202933.20003872365,2020,719130.49966879189,94.294277717114113,37416.999966733158,4.9062151971434451,0,0,6097.4000117331743,0.79950708574244311,676920.79962217808,88.759631112103463,18009.299948230386,2.3614266556506345,61617.400065116584,8.0794351465034548,0,0,0,0,0,0,6097.4000117331743,0.79950708574244311,61617.400065116584,8.0794351465034548,756547.49963552505,0.96521280959292954,0.99178486167210311,robust_all3_ge27,GS65_85_lost_had3,0
country,France,ssp126,2031-2060,0.66638888534807561,-1.7442490454687236,3.7866001848942732,3,12.747535080932934,13.413923966281011,35755667.604997151,35755667.604997151,35769343.705079265,5011109.1996791959,5011109.1996791959,1111,1111,35769343.705079265,5011109.1996791959,2020,32032774.61044088,89.553710782488324,3722892.9945562705,10.408055079936002,0,0,13676.100082114339,0.038234137575670214,1223374.800474897,3.4201768155482739,14670.900046445429,0.041015289985211985,34517621.904475808,96.500573756890844,0,0,0,0,0,0,13676.100082114339,0.038234137575670214,34517621.904475808,96.500573756890844,35755667.604997151,0.99961765862424334,0.99961765862424334,robust_all3_ge27,GS65_85_lost_had3,0
country,France,ssp126,2071-2100,1.2648668546665984,-5.1173787130129735,5.5442490721206905,3,12.747535080932934,14.012401935599533,35755667.604997151,35755667.604997151,35769343.705079265,5011109.1996791959,5011109.1996791959,1111,1111,35769343.705079265,5011109.1996791959,2020,34401594.507508934,96.176197112120605,1354073.0974882171,3.7855687503037356,0,0,13676.100082114339,0.038234137575670214,404882.99980840087,1.1319273933195126,15519.300053812563,0.043387153484755761,35335265.305134937,98.786451315620056,0,0,0,0,0,0,13676.100082114339,0.038234137575670214,35335265.305134937,98.786451315620056,35755667.604997151,0.99961765862424334,0.99961765862424334,robust_all3_ge27,GS65_85_lost_had3,0
country,France,ssp245,2031-2060,1.0101696740154844,-2.409688543623302,4.4640209235480972,3,12.621444074297932,13.631613748313415,35755667.604997151,35755667.604997151,35769343.705079265,5011109.1996791959,5011109.1996791959,1111,1111,35769343.705079265,5011109.1996791959,2020,32158833.611572415,89.906132683686451,3596833.993424736,10.055633178737869,0,0,13676.100082114339,0.038234137575670214,648153.39964357018,1.8120360412190959,32976.699961282313,0.092192633538869223,35074537.505392298,98.05753718766637,0,0,0,0,0,0,13676.100082114339,0.038234137575670214,35074537.505392298,98.05753718766637,35755667.604997151,0.99961765862424334,0.99961765862424334,robust_all3_ge27,GS65_85_lost_had3,0
country,France,ssp245,2071-2100,1.8238809087002281,-1.5865391604820429,6.1043992255850981,3,12.621444074297932,14.445324982998159,35755667.604997151,35755667.604997151,35769343.705079265,5011109.1996791959,5011109.1996791959,1111,1111,35769343.705079265,5011109.1996791959,2020,33474793.207589686,93.585147895336547,2280874.3974074647,6.3766179670877756,0,0,13676.100082114339,0.038234137575670214,1692165.603926003,4.730770622681888,12493.300015449524,0.03492739514165441,34051008.701055698,95.19606784460079,0,0,0,0,0,0,13676.100082114339,0.038234137575670214,34051008.701055698,95.19606784460079,35755667.604997151,0.99961765862424334,0.99961765862424334,robust_all3_ge27,GS65_85_lost_had3,0
country,France,ssp585,2031-2060,1.9372112094702849,-0.65414737275084334,4.3604825911532066,3,12.589593999275642,14.526805208745927,35755667.604997151,35755667.604997151,35769343.705079265,5011109.1996791959,5011109.1996791959,1111,1111,35769343.705079265,5011109.1996791959,2020,33586061.408126175,93.89621930177303,2169606.1968709752,6.0655465606512928,0,0,13676.100082114339,0.038234137575670214,13048401.393049359,36.479286566268421,421050.59960078448,1.1771269919637779,22286215.612347007,62.305352304192134,0,0,0,0,0,0,13676.100082114339,0.038234137575670214,22286215.612347007,62.305352304192134,35755667.604997151,0.99961765862424334,0.99961765862424334,robust_all3_ge27,GS65_85_lost_had3,0
country,France,ssp585,2071-2100,4.13875274142511,0.69276519731055297,7.1932342946203756,3,12.589593999275642,16.728346740700754,35755667.604997151,35755667.604997151,35769343.705079265,5011109.1996791959,5011109.1996791959,1111,1111,35769343.705079265,5011109.1996791959,2020,34386434.207242012,96.133813610785154,1369233.3977551386,3.8279522516391786,0,0,13676.100082114339,0.038234137575670214,26148759.908188164,73.10382914427089,257520.6992296949,0.71994806880710771,9349386.9975792915,26.137988649346319,0,0,0,0,0,0,13676.100082114339,0.038234137575670214,9349386.9975792915,26.137988649346319,35755667.604997151,0.99961765862424334,0.99961765862424334,robust_all3_ge27,GS65_85_lost_had3,0
country,Georgia,ssp126,2031-2060,,,,0,,,0,0,0,0.13934374533646093,0.13934374533646093,2,2,0,0.13934374533646093,2020,0,,0,,0,,0,,0,,0,,0,,0,,0,,0,,0,,0,,0,,,robust_all3_ge27,GS65_85_lost_had3,0
country,Georgia,ssp126,2071-2100,,,,0,,,0,0,0,0.13934374533646093,0.13934374533646093,2,2,0,0.13934374533646093,2020,0,,0,,0,,0,,0,,0,,0,,0,,0,,0,,0,,0,,0,,,robust_all3_ge27,GS65_85_lost_had3,0
country,Georgia,ssp245,2031-2060,,,,0,,,0,0,0,0.13934374533646093,0.13934374533646093,2,2,0,0.13934374533646093,2020,0,,0,,0,,0,,0,,0,,0,,0,,0,,0,,0,,0,,0,,,robust_all3_ge27,GS65_85_lost_had3,0
country,Georgia,ssp245,2071-2100,,,,0,,,0,0,0,0.13934374533646093,0.13934374533646093,2,2,0,0.13934374533646093,2020,0,,0,,0,,0,,0,,0,,0,,0,,0,,0,,0,,0,,0,,,robust_all3_ge27,GS65_85_lost_had3,0
country,Georgia,ssp585,2031-2060,,,,0,,,0,0,0,0.13934374533646093,0.13934374533646093,2,2,0,0.13934374533646093,2020,0,,0,,0,,0,,0,,0,,0,,0,,0,,0,,0,,0,,0,,,robust_all3_ge27,GS65_85_lost_had3,0
country,Georgia,ssp585,2071-2100,,,,0,,,0,0,0,0.13934374533646093,0.13934374533646093,2,2,0,0.13934374533646093,2020,0,,0,,0,,0,,0,,0,,0,,0,,0,,0,,0,,0,,0,,,robust_all3_ge27,GS65_85_lost_had3,0
country,Germany,ssp126,2031-2060,1.5318126405602843,-0.48862768153763936,5.4505502466911411,3,9.6270012715964146,11.158813912156701,22231299.700948089,22231299.700948089,22231299.700948089,2964201.4007079303,2964201.4007079303,740,740,22231299.700948089,2964201.4007079303,2020,22221792.000996917,99.95723282003722,9507.699951171875,0.042767179962790947,0,0,0,0,0,0,0,0,22231299.700948089,100,0,0,0,0,0,0,0,0,22231299.700948089,100,22231299.700948089,1,1,robust_all3_ge27,GS65_85_lost_had3,0
country,Germany,ssp126,2071-2100,2.6376255292309168,-2.3549855117231102,7.1081785000863498,3,9.6270012715964146,12.264626800827331,22231299.700948089,22231299.700948089,22231299.700948089,2964201.4007079303,2964201.4007079303,740,740,22231299.700948089,2964201.4007079303,2020,22231299.700948089,100,0,0,0,0,0,0,701749.49671554565,3.1565833134156271,0,0,21529550.204232544,96.843416686584376,0,0,0,0,0,0,0,0,21529550.204232544,96.843416686584376,22231299.700948089,1,1,robust_all3_ge27,GS65_85_lost_had3,0
country,Germany,ssp245,2031-2060,2.4714389607570166,0.2177439484316652,5.8337417072342177,3,9.6078203657319872,12.079259326489003,22231299.700948089,22231299.700948089,22231299.700948089,2964201.4007079303,2964201.4007079303,740,740,22231299.700948089,2964201.4007079303,2020,22221792.000996917,99.95723282003722,9507.699951171875,0.042767179962790947,0,0,0,0,12370611.496356905,55.645021491160684,0,0,9860688.2045911849,44.354978508839316,0,0,0,0,0,0,0,0,9860688.2045911849,44.354978508839316,22231299.700948089,1,1,robust_all3_ge27,GS65_85_lost_had3,0
country,Germany,ssp245,2071-2100,3.4026133020885534,1.0467081869687178,7.5709414831801807,3,9.6078203657319872,13.010433667820543,22231299.700948089,22231299.700948089,22231299.700948089,2964201.4007079303,2964201.4007079303,740,740,22231299.700948089,2964201.4007079303,2020,22231299.700948089,100,0,0,0,0,0,0,18554920.003716797,83.463046485426545,0,0,3676379.6972312927,16.536953514573455,0,0,0,0,0,0,0,0,3676379.6972312927,16.536953514573455,22231299.700948089,1,1,robust_all3_ge27,GS65_85_lost_had3,0
country,Germany,ssp585,2031-2060,3.5519925557172649,2.3532305108213247,5.9447379249602266,3,9.4820170542329887,13.034009609950253,22231299.700948089,22231299.700948089,22231299.700948089,2964201.4007079303,2964201.4007079303,740,740,22231299.700948089,2964201.4007079303,2020,22231299.700948089,100,0,0,0,0,0,0,22185760.900838226,99.795159074267175,0,0,45538.800109863281,0.20484092573283605,0,0,0,0,0,0,0,0,45538.800109863281,0.20484092573283605,22231299.700948089,1,1,robust_all3_ge27,GS65_85_lost_had3,0
country,Germany,ssp585,2071-2100,7.4357055884683652,3.2913219189434368,12.043630538185646,3,9.4820170542329887,16.917722642701353,22231299.700948089,22231299.700948089,22231299.700948089,2964201.4007079303,2964201.4007079303,740,740,22231299.700948089,2964201.4007079303,2020,22231299.700948089,100,0,0,0,0,0,0,22208940.800801605,99.899426032453107,0,0,22358.900146484375,0.10057396754689445,0,0,0,0,0,0,0,0,22358.900146484375,0.10057396754689445,22231299.700948089,1,1,robust_all3_ge27,GS65_85_lost_had3,0
country,Greece,ssp126,2031-2060,0.45035414961384945,-0.18550734219870482,1.2860515279501472,3,6.5953472695945239,7.045701419208374,1044235.2983978391,1044235.2983978391,1044241.4983976483,356791.00003659725,356791.00003659725,323,322,1044235.2983978391,356786.00003659725,2020,878635.89868173003,84.141063157321923,165599.39971610904,15.858343110306903,0,0,6.1999998092651367,0.00059373237117839284,118459.69971191883,11.344090413347013,39314.200149178505,3.7648570957489005,886461.39853674173,84.890458758532901,0,0,0,0,0,0,6.1999998092651367,0.00059373237117839284,886461.39853674173,84.890458758532901,1044235.2983978391,0.99999406267628821,0.99999406267628821,robust_all3_ge27,GS65_85_lost_had3,0
country,Greece,ssp126,2071-2100,0.13908357619733538,-0.69291246915393667,1.0818837647308526,3,6.5953472695945239,6.7344308457918594,1044235.2983978391,1044235.2983978391,1044241.4983976483,356791.00003659725,356791.00003659725,323,322,1044235.2983978391,356786.00003659725,2020,688876.39781835675,65.96906930776197,355358.90057948232,34.030336959866851,0,0,6.1999998092651367,0.00059373237117839284,147664.59951812774,14.140847662606193,47047.799681976438,4.5054520198794652,849522.89919773489,81.353106585143166,0,0,0,0,0,0,6.1999998092651367,0.00059373237117839284,849522.89919773489,81.353106585143166,1044235.2983978391,0.99999406267628821,0.99999406267628821,robust_all3_ge27,GS65_85_lost_had3,0
country,Greece,ssp245,2031-2060,-0.74877155488803027,-2.1178363293760816,0.45087536649629267,3,6.7380975567406027,5.9893260018525725,1044235.2983978391,1044235.2983978391,1044241.4983976483,356791.00003659725,356791.00003659725,323,322,1044235.2983978391,356786.00003659725,2020,154391.89928299934,14.785076011622623,889843.39911483973,85.214330256006193,0,0,6.1999998092651367,0.00059373237117839284,6802.2999396324158,0.65141061239859788,149824.79991555214,14.347715556741711,887608.19854265451,85.000280098488517,0,0,0,0,0,0,6.1999998092651367,0.00059373237117839284,887608.19854265451,85.000280098488517,1044235.2983978391,0.99999406267628821,0.99999406267628821,robust_all3_ge27,GS65_85_lost_had3,0
country,Greece,ssp245,2071-2100,-0.41029990646707709,-2.0165674088614742,2.1563195896478393,3,6.7380975567406027,6.3277976502735269,1044235.2983978391,1044235.2983978391,1044241.4983976483,356791.00003659725,356791.00003659725,323,322,1044235.2983978391,356786.00003659725,2020,487431.79764100164,46.678071920044218,556803.50075683743,53.32133434758461,0,0,6.1999998092651367,0.00059373237117839284,0,0,52439.499935567379,5.0217789674164397,991795.79846227169,94.977627300212376,0,0,0,0,0,0,6.1999998092651367,0.00059373237117839284,991795.79846227169,94.977627300212376,1044235.2983978391,0.99999406267628821,0.99999406267628821,robust_all3_ge27,GS65_85_lost_had3,0
country,Greece,ssp585,2031-2060,-0.68790164897289241,-1.7578083284950077,1.0972012592877587,3,6.6865693718519843,5.9986677228790919,1044235.2983978391,1044235.2983978391,1044241.4983976483,356791.00003659725,356791.00003659725,323,322,1044235.2983978391,356786.00003659725,2020,267869.59903696924,25.652073725091913,776365.69936086982,74.347332542536904,0,0,6.1999998092651367,0.00059373237117839284,0,0,104206.59991237521,9.9791667035141352,940028.69848546386,90.020239564114689,0,0,0,0,0,0,6.1999998092651367,0.00059373237117839284,940028.69848546386,90.020239564114689,1044235.2983978391,0.99999406267628821,0.99999406267628821,robust_all3_ge27,GS65_85_lost_had3,0
country,Greece,ssp585,2071-2100,-1.5753766445681752,-2.9606852586585726,-0.20441058639822035,3,6.6865693718519843,5.11119272728381,1044235.2983978391,1044235.2983978391,1044241.4983976483,356791.00003659725,356791.00003659725,323,322,1044235.2983978391,356786.00003659725,2020,306830.69923020154,29.383116807847841,737404.59916763753,70.616289459780987,0,0,6.1999998092651367,0.00059373237117839284,0,0,232307.20006103814,22.24650144794143,811928.09833680093,77.752904819687387,0,0,0,0,0,0,6.1999998092651367,0.00059373237117839284,811928.09833680093,77.752904819687387,1044235.2983978391,0.99999406267628821,0.99999406267628821,robust_all3_ge27,GS65_85_lost_had3,0
country,Hungary,ssp126,2031-2060,1.6632145145720854,-0.29954440803949295,4.2198130433018264,3,6.6905893082991561,8.3538038228712423,5263107.8015492111,5263107.8015492111,5263107.8015492111,948348.40058043599,948348.40058043599,207,207,5263107.8015492111,948348.40058043599,2020,5263107.8015492111,100,0,0,0,0,0,0,1853880.1981461048,35.224059017001508,0,0,3409227.6034031063,64.775940982998492,0,0,0,0,0,0,0,0,3409227.6034031063,64.775940982998492,5263107.8015492111,1,1,robust_all3_ge27,GS65_85_lost_had3,0
country,Hungary,ssp126,2071-2100,2.4293163619285885,1.5258157240141623,3.3085991681136293,3,6.6905893082991561,9.1199056702277446,5263107.8015492111,5263107.8015492111,5263107.8015492111,948348.40058043599,948348.40058043599,207,207,5263107.8015492111,948348.40058043599,2020,5263107.8015492111,100,0,0,0,0,0,0,5245338.6014530808,99.662381984824634,0,0,17769.200096130371,0.3376180151753676,0,0,0,0,0,0,0,0,17769.200096130371,0.3376180151753676,5263107.8015492111,1,1,robust_all3_ge27,GS65_85_lost_had3,0
country,Hungary,ssp245,2031-2060,0.5910109018572377,-0.28782050985842467,2.1764590344270895,3,6.852646314495523,7.4436572163527606,5263107.8015492111,5263107.8015492111,5263107.8015492111,948348.40058043599,948348.40058043599,207,207,5263107.8015492111,948348.40058043599,2020,5171822.401135698,98.265560884262271,91285.400413513184,1.7344391157377217,0,0,0,0,219478.69952392578,4.1701349810718602,0,0,5043629.1020252854,95.829865018928146,0,0,0,0,0,0,0,0,5043629.1020252854,95.829865018928146,5263107.8015492111,1,1,robust_all3_ge27,GS65_85_lost_had3,0
country,Hungary,ssp245,2071-2100,2.1161603016800652,0.55670110656576033,4.6279324878613028,3,6.852646314495523,8.9688066161755877,5263107.8015492111,5263107.8015492111,5263107.8015492111,948348.40058043599,948348.40058043599,207,207,5263107.8015492111,948348.40058043599,2020,5263107.8015492111,100,0,0,0,0,0,0,3927409.2020283341,74.621485063868349,0,0,1335698.599520877,25.378514936131655,0,0,0,0,0,0,0,0,1335698.599520877,25.378514936131655,5263107.8015492111,1,1,robust_all3_ge27,GS65_85_lost_had3,0
country,Hungary,ssp585,2031-2060,2.5045673505390478,1.7213353073760564,3.2864070910829253,3,6.7894229629528802,9.2939903134919266,5263107.8015492111,5263107.8015492111,5263107.8015492111,948348.40058043599,948348.40058043599,207,207,5263107.8015492111,948348.40058043599,2020,5263107.8015492111,100,0,0,0,0,0,0,5168639.5024769455,98.205085234156542,0,0,94468.299072265625,1.7949147658434548,0,0,0,0,0,0,0,0,94468.299072265625,1.7949147658434548,5263107.8015492111,1,1,robust_all3_ge27,GS65_85_lost_had3,0
country,Hungary,ssp585,2071-2100,3.4548631178154507,2.3322603412961662,5.5599287324619668,3,6.7894229629528802,10.244286080768331,5263107.8015492111,5263107.8015492111,5263107.8015492111,948348.40058043599,948348.40058043599,207,207,5263107.8015492111,948348.40058043599,2020,5263107.8015492111,100,0,0,0,0,0,0,5263107.8015492111,100,0,0,0,0,0,0,0,0,0,0,0,0,0,0,5263107.8015492111,1,1,robust_all3_ge27,GS65_85_lost_had3,0
country,Ireland,ssp126,2031-2060,0.69734895646758444,-3.6387032074812633,4.2146686831468188,3,18.210290089231105,18.907639045698684,529453.59973144531,529453.59973144531,529453.59973144531,57599.799926757812,57599.799926757812,47,47,529453.59973144531,57599.799926757812,2020,529453.59973144531,100,0,0,0,0,0,0,0,0,0,0,529453.59973144531,100,0,0,0,0,0,0,0,0,529453.59973144531,100,529453.59973144531,1,1,robust_all3_ge27,GS65_85_lost_had3,0
country,Ireland,ssp126,2071-2100,0.20379536841996071,-8.4548143878702451,6.9142788227116254,3,18.210290089231105,18.414085457651062,529453.59973144531,529453.59973144531,529453.59973144531,57599.799926757812,57599.799926757812,47,47,529453.59973144531,57599.799926757812,2020,381137.29992675781,71.98691256799124,148316.2998046875,28.013087432008763,0,0,0,0,0,0,0,0,529453.59973144531,100,0,0,0,0,0,0,0,0,529453.59973144531,100,529453.59973144531,1,1,robust_all3_ge27,GS65_85_lost_had3,0
country,Ireland,ssp245,2031-2060,1.3508014495205873,-4.4073738019861342,5.8523648492147595,3,18.085900428931946,19.436701878452535,529453.59973144531,529453.59973144531,529453.59973144531,57599.799926757812,57599.799926757812,47,47,529453.59973144531,57599.799926757812,2020,529453.59973144531,100,0,0,0,0,0,0,0,0,0,0,529453.59973144531,100,0,0,0,0,0,0,0,0,529453.59973144531,100,529453.59973144531,1,1,robust_all3_ge27,GS65_85_lost_had3,0
country,Ireland,ssp245,2071-2100,0.25881654191449616,-6.2780475384373853,7.145359662713358,3,18.085900428931946,18.344716970846438,529453.59973144531,529453.59973144531,529453.59973144531,57599.799926757812,57599.799926757812,47,47,529453.59973144531,57599.799926757812,2020,333167.00012207031,62.926571901874418,196286.599609375,37.073428098125582,0,0,0,0,0,0,0,0,529453.59973144531,100,0,0,0,0,0,0,0,0,529453.59973144531,100,529453.59973144531,1,1,robust_all3_ge27,GS65_85_lost_had3,0
country,Ireland,ssp585,2031-2060,1.4096588974335678,-2.8823447812643304,5.4231728379327535,3,18.337744169905445,19.747403067339011,529453.59973144531,529453.59973144531,529453.59973144531,57599.799926757812,57599.799926757812,47,47,529453.59973144531,57599.799926757812,2020,529453.59973144531,100,0,0,0,0,0,0,0,0,0,0,529453.59973144531,100,0,0,0,0,0,0,0,0,529453.59973144531,100,529453.59973144531,1,1,robust_all3_ge27,GS65_85_lost_had3,0
country,Ireland,ssp585,2071-2100,3.5529179447856269,-3.0932305428906806,8.0988774910953669,3,18.337744169905445,21.890662114691072,529453.59973144531,529453.59973144531,529453.59973144531,57599.799926757812,57599.799926757812,47,47,529453.59973144531,57599.799926757812,2020,529453.59973144531,100,0,0,0,0,0,0,0,0,0,0,529453.59973144531,100,0,0,0,0,0,0,0,0,529453.59973144531,100,529453.59973144531,1,1,robust_all3_ge27,GS65_85_lost_had3,0
country,Italy,ssp126,2031-2060,0.2901752482835443,-0.18128949930431384,1.0849197423480883,3,14.597875758321029,14.88805100660457,6916318.006785919,6916345.9967859164,6916736.6967803165,1730823.6998818964,1153882.3994524702,586,586,6916736.6967803165,1730823.6998818964,2020,5632546.197435461,81.433578352886627,1283799.7993504554,18.560773029686867,0,0,390.69999440014362,0.0056486174265099783,1986855.3962362632,28.725329347308072,712816.10027880222,10.305670600568217,4216674.500270851,60.963351434697195,0,0,0,0,0,0,390.69999440014362,0.0056486174265099783,4216674.500270851,60.963351434697195,6916345.9967859164,0.99993946711971959,0.99994351382573488,robust_all3_ge27,GS65_85_lost_had3,0
country,Italy,ssp126,2071-2100,0.78592671724747387,0.048983812850509505,1.8202191413528639,3,14.597875758321029,15.383802475568501,6916318.006785919,6916345.9967859164,6916736.6967803165,1730823.6998818964,1153882.3994524702,586,586,6916736.6967803165,1730823.6998818964,2020,5608803.5980446935,81.090315331152411,1307542.3987412229,18.904036051421084,0,0,390.69999440014362,0.0056486174265099783,3638019.2966258377,52.597336809413399,557799.79995632172,8.0644937693807677,2720526.900203757,39.332520803779332,0,0,0,0,0,0,390.69999440014362,0.0056486174265099783,2720526.900203757,39.332520803779332,6916345.9967859164,0.99993946711971959,0.99994351382573488,robust_all3_ge27,GS65_85_lost_had3,0
country,Italy,ssp245,2031-2060,-0.17517318930811507,-1.3882827513890519,2.1785897459914589,3,14.719437942843856,14.544264753535741,6916336.6667859172,6916345.9967859164,6916736.6967803165,1730823.6998818964,1153882.3994524702,586,586,6916736.6967803165,1730823.6998818964,2020,4111915.6967114061,59.448781657764542,2804430.3000745103,40.545569724808949,0,0,390.69999440014362,0.0056486174265099783,407581.19913844764,5.8926805660850627,977220.00030758232,14.128338885047773,5531544.7973398864,79.973331931440654,0,0,0,0,0,0,390.69999440014362,0.0056486174265099783,5531544.7973398864,79.973331931440654,6916345.9967859164,0.99994216492372978,0.99994351382573488,robust_all3_ge27,GS65_85_lost_had3,0
country,Italy,ssp245,2071-2100,-0.26246858142995411,-2.3926899322225821,2.7492052772094508,3,14.719437942843856,14.456969361413902,6916336.6667859172,6916345.9967859164,6916736.6967803165,1730823.6998818964,1153882.3994524702,586,586,6916736.6967803165,1730823.6998818964,2020,3997761.0974099115,57.798370426198758,2918584.8993760049,42.195980956374733,0,0,390.69999440014362,0.0056486174265099783,171731.59962594509,2.4828413622551908,1006956.9016904309,14.558265636440391,5737657.4954695404,82.953244383877916,0,0,0,0,0,0,390.69999440014362,0.0056486174265099783,5737657.4954695404,82.953244383877916,6916345.9967859164,0.99994216492372978,0.99994351382573488,robust_all3_ge27,GS65_85_lost_had3,0
country,Italy,ssp585,2031-2060,0.098749792888038757,-1.0879647739290383,1.4052242034109073,3,14.681806533657516,14.780556326545556,6916327.3367859181,6916345.9967859164,6916736.6967803165,1730823.6998818964,1153882.3994524702,586,586,6916736.6967803165,1730823.6998818964,2020,4733877.9974834174,68.440916649133086,2182467.999302499,31.553434733440405,0,0,390.69999440014362,0.0056486174265099783,1361868.2983440533,19.689462792157343,924780.0002803579,13.370177886210925,4629697.6981615052,66.93471070420523,0,0,0,0,0,0,390.69999440014362,0.0056486174265099783,4629697.6981615052,66.93471070420523,6916345.9967859164,0.99994081602172469,0.99994351382573488,robust_all3_ge27,GS65_85_lost_had3,0
country,Italy,ssp585,2071-2100,-1.290438583682709,-3.0759043382511804,-0.34422860953881979,3,14.681806533657516,13.391367949974807,6916327.3367859181,6916345.9967859164,6916736.6967803165,1730823.6998818964,1153882.3994524702,586,586,6916736.6967803165,1730823.6998818964,2020,3051726.5969080403,44.12090167215117,3864619.399877876,55.873449710422321,0,0,390.69999440014362,0.0056486174265099783,775068.49822056293,11.205696156994827,1918844.6987061277,27.742052109621781,4222432.7998592257,61.046603115956884,0,0,0,0,0,0,390.69999440014362,0.0056486174265099783,4222432.7998592257,61.046603115956884,6916345.9967859164,0.99994081602172469,0.99994351382573488,robust_all3_ge27,GS65_85_lost_had3,0
country,Kazakhstan,ssp126,2031-2060,0.10869467592148345,0.10034228295302321,0.12074245521851613,3,0.28800263916497587,0.39669731508645928,158330.61976814564,158330.61976814564,158332.41976809796,141336.00044861363,141336.00044861363,159,158,158330.61976814564,141334.80044862555,2020,158330.61976814564,99.99886315136537,0,0,0,0,1.7999999523162842,0.0011368486346338036,158285.43013560903,99.970322166137706,0,0,45.189632536619797,0.028540985227666526,0,0,0,0,0,0,1.7999999523162842,0.0011368486346338036,45.189632536619797,0.028540985227666526,158330.61976814564,0.99998863151365369,0.99998863151365369,robust_all3_ge27,GS65_85_lost_had3,0
country,Kazakhstan,ssp126,2071-2100,0.12612369456177183,0.095176408651801617,0.17792231356382959,3,0.28800263916497587,0.41412633372674773,158330.61976814564,158330.61976814564,158332.41976809796,141336.00044861363,141336.00044861363,159,158,158330.61976814564,141334.80044862555,2020,158330.61976814564,99.99886315136537,0,0,0,0,1.7999999523162842,0.0011368486346338036,157936.8461290079,99.750162575883422,0,0,393.77363913772928,0.24870057548193286,0,0,0,0,0,0,1.7999999523162842,0.0011368486346338036,393.77363913772928,0.24870057548193286,158330.61976814564,0.99998863151365369,0.99998863151365369,robust_all3_ge27,GS65_85_lost_had3,0
country,Kazakhstan,ssp245,2031-2060,0.037083705769943,-0.039859603492802931,0.160456708442515,3,0.31836172078905695,0.35544542655899997,154356.46859292823,158330.61976814564,158332.41976809796,141336.00044861363,141336.00044861363,159,158,158330.61976814564,141334.80044862555,2020,149439.71974373158,94.38352547293151,8890.9000244140625,5.6153376784338578,0,0,1.7999999523162842,0.0011368486346338036,9143.6179317579245,5.774949909279572,0,0,149187.00183638773,94.223913242085814,0,0,0,0,0,0,1.7999999523162842,0.0011368486346338036,149187.00183638773,94.223913242085814,158330.61976814564,0.97488858452998373,0.99998863151365369,robust_all3_ge27,GS65_85_lost_had3,-2.9103830456733704e-11
country,Kazakhstan,ssp245,2071-2100,0.25362730058292121,0.15692301189126143,0.41485399577058013,3,0.31689109925176528,0.57051839983468655,155853.74527600186,158330.61976814564,158332.41976809796,141336.00044861363,141336.00044861363,159,158,158330.61976814564,141334.80044862555,2020,158330.61976814564,99.99886315136537,0,0,0,0,1.7999999523162842,0.0011368486346338036,158330.61976814564,99.99886315136537,0,0,0,0,0,0,0,0,0,0,1.7999999523162842,0.0011368486346338036,0,0,158330.61976814564,0.98434512340728142,0.99998863151365369,robust_all3_ge27,GS65_85_lost_had3,0
country,Kazakhstan,ssp585,2031-2060,0.18479608536881154,-0.019562504154777869,0.49845315002045792,3,0.30139854604967015,0.48619463141848168,158330.56546104571,158330.61976814564,158332.41976809796,141336.00044861363,141336.00044861363,159,158,158330.61976814564,141334.80044862555,2020,158330.61976814564,99.99886315136537,0,0,0,0,1.7999999523162842,0.0011368486346338036,38468.239604420232,24.295870460871409,0,0,119862.38016372541,75.702992690493957,0,0,0,0,0,0,1.7999999523162842,0.0011368486346338036,119862.38016372541,75.702992690493957,158330.61976814564,0.99998828851946453,0.99998863151365369,robust_all3_ge27,GS65_85_lost_had3,0
country,Kazakhstan,ssp585,2071-2100,0.66109858162171442,0.10689416323296407,1.6791648676592306,3,0.30362089458645863,0.964719476208173,153296.30587417108,158327.43541770175,158332.41976809796,141336.00044861363,141336.00044861363,159,158,158330.61976814564,141334.80044862555,2020,158330.61976814564,99.99886315136537,0,0,0,0,1.7999999523162842,0.0011368486346338036,158330.61976814564,99.99886315136537,0,0,0,0,0,0,0,0,0,0,1.7999999523162842,0.0011368486346338036,0,0,158330.61976814564,0.96819278135644593,0.99996851971059686,robust_all3_ge27,GS65_85_lost_had3,0
country,Latvia,ssp126,2031-2060,2.637179128527102,0.7462317070483474,6.2254151945365397,3,6.7663155614632053,9.4034946899903069,2479432.9009336978,2479432.9009336978,2479432.9009336978,509400.39987299591,509400.39987299591,186,186,2479432.9009336978,509400.39987299591,2020,2479432.9009336978,100,0,0,0,0,0,0,2334767.1007627994,94.165367406537982,0,0,144665.80017089844,5.8346325934620209,0,0,0,0,0,0,0,0,144665.80017089844,5.8346325934620209,2479432.9009336978,1,1,robust_all3_ge27,GS65_85_lost_had3,0
country,Latvia,ssp126,2071-2100,3.6762120433605205,-0.85851838112021861,8.1992240904922173,3,6.7663155614632053,10.442527604823725,2479432.9009336978,2479432.9009336978,2479432.9009336978,509400.39987299591,509400.39987299591,186,186,2479432.9009336978,509400.39987299591,2020,2479432.9009336978,100,0,0,0,0,0,0,187910.2993927002,7.5787612289059112,0,0,2291522.6015409976,92.421238771094096,0,0,0,0,0,0,0,0,2291522.6015409976,92.421238771094096,2479432.9009336978,1,1,robust_all3_ge27,GS65_85_lost_had3,0
country,Latvia,ssp245,2031-2060,5.0746844847816091,2.3505348783713949,9.8165483960961932,3,6.6764804358658623,11.751164920647474,2479432.9009336978,2479432.9009336978,2479432.9009336978,509400.39987299591,509400.39987299591,186,186,2479432.9009336978,509400.39987299591,2020,2479432.9009336978,100,0,0,0,0,0,0,2467348.1011290103,99.512598231630434,0,0,12084.7998046875,0.48740176836955906,0,0,0,0,0,0,0,0,12084.7998046875,0.48740176836955906,2479432.9009336978,1,1,robust_all3_ge27,GS65_85_lost_had3,0
country,Latvia,ssp245,2071-2100,5.2819650903027773,3.0451718981304348,9.6876689821142872,3,6.6764804358658623,11.958445526168639,2479432.9009336978,2479432.9009336978,2479432.9009336978,509400.39987299591,509400.39987299591,186,186,2479432.9009336978,509400.39987299591,2020,2479432.9009336978,100,0,0,0,0,0,0,2467348.1011290103,99.512598231630434,0,0,12084.7998046875,0.48740176836955906,0,0,0,0,0,0,0,0,12084.7998046875,0.48740176836955906,2479432.9009336978,1,1,robust_all3_ge27,GS65_85_lost_had3,0
country,Latvia,ssp585,2031-2060,4.8750949487916566,3.2791175451956662,7.538793683436162,3,6.706737653105205,11.581832601896863,2479432.9009336978,2479432.9009336978,2479432.9009336978,509400.39987299591,509400.39987299591,186,186,2479432.9009336978,509400.39987299591,2020,2479432.9009336978,100,0,0,0,0,0,0,2467348.1011290103,99.512598231630434,0,0,12084.7998046875,0.48740176836955906,0,0,0,0,0,0,0,0,12084.7998046875,0.48740176836955906,2479432.9009336978,1,1,robust_all3_ge27,GS65_85_lost_had3,0
country,Latvia,ssp585,2071-2100,10.859023352943217,7.647825949334873,16.174886872155366,3,6.706737653105205,17.565761006048422,2479432.9009336978,2479432.9009336978,2479432.9009336978,509400.39987299591,509400.39987299591,186,186,2479432.9009336978,509400.39987299591,2020,2479432.9009336978,100,0,0,0,0,0,0,2479432.9009336978,100,0,0,0,0,0,0,0,0,0,0,0,0,0,0,2479432.9009336978,1,1,robust_all3_ge27,GS65_85_lost_had3,0
country,Lithuania,ssp126,2031-2060,2.70931215992375,0.83251356890057437,5.8368514692021138,3,7.0591200998942485,9.7684322598179989,4299304.0966024995,4299304.0966024995,4299304.0966024995,910179.29943761975,910179.29943761975,173,173,4299304.0966024995,910179.29943761975,2020,4299304.0966024995,100,0,0,0,0,0,0,4260212.8966392279,99.090755176072264,0,0,39091.199963271618,0.90924482392774253,0,0,0,0,0,0,0,0,39091.199963271618,0.90924482392774253,4299304.0966024995,1,1,robust_all3_ge27,GS65_85_lost_had3,0
country,Lithuania,ssp126,2071-2100,3.9567210547315859,0.02001444296185536,7.69362144818919,3,7.0591200998942485,11.015841154625834,4299304.0966024995,4299304.0966024995,4299304.0966024995,910179.29943761975,910179.29943761975,173,173,4299304.0966024995,910179.29943761975,2020,4299304.0966024995,100,0,0,0,0,0,0,2282470.6966575384,53.089305742788646,0,0,2016833.3999449611,46.910694257211354,0,0,0,0,0,0,0,0,2016833.3999449611,46.910694257211354,4299304.0966024995,1,1,robust_all3_ge27,GS65_85_lost_had3,0
country,Lithuania,ssp245,2031-2060,4.9402184143127812,2.7884433728562397,8.7174394632813375,3,7.0868644331567454,12.027082847469527,4299304.0966024995,4299304.0966024995,4299304.0966024995,910179.29943761975,910179.29943761975,173,173,4299304.0966024995,910179.29943761975,2020,4299304.0966024995,100,0,0,0,0,0,0,4299304.0966024995,100,0,0,0,0,0,0,0,0,0,0,0,0,0,0,4299304.0966024995,1,1,robust_all3_ge27,GS65_85_lost_had3,0
country,Lithuania,ssp245,2071-2100,5.2177249510913759,3.2182358860089839,9.100711586881026,3,7.0868644331567454,12.304589384248123,4299304.0966024995,4299304.0966024995,4299304.0966024995,910179.29943761975,910179.29943761975,173,173,4299304.0966024995,910179.29943761975,2020,4299304.0966024995,100,0,0,0,0,0,0,4299304.0966024995,100,0,0,0,0,0,0,0,0,0,0,0,0,0,0,4299304.0966024995,1,1,robust_all3_ge27,GS65_85_lost_had3,0
country,Lithuania,ssp585,2031-2060,5.2057942601969218,4.1515169918203876,6.7188785966429503,3,7.0130261281659942,12.218820388362916,4299304.0966024995,4299304.0966024995,4299304.0966024995,910179.29943761975,910179.29943761975,173,173,4299304.0966024995,910179.29943761975,2020,4299304.0966024995,100,0,0,0,0,0,0,4299304.0966024995,100,0,0,0,0,0,0,0,0,0,0,0,0,0,0,4299304.0966024995,1,1,robust_all3_ge27,GS65_85_lost_had3,0
country,Lithuania,ssp585,2071-2100,10.46205716959936,7.5097857058012831,14.671578835624803,3,7.0130261281659942,17.475083297765352,4299304.0966024995,4299304.0966024995,4299304.0966024995,910179.29943761975,910179.29943761975,173,173,4299304.0966024995,910179.29943761975,2020,4299304.0966024995,100,0,0,0,0,0,0,4299304.0966024995,100,0,0,0,0,0,0,0,0,0,0,0,0,0,0,4299304.0966024995,1,1,robust_all3_ge27,GS65_85_lost_had3,0
country,Luxembourg,ssp126,2031-2060,1.091287373789805,-0.87378402287681789,4.5295264493384257,3,7.7756948147669691,8.8669821885567757,76933.30029296875,76933.30029296875,76933.30029296875,12719.900024414062,12719.900024414062,4,4,76933.30029296875,12719.900024414062,2020,76933.30029296875,100,0,0,0,0,0,0,0,0,0,0,76933.30029296875,100,0,0,0,0,0,0,0,0,76933.30029296875,100,76933.30029296875,1,1,robust_all3_ge27,GS65_85_lost_had3,0
country,Luxembourg,ssp126,2071-2100,1.8778087064832611,-3.5771465169034316,6.7334262101320324,3,7.7756948147669691,9.6535035212502311,76933.30029296875,76933.30029296875,76933.30029296875,12719.900024414062,12719.900024414062,4,4,76933.30029296875,12719.900024414062,2020,76933.30029296875,100,0,0,0,0,0,0,0,0,0,0,76933.30029296875,100,0,0,0,0,0,0,0,0,76933.30029296875,100,76933.30029296875,1,1,robust_all3_ge27,GS65_85_lost_had3,0
country,Luxembourg,ssp245,2031-2060,1.7323745504708612,-1.1615031940101714,5.4026985963358429,3,7.7852998298928151,9.5176743803636761,76933.30029296875,76933.30029296875,76933.30029296875,12719.900024414062,12719.900024414062,4,4,76933.30029296875,12719.900024414062,2020,76933.30029296875,100,0,0,0,0,0,0,0,0,0,0,76933.30029296875,100,0,0,0,0,0,0,0,0,76933.30029296875,100,76933.30029296875,1,1,robust_all3_ge27,GS65_85_lost_had3,0
country,Luxembourg,ssp245,2071-2100,2.8519565319675588,-0.55386556564295231,7.8554649255132905,3,7.7852998298928151,10.637256361860375,76933.30029296875,76933.30029296875,76933.30029296875,12719.900024414062,12719.900024414062,4,4,76933.30029296875,12719.900024414062,2020,76933.30029296875,100,0,0,0,0,0,0,0,0,0,0,76933.30029296875,100,0,0,0,0,0,0,0,0,76933.30029296875,100,76933.30029296875,1,1,robust_all3_ge27,GS65_85_lost_had3,0
country,Luxembourg,ssp585,2031-2060,2.703572779876398,0.8496548833431945,5.0857846952749926,3,7.6862460246587601,10.389818804535158,76933.30029296875,76933.30029296875,76933.30029296875,12719.900024414062,12719.900024414062,4,4,76933.30029296875,12719.900024414062,2020,76933.30029296875,100,0,0,0,0,0,0,76933.30029296875,100,0,0,0,0,0,0,0,0,0,0,0,0,0,0,76933.30029296875,1,1,robust_all3_ge27,GS65_85_lost_had3,0
country,Luxembourg,ssp585,2071-2100,5.5930134454606497,0.64658095996298315,10.277848903837393,3,7.6862460246587601,13.279259470119412,76933.30029296875,76933.30029296875,76933.30029296875,12719.900024414062,12719.900024414062,4,4,76933.30029296875,12719.900024414062,2020,76933.30029296875,100,0,0,0,0,0,0,76933.30029296875,100,0,0,0,0,0,0,0,0,0,0,0,0,0,0,76933.30029296875,1,1,robust_all3_ge27,GS65_85_lost_had3,0
country,Montenegro,ssp126,2031-2060,1.1478140059162125,-0.27580928682457229,3.2671684609907823,3,22.276437386267165,23.424251392183383,2259.0999755859375,2259.0999755859375,2259.0999755859375,759.60000610351562,759.60000610351562,2,2,2259.0999755859375,759.60000610351562,2020,2259.0999755859375,100,0,0,0,0,0,0,674.5,29.857023030822553,0,0,1584.5999755859375,70.142976969177454,0,0,0,0,0,0,0,0,1584.5999755859375,70.142976969177454,2259.0999755859375,1,1,robust_all3_ge27,GS65_85_lost_had3,0
country,Montenegro,ssp126,2071-2100,1.6230908707714724,0.99839042522529176,2.2431075242938747,3,22.276437386267165,23.899528257038639,2259.0999755859375,2259.0999755859375,2259.0999755859375,759.60000610351562,759.60000610351562,2,2,2259.0999755859375,759.60000610351562,2020,2259.0999755859375,100,0,0,0,0,0,0,1584.5999755859375,70.142976969177454,0,0,674.5,29.857023030822553,0,0,0,0,0,0,0,0,674.5,29.857023030822553,2259.0999755859375,1,1,robust_all3_ge27,GS65_85_lost_had3,0
country,Montenegro,ssp245,2031-2060,-0.70351598841708662,-2.6191893815975904,1.9568672669752138,3,22.583935583509049,21.880419595091965,2259.0999755859375,2259.0999755859375,2259.0999755859375,759.60000610351562,759.60000610351562,2,2,2259.0999755859375,759.60000610351562,2020,0,0,2259.0999755859375,100,0,0,0,0,0,0,0,0,2259.0999755859375,100,0,0,0,0,0,0,0,0,2259.0999755859375,100,2259.0999755859375,1,1,robust_all3_ge27,GS65_85_lost_had3,0
country,Montenegro,ssp245,2071-2100,0.36347744862478976,-2.3547649225483784,3.7058214933837315,3,22.583935583509049,22.947413032133841,2259.0999755859375,2259.0999755859375,2259.0999755859375,759.60000610351562,759.60000610351562,2,2,2259.0999755859375,759.60000610351562,2020,1584.5999755859375,70.142976969177454,674.5,29.857023030822553,0,0,0,0,0,0,0,0,2259.0999755859375,100,0,0,0,0,0,0,0,0,2259.0999755859375,100,2259.0999755859375,1,1,robust_all3_ge27,GS65_85_lost_had3,0
country,Montenegro,ssp585,2031-2060,1.2432849928597605,0.71640136130435605,1.9867161048610891,3,22.352332244232301,23.595617237092068,2259.0999755859375,2259.0999755859375,2259.0999755859375,759.60000610351562,759.60000610351562,2,2,2259.0999755859375,759.60000610351562,2020,2259.0999755859375,100,0,0,0,0,0,0,1584.5999755859375,70.142976969177454,0,0,674.5,29.857023030822553,0,0,0,0,0,0,0,0,674.5,29.857023030822553,2259.0999755859375,1,1,robust_all3_ge27,GS65_85_lost_had3,0
country,Montenegro,ssp585,2071-2100,-0.6609326013999347,-3.3232805533083747,1.9166516672476273,3,22.352332244232301,21.691399642832369,2259.0999755859375,2259.0999755859375,2259.0999755859375,759.60000610351562,759.60000610351562,2,2,2259.0999755859375,759.60000610351562,2020,0,0,2259.0999755859375,100,0,0,0,0,0,0,0,0,2259.0999755859375,100,0,0,0,0,0,0,0,0,2259.0999755859375,100,2259.0999755859375,1,1,robust_all3_ge27,GS65_85_lost_had3,0
country,Netherlands,ssp126,2031-2060,1.2326061336520977,-1.216028776856102,4.1652749796214295,3,10.574654947733684,11.807261081385782,988807.09840393066,988807.09840393066,1003202.3983612061,115866.50010585785,115866.50010585785,72,70,988807.09840393066,114212.40016078949,2020,988807.09840393066,98.565065237005911,0,0,0,0,14395.299957275391,1.4349347629940892,0,0,0,0,988807.09840393066,98.565065237005911,0,0,0,0,0,0,14395.299957275391,1.4349347629940892,988807.09840393066,98.565065237005911,988807.09840393066,0.98565065237005911,0.98565065237005911,robust_all3_ge27,GS65_85_lost_had3,0
country,Netherlands,ssp126,2071-2100,2.1004422300594707,-4.3651465844096533,6.730066327882855,3,10.574654947733684,12.675097177793155,988807.09840393066,988807.09840393066,1003202.3983612061,115866.50010585785,115866.50010585785,72,70,988807.09840393066,114212.40016078949,2020,988807.09840393066,98.565065237005911,0,0,0,0,14395.299957275391,1.4349347629940892,0,0,0,0,988807.09840393066,98.565065237005911,0,0,0,0,0,0,14395.299957275391,1.4349347629940892,988807.09840393066,98.565065237005911,988807.09840393066,0.98565065237005911,0.98565065237005911,robust_all3_ge27,GS65_85_lost_had3,0
country,Netherlands,ssp245,2031-2060,2.2052559829220186,-1.5121765267229039,5.4949826473893424,3,10.626338293105386,12.831594276027408,988807.09840393066,988807.09840393066,1003202.3983612061,115866.50010585785,115866.50010585785,72,70,988807.09840393066,114212.40016078949,2020,988807.09840393066,98.565065237005911,0,0,0,0,14395.299957275391,1.4349347629940892,0,0,0,0,988807.09840393066,98.565065237005911,0,0,0,0,0,0,14395.299957275391,1.4349347629940892,988807.09840393066,98.565065237005911,988807.09840393066,0.98565065237005911,0.98565065237005911,robust_all3_ge27,GS65_85_lost_had3,0
country,Netherlands,ssp245,2071-2100,3.1199351275229357,-0.35250115247059255,7.444903953447537,3,10.626338293105386,13.746273420628322,988807.09840393066,988807.09840393066,1003202.3983612061,115866.50010585785,115866.50010585785,72,70,988807.09840393066,114212.40016078949,2020,988807.09840393066,98.565065237005911,0,0,0,0,14395.299957275391,1.4349347629940892,245028.50012969971,24.424632609528157,0,0,743778.59827423096,74.14043262747775,0,0,0,0,0,0,14395.299957275391,1.4349347629940892,743778.59827423096,74.14043262747775,988807.09840393066,0.98565065237005911,0.98565065237005911,robust_all3_ge27,GS65_85_lost_had3,0
country,Netherlands,ssp585,2031-2060,3.3918910909129347,0.56417179559326303,6.0028670463770029,3,10.431219519246968,13.823110610159903,988807.09840393066,988807.09840393066,1003202.3983612061,115866.50010585785,115866.50010585785,72,70,988807.09840393066,114212.40016078949,2020,988807.09840393066,98.565065237005911,0,0,0,0,14395.299957275391,1.4349347629940892,640819.69903564453,63.877408993684988,0,0,347987.39936828613,34.687656243320923,0,0,0,0,0,0,14395.299957275391,1.4349347629940892,347987.39936828613,34.687656243320923,988807.09840393066,0.98565065237005911,0.98565065237005911,robust_all3_ge27,GS65_85_lost_had3,0
country,Netherlands,ssp585,2071-2100,7.0746990143736674,1.2674441686090216,11.459371057262304,3,10.431219519246968,17.505918533620633,988807.09840393066,988807.09840393066,1003202.3983612061,115866.50010585785,115866.50010585785,72,70,988807.09840393066,114212.40016078949,2020,988807.09840393066,98.565065237005911,0,0,0,0,14395.299957275391,1.4349347629940892,988807.09840393066,98.565065237005911,0,0,0,0,0,0,0,0,0,0,14395.299957275391,1.4349347629940892,0,0,988807.09840393066,0.98565065237005911,0.98565065237005911,robust_all3_ge27,GS65_85_lost_had3,0
country,North Macedonia,ssp126,2031-2060,0.53592026559194261,-0.16967752709992431,0.92313895110641242,3,2.0860832717836728,2.6220035373756154,243207.6003831774,243207.6003831774,243207.6003831774,69658.600148327649,69658.600148327649,51,51,243207.6003831774,69658.600148327649,2020,243207.6003831774,100,0,0,0,0,0,0,55416.399939060211,22.785636572109919,0,0,187791.20044411719,77.214363427890078,0,0,0,0,0,0,0,0,187791.20044411719,77.214363427890078,243207.6003831774,1,1,robust_all3_ge27,GS65_85_lost_had3,0
country,North Macedonia,ssp126,2071-2100,0.46370530274448063,-0.28672536393798692,0.85757940972070823,3,2.0860832717836728,2.5497885745281534,243207.6003831774,243207.6003831774,243207.6003831774,69658.600148327649,69658.600148327649,51,51,243207.6003831774,69658.600148327649,2020,243192.4003828913,99.993750195198601,15.200000286102295,0.0062498048013937295,0,0,0,0,48641.599746227264,20.000032757854466,0,0,194566.00063695014,79.99996724214553,0,0,0,0,0,0,0,0,194566.00063695014,79.99996724214553,243207.6003831774,1,1,robust_all3_ge27,GS65_85_lost_had3,0
country,North Macedonia,ssp245,2031-2060,-0.24793300368337987,-0.99116305693203166,0.39177438818816107,3,2.2290052457537421,1.9810722420703624,243207.6003831774,243207.6003831774,243207.6003831774,69658.600148327649,69658.600148327649,51,51,243207.6003831774,69658.600148327649,2020,0,0,243207.6003831774,100,0,0,0,0,0,0,15.200000286102295,0.0062498048013937295,243192.4003828913,99.993750195198601,0,0,0,0,0,0,0,0,243192.4003828913,99.993750195198601,243207.6003831774,1,1,robust_all3_ge27,GS65_85_lost_had3,0
country,North Macedonia,ssp245,2071-2100,0.31701139457179139,-0.82344148438404663,1.382722803133968,3,2.2290052457537421,2.5460166403255333,243207.6003831774,243207.6003831774,243207.6003831774,69658.600148327649,69658.600148327649,51,51,243207.6003831774,69658.600148327649,2020,239259.90035845339,98.376818808908794,3947.7000247240067,1.6231811910912091,0,0,0,0,0,0,0,0,243207.6003831774,100,0,0,0,0,0,0,0,0,243207.6003831774,100,243207.6003831774,1,1,robust_all3_ge27,GS65_85_lost_had3,0
country,North Macedonia,ssp585,2031-2060,-0.029421341566728671,-0.61101434802350263,0.98267461334044315,3,2.135654811064565,2.1062334694978362,243207.6003831774,243207.6003831774,243207.6003831774,69658.600148327649,69658.600148327649,51,51,243207.6003831774,69658.600148327649,2020,44936.200064659119,18.476478528574528,198271.40031851828,81.523521471425468,0,0,0,0,0,0,0,0,243207.6003831774,100,0,0,0,0,0,0,0,0,243207.6003831774,100,243207.6003831774,1,1,robust_all3_ge27,GS65_85_lost_had3,0
country,North Macedonia,ssp585,2071-2100,-0.01843238877658282,-0.6265039842843777,0.34029670232576381,3,2.135654811064565,2.1172224222879823,243207.6003831774,243207.6003831774,243207.6003831774,69658.600148327649,69658.600148327649,51,51,243207.6003831774,69658.600148327649,2020,104766.70039749146,43.077066766182419,138440.89998568594,56.922933233817581,0,0,0,0,0,0,4240.8999934196472,1.7437366211985328,238966.70038975775,98.256263378801464,0,0,0,0,0,0,0,0,238966.70038975775,98.256263378801464,243207.6003831774,1,1,robust_all3_ge27,GS65_85_lost_had3,0
country,Norway,ssp126,2031-2060,1.1995367196111293,-0.77041565453412497,2.892599719766026,3,6.6795353919502505,7.8790721115613804,341965.90701158665,342131.81367776968,346392.30033623427,70541.799964286387,70541.799964286387,252,252,346392.30033623427,70541.799964286387,2020,319637.90028356016,92.276271722349406,22498.400060914457,6.4950635562845438,0,0,4255.9999917596579,1.228664721366054,23560.700183361769,6.8017389995366502,4127.8999655768275,1.1916835222867193,314447.70019553602,90.777912756810579,0,0,0,0,0,0,4255.9999917596579,1.228664721366054,314447.70019553602,90.777912756810579,342136.30034447461,0.98722144424009706,0.98770040022734618,robust_all3_ge27,GS65_85_lost_had3,0
country,Norway,ssp126,2071-2100,1.5192257111930001,-2.874905200159072,5.1903209000192572,3,6.6861567055740059,8.2053824167670051,340924.14368311467,341042.50035043061,346392.30033623427,70541.799964286387,70541.799964286387,252,252,346392.30033623427,70541.799964286387,2020,333228.20036486536,96.199655720236606,7814.2999855652452,2.2559104165941624,0,0,5349.7999858036637,1.5444338631692298,0,0,47.299999952316284,0.01365503791695236,340995.20035047829,98.44191109891382,0,0,0,0,0,0,5349.7999858036637,1.5444338631692298,340995.20035047829,98.44191109891382,341042.50035043061,0.98421397748214434,0.98455566136830774,robust_all3_ge27,GS65_85_lost_had3,0
country,Norway,ssp245,2031-2060,2.2346501164627774,0.085345771797531472,4.9682084949392413,3,6.5421739488420947,8.7768240653048721,342000.277011353,342136.30034447461,346392.30033623427,70541.799964286387,70541.799964286387,252,252,346392.30033623427,70541.799964286387,2020,334541.50038428605,96.578792328684855,7594.7999601885676,2.1925429499490856,0,0,4255.9999917596579,1.228664721366054,164395.20022901893,47.459253588906179,1075.0999949499965,0.31037063869676779,176666.00012050569,51.001711051031002,0,0,0,0,0,0,4255.9999917596579,1.228664721366054,176666.00012050569,51.001711051031002,342136.30034447461,0.98732066699918553,0.98771335278633943,robust_all3_ge27,GS65_85_lost_had3,0
country,Norway,ssp245,2071-2100,2.2700629958223124,-0.28987405560710638,4.5441918041641909,3,6.5421739488420947,8.8122369446644058,342000.277011353,342136.30034447461,346392.30033623427,70541.799964286387,70541.799964286387,252,252,346392.30033623427,70541.799964286387,2020,333063.50039360672,96.152108482293158,9072.7999508678913,2.6192267963407829,0,0,4255.9999917596579,1.228664721366054,62667.300272613764,18.09142414880013,1882.5999920889735,0.54348782875992951,277586.40007977188,80.13642330107389,0,0,0,0,0,0,4255.9999917596579,1.228664721366054,277586.40007977188,80.13642330107389,342136.30034447461,0.98732066699918553,0.98771335278633943,robust_all3_ge27,GS65_85_lost_had3,0
country,Norway,ssp585,2031-2060,2.6749753632925266,1.9485703879519809,3.8497827444580737,3,6.4507740490897731,9.1257494123822998,341935.53701110504,342132.53701112844,346392.30033623427,70541.799964286387,70541.799964286387,252,252,346392.30033623427,70541.799964286387,2020,335335.90039906651,96.80812768458317,6800.3999454081059,1.9632075940507712,0,0,4255.9999917596579,1.228664721366054,319173.60027302057,92.14223294317074,1389.7999966666102,0.40122138838466281,21572.900074787438,6.2278809470785488,0,0,0,0,0,0,4255.9999917596579,1.228664721366054,21572.900074787438,6.2278809470785488,342136.30034447461,0.98713376907973083,0.9877024884185619,robust_all3_ge27,GS65_85_lost_had3,0
country,Norway,ssp585,2071-2100,6.5872523094902284,1.8004447467550784,13.038229170910588,3,6.4507740490897731,13.03802635858,341935.53701110504,342132.53701112844,346392.30033623427,70541.799964286387,70541.799964286387,252,252,346392.30033623427,70541.799964286387,2020,341863.70034117997,98.69263837831889,272.60000329464674,0.078696900315059201,0,0,4255.9999917596579,1.228664721366054,277891.90031755716,80.224618170731418,0,0,64244.400026917458,18.546717107902523,0,0,0,0,0,0,4255.9999917596579,1.228664721366054,64244.400026917458,18.546717107902523,342136.30034447461,0.98713376907973083,0.9877024884185619,robust_all3_ge27,GS65_85_lost_had3,0
country,Poland,ssp126,2031-2060,1.8368548403889362,0.27709587164061439,4.7210148112040526,3,5.8722746938031456,7.7091295341920825,11727542.902679905,11727542.902679905,11727542.902679905,2428751.2005669251,2428751.2005669251,679,679,11727542.902679905,2428751.2005669251,2020,11727542.902679905,100,0,0,0,0,0,0,9246459.7027509063,78.843963987016949,0,0,2481083.1999289989,21.156036012983055,0,0,0,0,0,0,0,0,2481083.1999289989,21.156036012983055,11727542.902679905,1,1,robust_all3_ge27,GS65_85_lost_had3,0
country,Poland,ssp126,2071-2100,3.1762692693761103,0.038477548474438128,5.7258077185567569,3,5.8722746938031456,9.0485439631792559,11727542.902679905,11727542.902679905,11727542.902679905,2428751.2005669251,2428751.2005669251,679,679,11727542.902679905,2428751.2005669251,2020,11727542.902679905,100,0,0,0,0,0,0,7203748.8041117638,61.425900240924364,0,0,4523794.0985681415,38.574099759075636,0,0,0,0,0,0,0,0,4523794.0985681415,38.574099759075636,11727542.902679905,1,1,robust_all3_ge27,GS65_85_lost_had3,0
country,Poland,ssp245,2031-2060,2.852209152114225,1.5688654152524351,5.270262601715805,3,5.8028638841382802,8.6550730362525048,11727542.902679905,11727542.902679905,11727542.902679905,2428751.2005669251,2428751.2005669251,679,679,11727542.902679905,2428751.2005669251,2020,11727542.902679905,100,0,0,0,0,0,0,11717229.902435765,99.91206171378164,0,0,10313.000244140625,0.087938286218368578,0,0,0,0,0,0,0,0,10313.000244140625,0.087938286218368578,11727542.902679905,1,1,robust_all3_ge27,GS65_85_lost_had3,0
country,Poland,ssp245,2071-2100,4.2659338088371648,2.3901728389948897,7.2206771615280321,3,5.8028638841382802,10.068797692975446,11727542.902679905,11727542.902679905,11727542.902679905,2428751.2005669251,2428751.2005669251,679,679,11727542.902679905,2428751.2005669251,2020,11727542.902679905,100,0,0,0,0,0,0,11727542.902679905,100,0,0,0,0,0,0,0,0,0,0,0,0,0,0,11727542.902679905,1,1,robust_all3_ge27,GS65_85_lost_had3,0
country,Poland,ssp585,2031-2060,4.1723067616458263,3.5526072781909757,4.9154563537994536,3,5.7868188860095335,9.9591256476553607,11727542.902679905,11727542.902679905,11727542.902679905,2428751.2005669251,2428751.2005669251,679,679,11727542.902679905,2428751.2005669251,2020,11727542.902679905,100,0,0,0,0,0,0,11727542.902679905,100,0,0,0,0,0,0,0,0,0,0,0,0,0,0,11727542.902679905,1,1,robust_all3_ge27,GS65_85_lost_had3,0
country,Poland,ssp585,2071-2100,8.4534733767517256,5.3598541799757564,12.281227921311475,3,5.7868188860095335,14.240292262761258,11727542.902679905,11727542.902679905,11727542.902679905,2428751.2005669251,2428751.2005669251,679,679,11727542.902679905,2428751.2005669251,2020,11727542.902679905,100,0,0,0,0,0,0,11672347.502533421,99.529352392018353,0,0,55195.400146484375,0.4706476079816469,0,0,0,0,0,0,0,0,55195.400146484375,0.4706476079816469,11727542.902679905,1,1,robust_all3_ge27,GS65_85_lost_had3,0
country,Portugal,ssp126,2031-2060,0.8522439695804328,-1.4873198339960649,2.2786361096641148,3,9.6612654810539986,10.51350945063443,76670.199880599976,76670.199880599976,76670.199880599976,29110.600018978119,29110.600018978119,117,117,76670.199880599976,29110.600018978119,2020,75164.099882125854,98.035612270713258,1506.0999984741211,1.964387729286738,0,0,0,0,0,0,115,0.14999308750869542,76555.199880599976,99.85000691249131,0,0,0,0,0,0,0,0,76555.199880599976,99.85000691249131,76670.199880599976,1,1,robust_all3_ge27,GS65_85_lost_had3,0
country,Portugal,ssp126,2071-2100,0.23264967385711866,-1.4522714406630961,2.4506948477604604,3,9.6612654810539986,9.8939151549111166,76670.199880599976,76670.199880599976,76670.199880599976,29110.600018978119,29110.600018978119,117,117,76670.199880599976,29110.600018978119,2020,60387.999898910522,78.763326550542388,16282.199981689453,21.236673449457609,0,0,0,0,0,0,0,0,76670.199880599976,100,0,0,0,0,0,0,0,0,76670.199880599976,100,76670.199880599976,1,1,robust_all3_ge27,GS65_85_lost_had3,0
country,Portugal,ssp245,2031-2060,-0.31332772066748205,-1.7453625011653398,1.8822158589267559,3,9.3377802588942682,9.0244525382267859,76670.199880599976,76670.199880599976,76670.199880599976,29110.600018978119,29110.600018978119,117,117,76670.199880599976,29110.600018978119,2020,9040.9999809265137,11.792065228741079,67629.199899673462,88.20793477125892,0,0,0,0,0,0,340.89999008178711,0.44463166994826858,76329.299890518188,99.555368330051735,0,0,0,0,0,0,0,0,76329.299890518188,99.555368330051735,76670.199880599976,1,1,robust_all3_ge27,GS65_85_lost_had3,0
country,Portugal,ssp245,2071-2100,0.069475960212219245,-2.0098928368862299,3.5795434685063814,3,9.3377802588942682,9.4072562191064879,76670.199880599976,76670.199880599976,76670.199880599976,29110.600018978119,29110.600018978119,117,117,76670.199880599976,29110.600018978119,2020,33186.699924468994,43.285005094745159,43483.499956130981,56.714994905254841,0,0,0,0,0,0,4681.1999816894531,6.1056316391239083,71988.999898910522,93.894368360876086,0,0,0,0,0,0,0,0,71988.999898910522,93.894368360876086,76670.199880599976,1,1,robust_all3_ge27,GS65_85_lost_had3,0
country,Portugal,ssp585,2031-2060,-0.65697977807091257,-1.4904446774592082,0.22887170620844893,3,9.5665701647073451,8.909590386636431,76670.199880599976,76670.199880599976,76670.199880599976,29110.600018978119,29110.600018978119,117,117,76670.199880599976,29110.600018978119,2020,4608.7999992370605,6.0112012312664325,72061.399881362915,93.988798768733574,0,0,0,0,2200.400016784668,2.8699547154062395,26769.699989318848,34.915390896342821,47700.09987449646,62.214654388250942,0,0,0,0,0,0,0,0,47700.09987449646,62.214654388250942,76670.199880599976,1,1,robust_all3_ge27,GS65_85_lost_had3,0
country,Portugal,ssp585,2071-2100,-2.4260347275911323,-3.6608828513005305,-1.6679795961755444,3,9.5665701647073451,7.1405354371162124,76670.199880599976,76670.199880599976,76670.199880599976,29110.600018978119,29110.600018978119,117,117,76670.199880599976,29110.600018978119,2020,1582.9999923706055,2.0646874467992031,75087.19988822937,97.935312553200802,0,0,0,0,0,0,72311.299882888794,94.31474027131874,4358.8999977111816,5.6852597286812649,0,0,0,0,0,0,0,0,4358.8999977111816,5.6852597286812649,76670.199880599976,1,1,robust_all3_ge27,GS65_85_lost_had3,0
country,Republic of Moldova,ssp126,2031-2060,0.9671564665722846,-0.26215016488147214,2.1326728221406803,3,4.3867199410178879,5.3538764075901719,1094138.4012145996,1094138.4012145996,1094138.4012145996,331390.20010375977,331390.20010375977,82,82,1094138.4012145996,331390.20010375977,2020,1094138.4012145996,100,0,0,0,0,0,0,436403.50064086914,39.885584872665014,0,0,657734.90057373047,60.114415127334986,0,0,0,0,0,0,0,0,657734.90057373047,60.114415127334986,1094138.4012145996,1,1,robust_all3_ge27,GS65_85_lost_had3,0
country,Republic of Moldova,ssp126,2071-2100,1.2298351742051299,0.45055951105460751,2.3393479159876414,3,4.3867199410178879,5.6165551152230178,1094138.4012145996,1094138.4012145996,1094138.4012145996,331390.20010375977,331390.20010375977,82,82,1094138.4012145996,331390.20010375977,2020,1094138.4012145996,100,0,0,0,0,0,0,1043154.7007751465,95.340287811591637,0,0,50983.700439453125,4.6597121884083661,0,0,0,0,0,0,0,0,50983.700439453125,4.6597121884083661,1094138.4012145996,1,1,robust_all3_ge27,GS65_85_lost_had3,0
country,Republic of Moldova,ssp245,2031-2060,-0.62815252837382218,-1.6244443867829399,0.81821314739200901,3,4.4999872170523689,3.8718346886785464,1094138.4012145996,1094138.4012145996,1094138.4012145996,331390.20010375977,331390.20010375977,82,82,1094138.4012145996,331390.20010375977,2020,0,0,1094138.4012145996,100,0,0,0,0,0,0,73298.50048828125,6.6991982373448202,1020839.9007263184,93.300801762655183,0,0,0,0,0,0,0,0,1020839.9007263184,93.300801762655183,1094138.4012145996,1,1,robust_all3_ge27,GS65_85_lost_had3,0
country,Republic of Moldova,ssp245,2071-2100,0.58790263614821192,-0.36465444026559013,2.0361178219277543,3,4.4999872170523689,5.0878898532005801,1094138.4012145996,1094138.4012145996,1094138.4012145996,331390.20010375977,331390.20010375977,82,82,1094138.4012145996,331390.20010375977,2020,1020839.9007263184,93.300801762655183,73298.50048828125,6.6991982373448202,0,0,0,0,0,0,0,0,1094138.4012145996,100,0,0,0,0,0,0,0,0,1094138.4012145996,100,1094138.4012145996,1,1,robust_all3_ge27,GS65_85_lost_had3,0
country,Republic of Moldova,ssp585,2031-2060,1.209048814105139,0.74277293485176088,1.5279568954267304,3,4.3478205155277303,5.5568693296328702,1094138.4012145996,1094138.4012145996,1094138.4012145996,331390.20010375977,331390.20010375977,82,82,1094138.4012145996,331390.20010375977,2020,1094138.4012145996,100,0,0,0,0,0,0,870943.00012207031,79.600807279521419,0,0,223195.4010925293,20.399192720478577,0,0,0,0,0,0,0,0,223195.4010925293,20.399192720478577,1094138.4012145996,1,1,robust_all3_ge27,GS65_85_lost_had3,0
country,Republic of Moldova,ssp585,2071-2100,0.27820553714438473,-0.2545592802142892,1.1020833305567903,3,4.3478205155277303,4.626026052672116,1094138.4012145996,1094138.4012145996,1094138.4012145996,331390.20010375977,331390.20010375977,82,82,1094138.4012145996,331390.20010375977,2020,809694.70028686523,74.002950576273136,284443.70092773438,25.997049423726864,0,0,0,0,137317.50061035156,12.550286184811339,147094.40075683594,13.443856882597933,809726.49984741211,74.005856932590731,0,0,0,0,0,0,0,0,809726.49984741211,74.005856932590731,1094138.4012145996,1,1,robust_all3_ge27,GS65_85_lost_had3,0
country,Romania,ssp126,2031-2060,1.0311661056740604,-0.56791887401564534,2.5524029283821812,3,6.7626059223674808,7.7937720280415403,9041072.4987521842,9041072.4987521842,9041072.4987521842,2166233.8999021426,2166233.8999021426,472,472,9041072.4987521842,2166233.8999021426,2020,9014353.0987936556,99.704466478261111,26719.399958528578,0.29553352173888986,0,0,0,0,1241804.6009216309,13.735147031428188,0,0,7799267.8978305534,86.264852968571816,0,0,0,0,0,0,0,0,7799267.8978305534,86.264852968571816,9041072.4987521842,1,1,robust_all3_ge27,GS65_85_lost_had3,0
country,Romania,ssp126,2071-2100,1.3513113075514456,1.1050336337098436,1.5095849865619981,3,6.7626059223674808,8.1139172299189255,9041072.4987521842,9041072.4987521842,9041072.4987521842,2166233.8999021426,2166233.8999021426,472,472,9041072.4987521842,2166233.8999021426,2020,9041072.4987521842,100,0,0,0,0,0,0,7489209.1975366548,82.835406956091632,0,0,1551863.3012155294,17.164593043908361,0,0,0,0,0,0,0,0,1551863.3012155294,17.164593043908361,9041072.4987521842,1,1,robust_all3_ge27,GS65_85_lost_had3,0
country,Romania,ssp245,2031-2060,-0.51521350673799171,-1.8974645899000664,0.91405688839692723,3,6.932317250874541,6.4171037441365497,9041072.4987521842,9041072.4987521842,9041072.4987521842,2166233.8999021426,2166233.8999021426,472,472,9041072.4987521842,2166233.8999021426,2020,1582470.5966380835,17.503129157038508,7458601.9021141008,82.496870842961485,0,0,0,0,461.20001220703125,0.0051011648482045067,760664.79916157573,8.4134354554347386,8279946.4995784014,91.581463379717064,0,0,0,0,0,0,0,0,8279946.4995784014,91.581463379717064,9041072.4987521842,1,1,robust_all3_ge27,GS65_85_lost_had3,0
country,Romania,ssp245,2071-2100,0.74545216268544967,-0.47690382030794926,2.3806224545550427,3,6.932317250874541,7.6777694135599921,9041072.4987521842,9041072.4987521842,9041072.4987521842,2166233.8999021426,2166233.8999021426,472,472,9041072.4987521842,2166233.8999021426,2020,6982212.600748986,77.227702816371021,2058859.8980031982,22.772297183628982,0,0,0,0,1751200.1980516687,19.369385637526555,0,0,7289872.3007005155,80.630614362473452,0,0,0,0,0,0,0,0,7289872.3007005155,80.630614362473452,9041072.4987521842,1,1,robust_all3_ge27,GS65_85_lost_had3,0
country,Romania,ssp585,2031-2060,1.3730289025287672,0.77895200195070735,2.2101064721340418,3,6.7344372350371238,8.1074661375658916,9041072.4987521842,9041072.4987521842,9041072.4987521842,2166233.8999021426,2166233.8999021426,472,472,9041072.4987521842,2166233.8999021426,2020,9040909.5987491086,99.998198222577045,162.90000307559967,0.0018017774229559882,0,0,0,0,4775869.1954596564,52.824144437718033,0,0,4265203.3032925278,47.175855562281967,0,0,0,0,0,0,0,0,4265203.3032925278,47.175855562281967,9041072.4987521842,1,1,robust_all3_ge27,GS65_85_lost_had3,0
country,Romania,ssp585,2071-2100,0.83772128892688968,0.15872900988174371,1.6101051970817237,3,6.7344372350371238,7.5721585239640143,9041072.4987521842,9041072.4987521842,9041072.4987521842,2166233.8999021426,2166233.8999021426,472,472,9041072.4987521842,2166233.8999021426,2020,5016802.5979788378,55.489020784550043,4024269.9007733464,44.51097921544995,0,0,0,0,3795354.1962200031,41.979026235480625,2325412.3999470472,25.720537029959576,2920305.9025851339,32.300436734559796,0,0,0,0,0,0,0,0,2920305.9025851339,32.300436734559796,9041072.4987521842,1,1,robust_all3_ge27,GS65_85_lost_had3,0
country,Russian Federation,ssp126,2031-2060,1.1246981264224776,0.62163420566924688,1.4024792104656894,3,3.4911380340888702,4.615836160511348,55582347.061765887,55582442.643670008,55585999.161188029,19703589.939004492,19703589.939004492,4048,4044,55582941.341732174,19701924.090742894,2020,55265193.149725586,99.422865440392343,317256.0562885846,0.57074813995626295,0,0,3549.9551738531418,0.006386419651392786,46037799.332305863,82.822653234685333,62551.721305119958,0.11253143282309769,9482098.1524031926,17.058428912840171,0,0,0,0,0,0,3549.9551738531418,0.006386419651392786,9482098.1524031926,17.058428912840171,55582449.206014179,0.99993429821398816,0.99993601774598473,robust_all3_ge27,GS65_85_lost_had3,7.4505805969238281e-09
country,Russian Federation,ssp126,2071-2100,1.1229936045526483,0.71836689623707239,1.3709654790634602,3,3.4911380340888702,4.6141316386415188,55582347.061765887,55582442.643670008,55585999.161188029,19703589.939004492,19703589.939004492,4048,4044,55582941.341732174,19701924.090742894,2020,52374115.49409768,94.221775778867368,3208333.7119164942,5.7718378014812375,0,0,3549.9551738531418,0.006386419651392786,43639392.826154135,78.507885950936711,193393.15973163766,0.34791703423525239,11749663.2201284,21.137810595176639,0,0,0,0,0,0,3549.9551738531418,0.006386419651392786,11749663.2201284,21.137810595176639,55582449.206014179,0.99993429821398816,0.99993601774598473,robust_all3_ge27,GS65_85_lost_had3,7.4505805969238281e-09
country,Russian Federation,ssp245,2031-2060,0.47480940239540326,-0.36081214076815538,1.1808875028853323,3,3.5916549792790291,4.0664643816744315,55572518.937668793,55582445.255014546,55585999.161188029,19703589.939004492,19703589.939004492,4048,4044,55582941.341732174,19701924.090742894,2020,44052749.452281497,79.251520377528038,11529699.753732674,20.742093202820556,0,0,3549.9551738531418,0.006386419651392786,9532052.6671629325,17.148297792618479,6074346.8289183835,10.927836002918683,39976049.709932856,71.917479784811434,0,0,0,0,0,0,3549.9551738531418,0.006386419651392786,39976049.709932856,71.917479784811434,55582449.206014179,0.99975748886909188,0.99993606472444296,robust_all3_ge27,GS65_85_lost_had3,7.4505805969238281e-09
country,Russian Federation,ssp245,2071-2100,1.2795826845296339,0.50588523116414197,2.1575240655029289,3,3.5926876717721683,4.8722703563018026,55525277.788405977,55582445.255014546,55585999.161188029,19703589.939004492,19703589.939004492,4048,4044,55582941.341732174,19701924.090742894,2020,51113874.69620169,91.954584729118395,4468574.5098124873,8.0390288512302082,0,0,3549.9551738531418,0.006386419651392786,45768350.765558846,82.337911445722128,2813233.9809076367,5.0610477878608133,7000864.4595476938,12.594654346765664,0,0,0,0,0,0,3549.9551738531418,0.006386419651392786,7000864.4595476938,12.594654346765664,55582449.206014179,0.99890761390101179,0.99993606472444296,robust_all3_ge27,GS65_85_lost_had3,7.4505805969238281e-09
country,Russian Federation,ssp585,2031-2060,0.94055623968408197,0.14554442631136888,2.0217446704359192,3,3.5331362252450931,4.4736924649291749,55582347.041765891,55582447.645704441,55585999.161188029,19703589.939004492,19703589.939004492,4048,4044,55582941.341732174,19701924.090742894,2020,52363229.556586251,94.202191823058882,3219219.6494279262,5.7914217572897222,0,0,3549.9551738531418,0.006386419651392786,21735141.094944663,39.10182676021924,196227.32022700275,0.35301572911909646,33651080.790842503,60.538771091010261,0,0,0,0,0,0,3549.9551738531418,0.006386419651392786,33651080.790842503,60.538771091010261,55582449.206014179,0.99993429785418542,0.99993610773329289,robust_all3_ge27,GS65_85_lost_had3,7.4505805969238281e-09
country,Russian Federation,ssp585,2071-2100,1.768278809782484,0.91517177040525965,3.1237340120754116,3,3.5340876911933861,5.3023665009758689,55542023.328570299,55581941.090189897,55585999.161188029,19703589.939004492,19703589.939004492,4048,4044,55582941.341732174,19701924.090742894,2020,47655394.183658436,85.732729289380117,7927055.0223557353,14.26088429096848,0,0,3549.9551738531418,0.006386419651392786,45461660.603655092,81.786171499455421,6201529.8749990808,11.156640104670805,3919258.7273600022,7.0508019762223819,0,0,0,0,0,0,3549.9551738531418,0.006386419651392786,3919258.7273600022,7.0508019762223819,55582449.206014179,0.99920886854097546,0.99992699472782054,robust_all3_ge27,GS65_85_lost_had3,0
country,Serbia,ssp126,2031-2060,1.2763250481719177,-0.0074958964057980993,2.8401227318191653,3,7.6870308775018907,8.9633559256738078,2950150.4031697512,2950150.4031697512,2950150.4031697512,585785.90012977272,527180.40006873757,166,166,2950150.4031697512,585785.90012977272,2020,2950150.4031697512,100,0,0,0,0,0,0,1786572.4010772705,60.558688775925148,0,0,1163578.0020924807,39.441311224074852,0,0,0,0,0,0,0,0,1163578.0020924807,39.441311224074852,2950150.4031697512,1,1,robust_all3_ge27,GS65_85_lost_had3,0
country,Serbia,ssp126,2071-2100,1.8411528444669003,1.4880007543906768,2.2312165265575827,3,7.6870308775018907,9.5281837219687908,2950150.4031697512,2950150.4031697512,2950150.4031697512,585785.90012977272,527180.40006873757,166,166,2950150.4031697512,585785.90012977272,2020,2950059.3031680286,99.996912021786258,91.100001722574234,0.003087978213744391,0,0,0,0,2546864.0037181377,86.329971549304489,0,0,403286.39945161343,13.670028450695515,0,0,0,0,0,0,0,0,403286.39945161343,13.670028450695515,2950150.4031697512,1,1,robust_all3_ge27,GS65_85_lost_had3,0
country,Serbia,ssp245,2031-2060,-0.0038894602085400298,-1.4487044225290164,1.7680358662230178,3,7.8037353541207644,7.7998458939122237,2950150.4031697512,2950150.4031697512,2950150.4031697512,585785.90012977272,527180.40006873757,166,166,2950150.4031697512,585785.90012977272,2020,1661721.4011077881,56.326667254739718,1288429.0020619631,43.673332745260282,0,0,0,0,0,0,12562.39997163415,0.4258223566546519,2937588.003198117,99.574177643345351,0,0,0,0,0,0,0,0,2937588.003198117,99.574177643345351,2950150.4031697512,1,1,robust_all3_ge27,GS65_85_lost_had3,0
country,Serbia,ssp245,2071-2100,1.5010445540287687,0.53790765257350159,3.318673655638904,3,7.8037353541207644,9.3047799081495342,2950150.4031697512,2950150.4031697512,2950150.4031697512,585785.90012977272,527180.40006873757,166,166,2950150.4031697512,585785.90012977272,2020,2950059.3031680286,99.996912021786258,91.100001722574234,0.003087978213744391,0,0,0,0,2570618.403929472,87.135164402720079,0,0,379531.9992402792,12.864835597279919,0,0,0,0,0,0,0,0,379531.9992402792,12.864835597279919,2950150.4031697512,1,1,robust_all3_ge27,GS65_85_lost_had3,0
country,Serbia,ssp585,2031-2060,1.9159243188416057,0.96418268579885968,3.218320819741145,3,7.68619517014882,9.6021194889904251,2950150.4031697512,2950150.4031697512,2950150.4031697512,585785.90012977272,527180.40006873757,166,166,2950150.4031697512,585785.90012977272,2020,2915698.8032362163,98.832208693613765,34451.599933534861,1.1677913063862364,0,0,0,0,2531658.4037935734,85.814553762190073,0,0,418491.99937617779,14.185446237809925,0,0,0,0,0,0,0,0,418491.99937617779,14.185446237809925,2950150.4031697512,1,1,robust_all3_ge27,GS65_85_lost_had3,0
country,Serbia,ssp585,2071-2100,1.6819194968846072,0.84182529837725872,2.4307546074268824,3,7.68619517014882,9.3681146670334279,2950150.4031697512,2950150.4031697512,2950150.4031697512,585785.90012977272,527180.40006873757,166,166,2950150.4031697512,585785.90012977272,2020,2770438.7034294605,93.908388550387073,179711.69974029064,6.0916114496129321,0,0,0,0,2315297.0033900738,78.480642915779228,25385.500047534704,0.8604815544407356,609467.89973214269,20.658875529780033,0,0,0,0,0,0,0,0,609467.89973214269,20.658875529780033,2950150.4031697512,1,1,robust_all3_ge27,GS65_85_lost_had3,0
country,Slovakia,ssp126,2031-2060,1.7421746393430668,0.19183946919652026,4.6718049342198631,3,7.3384678709798967,9.0806425103229635,2024898.6029567719,2024898.6029567719,2024898.6029567719,383622.99997655302,383622.99997655302,116,116,2024898.6029567719,383622.99997655302,2020,2024898.6029567719,100,0,0,0,0,0,0,1522779.2009159923,75.202738482431613,0,0,502119.40204077959,24.797261517568394,0,0,0,0,0,0,0,0,502119.40204077959,24.797261517568394,2024898.6029567719,1,1,robust_all3_ge27,GS65_85_lost_had3,0
country,Slovakia,ssp126,2071-2100,2.561068255370937,0.57871091163245991,3.5838051138479829,3,7.3384678709798967,9.8995361263508332,2024898.6029567719,2024898.6029567719,2024898.6029567719,383622.99997655302,383622.99997655302,116,116,2024898.6029567719,383622.99997655302,2020,2024898.6029567719,100,0,0,0,0,0,0,1997483.0026302338,98.646075399207362,0,0,27415.600326538086,1.3539246007926335,0,0,0,0,0,0,0,0,27415.600326538086,1.3539246007926335,2024898.6029567719,1,1,robust_all3_ge27,GS65_85_lost_had3,0
country,Slovakia,ssp245,2031-2060,1.0934396615927338,0.30460461748555456,2.57118679493448,3,7.3925585421195201,8.4859982037122546,2024898.6029567719,2024898.6029567719,2024898.6029567719,383622.99997655302,383622.99997655302,116,116,2024898.6029567719,383622.99997655302,2020,2017001.0027675629,99.609975522839676,7897.6001892089844,0.3900244771603304,0,0,0,0,1368479.3002843857,67.582608743278413,0,0,656419.30267238617,32.417391256721587,0,0,0,0,0,0,0,0,656419.30267238617,32.417391256721587,2024898.6029567719,1,1,robust_all3_ge27,GS65_85_lost_had3,0
country,Slovakia,ssp245,2071-2100,2.7955563431983639,1.4838788854655067,5.1793442501035969,3,7.3925585421195201,10.188114885317885,2024898.6029567719,2024898.6029567719,2024898.6029567719,383622.99997655302,383622.99997655302,116,116,2024898.6029567719,383622.99997655302,2020,2024898.6029567719,100,0,0,0,0,0,0,2020097.4027614594,99.762891821432348,0,0,4801.2001953125,0.23710817856764541,0,0,0,0,0,0,0,0,4801.2001953125,0.23710817856764541,2024898.6029567719,1,1,robust_all3_ge27,GS65_85_lost_had3,0
country,Slovakia,ssp585,2031-2060,2.7790428583683586,1.842037261390048,3.2523732909338992,3,7.4164703373526706,10.195513195721029,2024898.6029567719,2024898.6029567719,2024898.6029567719,383622.99997655302,383622.99997655302,116,116,2024898.6029567719,383622.99997655302,2020,2024898.6029567719,100,0,0,0,0,0,0,2024898.6029567719,100,0,0,0,0,0,0,0,0,0,0,0,0,0,0,2024898.6029567719,1,1,robust_all3_ge27,GS65_85_lost_had3,0
country,Slovakia,ssp585,2071-2100,4.802234754347559,2.8444878114654681,7.04983851932914,3,7.4164703373526706,12.21870509170023,2024898.6029567719,2024898.6029567719,2024898.6029567719,383622.99997655302,383622.99997655302,116,116,2024898.6029567719,383622.99997655302,2020,2024898.6029567719,100,0,0,0,0,0,0,2024898.6029567719,100,0,0,0,0,0,0,0,0,0,0,0,0,0,0,2024898.6029567719,1,1,robust_all3_ge27,GS65_85_lost_had3,0
country,Slovenia,ssp126,2031-2060,0.95210215728905145,-1.9253087142876633,4.2252022703974434,3,12.263805012319574,13.215907169608625,150812.7004905045,150812.7004905045,150812.7004905045,26935.800029948354,26935.800029948354,50,50,150812.7004905045,26935.800029948354,2020,150812.7004905045,100,0,0,0,0,0,0,0,0,0,0,150812.7004905045,100,0,0,0,0,0,0,0,0,150812.7004905045,100,150812.7004905045,1,1,robust_all3_ge27,GS65_85_lost_had3,0
country,Slovenia,ssp126,2071-2100,2.2360001351837089,1.1556184325433307,3.1609297012761655,3,12.263805012319574,14.499805147503286,150812.7004905045,150812.7004905045,150812.7004905045,26935.800029948354,26935.800029948354,50,50,150812.7004905045,26935.800029948354,2020,150812.7004905045,100,0,0,0,0,0,0,148249.90043750405,98.300673587393391,0,0,2562.8000530004501,1.6993264126066157,0,0,0,0,0,0,0,0,2562.8000530004501,1.6993264126066157,150812.7004905045,1,1,robust_all3_ge27,GS65_85_lost_had3,0
country,Slovenia,ssp245,2031-2060,0.53256937043658048,-1.5605586095278381,2.4439436452156942,3,12.277560941265762,12.810130311702343,150812.7004905045,150812.7004905045,150812.7004905045,26935.800029948354,26935.800029948354,50,50,150812.7004905045,26935.800029948354,2020,140466.50048652291,93.139702445263879,10346.20000398159,6.8602975547361211,0,0,0,0,3187.7000048756599,2.1136814038260421,0,0,147625.00048562884,97.886318596173965,0,0,0,0,0,0,0,0,147625.00048562884,97.886318596173965,150812.7004905045,1,1,robust_all3_ge27,GS65_85_lost_had3,0
country,Slovenia,ssp245,2071-2100,1.6077318838166048,-1.5877643139295543,4.7564622718500935,3,12.277560941265762,13.885292825082367,150812.7004905045,150812.7004905045,150812.7004905045,26935.800029948354,26935.800029948354,50,50,150812.7004905045,26935.800029948354,2020,150812.7004905045,100,0,0,0,0,0,0,0,0,0,0,150812.7004905045,100,0,0,0,0,0,0,0,0,150812.7004905045,100,150812.7004905045,1,1,robust_all3_ge27,GS65_85_lost_had3,0
country,Slovenia,ssp585,2031-2060,1.6178175217672115,0.70313994088118326,2.8611501120125822,3,12.352983494147553,13.970801015914764,150812.7004905045,150812.7004905045,150812.7004905045,26935.800029948354,26935.800029948354,50,50,150812.7004905045,26935.800029948354,2020,150812.7004905045,100,0,0,0,0,0,0,143322.30039805174,95.033309483822705,0,0,7490.4000924527645,4.9666905161773007,0,0,0,0,0,0,0,0,7490.4000924527645,4.9666905161773007,150812.7004905045,1,1,robust_all3_ge27,GS65_85_lost_had3,0
country,Slovenia,ssp585,2071-2100,2.9267109146454846,0.69089136372213789,5.6789071787255523,3,12.352983494147553,15.279694408793036,150812.7004905045,150812.7004905045,150812.7004905045,26935.800029948354,26935.800029948354,50,50,150812.7004905045,26935.800029948354,2020,150812.7004905045,100,0,0,0,0,0,0,146469.6004230082,97.120202706157528,0,0,4343.1000674962997,2.8797972938424712,0,0,0,0,0,0,0,0,4343.1000674962997,2.8797972938424712,150812.7004905045,1,1,robust_all3_ge27,GS65_85_lost_had3,0
country,Spain,ssp126,2031-2060,0.36935700485987971,0.071052323174649643,0.67650912480404257,3,4.2853866652909973,4.654743670150876,7570306.5045158044,7570306.5045158044,7570306.5045158044,1984749.5994665325,1984749.5994665325,924,924,7570306.5045158044,1984749.5994665325,2020,6874077.8031989262,90.803163638069776,696228.7013168782,9.196836361930222,0,0,0,0,3808016.700036034,50.302014822840967,226035.60106539726,2.9858183539935079,3536254.2034143731,46.712166823165525,0,0,0,0,0,0,0,0,3536254.2034143731,46.712166823165525,7570306.5045158044,1,1,robust_all3_ge27,GS65_85_lost_had3,0
country,Spain,ssp126,2071-2100,-0.00091813316113176224,-0.92650526971487701,0.82265973348813159,3,4.2853866652909973,4.284468532129865,7570306.5045158044,7570306.5045158044,7570306.5045158044,1984749.5994665325,1984749.5994665325,924,924,7570306.5045158044,1984749.5994665325,2020,4862890.4028942659,64.236374048969836,2707416.1016215384,35.763625951030157,0,0,0,0,212393.20015668869,2.8056089939025965,36750.000008821487,0.48544930098800554,7321163.3043502942,96.708941705109396,0,0,0,0,0,0,0,0,7321163.3043502942,96.708941705109396,7570306.5045158044,1,1,robust_all3_ge27,GS65_85_lost_had3,0
country,Spain,ssp245,2031-2060,0.015489346191710199,-0.67896701198705389,0.85360417418032231,3,4.1416084471587409,4.1570977933504514,7570306.5045158044,7570306.5045158044,7570306.5045158044,1984749.5994665325,1984749.5994665325,924,924,7570306.5045158044,1984749.5994665325,2020,4042740.3042051122,53.402597395410019,3527566.2003106922,46.597402604589981,0,0,0,0,829397.5015759021,10.955930266246865,1047417.0992686078,13.835861185327269,5693491.9036712945,75.208208548425858,0,0,0,0,0,0,0,0,5693491.9036712945,75.208208548425858,7570306.5045158044,1,1,robust_all3_ge27,GS65_85_lost_had3,0
country,Spain,ssp245,2071-2100,0.48663664818193442,-0.46292475525137988,2.2547557503109639,3,4.1416084471587409,4.6282450953406746,7570306.5045158044,7570306.5045158044,7570306.5045158044,1984749.5994665325,1984749.5994665325,924,924,7570306.5045158044,1984749.5994665325,2020,6252405.8027087003,82.591184372509133,1317900.7018071041,17.408815627490856,0,0,0,0,715605.40031636506,9.4527929600934311,18925.799924135208,0.25000044466952132,6835775.3042753041,90.297206595237043,0,0,0,0,0,0,0,0,6835775.3042753041,90.297206595237043,7570306.5045158044,1,1,robust_all3_ge27,GS65_85_lost_had3,0
country,Spain,ssp585,2031-2060,-0.3173752243915392,-0.38815672952824126,-0.19575647829197113,3,4.246473914941518,3.9290986905499792,7570306.5045158044,7570306.5045158044,7570306.5045158044,1984749.5994665325,1984749.5994665325,924,924,7570306.5045158044,1984749.5994665325,2020,2993836.4036677033,39.547096301607255,4576470.1008481011,60.452903698392745,0,0,0,0,433703.2007278502,5.7290045055525765,2310668.6004376113,30.522787935458915,4825934.7033503428,63.748207558988504,0,0,0,0,0,0,0,0,4825934.7033503428,63.748207558988504,7570306.5045158044,1,1,robust_all3_ge27,GS65_85_lost_had3,0
country,Spain,ssp585,2071-2100,-0.86214135139528558,-1.4382543052829337,-0.45118060009816757,3,4.2465799934415882,3.3844386420463031,7569769.8978507649,7570306.5045158044,7570306.5045158044,1984749.5994665325,1984749.5994665325,924,924,7570306.5045158044,1984749.5994665325,2020,853977.50161792338,11.280619894432446,6716329.002897881,88.719380105567552,0,0,0,0,209542.99974785,2.7679592579620702,4167457.7002843544,55.050052435768642,3193305.8044836,42.181988306269282,0,0,0,0,0,0,0,0,3193305.8044836,42.181988306269282,7570306.5045158044,0.99992911691690167,1,robust_all3_ge27,GS65_85_lost_had3,0
country,Sweden,ssp126,2031-2060,1.2167883373981421,-0.40659088598685406,3.5459084257494764,3,4.2053848008093224,5.4221731382074649,3216094.0698823417,3221289.5032178387,3239616.3032408953,465928.39995798469,465928.39995798469,753,753,3239616.3032408953,465928.39995798469,2020,2944258.5033079535,90.882938833297402,277030.99990988523,8.5513521966396109,0,0,18326.800023056567,0.56570897006298348,24266.399721220136,0.7490516607458777,69145.100030317903,2.1343607871446229,3127878.0034663007,96.550878582046522,0,0,0,0,0,0,18326.800023056567,0.56570897006298348,3127878.0034663007,96.550878582046522,3221289.5032178387,0.99273919157184687,0.99434291029937016,robust_all3_ge27,GS65_85_lost_had3,0
country,Sweden,ssp126,2071-2100,1.791128843752726,-1.9975736073675738,4.9257744139788855,3,4.2053340829096397,5.9964629266623648,3215945.0298827561,3221123.9032182992,3239616.3032408953,465928.39995798469,465928.39995798469,753,753,3239616.3032408953,465928.39995798469,2020,3098879.7032796741,95.655763313067993,122244.1999386251,3.7734160004174764,0,0,18492.400022596121,0.570820686514524,0,0,25064.700051598251,0.77369347803700261,3196059.2031667009,98.655485835448459,0,0,0,0,0,0,18492.400022596121,0.570820686514524,3196059.2031667009,98.655485835448459,3221123.9032182992,0.9926931861237831,0.99429179313485472,robust_all3_ge27,GS65_85_lost_had3,0
country,Sweden,ssp245,2031-2060,2.1892574999048131,0.064871124250636528,5.322858737366631,3,4.0855164938618849,6.274773993766698,3216247.5965483543,3221230.0065511609,3239616.3032408953,465928.39995798469,465928.39995798469,753,753,3239616.3032408953,465928.39995798469,2020,3063438.2032657415,94.561760298622218,157795.6999520734,4.8708144786842631,0,0,18382.400023080409,0.56742522269352547,1221688.4001387805,37.710898013342188,83334.000030390918,2.5723416673457291,1916211.5030486435,59.149335096618557,0,0,0,0,0,0,18382.400023080409,0.56742522269352547,1916211.5030486435,59.149335096618557,3221233.9032178149,0.99278658195751046,0.99432454495572797,robust_all3_ge27,GS65_85_lost_had3,0
country,Sweden,ssp245,2071-2100,2.366960627144433,-0.28418028776709608,5.2546548912397553,3,4.0855174162555015,6.4524780433999354,3216247.5965483543,3221233.9032178149,3239616.3032408953,465928.39995798469,465928.39995798469,753,753,3239616.3032408953,465928.39995798469,2020,3123647.403161183,96.420289033497653,97586.500056631863,3.012285743808822,0,0,18382.400023080409,0.56742522269352547,1255074.0024047941,38.741439878211025,76537.600102476776,2.3625513930742033,1889622.300710544,58.328583506021246,0,0,0,0,0,0,18382.400023080409,0.56742522269352547,1889622.300710544,58.328583506021246,3221233.9032178149,0.99278658195751046,0.99432574777306471,robust_all3_ge27,GS65_85_lost_had3,0
country,Sweden,ssp585,2031-2060,2.5950020686992175,1.8761394935252211,3.7682683275706146,3,4.0408575326267187,6.6358596013259357,3216173.5165478974,3221286.303217791,3239616.3032408953,465928.39995798469,465928.39995798469,753,753,3239616.3032408953,465928.39995798469,2020,3154317.1031754687,97.366996826750935,66969.200042322278,2.0671954260548273,0,0,18330.00002310425,0.56580774719422833,3124151.2031723484,96.435840258210959,35907.100048579276,1.1083750878972303,61227.999996863306,1.8899769066975967,0,0,0,0,0,0,18330.00002310425,0.56580774719422833,61227.999996863306,1.8899769066975967,3221286.303217791,0.99276371505182703,0.99434192252805775,robust_all3_ge27,GS65_85_lost_had3,0
country,Sweden,ssp585,2071-2100,7.0006041050374348,2.14461300588244,13.625902960204749,3,4.0408575326267187,11.041461637664151,3216173.5165478974,3221286.303217791,3239616.3032408953,465928.39995798469,465928.39995798469,753,753,3239616.3032408953,465928.39995798469,2020,3215586.0031662285,99.258236228450045,5700.3000515624881,0.17595602435572194,0,0,18330.00002310425,0.56580774719422833,3151512.5032497644,97.280424848368853,0,0,69773.799968026578,2.1537674044369153,0,0,0,0,0,0,18330.00002310425,0.56580774719422833,69773.799968026578,2.1537674044369153,3221286.303217791,0.99276371505182703,0.99434192252805775,robust_all3_ge27,GS65_85_lost_had3,0
country,Switzerland,ssp126,2031-2060,1.5167343676015781,-0.49984034851521864,4.6736957722686041,3,10.396499007715136,11.913233375316713,461523.59762954712,461523.59762954712,475793.39759254456,83354.800359964371,83354.800359964371,32,32,475793.39759254456,83354.800359964371,2020,461317.79762649536,96.957587045281855,205.80000305175781,0.043254068697270755,0,0,14269.799962997437,2.9991588860208758,0,0,0,0,461523.59762954712,97.000841113979121,0,0,0,0,0,0,14269.799962997437,2.9991588860208758,461523.59762954712,97.000841113979121,461523.59762954712,0.97000841113979119,0.97000841113979119,robust_all3_ge27,GS65_85_lost_had3,0
country,Switzerland,ssp126,2071-2100,1.9882721993717787,-1.2135751141224831,5.8186274349262694,3,10.396499007715136,12.384771207086914,461523.59762954712,461523.59762954712,475793.39759254456,83354.800359964371,83354.800359964371,32,32,475793.39759254456,83354.800359964371,2020,461523.59762954712,97.000841113979121,0,0,0,0,14269.799962997437,2.9991588860208758,85023.598922729492,17.869856822927417,0,0,376499.99870681763,79.130984291051703,0,0,0,0,0,0,14269.799962997437,2.9991588860208758,376499.99870681763,79.130984291051703,461523.59762954712,0.97000841113979119,0.97000841113979119,robust_all3_ge27,GS65_85_lost_had3,0
country,Switzerland,ssp245,2031-2060,1.6929168280160223,0.4621446066826822,3.9959331216742164,3,10.390606468732008,12.083523296748028,461523.59762954712,461523.59762954712,475793.39759254456,83354.800359964371,83354.800359964371,32,32,475793.39759254456,83354.800359964371,2020,461317.79762649536,96.957587045281855,205.80000305175781,0.043254068697270755,0,0,14269.799962997437,2.9991588860208758,128790.19801330566,27.068513069951802,0,0,332733.39961624146,69.932328044027329,0,0,0,0,0,0,14269.799962997437,2.9991588860208758,332733.39961624146,69.932328044027329,461523.59762954712,0.97000841113979119,0.97000841113979119,robust_all3_ge27,GS65_85_lost_had3,0
country,Switzerland,ssp245,2071-2100,2.8074613481093387,0.35204765405688354,5.8393832367242826,3,10.390606468732008,13.198067816841345,461523.59762954712,461523.59762954712,475793.39759254456,83354.800359964371,83354.800359964371,32,32,475793.39759254456,83354.800359964371,2020,461523.59762954712,97.000841113979121,0,0,0,0,14269.799962997437,2.9991588860208758,387090.8978767395,81.356929254456105,0,0,74432.699752807617,15.643911859523024,0,0,0,0,0,0,14269.799962997437,2.9991588860208758,74432.699752807617,15.643911859523024,461523.59762954712,0.97000841113979119,0.97000841113979119,robust_all3_ge27,GS65_85_lost_had3,0
country,Switzerland,ssp585,2031-2060,1.711155615352828,0.64676206713178486,3.2932582405590778,3,10.483354076217474,12.194509691570302,461523.59762954712,461523.59762954712,475793.39759254456,83354.800359964371,83354.800359964371,32,32,475793.39759254456,83354.800359964371,2020,461317.79762649536,96.957587045281855,205.80000305175781,0.043254068697270755,0,0,14269.799962997437,2.9991588860208758,443391.09791946411,93.189838312798784,0,0,18132.499710083008,3.8110028011803445,0,0,0,0,0,0,14269.799962997437,2.9991588860208758,18132.499710083008,3.8110028011803445,461523.59762954712,0.97000841113979119,0.97000841113979119,robust_all3_ge27,GS65_85_lost_had3,0
country,Switzerland,ssp585,2071-2100,3.9356169234480176,0.68872806550289911,7.9688801790247741,3,10.483354076217474,14.41897099966549,461523.59762954712,461523.59762954712,475793.39759254456,83354.800359964371,83354.800359964371,32,32,475793.39759254456,83354.800359964371,2020,461523.59762954712,97.000841113979121,0,0,0,0,14269.799962997437,2.9991588860208758,387090.8978767395,81.356929254456105,0,0,74432.699752807617,15.643911859523024,0,0,0,0,0,0,14269.799962997437,2.9991588860208758,74432.699752807617,15.643911859523024,461523.59762954712,0.97000841113979119,0.97000841113979119,robust_all3_ge27,GS65_85_lost_had3,0
country,Turkey,ssp126,2031-2060,1.8556164347277206,0.35017336936829302,4.1729105022657667,3,9.4000786070609212,11.255695041788643,1296737.6057310016,1296737.6057310016,1296737.6057310016,354787.37815959292,354787.37815959292,56,56,1296737.6057310016,354787.37815959292,2020,1296737.6057310016,100,0,0,0,0,0,0,771435.53246780229,59.490488211215705,0,0,525302.07326319942,40.509511788784302,0,0,0,0,0,0,0,0,525302.07326319942,40.509511788784302,1296737.6057310016,1,1,robust_all3_ge27,GS65_85_lost_had3,0
country,Turkey,ssp126,2071-2100,0.99380830133311948,-0.92926060461726057,2.9628687333630972,3,9.4000786070609212,10.393886908394043,1296737.6057310016,1296737.6057310016,1296737.6057310016,354787.37815959292,354787.37815959292,56,56,1296737.6057310016,354787.37815959292,2020,1263407.4246100548,97.42968963237881,33330.181120946763,2.5703103676211927,0,0,0,0,20535.617486095187,1.5836370747124877,0,0,1276201.9882449063,98.416362925287515,0,0,0,0,0,0,0,0,1276201.9882449063,98.416362925287515,1296737.6057310016,1,1,robust_all3_ge27,GS65_85_lost_had3,0
country,Turkey,ssp245,2031-2060,0.062586887864161111,-2.2163694687571889,2.0485013337368287,3,9.5879706831489688,9.6505575710131293,1296737.6057310016,1296737.6057310016,1296737.6057310016,354787.37815959292,354787.37815959292,56,56,1296737.6057310016,354787.37815959292,2020,713569.83181472612,55.028081908095047,583167.77391627559,44.971918091904968,0,0,0,0,0,0,70789.604128075531,5.4590538452202715,1225948.0016029261,94.540946154779732,0,0,0,0,0,0,0,0,1225948.0016029261,94.540946154779732,1296737.6057310016,1,1,robust_all3_ge27,GS65_85_lost_had3,0
country,Turkey,ssp245,2071-2100,1.0764278851417148,-1.2520596087657394,5.3925803432326171,3,9.5879706831489688,10.664398568290684,1296737.6057310016,1296737.6057310016,1296737.6057310016,354787.37815959292,354787.37815959292,56,56,1296737.6057310016,354787.37815959292,2020,1065973.8305250357,82.204281406963673,230763.77520596588,17.795718593036323,0,0,0,0,29765.89145378492,2.2954444540077312,0,0,1266971.7142772167,97.704555545992264,0,0,0,0,0,0,0,0,1266971.7142772167,97.704555545992264,1296737.6057310016,1,1,robust_all3_ge27,GS65_85_lost_had3,0
country,Turkey,ssp585,2031-2060,1.0536516621373806,-1.1156110682072129,2.9570369491369495,3,9.3273860196177907,10.381037681755171,1296737.6057310016,1296737.6057310016,1296737.6057310016,354787.37815959292,354787.37815959292,56,56,1296737.6057310016,354787.37815959292,2020,1120982.7299085807,86.446380898829275,175754.87582242096,13.553619101170726,0,0,0,0,49635.178491835992,3.8276963876477903,0,0,1247102.4272391656,96.172303612352209,0,0,0,0,0,0,0,0,1247102.4272391656,96.172303612352209,1296737.6057310016,1,1,robust_all3_ge27,GS65_85_lost_had3,0
country,Turkey,ssp585,2071-2100,-0.58660388664977892,-1.9367462630245877,1.2004459606539797,3,9.3273860196177907,8.7407821329680129,1296737.6057310016,1296737.6057310016,1296737.6057310016,354787.37815959292,354787.37815959292,56,56,1296737.6057310016,354787.37815959292,2020,683913.76588562573,52.741106825546829,612823.83984537574,47.258893174453164,0,0,0,0,141909.97860169929,10.943615576082664,474921.30950070248,36.624318397319719,679906.31762859982,52.432066026597617,0,0,0,0,0,0,0,0,679906.31762859982,52.432066026597617,1296737.6057310016,1,1,robust_all3_ge27,GS65_85_lost_had3,0
country,Ukraine,ssp126,2031-2060,1.2277048164124769,0.1219418275222711,2.245410428717872,3,6.4676136416910142,7.6953184581034924,28486543.410891756,28486543.410891756,28488641.210894808,6829732.900716804,6829732.900716804,1292,1291,28486543.410891756,6829209.5007190928,2020,26058782.208770745,91.470779584970785,2427761.2021210119,8.5218567784572752,0,0,2097.8000030517578,0.0073636365719313554,15577973.70260442,54.681350322341778,13585.700133562088,0.047688129570625355,12894984.008153774,45.263597911515667,0,0,0,0,0,0,2097.8000030517578,0.0073636365719313554,12894984.008153774,45.263597911515667,28486543.410891756,0.99992636363428067,0.99992636363428067,robust_all3_ge27,GS65_85_lost_had3,0
country,Ukraine,ssp126,2071-2100,1.4504887988093804,0.26549315088481229,3.0515213181454417,3,6.4676136416910142,7.9181024405003955,28486543.410891756,28486543.410891756,28488641.210894808,6829732.900716804,6829732.900716804,1292,1291,28486543.410891756,6829209.5007190928,2020,25602853.610712044,89.870392277329231,2883689.8001797125,10.122244086098826,0,0,2097.8000030517578,0.0073636365719313554,14588345.002362318,51.20758443468111,97348.499755859375,0.34170987319195389,13800849.908773579,48.443342055555007,0,0,0,0,0,0,2097.8000030517578,0.0073636365719313554,13800849.908773579,48.443342055555007,28486543.410891756,0.99992636363428067,0.99992636363428067,robust_all3_ge27,GS65_85_lost_had3,0
country,Ukraine,ssp245,2031-2060,-0.11003277294939288,-1.1423753223449422,0.95083617120721819,3,6.6173261951098192,6.5072934221604273,28486543.410891756,28486543.410891756,28488641.210894808,6829732.900716804,6829732.900716804,1292,1291,28486543.410891756,6829209.5007190928,2020,10626167.500260949,37.299664177023729,17860375.910630807,62.692972186404347,0,0,2097.8000030517578,0.0073636365719313554,2106071.8024443984,7.39267200163615,7731750.8062946722,27.139766860266565,18648720.802152686,65.460197501525357,0,0,0,0,0,0,2097.8000030517578,0.0073636365719313554,18648720.802152686,65.460197501525357,28486543.410891756,0.99992636363428067,0.99992636363428067,robust_all3_ge27,GS65_85_lost_had3,0
country,Ukraine,ssp245,2071-2100,0.63747095518359698,0.090411431249070209,1.5079564847812228,3,6.6173261951098192,7.2547971502934168,28486543.410891756,28486543.410891756,28488641.210894808,6829732.900716804,6829732.900716804,1292,1291,28486543.410891756,6829209.5007190928,2020,18604028.603478901,65.303320245278073,9882514.8074128553,34.689316118149996,0,0,2097.8000030517578,0.0073636365719313554,12801239.900865197,44.934540071955645,6639949.9034264013,23.307359077859807,9045353.6066001579,31.750737213612616,0,0,0,0,0,0,2097.8000030517578,0.0073636365719313554,9045353.6066001579,31.750737213612616,28486543.410891756,0.99992636363428067,0.99992636363428067,robust_all3_ge27,GS65_85_lost_had3,0
country,Ukraine,ssp585,2031-2060,1.035945907697245,0.35427784134387752,1.5150686049773245,3,6.4318667076155664,7.4678126153128117,28486543.410891756,28486543.410891756,28488641.210894808,6829732.900716804,6829732.900716804,1292,1291,28486543.410891756,6829209.5007190928,2020,20952808.505985253,73.547939162406749,7533734.9049065039,26.444697201021317,0,0,2097.8000030517578,0.0073636365719313554,16364019.201531164,57.440504376435939,5008351.3040325567,17.580169117076849,7114172.9053280354,24.971962869915284,0,0,0,0,0,0,2097.8000030517578,0.0073636365719313554,7114172.9053280354,24.971962869915284,28486543.410891756,0.99992636363428067,0.99992636363428067,robust_all3_ge27,GS65_85_lost_had3,0
country,Ukraine,ssp585,2071-2100,0.16276112228336448,-0.51924588253249115,0.60098726415641079,3,6.4318667076155664,6.59462782989893,28486543.410891756,28486543.410891756,28488641.210894808,6829732.900716804,6829732.900716804,1292,1291,28486543.410891756,6829209.5007190928,2020,13909533.001326792,48.824838286802603,14577010.409564964,51.167798076625473,0,0,2097.8000030517578,0.0073636365719313554,6187241.5985458419,21.718275549694091,9727573.0091628954,34.145443923253225,12571728.803183019,44.128916890480752,0,0,0,0,0,0,2097.8000030517578,0.0073636365719313554,12571728.803183019,44.128916890480752,28486543.410891756,0.99992636363428067,0.99992636363428067,robust_all3_ge27,GS65_85_lost_had3,0
country,United Kingdom of Great Britain and Northern Ireland,ssp126,2031-2060,0.98660317395886199,-1.2196857852960146,2.8815315745105621,3,9.2803622803940886,10.266965454352951,13368817.585657429,13368817.585657429,13368817.585657429,1674201.4569344972,1674201.4569344972,483,483,13368817.585657429,1674201.4569344972,2020,13368817.585657429,100,0,0,0,0,0,0,91838.390213012695,0.68695970772718429,0,0,13276979.195444416,99.313040292272817,0,0,0,0,0,0,0,0,13276979.195444416,99.313040292272817,13368817.585657429,1,1,robust_all3_ge27,GS65_85_lost_had3,0
country,United Kingdom of Great Britain and Northern Ireland,ssp126,2071-2100,1.5559610753072795,-4.6580893414715385,6.1897382596946837,3,9.2803622803940886,10.836323355701367,13368817.585657429,13368817.585657429,13368817.585657429,1674201.4569344972,1674201.4569344972,483,483,13368817.585657429,1674201.4569344972,2020,13326509.214868855,99.683529448154317,42308.370788574219,0.31647055184569378,0,0,0,0,0,0,0,0,13368817.585657429,100,0,0,0,0,0,0,0,0,13368817.585657429,100,13368817.585657429,1,1,robust_all3_ge27,GS65_85_lost_had3,0
country,United Kingdom of Great Britain and Northern Ireland,ssp245,2031-2060,1.7325052650293848,-2.4217985147025183,5.6932012361798989,3,9.1818436999122373,10.914348964941622,13368817.585657429,13368817.585657429,13368817.585657429,1674201.4569344972,1674201.4569344972,483,483,13368817.585657429,1674201.4569344972,2020,13368817.585657429,100,0,0,0,0,0,0,10438.325088500977,0.078079643331356433,0,0,13358379.260568928,99.92192035666865,0,0,0,0,0,0,0,0,13358379.260568928,99.92192035666865,13368817.585657429,1,1,robust_all3_ge27,GS65_85_lost_had3,0
country,United Kingdom of Great Britain and Northern Ireland,ssp245,2071-2100,2.1742471162451054,-2.2922530174706495,7.5659499055733788,3,9.1818436999122373,11.356090816157341,13368817.585657429,13368817.585657429,13368817.585657429,1674201.4569344972,1674201.4569344972,483,483,13368817.585657429,1674201.4569344972,2020,13368817.585657429,100,0,0,0,0,0,0,25976.366256536916,0.19430563765344019,0,0,13342841.219400892,99.805694362346557,0,0,0,0,0,0,0,0,13342841.219400892,99.805694362346557,13368817.585657429,1,1,robust_all3_ge27,GS65_85_lost_had3,0
country,United Kingdom of Great Britain and Northern Ireland,ssp585,2031-2060,2.4180555883504287,-0.77373665809168779,5.5878007595869237,3,9.2294156349873671,11.647471223337796,13368817.585657429,13368817.585657429,13368817.585657429,1674201.4569344972,1674201.4569344972,483,483,13368817.585657429,1674201.4569344972,2020,13368817.585657429,100,0,0,0,0,0,0,3291498.6833836939,24.620716546502493,0,0,10077318.902273735,75.379283453497507,0,0,0,0,0,0,0,0,10077318.902273735,75.379283453497507,13368817.585657429,1,1,robust_all3_ge27,GS65_85_lost_had3,0
country,United Kingdom of Great Britain and Northern Ireland,ssp585,2071-2100,5.2181931739809349,0.20262249503241322,9.4703771289638592,3,9.2294156349873671,14.447608808968303,13368817.585657429,13368817.585657429,13368817.585657429,1674201.4569344972,1674201.4569344972,483,483,13368817.585657429,1674201.4569344972,2020,13368817.585657429,100,0,0,0,0,0,0,7357972.2084493563,55.03831704864659,0,0,6010845.3772080727,44.96168295135341,0,0,0,0,0,0,0,0,6010845.3772080727,44.96168295135341,13368817.585657429,1,1,robust_all3_ge27,GS65_85_lost_had3,0
environment_region,Alpine,ssp126,2031-2060,1.2978871053013432,-0.13704606906309466,3.1600976942572592,3,9.1461435425948547,10.444030647896197,4361189.0112587083,4362129.4064136809,4414982.9699338274,995879.26810799411,988215.46809507778,828,828,4414982.9699338274,995879.26810799411,2020,4035557.0906176483,91.405949198443551,326941.14332860167,7.4052639739514543,0,0,52484.735987577456,1.1887868276050022,2064340.8637339699,46.75761781624518,120886.9050612655,2.7381058066250561,2177270.4651510147,49.315489549524763,0,0,0,0,0,0,52484.735987577456,1.1887868276050022,2177270.4651510147,49.315489549524763,4362498.2339462498,0.9878155909000198,0.98802859175673363,robust_all3_ge27,GS65_85_lost_had3,-9.3132257461547852e-10
environment_region,Alpine,ssp126,2071-2100,1.7512027343245646,0.72473235463709085,2.7526227400496586,3,9.1461693013752932,10.897372035699858,4361107.1579255527,4362042.4297472304,4414982.9699338274,995879.26810799411,988215.46809507778,828,828,4414982.9699338274,995879.26810799411,2020,4103372.1433240981,92.941969907204424,259038.39062234285,5.8672568475666251,0,0,52572.435987386722,1.1907732452289548,3124393.3224902977,70.767958648255586,105836.34570016206,2.3972084699060199,1132180.8657559808,25.64405963660943,0,0,0,0,0,0,52572.435987386722,1.1907732452289548,1132180.8657559808,25.64405963660943,4362410.5339464406,0.98779705100219628,0.98800889141654136,robust_all3_ge27,GS65_85_lost_had3,0
environment_region,Alpine,ssp245,2031-2060,0.40489816819607238,-0.84680935860720963,1.7363231199716727,3,9.2574765496729725,9.662374717869044,4361920.7659359304,4362514.9052717285,4414982.9699338274,995879.26810799411,988215.46809507778,828,828,4414982.9699338274,995879.26810799411,2020,3014082.0421776013,68.269392265012002,1348625.7917718915,30.546568377637591,0,0,52275.135984334964,1.1840393573504198,1315801.4996820092,29.803093435301083,553496.78537412442,12.536781888932639,2493409.548893359,56.476085318415862,0,0,0,0,0,0,52275.135984334964,1.1840393573504198,2493409.548893359,56.476085318415862,4362707.8339494923,0.98798133438809344,0.9881159078031766,robust_all3_ge27,GS65_85_lost_had3,-9.3132257461547852e-10
environment_region,Alpine,ssp245,2071-2100,1.6182425834533312,0.074656199689476455,3.6482234608935875,3,9.2574765496729725,10.875719133126303,4361920.7659359304,4362514.9052717285,4414982.9699338274,995879.26810799411,988215.46809507778,828,828,4414982.9699338274,995879.26810799411,2020,3760461.6228592177,85.17499724162198,602246.21109027474,13.6409634010276,0,0,52275.135984334964,1.1840393573504198,2139724.0037660501,48.465056792690653,142701.00562218568,3.232198325429203,2080282.8245612567,47.118705524529723,0,0,0,0,0,0,52275.135984334964,1.1840393573504198,2080282.8245612567,47.118705524529723,4362707.8339494923,0.98798133438809344,0.9881159078031766,robust_all3_ge27,GS65_85_lost_had3,0
environment_region,Alpine,ssp585,2031-2060,1.7389264302090588,1.1550307317769326,2.3625265028652613,3,9.1974550030990088,10.936381433308066,4361898.6499466961,4362404.3926049294,4414982.9699338274,995879.26810799411,988215.46809507778,828,828,4414982.9699338274,995879.26810799411,2020,3861309.2821108466,87.459211245127875,501398.55183864612,11.35674939752171,0,0,52275.135984334964,1.1840393573504198,2908041.5004778793,65.867558726312936,301636.30671685253,6.8321057809510304,1153030.0267547609,26.116296135385607,0,0,0,0,0,0,52275.135984334964,1.1840393573504198,1153030.0267547609,26.116296135385607,4362707.8339494923,0.98797632508468614,0.98809087652501504,robust_all3_ge27,GS65_85_lost_had3,0
environment_region,Alpine,ssp585,2071-2100,2.6317691679830073,1.5830861900538367,4.4108053118928305,3,9.1974550030990088,11.829224171082016,4361898.6499466961,4362404.3926049294,4414982.9699338274,995879.26810799411,988215.46809507778,828,828,4414982.9699338274,995879.26810799411,2020,3730958.7824204331,84.506753657451895,631749.05152905965,14.30920698519769,0,0,52275.135984334964,1.1840393573504198,2975798.3435206697,67.402260977810101,249921.10594763598,5.6607490368503477,1136988.384481187,25.752950627989136,0,0,0,0,0,0,52275.135984334964,1.1840393573504198,1136988.384481187,25.752950627989136,4362707.8339494923,0.98797632508468614,0.98809087652501504,robust_all3_ge27,GS65_85_lost_had3,-9.3132257461547852e-10
environment_region,Atlantic,ssp126,2031-2060,0.7425210374982596,-1.6924293282122522,3.4626169031716811,3,12.009460994406304,12.751982031904561,44564365.397323191,44564396.77399005,44580512.873920038,5964182.5788768921,5964182.5788768921,1457,1455,44566117.573962763,5962528.4789318237,2020,40756140.978102043,91.421426876281444,3808255.7958880067,8.5424225752141751,0,0,16116.099929988384,0.036150548504381236,92296.925027698278,0.20703423778171184,145841.30075073242,0.32714137040816943,44326258.548211619,99.42967384330575,0,0,0,0,0,0,16116.099929988384,0.036150548504381236,44326258.548211619,99.42967384330575,44564396.77399005,0.99963779069472547,0.99963849451495623,robust_all3_ge27,GS65_85_lost_had3,0
environment_region,Atlantic,ssp126,2071-2100,1.4334012105777709,-5.2344695335378324,5.8725383466607015,3,12.009460132293333,13.442861342871103,44564346.487323247,44564396.77399005,44580512.873920038,5964182.5788768921,5964182.5788768921,1457,1455,44566117.573962763,5962528.4789318237,2020,42637103.231680587,95.640674552722885,1927293.542309463,4.323174898772745,0,0,16116.099929988384,0.036150548504381236,0,0,0,0,44564396.77399005,99.963849451495619,0,0,0,0,0,0,16116.099929988384,0.036150548504381236,44564396.77399005,99.963849451495619,44564396.77399005,0.99963736651835944,0.99963849451495623,robust_all3_ge27,GS65_85_lost_had3,0
environment_region,Atlantic,ssp245,2031-2060,1.4730783800889962,-2.3997331469176619,5.242356758360657,3,11.90011723600359,13.373195616092588,44564370.120656617,44564396.77399005,44580512.873920038,5964182.5788768921,5964182.5788768921,1457,1455,44566117.573962763,5962528.4789318237,2020,41294281.180819616,92.62854668721657,3270115.5931704342,7.3353027642790494,0,0,16116.099929988384,0.036150548504381236,674223.62631520629,1.5123729693779109,11036.099759638309,0.024755434713929721,43879137.047915205,98.426721047403774,0,0,0,0,0,0,16116.099929988384,0.036150548504381236,43879137.047915205,98.426721047403774,44564396.77399005,0.99963789664535541,0.99963849451495623,robust_all3_ge27,GS65_85_lost_had3,0
environment_region,Atlantic,ssp245,2071-2100,2.088508825193522,-1.7849180406785943,6.7177653360739464,3,11.90011723600359,13.988626061197115,44564370.120656617,44564396.77399005,44580512.873920038,5964182.5788768921,5964182.5788768921,1457,1455,44566117.573962763,5962528.4789318237,2020,41704572.276346982,93.548884002957479,2859824.4976430684,6.4149654485381413,0,0,16116.099929988384,0.036150548504381236,5031962.0296219308,11.287357872828936,1390.699951171875,0.0031195243426314322,39531044.044416949,88.673372054324048,0,0,0,0,0,0,16116.099929988384,0.036150548504381236,39531044.044416949,88.673372054324048,44564396.77399005,0.99963789664535541,0.99963849451495623,robust_all3_ge27,GS65_85_lost_had3,0
environment_region,Atlantic,ssp585,2031-2060,2.3525605839991619,-0.58916319552035346,5.1818698641042156,3,11.853810777424732,14.206371361423892,44564365.397323191,44564396.77399005,44580512.873920038,5964182.5788768921,5964182.5788768921,1457,1455,44566117.573962763,5962528.4789318237,2020,41886898.476508021,93.957865839206605,2677498.2974820286,6.0059836122890076,0,0,16116.099929988384,0.036150548504381236,12702822.746228524,28.494115314810067,500685.59927114844,1.1231041703965088,31360888.428490382,70.346629966289044,0,0,0,0,0,0,16116.099929988384,0.036150548504381236,31360888.428490382,70.346629966289044,44564396.77399005,0.99963779069472547,0.99963849451495623,robust_all3_ge27,GS65_85_lost_had3,0
environment_region,Atlantic,ssp585,2071-2100,5.0552735405426761,0.6591990055244491,8.5660126000974124,3,11.853810777424732,16.909084317967409,44564365.397323191,44564396.77399005,44580512.873920038,5964182.5788768921,5964182.5788768921,1457,1455,44566117.573962763,5962528.4789318237,2020,42641828.975520432,95.651275022603528,1922567.798469618,4.3125744288920815,0,0,16116.099929988384,0.036150548504381236,29181706.778955419,65.458436652546794,615729.30002123117,1.3811624414519417,14766960.695013402,33.124250357496884,0,0,0,0,0,0,16116.099929988384,0.036150548504381236,14766960.695013402,33.124250357496884,44564396.77399005,0.99963779069472547,0.99963849451495623,robust_all3_ge27,GS65_85_lost_had3,0
environment_region,Black Sea,ssp126,2031-2060,1.421457220833428,-0.62738063023797852,3.4191601693090865,3,7.9176990544508108,9.3391562752842372,503175.50532423193,503175.50532423193,503175.50532423193,118715.90368723862,118715.90368723862,24,24,503175.50532423193,118715.90368723862,2020,503175.50532423193,100,0,0,0,0,0,0,57442.10516906764,11.41591841440167,0,0,445733.4001551643,88.584081585598341,0,0,0,0,0,0,0,0,445733.4001551643,88.584081585598341,503175.50532423193,1,1,robust_all3_ge27,GS65_85_lost_had3,0
environment_region,Black Sea,ssp126,2071-2100,0.75119435559033387,-1.1159403824113152,2.4714692023246339,3,7.9176990544508108,8.668893410041143,503175.50532423193,503175.50532423193,503175.50532423193,118715.90368723862,118715.90368723862,24,24,503175.50532423193,118715.90368723862,2020,503175.50532423193,100,0,0,0,0,0,0,9651.4764186333523,1.9181133255710086,0,0,493524.02890559856,98.081886674429001,0,0,0,0,0,0,0,0,493524.02890559856,98.081886674429001,503175.50532423193,1,1,robust_all3_ge27,GS65_85_lost_had3,0
environment_region,Black Sea,ssp245,2031-2060,-0.42799000915453389,-2.8690067341847141,1.2172821209710536,3,8.0721573470850903,7.644167337930555,503175.50532423193,503175.50532423193,503175.50532423193,118715.90368723862,118715.90368723862,24,24,503175.50532423193,118715.90368723862,2020,29529.805061111707,5.868688906484735,473645.70026312023,94.131311093515265,0,0,0,0,0,0,0,0,503175.50532423193,100,0,0,0,0,0,0,0,0,503175.50532423193,100,503175.50532423193,1,1,robust_all3_ge27,GS65_85_lost_had3,0
environment_region,Black Sea,ssp245,2071-2100,0.35965047383703458,-1.2892352245978951,2.4618411794342689,3,8.0721573470850903,8.4318078209221241,503175.50532423193,503175.50532423193,503175.50532423193,118715.90368723862,118715.90368723862,24,24,503175.50532423193,118715.90368723862,2020,346554.70503126318,68.873524518637524,156620.80029296875,31.126475481362469,0,0,0,0,8301.676391642879,1.6498570188335213,0,0,494873.82893258904,98.350142981166485,0,0,0,0,0,0,0,0,494873.82893258904,98.350142981166485,503175.50532423193,1,1,robust_all3_ge27,GS65_85_lost_had3,0
environment_region,Black Sea,ssp585,2031-2060,1.2168610160087325,-1.2576362696409176,3.8758087792538451,3,7.8312998594300067,9.0481608754387395,503175.50532423193,503175.50532423193,503175.50532423193,118715.90368723862,118715.90368723862,24,24,503175.50532423193,118715.90368723862,2020,503175.50532423193,100,0,0,0,0,0,0,7286.8764019425616,1.4481778872059972,0,0,495888.62892228935,98.551822112794014,0,0,0,0,0,0,0,0,495888.62892228935,98.551822112794014,503175.50532423193,1,1,robust_all3_ge27,GS65_85_lost_had3,0
environment_region,Black Sea,ssp585,2071-2100,-0.73795356859511363,-2.1241816595045759,0.32246952716192717,3,7.8312998594300067,7.0933462908348934,503175.50532423193,503175.50532423193,503175.50532423193,118715.90368723862,118715.90368723862,24,24,503175.50532423193,118715.90368723862,2020,28499.305099534351,5.6638895967660847,474676.20022469759,94.336110403233917,0,0,0,0,7286.8764019425616,1.4481778872059972,237094.30026245117,47.119602952388227,258794.32865983821,51.432219160405779,0,0,0,0,0,0,0,0,258794.32865983821,51.432219160405779,503175.50532423193,1,1,robust_all3_ge27,GS65_85_lost_had3,0
environment_region,Boreal,ssp126,2031-2060,2.0184701073722482,0.67924278512703229,4.4255182868965015,3,5.4782321274077503,7.496702234779999,14603079.03076015,14629201.249508087,14651971.922177825,3317002.818681987,3317002.818681987,2914,2914,14651971.922177825,3317002.818681987,2020,13920341.822298665,95.006610006044752,709148.79985421896,4.8399546738198582,0,0,22481.300024941564,0.15343532013539382,10179015.498417526,69.471983378634192,249262.8998144865,1.7012242525334897,4201212.2239208696,28.673357048696925,0,0,0,0,0,0,22481.300024941564,0.15343532013539382,4201212.2239208696,28.673357048696925,14629490.622152884,0.9966630504291597,0.99844589705804232,robust_all3_ge27,GS65_85_lost_had3,0
environment_region,Boreal,ssp126,2071-2100,2.7239741989324173,-0.59837482058688718,5.8929340273130641,3,5.478324492816637,8.2022986917490552,14602021.53743241,14628033.312847659,14651971.922177825,3317002.818681987,3317002.818681987,2914,2914,14651971.922177825,3317002.818681987,2020,14193886.522116166,96.873558026900923,434432.40004294366,2.9650097771847963,0,0,23653.000018715858,0.16143219591428309,4073243.3175880564,27.79996671589732,120911.49996243417,0.82522339385197407,10434164.104608618,71.213377694336415,0,0,0,0,0,0,23653.000018715858,0.16143219591428309,10434164.104608618,71.213377694336415,14628318.922159109,0.99659087629905918,0.99836618514850339,robust_all3_ge27,GS65_85_lost_had3,0
environment_region,Boreal,ssp245,2031-2060,3.3960548557136918,1.5080700433701062,6.6927375427090716,3,5.4543843498457818,8.8504392055594732,14603818.564079704,14627156.412482535,14651971.922177825,3317002.818681987,3317002.818681987,2914,2914,14651971.922177825,3317002.818681987,2020,13813721.222572025,94.278922290746465,813503.79956573248,5.5521796239206536,0,0,24746.900040067732,0.16889808533286779,10208509.327814884,69.673279351312885,407263.60033521056,2.7795821784149046,4011452.0939876619,27.378240384939335,0,0,0,0,0,0,24746.900040067732,0.16889808533286779,4011452.0939876619,27.378240384939335,14627225.022137757,0.99671352372541511,0.99830633652404643,robust_all3_ge27,GS65_85_lost_had3,0
environment_region,Boreal,ssp245,2071-2100,3.8524832608324946,2.1153574098308638,7.1175466067465063,3,5.4543844302839117,9.3068676911164054,14603818.564079704,14627160.309149189,14651971.922177825,3317002.818681987,3317002.818681987,2914,2914,14651971.922177825,3317002.818681987,2020,13935765.422339495,95.111876383312946,691459.59979826212,4.7192255313541827,0,0,24746.900040067732,0.16889808533286779,11729720.732212096,80.055577464337816,202825.99976629764,1.3842914854299706,2694678.2901593628,18.391232964899334,0,0,0,0,0,0,24746.900040067732,0.16889808533286779,2694678.2901593628,18.391232964899334,14627225.022137757,0.99671352372541511,0.99830660247232117,robust_all3_ge27,GS65_85_lost_had3,0
environment_region,Boreal,ssp585,2031-2060,3.5331353901979194,2.764502454617817,4.8950979729328443,3,5.4153883937057499,8.9485237839036689,14601722.057416856,14626888.813171234,14651971.922177825,3317002.818681987,3317002.818681987,2914,2914,14651971.922177825,3317002.818681987,2020,14096415.422211494,96.208315829998156,530633.99992527068,3.6215876111670764,0,0,24922.50004106015,0.17009655883476293,13670371.401623398,93.300556909554018,288079.90011864901,1.9661510522184353,668598.1203947172,4.5631954793927756,0,0,0,0,0,0,24922.50004106015,0.17009655883476293,668598.1203947172,4.5631954793927756,14627049.422136765,0.99657043672838952,0.99828807281778742,robust_all3_ge27,GS65_85_lost_had3,0
environment_region,Boreal,ssp585,2071-2100,8.290619076914016,5.1559110015017762,13.285227693174241,3,5.4152351874744129,13.705854264388428,14601722.057416856,14626888.813171234,14651971.922177825,3317002.818681987,3317002.818681987,2914,2914,14651971.922177825,3317002.818681987,2020,14585073.022110406,99.54341367549199,41976.400026358664,0.28648976567325701,0,0,24922.50004106015,0.17009655883476293,14166219.422425497,96.684729520829393,17022.699956431985,0.1161802660204783,443807.29975483567,3.0289936543153675,0,0,0,0,0,0,24922.50004106015,0.17009655883476293,443807.29975483567,3.0289936543153675,14627049.422136765,0.99657043672838952,0.99828807281778742,robust_all3_ge27,GS65_85_lost_had3,0
environment_region,Continental,ssp126,2031-2060,1.4211651456396586,0.17865819170210065,3.4650169743620123,3,7.2727274086172642,8.6938925542569212,106617234.69846927,106617234.69846927,106617234.69846927,23097113.578839809,22883676.776990928,5057,5057,106617234.69846927,23097113.578839809,2020,106026225.89900313,99.445672361379835,591008.79946613312,0.55432763862015488,0,0,0,0,52610858.502177484,49.345547791564357,0,0,54006376.196291789,50.654452208435657,0,0,0,0,0,0,0,0,54006376.196291789,50.654452208435657,106617234.69846927,1,1,robust_all3_ge27,GS65_85_lost_had3,-1.4901161193847656e-08
environment_region,Continental,ssp126,2071-2100,2.0429735028699985,-0.48987035357346453,3.9095478032932873,3,7.2727274086172642,9.3157009114872622,106617234.69846927,106617234.69846927,106617234.69846927,23097113.578839809,22883676.776990928,5057,5057,106617234.69846927,23097113.578839809,2020,106364523.197612,99.7629731238369,252711.5008572638,0.23702687616310128,0,0,0,0,51938100.688093588,48.714544918542401,0,0,54679134.010375686,51.285455081457606,0,0,0,0,0,0,0,0,54679134.010375686,51.285455081457606,106617234.69846927,1,1,robust_all3_ge27,GS65_85_lost_had3,-1.4901161193847656e-08
environment_region,Continental,ssp245,2031-2060,1.1574909176763657,0.052261174122777629,3.2360704537542992,3,7.3273885791181002,8.4848794967944663,106616258.45512618,106617234.69846927,106617234.69846927,23097113.578839809,22883676.776990928,5057,5057,106617234.69846927,23097113.578839809,2020,85044038.884660825,79.7657518741497,21573195.813808441,20.234248125850307,0,0,0,0,32956158.692565918,30.910723567133633,3214736.4009929001,3.0152126999773472,70446339.604910448,66.074063732889016,0,0,0,0,0,0,0,0,70446339.604910448,66.074063732889016,106617234.69846927,0.99999084347529887,1,robust_all3_ge27,GS65_85_lost_had3,0
environment_region,Continental,ssp245,2071-2100,2.1377147832806194,0.87319435382746291,4.6408036823844299,3,7.3273737881264944,9.4650885714071133,106616924.43846612,106617234.69846927,106617234.69846927,23097113.578839809,22883676.776990928,5057,5057,106617234.69846927,23097113.578839809,2020,98989236.390036657,92.845435984148509,7627998.3084326088,7.1545640158514878,0,0,0,0,67295508.502862573,63.118790027883499,495593.70210266113,0.46483451151615407,38826132.493504032,36.416375460600342,0,0,0,0,0,0,0,0,38826132.493504032,36.416375460600342,106617234.69846927,0.99999708996388781,1,robust_all3_ge27,GS65_85_lost_had3,0
environment_region,Continental,ssp585,2031-2060,2.1221610842152634,1.8037125306897861,2.5518911840248193,3,7.2323482938532822,9.3545093780685455,106617234.69846927,106617234.69846927,106617234.69846927,23097113.578839809,22883676.776990928,5057,5057,106617234.69846927,23097113.578839809,2020,104551089.69820696,98.062090987347688,2066145.0002623051,1.9379090126523131,0,0,0,0,78542827.379017204,73.668040257420841,563553.60052776337,0.52857645588125024,27510853.718924314,25.803383286697919,0,0,0,0,0,0,0,0,27510853.718924314,25.803383286697919,106617234.69846927,1,1,robust_all3_ge27,GS65_85_lost_had3,-1.4901161193847656e-08
environment_region,Continental,ssp585,2071-2100,3.893774439919818,2.0795551853364538,6.3278917223386175,3,7.2324724538311296,11.126246893750951,106610240.47845432,106617234.69846927,106617234.69846927,23097113.578839809,22883676.776990928,5057,5057,106617234.69846927,23097113.578839809,2020,94004685.385885254,88.170252822393735,12612549.312584013,11.829747177606263,0,0,0,0,82811176.986699626,77.671473304389281,7659065.4105002135,7.1837029277314182,16146992.301269434,15.144823767879304,0,0,0,0,0,0,0,0,16146992.301269434,15.144823767879304,106617234.69846927,0.99993439878613688,1,robust_all3_ge27,GS65_85_lost_had3,-1.4901161193847656e-08
environment_region,Mediterranean,ssp126,2031-2060,0.50339137602255335,0.19204241417141496,0.8210834812765897,3,6.592203094947096,7.0955944709696501,13310770.258850317,13310770.258850317,13310770.258850317,3663288.9430908519,3318606.0444627139,1535,1535,13310770.258850317,3663288.9430908519,2020,11869249.059500743,89.17026459538576,1441521.1993495747,10.829735404614235,0,0,0,0,5579560.8853347311,41.917640954135521,728366.60045416653,5.4720094050896595,7002842.7730614189,52.610349640774814,0,0,0,0,0,0,0,0,7002842.7730614189,52.610349640774814,13310770.258850317,1,1,robust_all3_ge27,GS65_85_lost_had3,0
environment_region,Mediterranean,ssp126,2071-2100,0.29739022820167843,-0.42158033981736198,0.71036511712814099,3,6.592203094947096,6.8895933231487758,13310770.258850317,13310770.258850317,13310770.258850317,3663288.9430908519,3318606.0444627139,1535,1535,13310770.258850317,3663288.9430908519,2020,9649722.2772878222,72.495596345160649,3661047.9815624948,27.50440365483934,0,0,0,0,1772670.0990604386,13.317562128921818,548565.99971324205,4.1212190507795823,10989534.160076637,82.561218820298606,0,0,0,0,0,0,0,0,10989534.160076637,82.561218820298606,13310770.258850317,1,1,robust_all3_ge27,GS65_85_lost_had3,0
environment_region,Mediterranean,ssp245,2031-2060,-0.19278248320895233,-0.90610365135800452,1.1363865063642058,3,6.5937395748900629,6.4009570916811116,13310770.258850317,13310770.258850317,13310770.258850317,3663288.9430908519,3318606.0444627139,1535,1535,13310770.258850317,3663288.9430908519,2020,6335152.4882073114,47.594183995438392,6975617.7706430051,52.405816004561601,0,0,0,0,1004181.3009163737,7.5441261579035563,2047170.0078375493,15.379801228831129,10259418.950096393,77.076072613265296,0,0,0,0,0,0,0,0,10259418.950096393,77.076072613265296,13310770.258850317,1,1,robust_all3_ge27,GS65_85_lost_had3,1.862645149230957e-09
environment_region,Mediterranean,ssp245,2071-2100,0.25693639222686393,-1.1705935080072352,2.759197777233942,3,6.5937395748900629,6.8506759671169268,13310770.258850317,13310770.258850317,13310770.258850317,3663288.9430908519,3318606.0444627139,1535,1535,13310770.258850317,3663288.9430908519,2020,10040695.385012446,75.432865189273301,3270074.8738378701,24.567134810726682,0,0,0,0,939760.07422350242,7.0601479549889827,810323.50003303587,6.0877280899221633,11560686.684593778,86.852123955088842,0,0,0,0,0,0,0,0,11560686.684593778,86.852123955088842,13310770.258850317,1,1,robust_all3_ge27,GS65_85_lost_had3,0
environment_region,Mediterranean,ssp585,2031-2060,-0.12830697365339061,-0.52695037354864771,0.6246590669956017,3,6.6102976476976822,6.481990674044293,13310770.258850317,13310770.258850317,13310770.258850317,3663288.9430908519,3318606.0444627139,1535,1535,13310770.258850317,3663288.9430908519,2020,6977616.4861902129,52.42083178132237,6333153.7726601036,47.57916821867763,0,0,0,0,1539329.7017801793,11.564542636115895,3002300.2000658661,22.555420472903435,8769140.3570042718,65.880036890980662,0,0,0,0,0,0,0,0,8769140.3570042718,65.880036890980662,13310770.258850317,1,1,robust_all3_ge27,GS65_85_lost_had3,0
environment_region,Mediterranean,ssp585,2071-2100,-1.1495356733565629,-1.6425435448747605,-0.87509181079724363,3,6.6103947728232173,5.4608590994666555,13310233.652185278,13310770.258850317,13310770.258850317,3663288.9430908519,3318606.0444627139,1535,1535,13310770.258850317,3663288.9430908519,2020,3391595.860115814,25.480087133655889,9919174.3987345025,74.519912866344114,0,0,0,0,1009878.7001042531,7.586929084233768,5826964.4065335337,43.776312664244138,6473927.1522125304,48.636758251522096,0,0,0,0,0,0,0,0,6473927.1522125304,48.636758251522096,13310770.258850317,0.99995968628001208,1,robust_all3_ge27,GS65_85_lost_had3,0
environment_region,Outside EEA regions,ssp126,2031-2060,0.7102003579676136,0.60466752469923835,0.89798366169626487,3,2.1004688774128022,2.8106692353804159,223302.75905752784,223302.75905752784,223302.75905752784,84571.306582505189,84571.306582505189,76,76,223302.75905752784,84571.306582505189,2020,223302.75905752784,100,0,0,0,0,0,0,222003.36939160965,99.418104070275533,0,0,1299.389665918201,0.58189592972447279,0,0,0,0,0,0,0,0,1299.389665918201,0.58189592972447279,223302.75905752784,1,1,robust_all3_ge27,GS65_85_lost_had3,0
environment_region,Outside EEA regions,ssp126,2071-2100,0.4225877580178401,0.066158075238271885,1.0162965917576428,3,2.1004688774128022,2.5230566354306423,223302.75905752784,223302.75905752784,223302.75905752784,84571.306582505189,84571.306582505189,76,76,223302.75905752784,84571.306582505189,2020,223149.8590551973,99.931527938581738,152.90000233054161,0.068472061418260899,0,0,0,0,98750.543747798598,44.222715457966295,105.30000174045563,0.04715571011521983,124446.91530798879,55.730128831918485,0,0,0,0,0,0,0,0,124446.91530798879,55.730128831918485,223302.75905752784,1,1,robust_all3_ge27,GS65_85_lost_had3,0
environment_region,Outside EEA regions,ssp245,2031-2060,0.28350260524449711,-0.26875475094468504,0.71953420479408403,3,2.2168959432498263,2.5003985484943239,223162.76884372087,223302.75905752784,223302.75905752784,84571.306582505189,84571.306582505189,76,76,223302.75905752784,84571.306582505189,2020,202033.46781575869,90.475132805551368,21269.29124176917,9.524867194448646,0,0,0,0,28563.217658430367,12.791251563117424,92.500001907348633,0.04142358217952808,194647.04139719013,87.167324854703054,0,0,0,0,0,0,0,0,194647.04139719013,87.167324854703054,223302.75905752784,0.99937309232363358,1,robust_all3_ge27,GS65_85_lost_had3,0
environment_region,Outside EEA regions,ssp245,2071-2100,0.85504034706422871,0.27203646243449048,1.9046433035548291,3,2.2171254101553699,3.0721657572195986,223162.76884372087,223302.75905752784,223302.75905752784,84571.306582505189,84571.306582505189,76,76,223302.75905752784,84571.306582505189,2020,223302.75905752784,100,0,0,0,0,0,0,121741.51405991016,54.518589279296272,0,0,101561.24499761769,45.481410720703735,0,0,0,0,0,0,0,0,101561.24499761769,45.481410720703735,223302.75905752784,0.99937309232363358,1,robust_all3_ge27,GS65_85_lost_had3,0
environment_region,Outside EEA regions,ssp585,2031-2060,0.2286840024573287,-0.12423540895018162,0.40604112976496926,3,2.1358839959904352,2.3645679984477641,223302.70475042792,223302.75905752784,223302.75905752784,84571.306582505189,84571.306582505189,76,76,223302.75905752784,84571.306582505189,2020,208537.45457090143,93.387764419506098,14765.304486626401,6.6122355804938904,0,0,0,0,77138.575491753261,34.544389786012729,0,0,146164.18356577458,65.455610213987271,0,0,0,0,0,0,0,0,146164.18356577458,65.455610213987271,223302.75905752784,0.99999975680058695,1,robust_all3_ge27,GS65_85_lost_had3,0
environment_region,Outside EEA regions,ssp585,2071-2100,1.9032634470894443,0.9464777028040291,3.145444383952285,3,2.1368743714116376,4.0401378185010826,223070.80245972177,223298.31313563586,223302.75905752784,84571.306582505189,84571.306582505189,76,76,223302.75905752784,84571.306582505189,2020,223302.75905752784,100,0,0,0,0,0,0,223302.75905752784,100,0,0,0,0,0,0,0,0,0,0,0,0,0,0,223302.75905752784,0.99896124616289983,0.9999800901613991,robust_all3_ge27,GS65_85_lost_had3,0
environment_region,Pannonian,ssp126,2031-2060,1.5989856294440952,-0.18597070908534624,3.9842887769981377,3,6.9995367092588454,8.5985223387029421,9021868.9015709311,9021868.9015709311,9021868.9015709311,1765576.9011852592,1709272.1011364311,285,285,9021868.9015709311,1765576.9011852592,2020,9021868.9015709311,100,0,0,0,0,0,0,3803674.098887682,42.160600429755391,0,0,5218194.8026832491,57.839399570244609,0,0,0,0,0,0,0,0,5218194.8026832491,57.839399570244609,9021868.9015709311,1,1,robust_all3_ge27,GS65_85_lost_had3,0
environment_region,Pannonian,ssp126,2071-2100,2.4142426884934958,1.6486068888060985,3.1656060275747602,3,6.9995367092588454,9.4137793977523412,9021868.9015709311,9021868.9015709311,9021868.9015709311,1765576.9011852592,1709272.1011364311,285,285,9021868.9015709311,1765576.9011852592,2020,9021868.9015709311,100,0,0,0,0,0,0,8967420.1019623429,99.396479818066211,0,0,54448.799608588219,0.60352018193378243,0,0,0,0,0,0,0,0,54448.799608588219,0.60352018193378243,9021868.9015709311,1,1,robust_all3_ge27,GS65_85_lost_had3,0
environment_region,Pannonian,ssp245,2031-2060,0.57457217330689025,-0.29751533406526742,2.1932986391815525,3,7.1590185932144008,7.7335907665212913,9021868.9015709311,9021868.9015709311,9021868.9015709311,1765576.9011852592,1709272.1011364311,285,285,9021868.9015709311,1765576.9011852592,2020,8679638.2013660818,96.206654032123438,342230.70020484924,3.7933459678765491,0,0,0,0,961682.49948728085,10.659459918773903,0,0,8060186.4020836502,89.340540081226095,0,0,0,0,0,0,0,0,8060186.4020836502,89.340540081226095,9021868.9015709311,1,1,robust_all3_ge27,GS65_85_lost_had3,0
environment_region,Pannonian,ssp245,2071-2100,2.0955471691446701,0.67382557417946687,4.5127352917731507,3,7.1590185932144008,9.2545657623590714,9021868.9015709311,9021868.9015709311,9021868.9015709311,1765576.9011852592,1709272.1011364311,285,285,9021868.9015709311,1765576.9011852592,2020,9021868.9015709311,100,0,0,0,0,0,0,7504671.7040539384,83.183116335764851,0,0,1517197.1975169927,16.816883664235146,0,0,0,0,0,0,0,0,1517197.1975169927,16.816883664235146,9021868.9015709311,1,1,robust_all3_ge27,GS65_85_lost_had3,0
environment_region,Pannonian,ssp585,2031-2060,2.5050305361415424,1.7689513384293087,3.2476843335004002,3,7.0835667196790553,9.5885972558205967,9021868.9015709311,9021868.9015709311,9021868.9015709311,1765576.9011852592,1709272.1011364311,285,285,9021868.9015709311,1765576.9011852592,2020,9021868.9015709311,100,0,0,0,0,0,0,8952049.1026207358,99.226104926684997,0,0,69819.798950195312,0.77389507331499741,0,0,0,0,0,0,0,0,69819.798950195312,0.77389507331499741,9021868.9015709311,1,1,robust_all3_ge27,GS65_85_lost_had3,0
environment_region,Pannonian,ssp585,2071-2100,3.3521204635660062,2.3486397639455938,5.221689976429281,3,7.0835667196790553,10.43568718324506,9021868.9015709311,9021868.9015709311,9021868.9015709311,1765576.9011852592,1709272.1011364311,285,285,9021868.9015709311,1765576.9011852592,2020,9021868.9015709311,100,0,0,0,0,0,0,8998931.9016930014,99.745762212595039,0,0,22936.999877929688,0.2542377874049554,0,0,0,0,0,0,0,0,22936.999877929688,0.2542377874049554,9021868.9015709311,1,1,robust_all3_ge27,GS65_85_lost_had3,0
environment_region,Steppic,ssp126,2031-2060,0.70439104873902869,0.048873505588548631,1.1364778575367247,3,3.6542667973418403,4.3586578460808685,45937357.070687599,45937357.070687599,45940337.302547283,14932227.180374689,14932227.180374689,2108,2105,45937357.070687599,14930604.917226624,2020,43310848.714667074,94.276296731207481,2626508.3560205223,5.7172160899107913,0,0,2980.2318596852574,0.0064871788817275639,23231238.672082685,50.568280592042079,53336.31250040383,0.11609908771272008,22652782.086104512,49.309133141363482,0,0,0,0,0,0,2980.2318596852574,0.0064871788817275639,22652782.086104512,49.309133141363482,45937357.070687599,0.9999351282111828,0.9999351282111828,robust_all3_ge27,GS65_85_lost_had3,0
environment_region,Steppic,ssp126,2071-2100,0.61770716448942153,0.31546255564214765,0.79385674786035232,3,3.6542667973418403,4.2719739618312618,45937357.070687599,45937357.070687599,45940337.302547283,14932227.180374689,14932227.180374689,2108,2105,45937357.070687599,14930604.917226624,2020,39995985.439043373,87.060713498125949,5941371.6316442257,12.932799322992324,0,0,2980.2318596852574,0.0064871788817275639,26929135.193801686,58.617626197334268,260674.91064493509,0.56742054140399467,18747546.966240976,40.808466082380001,0,0,0,0,0,0,2980.2318596852574,0.0064871788817275639,18747546.966240976,40.808466082380001,45937357.070687599,0.9999351282111828,0.9999351282111828,robust_all3_ge27,GS65_85_lost_had3,7.4505805969238281e-09
environment_region,Steppic,ssp245,2031-2060,-0.11052860271344178,-0.73915659456420246,0.37074466064727007,3,3.7214436191592184,3.6109150164457762,45923597.283047661,45937357.070687599,45940337.302547283,14932227.180374689,14932227.180374689,2108,2105,45937357.070687599,14930604.917226624,2020,21552735.293234069,46.914621351809316,24384621.777453531,53.078891469308964,0,0,2980.2318596852574,0.0064871788817275639,5690989.3115683384,12.387783037136705,12109218.647120928,26.358575835814555,28137149.111998331,61.247153948167011,0,0,0,0,0,0,2980.2318596852574,0.0064871788817275639,28137149.111998331,61.247153948167011,45937357.070687599,0.99963561391834421,0.9999351282111828,robust_all3_ge27,GS65_85_lost_had3,7.4505805969238281e-09
environment_region,Steppic,ssp245,2071-2100,0.42178440452847044,-0.0037783941132032354,0.97830645885995038,3,3.7228938937994678,4.1446782983279382,45878260.750015475,45937357.070687599,45940337.302547283,14932227.180374689,14932227.180374689,2108,2105,45937357.070687599,14930604.917226624,2020,32062384.50378298,69.79135632512039,13874972.566904617,30.202156495997869,0,0,2980.2318596852574,0.0064871788817275639,23048698.19463037,50.170938107919319,8996802.5643430036,19.583666756935525,13891856.311714226,30.238907956263432,0,0,0,0,0,0,2980.2318596852574,0.0064871788817275639,13891856.311714226,30.238907956263432,45937357.070687599,0.99864875714509904,0.9999351282111828,robust_all3_ge27,GS65_85_lost_had3,0
environment_region,Steppic,ssp585,2031-2060,0.57950495835807903,-0.26477760434300779,1.7291876942963063,3,3.6546809025207208,4.2341858608787994,45937357.070687599,45937357.070687599,45940337.302547283,14932227.180374689,14932227.180374689,2108,2105,45937357.070687599,14930604.917226624,2020,36380512.16841922,79.190781575741724,9556844.9022683818,20.802731245376549,0,0,2980.2318596852574,0.0064871788817275639,11467235.346609451,24.961147479371295,4573546.2581582787,9.9554041757213785,29896575.465919871,65.076961166025612,0,0,0,0,0,0,2980.2318596852574,0.0064871788817275639,29896575.465919871,65.076961166025612,45937357.070687599,0.9999351282111828,0.9999351282111828,robust_all3_ge27,GS65_85_lost_had3,0
environment_region,Steppic,ssp585,2071-2100,0.24968499534155478,-0.22391702790297774,1.0800741520860764,3,3.6559351712877155,3.9056201666292698,45899388.679961711,45936952.38068305,45940337.302547283,14932227.180374689,14932227.180374689,2108,2105,45937357.070687599,14930604.917226624,2020,25319285.780723263,55.113408536770514,20618071.289964337,44.880104284347766,0,0,2980.2318596852574,0.0064871788817275639,21229110.236598782,46.21017494231954,15186784.369338468,33.057624869672857,9521462.4647503495,20.725713009125876,0,0,0,0,0,0,2980.2318596852574,0.0064871788817275639,9521462.4647503495,20.725713009125876,45937357.070687599,0.99910865646640989,0.9999263191769372,robust_all3_ge27,GS65_85_lost_had3,0
environment_region,Unassigned,ssp126,2031-2060,1.1764693007249163,-0.42204084722136664,3.4831130226013647,3,11.314498927755169,12.490968228480085,2577843.8722636909,2578106.0089304941,2580697.3698629681,466442.64319859835,452984.14324690046,657,653,2578513.982263986,465869.45808736584,2020,2342913.6231076233,90.786066218683729,235197.95915635687,9.1137365389280642,0,0,2585.7875989881281,0.10019724238822432,280236.32600124984,10.858937947308794,106505.70421332447,4.1270125454105377,2191369.5520494059,84.913852264892455,0,0,0,0,0,0,2585.7875989881281,0.10019724238822432,2191369.5520494059,84.913852264892455,2578111.5822639801,0.99889429204966074,0.99899586795308293,robust_all3_ge27,GS65_85_lost_had3,0
environment_region,Unassigned,ssp126,2071-2100,1.6094836369542538,-3.0635344447343735,5.0098182573939223,3,11.31449802535686,12.923981662311114,2577842.8822637056,2578106.0089304941,2580697.3698629681,466442.64319859835,452984.14324690046,657,653,2578513.982263986,465869.45808736584,2020,2212118.2663405193,85.717848678164842,365993.31592346082,14.181954079446928,0,0,2585.7875989881281,0.10019724238822432,126583.17695896972,4.9049988750014162,95217.303289167408,3.6895958588985325,2356311.1020158431,91.305208023711842,0,0,0,0,0,0,2585.7875989881281,0.10019724238822432,2356311.1020158431,91.305208023711842,2578111.5822639801,0.99889390843242731,0.99899586795308293,robust_all3_ge27,GS65_85_lost_had3,0
environment_region,Unassigned,ssp245,2031-2060,1.6484998993513822,-1.1015003622896162,4.8551617503264639,3,11.222259928207073,12.870759827558453,2577844.5689303451,2578089.5689305961,2580697.3698629681,466442.64319859835,452984.14324690046,657,653,2578513.982263986,465869.45808736584,2020,1853283.0749538017,71.813266313058961,724828.50731017848,28.086536444552813,0,0,2585.7875989881281,0.10019724238822432,416342.39213626942,16.132941312618019,317018.19567472889,12.284206562800588,1844750.9944529817,71.482654882193174,0,0,0,0,0,0,2585.7875989881281,0.10019724238822432,1844750.9944529817,71.482654882193174,2578111.5822639801,0.9988945620025278,0.99898949758200029,robust_all3_ge27,GS65_85_lost_had3,0
environment_region,Unassigned,ssp245,2071-2100,2.0066813641550842,-0.96229927333793941,5.8182088663389653,3,11.222270878688072,13.228952242843157,2577844.5689303451,2578111.5822639801,2580697.3698629681,466442.64319859835,452984.14324690046,657,653,2578513.982263986,465869.45808736584,2020,2026522.2445868824,78.526148329220334,551589.33767709765,21.373654428391436,0,0,2585.7875989881281,0.10019724238822432,737087.48997694917,28.56156241272442,199347.71366998355,7.7245676303598776,1641676.3786170473,63.613672714527482,0,0,0,0,0,0,2585.7875989881281,0.10019724238822432,1641676.3786170473,63.613672714527482,2578111.5822639801,0.9988945620025278,0.99899802757611778,robust_all3_ge27,GS65_85_lost_had3,0
environment_region,Unassigned,ssp585,2031-2060,2.2109292805330982,0.74309932577379978,4.2285832903976246,3,11.150809216105268,13.361738496638367,2577766.0022632335,2578100.4355970081,2580697.3698629681,466442.64319859835,452984.14324690046,657,653,2578513.982263986,465869.45808736584,2020,2125411.0840209471,82.35801333551187,452700.49824303278,17.54178942209991,0,0,2585.7875989881281,0.10019724238822432,1178452.0272863798,45.664092235229973,220788.15939488274,8.555368094423498,1178871.3955827174,45.680342427958301,0,0,0,0,0,0,2585.7875989881281,0.10019724238822432,1178871.3955827174,45.680342427958301,2578111.5822639801,0.99886411803492858,0.99899370833004808,robust_all3_ge27,GS65_85_lost_had3,0
environment_region,Unassigned,ssp585,2071-2100,4.6630692083846013,1.2092818496101392,8.0704886799874913,3,11.150809216105268,15.81387842448987,2577766.0022632335,2578100.4355970081,2580697.3698629681,466442.64319859835,452984.14324690046,657,653,2578513.982263986,465869.45808736584,2020,1900022.5517004961,73.624384396585995,678089.03056348395,26.275418361025793,0,0,2585.7875989881281,0.10019724238822432,1607099.37333827,62.273840865874362,540537.30765448918,20.945396929016557,430474.90127122088,16.680564962720855,0,0,0,0,0,0,2585.7875989881281,0.10019724238822432,430474.90127122088,16.680564962720855,2578111.5822639801,0.99886411803492858,0.99899370833004808,robust_all3_ge27,GS65_85_lost_had3,0
