domain_type,domain,scenario,period,analysis_mode,baseline_production_tonnes,harvested_area_ha,physical_area_ha,grid_cells,calendar_eligible_cells,calendar_eligible_production_tonnes,complete3_production_tonnes,unavailable_production_tonnes,minimum_valid_production_time_fraction,maximum_valid_production_time_fraction
Europe,Europe,ssp126,2031-2060,primary_any_paired_year,241844854.56171423,54405001.122625828,53769454.322135366,14941,14932,241825295.64229828,241811673.94224444,33180.619469783691,0.99966787637688614,0.99979494793671753
Europe,Europe,ssp126,2071-2100,primary_any_paired_year,241844854.56171423,54405001.122625828,53769454.322135366,14941,14932,241825295.64229828,241810827.04223168,34027.519482559946,0.99965990826582252,0.99978803281274931
Europe,Europe,ssp245,2031-2060,primary_any_paired_year,241844854.56171423,54405001.122625828,53769454.322135366,14941,14932,241825295.64229828,241811596.34224501,33258.219469211486,0.99968176483918858,0.99975362688027158
Europe,Europe,ssp245,2071-2100,primary_any_paired_year,241844854.56171423,54405001.122625828,53769454.322135366,14941,14932,241825295.64229828,241811596.34224501,33258.219469211486,0.99944000321636894,0.99978377996790768
Europe,Europe,ssp585,2031-2060,primary_any_paired_year,241844854.56171423,54405001.122625828,53769454.322135366,14941,14932,241825295.64229828,241811789.14224455,33065.419469676403,0.99967279100006179,0.99979936916222467
Europe,Europe,ssp585,2071-2100,primary_any_paired_year,241844854.56171423,54405001.122625828,53769454.322135366,14941,14932,241825295.64229828,241811842.64224455,33011.919469676403,0.9995281089943423,0.99973402854278692
country,Albania,ssp126,2031-2060,primary_any_paired_year,230606.19940185547,55262.999755859375,55262.999755859375,42,42,230606.19940185547,230606.19940185547,0,1,1
country,Albania,ssp126,2071-2100,primary_any_paired_year,230606.19940185547,55262.999755859375,55262.999755859375,42,42,230606.19940185547,230606.19940185547,0,1,1
country,Albania,ssp245,2031-2060,primary_any_paired_year,230606.19940185547,55262.999755859375,55262.999755859375,42,42,230606.19940185547,230606.19940185547,0,1,1
country,Albania,ssp245,2071-2100,primary_any_paired_year,230606.19940185547,55262.999755859375,55262.999755859375,42,42,230606.19940185547,230606.19940185547,0,1,1
country,Albania,ssp585,2031-2060,primary_any_paired_year,230606.19940185547,55262.999755859375,55262.999755859375,42,42,230606.19940185547,230606.19940185547,0,1,1
country,Albania,ssp585,2071-2100,primary_any_paired_year,230606.19940185547,55262.999755859375,55262.999755859375,42,42,230606.19940185547,230606.19940185547,0,1,1
country,Austria,ssp126,2031-2060,primary_any_paired_year,1599071.5991620943,279073.20015899092,279073.20015899092,174,174,1599071.5991620943,1597512.6991655752,1558.8999965190887,0.99481368227229761,0.99644438475222841
country,Austria,ssp126,2071-2100,primary_any_paired_year,1599071.5991620943,279073.20015899092,279073.20015899092,174,174,1599071.5991620943,1597130.9991519377,1940.6000101566315,0.99481368227229761,0.99595184269969494
country,Austria,ssp245,2031-2060,primary_any_paired_year,1599071.5991620943,279073.20015899092,279073.20015899092,174,174,1599071.5991620943,1597512.6991655752,1558.8999965190887,0.99523241273892915,0.9969215595525126
country,Austria,ssp245,2071-2100,primary_any_paired_year,1599071.5991620943,279073.20015899092,279073.20015899092,174,174,1599071.5991620943,1597512.6991655752,1558.8999965190887,0.99523241273892915,0.99695952950135625
country,Austria,ssp585,2031-2060,primary_any_paired_year,1599071.5991620943,279073.20015899092,279073.20015899092,174,174,1599071.5991620943,1597512.6991655752,1558.8999965190887,0.99517866071668271,0.99689985737690212
country,Austria,ssp585,2071-2100,primary_any_paired_year,1599071.5991620943,279073.20015899092,279073.20015899092,174,174,1599071.5991620943,1597512.6991655752,1558.8999965190887,0.99517866071668271,0.99690781407739926
country,Azerbaijan,ssp126,2031-2060,primary_any_paired_year,198494.86632739365,70246.604604295542,70246.604604295542,18,18,198494.86632739365,198494.86632739365,0,1,1
country,Azerbaijan,ssp126,2071-2100,primary_any_paired_year,198494.86632739365,70246.604604295542,70246.604604295542,18,18,198494.86632739365,198494.86632739365,0,1,1
country,Azerbaijan,ssp245,2031-2060,primary_any_paired_year,198494.86632739365,70246.604604295542,70246.604604295542,18,18,198494.86632739365,198494.86632739365,0,1,1
country,Azerbaijan,ssp245,2071-2100,primary_any_paired_year,198494.86632739365,70246.604604295542,70246.604604295542,18,18,198494.86632739365,198494.86632739365,0,1,1
country,Azerbaijan,ssp585,2031-2060,primary_any_paired_year,198494.86632739365,70246.604604295542,70246.604604295542,18,18,198494.86632739365,198494.86632739365,0,1,1
country,Azerbaijan,ssp585,2071-2100,primary_any_paired_year,198494.86632739365,70246.604604295542,70246.604604295542,18,18,198494.86632739365,198494.86632739365,0,1,1
country,Belarus,ssp126,2031-2060,primary_any_paired_year,2532680.4978111535,714279.99987722933,714279.99987722933,506,506,2532680.4978111535,2532680.4978111535,0,1,1
country,Belarus,ssp126,2071-2100,primary_any_paired_year,2532680.4978111535,714279.99987722933,714279.99987722933,506,506,2532680.4978111535,2532680.4978111535,0,1,1
country,Belarus,ssp245,2031-2060,primary_any_paired_year,2532680.4978111535,714279.99987722933,714279.99987722933,506,506,2532680.4978111535,2532680.4978111535,0,1,1
country,Belarus,ssp245,2071-2100,primary_any_paired_year,2532680.4978111535,714279.99987722933,714279.99987722933,506,506,2532680.4978111535,2532680.4978111535,0,1,1
country,Belarus,ssp585,2031-2060,primary_any_paired_year,2532680.4978111535,714279.99987722933,714279.99987722933,506,506,2532680.4978111535,2532680.4978111535,0,1,1
country,Belarus,ssp585,2071-2100,primary_any_paired_year,2532680.4978111535,714279.99987722933,714279.99987722933,506,506,2532680.4978111535,2532680.4978111535,0,1,1
country,Belgium,ssp126,2031-2060,primary_any_paired_year,1757679.8991088867,202533.30075073242,202533.30075073242,64,64,1757679.8991088867,1757679.8991088867,0,1,1
country,Belgium,ssp126,2071-2100,primary_any_paired_year,1757679.8991088867,202533.30075073242,202533.30075073242,64,64,1757679.8991088867,1757679.8991088867,0,1,1
country,Belgium,ssp245,2031-2060,primary_any_paired_year,1757679.8991088867,202533.30075073242,202533.30075073242,64,64,1757679.8991088867,1757679.8991088867,0,1,1
country,Belgium,ssp245,2071-2100,primary_any_paired_year,1757679.8991088867,202533.30075073242,202533.30075073242,64,64,1757679.8991088867,1757679.8991088867,0,1,1
country,Belgium,ssp585,2031-2060,primary_any_paired_year,1757679.8991088867,202533.30075073242,202533.30075073242,64,64,1757679.8991088867,1757679.8991088867,0,1,1
country,Belgium,ssp585,2071-2100,primary_any_paired_year,1757679.8991088867,202533.30075073242,202533.30075073242,64,64,1757679.8991088867,1757679.8991088867,0,1,1
country,Bosnia and Herzegovina,ssp126,2031-2060,primary_any_paired_year,300318.10028076172,68176.299964904785,68176.299964904785,60,60,300318.10028076172,300318.10028076172,0,1,1
country,Bosnia and Herzegovina,ssp126,2071-2100,primary_any_paired_year,300318.10028076172,68176.299964904785,68176.299964904785,60,60,300318.10028076172,300318.10028076172,0,1,1
country,Bosnia and Herzegovina,ssp245,2031-2060,primary_any_paired_year,300318.10028076172,68176.299964904785,68176.299964904785,60,60,300318.10028076172,300318.10028076172,0,1,1
country,Bosnia and Herzegovina,ssp245,2071-2100,primary_any_paired_year,300318.10028076172,68176.299964904785,68176.299964904785,60,60,300318.10028076172,300318.10028076172,0,1,1
country,Bosnia and Herzegovina,ssp585,2031-2060,primary_any_paired_year,300318.10028076172,68176.299964904785,68176.299964904785,60,60,300318.10028076172,300318.10028076172,0,1,1
country,Bosnia and Herzegovina,ssp585,2071-2100,primary_any_paired_year,300318.10028076172,68176.299964904785,68176.299964904785,60,60,300318.10028076172,300318.10028076172,0,1,1
country,Bulgaria,ssp126,2031-2060,primary_any_paired_year,6170185.7108430862,1201683.1011776328,1201683.1011776328,223,223,6170185.7108430862,6170185.7108430862,0,1,1
country,Bulgaria,ssp126,2071-2100,primary_any_paired_year,6170185.7108430862,1201683.1011776328,1201683.1011776328,223,223,6170185.7108430862,6170185.7108430862,0,1,1
country,Bulgaria,ssp245,2031-2060,primary_any_paired_year,6170185.7108430862,1201683.1011776328,1201683.1011776328,223,223,6170185.7108430862,6170185.7108430862,0,1,1
country,Bulgaria,ssp245,2071-2100,primary_any_paired_year,6170185.7108430862,1201683.1011776328,1201683.1011776328,223,223,6170185.7108430862,6170185.7108430862,0,1,1
country,Bulgaria,ssp585,2031-2060,primary_any_paired_year,6170185.7108430862,1201683.1011776328,1201683.1011776328,223,223,6170185.7108430862,6170185.7108430862,0,1,1
country,Bulgaria,ssp585,2071-2100,primary_any_paired_year,6170185.7108430862,1201683.1011776328,1201683.1011776328,223,223,6170185.7108430862,6170185.7108430862,0,1,1
country,Croatia,ssp126,2031-2060,primary_any_paired_year,885910.00044895709,146127.19993783534,146127.19993783534,140,140,885910.00044895709,885910.00044895709,0,1,1
country,Croatia,ssp126,2071-2100,primary_any_paired_year,885910.00044895709,146127.19993783534,146127.19993783534,140,140,885910.00044895709,885910.00044895709,0,1,1
country,Croatia,ssp245,2031-2060,primary_any_paired_year,885910.00044895709,146127.19993783534,146127.19993783534,140,140,885910.00044895709,885910.00044895709,0,1,1
country,Croatia,ssp245,2071-2100,primary_any_paired_year,885910.00044895709,146127.19993783534,146127.19993783534,140,140,885910.00044895709,885910.00044895709,0,1,1
country,Croatia,ssp585,2031-2060,primary_any_paired_year,885910.00044895709,146127.19993783534,146127.19993783534,140,140,885910.00044895709,885910.00044895709,0,1,1
country,Croatia,ssp585,2071-2100,primary_any_paired_year,885910.00044895709,146127.19993783534,146127.19993783534,140,140,885910.00044895709,885910.00044895709,0,1,1
country,Czechia,ssp126,2031-2060,primary_any_paired_year,4891832.3990064859,807601.70033589005,807601.70033589005,186,186,4891832.3990064859,4891832.3990064859,0,1,1
country,Czechia,ssp126,2071-2100,primary_any_paired_year,4891832.3990064859,807601.70033589005,807601.70033589005,186,186,4891832.3990064859,4891832.3990064859,0,1,1
country,Czechia,ssp245,2031-2060,primary_any_paired_year,4891832.3990064859,807601.70033589005,807601.70033589005,186,186,4891832.3990064859,4891832.3990064859,0,1,1
country,Czechia,ssp245,2071-2100,primary_any_paired_year,4891832.3990064859,807601.70033589005,807601.70033589005,186,186,4891832.3990064859,4891832.3990064859,0,1,1
country,Czechia,ssp585,2031-2060,primary_any_paired_year,4891832.3990064859,807601.70033589005,807601.70033589005,186,186,4891832.3990064859,4891832.3990064859,0,1,1
country,Czechia,ssp585,2071-2100,primary_any_paired_year,4891832.3990064859,807601.70033589005,807601.70033589005,186,186,4891832.3990064859,4891832.3990064859,0,1,1
country,Denmark,ssp126,2031-2060,primary_any_paired_year,4253196.0939025879,537899.20022583008,537899.20022583008,144,144,4253196.0939025879,4253196.0939025879,0,1,1
country,Denmark,ssp126,2071-2100,primary_any_paired_year,4253196.0939025879,537899.20022583008,537899.20022583008,144,144,4253196.0939025879,4253196.0939025879,0,1,1
country,Denmark,ssp245,2031-2060,primary_any_paired_year,4253196.0939025879,537899.20022583008,537899.20022583008,144,144,4253196.0939025879,4253196.0939025879,0,1,1
country,Denmark,ssp245,2071-2100,primary_any_paired_year,4253196.0939025879,537899.20022583008,537899.20022583008,144,144,4253196.0939025879,4253196.0939025879,0,1,1
country,Denmark,ssp585,2031-2060,primary_any_paired_year,4253196.0939025879,537899.20022583008,537899.20022583008,144,144,4253196.0939025879,4253196.0939025879,0,1,1
country,Denmark,ssp585,2071-2100,primary_any_paired_year,4253196.0939025879,537899.20022583008,537899.20022583008,144,144,4253196.0939025879,4253196.0939025879,0,1,1
country,Estonia,ssp126,2031-2060,primary_any_paired_year,807789.69866943359,171673.50030517578,171673.50030517578,81,81,807789.69866943359,807789.69866943359,0,1,1
country,Estonia,ssp126,2071-2100,primary_any_paired_year,807789.69866943359,171673.50030517578,171673.50030517578,81,81,807789.69866943359,807789.69866943359,0,1,1
country,Estonia,ssp245,2031-2060,primary_any_paired_year,807789.69866943359,171673.50030517578,171673.50030517578,81,81,807789.69866943359,807789.69866943359,0,1,1
country,Estonia,ssp245,2071-2100,primary_any_paired_year,807789.69866943359,171673.50030517578,171673.50030517578,81,81,807789.69866943359,807789.69866943359,0,1,1
country,Estonia,ssp585,2031-2060,primary_any_paired_year,807789.69866943359,171673.50030517578,171673.50030517578,81,81,807789.69866943359,807789.69866943359,0,1,1
country,Estonia,ssp585,2071-2100,primary_any_paired_year,807789.69866943359,171673.50030517578,171673.50030517578,81,81,807789.69866943359,807789.69866943359,0,1,1
country,Finland,ssp126,2031-2060,primary_any_paired_year,762644.89964725822,202933.20003872365,202933.20003872365,785,785,762644.89964725822,762644.89964725822,0,0.97098089380638908,0.99912312619611132
country,Finland,ssp126,2071-2100,primary_any_paired_year,762644.89964725822,202933.20003872365,202933.20003872365,785,785,762644.89964725822,762643.0996472612,1.7999999970197678,0.97077181878364216,0.99918584214689865
country,Finland,ssp245,2031-2060,primary_any_paired_year,762644.89964725822,202933.20003872365,202933.20003872365,785,785,762644.89964725822,762644.89964725822,0,0.97421886646539491,0.99939664361991154
country,Finland,ssp245,2071-2100,primary_any_paired_year,762644.89964725822,202933.20003872365,202933.20003872365,785,785,762644.89964725822,762644.89964725822,0,0.9742188620946407,0.99948467934937513
country,Finland,ssp585,2031-2060,primary_any_paired_year,762644.89964725822,202933.20003872365,202933.20003872365,785,785,762644.89964725822,762644.89964725822,0,0.97171730469039508,0.9990835359053174
country,Finland,ssp585,2071-2100,primary_any_paired_year,762644.89964725822,202933.20003872365,202933.20003872365,785,785,762644.89964725822,762644.89964725822,0,0.97171730469039508,0.9990835359053174
country,France,ssp126,2031-2060,primary_any_paired_year,35769343.705079265,5011109.1996791959,5011109.1996791959,1111,1111,35769343.705079265,35766578.205085643,2765.499993622303,0.99978303543687075,0.9997955052399814
country,France,ssp126,2071-2100,primary_any_paired_year,35769343.705079265,5011109.1996791959,5011109.1996791959,1111,1111,35769343.705079265,35766563.205085643,2780.499993622303,0.9997769291838523,0.9997955052399814
country,France,ssp245,2031-2060,primary_any_paired_year,35769343.705079265,5011109.1996791959,5011109.1996791959,1111,1111,35769343.705079265,35766578.205085643,2765.499993622303,0.99978797514164974,0.99980552778898246
country,France,ssp245,2071-2100,primary_any_paired_year,35769343.705079265,5011109.1996791959,5011109.1996791959,1111,1111,35769343.705079265,35766578.205085643,2765.499993622303,0.99978797514164974,0.99980552778898246
country,France,ssp585,2031-2060,primary_any_paired_year,35769343.705079265,5011109.1996791959,5011109.1996791959,1111,1111,35769343.705079265,35766578.205085643,2765.499993622303,0.99978283051278893,0.99980122373100777
country,France,ssp585,2071-2100,primary_any_paired_year,35769343.705079265,5011109.1996791959,5011109.1996791959,1111,1111,35769343.705079265,35766578.205085643,2765.499993622303,0.99978283051278893,0.99980122373100777
country,Georgia,ssp126,2031-2060,primary_any_paired_year,0,0.13934374533646093,0.13934374533646093,2,2,0,0,0,,
country,Georgia,ssp126,2071-2100,primary_any_paired_year,0,0.13934374533646093,0.13934374533646093,2,2,0,0,0,,
country,Georgia,ssp245,2031-2060,primary_any_paired_year,0,0.13934374533646093,0.13934374533646093,2,2,0,0,0,,
country,Georgia,ssp245,2071-2100,primary_any_paired_year,0,0.13934374533646093,0.13934374533646093,2,2,0,0,0,,
country,Georgia,ssp585,2031-2060,primary_any_paired_year,0,0.13934374533646093,0.13934374533646093,2,2,0,0,0,,
country,Georgia,ssp585,2071-2100,primary_any_paired_year,0,0.13934374533646093,0.13934374533646093,2,2,0,0,0,,
country,Germany,ssp126,2031-2060,primary_any_paired_year,22231299.700948089,2964201.4007079303,2964201.4007079303,740,740,22231299.700948089,22231299.700948089,0,1,1
country,Germany,ssp126,2071-2100,primary_any_paired_year,22231299.700948089,2964201.4007079303,2964201.4007079303,740,740,22231299.700948089,22231299.700948089,0,1,1
country,Germany,ssp245,2031-2060,primary_any_paired_year,22231299.700948089,2964201.4007079303,2964201.4007079303,740,740,22231299.700948089,22231299.700948089,0,1,1
country,Germany,ssp245,2071-2100,primary_any_paired_year,22231299.700948089,2964201.4007079303,2964201.4007079303,740,740,22231299.700948089,22231299.700948089,0,1,1
country,Germany,ssp585,2031-2060,primary_any_paired_year,22231299.700948089,2964201.4007079303,2964201.4007079303,740,740,22231299.700948089,22231299.700948089,0,1,1
country,Germany,ssp585,2071-2100,primary_any_paired_year,22231299.700948089,2964201.4007079303,2964201.4007079303,740,740,22231299.700948089,22231299.700948089,0,1,1
country,Greece,ssp126,2031-2060,primary_any_paired_year,1044241.4983976483,356791.00003659725,356791.00003659725,323,322,1044235.2983978391,1044235.2983978391,6.1999998092651367,0.99999406267628821,0.99999406267628821
country,Greece,ssp126,2071-2100,primary_any_paired_year,1044241.4983976483,356791.00003659725,356791.00003659725,323,322,1044235.2983978391,1044235.2983978391,6.1999998092651367,0.99999406267628821,0.99999406267628821
country,Greece,ssp245,2031-2060,primary_any_paired_year,1044241.4983976483,356791.00003659725,356791.00003659725,323,322,1044235.2983978391,1044235.2983978391,6.1999998092651367,0.99999406267628821,0.99999406267628821
country,Greece,ssp245,2071-2100,primary_any_paired_year,1044241.4983976483,356791.00003659725,356791.00003659725,323,322,1044235.2983978391,1044235.2983978391,6.1999998092651367,0.99999406267628821,0.99999406267628821
country,Greece,ssp585,2031-2060,primary_any_paired_year,1044241.4983976483,356791.00003659725,356791.00003659725,323,322,1044235.2983978391,1044235.2983978391,6.1999998092651367,0.99999406267628821,0.99999406267628821
country,Greece,ssp585,2071-2100,primary_any_paired_year,1044241.4983976483,356791.00003659725,356791.00003659725,323,322,1044235.2983978391,1044235.2983978391,6.1999998092651367,0.99999406267628821,0.99999406267628821
country,Hungary,ssp126,2031-2060,primary_any_paired_year,5263107.8015492111,948348.40058043599,948348.40058043599,207,207,5263107.8015492111,5263107.8015492111,0,1,1
country,Hungary,ssp126,2071-2100,primary_any_paired_year,5263107.8015492111,948348.40058043599,948348.40058043599,207,207,5263107.8015492111,5263107.8015492111,0,1,1
country,Hungary,ssp245,2031-2060,primary_any_paired_year,5263107.8015492111,948348.40058043599,948348.40058043599,207,207,5263107.8015492111,5263107.8015492111,0,1,1
country,Hungary,ssp245,2071-2100,primary_any_paired_year,5263107.8015492111,948348.40058043599,948348.40058043599,207,207,5263107.8015492111,5263107.8015492111,0,1,1
country,Hungary,ssp585,2031-2060,primary_any_paired_year,5263107.8015492111,948348.40058043599,948348.40058043599,207,207,5263107.8015492111,5263107.8015492111,0,1,1
country,Hungary,ssp585,2071-2100,primary_any_paired_year,5263107.8015492111,948348.40058043599,948348.40058043599,207,207,5263107.8015492111,5263107.8015492111,0,1,1
country,Ireland,ssp126,2031-2060,primary_any_paired_year,529453.59973144531,57599.799926757812,57599.799926757812,47,47,529453.59973144531,529453.59973144531,0,1,1
country,Ireland,ssp126,2071-2100,primary_any_paired_year,529453.59973144531,57599.799926757812,57599.799926757812,47,47,529453.59973144531,529453.59973144531,0,1,1
country,Ireland,ssp245,2031-2060,primary_any_paired_year,529453.59973144531,57599.799926757812,57599.799926757812,47,47,529453.59973144531,529453.59973144531,0,1,1
country,Ireland,ssp245,2071-2100,primary_any_paired_year,529453.59973144531,57599.799926757812,57599.799926757812,47,47,529453.59973144531,529453.59973144531,0,1,1
country,Ireland,ssp585,2031-2060,primary_any_paired_year,529453.59973144531,57599.799926757812,57599.799926757812,47,47,529453.59973144531,529453.59973144531,0,1,1
country,Ireland,ssp585,2071-2100,primary_any_paired_year,529453.59973144531,57599.799926757812,57599.799926757812,47,47,529453.59973144531,529453.59973144531,0,1,1
country,Italy,ssp126,2031-2060,primary_any_paired_year,6916736.6967803165,1730823.6998818964,1153882.3994524702,586,586,6916736.6967803165,6916690.2967813388,46.399998977780342,0.99997498001267471,0.99998268065753038
country,Italy,ssp126,2071-2100,primary_any_paired_year,6916736.6967803165,1730823.6998818964,1153882.3994524702,586,586,6916736.6967803165,6916687.8967812434,48.799999073147774,0.99997498001267471,0.99998216885545843
country,Italy,ssp245,2031-2060,primary_any_paired_year,6916736.6967803165,1730823.6998818964,1153882.3994524702,586,586,6916736.6967803165,6916730.7967803851,5.8999999314546585,0.99997875105881417,0.9999837066712467
country,Italy,ssp245,2071-2100,primary_any_paired_year,6916736.6967803165,1730823.6998818964,1153882.3994524702,586,586,6916736.6967803165,6916730.7967803851,5.8999999314546585,0.99997875105881417,0.9999837066712467
country,Italy,ssp585,2031-2060,primary_any_paired_year,6916736.6967803165,1730823.6998818964,1153882.3994524702,586,586,6916736.6967803165,6916730.7967803851,5.8999999314546585,0.99997740408450109,0.99998327583218272
country,Italy,ssp585,2071-2100,primary_any_paired_year,6916736.6967803165,1730823.6998818964,1153882.3994524702,586,586,6916736.6967803165,6916730.7967803851,5.8999999314546585,0.99997740408450109,0.99998339775868261
country,Kazakhstan,ssp126,2031-2060,primary_any_paired_year,158332.41976809796,141336.00044861363,141336.00044861363,159,158,158330.61976814564,158330.61976814564,1.7999999523162842,0.99998863151365369,0.99998863151365369
country,Kazakhstan,ssp126,2071-2100,primary_any_paired_year,158332.41976809796,141336.00044861363,141336.00044861363,159,158,158330.61976814564,158330.61976814564,1.7999999523162842,0.99998863151365369,0.99998863151365369
country,Kazakhstan,ssp245,2031-2060,primary_any_paired_year,158332.41976809796,141336.00044861363,141336.00044861363,159,158,158330.61976814564,158330.61976814564,1.7999999523162842,0.97488858452998373,0.99998863151365369
country,Kazakhstan,ssp245,2071-2100,primary_any_paired_year,158332.41976809796,141336.00044861363,141336.00044861363,159,158,158330.61976814564,158330.61976814564,1.7999999523162842,0.98434512340728142,0.99998863151365369
country,Kazakhstan,ssp585,2031-2060,primary_any_paired_year,158332.41976809796,141336.00044861363,141336.00044861363,159,158,158330.61976814564,158330.61976814564,1.7999999523162842,0.99998828851946453,0.99998863151365369
country,Kazakhstan,ssp585,2071-2100,primary_any_paired_year,158332.41976809796,141336.00044861363,141336.00044861363,159,158,158330.61976814564,158330.61976814564,1.7999999523162842,0.96819278135644593,0.99996851971059686
country,Latvia,ssp126,2031-2060,primary_any_paired_year,2479432.9009336978,509400.39987299591,509400.39987299591,186,186,2479432.9009336978,2479432.9009336978,0,1,1
country,Latvia,ssp126,2071-2100,primary_any_paired_year,2479432.9009336978,509400.39987299591,509400.39987299591,186,186,2479432.9009336978,2479432.9009336978,0,1,1
country,Latvia,ssp245,2031-2060,primary_any_paired_year,2479432.9009336978,509400.39987299591,509400.39987299591,186,186,2479432.9009336978,2479432.9009336978,0,1,1
country,Latvia,ssp245,2071-2100,primary_any_paired_year,2479432.9009336978,509400.39987299591,509400.39987299591,186,186,2479432.9009336978,2479432.9009336978,0,1,1
country,Latvia,ssp585,2031-2060,primary_any_paired_year,2479432.9009336978,509400.39987299591,509400.39987299591,186,186,2479432.9009336978,2479432.9009336978,0,1,1
country,Latvia,ssp585,2071-2100,primary_any_paired_year,2479432.9009336978,509400.39987299591,509400.39987299591,186,186,2479432.9009336978,2479432.9009336978,0,1,1
country,Lithuania,ssp126,2031-2060,primary_any_paired_year,4299304.0966024995,910179.29943761975,910179.29943761975,173,173,4299304.0966024995,4299304.0966024995,0,1,1
country,Lithuania,ssp126,2071-2100,primary_any_paired_year,4299304.0966024995,910179.29943761975,910179.29943761975,173,173,4299304.0966024995,4299304.0966024995,0,1,1
country,Lithuania,ssp245,2031-2060,primary_any_paired_year,4299304.0966024995,910179.29943761975,910179.29943761975,173,173,4299304.0966024995,4299304.0966024995,0,1,1
country,Lithuania,ssp245,2071-2100,primary_any_paired_year,4299304.0966024995,910179.29943761975,910179.29943761975,173,173,4299304.0966024995,4299304.0966024995,0,1,1
country,Lithuania,ssp585,2031-2060,primary_any_paired_year,4299304.0966024995,910179.29943761975,910179.29943761975,173,173,4299304.0966024995,4299304.0966024995,0,1,1
country,Lithuania,ssp585,2071-2100,primary_any_paired_year,4299304.0966024995,910179.29943761975,910179.29943761975,173,173,4299304.0966024995,4299304.0966024995,0,1,1
country,Luxembourg,ssp126,2031-2060,primary_any_paired_year,76933.30029296875,12719.900024414062,12719.900024414062,4,4,76933.30029296875,76933.30029296875,0,1,1
country,Luxembourg,ssp126,2071-2100,primary_any_paired_year,76933.30029296875,12719.900024414062,12719.900024414062,4,4,76933.30029296875,76933.30029296875,0,1,1
country,Luxembourg,ssp245,2031-2060,primary_any_paired_year,76933.30029296875,12719.900024414062,12719.900024414062,4,4,76933.30029296875,76933.30029296875,0,1,1
country,Luxembourg,ssp245,2071-2100,primary_any_paired_year,76933.30029296875,12719.900024414062,12719.900024414062,4,4,76933.30029296875,76933.30029296875,0,1,1
country,Luxembourg,ssp585,2031-2060,primary_any_paired_year,76933.30029296875,12719.900024414062,12719.900024414062,4,4,76933.30029296875,76933.30029296875,0,1,1
country,Luxembourg,ssp585,2071-2100,primary_any_paired_year,76933.30029296875,12719.900024414062,12719.900024414062,4,4,76933.30029296875,76933.30029296875,0,1,1
country,Montenegro,ssp126,2031-2060,primary_any_paired_year,2259.0999755859375,759.60000610351562,759.60000610351562,2,2,2259.0999755859375,2259.0999755859375,0,1,1
country,Montenegro,ssp126,2071-2100,primary_any_paired_year,2259.0999755859375,759.60000610351562,759.60000610351562,2,2,2259.0999755859375,2259.0999755859375,0,1,1
country,Montenegro,ssp245,2031-2060,primary_any_paired_year,2259.0999755859375,759.60000610351562,759.60000610351562,2,2,2259.0999755859375,2259.0999755859375,0,1,1
country,Montenegro,ssp245,2071-2100,primary_any_paired_year,2259.0999755859375,759.60000610351562,759.60000610351562,2,2,2259.0999755859375,2259.0999755859375,0,1,1
country,Montenegro,ssp585,2031-2060,primary_any_paired_year,2259.0999755859375,759.60000610351562,759.60000610351562,2,2,2259.0999755859375,2259.0999755859375,0,1,1
country,Montenegro,ssp585,2071-2100,primary_any_paired_year,2259.0999755859375,759.60000610351562,759.60000610351562,2,2,2259.0999755859375,2259.0999755859375,0,1,1
country,Netherlands,ssp126,2031-2060,primary_any_paired_year,1003202.3983612061,115866.50010585785,115866.50010585785,72,70,988807.09840393066,988807.09840393066,14395.299957275391,0.98565065237005911,0.98565065237005911
country,Netherlands,ssp126,2071-2100,primary_any_paired_year,1003202.3983612061,115866.50010585785,115866.50010585785,72,70,988807.09840393066,988807.09840393066,14395.299957275391,0.98565065237005911,0.98565065237005911
country,Netherlands,ssp245,2031-2060,primary_any_paired_year,1003202.3983612061,115866.50010585785,115866.50010585785,72,70,988807.09840393066,988807.09840393066,14395.299957275391,0.98565065237005911,0.98565065237005911
country,Netherlands,ssp245,2071-2100,primary_any_paired_year,1003202.3983612061,115866.50010585785,115866.50010585785,72,70,988807.09840393066,988807.09840393066,14395.299957275391,0.98565065237005911,0.98565065237005911
country,Netherlands,ssp585,2031-2060,primary_any_paired_year,1003202.3983612061,115866.50010585785,115866.50010585785,72,70,988807.09840393066,988807.09840393066,14395.299957275391,0.98565065237005911,0.98565065237005911
country,Netherlands,ssp585,2071-2100,primary_any_paired_year,1003202.3983612061,115866.50010585785,115866.50010585785,72,70,988807.09840393066,988807.09840393066,14395.299957275391,0.98565065237005911,0.98565065237005911
country,North Macedonia,ssp126,2031-2060,primary_any_paired_year,243207.6003831774,69658.600148327649,69658.600148327649,51,51,243207.6003831774,243207.6003831774,0,1,1
country,North Macedonia,ssp126,2071-2100,primary_any_paired_year,243207.6003831774,69658.600148327649,69658.600148327649,51,51,243207.6003831774,243207.6003831774,0,1,1
country,North Macedonia,ssp245,2031-2060,primary_any_paired_year,243207.6003831774,69658.600148327649,69658.600148327649,51,51,243207.6003831774,243207.6003831774,0,1,1
country,North Macedonia,ssp245,2071-2100,primary_any_paired_year,243207.6003831774,69658.600148327649,69658.600148327649,51,51,243207.6003831774,243207.6003831774,0,1,1
country,North Macedonia,ssp585,2031-2060,primary_any_paired_year,243207.6003831774,69658.600148327649,69658.600148327649,51,51,243207.6003831774,243207.6003831774,0,1,1
country,North Macedonia,ssp585,2071-2100,primary_any_paired_year,243207.6003831774,69658.600148327649,69658.600148327649,51,51,243207.6003831774,243207.6003831774,0,1,1
country,Norway,ssp126,2031-2060,primary_any_paired_year,346392.30033623427,70541.799964286387,70541.799964286387,252,252,346392.30033623427,346115.1003324762,277.20000375807285,0.99352359548311608,0.99426255531880881
country,Norway,ssp126,2071-2100,primary_any_paired_year,346392.30033623427,70541.799964286387,70541.799964286387,252,252,346392.30033623427,345721.10033342987,671.20000280439854,0.9897760526118442,0.99426255531880881
country,Norway,ssp245,2031-2060,primary_any_paired_year,346392.30033623427,70541.799964286387,70541.799964286387,252,252,346392.30033623427,346049.00033400208,343.30000223219395,0.99367724593095319,0.99474385932207132
country,Norway,ssp245,2071-2100,primary_any_paired_year,346392.30033623427,70541.799964286387,70541.799964286387,252,252,346392.30033623427,346049.00033400208,343.30000223219395,0.99389021255688537,0.99479745943550535
country,Norway,ssp585,2031-2060,primary_any_paired_year,346392.30033623427,70541.799964286387,70541.799964286387,252,252,346392.30033623427,346188.20033351332,204.10000272095203,0.99364013001592899,0.9940924495429142
country,Norway,ssp585,2071-2100,primary_any_paired_year,346392.30033623427,70541.799964286387,70541.799964286387,252,252,346392.30033623427,346241.70033351332,150.60000272095203,0.99364013001592899,0.99418525376144096
country,Poland,ssp126,2031-2060,primary_any_paired_year,11727542.902679905,2428751.2005669251,2428751.2005669251,679,679,11727542.902679905,11727542.902679905,0,1,1
country,Poland,ssp126,2071-2100,primary_any_paired_year,11727542.902679905,2428751.2005669251,2428751.2005669251,679,679,11727542.902679905,11727542.902679905,0,1,1
country,Poland,ssp245,2031-2060,primary_any_paired_year,11727542.902679905,2428751.2005669251,2428751.2005669251,679,679,11727542.902679905,11727542.902679905,0,1,1
country,Poland,ssp245,2071-2100,primary_any_paired_year,11727542.902679905,2428751.2005669251,2428751.2005669251,679,679,11727542.902679905,11727542.902679905,0,1,1
country,Poland,ssp585,2031-2060,primary_any_paired_year,11727542.902679905,2428751.2005669251,2428751.2005669251,679,679,11727542.902679905,11727542.902679905,0,1,1
country,Poland,ssp585,2071-2100,primary_any_paired_year,11727542.902679905,2428751.2005669251,2428751.2005669251,679,679,11727542.902679905,11727542.902679905,0,1,1
country,Portugal,ssp126,2031-2060,primary_any_paired_year,76670.199880599976,29110.600018978119,29110.600018978119,117,117,76670.199880599976,76670.199880599976,0,1,1
country,Portugal,ssp126,2071-2100,primary_any_paired_year,76670.199880599976,29110.600018978119,29110.600018978119,117,117,76670.199880599976,76670.199880599976,0,1,1
country,Portugal,ssp245,2031-2060,primary_any_paired_year,76670.199880599976,29110.600018978119,29110.600018978119,117,117,76670.199880599976,76670.199880599976,0,1,1
country,Portugal,ssp245,2071-2100,primary_any_paired_year,76670.199880599976,29110.600018978119,29110.600018978119,117,117,76670.199880599976,76670.199880599976,0,1,1
country,Portugal,ssp585,2031-2060,primary_any_paired_year,76670.199880599976,29110.600018978119,29110.600018978119,117,117,76670.199880599976,76670.199880599976,0,1,1
country,Portugal,ssp585,2071-2100,primary_any_paired_year,76670.199880599976,29110.600018978119,29110.600018978119,117,117,76670.199880599976,76670.199880599976,0,1,1
country,Republic of Moldova,ssp126,2031-2060,primary_any_paired_year,1094138.4012145996,331390.20010375977,331390.20010375977,82,82,1094138.4012145996,1094138.4012145996,0,1,1
country,Republic of Moldova,ssp126,2071-2100,primary_any_paired_year,1094138.4012145996,331390.20010375977,331390.20010375977,82,82,1094138.4012145996,1094138.4012145996,0,1,1
country,Republic of Moldova,ssp245,2031-2060,primary_any_paired_year,1094138.4012145996,331390.20010375977,331390.20010375977,82,82,1094138.4012145996,1094138.4012145996,0,1,1
country,Republic of Moldova,ssp245,2071-2100,primary_any_paired_year,1094138.4012145996,331390.20010375977,331390.20010375977,82,82,1094138.4012145996,1094138.4012145996,0,1,1
country,Republic of Moldova,ssp585,2031-2060,primary_any_paired_year,1094138.4012145996,331390.20010375977,331390.20010375977,82,82,1094138.4012145996,1094138.4012145996,0,1,1
country,Republic of Moldova,ssp585,2071-2100,primary_any_paired_year,1094138.4012145996,331390.20010375977,331390.20010375977,82,82,1094138.4012145996,1094138.4012145996,0,1,1
country,Romania,ssp126,2031-2060,primary_any_paired_year,9041072.4987521842,2166233.8999021426,2166233.8999021426,472,472,9041072.4987521842,9041072.4987521842,0,1,1
country,Romania,ssp126,2071-2100,primary_any_paired_year,9041072.4987521842,2166233.8999021426,2166233.8999021426,472,472,9041072.4987521842,9041072.4987521842,0,1,1
country,Romania,ssp245,2031-2060,primary_any_paired_year,9041072.4987521842,2166233.8999021426,2166233.8999021426,472,472,9041072.4987521842,9041072.4987521842,0,1,1
country,Romania,ssp245,2071-2100,primary_any_paired_year,9041072.4987521842,2166233.8999021426,2166233.8999021426,472,472,9041072.4987521842,9041072.4987521842,0,1,1
country,Romania,ssp585,2031-2060,primary_any_paired_year,9041072.4987521842,2166233.8999021426,2166233.8999021426,472,472,9041072.4987521842,9041072.4987521842,0,1,1
country,Romania,ssp585,2071-2100,primary_any_paired_year,9041072.4987521842,2166233.8999021426,2166233.8999021426,472,472,9041072.4987521842,9041072.4987521842,0,1,1
country,Russian Federation,ssp126,2031-2060,primary_any_paired_year,55585999.161188029,19703589.939004492,19703589.939004492,4048,4044,55582941.341732174,55582939.74173215,3059.4194558779277,0.99994001224468265,0.9999417737421159
country,Russian Federation,ssp126,2071-2100,primary_any_paired_year,55585999.161188029,19703589.939004492,19703589.939004492,4048,4044,55582941.341732174,55582887.74173215,3111.4194558779277,0.9999399810617704,0.9999417737421159
country,Russian Federation,ssp245,2031-2060,primary_any_paired_year,55585999.161188029,19703589.939004492,19703589.939004492,4048,4044,55582941.341732174,55582887.74173215,3111.4194558779277,0.99976341435141403,0.99994189805580802
country,Russian Federation,ssp245,2071-2100,primary_any_paired_year,55585999.161188029,19703589.939004492,19703589.939004492,4048,4044,55582941.341732174,55582887.74173215,3111.4194558779277,0.99891349391731599,0.99994189805580802
country,Russian Federation,ssp585,2031-2060,primary_any_paired_year,55585999.161188029,19703589.939004492,19703589.939004492,4048,4044,55582941.341732174,55582941.341732174,3057.8194558540858,0.99994013864935771,0.99994212644952507
country,Russian Federation,ssp585,2071-2100,primary_any_paired_year,55585999.161188029,19703589.939004492,19703589.939004492,4048,4044,55582941.341732174,55582941.341732174,3057.8194558540858,0.99921468148351289,0.99993283552299272
country,Serbia,ssp126,2031-2060,primary_any_paired_year,2950150.4031697512,585785.90012977272,527180.40006873757,166,166,2950150.4031697512,2950150.4031697512,0,1,1
country,Serbia,ssp126,2071-2100,primary_any_paired_year,2950150.4031697512,585785.90012977272,527180.40006873757,166,166,2950150.4031697512,2950150.4031697512,0,1,1
country,Serbia,ssp245,2031-2060,primary_any_paired_year,2950150.4031697512,585785.90012977272,527180.40006873757,166,166,2950150.4031697512,2950150.4031697512,0,1,1
country,Serbia,ssp245,2071-2100,primary_any_paired_year,2950150.4031697512,585785.90012977272,527180.40006873757,166,166,2950150.4031697512,2950150.4031697512,0,1,1
country,Serbia,ssp585,2031-2060,primary_any_paired_year,2950150.4031697512,585785.90012977272,527180.40006873757,166,166,2950150.4031697512,2950150.4031697512,0,1,1
country,Serbia,ssp585,2071-2100,primary_any_paired_year,2950150.4031697512,585785.90012977272,527180.40006873757,166,166,2950150.4031697512,2950150.4031697512,0,1,1
country,Slovakia,ssp126,2031-2060,primary_any_paired_year,2024898.6029567719,383622.99997655302,383622.99997655302,116,116,2024898.6029567719,2024898.6029567719,0,1,1
country,Slovakia,ssp126,2071-2100,primary_any_paired_year,2024898.6029567719,383622.99997655302,383622.99997655302,116,116,2024898.6029567719,2024898.6029567719,0,1,1
country,Slovakia,ssp245,2031-2060,primary_any_paired_year,2024898.6029567719,383622.99997655302,383622.99997655302,116,116,2024898.6029567719,2024898.6029567719,0,1,1
country,Slovakia,ssp245,2071-2100,primary_any_paired_year,2024898.6029567719,383622.99997655302,383622.99997655302,116,116,2024898.6029567719,2024898.6029567719,0,1,1
country,Slovakia,ssp585,2031-2060,primary_any_paired_year,2024898.6029567719,383622.99997655302,383622.99997655302,116,116,2024898.6029567719,2024898.6029567719,0,1,1
country,Slovakia,ssp585,2071-2100,primary_any_paired_year,2024898.6029567719,383622.99997655302,383622.99997655302,116,116,2024898.6029567719,2024898.6029567719,0,1,1
country,Slovenia,ssp126,2031-2060,primary_any_paired_year,150812.7004905045,26935.800029948354,26935.800029948354,50,50,150812.7004905045,150812.7004905045,0,1,1
country,Slovenia,ssp126,2071-2100,primary_any_paired_year,150812.7004905045,26935.800029948354,26935.800029948354,50,50,150812.7004905045,150812.7004905045,0,1,1
country,Slovenia,ssp245,2031-2060,primary_any_paired_year,150812.7004905045,26935.800029948354,26935.800029948354,50,50,150812.7004905045,150812.7004905045,0,1,1
country,Slovenia,ssp245,2071-2100,primary_any_paired_year,150812.7004905045,26935.800029948354,26935.800029948354,50,50,150812.7004905045,150812.7004905045,0,1,1
country,Slovenia,ssp585,2031-2060,primary_any_paired_year,150812.7004905045,26935.800029948354,26935.800029948354,50,50,150812.7004905045,150812.7004905045,0,1,1
country,Slovenia,ssp585,2071-2100,primary_any_paired_year,150812.7004905045,26935.800029948354,26935.800029948354,50,50,150812.7004905045,150812.7004905045,0,1,1
country,Spain,ssp126,2031-2060,primary_any_paired_year,7570306.5045158044,1984749.5994665325,1984749.5994665325,924,924,7570306.5045158044,7570306.5045158044,0,1,1
country,Spain,ssp126,2071-2100,primary_any_paired_year,7570306.5045158044,1984749.5994665325,1984749.5994665325,924,924,7570306.5045158044,7570306.5045158044,0,1,1
country,Spain,ssp245,2031-2060,primary_any_paired_year,7570306.5045158044,1984749.5994665325,1984749.5994665325,924,924,7570306.5045158044,7570306.5045158044,0,1,1
country,Spain,ssp245,2071-2100,primary_any_paired_year,7570306.5045158044,1984749.5994665325,1984749.5994665325,924,924,7570306.5045158044,7570306.5045158044,0,1,1
country,Spain,ssp585,2031-2060,primary_any_paired_year,7570306.5045158044,1984749.5994665325,1984749.5994665325,924,924,7570306.5045158044,7570306.5045158044,0,1,1
country,Spain,ssp585,2071-2100,primary_any_paired_year,7570306.5045158044,1984749.5994665325,1984749.5994665325,924,924,7570306.5045158044,7570306.5045158044,0,0.99992911691690167,1
country,Sweden,ssp126,2031-2060,primary_any_paired_year,3239616.3032408953,465928.39995798469,465928.39995798469,753,753,3239616.3032408953,3239616.3032408953,0,0.99753597054137333,0.99991634194429635
country,Sweden,ssp126,2071-2100,primary_any_paired_year,3239616.3032408953,465928.39995798469,465928.39995798469,753,753,3239616.3032408953,3239616.3032408953,0,0.99747416486814433,0.99992548088675526
country,Sweden,ssp245,2031-2060,primary_any_paired_year,3239616.3032408953,465928.39995798469,465928.39995798469,753,753,3239616.3032408953,3239616.3032408953,0,0.9976003300148627,0.9999477633607724
country,Sweden,ssp245,2071-2100,primary_any_paired_year,3239616.3032408953,465928.39995798469,465928.39995798469,753,753,3239616.3032408953,3239616.3032408953,0,0.9976003300148627,0.99995026777258367
country,Sweden,ssp585,2031-2060,primary_any_paired_year,3239616.3032408953,465928.39995798469,465928.39995798469,753,753,3239616.3032408953,3239616.3032408953,0,0.99755459929031309,0.99991185993216558
country,Sweden,ssp585,2071-2100,primary_any_paired_year,3239616.3032408953,465928.39995798469,465928.39995798469,753,753,3239616.3032408953,3239616.3032408953,0,0.99755459929031309,0.99991185993216558
country,Switzerland,ssp126,2031-2060,primary_any_paired_year,475793.39759254456,83354.800359964371,83354.800359964371,32,32,475793.39759254456,466821.29753160477,8972.1000609397888,0.9716078868446586,0.97233177945884719
country,Switzerland,ssp126,2071-2100,primary_any_paired_year,475793.39759254456,83354.800359964371,83354.800359964371,32,32,475793.39759254456,466821.29753160477,8972.1000609397888,0.9708435004684427,0.97233177945884719
country,Switzerland,ssp245,2031-2060,primary_any_paired_year,475793.39759254456,83354.800359964371,83354.800359964371,32,32,475793.39759254456,466821.29753160477,8972.1000609397888,0.97139654861623381,0.97204973827798691
country,Switzerland,ssp245,2071-2100,primary_any_paired_year,475793.39759254456,83354.800359964371,83354.800359964371,32,32,475793.39759254456,466821.29753160477,8972.1000609397888,0.97139654861623381,0.97204973827798691
country,Switzerland,ssp585,2031-2060,primary_any_paired_year,475793.39759254456,83354.800359964371,83354.800359964371,32,32,475793.39759254456,466821.29753160477,8972.1000609397888,0.9719790353255513,0.97269924287290621
country,Switzerland,ssp585,2071-2100,primary_any_paired_year,475793.39759254456,83354.800359964371,83354.800359964371,32,32,475793.39759254456,466821.29753160477,8972.1000609397888,0.9719790353255513,0.97269924287290621
country,Turkey,ssp126,2031-2060,primary_any_paired_year,1296737.6057310016,354787.37815959292,354787.37815959292,56,56,1296737.6057310016,1296737.6057310016,0,1,1
country,Turkey,ssp126,2071-2100,primary_any_paired_year,1296737.6057310016,354787.37815959292,354787.37815959292,56,56,1296737.6057310016,1296737.6057310016,0,1,1
country,Turkey,ssp245,2031-2060,primary_any_paired_year,1296737.6057310016,354787.37815959292,354787.37815959292,56,56,1296737.6057310016,1296737.6057310016,0,1,1
country,Turkey,ssp245,2071-2100,primary_any_paired_year,1296737.6057310016,354787.37815959292,354787.37815959292,56,56,1296737.6057310016,1296737.6057310016,0,1,1
country,Turkey,ssp585,2031-2060,primary_any_paired_year,1296737.6057310016,354787.37815959292,354787.37815959292,56,56,1296737.6057310016,1296737.6057310016,0,1,1
country,Turkey,ssp585,2071-2100,primary_any_paired_year,1296737.6057310016,354787.37815959292,354787.37815959292,56,56,1296737.6057310016,1296737.6057310016,0,1,1
country,Ukraine,ssp126,2031-2060,primary_any_paired_year,28488641.210894808,6829732.900716804,6829732.900716804,1292,1291,28486543.410891756,28486543.410891756,2097.8000030517578,0.99992636363428067,0.99992636363428067
country,Ukraine,ssp126,2071-2100,primary_any_paired_year,28488641.210894808,6829732.900716804,6829732.900716804,1292,1291,28486543.410891756,28486543.410891756,2097.8000030517578,0.99992636363428067,0.99992636363428067
country,Ukraine,ssp245,2031-2060,primary_any_paired_year,28488641.210894808,6829732.900716804,6829732.900716804,1292,1291,28486543.410891756,28486543.410891756,2097.8000030517578,0.99992636363428067,0.99992636363428067
country,Ukraine,ssp245,2071-2100,primary_any_paired_year,28488641.210894808,6829732.900716804,6829732.900716804,1292,1291,28486543.410891756,28486543.410891756,2097.8000030517578,0.99992636363428067,0.99992636363428067
country,Ukraine,ssp585,2031-2060,primary_any_paired_year,28488641.210894808,6829732.900716804,6829732.900716804,1292,1291,28486543.410891756,28486543.410891756,2097.8000030517578,0.99992636363428067,0.99992636363428067
country,Ukraine,ssp585,2071-2100,primary_any_paired_year,28488641.210894808,6829732.900716804,6829732.900716804,1292,1291,28486543.410891756,28486543.410891756,2097.8000030517578,0.99992636363428067,0.99992636363428067
country,United Kingdom of Great Britain and Northern Ireland,ssp126,2031-2060,primary_any_paired_year,13368817.585657429,1674201.4569344972,1674201.4569344972,483,483,13368817.585657429,13368817.585657429,0,1,1
country,United Kingdom of Great Britain and Northern Ireland,ssp126,2071-2100,primary_any_paired_year,13368817.585657429,1674201.4569344972,1674201.4569344972,483,483,13368817.585657429,13368817.585657429,0,1,1
country,United Kingdom of Great Britain and Northern Ireland,ssp245,2031-2060,primary_any_paired_year,13368817.585657429,1674201.4569344972,1674201.4569344972,483,483,13368817.585657429,13368817.585657429,0,1,1
country,United Kingdom of Great Britain and Northern Ireland,ssp245,2071-2100,primary_any_paired_year,13368817.585657429,1674201.4569344972,1674201.4569344972,483,483,13368817.585657429,13368817.585657429,0,1,1
country,United Kingdom of Great Britain and Northern Ireland,ssp585,2031-2060,primary_any_paired_year,13368817.585657429,1674201.4569344972,1674201.4569344972,483,483,13368817.585657429,13368817.585657429,0,1,1
country,United Kingdom of Great Britain and Northern Ireland,ssp585,2071-2100,primary_any_paired_year,13368817.585657429,1674201.4569344972,1674201.4569344972,483,483,13368817.585657429,13368817.585657429,0,1,1
environment_region,Alpine,ssp126,2031-2060,primary_any_paired_year,4414982.9699338274,995879.26810799411,988215.46809507778,828,828,4414982.9699338274,4401516.769881119,13466.200052708387,0.99324667104130293,0.9937390711219769
environment_region,Alpine,ssp126,2071-2100,primary_any_paired_year,4414982.9699338274,995879.26810799411,988215.46809507778,828,828,4414982.9699338274,4400846.6698645251,14136.30006930232,0.99323633588900717,0.99333757229491704
environment_region,Alpine,ssp245,2031-2060,primary_any_paired_year,4414982.9699338274,995879.26810799411,988215.46809507778,828,828,4414982.9699338274,4401505.2698801653,13477.700053662062,0.99341435083581431,0.99401599943833674
environment_region,Alpine,ssp245,2071-2100,primary_any_paired_year,4414982.9699338274,995879.26810799411,988215.46809507778,828,828,4414982.9699338274,4401505.2698801653,13477.700053662062,0.99341435083581431,0.99403105498908384
environment_region,Alpine,ssp585,2031-2060,primary_any_paired_year,4414982.9699338274,995879.26810799411,988215.46809507778,828,828,4414982.9699338274,4401558.8698801892,13424.10005363822,0.99337358375072538,0.99396562019412393
environment_region,Alpine,ssp585,2071-2100,primary_any_paired_year,4414982.9699338274,995879.26810799411,988215.46809507778,828,828,4414982.9699338274,4401558.8698801892,13424.10005363822,0.99337358752574945,0.99398211601237485
environment_region,Atlantic,ssp126,2031-2060,primary_any_paired_year,44580512.873920038,5964182.5788768921,5964182.5788768921,1457,1455,44566117.573962763,44566035.173962668,14477.699957370758,0.99965840291429242,0.99966082833872583
environment_region,Atlantic,ssp126,2071-2100,primary_any_paired_year,44580512.873920038,5964182.5788768921,5964182.5788768921,1457,1455,44566117.573962763,44565969.073964193,14543.799955844879,0.99964471913294717,0.99966082833872583
environment_region,Atlantic,ssp245,2031-2060,primary_any_paired_year,44580512.873920038,5964182.5788768921,5964182.5788768921,1457,1455,44566117.573962763,44565969.073964193,14543.799955844879,0.99965900736373592,0.99966294720171689
environment_region,Atlantic,ssp245,2071-2100,primary_any_paired_year,44580512.873920038,5964182.5788768921,5964182.5788768921,1457,1455,44566117.573962763,44565969.073964193,14543.799955844879,0.99965900736373592,0.99966294720171689
environment_region,Atlantic,ssp585,2031-2060,primary_any_paired_year,44580512.873920038,5964182.5788768921,5964182.5788768921,1457,1455,44566117.573962763,44566035.173962668,14477.699957370758,0.99965873265477356,0.99966006507551242
environment_region,Atlantic,ssp585,2071-2100,primary_any_paired_year,44580512.873920038,5964182.5788768921,5964182.5788768921,1457,1455,44566117.573962763,44566088.673962668,14424.199957370758,0.99965873265477356,0.99966025484452481
environment_region,Black Sea,ssp126,2031-2060,primary_any_paired_year,503175.50532423193,118715.90368723862,118715.90368723862,24,24,503175.50532423193,503175.50532423193,0,1,1
environment_region,Black Sea,ssp126,2071-2100,primary_any_paired_year,503175.50532423193,118715.90368723862,118715.90368723862,24,24,503175.50532423193,503175.50532423193,0,1,1
environment_region,Black Sea,ssp245,2031-2060,primary_any_paired_year,503175.50532423193,118715.90368723862,118715.90368723862,24,24,503175.50532423193,503175.50532423193,0,1,1
environment_region,Black Sea,ssp245,2071-2100,primary_any_paired_year,503175.50532423193,118715.90368723862,118715.90368723862,24,24,503175.50532423193,503175.50532423193,0,1,1
environment_region,Black Sea,ssp585,2031-2060,primary_any_paired_year,503175.50532423193,118715.90368723862,118715.90368723862,24,24,503175.50532423193,503175.50532423193,0,1,1
environment_region,Black Sea,ssp585,2071-2100,primary_any_paired_year,503175.50532423193,118715.90368723862,118715.90368723862,24,24,503175.50532423193,503175.50532423193,0,1,1
environment_region,Boreal,ssp126,2031-2060,primary_any_paired_year,14651971.922177825,3317002.818681987,3317002.818681987,2914,2914,14651971.922177825,14651899.522176776,72.400001049041748,0.99793571029942096,0.99991239727617642
environment_region,Boreal,ssp126,2071-2100,primary_any_paired_year,14651971.922177825,3317002.818681987,3317002.818681987,2914,2914,14651971.922177825,14651897.722176779,74.200001046061516,0.99790011349803731,0.9999176823441106
environment_region,Boreal,ssp245,2031-2060,primary_any_paired_year,14651971.922177825,3317002.818681987,3317002.818681987,2914,2914,14651971.922177825,14651899.522176776,72.400001049041748,0.99811957588059164,0.99993934311385413
environment_region,Boreal,ssp245,2071-2100,primary_any_paired_year,14651971.922177825,3317002.818681987,3317002.818681987,2914,2914,14651971.922177825,14651899.522176776,72.400001049041748,0.99812096386215687,0.99994297675445187
environment_region,Boreal,ssp585,2031-2060,primary_any_paired_year,14651971.922177825,3317002.818681987,3317002.818681987,2914,2914,14651971.922177825,14651971.922177825,0,0.99798385399010103,0.99991196823353345
environment_region,Boreal,ssp585,2071-2100,primary_any_paired_year,14651971.922177825,3317002.818681987,3317002.818681987,2914,2914,14651971.922177825,14651971.922177825,0,0.99798385399010103,0.99991315646951462
environment_region,Continental,ssp126,2031-2060,primary_any_paired_year,106617234.69846927,23097113.578839809,22883676.776990928,5057,5057,106617234.69846927,106617234.69846927,0,1,1
environment_region,Continental,ssp126,2071-2100,primary_any_paired_year,106617234.69846927,23097113.578839809,22883676.776990928,5057,5057,106617234.69846927,106617234.69846927,0,1,1
environment_region,Continental,ssp245,2031-2060,primary_any_paired_year,106617234.69846927,23097113.578839809,22883676.776990928,5057,5057,106617234.69846927,106617234.69846927,0,0.99999084347529887,1
environment_region,Continental,ssp245,2071-2100,primary_any_paired_year,106617234.69846927,23097113.578839809,22883676.776990928,5057,5057,106617234.69846927,106617234.69846927,0,0.99999708996388781,1
environment_region,Continental,ssp585,2031-2060,primary_any_paired_year,106617234.69846927,23097113.578839809,22883676.776990928,5057,5057,106617234.69846927,106617234.69846927,0,1,1
environment_region,Continental,ssp585,2071-2100,primary_any_paired_year,106617234.69846927,23097113.578839809,22883676.776990928,5057,5057,106617234.69846927,106617234.69846927,0,0.99993439878613688,1
environment_region,Mediterranean,ssp126,2031-2060,primary_any_paired_year,13310770.258850317,3663288.9430908519,3318606.0444627139,1535,1535,13310770.258850317,13310770.258850317,0,1,1
environment_region,Mediterranean,ssp126,2071-2100,primary_any_paired_year,13310770.258850317,3663288.9430908519,3318606.0444627139,1535,1535,13310770.258850317,13310770.258850317,0,1,1
environment_region,Mediterranean,ssp245,2031-2060,primary_any_paired_year,13310770.258850317,3663288.9430908519,3318606.0444627139,1535,1535,13310770.258850317,13310770.258850317,0,1,1
environment_region,Mediterranean,ssp245,2071-2100,primary_any_paired_year,13310770.258850317,3663288.9430908519,3318606.0444627139,1535,1535,13310770.258850317,13310770.258850317,0,1,1
environment_region,Mediterranean,ssp585,2031-2060,primary_any_paired_year,13310770.258850317,3663288.9430908519,3318606.0444627139,1535,1535,13310770.258850317,13310770.258850317,0,1,1
environment_region,Mediterranean,ssp585,2071-2100,primary_any_paired_year,13310770.258850317,3663288.9430908519,3318606.0444627139,1535,1535,13310770.258850317,13310770.258850317,0,0.99995968628001208,1
environment_region,Outside EEA regions,ssp126,2031-2060,primary_any_paired_year,223302.75905752784,84571.306582505189,84571.306582505189,76,76,223302.75905752784,223302.75905752784,0,1,1
environment_region,Outside EEA regions,ssp126,2071-2100,primary_any_paired_year,223302.75905752784,84571.306582505189,84571.306582505189,76,76,223302.75905752784,223302.75905752784,0,1,1
environment_region,Outside EEA regions,ssp245,2031-2060,primary_any_paired_year,223302.75905752784,84571.306582505189,84571.306582505189,76,76,223302.75905752784,223302.75905752784,0,0.99937309232363358,1
environment_region,Outside EEA regions,ssp245,2071-2100,primary_any_paired_year,223302.75905752784,84571.306582505189,84571.306582505189,76,76,223302.75905752784,223302.75905752784,0,0.99937309232363358,1
environment_region,Outside EEA regions,ssp585,2031-2060,primary_any_paired_year,223302.75905752784,84571.306582505189,84571.306582505189,76,76,223302.75905752784,223302.75905752784,0,0.99999975680058695,1
environment_region,Outside EEA regions,ssp585,2071-2100,primary_any_paired_year,223302.75905752784,84571.306582505189,84571.306582505189,76,76,223302.75905752784,223302.75905752784,0,0.99896124616289983,0.9999800901613991
environment_region,Pannonian,ssp126,2031-2060,primary_any_paired_year,9021868.9015709311,1765576.9011852592,1709272.1011364311,285,285,9021868.9015709311,9021868.9015709311,0,1,1
environment_region,Pannonian,ssp126,2071-2100,primary_any_paired_year,9021868.9015709311,1765576.9011852592,1709272.1011364311,285,285,9021868.9015709311,9021868.9015709311,0,1,1
environment_region,Pannonian,ssp245,2031-2060,primary_any_paired_year,9021868.9015709311,1765576.9011852592,1709272.1011364311,285,285,9021868.9015709311,9021868.9015709311,0,1,1
environment_region,Pannonian,ssp245,2071-2100,primary_any_paired_year,9021868.9015709311,1765576.9011852592,1709272.1011364311,285,285,9021868.9015709311,9021868.9015709311,0,1,1
environment_region,Pannonian,ssp585,2031-2060,primary_any_paired_year,9021868.9015709311,1765576.9011852592,1709272.1011364311,285,285,9021868.9015709311,9021868.9015709311,0,1,1
environment_region,Pannonian,ssp585,2071-2100,primary_any_paired_year,9021868.9015709311,1765576.9011852592,1709272.1011364311,285,285,9021868.9015709311,9021868.9015709311,0,1,1
environment_region,Steppic,ssp126,2031-2060,primary_any_paired_year,45940337.302547283,14932227.180374689,14932227.180374689,2108,2105,45937357.070687599,45937357.070687599,2980.2318596852574,0.9999351282111828,0.9999351282111828
environment_region,Steppic,ssp126,2071-2100,primary_any_paired_year,45940337.302547283,14932227.180374689,14932227.180374689,2108,2105,45937357.070687599,45937357.070687599,2980.2318596852574,0.9999351282111828,0.9999351282111828
environment_region,Steppic,ssp245,2031-2060,primary_any_paired_year,45940337.302547283,14932227.180374689,14932227.180374689,2108,2105,45937357.070687599,45937357.070687599,2980.2318596852574,0.99963561391834421,0.9999351282111828
environment_region,Steppic,ssp245,2071-2100,primary_any_paired_year,45940337.302547283,14932227.180374689,14932227.180374689,2108,2105,45937357.070687599,45937357.070687599,2980.2318596852574,0.99864875714509904,0.9999351282111828
environment_region,Steppic,ssp585,2031-2060,primary_any_paired_year,45940337.302547283,14932227.180374689,14932227.180374689,2108,2105,45937357.070687599,45937357.070687599,2980.2318596852574,0.9999351282111828,0.9999351282111828
environment_region,Steppic,ssp585,2071-2100,primary_any_paired_year,45940337.302547283,14932227.180374689,14932227.180374689,2108,2105,45937357.070687599,45937357.070687599,2980.2318596852574,0.99910865646640989,0.9999263191769372
environment_region,Unassigned,ssp126,2031-2060,primary_any_paired_year,2580697.3698629681,466442.64319859835,452984.14324690046,657,653,2578513.982263986,2578513.2822639979,2184.0875989702467,0.99894999921497518,0.99904170052654562
environment_region,Unassigned,ssp126,2071-2100,primary_any_paired_year,2580697.3698629681,466442.64319859835,452984.14324690046,657,653,2578513.982263986,2578404.3822662868,2292.9875966814284,0.99891437835198849,0.99904673534135902
environment_region,Unassigned,ssp245,2031-2060,primary_any_paired_year,2580697.3698629681,466442.64319859835,452984.14324690046,657,653,2578513.982263986,2578513.2822639979,2184.0875989702467,0.99895379147162733,0.99904561419747828
environment_region,Unassigned,ssp245,2071-2100,primary_any_paired_year,2580697.3698629681,466442.64319859835,452984.14324690046,657,653,2578513.982263986,2578513.2822639979,2184.0875989702467,0.99896040208781056,0.99905980157711283
environment_region,Unassigned,ssp585,2031-2060,primary_any_paired_year,2580697.3698629681,466442.64319859835,452984.14324690046,657,653,2578513.982263986,2578513.982263986,2183.3875989821677,0.99892504730287934,0.99904858755375403
environment_region,Unassigned,ssp585,2071-2100,primary_any_paired_year,2580697.3698629681,466442.64319859835,452984.14324690046,657,653,2578513.982263986,2578513.982263986,2183.3875989821677,0.99892504730287934,0.99905049143189351
Europe,Europe,ssp126,2031-2060,robust_all3_ge27,241844854.56171423,54405001.122625828,53769454.322135366,14941,14932,241825295.64229828,241748206.40631306,96648.155401180789,0.99948805973204002,0.99959762663097218
Europe,Europe,ssp126,2071-2100,robust_all3_ge27,241844854.56171423,54405001.122625828,53769454.322135366,14941,14932,241825295.64229828,241746947.00631946,97907.555394764349,0.99948313590047777,0.99959243771211281
Europe,Europe,ssp245,2031-2060,robust_all3_ge27,241844854.56171423,54405001.122625828,53769454.322135366,14941,14932,241825295.64229828,241746150.40630117,98704.155413064465,0.99948880496177961,0.99955929242345232
Europe,Europe,ssp245,2071-2100,robust_all3_ge27,241844854.56171423,54405001.122625828,53769454.322135366,14941,14932,241825295.64229828,241746150.40630117,98704.155413064465,0.99924662748006954,0.99957149131889655
Europe,Europe,ssp585,2031-2060,robust_all3_ge27,241844854.56171423,54405001.122625828,53769454.322135366,14941,14932,241825295.64229828,241745974.80630016,98879.755414056883,0.99948278777090216,0.99958917896942168
Europe,Europe,ssp585,2071-2100,robust_all3_ge27,241844854.56171423,54405001.122625828,53769454.322135366,14941,14932,241825295.64229828,241745974.80630016,98879.755414056883,0.99933569649969867,0.99952340992619004
country,Albania,ssp126,2031-2060,robust_all3_ge27,230606.19940185547,55262.999755859375,55262.999755859375,42,42,230606.19940185547,230606.19940185547,0,1,1
country,Albania,ssp126,2071-2100,robust_all3_ge27,230606.19940185547,55262.999755859375,55262.999755859375,42,42,230606.19940185547,230606.19940185547,0,1,1
country,Albania,ssp245,2031-2060,robust_all3_ge27,230606.19940185547,55262.999755859375,55262.999755859375,42,42,230606.19940185547,230606.19940185547,0,1,1
country,Albania,ssp245,2071-2100,robust_all3_ge27,230606.19940185547,55262.999755859375,55262.999755859375,42,42,230606.19940185547,230606.19940185547,0,1,1
country,Albania,ssp585,2031-2060,robust_all3_ge27,230606.19940185547,55262.999755859375,55262.999755859375,42,42,230606.19940185547,230606.19940185547,0,1,1
country,Albania,ssp585,2071-2100,robust_all3_ge27,230606.19940185547,55262.999755859375,55262.999755859375,42,42,230606.19940185547,230606.19940185547,0,1,1
country,Austria,ssp126,2031-2060,robust_all3_ge27,1599071.5991620943,279073.20015899092,279073.20015899092,174,174,1599071.5991620943,1577053.2989448458,22018.300217248499,0.9854382170496776,0.98602640209391246
country,Austria,ssp126,2071-2100,robust_all3_ge27,1599071.5991620943,279073.20015899092,279073.20015899092,174,174,1599071.5991620943,1577053.2989448458,22018.300217248499,0.9854382170496776,0.98602640209391246
country,Austria,ssp245,2031-2060,robust_all3_ge27,1599071.5991620943,279073.20015899092,279073.20015899092,174,174,1599071.5991620943,1577262.8989480883,21808.700214006007,0.98589670392009376,0.98628181905064138
country,Austria,ssp245,2071-2100,robust_all3_ge27,1599071.5991620943,279073.20015899092,279073.20015899092,174,174,1599071.5991620943,1577262.8989480883,21808.700214006007,0.98589670392009376,0.98628181905064138
country,Austria,ssp585,2031-2060,robust_all3_ge27,1599071.5991620943,279073.20015899092,279073.20015899092,174,174,1599071.5991620943,1577262.8989480883,21808.700214006007,0.98589670392009376,0.98617276410534649
country,Austria,ssp585,2071-2100,robust_all3_ge27,1599071.5991620943,279073.20015899092,279073.20015899092,174,174,1599071.5991620943,1577262.8989480883,21808.700214006007,0.98589670392009376,0.98617276410534649
country,Azerbaijan,ssp126,2031-2060,robust_all3_ge27,198494.86632739365,70246.604604295542,70246.604604295542,18,18,198494.86632739365,198494.86632739365,0,1,1
country,Azerbaijan,ssp126,2071-2100,robust_all3_ge27,198494.86632739365,70246.604604295542,70246.604604295542,18,18,198494.86632739365,198494.86632739365,0,1,1
country,Azerbaijan,ssp245,2031-2060,robust_all3_ge27,198494.86632739365,70246.604604295542,70246.604604295542,18,18,198494.86632739365,198494.86632739365,0,1,1
country,Azerbaijan,ssp245,2071-2100,robust_all3_ge27,198494.86632739365,70246.604604295542,70246.604604295542,18,18,198494.86632739365,198494.86632739365,0,1,1
country,Azerbaijan,ssp585,2031-2060,robust_all3_ge27,198494.86632739365,70246.604604295542,70246.604604295542,18,18,198494.86632739365,198494.86632739365,0,1,1
country,Azerbaijan,ssp585,2071-2100,robust_all3_ge27,198494.86632739365,70246.604604295542,70246.604604295542,18,18,198494.86632739365,198494.86632739365,0,1,1
country,Belarus,ssp126,2031-2060,robust_all3_ge27,2532680.4978111535,714279.99987722933,714279.99987722933,506,506,2532680.4978111535,2532680.4978111535,0,1,1
country,Belarus,ssp126,2071-2100,robust_all3_ge27,2532680.4978111535,714279.99987722933,714279.99987722933,506,506,2532680.4978111535,2532680.4978111535,0,1,1
country,Belarus,ssp245,2031-2060,robust_all3_ge27,2532680.4978111535,714279.99987722933,714279.99987722933,506,506,2532680.4978111535,2532680.4978111535,0,1,1
country,Belarus,ssp245,2071-2100,robust_all3_ge27,2532680.4978111535,714279.99987722933,714279.99987722933,506,506,2532680.4978111535,2532680.4978111535,0,1,1
country,Belarus,ssp585,2031-2060,robust_all3_ge27,2532680.4978111535,714279.99987722933,714279.99987722933,506,506,2532680.4978111535,2532680.4978111535,0,1,1
country,Belarus,ssp585,2071-2100,robust_all3_ge27,2532680.4978111535,714279.99987722933,714279.99987722933,506,506,2532680.4978111535,2532680.4978111535,0,1,1
country,Belgium,ssp126,2031-2060,robust_all3_ge27,1757679.8991088867,202533.30075073242,202533.30075073242,64,64,1757679.8991088867,1757679.8991088867,0,1,1
country,Belgium,ssp126,2071-2100,robust_all3_ge27,1757679.8991088867,202533.30075073242,202533.30075073242,64,64,1757679.8991088867,1757679.8991088867,0,1,1
country,Belgium,ssp245,2031-2060,robust_all3_ge27,1757679.8991088867,202533.30075073242,202533.30075073242,64,64,1757679.8991088867,1757679.8991088867,0,1,1
country,Belgium,ssp245,2071-2100,robust_all3_ge27,1757679.8991088867,202533.30075073242,202533.30075073242,64,64,1757679.8991088867,1757679.8991088867,0,1,1
country,Belgium,ssp585,2031-2060,robust_all3_ge27,1757679.8991088867,202533.30075073242,202533.30075073242,64,64,1757679.8991088867,1757679.8991088867,0,1,1
country,Belgium,ssp585,2071-2100,robust_all3_ge27,1757679.8991088867,202533.30075073242,202533.30075073242,64,64,1757679.8991088867,1757679.8991088867,0,1,1
country,Bosnia and Herzegovina,ssp126,2031-2060,robust_all3_ge27,300318.10028076172,68176.299964904785,68176.299964904785,60,60,300318.10028076172,300318.10028076172,0,1,1
country,Bosnia and Herzegovina,ssp126,2071-2100,robust_all3_ge27,300318.10028076172,68176.299964904785,68176.299964904785,60,60,300318.10028076172,300318.10028076172,0,1,1
country,Bosnia and Herzegovina,ssp245,2031-2060,robust_all3_ge27,300318.10028076172,68176.299964904785,68176.299964904785,60,60,300318.10028076172,300318.10028076172,0,1,1
country,Bosnia and Herzegovina,ssp245,2071-2100,robust_all3_ge27,300318.10028076172,68176.299964904785,68176.299964904785,60,60,300318.10028076172,300318.10028076172,0,1,1
country,Bosnia and Herzegovina,ssp585,2031-2060,robust_all3_ge27,300318.10028076172,68176.299964904785,68176.299964904785,60,60,300318.10028076172,300318.10028076172,0,1,1
country,Bosnia and Herzegovina,ssp585,2071-2100,robust_all3_ge27,300318.10028076172,68176.299964904785,68176.299964904785,60,60,300318.10028076172,300318.10028076172,0,1,1
country,Bulgaria,ssp126,2031-2060,robust_all3_ge27,6170185.7108430862,1201683.1011776328,1201683.1011776328,223,223,6170185.7108430862,6170185.7108430862,0,1,1
country,Bulgaria,ssp126,2071-2100,robust_all3_ge27,6170185.7108430862,1201683.1011776328,1201683.1011776328,223,223,6170185.7108430862,6170185.7108430862,0,1,1
country,Bulgaria,ssp245,2031-2060,robust_all3_ge27,6170185.7108430862,1201683.1011776328,1201683.1011776328,223,223,6170185.7108430862,6170185.7108430862,0,1,1
country,Bulgaria,ssp245,2071-2100,robust_all3_ge27,6170185.7108430862,1201683.1011776328,1201683.1011776328,223,223,6170185.7108430862,6170185.7108430862,0,1,1
country,Bulgaria,ssp585,2031-2060,robust_all3_ge27,6170185.7108430862,1201683.1011776328,1201683.1011776328,223,223,6170185.7108430862,6170185.7108430862,0,1,1
country,Bulgaria,ssp585,2071-2100,robust_all3_ge27,6170185.7108430862,1201683.1011776328,1201683.1011776328,223,223,6170185.7108430862,6170185.7108430862,0,1,1
country,Croatia,ssp126,2031-2060,robust_all3_ge27,885910.00044895709,146127.19993783534,146127.19993783534,140,140,885910.00044895709,885910.00044895709,0,1,1
country,Croatia,ssp126,2071-2100,robust_all3_ge27,885910.00044895709,146127.19993783534,146127.19993783534,140,140,885910.00044895709,885910.00044895709,0,1,1
country,Croatia,ssp245,2031-2060,robust_all3_ge27,885910.00044895709,146127.19993783534,146127.19993783534,140,140,885910.00044895709,885910.00044895709,0,1,1
country,Croatia,ssp245,2071-2100,robust_all3_ge27,885910.00044895709,146127.19993783534,146127.19993783534,140,140,885910.00044895709,885910.00044895709,0,1,1
country,Croatia,ssp585,2031-2060,robust_all3_ge27,885910.00044895709,146127.19993783534,146127.19993783534,140,140,885910.00044895709,885910.00044895709,0,1,1
country,Croatia,ssp585,2071-2100,robust_all3_ge27,885910.00044895709,146127.19993783534,146127.19993783534,140,140,885910.00044895709,885910.00044895709,0,1,1
country,Czechia,ssp126,2031-2060,robust_all3_ge27,4891832.3990064859,807601.70033589005,807601.70033589005,186,186,4891832.3990064859,4891832.3990064859,0,1,1
country,Czechia,ssp126,2071-2100,robust_all3_ge27,4891832.3990064859,807601.70033589005,807601.70033589005,186,186,4891832.3990064859,4891832.3990064859,0,1,1
country,Czechia,ssp245,2031-2060,robust_all3_ge27,4891832.3990064859,807601.70033589005,807601.70033589005,186,186,4891832.3990064859,4891832.3990064859,0,1,1
country,Czechia,ssp245,2071-2100,robust_all3_ge27,4891832.3990064859,807601.70033589005,807601.70033589005,186,186,4891832.3990064859,4891832.3990064859,0,1,1
country,Czechia,ssp585,2031-2060,robust_all3_ge27,4891832.3990064859,807601.70033589005,807601.70033589005,186,186,4891832.3990064859,4891832.3990064859,0,1,1
country,Czechia,ssp585,2071-2100,robust_all3_ge27,4891832.3990064859,807601.70033589005,807601.70033589005,186,186,4891832.3990064859,4891832.3990064859,0,1,1
country,Denmark,ssp126,2031-2060,robust_all3_ge27,4253196.0939025879,537899.20022583008,537899.20022583008,144,144,4253196.0939025879,4253196.0939025879,0,1,1
country,Denmark,ssp126,2071-2100,robust_all3_ge27,4253196.0939025879,537899.20022583008,537899.20022583008,144,144,4253196.0939025879,4253196.0939025879,0,1,1
country,Denmark,ssp245,2031-2060,robust_all3_ge27,4253196.0939025879,537899.20022583008,537899.20022583008,144,144,4253196.0939025879,4253196.0939025879,0,1,1
country,Denmark,ssp245,2071-2100,robust_all3_ge27,4253196.0939025879,537899.20022583008,537899.20022583008,144,144,4253196.0939025879,4253196.0939025879,0,1,1
country,Denmark,ssp585,2031-2060,robust_all3_ge27,4253196.0939025879,537899.20022583008,537899.20022583008,144,144,4253196.0939025879,4253196.0939025879,0,1,1
country,Denmark,ssp585,2071-2100,robust_all3_ge27,4253196.0939025879,537899.20022583008,537899.20022583008,144,144,4253196.0939025879,4253196.0939025879,0,1,1
country,Estonia,ssp126,2031-2060,robust_all3_ge27,807789.69866943359,171673.50030517578,171673.50030517578,81,81,807789.69866943359,807789.69866943359,0,1,1
country,Estonia,ssp126,2071-2100,robust_all3_ge27,807789.69866943359,171673.50030517578,171673.50030517578,81,81,807789.69866943359,807789.69866943359,0,1,1
country,Estonia,ssp245,2031-2060,robust_all3_ge27,807789.69866943359,171673.50030517578,171673.50030517578,81,81,807789.69866943359,807789.69866943359,0,1,1
country,Estonia,ssp245,2071-2100,robust_all3_ge27,807789.69866943359,171673.50030517578,171673.50030517578,81,81,807789.69866943359,807789.69866943359,0,1,1
country,Estonia,ssp585,2031-2060,robust_all3_ge27,807789.69866943359,171673.50030517578,171673.50030517578,81,81,807789.69866943359,807789.69866943359,0,1,1
country,Estonia,ssp585,2071-2100,robust_all3_ge27,807789.69866943359,171673.50030517578,171673.50030517578,81,81,807789.69866943359,807789.69866943359,0,1,1
country,Finland,ssp126,2031-2060,robust_all3_ge27,762644.89964725822,202933.20003872365,202933.20003872365,785,785,762644.89964725822,758985.49965159595,3659.399995662272,0.96719629278850616,0.99482000950602623
country,Finland,ssp126,2071-2100,robust_all3_ge27,762644.89964725822,202933.20003872365,202933.20003872365,785,785,762644.89964725822,758985.49965159595,3659.399995662272,0.96719629278850616,0.99482000950602623
country,Finland,ssp245,2031-2060,robust_all3_ge27,762644.89964725822,202933.20003872365,202933.20003872365,785,785,762644.89964725822,756775.49963649362,5869.4000107645988,0.9679314623553229,0.99219026660105714
country,Finland,ssp245,2071-2100,robust_all3_ge27,762644.89964725822,202933.20003872365,202933.20003872365,785,785,762644.89964725822,756775.49963649362,5869.4000107645988,0.9679314623553229,0.99221913106129866
country,Finland,ssp585,2031-2060,robust_all3_ge27,762644.89964725822,202933.20003872365,202933.20003872365,785,785,762644.89964725822,756547.49963552505,6097.4000117331743,0.96521280959292954,0.99178486167210311
country,Finland,ssp585,2071-2100,robust_all3_ge27,762644.89964725822,202933.20003872365,202933.20003872365,785,785,762644.89964725822,756547.49963552505,6097.4000117331743,0.96521280959292954,0.99178486167210311
country,France,ssp126,2031-2060,robust_all3_ge27,35769343.705079265,5011109.1996791959,5011109.1996791959,1111,1111,35769343.705079265,35755667.604997151,13676.100082114339,0.99961765862424334,0.99961765862424334
country,France,ssp126,2071-2100,robust_all3_ge27,35769343.705079265,5011109.1996791959,5011109.1996791959,1111,1111,35769343.705079265,35755667.604997151,13676.100082114339,0.99961765862424334,0.99961765862424334
country,France,ssp245,2031-2060,robust_all3_ge27,35769343.705079265,5011109.1996791959,5011109.1996791959,1111,1111,35769343.705079265,35755667.604997151,13676.100082114339,0.99961765862424334,0.99961765862424334
country,France,ssp245,2071-2100,robust_all3_ge27,35769343.705079265,5011109.1996791959,5011109.1996791959,1111,1111,35769343.705079265,35755667.604997151,13676.100082114339,0.99961765862424334,0.99961765862424334
country,France,ssp585,2031-2060,robust_all3_ge27,35769343.705079265,5011109.1996791959,5011109.1996791959,1111,1111,35769343.705079265,35755667.604997151,13676.100082114339,0.99961765862424334,0.99961765862424334
country,France,ssp585,2071-2100,robust_all3_ge27,35769343.705079265,5011109.1996791959,5011109.1996791959,1111,1111,35769343.705079265,35755667.604997151,13676.100082114339,0.99961765862424334,0.99961765862424334
country,Georgia,ssp126,2031-2060,robust_all3_ge27,0,0.13934374533646093,0.13934374533646093,2,2,0,0,0,,
country,Georgia,ssp126,2071-2100,robust_all3_ge27,0,0.13934374533646093,0.13934374533646093,2,2,0,0,0,,
country,Georgia,ssp245,2031-2060,robust_all3_ge27,0,0.13934374533646093,0.13934374533646093,2,2,0,0,0,,
country,Georgia,ssp245,2071-2100,robust_all3_ge27,0,0.13934374533646093,0.13934374533646093,2,2,0,0,0,,
country,Georgia,ssp585,2031-2060,robust_all3_ge27,0,0.13934374533646093,0.13934374533646093,2,2,0,0,0,,
country,Georgia,ssp585,2071-2100,robust_all3_ge27,0,0.13934374533646093,0.13934374533646093,2,2,0,0,0,,
country,Germany,ssp126,2031-2060,robust_all3_ge27,22231299.700948089,2964201.4007079303,2964201.4007079303,740,740,22231299.700948089,22231299.700948089,0,1,1
country,Germany,ssp126,2071-2100,robust_all3_ge27,22231299.700948089,2964201.4007079303,2964201.4007079303,740,740,22231299.700948089,22231299.700948089,0,1,1
country,Germany,ssp245,2031-2060,robust_all3_ge27,22231299.700948089,2964201.4007079303,2964201.4007079303,740,740,22231299.700948089,22231299.700948089,0,1,1
country,Germany,ssp245,2071-2100,robust_all3_ge27,22231299.700948089,2964201.4007079303,2964201.4007079303,740,740,22231299.700948089,22231299.700948089,0,1,1
country,Germany,ssp585,2031-2060,robust_all3_ge27,22231299.700948089,2964201.4007079303,2964201.4007079303,740,740,22231299.700948089,22231299.700948089,0,1,1
country,Germany,ssp585,2071-2100,robust_all3_ge27,22231299.700948089,2964201.4007079303,2964201.4007079303,740,740,22231299.700948089,22231299.700948089,0,1,1
country,Greece,ssp126,2031-2060,robust_all3_ge27,1044241.4983976483,356791.00003659725,356791.00003659725,323,322,1044235.2983978391,1044235.2983978391,6.1999998092651367,0.99999406267628821,0.99999406267628821
country,Greece,ssp126,2071-2100,robust_all3_ge27,1044241.4983976483,356791.00003659725,356791.00003659725,323,322,1044235.2983978391,1044235.2983978391,6.1999998092651367,0.99999406267628821,0.99999406267628821
country,Greece,ssp245,2031-2060,robust_all3_ge27,1044241.4983976483,356791.00003659725,356791.00003659725,323,322,1044235.2983978391,1044235.2983978391,6.1999998092651367,0.99999406267628821,0.99999406267628821
country,Greece,ssp245,2071-2100,robust_all3_ge27,1044241.4983976483,356791.00003659725,356791.00003659725,323,322,1044235.2983978391,1044235.2983978391,6.1999998092651367,0.99999406267628821,0.99999406267628821
country,Greece,ssp585,2031-2060,robust_all3_ge27,1044241.4983976483,356791.00003659725,356791.00003659725,323,322,1044235.2983978391,1044235.2983978391,6.1999998092651367,0.99999406267628821,0.99999406267628821
country,Greece,ssp585,2071-2100,robust_all3_ge27,1044241.4983976483,356791.00003659725,356791.00003659725,323,322,1044235.2983978391,1044235.2983978391,6.1999998092651367,0.99999406267628821,0.99999406267628821
country,Hungary,ssp126,2031-2060,robust_all3_ge27,5263107.8015492111,948348.40058043599,948348.40058043599,207,207,5263107.8015492111,5263107.8015492111,0,1,1
country,Hungary,ssp126,2071-2100,robust_all3_ge27,5263107.8015492111,948348.40058043599,948348.40058043599,207,207,5263107.8015492111,5263107.8015492111,0,1,1
country,Hungary,ssp245,2031-2060,robust_all3_ge27,5263107.8015492111,948348.40058043599,948348.40058043599,207,207,5263107.8015492111,5263107.8015492111,0,1,1
country,Hungary,ssp245,2071-2100,robust_all3_ge27,5263107.8015492111,948348.40058043599,948348.40058043599,207,207,5263107.8015492111,5263107.8015492111,0,1,1
country,Hungary,ssp585,2031-2060,robust_all3_ge27,5263107.8015492111,948348.40058043599,948348.40058043599,207,207,5263107.8015492111,5263107.8015492111,0,1,1
country,Hungary,ssp585,2071-2100,robust_all3_ge27,5263107.8015492111,948348.40058043599,948348.40058043599,207,207,5263107.8015492111,5263107.8015492111,0,1,1
country,Ireland,ssp126,2031-2060,robust_all3_ge27,529453.59973144531,57599.799926757812,57599.799926757812,47,47,529453.59973144531,529453.59973144531,0,1,1
country,Ireland,ssp126,2071-2100,robust_all3_ge27,529453.59973144531,57599.799926757812,57599.799926757812,47,47,529453.59973144531,529453.59973144531,0,1,1
country,Ireland,ssp245,2031-2060,robust_all3_ge27,529453.59973144531,57599.799926757812,57599.799926757812,47,47,529453.59973144531,529453.59973144531,0,1,1
country,Ireland,ssp245,2071-2100,robust_all3_ge27,529453.59973144531,57599.799926757812,57599.799926757812,47,47,529453.59973144531,529453.59973144531,0,1,1
country,Ireland,ssp585,2031-2060,robust_all3_ge27,529453.59973144531,57599.799926757812,57599.799926757812,47,47,529453.59973144531,529453.59973144531,0,1,1
country,Ireland,ssp585,2071-2100,robust_all3_ge27,529453.59973144531,57599.799926757812,57599.799926757812,47,47,529453.59973144531,529453.59973144531,0,1,1
country,Italy,ssp126,2031-2060,robust_all3_ge27,6916736.6967803165,1730823.6998818964,1153882.3994524702,586,586,6916736.6967803165,6916345.9967859164,390.69999440014362,0.99993946711971959,0.99994351382573488
country,Italy,ssp126,2071-2100,robust_all3_ge27,6916736.6967803165,1730823.6998818964,1153882.3994524702,586,586,6916736.6967803165,6916345.9967859164,390.69999440014362,0.99993946711971959,0.99994351382573488
country,Italy,ssp245,2031-2060,robust_all3_ge27,6916736.6967803165,1730823.6998818964,1153882.3994524702,586,586,6916736.6967803165,6916345.9967859164,390.69999440014362,0.99994216492372978,0.99994351382573488
country,Italy,ssp245,2071-2100,robust_all3_ge27,6916736.6967803165,1730823.6998818964,1153882.3994524702,586,586,6916736.6967803165,6916345.9967859164,390.69999440014362,0.99994216492372978,0.99994351382573488
country,Italy,ssp585,2031-2060,robust_all3_ge27,6916736.6967803165,1730823.6998818964,1153882.3994524702,586,586,6916736.6967803165,6916345.9967859164,390.69999440014362,0.99994081602172469,0.99994351382573488
country,Italy,ssp585,2071-2100,robust_all3_ge27,6916736.6967803165,1730823.6998818964,1153882.3994524702,586,586,6916736.6967803165,6916345.9967859164,390.69999440014362,0.99994081602172469,0.99994351382573488
country,Kazakhstan,ssp126,2031-2060,robust_all3_ge27,158332.41976809796,141336.00044861363,141336.00044861363,159,158,158330.61976814564,158330.61976814564,1.7999999523162842,0.99998863151365369,0.99998863151365369
country,Kazakhstan,ssp126,2071-2100,robust_all3_ge27,158332.41976809796,141336.00044861363,141336.00044861363,159,158,158330.61976814564,158330.61976814564,1.7999999523162842,0.99998863151365369,0.99998863151365369
country,Kazakhstan,ssp245,2031-2060,robust_all3_ge27,158332.41976809796,141336.00044861363,141336.00044861363,159,158,158330.61976814564,158330.61976814564,1.7999999523162842,0.97488858452998373,0.99998863151365369
country,Kazakhstan,ssp245,2071-2100,robust_all3_ge27,158332.41976809796,141336.00044861363,141336.00044861363,159,158,158330.61976814564,158330.61976814564,1.7999999523162842,0.98434512340728142,0.99998863151365369
country,Kazakhstan,ssp585,2031-2060,robust_all3_ge27,158332.41976809796,141336.00044861363,141336.00044861363,159,158,158330.61976814564,158330.61976814564,1.7999999523162842,0.99998828851946453,0.99998863151365369
country,Kazakhstan,ssp585,2071-2100,robust_all3_ge27,158332.41976809796,141336.00044861363,141336.00044861363,159,158,158330.61976814564,158330.61976814564,1.7999999523162842,0.96819278135644593,0.99996851971059686
country,Latvia,ssp126,2031-2060,robust_all3_ge27,2479432.9009336978,509400.39987299591,509400.39987299591,186,186,2479432.9009336978,2479432.9009336978,0,1,1
country,Latvia,ssp126,2071-2100,robust_all3_ge27,2479432.9009336978,509400.39987299591,509400.39987299591,186,186,2479432.9009336978,2479432.9009336978,0,1,1
country,Latvia,ssp245,2031-2060,robust_all3_ge27,2479432.9009336978,509400.39987299591,509400.39987299591,186,186,2479432.9009336978,2479432.9009336978,0,1,1
country,Latvia,ssp245,2071-2100,robust_all3_ge27,2479432.9009336978,509400.39987299591,509400.39987299591,186,186,2479432.9009336978,2479432.9009336978,0,1,1
country,Latvia,ssp585,2031-2060,robust_all3_ge27,2479432.9009336978,509400.39987299591,509400.39987299591,186,186,2479432.9009336978,2479432.9009336978,0,1,1
country,Latvia,ssp585,2071-2100,robust_all3_ge27,2479432.9009336978,509400.39987299591,509400.39987299591,186,186,2479432.9009336978,2479432.9009336978,0,1,1
country,Lithuania,ssp126,2031-2060,robust_all3_ge27,4299304.0966024995,910179.29943761975,910179.29943761975,173,173,4299304.0966024995,4299304.0966024995,0,1,1
country,Lithuania,ssp126,2071-2100,robust_all3_ge27,4299304.0966024995,910179.29943761975,910179.29943761975,173,173,4299304.0966024995,4299304.0966024995,0,1,1
country,Lithuania,ssp245,2031-2060,robust_all3_ge27,4299304.0966024995,910179.29943761975,910179.29943761975,173,173,4299304.0966024995,4299304.0966024995,0,1,1
country,Lithuania,ssp245,2071-2100,robust_all3_ge27,4299304.0966024995,910179.29943761975,910179.29943761975,173,173,4299304.0966024995,4299304.0966024995,0,1,1
country,Lithuania,ssp585,2031-2060,robust_all3_ge27,4299304.0966024995,910179.29943761975,910179.29943761975,173,173,4299304.0966024995,4299304.0966024995,0,1,1
country,Lithuania,ssp585,2071-2100,robust_all3_ge27,4299304.0966024995,910179.29943761975,910179.29943761975,173,173,4299304.0966024995,4299304.0966024995,0,1,1
country,Luxembourg,ssp126,2031-2060,robust_all3_ge27,76933.30029296875,12719.900024414062,12719.900024414062,4,4,76933.30029296875,76933.30029296875,0,1,1
country,Luxembourg,ssp126,2071-2100,robust_all3_ge27,76933.30029296875,12719.900024414062,12719.900024414062,4,4,76933.30029296875,76933.30029296875,0,1,1
country,Luxembourg,ssp245,2031-2060,robust_all3_ge27,76933.30029296875,12719.900024414062,12719.900024414062,4,4,76933.30029296875,76933.30029296875,0,1,1
country,Luxembourg,ssp245,2071-2100,robust_all3_ge27,76933.30029296875,12719.900024414062,12719.900024414062,4,4,76933.30029296875,76933.30029296875,0,1,1
country,Luxembourg,ssp585,2031-2060,robust_all3_ge27,76933.30029296875,12719.900024414062,12719.900024414062,4,4,76933.30029296875,76933.30029296875,0,1,1
country,Luxembourg,ssp585,2071-2100,robust_all3_ge27,76933.30029296875,12719.900024414062,12719.900024414062,4,4,76933.30029296875,76933.30029296875,0,1,1
country,Montenegro,ssp126,2031-2060,robust_all3_ge27,2259.0999755859375,759.60000610351562,759.60000610351562,2,2,2259.0999755859375,2259.0999755859375,0,1,1
country,Montenegro,ssp126,2071-2100,robust_all3_ge27,2259.0999755859375,759.60000610351562,759.60000610351562,2,2,2259.0999755859375,2259.0999755859375,0,1,1
country,Montenegro,ssp245,2031-2060,robust_all3_ge27,2259.0999755859375,759.60000610351562,759.60000610351562,2,2,2259.0999755859375,2259.0999755859375,0,1,1
country,Montenegro,ssp245,2071-2100,robust_all3_ge27,2259.0999755859375,759.60000610351562,759.60000610351562,2,2,2259.0999755859375,2259.0999755859375,0,1,1
country,Montenegro,ssp585,2031-2060,robust_all3_ge27,2259.0999755859375,759.60000610351562,759.60000610351562,2,2,2259.0999755859375,2259.0999755859375,0,1,1
country,Montenegro,ssp585,2071-2100,robust_all3_ge27,2259.0999755859375,759.60000610351562,759.60000610351562,2,2,2259.0999755859375,2259.0999755859375,0,1,1
country,Netherlands,ssp126,2031-2060,robust_all3_ge27,1003202.3983612061,115866.50010585785,115866.50010585785,72,70,988807.09840393066,988807.09840393066,14395.299957275391,0.98565065237005911,0.98565065237005911
country,Netherlands,ssp126,2071-2100,robust_all3_ge27,1003202.3983612061,115866.50010585785,115866.50010585785,72,70,988807.09840393066,988807.09840393066,14395.299957275391,0.98565065237005911,0.98565065237005911
country,Netherlands,ssp245,2031-2060,robust_all3_ge27,1003202.3983612061,115866.50010585785,115866.50010585785,72,70,988807.09840393066,988807.09840393066,14395.299957275391,0.98565065237005911,0.98565065237005911
country,Netherlands,ssp245,2071-2100,robust_all3_ge27,1003202.3983612061,115866.50010585785,115866.50010585785,72,70,988807.09840393066,988807.09840393066,14395.299957275391,0.98565065237005911,0.98565065237005911
country,Netherlands,ssp585,2031-2060,robust_all3_ge27,1003202.3983612061,115866.50010585785,115866.50010585785,72,70,988807.09840393066,988807.09840393066,14395.299957275391,0.98565065237005911,0.98565065237005911
country,Netherlands,ssp585,2071-2100,robust_all3_ge27,1003202.3983612061,115866.50010585785,115866.50010585785,72,70,988807.09840393066,988807.09840393066,14395.299957275391,0.98565065237005911,0.98565065237005911
country,North Macedonia,ssp126,2031-2060,robust_all3_ge27,243207.6003831774,69658.600148327649,69658.600148327649,51,51,243207.6003831774,243207.6003831774,0,1,1
country,North Macedonia,ssp126,2071-2100,robust_all3_ge27,243207.6003831774,69658.600148327649,69658.600148327649,51,51,243207.6003831774,243207.6003831774,0,1,1
country,North Macedonia,ssp245,2031-2060,robust_all3_ge27,243207.6003831774,69658.600148327649,69658.600148327649,51,51,243207.6003831774,243207.6003831774,0,1,1
country,North Macedonia,ssp245,2071-2100,robust_all3_ge27,243207.6003831774,69658.600148327649,69658.600148327649,51,51,243207.6003831774,243207.6003831774,0,1,1
country,North Macedonia,ssp585,2031-2060,robust_all3_ge27,243207.6003831774,69658.600148327649,69658.600148327649,51,51,243207.6003831774,243207.6003831774,0,1,1
country,North Macedonia,ssp585,2071-2100,robust_all3_ge27,243207.6003831774,69658.600148327649,69658.600148327649,51,51,243207.6003831774,243207.6003831774,0,1,1
country,Norway,ssp126,2031-2060,robust_all3_ge27,346392.30033623427,70541.799964286387,70541.799964286387,252,252,346392.30033623427,342136.30034447461,4255.9999917596579,0.98722144424009706,0.98770040022734618
country,Norway,ssp126,2071-2100,robust_all3_ge27,346392.30033623427,70541.799964286387,70541.799964286387,252,252,346392.30033623427,341042.50035043061,5349.7999858036637,0.98421397748214434,0.98455566136830774
country,Norway,ssp245,2031-2060,robust_all3_ge27,346392.30033623427,70541.799964286387,70541.799964286387,252,252,346392.30033623427,342136.30034447461,4255.9999917596579,0.98732066699918553,0.98771335278633943
country,Norway,ssp245,2071-2100,robust_all3_ge27,346392.30033623427,70541.799964286387,70541.799964286387,252,252,346392.30033623427,342136.30034447461,4255.9999917596579,0.98732066699918553,0.98771335278633943
country,Norway,ssp585,2031-2060,robust_all3_ge27,346392.30033623427,70541.799964286387,70541.799964286387,252,252,346392.30033623427,342136.30034447461,4255.9999917596579,0.98713376907973083,0.9877024884185619
country,Norway,ssp585,2071-2100,robust_all3_ge27,346392.30033623427,70541.799964286387,70541.799964286387,252,252,346392.30033623427,342136.30034447461,4255.9999917596579,0.98713376907973083,0.9877024884185619
country,Poland,ssp126,2031-2060,robust_all3_ge27,11727542.902679905,2428751.2005669251,2428751.2005669251,679,679,11727542.902679905,11727542.902679905,0,1,1
country,Poland,ssp126,2071-2100,robust_all3_ge27,11727542.902679905,2428751.2005669251,2428751.2005669251,679,679,11727542.902679905,11727542.902679905,0,1,1
country,Poland,ssp245,2031-2060,robust_all3_ge27,11727542.902679905,2428751.2005669251,2428751.2005669251,679,679,11727542.902679905,11727542.902679905,0,1,1
country,Poland,ssp245,2071-2100,robust_all3_ge27,11727542.902679905,2428751.2005669251,2428751.2005669251,679,679,11727542.902679905,11727542.902679905,0,1,1
country,Poland,ssp585,2031-2060,robust_all3_ge27,11727542.902679905,2428751.2005669251,2428751.2005669251,679,679,11727542.902679905,11727542.902679905,0,1,1
country,Poland,ssp585,2071-2100,robust_all3_ge27,11727542.902679905,2428751.2005669251,2428751.2005669251,679,679,11727542.902679905,11727542.902679905,0,1,1
country,Portugal,ssp126,2031-2060,robust_all3_ge27,76670.199880599976,29110.600018978119,29110.600018978119,117,117,76670.199880599976,76670.199880599976,0,1,1
country,Portugal,ssp126,2071-2100,robust_all3_ge27,76670.199880599976,29110.600018978119,29110.600018978119,117,117,76670.199880599976,76670.199880599976,0,1,1
country,Portugal,ssp245,2031-2060,robust_all3_ge27,76670.199880599976,29110.600018978119,29110.600018978119,117,117,76670.199880599976,76670.199880599976,0,1,1
country,Portugal,ssp245,2071-2100,robust_all3_ge27,76670.199880599976,29110.600018978119,29110.600018978119,117,117,76670.199880599976,76670.199880599976,0,1,1
country,Portugal,ssp585,2031-2060,robust_all3_ge27,76670.199880599976,29110.600018978119,29110.600018978119,117,117,76670.199880599976,76670.199880599976,0,1,1
country,Portugal,ssp585,2071-2100,robust_all3_ge27,76670.199880599976,29110.600018978119,29110.600018978119,117,117,76670.199880599976,76670.199880599976,0,1,1
country,Republic of Moldova,ssp126,2031-2060,robust_all3_ge27,1094138.4012145996,331390.20010375977,331390.20010375977,82,82,1094138.4012145996,1094138.4012145996,0,1,1
country,Republic of Moldova,ssp126,2071-2100,robust_all3_ge27,1094138.4012145996,331390.20010375977,331390.20010375977,82,82,1094138.4012145996,1094138.4012145996,0,1,1
country,Republic of Moldova,ssp245,2031-2060,robust_all3_ge27,1094138.4012145996,331390.20010375977,331390.20010375977,82,82,1094138.4012145996,1094138.4012145996,0,1,1
country,Republic of Moldova,ssp245,2071-2100,robust_all3_ge27,1094138.4012145996,331390.20010375977,331390.20010375977,82,82,1094138.4012145996,1094138.4012145996,0,1,1
country,Republic of Moldova,ssp585,2031-2060,robust_all3_ge27,1094138.4012145996,331390.20010375977,331390.20010375977,82,82,1094138.4012145996,1094138.4012145996,0,1,1
country,Republic of Moldova,ssp585,2071-2100,robust_all3_ge27,1094138.4012145996,331390.20010375977,331390.20010375977,82,82,1094138.4012145996,1094138.4012145996,0,1,1
country,Romania,ssp126,2031-2060,robust_all3_ge27,9041072.4987521842,2166233.8999021426,2166233.8999021426,472,472,9041072.4987521842,9041072.4987521842,0,1,1
country,Romania,ssp126,2071-2100,robust_all3_ge27,9041072.4987521842,2166233.8999021426,2166233.8999021426,472,472,9041072.4987521842,9041072.4987521842,0,1,1
country,Romania,ssp245,2031-2060,robust_all3_ge27,9041072.4987521842,2166233.8999021426,2166233.8999021426,472,472,9041072.4987521842,9041072.4987521842,0,1,1
country,Romania,ssp245,2071-2100,robust_all3_ge27,9041072.4987521842,2166233.8999021426,2166233.8999021426,472,472,9041072.4987521842,9041072.4987521842,0,1,1
country,Romania,ssp585,2031-2060,robust_all3_ge27,9041072.4987521842,2166233.8999021426,2166233.8999021426,472,472,9041072.4987521842,9041072.4987521842,0,1,1
country,Romania,ssp585,2071-2100,robust_all3_ge27,9041072.4987521842,2166233.8999021426,2166233.8999021426,472,472,9041072.4987521842,9041072.4987521842,0,1,1
country,Russian Federation,ssp126,2031-2060,robust_all3_ge27,55585999.161188029,19703589.939004492,19703589.939004492,4048,4044,55582941.341732174,55582449.206014179,3549.9551738531418,0.99993429821398816,0.99993601774598473
country,Russian Federation,ssp126,2071-2100,robust_all3_ge27,55585999.161188029,19703589.939004492,19703589.939004492,4048,4044,55582941.341732174,55582449.206014179,3549.9551738531418,0.99993429821398816,0.99993601774598473
country,Russian Federation,ssp245,2031-2060,robust_all3_ge27,55585999.161188029,19703589.939004492,19703589.939004492,4048,4044,55582941.341732174,55582449.206014179,3549.9551738531418,0.99975748886909188,0.99993606472444296
country,Russian Federation,ssp245,2071-2100,robust_all3_ge27,55585999.161188029,19703589.939004492,19703589.939004492,4048,4044,55582941.341732174,55582449.206014179,3549.9551738531418,0.99890761390101179,0.99993606472444296
country,Russian Federation,ssp585,2031-2060,robust_all3_ge27,55585999.161188029,19703589.939004492,19703589.939004492,4048,4044,55582941.341732174,55582449.206014179,3549.9551738531418,0.99993429785418542,0.99993610773329289
country,Russian Federation,ssp585,2071-2100,robust_all3_ge27,55585999.161188029,19703589.939004492,19703589.939004492,4048,4044,55582941.341732174,55582449.206014179,3549.9551738531418,0.99920886854097546,0.99992699472782054
country,Serbia,ssp126,2031-2060,robust_all3_ge27,2950150.4031697512,585785.90012977272,527180.40006873757,166,166,2950150.4031697512,2950150.4031697512,0,1,1
country,Serbia,ssp126,2071-2100,robust_all3_ge27,2950150.4031697512,585785.90012977272,527180.40006873757,166,166,2950150.4031697512,2950150.4031697512,0,1,1
country,Serbia,ssp245,2031-2060,robust_all3_ge27,2950150.4031697512,585785.90012977272,527180.40006873757,166,166,2950150.4031697512,2950150.4031697512,0,1,1
country,Serbia,ssp245,2071-2100,robust_all3_ge27,2950150.4031697512,585785.90012977272,527180.40006873757,166,166,2950150.4031697512,2950150.4031697512,0,1,1
country,Serbia,ssp585,2031-2060,robust_all3_ge27,2950150.4031697512,585785.90012977272,527180.40006873757,166,166,2950150.4031697512,2950150.4031697512,0,1,1
country,Serbia,ssp585,2071-2100,robust_all3_ge27,2950150.4031697512,585785.90012977272,527180.40006873757,166,166,2950150.4031697512,2950150.4031697512,0,1,1
country,Slovakia,ssp126,2031-2060,robust_all3_ge27,2024898.6029567719,383622.99997655302,383622.99997655302,116,116,2024898.6029567719,2024898.6029567719,0,1,1
country,Slovakia,ssp126,2071-2100,robust_all3_ge27,2024898.6029567719,383622.99997655302,383622.99997655302,116,116,2024898.6029567719,2024898.6029567719,0,1,1
country,Slovakia,ssp245,2031-2060,robust_all3_ge27,2024898.6029567719,383622.99997655302,383622.99997655302,116,116,2024898.6029567719,2024898.6029567719,0,1,1
country,Slovakia,ssp245,2071-2100,robust_all3_ge27,2024898.6029567719,383622.99997655302,383622.99997655302,116,116,2024898.6029567719,2024898.6029567719,0,1,1
country,Slovakia,ssp585,2031-2060,robust_all3_ge27,2024898.6029567719,383622.99997655302,383622.99997655302,116,116,2024898.6029567719,2024898.6029567719,0,1,1
country,Slovakia,ssp585,2071-2100,robust_all3_ge27,2024898.6029567719,383622.99997655302,383622.99997655302,116,116,2024898.6029567719,2024898.6029567719,0,1,1
country,Slovenia,ssp126,2031-2060,robust_all3_ge27,150812.7004905045,26935.800029948354,26935.800029948354,50,50,150812.7004905045,150812.7004905045,0,1,1
country,Slovenia,ssp126,2071-2100,robust_all3_ge27,150812.7004905045,26935.800029948354,26935.800029948354,50,50,150812.7004905045,150812.7004905045,0,1,1
country,Slovenia,ssp245,2031-2060,robust_all3_ge27,150812.7004905045,26935.800029948354,26935.800029948354,50,50,150812.7004905045,150812.7004905045,0,1,1
country,Slovenia,ssp245,2071-2100,robust_all3_ge27,150812.7004905045,26935.800029948354,26935.800029948354,50,50,150812.7004905045,150812.7004905045,0,1,1
country,Slovenia,ssp585,2031-2060,robust_all3_ge27,150812.7004905045,26935.800029948354,26935.800029948354,50,50,150812.7004905045,150812.7004905045,0,1,1
country,Slovenia,ssp585,2071-2100,robust_all3_ge27,150812.7004905045,26935.800029948354,26935.800029948354,50,50,150812.7004905045,150812.7004905045,0,1,1
country,Spain,ssp126,2031-2060,robust_all3_ge27,7570306.5045158044,1984749.5994665325,1984749.5994665325,924,924,7570306.5045158044,7570306.5045158044,0,1,1
country,Spain,ssp126,2071-2100,robust_all3_ge27,7570306.5045158044,1984749.5994665325,1984749.5994665325,924,924,7570306.5045158044,7570306.5045158044,0,1,1
country,Spain,ssp245,2031-2060,robust_all3_ge27,7570306.5045158044,1984749.5994665325,1984749.5994665325,924,924,7570306.5045158044,7570306.5045158044,0,1,1
country,Spain,ssp245,2071-2100,robust_all3_ge27,7570306.5045158044,1984749.5994665325,1984749.5994665325,924,924,7570306.5045158044,7570306.5045158044,0,1,1
country,Spain,ssp585,2031-2060,robust_all3_ge27,7570306.5045158044,1984749.5994665325,1984749.5994665325,924,924,7570306.5045158044,7570306.5045158044,0,1,1
country,Spain,ssp585,2071-2100,robust_all3_ge27,7570306.5045158044,1984749.5994665325,1984749.5994665325,924,924,7570306.5045158044,7570306.5045158044,0,0.99992911691690167,1
country,Sweden,ssp126,2031-2060,robust_all3_ge27,3239616.3032408953,465928.39995798469,465928.39995798469,753,753,3239616.3032408953,3221289.5032178387,18326.800023056567,0.99273919157184687,0.99434291029937016
country,Sweden,ssp126,2071-2100,robust_all3_ge27,3239616.3032408953,465928.39995798469,465928.39995798469,753,753,3239616.3032408953,3221123.9032182992,18492.400022596121,0.9926931861237831,0.99429179313485472
country,Sweden,ssp245,2031-2060,robust_all3_ge27,3239616.3032408953,465928.39995798469,465928.39995798469,753,753,3239616.3032408953,3221233.9032178149,18382.400023080409,0.99278658195751046,0.99432454495572797
country,Sweden,ssp245,2071-2100,robust_all3_ge27,3239616.3032408953,465928.39995798469,465928.39995798469,753,753,3239616.3032408953,3221233.9032178149,18382.400023080409,0.99278658195751046,0.99432574777306471
country,Sweden,ssp585,2031-2060,robust_all3_ge27,3239616.3032408953,465928.39995798469,465928.39995798469,753,753,3239616.3032408953,3221286.303217791,18330.00002310425,0.99276371505182703,0.99434192252805775
country,Sweden,ssp585,2071-2100,robust_all3_ge27,3239616.3032408953,465928.39995798469,465928.39995798469,753,753,3239616.3032408953,3221286.303217791,18330.00002310425,0.99276371505182703,0.99434192252805775
country,Switzerland,ssp126,2031-2060,robust_all3_ge27,475793.39759254456,83354.800359964371,83354.800359964371,32,32,475793.39759254456,461523.59762954712,14269.799962997437,0.97000841113979119,0.97000841113979119
country,Switzerland,ssp126,2071-2100,robust_all3_ge27,475793.39759254456,83354.800359964371,83354.800359964371,32,32,475793.39759254456,461523.59762954712,14269.799962997437,0.97000841113979119,0.97000841113979119
country,Switzerland,ssp245,2031-2060,robust_all3_ge27,475793.39759254456,83354.800359964371,83354.800359964371,32,32,475793.39759254456,461523.59762954712,14269.799962997437,0.97000841113979119,0.97000841113979119
country,Switzerland,ssp245,2071-2100,robust_all3_ge27,475793.39759254456,83354.800359964371,83354.800359964371,32,32,475793.39759254456,461523.59762954712,14269.799962997437,0.97000841113979119,0.97000841113979119
country,Switzerland,ssp585,2031-2060,robust_all3_ge27,475793.39759254456,83354.800359964371,83354.800359964371,32,32,475793.39759254456,461523.59762954712,14269.799962997437,0.97000841113979119,0.97000841113979119
country,Switzerland,ssp585,2071-2100,robust_all3_ge27,475793.39759254456,83354.800359964371,83354.800359964371,32,32,475793.39759254456,461523.59762954712,14269.799962997437,0.97000841113979119,0.97000841113979119
country,Turkey,ssp126,2031-2060,robust_all3_ge27,1296737.6057310016,354787.37815959292,354787.37815959292,56,56,1296737.6057310016,1296737.6057310016,0,1,1
country,Turkey,ssp126,2071-2100,robust_all3_ge27,1296737.6057310016,354787.37815959292,354787.37815959292,56,56,1296737.6057310016,1296737.6057310016,0,1,1
country,Turkey,ssp245,2031-2060,robust_all3_ge27,1296737.6057310016,354787.37815959292,354787.37815959292,56,56,1296737.6057310016,1296737.6057310016,0,1,1
country,Turkey,ssp245,2071-2100,robust_all3_ge27,1296737.6057310016,354787.37815959292,354787.37815959292,56,56,1296737.6057310016,1296737.6057310016,0,1,1
country,Turkey,ssp585,2031-2060,robust_all3_ge27,1296737.6057310016,354787.37815959292,354787.37815959292,56,56,1296737.6057310016,1296737.6057310016,0,1,1
country,Turkey,ssp585,2071-2100,robust_all3_ge27,1296737.6057310016,354787.37815959292,354787.37815959292,56,56,1296737.6057310016,1296737.6057310016,0,1,1
country,Ukraine,ssp126,2031-2060,robust_all3_ge27,28488641.210894808,6829732.900716804,6829732.900716804,1292,1291,28486543.410891756,28486543.410891756,2097.8000030517578,0.99992636363428067,0.99992636363428067
country,Ukraine,ssp126,2071-2100,robust_all3_ge27,28488641.210894808,6829732.900716804,6829732.900716804,1292,1291,28486543.410891756,28486543.410891756,2097.8000030517578,0.99992636363428067,0.99992636363428067
country,Ukraine,ssp245,2031-2060,robust_all3_ge27,28488641.210894808,6829732.900716804,6829732.900716804,1292,1291,28486543.410891756,28486543.410891756,2097.8000030517578,0.99992636363428067,0.99992636363428067
country,Ukraine,ssp245,2071-2100,robust_all3_ge27,28488641.210894808,6829732.900716804,6829732.900716804,1292,1291,28486543.410891756,28486543.410891756,2097.8000030517578,0.99992636363428067,0.99992636363428067
country,Ukraine,ssp585,2031-2060,robust_all3_ge27,28488641.210894808,6829732.900716804,6829732.900716804,1292,1291,28486543.410891756,28486543.410891756,2097.8000030517578,0.99992636363428067,0.99992636363428067
country,Ukraine,ssp585,2071-2100,robust_all3_ge27,28488641.210894808,6829732.900716804,6829732.900716804,1292,1291,28486543.410891756,28486543.410891756,2097.8000030517578,0.99992636363428067,0.99992636363428067
country,United Kingdom of Great Britain and Northern Ireland,ssp126,2031-2060,robust_all3_ge27,13368817.585657429,1674201.4569344972,1674201.4569344972,483,483,13368817.585657429,13368817.585657429,0,1,1
country,United Kingdom of Great Britain and Northern Ireland,ssp126,2071-2100,robust_all3_ge27,13368817.585657429,1674201.4569344972,1674201.4569344972,483,483,13368817.585657429,13368817.585657429,0,1,1
country,United Kingdom of Great Britain and Northern Ireland,ssp245,2031-2060,robust_all3_ge27,13368817.585657429,1674201.4569344972,1674201.4569344972,483,483,13368817.585657429,13368817.585657429,0,1,1
country,United Kingdom of Great Britain and Northern Ireland,ssp245,2071-2100,robust_all3_ge27,13368817.585657429,1674201.4569344972,1674201.4569344972,483,483,13368817.585657429,13368817.585657429,0,1,1
country,United Kingdom of Great Britain and Northern Ireland,ssp585,2031-2060,robust_all3_ge27,13368817.585657429,1674201.4569344972,1674201.4569344972,483,483,13368817.585657429,13368817.585657429,0,1,1
country,United Kingdom of Great Britain and Northern Ireland,ssp585,2071-2100,robust_all3_ge27,13368817.585657429,1674201.4569344972,1674201.4569344972,483,483,13368817.585657429,13368817.585657429,0,1,1
environment_region,Alpine,ssp126,2031-2060,robust_all3_ge27,4414982.9699338274,995879.26810799411,988215.46809507778,828,828,4414982.9699338274,4362498.2339462498,52484.735987577456,0.9878155909000198,0.98802859175673363
environment_region,Alpine,ssp126,2071-2100,robust_all3_ge27,4414982.9699338274,995879.26810799411,988215.46809507778,828,828,4414982.9699338274,4362410.5339464406,52572.435987386722,0.98779705100219628,0.98800889141654136
environment_region,Alpine,ssp245,2031-2060,robust_all3_ge27,4414982.9699338274,995879.26810799411,988215.46809507778,828,828,4414982.9699338274,4362707.8339494923,52275.135984334964,0.98798133438809344,0.9881159078031766
environment_region,Alpine,ssp245,2071-2100,robust_all3_ge27,4414982.9699338274,995879.26810799411,988215.46809507778,828,828,4414982.9699338274,4362707.8339494923,52275.135984334964,0.98798133438809344,0.9881159078031766
environment_region,Alpine,ssp585,2031-2060,robust_all3_ge27,4414982.9699338274,995879.26810799411,988215.46809507778,828,828,4414982.9699338274,4362707.8339494923,52275.135984334964,0.98797632508468614,0.98809087652501504
environment_region,Alpine,ssp585,2071-2100,robust_all3_ge27,4414982.9699338274,995879.26810799411,988215.46809507778,828,828,4414982.9699338274,4362707.8339494923,52275.135984334964,0.98797632508468614,0.98809087652501504
environment_region,Atlantic,ssp126,2031-2060,robust_all3_ge27,44580512.873920038,5964182.5788768921,5964182.5788768921,1457,1455,44566117.573962763,44564396.77399005,16116.099929988384,0.99963779069472547,0.99963849451495623
environment_region,Atlantic,ssp126,2071-2100,robust_all3_ge27,44580512.873920038,5964182.5788768921,5964182.5788768921,1457,1455,44566117.573962763,44564396.77399005,16116.099929988384,0.99963736651835944,0.99963849451495623
environment_region,Atlantic,ssp245,2031-2060,robust_all3_ge27,44580512.873920038,5964182.5788768921,5964182.5788768921,1457,1455,44566117.573962763,44564396.77399005,16116.099929988384,0.99963789664535541,0.99963849451495623
environment_region,Atlantic,ssp245,2071-2100,robust_all3_ge27,44580512.873920038,5964182.5788768921,5964182.5788768921,1457,1455,44566117.573962763,44564396.77399005,16116.099929988384,0.99963789664535541,0.99963849451495623
environment_region,Atlantic,ssp585,2031-2060,robust_all3_ge27,44580512.873920038,5964182.5788768921,5964182.5788768921,1457,1455,44566117.573962763,44564396.77399005,16116.099929988384,0.99963779069472547,0.99963849451495623
environment_region,Atlantic,ssp585,2071-2100,robust_all3_ge27,44580512.873920038,5964182.5788768921,5964182.5788768921,1457,1455,44566117.573962763,44564396.77399005,16116.099929988384,0.99963779069472547,0.99963849451495623
environment_region,Black Sea,ssp126,2031-2060,robust_all3_ge27,503175.50532423193,118715.90368723862,118715.90368723862,24,24,503175.50532423193,503175.50532423193,0,1,1
environment_region,Black Sea,ssp126,2071-2100,robust_all3_ge27,503175.50532423193,118715.90368723862,118715.90368723862,24,24,503175.50532423193,503175.50532423193,0,1,1
environment_region,Black Sea,ssp245,2031-2060,robust_all3_ge27,503175.50532423193,118715.90368723862,118715.90368723862,24,24,503175.50532423193,503175.50532423193,0,1,1
environment_region,Black Sea,ssp245,2071-2100,robust_all3_ge27,503175.50532423193,118715.90368723862,118715.90368723862,24,24,503175.50532423193,503175.50532423193,0,1,1
environment_region,Black Sea,ssp585,2031-2060,robust_all3_ge27,503175.50532423193,118715.90368723862,118715.90368723862,24,24,503175.50532423193,503175.50532423193,0,1,1
environment_region,Black Sea,ssp585,2071-2100,robust_all3_ge27,503175.50532423193,118715.90368723862,118715.90368723862,24,24,503175.50532423193,503175.50532423193,0,1,1
environment_region,Boreal,ssp126,2031-2060,robust_all3_ge27,14651971.922177825,3317002.818681987,3317002.818681987,2914,2914,14651971.922177825,14629490.622152884,22481.300024941564,0.9966630504291597,0.99844589705804232
environment_region,Boreal,ssp126,2071-2100,robust_all3_ge27,14651971.922177825,3317002.818681987,3317002.818681987,2914,2914,14651971.922177825,14628318.922159109,23653.000018715858,0.99659087629905918,0.99836618514850339
environment_region,Boreal,ssp245,2031-2060,robust_all3_ge27,14651971.922177825,3317002.818681987,3317002.818681987,2914,2914,14651971.922177825,14627225.022137757,24746.900040067732,0.99671352372541511,0.99830633652404643
environment_region,Boreal,ssp245,2071-2100,robust_all3_ge27,14651971.922177825,3317002.818681987,3317002.818681987,2914,2914,14651971.922177825,14627225.022137757,24746.900040067732,0.99671352372541511,0.99830660247232117
environment_region,Boreal,ssp585,2031-2060,robust_all3_ge27,14651971.922177825,3317002.818681987,3317002.818681987,2914,2914,14651971.922177825,14627049.422136765,24922.50004106015,0.99657043672838952,0.99828807281778742
environment_region,Boreal,ssp585,2071-2100,robust_all3_ge27,14651971.922177825,3317002.818681987,3317002.818681987,2914,2914,14651971.922177825,14627049.422136765,24922.50004106015,0.99657043672838952,0.99828807281778742
environment_region,Continental,ssp126,2031-2060,robust_all3_ge27,106617234.69846927,23097113.578839809,22883676.776990928,5057,5057,106617234.69846927,106617234.69846927,0,1,1
environment_region,Continental,ssp126,2071-2100,robust_all3_ge27,106617234.69846927,23097113.578839809,22883676.776990928,5057,5057,106617234.69846927,106617234.69846927,0,1,1
environment_region,Continental,ssp245,2031-2060,robust_all3_ge27,106617234.69846927,23097113.578839809,22883676.776990928,5057,5057,106617234.69846927,106617234.69846927,0,0.99999084347529887,1
environment_region,Continental,ssp245,2071-2100,robust_all3_ge27,106617234.69846927,23097113.578839809,22883676.776990928,5057,5057,106617234.69846927,106617234.69846927,0,0.99999708996388781,1
environment_region,Continental,ssp585,2031-2060,robust_all3_ge27,106617234.69846927,23097113.578839809,22883676.776990928,5057,5057,106617234.69846927,106617234.69846927,0,1,1
environment_region,Continental,ssp585,2071-2100,robust_all3_ge27,106617234.69846927,23097113.578839809,22883676.776990928,5057,5057,106617234.69846927,106617234.69846927,0,0.99993439878613688,1
environment_region,Mediterranean,ssp126,2031-2060,robust_all3_ge27,13310770.258850317,3663288.9430908519,3318606.0444627139,1535,1535,13310770.258850317,13310770.258850317,0,1,1
environment_region,Mediterranean,ssp126,2071-2100,robust_all3_ge27,13310770.258850317,3663288.9430908519,3318606.0444627139,1535,1535,13310770.258850317,13310770.258850317,0,1,1
environment_region,Mediterranean,ssp245,2031-2060,robust_all3_ge27,13310770.258850317,3663288.9430908519,3318606.0444627139,1535,1535,13310770.258850317,13310770.258850317,0,1,1
environment_region,Mediterranean,ssp245,2071-2100,robust_all3_ge27,13310770.258850317,3663288.9430908519,3318606.0444627139,1535,1535,13310770.258850317,13310770.258850317,0,1,1
environment_region,Mediterranean,ssp585,2031-2060,robust_all3_ge27,13310770.258850317,3663288.9430908519,3318606.0444627139,1535,1535,13310770.258850317,13310770.258850317,0,1,1
environment_region,Mediterranean,ssp585,2071-2100,robust_all3_ge27,13310770.258850317,3663288.9430908519,3318606.0444627139,1535,1535,13310770.258850317,13310770.258850317,0,0.99995968628001208,1
environment_region,Outside EEA regions,ssp126,2031-2060,robust_all3_ge27,223302.75905752784,84571.306582505189,84571.306582505189,76,76,223302.75905752784,223302.75905752784,0,1,1
environment_region,Outside EEA regions,ssp126,2071-2100,robust_all3_ge27,223302.75905752784,84571.306582505189,84571.306582505189,76,76,223302.75905752784,223302.75905752784,0,1,1
environment_region,Outside EEA regions,ssp245,2031-2060,robust_all3_ge27,223302.75905752784,84571.306582505189,84571.306582505189,76,76,223302.75905752784,223302.75905752784,0,0.99937309232363358,1
environment_region,Outside EEA regions,ssp245,2071-2100,robust_all3_ge27,223302.75905752784,84571.306582505189,84571.306582505189,76,76,223302.75905752784,223302.75905752784,0,0.99937309232363358,1
environment_region,Outside EEA regions,ssp585,2031-2060,robust_all3_ge27,223302.75905752784,84571.306582505189,84571.306582505189,76,76,223302.75905752784,223302.75905752784,0,0.99999975680058695,1
environment_region,Outside EEA regions,ssp585,2071-2100,robust_all3_ge27,223302.75905752784,84571.306582505189,84571.306582505189,76,76,223302.75905752784,223302.75905752784,0,0.99896124616289983,0.9999800901613991
environment_region,Pannonian,ssp126,2031-2060,robust_all3_ge27,9021868.9015709311,1765576.9011852592,1709272.1011364311,285,285,9021868.9015709311,9021868.9015709311,0,1,1
environment_region,Pannonian,ssp126,2071-2100,robust_all3_ge27,9021868.9015709311,1765576.9011852592,1709272.1011364311,285,285,9021868.9015709311,9021868.9015709311,0,1,1
environment_region,Pannonian,ssp245,2031-2060,robust_all3_ge27,9021868.9015709311,1765576.9011852592,1709272.1011364311,285,285,9021868.9015709311,9021868.9015709311,0,1,1
environment_region,Pannonian,ssp245,2071-2100,robust_all3_ge27,9021868.9015709311,1765576.9011852592,1709272.1011364311,285,285,9021868.9015709311,9021868.9015709311,0,1,1
environment_region,Pannonian,ssp585,2031-2060,robust_all3_ge27,9021868.9015709311,1765576.9011852592,1709272.1011364311,285,285,9021868.9015709311,9021868.9015709311,0,1,1
environment_region,Pannonian,ssp585,2071-2100,robust_all3_ge27,9021868.9015709311,1765576.9011852592,1709272.1011364311,285,285,9021868.9015709311,9021868.9015709311,0,1,1
environment_region,Steppic,ssp126,2031-2060,robust_all3_ge27,45940337.302547283,14932227.180374689,14932227.180374689,2108,2105,45937357.070687599,45937357.070687599,2980.2318596852574,0.9999351282111828,0.9999351282111828
environment_region,Steppic,ssp126,2071-2100,robust_all3_ge27,45940337.302547283,14932227.180374689,14932227.180374689,2108,2105,45937357.070687599,45937357.070687599,2980.2318596852574,0.9999351282111828,0.9999351282111828
environment_region,Steppic,ssp245,2031-2060,robust_all3_ge27,45940337.302547283,14932227.180374689,14932227.180374689,2108,2105,45937357.070687599,45937357.070687599,2980.2318596852574,0.99963561391834421,0.9999351282111828
environment_region,Steppic,ssp245,2071-2100,robust_all3_ge27,45940337.302547283,14932227.180374689,14932227.180374689,2108,2105,45937357.070687599,45937357.070687599,2980.2318596852574,0.99864875714509904,0.9999351282111828
environment_region,Steppic,ssp585,2031-2060,robust_all3_ge27,45940337.302547283,14932227.180374689,14932227.180374689,2108,2105,45937357.070687599,45937357.070687599,2980.2318596852574,0.9999351282111828,0.9999351282111828
environment_region,Steppic,ssp585,2071-2100,robust_all3_ge27,45940337.302547283,14932227.180374689,14932227.180374689,2108,2105,45937357.070687599,45937357.070687599,2980.2318596852574,0.99910865646640989,0.9999263191769372
environment_region,Unassigned,ssp126,2031-2060,robust_all3_ge27,2580697.3698629681,466442.64319859835,452984.14324690046,657,653,2578513.982263986,2578111.5822639801,2585.7875989881281,0.99889429204966074,0.99899586795308293
environment_region,Unassigned,ssp126,2071-2100,robust_all3_ge27,2580697.3698629681,466442.64319859835,452984.14324690046,657,653,2578513.982263986,2578111.5822639801,2585.7875989881281,0.99889390843242731,0.99899586795308293
environment_region,Unassigned,ssp245,2031-2060,robust_all3_ge27,2580697.3698629681,466442.64319859835,452984.14324690046,657,653,2578513.982263986,2578111.5822639801,2585.7875989881281,0.9988945620025278,0.99898949758200029
environment_region,Unassigned,ssp245,2071-2100,robust_all3_ge27,2580697.3698629681,466442.64319859835,452984.14324690046,657,653,2578513.982263986,2578111.5822639801,2585.7875989881281,0.9988945620025278,0.99899802757611778
environment_region,Unassigned,ssp585,2031-2060,robust_all3_ge27,2580697.3698629681,466442.64319859835,452984.14324690046,657,653,2578513.982263986,2578111.5822639801,2585.7875989881281,0.99886411803492858,0.99899370833004808
environment_region,Unassigned,ssp585,2071-2100,robust_all3_ge27,2580697.3698629681,466442.64319859835,452984.14324690046,657,653,2578513.982263986,2578111.5822639801,2585.7875989881281,0.99886411803492858,0.99899370833004808
