dataset_id,point_id,latitude,longitude,coordinate_source,native_calendar_row,native_calendar_col,native_calendar_latitude,native_calendar_longitude,point_to_native_cell_center_distance_km,planting_doy,maturity_doy,growing_season_length_days,provider_source_index,calendar_valid,native_missing_mask,crop_season,water_system,calendar_version,calendar_doi,calendar_resolution_deg,calendar_assignment,sowing_date_basis,terminal_date_basis,harvest_doy,harvest_date_available,source_file,source_sha256
basf-wheat-diseases,era5loc_dd89cccfc605,48.3,12.0,data/basf-wheat-diseases.txt; coordinates rounded to 0.1 degrees,83,384,48.25,12.25,19.37193890505296,274.0,236.0,327.0,1.0,True,False,winter_wheat,rainfed,GGCMI Phase 3 v1.01,10.5281/zenodo.5062513,0.5,containing_native_cell_no_interpolation,scenario_planting_calendar_not_observed_trial_sowing,provider_maturity_not_observed_harvest,,False,wwh_rf_ggcmi_crop_calendar_phase3_v1.01.nc4,c5637bb704b9ee884fb0e158b9f1bc3cd2782e2f84700652a3c2026a469641c6
basf-wheat-diseases,era5loc_98874af9c8d8,54.0,12.6,data/basf-wheat-diseases.txt; coordinates rounded to 0.1 degrees,72,385,53.75,12.75,29.522888531065522,290.0,220.0,295.0,2.0,True,False,winter_wheat,rainfed,GGCMI Phase 3 v1.01,10.5281/zenodo.5062513,0.5,containing_native_cell_no_interpolation,scenario_planting_calendar_not_observed_trial_sowing,provider_maturity_not_observed_harvest,,False,wwh_rf_ggcmi_crop_calendar_phase3_v1.01.nc4,c5637bb704b9ee884fb0e158b9f1bc3cd2782e2f84700652a3c2026a469641c6
basf-wheat-diseases,era5loc_2e2aca213fbe,48.2,14.3,data/basf-wheat-diseases.txt; coordinates rounded to 0.1 degrees,83,388,48.25,14.25,6.686701592485563,305.0,174.0,234.0,1.0,True,False,winter_wheat,rainfed,GGCMI Phase 3 v1.01,10.5281/zenodo.5062513,0.5,containing_native_cell_no_interpolation,scenario_planting_calendar_not_observed_trial_sowing,provider_maturity_not_observed_harvest,,False,wwh_rf_ggcmi_crop_calendar_phase3_v1.01.nc4,c5637bb704b9ee884fb0e158b9f1bc3cd2782e2f84700652a3c2026a469641c6
basf-wheat-diseases,era5loc_a3b551fcca14,51.7,12.1,data/basf-wheat-diseases.txt; coordinates rounded to 0.1 degrees,76,384,51.75,12.25,11.763300118128642,290.0,220.0,295.0,2.0,True,False,winter_wheat,rainfed,GGCMI Phase 3 v1.01,10.5281/zenodo.5062513,0.5,containing_native_cell_no_interpolation,scenario_planting_calendar_not_observed_trial_sowing,provider_maturity_not_observed_harvest,,False,wwh_rf_ggcmi_crop_calendar_phase3_v1.01.nc4,c5637bb704b9ee884fb0e158b9f1bc3cd2782e2f84700652a3c2026a469641c6
basf-wheat-diseases,era5loc_d4b920707d9f,52.4,9.6,data/basf-wheat-diseases.txt; coordinates rounded to 0.1 degrees,75,379,52.25,9.75,19.574988582847723,274.0,236.0,327.0,1.0,True,False,winter_wheat,rainfed,GGCMI Phase 3 v1.01,10.5281/zenodo.5062513,0.5,containing_native_cell_no_interpolation,scenario_planting_calendar_not_observed_trial_sowing,provider_maturity_not_observed_harvest,,False,wwh_rf_ggcmi_crop_calendar_phase3_v1.01.nc4,c5637bb704b9ee884fb0e158b9f1bc3cd2782e2f84700652a3c2026a469641c6
basf-wheat-diseases,era5loc_374089cedfa0,46.9,-1.1,data/basf-wheat-diseases.txt; coordinates rounded to 0.1 degrees,86,357,46.75,-1.25,20.225249734218927,304.0,206.0,267.0,2.0,True,False,winter_wheat,rainfed,GGCMI Phase 3 v1.01,10.5281/zenodo.5062513,0.5,containing_native_cell_no_interpolation,scenario_planting_calendar_not_observed_trial_sowing,provider_maturity_not_observed_harvest,,False,wwh_rf_ggcmi_crop_calendar_phase3_v1.01.nc4,c5637bb704b9ee884fb0e158b9f1bc3cd2782e2f84700652a3c2026a469641c6
basf-wheat-diseases,era5loc_fc0f9359f228,47.9,1.6,data/basf-wheat-diseases.txt; coordinates rounded to 0.1 degrees,84,363,47.75,1.75,20.107351101852114,304.0,206.0,267.0,2.0,True,False,winter_wheat,rainfed,GGCMI Phase 3 v1.01,10.5281/zenodo.5062513,0.5,containing_native_cell_no_interpolation,scenario_planting_calendar_not_observed_trial_sowing,provider_maturity_not_observed_harvest,,False,wwh_rf_ggcmi_crop_calendar_phase3_v1.01.nc4,c5637bb704b9ee884fb0e158b9f1bc3cd2782e2f84700652a3c2026a469641c6
basf-wheat-diseases,era5loc_d6117aa4523b,48.0,1.8,data/basf-wheat-diseases.txt; coordinates rounded to 0.1 degrees,84,363,47.75,1.75,28.047481498900833,304.0,206.0,267.0,2.0,True,False,winter_wheat,rainfed,GGCMI Phase 3 v1.01,10.5281/zenodo.5062513,0.5,containing_native_cell_no_interpolation,scenario_planting_calendar_not_observed_trial_sowing,provider_maturity_not_observed_harvest,,False,wwh_rf_ggcmi_crop_calendar_phase3_v1.01.nc4,c5637bb704b9ee884fb0e158b9f1bc3cd2782e2f84700652a3c2026a469641c6
basf-wheat-diseases,era5loc_23eef231ea98,49.8,2.9,data/basf-wheat-diseases.txt; coordinates rounded to 0.1 degrees,80,365,49.75,2.75,12.15170120396626,304.0,206.0,267.0,2.0,True,False,winter_wheat,rainfed,GGCMI Phase 3 v1.01,10.5281/zenodo.5062513,0.5,containing_native_cell_no_interpolation,scenario_planting_calendar_not_observed_trial_sowing,provider_maturity_not_observed_harvest,,False,wwh_rf_ggcmi_crop_calendar_phase3_v1.01.nc4,c5637bb704b9ee884fb0e158b9f1bc3cd2782e2f84700652a3c2026a469641c6
basf-wheat-diseases,era5loc_c36c557e4afc,53.4,6.7,data/basf-wheat-diseases.txt; coordinates rounded to 0.1 degrees,73,373,53.25,6.75,17.023054181284436,305.0,174.0,234.0,1.0,True,False,winter_wheat,rainfed,GGCMI Phase 3 v1.01,10.5281/zenodo.5062513,0.5,containing_native_cell_no_interpolation,scenario_planting_calendar_not_observed_trial_sowing,provider_maturity_not_observed_harvest,,False,wwh_rf_ggcmi_crop_calendar_phase3_v1.01.nc4,c5637bb704b9ee884fb0e158b9f1bc3cd2782e2f84700652a3c2026a469641c6
basf-wheat-diseases,era5loc_1db395a204c4,52.2,17.2,data/basf-wheat-diseases.txt; coordinates rounded to 0.1 degrees,75,394,52.25,17.25,6.528934390917032,276.0,202.0,291.0,2.0,True,False,winter_wheat,rainfed,GGCMI Phase 3 v1.01,10.5281/zenodo.5062513,0.5,containing_native_cell_no_interpolation,scenario_planting_calendar_not_observed_trial_sowing,provider_maturity_not_observed_harvest,,False,wwh_rf_ggcmi_crop_calendar_phase3_v1.01.nc4,c5637bb704b9ee884fb0e158b9f1bc3cd2782e2f84700652a3c2026a469641c6
basf-wheat-diseases,era5loc_8b7743800935,51.0,17.8,data/basf-wheat-diseases.txt; coordinates rounded to 0.1 degrees,78,395,50.75,17.75,28.0332534395249,276.0,202.0,291.0,2.0,True,False,winter_wheat,rainfed,GGCMI Phase 3 v1.01,10.5281/zenodo.5062513,0.5,containing_native_cell_no_interpolation,scenario_planting_calendar_not_observed_trial_sowing,provider_maturity_not_observed_harvest,,False,wwh_rf_ggcmi_crop_calendar_phase3_v1.01.nc4,c5637bb704b9ee884fb0e158b9f1bc3cd2782e2f84700652a3c2026a469641c6
basf-wheat-diseases,era5loc_b4c23217b405,52.1,17.3,data/basf-wheat-diseases.txt; coordinates rounded to 0.1 degrees,75,394,52.25,17.25,17.037485608079855,276.0,202.0,291.0,2.0,True,False,winter_wheat,rainfed,GGCMI Phase 3 v1.01,10.5281/zenodo.5062513,0.5,containing_native_cell_no_interpolation,scenario_planting_calendar_not_observed_trial_sowing,provider_maturity_not_observed_harvest,,False,wwh_rf_ggcmi_crop_calendar_phase3_v1.01.nc4,c5637bb704b9ee884fb0e158b9f1bc3cd2782e2f84700652a3c2026a469641c6
basf-wheat-diseases,era5loc_01117578be52,54.0,18.8,data/basf-wheat-diseases.txt; coordinates rounded to 0.1 degrees,72,397,53.75,18.75,28.01932534410121,276.0,202.0,291.0,2.0,True,False,winter_wheat,rainfed,GGCMI Phase 3 v1.01,10.5281/zenodo.5062513,0.5,containing_native_cell_no_interpolation,scenario_planting_calendar_not_observed_trial_sowing,provider_maturity_not_observed_harvest,,False,wwh_rf_ggcmi_crop_calendar_phase3_v1.01.nc4,c5637bb704b9ee884fb0e158b9f1bc3cd2782e2f84700652a3c2026a469641c6
basf-wheat-diseases,era5loc_bedbc80cc600,52.2,16.6,data/basf-wheat-diseases.txt; coordinates rounded to 0.1 degrees,75,393,52.25,16.75,11.662561380739154,276.0,202.0,291.0,2.0,True,False,winter_wheat,rainfed,GGCMI Phase 3 v1.01,10.5281/zenodo.5062513,0.5,containing_native_cell_no_interpolation,scenario_planting_calendar_not_observed_trial_sowing,provider_maturity_not_observed_harvest,,False,wwh_rf_ggcmi_crop_calendar_phase3_v1.01.nc4,c5637bb704b9ee884fb0e158b9f1bc3cd2782e2f84700652a3c2026a469641c6
basf-wheat-diseases,era5loc_c273764268e2,52.7,0.9,data/basf-wheat-diseases.txt; coordinates rounded to 0.1 degrees,74,361,52.75,0.75,11.561391351051197,304.0,201.0,262.0,2.0,True,False,winter_wheat,rainfed,GGCMI Phase 3 v1.01,10.5281/zenodo.5062513,0.5,containing_native_cell_no_interpolation,scenario_planting_calendar_not_observed_trial_sowing,provider_maturity_not_observed_harvest,,False,wwh_rf_ggcmi_crop_calendar_phase3_v1.01.nc4,c5637bb704b9ee884fb0e158b9f1bc3cd2782e2f84700652a3c2026a469641c6
basf-wheat-diseases,era5loc_6687f40ce729,51.7,-1.9,data/basf-wheat-diseases.txt; coordinates rounded to 0.1 degrees,76,356,51.75,-1.75,11.763300118128956,304.0,201.0,262.0,2.0,True,False,winter_wheat,rainfed,GGCMI Phase 3 v1.01,10.5281/zenodo.5062513,0.5,containing_native_cell_no_interpolation,scenario_planting_calendar_not_observed_trial_sowing,provider_maturity_not_observed_harvest,,False,wwh_rf_ggcmi_crop_calendar_phase3_v1.01.nc4,c5637bb704b9ee884fb0e158b9f1bc3cd2782e2f84700652a3c2026a469641c6
basf-wheat-diseases,era5loc_ff52f903fe18,51.9,0.2,data/basf-wheat-diseases.txt; coordinates rounded to 0.1 degrees,76,360,51.75,0.25,17.041905399521095,304.0,201.0,262.0,2.0,True,False,winter_wheat,rainfed,GGCMI Phase 3 v1.01,10.5281/zenodo.5062513,0.5,containing_native_cell_no_interpolation,scenario_planting_calendar_not_observed_trial_sowing,provider_maturity_not_observed_harvest,,False,wwh_rf_ggcmi_crop_calendar_phase3_v1.01.nc4,c5637bb704b9ee884fb0e158b9f1bc3cd2782e2f84700652a3c2026a469641c6
basf-wheat-diseases,era5loc_5ab5ca0b5fe3,52.1,1.0,data/basf-wheat-diseases.txt; coordinates rounded to 0.1 degrees,75,362,52.25,1.25,23.897059439456672,304.0,201.0,262.0,2.0,True,False,winter_wheat,rainfed,GGCMI Phase 3 v1.01,10.5281/zenodo.5062513,0.5,containing_native_cell_no_interpolation,scenario_planting_calendar_not_observed_trial_sowing,provider_maturity_not_observed_harvest,,False,wwh_rf_ggcmi_crop_calendar_phase3_v1.01.nc4,c5637bb704b9ee884fb0e158b9f1bc3cd2782e2f84700652a3c2026a469641c6
basf-wheat-diseases,era5loc_dafc4d129690,49.4,8.3,data/basf-wheat-diseases.txt; coordinates rounded to 0.1 degrees,81,376,49.25,8.25,17.073775653278748,274.0,236.0,327.0,1.0,True,False,winter_wheat,rainfed,GGCMI Phase 3 v1.01,10.5281/zenodo.5062513,0.5,containing_native_cell_no_interpolation,scenario_planting_calendar_not_observed_trial_sowing,provider_maturity_not_observed_harvest,,False,wwh_rf_ggcmi_crop_calendar_phase3_v1.01.nc4,c5637bb704b9ee884fb0e158b9f1bc3cd2782e2f84700652a3c2026a469641c6
basf-wheat-diseases,era5loc_575ac3f08111,49.2,8.2,data/basf-wheat-diseases.txt; coordinates rounded to 0.1 degrees,81,376,49.25,8.25,6.6472693451916935,274.0,236.0,327.0,1.0,True,False,winter_wheat,rainfed,GGCMI Phase 3 v1.01,10.5281/zenodo.5062513,0.5,containing_native_cell_no_interpolation,scenario_planting_calendar_not_observed_trial_sowing,provider_maturity_not_observed_harvest,,False,wwh_rf_ggcmi_crop_calendar_phase3_v1.01.nc4,c5637bb704b9ee884fb0e158b9f1bc3cd2782e2f84700652a3c2026a469641c6
basf-wheat-diseases,era5loc_2daae74efc65,51.1,17.6,data/basf-wheat-diseases.txt; coordinates rounded to 0.1 degrees,77,395,51.25,17.75,19.71091934385644,276.0,202.0,291.0,2.0,True,False,winter_wheat,rainfed,GGCMI Phase 3 v1.01,10.5281/zenodo.5062513,0.5,containing_native_cell_no_interpolation,scenario_planting_calendar_not_observed_trial_sowing,provider_maturity_not_observed_harvest,,False,wwh_rf_ggcmi_crop_calendar_phase3_v1.01.nc4,c5637bb704b9ee884fb0e158b9f1bc3cd2782e2f84700652a3c2026a469641c6
basf-wheat-diseases,era5loc_cd0793ddaa5d,50.3,18.5,data/basf-wheat-diseases.txt; coordinates rounded to 0.1 degrees,79,397,50.25,18.75,18.669167398557082,276.0,202.0,291.0,2.0,True,False,winter_wheat,rainfed,GGCMI Phase 3 v1.01,10.5281/zenodo.5062513,0.5,containing_native_cell_no_interpolation,scenario_planting_calendar_not_observed_trial_sowing,provider_maturity_not_observed_harvest,,False,wwh_rf_ggcmi_crop_calendar_phase3_v1.01.nc4,c5637bb704b9ee884fb0e158b9f1bc3cd2782e2f84700652a3c2026a469641c6
basf-wheat-diseases,era5loc_1fa43db2787c,53.7,20.2,data/basf-wheat-diseases.txt; coordinates rounded to 0.1 degrees,72,400,53.75,20.25,6.470048404070628,276.0,202.0,291.0,2.0,True,False,winter_wheat,rainfed,GGCMI Phase 3 v1.01,10.5281/zenodo.5062513,0.5,containing_native_cell_no_interpolation,scenario_planting_calendar_not_observed_trial_sowing,provider_maturity_not_observed_harvest,,False,wwh_rf_ggcmi_crop_calendar_phase3_v1.01.nc4,c5637bb704b9ee884fb0e158b9f1bc3cd2782e2f84700652a3c2026a469641c6
basf-wheat-diseases,era5loc_b103a5cbfed5,51.7,-2.0,data/basf-wheat-diseases.txt; coordinates rounded to 0.1 degrees,76,356,51.75,-1.75,18.148182239319457,304.0,201.0,262.0,2.0,True,False,winter_wheat,rainfed,GGCMI Phase 3 v1.01,10.5281/zenodo.5062513,0.5,containing_native_cell_no_interpolation,scenario_planting_calendar_not_observed_trial_sowing,provider_maturity_not_observed_harvest,,False,wwh_rf_ggcmi_crop_calendar_phase3_v1.01.nc4,c5637bb704b9ee884fb0e158b9f1bc3cd2782e2f84700652a3c2026a469641c6
basf-wheat-diseases,era5loc_300f965a2c3d,52.2,0.1,data/basf-wheat-diseases.txt; coordinates rounded to 0.1 degrees,75,360,52.25,0.25,11.662561380738442,304.0,201.0,262.0,2.0,True,False,winter_wheat,rainfed,GGCMI Phase 3 v1.01,10.5281/zenodo.5062513,0.5,containing_native_cell_no_interpolation,scenario_planting_calendar_not_observed_trial_sowing,provider_maturity_not_observed_harvest,,False,wwh_rf_ggcmi_crop_calendar_phase3_v1.01.nc4,c5637bb704b9ee884fb0e158b9f1bc3cd2782e2f84700652a3c2026a469641c6
basf-wheat-diseases,era5loc_fd369bfefe0b,43.3,25.0,data/basf-wheat-diseases.txt; coordinates rounded to 0.1 degrees,93,410,43.25,25.25,21.040599782372638,274.0,187.0,278.0,2.0,True,False,winter_wheat,rainfed,GGCMI Phase 3 v1.01,10.5281/zenodo.5062513,0.5,containing_native_cell_no_interpolation,scenario_planting_calendar_not_observed_trial_sowing,provider_maturity_not_observed_harvest,,False,wwh_rf_ggcmi_crop_calendar_phase3_v1.01.nc4,c5637bb704b9ee884fb0e158b9f1bc3cd2782e2f84700652a3c2026a469641c6
basf-wheat-diseases,era5loc_cb5f84b33b84,49.5,17.4,data/basf-wheat-diseases.txt; coordinates rounded to 0.1 degrees,81,394,49.25,17.25,29.861942852497382,276.0,202.0,291.0,2.0,True,False,winter_wheat,rainfed,GGCMI Phase 3 v1.01,10.5281/zenodo.5062513,0.5,containing_native_cell_no_interpolation,scenario_planting_calendar_not_observed_trial_sowing,provider_maturity_not_observed_harvest,,False,wwh_rf_ggcmi_crop_calendar_phase3_v1.01.nc4,c5637bb704b9ee884fb0e158b9f1bc3cd2782e2f84700652a3c2026a469641c6
basf-wheat-diseases,era5loc_db02c17f88dd,51.0,6.6,data/basf-wheat-diseases.txt; coordinates rounded to 0.1 degrees,78,373,50.75,6.75,29.74805079978069,274.0,236.0,327.0,1.0,True,False,winter_wheat,rainfed,GGCMI Phase 3 v1.01,10.5281/zenodo.5062513,0.5,containing_native_cell_no_interpolation,scenario_planting_calendar_not_observed_trial_sowing,provider_maturity_not_observed_harvest,,False,wwh_rf_ggcmi_crop_calendar_phase3_v1.01.nc4,c5637bb704b9ee884fb0e158b9f1bc3cd2782e2f84700652a3c2026a469641c6
basf-wheat-diseases,era5loc_9133f3b467ce,51.6,8.2,data/basf-wheat-diseases.txt; coordinates rounded to 0.1 degrees,76,376,51.75,8.25,17.043803218668096,274.0,236.0,327.0,1.0,True,False,winter_wheat,rainfed,GGCMI Phase 3 v1.01,10.5281/zenodo.5062513,0.5,containing_native_cell_no_interpolation,scenario_planting_calendar_not_observed_trial_sowing,provider_maturity_not_observed_harvest,,False,wwh_rf_ggcmi_crop_calendar_phase3_v1.01.nc4,c5637bb704b9ee884fb0e158b9f1bc3cd2782e2f84700652a3c2026a469641c6
basf-wheat-diseases,era5loc_760a53435625,49.6,10.9,data/basf-wheat-diseases.txt; coordinates rounded to 0.1 degrees,80,381,49.75,10.75,19.888519648149796,274.0,236.0,327.0,1.0,True,False,winter_wheat,rainfed,GGCMI Phase 3 v1.01,10.5281/zenodo.5062513,0.5,containing_native_cell_no_interpolation,scenario_planting_calendar_not_observed_trial_sowing,provider_maturity_not_observed_harvest,,False,wwh_rf_ggcmi_crop_calendar_phase3_v1.01.nc4,c5637bb704b9ee884fb0e158b9f1bc3cd2782e2f84700652a3c2026a469641c6
basf-wheat-diseases,era5loc_9bab3d8b45e2,52.8,8.2,data/basf-wheat-diseases.txt; coordinates rounded to 0.1 degrees,74,376,52.75,8.25,6.507305635400798,290.0,220.0,295.0,2.0,True,False,winter_wheat,rainfed,GGCMI Phase 3 v1.01,10.5281/zenodo.5062513,0.5,containing_native_cell_no_interpolation,scenario_planting_calendar_not_observed_trial_sowing,provider_maturity_not_observed_harvest,,False,wwh_rf_ggcmi_crop_calendar_phase3_v1.01.nc4,c5637bb704b9ee884fb0e158b9f1bc3cd2782e2f84700652a3c2026a469641c6
basf-wheat-diseases,era5loc_4377e8a5ddaf,55.6,11.7,data/basf-wheat-diseases.txt; coordinates rounded to 0.1 degrees,68,383,55.75,11.75,16.99407859677835,286.0,216.0,295.0,2.0,True,False,winter_wheat,rainfed,GGCMI Phase 3 v1.01,10.5281/zenodo.5062513,0.5,containing_native_cell_no_interpolation,scenario_planting_calendar_not_observed_trial_sowing,provider_maturity_not_observed_harvest,,False,wwh_rf_ggcmi_crop_calendar_phase3_v1.01.nc4,c5637bb704b9ee884fb0e158b9f1bc3cd2782e2f84700652a3c2026a469641c6
basf-wheat-diseases,era5loc_4c053f3e1d9b,55.7,11.7,data/basf-wheat-diseases.txt; coordinates rounded to 0.1 degrees,68,383,55.75,11.75,6.39220876116508,286.0,216.0,295.0,2.0,True,False,winter_wheat,rainfed,GGCMI Phase 3 v1.01,10.5281/zenodo.5062513,0.5,containing_native_cell_no_interpolation,scenario_planting_calendar_not_observed_trial_sowing,provider_maturity_not_observed_harvest,,False,wwh_rf_ggcmi_crop_calendar_phase3_v1.01.nc4,c5637bb704b9ee884fb0e158b9f1bc3cd2782e2f84700652a3c2026a469641c6
basf-wheat-diseases,era5loc_2510b95b8598,50.5,2.5,data/basf-wheat-diseases.txt; coordinates rounded to 0.1 degrees,79,365,50.25,2.75,33.0093443780995,304.0,206.0,267.0,2.0,True,False,winter_wheat,rainfed,GGCMI Phase 3 v1.01,10.5281/zenodo.5062513,0.5,containing_native_cell_no_interpolation,scenario_planting_calendar_not_observed_trial_sowing,provider_maturity_not_observed_harvest,,False,wwh_rf_ggcmi_crop_calendar_phase3_v1.01.nc4,c5637bb704b9ee884fb0e158b9f1bc3cd2782e2f84700652a3c2026a469641c6
basf-wheat-diseases,era5loc_4d66a38d70e0,50.4,2.6,data/basf-wheat-diseases.txt; coordinates rounded to 0.1 degrees,79,365,50.25,2.75,19.81154498827549,304.0,206.0,267.0,2.0,True,False,winter_wheat,rainfed,GGCMI Phase 3 v1.01,10.5281/zenodo.5062513,0.5,containing_native_cell_no_interpolation,scenario_planting_calendar_not_observed_trial_sowing,provider_maturity_not_observed_harvest,,False,wwh_rf_ggcmi_crop_calendar_phase3_v1.01.nc4,c5637bb704b9ee884fb0e158b9f1bc3cd2782e2f84700652a3c2026a469641c6
basf-wheat-diseases,era5loc_9df6a8624376,48.0,-2.4,data/basf-wheat-diseases.txt; coordinates rounded to 0.1 degrees,84,355,47.75,-2.25,29.976281368856338,304.0,206.0,267.0,2.0,True,False,winter_wheat,rainfed,GGCMI Phase 3 v1.01,10.5281/zenodo.5062513,0.5,containing_native_cell_no_interpolation,scenario_planting_calendar_not_observed_trial_sowing,provider_maturity_not_observed_harvest,,False,wwh_rf_ggcmi_crop_calendar_phase3_v1.01.nc4,c5637bb704b9ee884fb0e158b9f1bc3cd2782e2f84700652a3c2026a469641c6
basf-wheat-diseases,era5loc_9fdbe521e986,52.5,16.7,data/basf-wheat-diseases.txt; coordinates rounded to 0.1 degrees,75,393,52.25,16.75,28.026242231632995,276.0,202.0,291.0,2.0,True,False,winter_wheat,rainfed,GGCMI Phase 3 v1.01,10.5281/zenodo.5062513,0.5,containing_native_cell_no_interpolation,scenario_planting_calendar_not_observed_trial_sowing,provider_maturity_not_observed_harvest,,False,wwh_rf_ggcmi_crop_calendar_phase3_v1.01.nc4,c5637bb704b9ee884fb0e158b9f1bc3cd2782e2f84700652a3c2026a469641c6
basf-wheat-diseases,era5loc_9d13b5d9fd0b,52.1,17.2,data/basf-wheat-diseases.txt; coordinates rounded to 0.1 degrees,75,394,52.25,17.25,17.037485608079855,276.0,202.0,291.0,2.0,True,False,winter_wheat,rainfed,GGCMI Phase 3 v1.01,10.5281/zenodo.5062513,0.5,containing_native_cell_no_interpolation,scenario_planting_calendar_not_observed_trial_sowing,provider_maturity_not_observed_harvest,,False,wwh_rf_ggcmi_crop_calendar_phase3_v1.01.nc4,c5637bb704b9ee884fb0e158b9f1bc3cd2782e2f84700652a3c2026a469641c6
basf-wheat-diseases,era5loc_78c989c1d3e9,52.8,16.9,data/basf-wheat-diseases.txt; coordinates rounded to 0.1 degrees,74,393,52.75,16.75,11.55125139109957,276.0,202.0,291.0,2.0,True,False,winter_wheat,rainfed,GGCMI Phase 3 v1.01,10.5281/zenodo.5062513,0.5,containing_native_cell_no_interpolation,scenario_planting_calendar_not_observed_trial_sowing,provider_maturity_not_observed_harvest,,False,wwh_rf_ggcmi_crop_calendar_phase3_v1.01.nc4,c5637bb704b9ee884fb0e158b9f1bc3cd2782e2f84700652a3c2026a469641c6
basf-wheat-diseases,era5loc_9d012f0ef4a2,53.2,17.7,data/basf-wheat-diseases.txt; coordinates rounded to 0.1 degrees,73,395,53.25,17.75,6.489639539384488,276.0,202.0,291.0,2.0,True,False,winter_wheat,rainfed,GGCMI Phase 3 v1.01,10.5281/zenodo.5062513,0.5,containing_native_cell_no_interpolation,scenario_planting_calendar_not_observed_trial_sowing,provider_maturity_not_observed_harvest,,False,wwh_rf_ggcmi_crop_calendar_phase3_v1.01.nc4,c5637bb704b9ee884fb0e158b9f1bc3cd2782e2f84700652a3c2026a469641c6
basf-wheat-diseases,era5loc_c56b2d917d25,52.6,16.4,data/basf-wheat-diseases.txt; coordinates rounded to 0.1 degrees,74,392,52.75,16.25,19.53369686793718,276.0,202.0,291.0,2.0,True,False,winter_wheat,rainfed,GGCMI Phase 3 v1.01,10.5281/zenodo.5062513,0.5,containing_native_cell_no_interpolation,scenario_planting_calendar_not_observed_trial_sowing,provider_maturity_not_observed_harvest,,False,wwh_rf_ggcmi_crop_calendar_phase3_v1.01.nc4,c5637bb704b9ee884fb0e158b9f1bc3cd2782e2f84700652a3c2026a469641c6
basf-wheat-diseases,era5loc_19510a54e230,52.5,16.6,data/basf-wheat-diseases.txt; coordinates rounded to 0.1 degrees,75,393,52.25,16.75,29.63492536231042,276.0,202.0,291.0,2.0,True,False,winter_wheat,rainfed,GGCMI Phase 3 v1.01,10.5281/zenodo.5062513,0.5,containing_native_cell_no_interpolation,scenario_planting_calendar_not_observed_trial_sowing,provider_maturity_not_observed_harvest,,False,wwh_rf_ggcmi_crop_calendar_phase3_v1.01.nc4,c5637bb704b9ee884fb0e158b9f1bc3cd2782e2f84700652a3c2026a469641c6
basf-wheat-diseases,era5loc_9ed293651491,44.5,26.6,data/basf-wheat-diseases.txt; coordinates rounded to 0.1 degrees,91,413,44.25,26.75,30.24303122673472,275.0,206.0,296.0,2.0,True,False,winter_wheat,rainfed,GGCMI Phase 3 v1.01,10.5281/zenodo.5062513,0.5,containing_native_cell_no_interpolation,scenario_planting_calendar_not_observed_trial_sowing,provider_maturity_not_observed_harvest,,False,wwh_rf_ggcmi_crop_calendar_phase3_v1.01.nc4,c5637bb704b9ee884fb0e158b9f1bc3cd2782e2f84700652a3c2026a469641c6
basf-wheat-diseases,era5loc_593fa6c9da77,44.2,26.4,data/basf-wheat-diseases.txt; coordinates rounded to 0.1 degrees,91,412,44.25,26.25,13.210461221575805,275.0,206.0,296.0,2.0,True,False,winter_wheat,rainfed,GGCMI Phase 3 v1.01,10.5281/zenodo.5062513,0.5,containing_native_cell_no_interpolation,scenario_planting_calendar_not_observed_trial_sowing,provider_maturity_not_observed_harvest,,False,wwh_rf_ggcmi_crop_calendar_phase3_v1.01.nc4,c5637bb704b9ee884fb0e158b9f1bc3cd2782e2f84700652a3c2026a469641c6
basf-wheat-diseases,era5loc_4a011e9da15d,48.6,19.3,data/basf-wheat-diseases.txt; coordinates rounded to 0.1 degrees,82,398,48.75,19.25,17.08212940388014,274.0,175.0,266.0,2.0,True,False,winter_wheat,rainfed,GGCMI Phase 3 v1.01,10.5281/zenodo.5062513,0.5,containing_native_cell_no_interpolation,scenario_planting_calendar_not_observed_trial_sowing,provider_maturity_not_observed_harvest,,False,wwh_rf_ggcmi_crop_calendar_phase3_v1.01.nc4,c5637bb704b9ee884fb0e158b9f1bc3cd2782e2f84700652a3c2026a469641c6
basf-wheat-diseases,era5loc_9361a9333e61,49.2,20.5,data/basf-wheat-diseases.txt; coordinates rounded to 0.1 degrees,81,401,49.25,20.75,19.040482103830964,276.0,202.0,291.0,2.0,True,False,winter_wheat,rainfed,GGCMI Phase 3 v1.01,10.5281/zenodo.5062513,0.5,containing_native_cell_no_interpolation,scenario_planting_calendar_not_observed_trial_sowing,provider_maturity_not_observed_harvest,,False,wwh_rf_ggcmi_crop_calendar_phase3_v1.01.nc4,c5637bb704b9ee884fb0e158b9f1bc3cd2782e2f84700652a3c2026a469641c6
basf-wheat-diseases,era5loc_06e6805bbcce,48.8,21.4,data/basf-wheat-diseases.txt; coordinates rounded to 0.1 degrees,82,402,48.75,21.25,12.34786820732328,274.0,175.0,266.0,2.0,True,False,winter_wheat,rainfed,GGCMI Phase 3 v1.01,10.5281/zenodo.5062513,0.5,containing_native_cell_no_interpolation,scenario_planting_calendar_not_observed_trial_sowing,provider_maturity_not_observed_harvest,,False,wwh_rf_ggcmi_crop_calendar_phase3_v1.01.nc4,c5637bb704b9ee884fb0e158b9f1bc3cd2782e2f84700652a3c2026a469641c6
basf-wheat-diseases,era5loc_6cb369f67eca,51.9,-8.3,data/basf-wheat-diseases.txt; coordinates rounded to 0.1 degrees,76,343,51.75,-8.25,17.041905399520445,305.0,174.0,234.0,1.0,True,False,winter_wheat,rainfed,GGCMI Phase 3 v1.01,10.5281/zenodo.5062513,0.5,containing_native_cell_no_interpolation,scenario_planting_calendar_not_observed_trial_sowing,provider_maturity_not_observed_harvest,,False,wwh_rf_ggcmi_crop_calendar_phase3_v1.01.nc4,c5637bb704b9ee884fb0e158b9f1bc3cd2782e2f84700652a3c2026a469641c6
basf-wheat-diseases,era5loc_da90f16ecea0,52.2,1.0,data/basf-wheat-diseases.txt; coordinates rounded to 0.1 degrees,75,362,52.25,1.25,17.96640942382272,304.0,201.0,262.0,2.0,True,False,winter_wheat,rainfed,GGCMI Phase 3 v1.01,10.5281/zenodo.5062513,0.5,containing_native_cell_no_interpolation,scenario_planting_calendar_not_observed_trial_sowing,provider_maturity_not_observed_harvest,,False,wwh_rf_ggcmi_crop_calendar_phase3_v1.01.nc4,c5637bb704b9ee884fb0e158b9f1bc3cd2782e2f84700652a3c2026a469641c6
basf-wheat-diseases,era5loc_4c9918325b45,52.2,0.9,data/basf-wheat-diseases.txt; coordinates rounded to 0.1 degrees,75,361,52.25,0.75,11.662561380738785,304.0,201.0,262.0,2.0,True,False,winter_wheat,rainfed,GGCMI Phase 3 v1.01,10.5281/zenodo.5062513,0.5,containing_native_cell_no_interpolation,scenario_planting_calendar_not_observed_trial_sowing,provider_maturity_not_observed_harvest,,False,wwh_rf_ggcmi_crop_calendar_phase3_v1.01.nc4,c5637bb704b9ee884fb0e158b9f1bc3cd2782e2f84700652a3c2026a469641c6
basf-wheat-diseases,era5loc_c6e10fbf2c60,52.2,0.3,data/basf-wheat-diseases.txt; coordinates rounded to 0.1 degrees,75,360,52.25,0.25,6.528934390917154,304.0,201.0,262.0,2.0,True,False,winter_wheat,rainfed,GGCMI Phase 3 v1.01,10.5281/zenodo.5062513,0.5,containing_native_cell_no_interpolation,scenario_planting_calendar_not_observed_trial_sowing,provider_maturity_not_observed_harvest,,False,wwh_rf_ggcmi_crop_calendar_phase3_v1.01.nc4,c5637bb704b9ee884fb0e158b9f1bc3cd2782e2f84700652a3c2026a469641c6
basf-wheat-diseases,era5loc_9eac90744974,51.5,-1.7,data/basf-wheat-diseases.txt; coordinates rounded to 0.1 degrees,77,356,51.25,-1.75,28.030907075930198,304.0,201.0,262.0,2.0,True,False,winter_wheat,rainfed,GGCMI Phase 3 v1.01,10.5281/zenodo.5062513,0.5,containing_native_cell_no_interpolation,scenario_planting_calendar_not_observed_trial_sowing,provider_maturity_not_observed_harvest,,False,wwh_rf_ggcmi_crop_calendar_phase3_v1.01.nc4,c5637bb704b9ee884fb0e158b9f1bc3cd2782e2f84700652a3c2026a469641c6
basf-wheat-diseases,era5loc_3c84c4c5c802,52.0,-2.2,data/basf-wheat-diseases.txt; coordinates rounded to 0.1 degrees,76,355,51.75,-2.25,28.028569768516686,304.0,201.0,262.0,2.0,True,False,winter_wheat,rainfed,GGCMI Phase 3 v1.01,10.5281/zenodo.5062513,0.5,containing_native_cell_no_interpolation,scenario_planting_calendar_not_observed_trial_sowing,provider_maturity_not_observed_harvest,,False,wwh_rf_ggcmi_crop_calendar_phase3_v1.01.nc4,c5637bb704b9ee884fb0e158b9f1bc3cd2782e2f84700652a3c2026a469641c6
basf-wheat-diseases,era5loc_5a873c55d610,52.2,0.8,data/basf-wheat-diseases.txt; coordinates rounded to 0.1 degrees,75,361,52.25,0.75,6.528934390916914,304.0,201.0,262.0,2.0,True,False,winter_wheat,rainfed,GGCMI Phase 3 v1.01,10.5281/zenodo.5062513,0.5,containing_native_cell_no_interpolation,scenario_planting_calendar_not_observed_trial_sowing,provider_maturity_not_observed_harvest,,False,wwh_rf_ggcmi_crop_calendar_phase3_v1.01.nc4,c5637bb704b9ee884fb0e158b9f1bc3cd2782e2f84700652a3c2026a469641c6
basf-wheat-diseases,era5loc_518b93a72002,51.4,-2.0,data/basf-wheat-diseases.txt; coordinates rounded to 0.1 degrees,77,356,51.25,-1.75,24.12836362405698,304.0,201.0,262.0,2.0,True,False,winter_wheat,rainfed,GGCMI Phase 3 v1.01,10.5281/zenodo.5062513,0.5,containing_native_cell_no_interpolation,scenario_planting_calendar_not_observed_trial_sowing,provider_maturity_not_observed_harvest,,False,wwh_rf_ggcmi_crop_calendar_phase3_v1.01.nc4,c5637bb704b9ee884fb0e158b9f1bc3cd2782e2f84700652a3c2026a469641c6
corteva-2014-2018-external,era5loc_34ddf36c3b3a,53.8,10.3,published rounded to 0.1 degree; https://doi.org/10.5281/zenodo.6352615,72,380,53.75,10.25,6.4680917164104486,274.0,236.0,327.0,1.0,True,False,winter_wheat,rainfed,GGCMI Phase 3 v1.01,10.5281/zenodo.5062513,0.5,containing_native_cell_no_interpolation,scenario_planting_calendar_not_observed_trial_sowing,provider_maturity_not_observed_harvest,,False,wwh_rf_ggcmi_crop_calendar_phase3_v1.01.nc4,c5637bb704b9ee884fb0e158b9f1bc3cd2782e2f84700652a3c2026a469641c6
corteva-2014-2018-external,era5loc_10922b9e995a,52.2,-1.6,published rounded to 0.1 degree; https://doi.org/10.5281/zenodo.6352615,75,356,52.25,-1.75,11.662561380739428,304.0,201.0,262.0,2.0,True,False,winter_wheat,rainfed,GGCMI Phase 3 v1.01,10.5281/zenodo.5062513,0.5,containing_native_cell_no_interpolation,scenario_planting_calendar_not_observed_trial_sowing,provider_maturity_not_observed_harvest,,False,wwh_rf_ggcmi_crop_calendar_phase3_v1.01.nc4,c5637bb704b9ee884fb0e158b9f1bc3cd2782e2f84700652a3c2026a469641c6
corteva-2014-2018-external,era5loc_9ec703701638,55.3,11.4,published rounded to 0.1 degree; https://doi.org/10.5281/zenodo.6352615,69,382,55.25,11.25,11.039470894110881,286.0,216.0,295.0,2.0,True,False,winter_wheat,rainfed,GGCMI Phase 3 v1.01,10.5281/zenodo.5062513,0.5,containing_native_cell_no_interpolation,scenario_planting_calendar_not_observed_trial_sowing,provider_maturity_not_observed_harvest,,False,wwh_rf_ggcmi_crop_calendar_phase3_v1.01.nc4,c5637bb704b9ee884fb0e158b9f1bc3cd2782e2f84700652a3c2026a469641c6
corteva-2014-2018-external,era5loc_58196cd23b74,52.3,-1.6,published rounded to 0.1 degree; https://doi.org/10.5281/zenodo.6352615,75,356,52.25,-1.75,11.652463460576348,304.0,201.0,262.0,2.0,True,False,winter_wheat,rainfed,GGCMI Phase 3 v1.01,10.5281/zenodo.5062513,0.5,containing_native_cell_no_interpolation,scenario_planting_calendar_not_observed_trial_sowing,provider_maturity_not_observed_harvest,,False,wwh_rf_ggcmi_crop_calendar_phase3_v1.01.nc4,c5637bb704b9ee884fb0e158b9f1bc3cd2782e2f84700652a3c2026a469641c6
corteva-2014-2018-external,era5loc_b19178602a22,54.0,12.2,published rounded to 0.1 degree; https://doi.org/10.5281/zenodo.6352615,72,384,53.75,12.25,28.01932534410121,290.0,220.0,295.0,2.0,True,False,winter_wheat,rainfed,GGCMI Phase 3 v1.01,10.5281/zenodo.5062513,0.5,containing_native_cell_no_interpolation,scenario_planting_calendar_not_observed_trial_sowing,provider_maturity_not_observed_harvest,,False,wwh_rf_ggcmi_crop_calendar_phase3_v1.01.nc4,c5637bb704b9ee884fb0e158b9f1bc3cd2782e2f84700652a3c2026a469641c6
corteva-2014-2018-external,era5loc_44b51b0afbf4,47.5,0.8,published rounded to 0.1 degree; https://doi.org/10.5281/zenodo.6352615,85,361,47.25,0.75,28.049871064296283,304.0,206.0,267.0,2.0,True,False,winter_wheat,rainfed,GGCMI Phase 3 v1.01,10.5281/zenodo.5062513,0.5,containing_native_cell_no_interpolation,scenario_planting_calendar_not_observed_trial_sowing,provider_maturity_not_observed_harvest,,False,wwh_rf_ggcmi_crop_calendar_phase3_v1.01.nc4,c5637bb704b9ee884fb0e158b9f1bc3cd2782e2f84700652a3c2026a469641c6
corteva-2014-2018-external,era5loc_552fc1bf2ed1,49.2,-0.5,published rounded to 0.1 degree; https://doi.org/10.5281/zenodo.6352615,81,359,49.25,-0.25,19.040482103830964,304.0,206.0,267.0,2.0,True,False,winter_wheat,rainfed,GGCMI Phase 3 v1.01,10.5281/zenodo.5062513,0.5,containing_native_cell_no_interpolation,scenario_planting_calendar_not_observed_trial_sowing,provider_maturity_not_observed_harvest,,False,wwh_rf_ggcmi_crop_calendar_phase3_v1.01.nc4,c5637bb704b9ee884fb0e158b9f1bc3cd2782e2f84700652a3c2026a469641c6
corteva-2014-2018-external,era5loc_a3c14cb7ff62,48.1,10.9,published rounded to 0.1 degree; https://doi.org/10.5281/zenodo.6352615,83,381,48.25,10.75,20.066005670980925,274.0,236.0,327.0,1.0,True,False,winter_wheat,rainfed,GGCMI Phase 3 v1.01,10.5281/zenodo.5062513,0.5,containing_native_cell_no_interpolation,scenario_planting_calendar_not_observed_trial_sowing,provider_maturity_not_observed_harvest,,False,wwh_rf_ggcmi_crop_calendar_phase3_v1.01.nc4,c5637bb704b9ee884fb0e158b9f1bc3cd2782e2f84700652a3c2026a469641c6
corteva-2014-2018-external,era5loc_ac3e32c77013,50.2,2.4,published rounded to 0.1 degree; https://doi.org/10.5281/zenodo.6352615,79,364,50.25,2.25,12.062736465408216,304.0,206.0,267.0,2.0,True,False,winter_wheat,rainfed,GGCMI Phase 3 v1.01,10.5281/zenodo.5062513,0.5,containing_native_cell_no_interpolation,scenario_planting_calendar_not_observed_trial_sowing,provider_maturity_not_observed_harvest,,False,wwh_rf_ggcmi_crop_calendar_phase3_v1.01.nc4,c5637bb704b9ee884fb0e158b9f1bc3cd2782e2f84700652a3c2026a469641c6
corteva-2014-2018-external,era5loc_6d5acc6b6792,47.6,1.0,published rounded to 0.1 degree; https://doi.org/10.5281/zenodo.6352615,84,362,47.75,1.25,25.111244014422773,304.0,206.0,267.0,2.0,True,False,winter_wheat,rainfed,GGCMI Phase 3 v1.01,10.5281/zenodo.5062513,0.5,containing_native_cell_no_interpolation,scenario_planting_calendar_not_observed_trial_sowing,provider_maturity_not_observed_harvest,,False,wwh_rf_ggcmi_crop_calendar_phase3_v1.01.nc4,c5637bb704b9ee884fb0e158b9f1bc3cd2782e2f84700652a3c2026a469641c6
corteva-2014-2018-external,era5loc_2bec8c4d1d1c,48.2,11.3,published rounded to 0.1 degree; https://doi.org/10.5281/zenodo.6352615,83,382,48.25,11.25,6.686701592485563,274.0,236.0,327.0,1.0,True,False,winter_wheat,rainfed,GGCMI Phase 3 v1.01,10.5281/zenodo.5062513,0.5,containing_native_cell_no_interpolation,scenario_planting_calendar_not_observed_trial_sowing,provider_maturity_not_observed_harvest,,False,wwh_rf_ggcmi_crop_calendar_phase3_v1.01.nc4,c5637bb704b9ee884fb0e158b9f1bc3cd2782e2f84700652a3c2026a469641c6
corteva-2014-2018-external,era5loc_8c3d66928dac,52.2,-2.8,published rounded to 0.1 degree; https://doi.org/10.5281/zenodo.6352615,75,354,52.25,-2.75,6.528934390917858,304.0,201.0,262.0,2.0,True,False,winter_wheat,rainfed,GGCMI Phase 3 v1.01,10.5281/zenodo.5062513,0.5,containing_native_cell_no_interpolation,scenario_planting_calendar_not_observed_trial_sowing,provider_maturity_not_observed_harvest,,False,wwh_rf_ggcmi_crop_calendar_phase3_v1.01.nc4,c5637bb704b9ee884fb0e158b9f1bc3cd2782e2f84700652a3c2026a469641c6
corteva-2014-2018-external,era5loc_5bc9f026f451,50.3,18.6,published rounded to 0.1 degree; https://doi.org/10.5281/zenodo.6352615,79,397,50.25,18.75,12.052825944411468,276.0,202.0,291.0,2.0,True,False,winter_wheat,rainfed,GGCMI Phase 3 v1.01,10.5281/zenodo.5062513,0.5,containing_native_cell_no_interpolation,scenario_planting_calendar_not_observed_trial_sowing,provider_maturity_not_observed_harvest,,False,wwh_rf_ggcmi_crop_calendar_phase3_v1.01.nc4,c5637bb704b9ee884fb0e158b9f1bc3cd2782e2f84700652a3c2026a469641c6
corteva-2014-2018-external,era5loc_16ba87a73e20,48.9,9.3,published rounded to 0.1 degree; https://doi.org/10.5281/zenodo.6352615,82,378,48.75,9.25,17.080199735408414,274.0,236.0,327.0,1.0,True,False,winter_wheat,rainfed,GGCMI Phase 3 v1.01,10.5281/zenodo.5062513,0.5,containing_native_cell_no_interpolation,scenario_planting_calendar_not_observed_trial_sowing,provider_maturity_not_observed_harvest,,False,wwh_rf_ggcmi_crop_calendar_phase3_v1.01.nc4,c5637bb704b9ee884fb0e158b9f1bc3cd2782e2f84700652a3c2026a469641c6
corteva-2014-2018-external,era5loc_ac9ad304413f,54.2,10.4,published rounded to 0.1 degree; https://doi.org/10.5281/zenodo.6352615,71,380,54.25,10.25,11.255495818980254,274.0,236.0,327.0,1.0,True,False,winter_wheat,rainfed,GGCMI Phase 3 v1.01,10.5281/zenodo.5062513,0.5,containing_native_cell_no_interpolation,scenario_planting_calendar_not_observed_trial_sowing,provider_maturity_not_observed_harvest,,False,wwh_rf_ggcmi_crop_calendar_phase3_v1.01.nc4,c5637bb704b9ee884fb0e158b9f1bc3cd2782e2f84700652a3c2026a469641c6
corteva-2014-2018-external,era5loc_e9355841f968,54.2,10.3,published rounded to 0.1 degree; https://doi.org/10.5281/zenodo.6352615,71,380,54.25,10.25,6.450503299962337,274.0,236.0,327.0,1.0,True,False,winter_wheat,rainfed,GGCMI Phase 3 v1.01,10.5281/zenodo.5062513,0.5,containing_native_cell_no_interpolation,scenario_planting_calendar_not_observed_trial_sowing,provider_maturity_not_observed_harvest,,False,wwh_rf_ggcmi_crop_calendar_phase3_v1.01.nc4,c5637bb704b9ee884fb0e158b9f1bc3cd2782e2f84700652a3c2026a469641c6
corteva-2014-2018-external,era5loc_4a01bdc540c8,47.7,1.0,published rounded to 0.1 degree; https://doi.org/10.5281/zenodo.6352615,84,362,47.75,1.25,19.561825611736527,304.0,206.0,267.0,2.0,True,False,winter_wheat,rainfed,GGCMI Phase 3 v1.01,10.5281/zenodo.5062513,0.5,containing_native_cell_no_interpolation,scenario_planting_calendar_not_observed_trial_sowing,provider_maturity_not_observed_harvest,,False,wwh_rf_ggcmi_crop_calendar_phase3_v1.01.nc4,c5637bb704b9ee884fb0e158b9f1bc3cd2782e2f84700652a3c2026a469641c6
corteva-2014-2018-external,era5loc_271e389189e2,48.3,11.5,published rounded to 0.1 degree; https://doi.org/10.5281/zenodo.6352615,83,383,48.25,11.75,19.37193890505296,274.0,236.0,327.0,1.0,True,False,winter_wheat,rainfed,GGCMI Phase 3 v1.01,10.5281/zenodo.5062513,0.5,containing_native_cell_no_interpolation,scenario_planting_calendar_not_observed_trial_sowing,provider_maturity_not_observed_harvest,,False,wwh_rf_ggcmi_crop_calendar_phase3_v1.01.nc4,c5637bb704b9ee884fb0e158b9f1bc3cd2782e2f84700652a3c2026a469641c6
corteva-2014-2018-external,era5loc_a897dfaa7acf,52.2,-2.7,published rounded to 0.1 degree; https://doi.org/10.5281/zenodo.6352615,75,354,52.25,-2.75,6.528934390917858,304.0,201.0,262.0,2.0,True,False,winter_wheat,rainfed,GGCMI Phase 3 v1.01,10.5281/zenodo.5062513,0.5,containing_native_cell_no_interpolation,scenario_planting_calendar_not_observed_trial_sowing,provider_maturity_not_observed_harvest,,False,wwh_rf_ggcmi_crop_calendar_phase3_v1.01.nc4,c5637bb704b9ee884fb0e158b9f1bc3cd2782e2f84700652a3c2026a469641c6
corteva-2014-2018-external,era5loc_bb6ce598bc3b,52.4,-7.6,published rounded to 0.1 degree; https://doi.org/10.5281/zenodo.6352615,75,344,52.25,-7.75,19.574988582847723,305.0,174.0,234.0,1.0,True,False,winter_wheat,rainfed,GGCMI Phase 3 v1.01,10.5281/zenodo.5062513,0.5,containing_native_cell_no_interpolation,scenario_planting_calendar_not_observed_trial_sowing,provider_maturity_not_observed_harvest,,False,wwh_rf_ggcmi_crop_calendar_phase3_v1.01.nc4,c5637bb704b9ee884fb0e158b9f1bc3cd2782e2f84700652a3c2026a469641c6
corteva-2014-2018-external,era5loc_564939414644,53.8,10.6,published rounded to 0.1 degree; https://doi.org/10.5281/zenodo.6352615,72,381,53.75,10.75,11.34761989094493,290.0,220.0,295.0,2.0,True,False,winter_wheat,rainfed,GGCMI Phase 3 v1.01,10.5281/zenodo.5062513,0.5,containing_native_cell_no_interpolation,scenario_planting_calendar_not_observed_trial_sowing,provider_maturity_not_observed_harvest,,False,wwh_rf_ggcmi_crop_calendar_phase3_v1.01.nc4,c5637bb704b9ee884fb0e158b9f1bc3cd2782e2f84700652a3c2026a469641c6
corteva-2014-2018-external,era5loc_675a14abc4ed,50.2,2.5,published rounded to 0.1 degree; https://doi.org/10.5281/zenodo.6352615,79,365,50.25,2.75,18.686964584075636,304.0,206.0,267.0,2.0,True,False,winter_wheat,rainfed,GGCMI Phase 3 v1.01,10.5281/zenodo.5062513,0.5,containing_native_cell_no_interpolation,scenario_planting_calendar_not_observed_trial_sowing,provider_maturity_not_observed_harvest,,False,wwh_rf_ggcmi_crop_calendar_phase3_v1.01.nc4,c5637bb704b9ee884fb0e158b9f1bc3cd2782e2f84700652a3c2026a469641c6
corteva-2014-2018-external,era5loc_147e0282030a,58.3,14.8,published rounded to 0.1 degree; https://doi.org/10.5281/zenodo.6352615,63,389,58.25,14.75,6.294692403886569,285.0,190.0,270.0,3.0,True,False,winter_wheat,rainfed,GGCMI Phase 3 v1.01,10.5281/zenodo.5062513,0.5,containing_native_cell_no_interpolation,scenario_planting_calendar_not_observed_trial_sowing,provider_maturity_not_observed_harvest,,False,wwh_rf_ggcmi_crop_calendar_phase3_v1.01.nc4,c5637bb704b9ee884fb0e158b9f1bc3cd2782e2f84700652a3c2026a469641c6
corteva-2014-2018-external,era5loc_efa0b1c20b7e,58.5,15.1,published rounded to 0.1 degree; https://doi.org/10.5281/zenodo.6352615,63,390,58.25,15.25,29.19653703686451,274.0,174.0,265.0,2.0,True,False,winter_wheat,rainfed,GGCMI Phase 3 v1.01,10.5281/zenodo.5062513,0.5,containing_native_cell_no_interpolation,scenario_planting_calendar_not_observed_trial_sowing,provider_maturity_not_observed_harvest,,False,wwh_rf_ggcmi_crop_calendar_phase3_v1.01.nc4,c5637bb704b9ee884fb0e158b9f1bc3cd2782e2f84700652a3c2026a469641c6
corteva-2014-2018-external,era5loc_1413d3db59ca,52.3,16.4,published rounded to 0.1 degree; https://doi.org/10.5281/zenodo.6352615,75,392,52.25,16.25,11.652463460576246,276.0,202.0,291.0,2.0,True,False,winter_wheat,rainfed,GGCMI Phase 3 v1.01,10.5281/zenodo.5062513,0.5,containing_native_cell_no_interpolation,scenario_planting_calendar_not_observed_trial_sowing,provider_maturity_not_observed_harvest,,False,wwh_rf_ggcmi_crop_calendar_phase3_v1.01.nc4,c5637bb704b9ee884fb0e158b9f1bc3cd2782e2f84700652a3c2026a469641c6
corteva-2014-2018-external,era5loc_2fb425fa23bb,52.2,-2.6,published rounded to 0.1 degree; https://doi.org/10.5281/zenodo.6352615,75,354,52.25,-2.75,11.662561380739428,304.0,201.0,262.0,2.0,True,False,winter_wheat,rainfed,GGCMI Phase 3 v1.01,10.5281/zenodo.5062513,0.5,containing_native_cell_no_interpolation,scenario_planting_calendar_not_observed_trial_sowing,provider_maturity_not_observed_harvest,,False,wwh_rf_ggcmi_crop_calendar_phase3_v1.01.nc4,c5637bb704b9ee884fb0e158b9f1bc3cd2782e2f84700652a3c2026a469641c6
corteva-2014-2018-external,era5loc_86c70f7f7a55,53.7,7.9,published rounded to 0.1 degree; https://doi.org/10.5281/zenodo.6352615,72,375,53.75,7.75,11.3578378007327,274.0,236.0,327.0,1.0,True,False,winter_wheat,rainfed,GGCMI Phase 3 v1.01,10.5281/zenodo.5062513,0.5,containing_native_cell_no_interpolation,scenario_planting_calendar_not_observed_trial_sowing,provider_maturity_not_observed_harvest,,False,wwh_rf_ggcmi_crop_calendar_phase3_v1.01.nc4,c5637bb704b9ee884fb0e158b9f1bc3cd2782e2f84700652a3c2026a469641c6
corteva-2014-2018-external,era5loc_75bcfbe45580,50.2,3.0,published rounded to 0.1 degree; https://doi.org/10.5281/zenodo.6352615,79,366,50.25,3.25,18.686964584075636,304.0,206.0,267.0,2.0,True,False,winter_wheat,rainfed,GGCMI Phase 3 v1.01,10.5281/zenodo.5062513,0.5,containing_native_cell_no_interpolation,scenario_planting_calendar_not_observed_trial_sowing,provider_maturity_not_observed_harvest,,False,wwh_rf_ggcmi_crop_calendar_phase3_v1.01.nc4,c5637bb704b9ee884fb0e158b9f1bc3cd2782e2f84700652a3c2026a469641c6
corteva-2014-2018-external,era5loc_3a61f47c1c68,58.5,15.2,published rounded to 0.1 degree; https://doi.org/10.5281/zenodo.6352615,63,390,58.25,15.25,27.999329416912637,274.0,174.0,265.0,2.0,True,False,winter_wheat,rainfed,GGCMI Phase 3 v1.01,10.5281/zenodo.5062513,0.5,containing_native_cell_no_interpolation,scenario_planting_calendar_not_observed_trial_sowing,provider_maturity_not_observed_harvest,,False,wwh_rf_ggcmi_crop_calendar_phase3_v1.01.nc4,c5637bb704b9ee884fb0e158b9f1bc3cd2782e2f84700652a3c2026a469641c6
corteva-2014-2018-external,era5loc_d0526892c13b,58.5,15.6,published rounded to 0.1 degree; https://doi.org/10.5281/zenodo.6352615,63,391,58.25,15.75,29.19653703686451,274.0,174.0,265.0,2.0,True,False,winter_wheat,rainfed,GGCMI Phase 3 v1.01,10.5281/zenodo.5062513,0.5,containing_native_cell_no_interpolation,scenario_planting_calendar_not_observed_trial_sowing,provider_maturity_not_observed_harvest,,False,wwh_rf_ggcmi_crop_calendar_phase3_v1.01.nc4,c5637bb704b9ee884fb0e158b9f1bc3cd2782e2f84700652a3c2026a469641c6
corteva-2014-2018-external,era5loc_172a8482b77b,48.2,11.4,published rounded to 0.1 degree; https://doi.org/10.5281/zenodo.6352615,83,382,48.25,11.25,12.454820472265347,274.0,236.0,327.0,1.0,True,False,winter_wheat,rainfed,GGCMI Phase 3 v1.01,10.5281/zenodo.5062513,0.5,containing_native_cell_no_interpolation,scenario_planting_calendar_not_observed_trial_sowing,provider_maturity_not_observed_harvest,,False,wwh_rf_ggcmi_crop_calendar_phase3_v1.01.nc4,c5637bb704b9ee884fb0e158b9f1bc3cd2782e2f84700652a3c2026a469641c6
corteva-2014-2018-external,era5loc_b78a3047c055,52.4,-1.4,published rounded to 0.1 degree; https://doi.org/10.5281/zenodo.6352615,75,357,52.25,-1.25,19.57498858284843,304.0,201.0,262.0,2.0,True,False,winter_wheat,rainfed,GGCMI Phase 3 v1.01,10.5281/zenodo.5062513,0.5,containing_native_cell_no_interpolation,scenario_planting_calendar_not_observed_trial_sowing,provider_maturity_not_observed_harvest,,False,wwh_rf_ggcmi_crop_calendar_phase3_v1.01.nc4,c5637bb704b9ee884fb0e158b9f1bc3cd2782e2f84700652a3c2026a469641c6
corteva-2014-2018-external,era5loc_444826b8a178,52.1,-2.6,published rounded to 0.1 degree; https://doi.org/10.5281/zenodo.6352615,75,354,52.25,-2.75,19.592698124848624,304.0,201.0,262.0,2.0,True,False,winter_wheat,rainfed,GGCMI Phase 3 v1.01,10.5281/zenodo.5062513,0.5,containing_native_cell_no_interpolation,scenario_planting_calendar_not_observed_trial_sowing,provider_maturity_not_observed_harvest,,False,wwh_rf_ggcmi_crop_calendar_phase3_v1.01.nc4,c5637bb704b9ee884fb0e158b9f1bc3cd2782e2f84700652a3c2026a469641c6
corteva-2014-2018-external,era5loc_06b87a47fb78,52.9,-6.9,published rounded to 0.1 degree; https://doi.org/10.5281/zenodo.6352615,74,346,52.75,-6.75,19.516014739065678,305.0,174.0,234.0,1.0,True,False,winter_wheat,rainfed,GGCMI Phase 3 v1.01,10.5281/zenodo.5062513,0.5,containing_native_cell_no_interpolation,scenario_planting_calendar_not_observed_trial_sowing,provider_maturity_not_observed_harvest,,False,wwh_rf_ggcmi_crop_calendar_phase3_v1.01.nc4,c5637bb704b9ee884fb0e158b9f1bc3cd2782e2f84700652a3c2026a469641c6
corteva-2014-2018-external,era5loc_d0e22e1571cb,52.9,-6.7,published rounded to 0.1 degree; https://doi.org/10.5281/zenodo.6352615,74,346,52.75,-6.75,17.02931077182576,305.0,174.0,234.0,1.0,True,False,winter_wheat,rainfed,GGCMI Phase 3 v1.01,10.5281/zenodo.5062513,0.5,containing_native_cell_no_interpolation,scenario_planting_calendar_not_observed_trial_sowing,provider_maturity_not_observed_harvest,,False,wwh_rf_ggcmi_crop_calendar_phase3_v1.01.nc4,c5637bb704b9ee884fb0e158b9f1bc3cd2782e2f84700652a3c2026a469641c6
corteva-2014-2018-external,era5loc_08a1d4574c90,52.5,16.8,published rounded to 0.1 degree; https://doi.org/10.5281/zenodo.6352615,75,393,52.25,16.75,28.026242231632995,276.0,202.0,291.0,2.0,True,False,winter_wheat,rainfed,GGCMI Phase 3 v1.01,10.5281/zenodo.5062513,0.5,containing_native_cell_no_interpolation,scenario_planting_calendar_not_observed_trial_sowing,provider_maturity_not_observed_harvest,,False,wwh_rf_ggcmi_crop_calendar_phase3_v1.01.nc4,c5637bb704b9ee884fb0e158b9f1bc3cd2782e2f84700652a3c2026a469641c6
corteva-2014-2018-external,era5loc_00eea7e0108c,50.4,8.2,published rounded to 0.1 degree; https://doi.org/10.5281/zenodo.6352615,79,376,50.25,8.25,17.06097160477929,274.0,236.0,327.0,1.0,True,False,winter_wheat,rainfed,GGCMI Phase 3 v1.01,10.5281/zenodo.5062513,0.5,containing_native_cell_no_interpolation,scenario_planting_calendar_not_observed_trial_sowing,provider_maturity_not_observed_harvest,,False,wwh_rf_ggcmi_crop_calendar_phase3_v1.01.nc4,c5637bb704b9ee884fb0e158b9f1bc3cd2782e2f84700652a3c2026a469641c6
corteva-2014-2018-external,era5loc_7d2651d26912,53.0,17.2,published rounded to 0.1 degree; https://doi.org/10.5281/zenodo.6352615,74,394,52.75,17.25,28.023925176810668,276.0,202.0,291.0,2.0,True,False,winter_wheat,rainfed,GGCMI Phase 3 v1.01,10.5281/zenodo.5062513,0.5,containing_native_cell_no_interpolation,scenario_planting_calendar_not_observed_trial_sowing,provider_maturity_not_observed_harvest,,False,wwh_rf_ggcmi_crop_calendar_phase3_v1.01.nc4,c5637bb704b9ee884fb0e158b9f1bc3cd2782e2f84700652a3c2026a469641c6
corteva-2014-2018-external,era5loc_a0cd83c309f8,55.9,-2.8,published rounded to 0.1 degree; https://doi.org/10.5281/zenodo.6352615,68,354,55.75,-2.75,16.992256078886548,304.0,201.0,262.0,2.0,True,False,winter_wheat,rainfed,GGCMI Phase 3 v1.01,10.5281/zenodo.5062513,0.5,containing_native_cell_no_interpolation,scenario_planting_calendar_not_observed_trial_sowing,provider_maturity_not_observed_harvest,,False,wwh_rf_ggcmi_crop_calendar_phase3_v1.01.nc4,c5637bb704b9ee884fb0e158b9f1bc3cd2782e2f84700652a3c2026a469641c6
corteva-2014-2018-external,era5loc_0da14fe6a2dd,49.9,2.1,published rounded to 0.1 degree; https://doi.org/10.5281/zenodo.6352615,80,364,49.75,2.25,19.87075674610534,304.0,206.0,267.0,2.0,True,False,winter_wheat,rainfed,GGCMI Phase 3 v1.01,10.5281/zenodo.5062513,0.5,containing_native_cell_no_interpolation,scenario_planting_calendar_not_observed_trial_sowing,provider_maturity_not_observed_harvest,,False,wwh_rf_ggcmi_crop_calendar_phase3_v1.01.nc4,c5637bb704b9ee884fb0e158b9f1bc3cd2782e2f84700652a3c2026a469641c6
corteva-2014-2018-external,era5loc_c6c2c622a0ea,52.7,-1.6,published rounded to 0.1 degree; https://doi.org/10.5281/zenodo.6352615,74,356,52.75,-1.75,11.561391351051391,304.0,201.0,262.0,2.0,True,False,winter_wheat,rainfed,GGCMI Phase 3 v1.01,10.5281/zenodo.5062513,0.5,containing_native_cell_no_interpolation,scenario_planting_calendar_not_observed_trial_sowing,provider_maturity_not_observed_harvest,,False,wwh_rf_ggcmi_crop_calendar_phase3_v1.01.nc4,c5637bb704b9ee884fb0e158b9f1bc3cd2782e2f84700652a3c2026a469641c6
corteva-2014-2018-external,era5loc_ee73759db932,53.4,-7.6,published rounded to 0.1 degree; https://doi.org/10.5281/zenodo.6352615,73,344,53.25,-7.75,19.45714458566769,305.0,174.0,234.0,1.0,True,False,winter_wheat,rainfed,GGCMI Phase 3 v1.01,10.5281/zenodo.5062513,0.5,containing_native_cell_no_interpolation,scenario_planting_calendar_not_observed_trial_sowing,provider_maturity_not_observed_harvest,,False,wwh_rf_ggcmi_crop_calendar_phase3_v1.01.nc4,c5637bb704b9ee884fb0e158b9f1bc3cd2782e2f84700652a3c2026a469641c6
corteva-2014-2018-external,era5loc_badf6a0c8408,53.0,-6.9,published rounded to 0.1 degree; https://doi.org/10.5281/zenodo.6352615,74,346,52.75,-6.75,29.59744285970011,305.0,174.0,234.0,1.0,True,False,winter_wheat,rainfed,GGCMI Phase 3 v1.01,10.5281/zenodo.5062513,0.5,containing_native_cell_no_interpolation,scenario_planting_calendar_not_observed_trial_sowing,provider_maturity_not_observed_harvest,,False,wwh_rf_ggcmi_crop_calendar_phase3_v1.01.nc4,c5637bb704b9ee884fb0e158b9f1bc3cd2782e2f84700652a3c2026a469641c6
corteva-2014-2018-external,era5loc_cd0793ddaa5d,50.3,18.5,published rounded to 0.1 degree; https://doi.org/10.5281/zenodo.6352615,79,397,50.25,18.75,18.669167398557082,276.0,202.0,291.0,2.0,True,False,winter_wheat,rainfed,GGCMI Phase 3 v1.01,10.5281/zenodo.5062513,0.5,containing_native_cell_no_interpolation,scenario_planting_calendar_not_observed_trial_sowing,provider_maturity_not_observed_harvest,,False,wwh_rf_ggcmi_crop_calendar_phase3_v1.01.nc4,c5637bb704b9ee884fb0e158b9f1bc3cd2782e2f84700652a3c2026a469641c6
corteva-2014-2018-external,era5loc_b1851c4862e8,50.3,8.8,published rounded to 0.1 degree; https://doi.org/10.5281/zenodo.6352615,79,377,50.25,8.75,6.6058249009486785,274.0,236.0,327.0,1.0,True,False,winter_wheat,rainfed,GGCMI Phase 3 v1.01,10.5281/zenodo.5062513,0.5,containing_native_cell_no_interpolation,scenario_planting_calendar_not_observed_trial_sowing,provider_maturity_not_observed_harvest,,False,wwh_rf_ggcmi_crop_calendar_phase3_v1.01.nc4,c5637bb704b9ee884fb0e158b9f1bc3cd2782e2f84700652a3c2026a469641c6
corteva-2014-2018-external,era5loc_9721ab7cc715,50.2,-2.4,published rounded to 0.1 degree; https://doi.org/10.5281/zenodo.6352615,79,355,50.25,-2.25,12.062736465408216,,,,,False,True,winter_wheat,rainfed,GGCMI Phase 3 v1.01,10.5281/zenodo.5062513,0.5,containing_native_cell_no_interpolation,scenario_planting_calendar_not_observed_trial_sowing,provider_maturity_not_observed_harvest,,False,wwh_rf_ggcmi_crop_calendar_phase3_v1.01.nc4,c5637bb704b9ee884fb0e158b9f1bc3cd2782e2f84700652a3c2026a469641c6
corteva-2014-2018-external,era5loc_2b86c955613c,52.7,-0.5,published rounded to 0.1 degree; https://doi.org/10.5281/zenodo.6352615,74,359,52.75,-0.25,17.78358607638439,304.0,201.0,262.0,2.0,True,False,winter_wheat,rainfed,GGCMI Phase 3 v1.01,10.5281/zenodo.5062513,0.5,containing_native_cell_no_interpolation,scenario_planting_calendar_not_observed_trial_sowing,provider_maturity_not_observed_harvest,,False,wwh_rf_ggcmi_crop_calendar_phase3_v1.01.nc4,c5637bb704b9ee884fb0e158b9f1bc3cd2782e2f84700652a3c2026a469641c6
corteva-2014-2018-external,era5loc_7df03bc05f0e,49.1,-0.5,published rounded to 0.1 degree; https://doi.org/10.5281/zenodo.6352615,81,359,49.25,-0.25,24.709816745579246,304.0,206.0,267.0,2.0,True,False,winter_wheat,rainfed,GGCMI Phase 3 v1.01,10.5281/zenodo.5062513,0.5,containing_native_cell_no_interpolation,scenario_planting_calendar_not_observed_trial_sowing,provider_maturity_not_observed_harvest,,False,wwh_rf_ggcmi_crop_calendar_phase3_v1.01.nc4,c5637bb704b9ee884fb0e158b9f1bc3cd2782e2f84700652a3c2026a469641c6
corteva-2014-2018-external,era5loc_571d1ffe9b17,48.1,3.8,published rounded to 0.1 degree; https://doi.org/10.5281/zenodo.6352615,83,367,48.25,3.75,17.088568793226454,304.0,206.0,267.0,2.0,True,False,winter_wheat,rainfed,GGCMI Phase 3 v1.01,10.5281/zenodo.5062513,0.5,containing_native_cell_no_interpolation,scenario_planting_calendar_not_observed_trial_sowing,provider_maturity_not_observed_harvest,,False,wwh_rf_ggcmi_crop_calendar_phase3_v1.01.nc4,c5637bb704b9ee884fb0e158b9f1bc3cd2782e2f84700652a3c2026a469641c6
corteva-2014-2018-external,era5loc_b267bcd7dbd3,54.2,10.9,published rounded to 0.1 degree; https://doi.org/10.5281/zenodo.6352615,71,381,54.25,10.75,11.255495818980254,274.0,236.0,327.0,1.0,True,False,winter_wheat,rainfed,GGCMI Phase 3 v1.01,10.5281/zenodo.5062513,0.5,containing_native_cell_no_interpolation,scenario_planting_calendar_not_observed_trial_sowing,provider_maturity_not_observed_harvest,,False,wwh_rf_ggcmi_crop_calendar_phase3_v1.01.nc4,c5637bb704b9ee884fb0e158b9f1bc3cd2782e2f84700652a3c2026a469641c6
corteva-2014-2018-external,era5loc_37afec23e7f5,53.8,10.5,published rounded to 0.1 degree; https://doi.org/10.5281/zenodo.6352615,72,381,53.75,10.75,17.396345545356397,290.0,220.0,295.0,2.0,True,False,winter_wheat,rainfed,GGCMI Phase 3 v1.01,10.5281/zenodo.5062513,0.5,containing_native_cell_no_interpolation,scenario_planting_calendar_not_observed_trial_sowing,provider_maturity_not_observed_harvest,,False,wwh_rf_ggcmi_crop_calendar_phase3_v1.01.nc4,c5637bb704b9ee884fb0e158b9f1bc3cd2782e2f84700652a3c2026a469641c6
corteva-2014-2018-external,era5loc_831f1bcc3513,53.4,8.1,published rounded to 0.1 degree; https://doi.org/10.5281/zenodo.6352615,73,376,53.25,8.25,19.45714458566769,274.0,236.0,327.0,1.0,True,False,winter_wheat,rainfed,GGCMI Phase 3 v1.01,10.5281/zenodo.5062513,0.5,containing_native_cell_no_interpolation,scenario_planting_calendar_not_observed_trial_sowing,provider_maturity_not_observed_harvest,,False,wwh_rf_ggcmi_crop_calendar_phase3_v1.01.nc4,c5637bb704b9ee884fb0e158b9f1bc3cd2782e2f84700652a3c2026a469641c6
corteva-2014-2018-external,era5loc_707c396abf09,51.2,13.3,published rounded to 0.1 degree; https://doi.org/10.5281/zenodo.6352615,77,386,51.25,13.25,6.568337317063783,274.0,236.0,327.0,1.0,True,False,winter_wheat,rainfed,GGCMI Phase 3 v1.01,10.5281/zenodo.5062513,0.5,containing_native_cell_no_interpolation,scenario_planting_calendar_not_observed_trial_sowing,provider_maturity_not_observed_harvest,,False,wwh_rf_ggcmi_crop_calendar_phase3_v1.01.nc4,c5637bb704b9ee884fb0e158b9f1bc3cd2782e2f84700652a3c2026a469641c6
corteva-2014-2018-external,era5loc_a8819305ac0f,52.1,-2.5,published rounded to 0.1 degree; https://doi.org/10.5281/zenodo.6352615,75,355,52.25,-2.25,23.897059439456672,304.0,201.0,262.0,2.0,True,False,winter_wheat,rainfed,GGCMI Phase 3 v1.01,10.5281/zenodo.5062513,0.5,containing_native_cell_no_interpolation,scenario_planting_calendar_not_observed_trial_sowing,provider_maturity_not_observed_harvest,,False,wwh_rf_ggcmi_crop_calendar_phase3_v1.01.nc4,c5637bb704b9ee884fb0e158b9f1bc3cd2782e2f84700652a3c2026a469641c6
corteva-2014-2018-external,era5loc_5169e9aeb73a,52.0,17.5,published rounded to 0.1 degree; https://doi.org/10.5281/zenodo.6352615,76,395,51.75,17.75,32.713533487671405,276.0,202.0,291.0,2.0,True,False,winter_wheat,rainfed,GGCMI Phase 3 v1.01,10.5281/zenodo.5062513,0.5,containing_native_cell_no_interpolation,scenario_planting_calendar_not_observed_trial_sowing,provider_maturity_not_observed_harvest,,False,wwh_rf_ggcmi_crop_calendar_phase3_v1.01.nc4,c5637bb704b9ee884fb0e158b9f1bc3cd2782e2f84700652a3c2026a469641c6
corteva-2014-2018-external,era5loc_83d8fea92444,49.4,0.8,published rounded to 0.1 degree; https://doi.org/10.5281/zenodo.6352615,81,361,49.25,0.75,17.073775653279448,304.0,206.0,267.0,2.0,True,False,winter_wheat,rainfed,GGCMI Phase 3 v1.01,10.5281/zenodo.5062513,0.5,containing_native_cell_no_interpolation,scenario_planting_calendar_not_observed_trial_sowing,provider_maturity_not_observed_harvest,,False,wwh_rf_ggcmi_crop_calendar_phase3_v1.01.nc4,c5637bb704b9ee884fb0e158b9f1bc3cd2782e2f84700652a3c2026a469641c6
corteva-2014-2018-external,era5loc_0a75763dbaf3,52.2,-2.9,published rounded to 0.1 degree; https://doi.org/10.5281/zenodo.6352615,75,354,52.25,-2.75,11.662561380739428,304.0,201.0,262.0,2.0,True,False,winter_wheat,rainfed,GGCMI Phase 3 v1.01,10.5281/zenodo.5062513,0.5,containing_native_cell_no_interpolation,scenario_planting_calendar_not_observed_trial_sowing,provider_maturity_not_observed_harvest,,False,wwh_rf_ggcmi_crop_calendar_phase3_v1.01.nc4,c5637bb704b9ee884fb0e158b9f1bc3cd2782e2f84700652a3c2026a469641c6
corteva-2014-2018-external,era5loc_4e98f2286742,49.8,3.0,published rounded to 0.1 degree; https://doi.org/10.5281/zenodo.6352615,80,366,49.75,3.25,18.846622896316948,304.0,206.0,267.0,2.0,True,False,winter_wheat,rainfed,GGCMI Phase 3 v1.01,10.5281/zenodo.5062513,0.5,containing_native_cell_no_interpolation,scenario_planting_calendar_not_observed_trial_sowing,provider_maturity_not_observed_harvest,,False,wwh_rf_ggcmi_crop_calendar_phase3_v1.01.nc4,c5637bb704b9ee884fb0e158b9f1bc3cd2782e2f84700652a3c2026a469641c6
corteva-2014-2018-external,era5loc_37b55ea540c2,55.5,11.9,published rounded to 0.1 degree; https://doi.org/10.5281/zenodo.6352615,69,383,55.25,11.75,29.412263193998882,286.0,216.0,295.0,2.0,True,False,winter_wheat,rainfed,GGCMI Phase 3 v1.01,10.5281/zenodo.5062513,0.5,containing_native_cell_no_interpolation,scenario_planting_calendar_not_observed_trial_sowing,provider_maturity_not_observed_harvest,,False,wwh_rf_ggcmi_crop_calendar_phase3_v1.01.nc4,c5637bb704b9ee884fb0e158b9f1bc3cd2782e2f84700652a3c2026a469641c6
corteva-2014-2018-external,era5loc_5e6d20c69e16,53.8,10.4,published rounded to 0.1 degree; https://doi.org/10.5281/zenodo.6352615,72,380,53.75,10.25,11.34761989094493,274.0,236.0,327.0,1.0,True,False,winter_wheat,rainfed,GGCMI Phase 3 v1.01,10.5281/zenodo.5062513,0.5,containing_native_cell_no_interpolation,scenario_planting_calendar_not_observed_trial_sowing,provider_maturity_not_observed_harvest,,False,wwh_rf_ggcmi_crop_calendar_phase3_v1.01.nc4,c5637bb704b9ee884fb0e158b9f1bc3cd2782e2f84700652a3c2026a469641c6
corteva-2014-2018-external,era5loc_1c001582d1e8,53.7,10.4,published rounded to 0.1 degree; https://doi.org/10.5281/zenodo.6352615,72,380,53.75,10.25,11.3578378007327,274.0,236.0,327.0,1.0,True,False,winter_wheat,rainfed,GGCMI Phase 3 v1.01,10.5281/zenodo.5062513,0.5,containing_native_cell_no_interpolation,scenario_planting_calendar_not_observed_trial_sowing,provider_maturity_not_observed_harvest,,False,wwh_rf_ggcmi_crop_calendar_phase3_v1.01.nc4,c5637bb704b9ee884fb0e158b9f1bc3cd2782e2f84700652a3c2026a469641c6
corteva-2014-2018-external,era5loc_86d14c866fc7,52.1,-4.6,published rounded to 0.1 degree; https://doi.org/10.5281/zenodo.6352615,75,350,52.25,-4.75,19.592698124848685,304.0,201.0,262.0,2.0,True,False,winter_wheat,rainfed,GGCMI Phase 3 v1.01,10.5281/zenodo.5062513,0.5,containing_native_cell_no_interpolation,scenario_planting_calendar_not_observed_trial_sowing,provider_maturity_not_observed_harvest,,False,wwh_rf_ggcmi_crop_calendar_phase3_v1.01.nc4,c5637bb704b9ee884fb0e158b9f1bc3cd2782e2f84700652a3c2026a469641c6
corteva-2014-2018-external,era5loc_2a1c91560f0e,49.1,9.0,published rounded to 0.1 degree; https://doi.org/10.5281/zenodo.6352615,81,378,49.25,9.25,24.709816745579246,274.0,236.0,327.0,1.0,True,False,winter_wheat,rainfed,GGCMI Phase 3 v1.01,10.5281/zenodo.5062513,0.5,containing_native_cell_no_interpolation,scenario_planting_calendar_not_observed_trial_sowing,provider_maturity_not_observed_harvest,,False,wwh_rf_ggcmi_crop_calendar_phase3_v1.01.nc4,c5637bb704b9ee884fb0e158b9f1bc3cd2782e2f84700652a3c2026a469641c6
corteva-2014-2018-external,era5loc_1265910a73e5,52.3,10.0,published rounded to 0.1 degree; https://doi.org/10.5281/zenodo.6352615,75,380,52.25,10.25,17.94817396960504,274.0,236.0,327.0,1.0,True,False,winter_wheat,rainfed,GGCMI Phase 3 v1.01,10.5281/zenodo.5062513,0.5,containing_native_cell_no_interpolation,scenario_planting_calendar_not_observed_trial_sowing,provider_maturity_not_observed_harvest,,False,wwh_rf_ggcmi_crop_calendar_phase3_v1.01.nc4,c5637bb704b9ee884fb0e158b9f1bc3cd2782e2f84700652a3c2026a469641c6
corteva-2014-2018-external,era5loc_97c42414dde1,54.4,9.9,published rounded to 0.1 degree; https://doi.org/10.5281/zenodo.6352615,71,379,54.25,9.75,19.33979171631531,274.0,236.0,327.0,1.0,True,False,winter_wheat,rainfed,GGCMI Phase 3 v1.01,10.5281/zenodo.5062513,0.5,containing_native_cell_no_interpolation,scenario_planting_calendar_not_observed_trial_sowing,provider_maturity_not_observed_harvest,,False,wwh_rf_ggcmi_crop_calendar_phase3_v1.01.nc4,c5637bb704b9ee884fb0e158b9f1bc3cd2782e2f84700652a3c2026a469641c6
corteva-2014-2018-external,era5loc_6039c33fd660,53.1,-0.3,published rounded to 0.1 degree; https://doi.org/10.5281/zenodo.6352615,73,359,53.25,-0.25,17.0249281236069,304.0,201.0,262.0,2.0,True,False,winter_wheat,rainfed,GGCMI Phase 3 v1.01,10.5281/zenodo.5062513,0.5,containing_native_cell_no_interpolation,scenario_planting_calendar_not_observed_trial_sowing,provider_maturity_not_observed_harvest,,False,wwh_rf_ggcmi_crop_calendar_phase3_v1.01.nc4,c5637bb704b9ee884fb0e158b9f1bc3cd2782e2f84700652a3c2026a469641c6
corteva-2014-2018-external,era5loc_c2b56bbc5b96,49.7,3.3,published rounded to 0.1 degree; https://doi.org/10.5281/zenodo.6352615,80,366,49.75,3.25,6.627535804344513,304.0,206.0,267.0,2.0,True,False,winter_wheat,rainfed,GGCMI Phase 3 v1.01,10.5281/zenodo.5062513,0.5,containing_native_cell_no_interpolation,scenario_planting_calendar_not_observed_trial_sowing,provider_maturity_not_observed_harvest,,False,wwh_rf_ggcmi_crop_calendar_phase3_v1.01.nc4,c5637bb704b9ee884fb0e158b9f1bc3cd2782e2f84700652a3c2026a469641c6
corteva-2014-2018-external,era5loc_9c32d3d6e61d,51.5,0.3,published rounded to 0.1 degree; https://doi.org/10.5281/zenodo.6352615,77,360,51.25,0.25,28.030907075930102,304.0,201.0,262.0,2.0,True,False,winter_wheat,rainfed,GGCMI Phase 3 v1.01,10.5281/zenodo.5062513,0.5,containing_native_cell_no_interpolation,scenario_planting_calendar_not_observed_trial_sowing,provider_maturity_not_observed_harvest,,False,wwh_rf_ggcmi_crop_calendar_phase3_v1.01.nc4,c5637bb704b9ee884fb0e158b9f1bc3cd2782e2f84700652a3c2026a469641c6
corteva-2014-2018-external,era5loc_d589ecc09d9b,52.6,-0.3,published rounded to 0.1 degree; https://doi.org/10.5281/zenodo.6352615,74,359,52.75,-0.25,17.031193258579208,304.0,201.0,262.0,2.0,True,False,winter_wheat,rainfed,GGCMI Phase 3 v1.01,10.5281/zenodo.5062513,0.5,containing_native_cell_no_interpolation,scenario_planting_calendar_not_observed_trial_sowing,provider_maturity_not_observed_harvest,,False,wwh_rf_ggcmi_crop_calendar_phase3_v1.01.nc4,c5637bb704b9ee884fb0e158b9f1bc3cd2782e2f84700652a3c2026a469641c6
corteva-2014-2018-external,era5loc_f86f345e603b,43.8,4.4,published rounded to 0.1 degree; https://doi.org/10.5281/zenodo.6352615,92,368,43.75,4.25,13.292831266373168,304.0,206.0,267.0,2.0,True,False,winter_wheat,rainfed,GGCMI Phase 3 v1.01,10.5281/zenodo.5062513,0.5,containing_native_cell_no_interpolation,scenario_planting_calendar_not_observed_trial_sowing,provider_maturity_not_observed_harvest,,False,wwh_rf_ggcmi_crop_calendar_phase3_v1.01.nc4,c5637bb704b9ee884fb0e158b9f1bc3cd2782e2f84700652a3c2026a469641c6
corteva-2014-2018-external,era5loc_f9ae6ebca801,52.1,-2.7,published rounded to 0.1 degree; https://doi.org/10.5281/zenodo.6352615,75,354,52.25,-2.75,17.03748560807916,304.0,201.0,262.0,2.0,True,False,winter_wheat,rainfed,GGCMI Phase 3 v1.01,10.5281/zenodo.5062513,0.5,containing_native_cell_no_interpolation,scenario_planting_calendar_not_observed_trial_sowing,provider_maturity_not_observed_harvest,,False,wwh_rf_ggcmi_crop_calendar_phase3_v1.01.nc4,c5637bb704b9ee884fb0e158b9f1bc3cd2782e2f84700652a3c2026a469641c6
corteva-2014-2018-external,era5loc_7b5d26eb7a94,51.8,23.0,published rounded to 0.1 degree; https://doi.org/10.5281/zenodo.6352615,76,406,51.75,23.25,18.130052907293365,276.0,202.0,291.0,2.0,True,False,winter_wheat,rainfed,GGCMI Phase 3 v1.01,10.5281/zenodo.5062513,0.5,containing_native_cell_no_interpolation,scenario_planting_calendar_not_observed_trial_sowing,provider_maturity_not_observed_harvest,,False,wwh_rf_ggcmi_crop_calendar_phase3_v1.01.nc4,c5637bb704b9ee884fb0e158b9f1bc3cd2782e2f84700652a3c2026a469641c6
corteva-2014-2018-external,era5loc_6cb369f67eca,51.9,-8.3,published rounded to 0.1 degree; https://doi.org/10.5281/zenodo.6352615,76,343,51.75,-8.25,17.041905399520445,305.0,174.0,234.0,1.0,True,False,winter_wheat,rainfed,GGCMI Phase 3 v1.01,10.5281/zenodo.5062513,0.5,containing_native_cell_no_interpolation,scenario_planting_calendar_not_observed_trial_sowing,provider_maturity_not_observed_harvest,,False,wwh_rf_ggcmi_crop_calendar_phase3_v1.01.nc4,c5637bb704b9ee884fb0e158b9f1bc3cd2782e2f84700652a3c2026a469641c6
corteva-2014-2018-external,era5loc_5a105840e5f0,49.9,2.6,published rounded to 0.1 degree; https://doi.org/10.5281/zenodo.6352615,80,365,49.75,2.75,19.87075674610534,304.0,206.0,267.0,2.0,True,False,winter_wheat,rainfed,GGCMI Phase 3 v1.01,10.5281/zenodo.5062513,0.5,containing_native_cell_no_interpolation,scenario_planting_calendar_not_observed_trial_sowing,provider_maturity_not_observed_harvest,,False,wwh_rf_ggcmi_crop_calendar_phase3_v1.01.nc4,c5637bb704b9ee884fb0e158b9f1bc3cd2782e2f84700652a3c2026a469641c6
corteva-2014-2018-external,era5loc_8e48274c8e41,47.5,0.9,published rounded to 0.1 degree; https://doi.org/10.5281/zenodo.6352615,85,361,47.25,0.75,30.014438463832832,304.0,206.0,267.0,2.0,True,False,winter_wheat,rainfed,GGCMI Phase 3 v1.01,10.5281/zenodo.5062513,0.5,containing_native_cell_no_interpolation,scenario_planting_calendar_not_observed_trial_sowing,provider_maturity_not_observed_harvest,,False,wwh_rf_ggcmi_crop_calendar_phase3_v1.01.nc4,c5637bb704b9ee884fb0e158b9f1bc3cd2782e2f84700652a3c2026a469641c6
corteva-2014-2018-external,era5loc_1b5e6e05813d,49.7,-0.4,published rounded to 0.1 degree; https://doi.org/10.5281/zenodo.6352615,80,359,49.75,-0.25,12.161560301849912,,,,,False,True,winter_wheat,rainfed,GGCMI Phase 3 v1.01,10.5281/zenodo.5062513,0.5,containing_native_cell_no_interpolation,scenario_planting_calendar_not_observed_trial_sowing,provider_maturity_not_observed_harvest,,False,wwh_rf_ggcmi_crop_calendar_phase3_v1.01.nc4,c5637bb704b9ee884fb0e158b9f1bc3cd2782e2f84700652a3c2026a469641c6
corteva-2014-2018-external,era5loc_4921e9fb7d2c,43.8,1.0,published rounded to 0.1 degree; https://doi.org/10.5281/zenodo.6352615,92,362,43.75,1.25,20.879772597131467,304.0,206.0,267.0,2.0,True,False,winter_wheat,rainfed,GGCMI Phase 3 v1.01,10.5281/zenodo.5062513,0.5,containing_native_cell_no_interpolation,scenario_planting_calendar_not_observed_trial_sowing,provider_maturity_not_observed_harvest,,False,wwh_rf_ggcmi_crop_calendar_phase3_v1.01.nc4,c5637bb704b9ee884fb0e158b9f1bc3cd2782e2f84700652a3c2026a469641c6
corteva-2014-2018-external,era5loc_998f167d3abc,48.2,10.8,published rounded to 0.1 degree; https://doi.org/10.5281/zenodo.6352615,83,381,48.25,10.75,6.686701592485563,274.0,236.0,327.0,1.0,True,False,winter_wheat,rainfed,GGCMI Phase 3 v1.01,10.5281/zenodo.5062513,0.5,containing_native_cell_no_interpolation,scenario_planting_calendar_not_observed_trial_sowing,provider_maturity_not_observed_harvest,,False,wwh_rf_ggcmi_crop_calendar_phase3_v1.01.nc4,c5637bb704b9ee884fb0e158b9f1bc3cd2782e2f84700652a3c2026a469641c6
basf-wheat-diseases,era5loc_dd89cccfc605,48.3,12.0,data/basf-wheat-diseases.txt; coordinates rounded to 0.1 degrees,83,384,48.25,12.25,19.37193890505296,305.0,174.0,234.0,1.0,True,False,winter_wheat,irrigated,GGCMI Phase 3 v1.01,10.5281/zenodo.5062513,0.5,containing_native_cell_no_interpolation,scenario_planting_calendar_not_observed_trial_sowing,provider_maturity_not_observed_harvest,,False,wwh_ir_ggcmi_crop_calendar_phase3_v1.01.nc4,33c88190d2befaa2d71827a94dd9c6d0572919b8f97cd952e6253d64565e8230
basf-wheat-diseases,era5loc_98874af9c8d8,54.0,12.6,data/basf-wheat-diseases.txt; coordinates rounded to 0.1 degrees,72,385,53.75,12.75,29.522888531065522,305.0,174.0,234.0,1.0,True,False,winter_wheat,irrigated,GGCMI Phase 3 v1.01,10.5281/zenodo.5062513,0.5,containing_native_cell_no_interpolation,scenario_planting_calendar_not_observed_trial_sowing,provider_maturity_not_observed_harvest,,False,wwh_ir_ggcmi_crop_calendar_phase3_v1.01.nc4,33c88190d2befaa2d71827a94dd9c6d0572919b8f97cd952e6253d64565e8230
basf-wheat-diseases,era5loc_2e2aca213fbe,48.2,14.3,data/basf-wheat-diseases.txt; coordinates rounded to 0.1 degrees,83,388,48.25,14.25,6.686701592485563,305.0,174.0,234.0,1.0,True,False,winter_wheat,irrigated,GGCMI Phase 3 v1.01,10.5281/zenodo.5062513,0.5,containing_native_cell_no_interpolation,scenario_planting_calendar_not_observed_trial_sowing,provider_maturity_not_observed_harvest,,False,wwh_ir_ggcmi_crop_calendar_phase3_v1.01.nc4,33c88190d2befaa2d71827a94dd9c6d0572919b8f97cd952e6253d64565e8230
basf-wheat-diseases,era5loc_a3b551fcca14,51.7,12.1,data/basf-wheat-diseases.txt; coordinates rounded to 0.1 degrees,76,384,51.75,12.25,11.763300118128642,305.0,174.0,234.0,1.0,True,False,winter_wheat,irrigated,GGCMI Phase 3 v1.01,10.5281/zenodo.5062513,0.5,containing_native_cell_no_interpolation,scenario_planting_calendar_not_observed_trial_sowing,provider_maturity_not_observed_harvest,,False,wwh_ir_ggcmi_crop_calendar_phase3_v1.01.nc4,33c88190d2befaa2d71827a94dd9c6d0572919b8f97cd952e6253d64565e8230
basf-wheat-diseases,era5loc_d4b920707d9f,52.4,9.6,data/basf-wheat-diseases.txt; coordinates rounded to 0.1 degrees,75,379,52.25,9.75,19.574988582847723,305.0,174.0,234.0,1.0,True,False,winter_wheat,irrigated,GGCMI Phase 3 v1.01,10.5281/zenodo.5062513,0.5,containing_native_cell_no_interpolation,scenario_planting_calendar_not_observed_trial_sowing,provider_maturity_not_observed_harvest,,False,wwh_ir_ggcmi_crop_calendar_phase3_v1.01.nc4,33c88190d2befaa2d71827a94dd9c6d0572919b8f97cd952e6253d64565e8230
basf-wheat-diseases,era5loc_374089cedfa0,46.9,-1.1,data/basf-wheat-diseases.txt; coordinates rounded to 0.1 degrees,86,357,46.75,-1.25,20.225249734218927,305.0,174.0,234.0,1.0,True,False,winter_wheat,irrigated,GGCMI Phase 3 v1.01,10.5281/zenodo.5062513,0.5,containing_native_cell_no_interpolation,scenario_planting_calendar_not_observed_trial_sowing,provider_maturity_not_observed_harvest,,False,wwh_ir_ggcmi_crop_calendar_phase3_v1.01.nc4,33c88190d2befaa2d71827a94dd9c6d0572919b8f97cd952e6253d64565e8230
basf-wheat-diseases,era5loc_fc0f9359f228,47.9,1.6,data/basf-wheat-diseases.txt; coordinates rounded to 0.1 degrees,84,363,47.75,1.75,20.107351101852114,305.0,174.0,234.0,1.0,True,False,winter_wheat,irrigated,GGCMI Phase 3 v1.01,10.5281/zenodo.5062513,0.5,containing_native_cell_no_interpolation,scenario_planting_calendar_not_observed_trial_sowing,provider_maturity_not_observed_harvest,,False,wwh_ir_ggcmi_crop_calendar_phase3_v1.01.nc4,33c88190d2befaa2d71827a94dd9c6d0572919b8f97cd952e6253d64565e8230
basf-wheat-diseases,era5loc_d6117aa4523b,48.0,1.8,data/basf-wheat-diseases.txt; coordinates rounded to 0.1 degrees,84,363,47.75,1.75,28.047481498900833,305.0,174.0,234.0,1.0,True,False,winter_wheat,irrigated,GGCMI Phase 3 v1.01,10.5281/zenodo.5062513,0.5,containing_native_cell_no_interpolation,scenario_planting_calendar_not_observed_trial_sowing,provider_maturity_not_observed_harvest,,False,wwh_ir_ggcmi_crop_calendar_phase3_v1.01.nc4,33c88190d2befaa2d71827a94dd9c6d0572919b8f97cd952e6253d64565e8230
basf-wheat-diseases,era5loc_23eef231ea98,49.8,2.9,data/basf-wheat-diseases.txt; coordinates rounded to 0.1 degrees,80,365,49.75,2.75,12.15170120396626,305.0,174.0,234.0,1.0,True,False,winter_wheat,irrigated,GGCMI Phase 3 v1.01,10.5281/zenodo.5062513,0.5,containing_native_cell_no_interpolation,scenario_planting_calendar_not_observed_trial_sowing,provider_maturity_not_observed_harvest,,False,wwh_ir_ggcmi_crop_calendar_phase3_v1.01.nc4,33c88190d2befaa2d71827a94dd9c6d0572919b8f97cd952e6253d64565e8230
basf-wheat-diseases,era5loc_c36c557e4afc,53.4,6.7,data/basf-wheat-diseases.txt; coordinates rounded to 0.1 degrees,73,373,53.25,6.75,17.023054181284436,305.0,174.0,234.0,1.0,True,False,winter_wheat,irrigated,GGCMI Phase 3 v1.01,10.5281/zenodo.5062513,0.5,containing_native_cell_no_interpolation,scenario_planting_calendar_not_observed_trial_sowing,provider_maturity_not_observed_harvest,,False,wwh_ir_ggcmi_crop_calendar_phase3_v1.01.nc4,33c88190d2befaa2d71827a94dd9c6d0572919b8f97cd952e6253d64565e8230
basf-wheat-diseases,era5loc_1db395a204c4,52.2,17.2,data/basf-wheat-diseases.txt; coordinates rounded to 0.1 degrees,75,394,52.25,17.25,6.528934390917032,276.0,202.0,291.0,2.0,True,False,winter_wheat,irrigated,GGCMI Phase 3 v1.01,10.5281/zenodo.5062513,0.5,containing_native_cell_no_interpolation,scenario_planting_calendar_not_observed_trial_sowing,provider_maturity_not_observed_harvest,,False,wwh_ir_ggcmi_crop_calendar_phase3_v1.01.nc4,33c88190d2befaa2d71827a94dd9c6d0572919b8f97cd952e6253d64565e8230
basf-wheat-diseases,era5loc_8b7743800935,51.0,17.8,data/basf-wheat-diseases.txt; coordinates rounded to 0.1 degrees,78,395,50.75,17.75,28.0332534395249,276.0,202.0,291.0,2.0,True,False,winter_wheat,irrigated,GGCMI Phase 3 v1.01,10.5281/zenodo.5062513,0.5,containing_native_cell_no_interpolation,scenario_planting_calendar_not_observed_trial_sowing,provider_maturity_not_observed_harvest,,False,wwh_ir_ggcmi_crop_calendar_phase3_v1.01.nc4,33c88190d2befaa2d71827a94dd9c6d0572919b8f97cd952e6253d64565e8230
basf-wheat-diseases,era5loc_b4c23217b405,52.1,17.3,data/basf-wheat-diseases.txt; coordinates rounded to 0.1 degrees,75,394,52.25,17.25,17.037485608079855,276.0,202.0,291.0,2.0,True,False,winter_wheat,irrigated,GGCMI Phase 3 v1.01,10.5281/zenodo.5062513,0.5,containing_native_cell_no_interpolation,scenario_planting_calendar_not_observed_trial_sowing,provider_maturity_not_observed_harvest,,False,wwh_ir_ggcmi_crop_calendar_phase3_v1.01.nc4,33c88190d2befaa2d71827a94dd9c6d0572919b8f97cd952e6253d64565e8230
basf-wheat-diseases,era5loc_01117578be52,54.0,18.8,data/basf-wheat-diseases.txt; coordinates rounded to 0.1 degrees,72,397,53.75,18.75,28.01932534410121,276.0,202.0,291.0,2.0,True,False,winter_wheat,irrigated,GGCMI Phase 3 v1.01,10.5281/zenodo.5062513,0.5,containing_native_cell_no_interpolation,scenario_planting_calendar_not_observed_trial_sowing,provider_maturity_not_observed_harvest,,False,wwh_ir_ggcmi_crop_calendar_phase3_v1.01.nc4,33c88190d2befaa2d71827a94dd9c6d0572919b8f97cd952e6253d64565e8230
basf-wheat-diseases,era5loc_bedbc80cc600,52.2,16.6,data/basf-wheat-diseases.txt; coordinates rounded to 0.1 degrees,75,393,52.25,16.75,11.662561380739154,276.0,202.0,291.0,2.0,True,False,winter_wheat,irrigated,GGCMI Phase 3 v1.01,10.5281/zenodo.5062513,0.5,containing_native_cell_no_interpolation,scenario_planting_calendar_not_observed_trial_sowing,provider_maturity_not_observed_harvest,,False,wwh_ir_ggcmi_crop_calendar_phase3_v1.01.nc4,33c88190d2befaa2d71827a94dd9c6d0572919b8f97cd952e6253d64565e8230
basf-wheat-diseases,era5loc_c273764268e2,52.7,0.9,data/basf-wheat-diseases.txt; coordinates rounded to 0.1 degrees,74,361,52.75,0.75,11.561391351051197,304.0,201.0,262.0,2.0,True,False,winter_wheat,irrigated,GGCMI Phase 3 v1.01,10.5281/zenodo.5062513,0.5,containing_native_cell_no_interpolation,scenario_planting_calendar_not_observed_trial_sowing,provider_maturity_not_observed_harvest,,False,wwh_ir_ggcmi_crop_calendar_phase3_v1.01.nc4,33c88190d2befaa2d71827a94dd9c6d0572919b8f97cd952e6253d64565e8230
basf-wheat-diseases,era5loc_6687f40ce729,51.7,-1.9,data/basf-wheat-diseases.txt; coordinates rounded to 0.1 degrees,76,356,51.75,-1.75,11.763300118128956,305.0,174.0,234.0,1.0,True,False,winter_wheat,irrigated,GGCMI Phase 3 v1.01,10.5281/zenodo.5062513,0.5,containing_native_cell_no_interpolation,scenario_planting_calendar_not_observed_trial_sowing,provider_maturity_not_observed_harvest,,False,wwh_ir_ggcmi_crop_calendar_phase3_v1.01.nc4,33c88190d2befaa2d71827a94dd9c6d0572919b8f97cd952e6253d64565e8230
basf-wheat-diseases,era5loc_ff52f903fe18,51.9,0.2,data/basf-wheat-diseases.txt; coordinates rounded to 0.1 degrees,76,360,51.75,0.25,17.041905399521095,304.0,201.0,262.0,2.0,True,False,winter_wheat,irrigated,GGCMI Phase 3 v1.01,10.5281/zenodo.5062513,0.5,containing_native_cell_no_interpolation,scenario_planting_calendar_not_observed_trial_sowing,provider_maturity_not_observed_harvest,,False,wwh_ir_ggcmi_crop_calendar_phase3_v1.01.nc4,33c88190d2befaa2d71827a94dd9c6d0572919b8f97cd952e6253d64565e8230
basf-wheat-diseases,era5loc_5ab5ca0b5fe3,52.1,1.0,data/basf-wheat-diseases.txt; coordinates rounded to 0.1 degrees,75,362,52.25,1.25,23.897059439456672,304.0,201.0,262.0,2.0,True,False,winter_wheat,irrigated,GGCMI Phase 3 v1.01,10.5281/zenodo.5062513,0.5,containing_native_cell_no_interpolation,scenario_planting_calendar_not_observed_trial_sowing,provider_maturity_not_observed_harvest,,False,wwh_ir_ggcmi_crop_calendar_phase3_v1.01.nc4,33c88190d2befaa2d71827a94dd9c6d0572919b8f97cd952e6253d64565e8230
basf-wheat-diseases,era5loc_dafc4d129690,49.4,8.3,data/basf-wheat-diseases.txt; coordinates rounded to 0.1 degrees,81,376,49.25,8.25,17.073775653278748,305.0,174.0,234.0,1.0,True,False,winter_wheat,irrigated,GGCMI Phase 3 v1.01,10.5281/zenodo.5062513,0.5,containing_native_cell_no_interpolation,scenario_planting_calendar_not_observed_trial_sowing,provider_maturity_not_observed_harvest,,False,wwh_ir_ggcmi_crop_calendar_phase3_v1.01.nc4,33c88190d2befaa2d71827a94dd9c6d0572919b8f97cd952e6253d64565e8230
basf-wheat-diseases,era5loc_575ac3f08111,49.2,8.2,data/basf-wheat-diseases.txt; coordinates rounded to 0.1 degrees,81,376,49.25,8.25,6.6472693451916935,305.0,174.0,234.0,1.0,True,False,winter_wheat,irrigated,GGCMI Phase 3 v1.01,10.5281/zenodo.5062513,0.5,containing_native_cell_no_interpolation,scenario_planting_calendar_not_observed_trial_sowing,provider_maturity_not_observed_harvest,,False,wwh_ir_ggcmi_crop_calendar_phase3_v1.01.nc4,33c88190d2befaa2d71827a94dd9c6d0572919b8f97cd952e6253d64565e8230
basf-wheat-diseases,era5loc_2daae74efc65,51.1,17.6,data/basf-wheat-diseases.txt; coordinates rounded to 0.1 degrees,77,395,51.25,17.75,19.71091934385644,276.0,202.0,291.0,2.0,True,False,winter_wheat,irrigated,GGCMI Phase 3 v1.01,10.5281/zenodo.5062513,0.5,containing_native_cell_no_interpolation,scenario_planting_calendar_not_observed_trial_sowing,provider_maturity_not_observed_harvest,,False,wwh_ir_ggcmi_crop_calendar_phase3_v1.01.nc4,33c88190d2befaa2d71827a94dd9c6d0572919b8f97cd952e6253d64565e8230
basf-wheat-diseases,era5loc_cd0793ddaa5d,50.3,18.5,data/basf-wheat-diseases.txt; coordinates rounded to 0.1 degrees,79,397,50.25,18.75,18.669167398557082,276.0,202.0,291.0,2.0,True,False,winter_wheat,irrigated,GGCMI Phase 3 v1.01,10.5281/zenodo.5062513,0.5,containing_native_cell_no_interpolation,scenario_planting_calendar_not_observed_trial_sowing,provider_maturity_not_observed_harvest,,False,wwh_ir_ggcmi_crop_calendar_phase3_v1.01.nc4,33c88190d2befaa2d71827a94dd9c6d0572919b8f97cd952e6253d64565e8230
basf-wheat-diseases,era5loc_1fa43db2787c,53.7,20.2,data/basf-wheat-diseases.txt; coordinates rounded to 0.1 degrees,72,400,53.75,20.25,6.470048404070628,276.0,202.0,291.0,2.0,True,False,winter_wheat,irrigated,GGCMI Phase 3 v1.01,10.5281/zenodo.5062513,0.5,containing_native_cell_no_interpolation,scenario_planting_calendar_not_observed_trial_sowing,provider_maturity_not_observed_harvest,,False,wwh_ir_ggcmi_crop_calendar_phase3_v1.01.nc4,33c88190d2befaa2d71827a94dd9c6d0572919b8f97cd952e6253d64565e8230
basf-wheat-diseases,era5loc_b103a5cbfed5,51.7,-2.0,data/basf-wheat-diseases.txt; coordinates rounded to 0.1 degrees,76,356,51.75,-1.75,18.148182239319457,305.0,174.0,234.0,1.0,True,False,winter_wheat,irrigated,GGCMI Phase 3 v1.01,10.5281/zenodo.5062513,0.5,containing_native_cell_no_interpolation,scenario_planting_calendar_not_observed_trial_sowing,provider_maturity_not_observed_harvest,,False,wwh_ir_ggcmi_crop_calendar_phase3_v1.01.nc4,33c88190d2befaa2d71827a94dd9c6d0572919b8f97cd952e6253d64565e8230
basf-wheat-diseases,era5loc_300f965a2c3d,52.2,0.1,data/basf-wheat-diseases.txt; coordinates rounded to 0.1 degrees,75,360,52.25,0.25,11.662561380738442,304.0,201.0,262.0,2.0,True,False,winter_wheat,irrigated,GGCMI Phase 3 v1.01,10.5281/zenodo.5062513,0.5,containing_native_cell_no_interpolation,scenario_planting_calendar_not_observed_trial_sowing,provider_maturity_not_observed_harvest,,False,wwh_ir_ggcmi_crop_calendar_phase3_v1.01.nc4,33c88190d2befaa2d71827a94dd9c6d0572919b8f97cd952e6253d64565e8230
basf-wheat-diseases,era5loc_fd369bfefe0b,43.3,25.0,data/basf-wheat-diseases.txt; coordinates rounded to 0.1 degrees,93,410,43.25,25.25,21.040599782372638,274.0,187.0,278.0,2.0,True,False,winter_wheat,irrigated,GGCMI Phase 3 v1.01,10.5281/zenodo.5062513,0.5,containing_native_cell_no_interpolation,scenario_planting_calendar_not_observed_trial_sowing,provider_maturity_not_observed_harvest,,False,wwh_ir_ggcmi_crop_calendar_phase3_v1.01.nc4,33c88190d2befaa2d71827a94dd9c6d0572919b8f97cd952e6253d64565e8230
basf-wheat-diseases,era5loc_cb5f84b33b84,49.5,17.4,data/basf-wheat-diseases.txt; coordinates rounded to 0.1 degrees,81,394,49.25,17.25,29.861942852497382,276.0,202.0,291.0,2.0,True,False,winter_wheat,irrigated,GGCMI Phase 3 v1.01,10.5281/zenodo.5062513,0.5,containing_native_cell_no_interpolation,scenario_planting_calendar_not_observed_trial_sowing,provider_maturity_not_observed_harvest,,False,wwh_ir_ggcmi_crop_calendar_phase3_v1.01.nc4,33c88190d2befaa2d71827a94dd9c6d0572919b8f97cd952e6253d64565e8230
basf-wheat-diseases,era5loc_db02c17f88dd,51.0,6.6,data/basf-wheat-diseases.txt; coordinates rounded to 0.1 degrees,78,373,50.75,6.75,29.74805079978069,290.0,220.0,295.0,2.0,True,False,winter_wheat,irrigated,GGCMI Phase 3 v1.01,10.5281/zenodo.5062513,0.5,containing_native_cell_no_interpolation,scenario_planting_calendar_not_observed_trial_sowing,provider_maturity_not_observed_harvest,,False,wwh_ir_ggcmi_crop_calendar_phase3_v1.01.nc4,33c88190d2befaa2d71827a94dd9c6d0572919b8f97cd952e6253d64565e8230
basf-wheat-diseases,era5loc_9133f3b467ce,51.6,8.2,data/basf-wheat-diseases.txt; coordinates rounded to 0.1 degrees,76,376,51.75,8.25,17.043803218668096,290.0,220.0,295.0,2.0,True,False,winter_wheat,irrigated,GGCMI Phase 3 v1.01,10.5281/zenodo.5062513,0.5,containing_native_cell_no_interpolation,scenario_planting_calendar_not_observed_trial_sowing,provider_maturity_not_observed_harvest,,False,wwh_ir_ggcmi_crop_calendar_phase3_v1.01.nc4,33c88190d2befaa2d71827a94dd9c6d0572919b8f97cd952e6253d64565e8230
basf-wheat-diseases,era5loc_760a53435625,49.6,10.9,data/basf-wheat-diseases.txt; coordinates rounded to 0.1 degrees,80,381,49.75,10.75,19.888519648149796,305.0,174.0,234.0,1.0,True,False,winter_wheat,irrigated,GGCMI Phase 3 v1.01,10.5281/zenodo.5062513,0.5,containing_native_cell_no_interpolation,scenario_planting_calendar_not_observed_trial_sowing,provider_maturity_not_observed_harvest,,False,wwh_ir_ggcmi_crop_calendar_phase3_v1.01.nc4,33c88190d2befaa2d71827a94dd9c6d0572919b8f97cd952e6253d64565e8230
basf-wheat-diseases,era5loc_9bab3d8b45e2,52.8,8.2,data/basf-wheat-diseases.txt; coordinates rounded to 0.1 degrees,74,376,52.75,8.25,6.507305635400798,290.0,220.0,295.0,2.0,True,False,winter_wheat,irrigated,GGCMI Phase 3 v1.01,10.5281/zenodo.5062513,0.5,containing_native_cell_no_interpolation,scenario_planting_calendar_not_observed_trial_sowing,provider_maturity_not_observed_harvest,,False,wwh_ir_ggcmi_crop_calendar_phase3_v1.01.nc4,33c88190d2befaa2d71827a94dd9c6d0572919b8f97cd952e6253d64565e8230
basf-wheat-diseases,era5loc_4377e8a5ddaf,55.6,11.7,data/basf-wheat-diseases.txt; coordinates rounded to 0.1 degrees,68,383,55.75,11.75,16.99407859677835,305.0,174.0,234.0,1.0,True,False,winter_wheat,irrigated,GGCMI Phase 3 v1.01,10.5281/zenodo.5062513,0.5,containing_native_cell_no_interpolation,scenario_planting_calendar_not_observed_trial_sowing,provider_maturity_not_observed_harvest,,False,wwh_ir_ggcmi_crop_calendar_phase3_v1.01.nc4,33c88190d2befaa2d71827a94dd9c6d0572919b8f97cd952e6253d64565e8230
basf-wheat-diseases,era5loc_4c053f3e1d9b,55.7,11.7,data/basf-wheat-diseases.txt; coordinates rounded to 0.1 degrees,68,383,55.75,11.75,6.39220876116508,305.0,174.0,234.0,1.0,True,False,winter_wheat,irrigated,GGCMI Phase 3 v1.01,10.5281/zenodo.5062513,0.5,containing_native_cell_no_interpolation,scenario_planting_calendar_not_observed_trial_sowing,provider_maturity_not_observed_harvest,,False,wwh_ir_ggcmi_crop_calendar_phase3_v1.01.nc4,33c88190d2befaa2d71827a94dd9c6d0572919b8f97cd952e6253d64565e8230
basf-wheat-diseases,era5loc_2510b95b8598,50.5,2.5,data/basf-wheat-diseases.txt; coordinates rounded to 0.1 degrees,79,365,50.25,2.75,33.0093443780995,305.0,174.0,234.0,1.0,True,False,winter_wheat,irrigated,GGCMI Phase 3 v1.01,10.5281/zenodo.5062513,0.5,containing_native_cell_no_interpolation,scenario_planting_calendar_not_observed_trial_sowing,provider_maturity_not_observed_harvest,,False,wwh_ir_ggcmi_crop_calendar_phase3_v1.01.nc4,33c88190d2befaa2d71827a94dd9c6d0572919b8f97cd952e6253d64565e8230
basf-wheat-diseases,era5loc_4d66a38d70e0,50.4,2.6,data/basf-wheat-diseases.txt; coordinates rounded to 0.1 degrees,79,365,50.25,2.75,19.81154498827549,305.0,174.0,234.0,1.0,True,False,winter_wheat,irrigated,GGCMI Phase 3 v1.01,10.5281/zenodo.5062513,0.5,containing_native_cell_no_interpolation,scenario_planting_calendar_not_observed_trial_sowing,provider_maturity_not_observed_harvest,,False,wwh_ir_ggcmi_crop_calendar_phase3_v1.01.nc4,33c88190d2befaa2d71827a94dd9c6d0572919b8f97cd952e6253d64565e8230
basf-wheat-diseases,era5loc_9df6a8624376,48.0,-2.4,data/basf-wheat-diseases.txt; coordinates rounded to 0.1 degrees,84,355,47.75,-2.25,29.976281368856338,305.0,174.0,234.0,1.0,True,False,winter_wheat,irrigated,GGCMI Phase 3 v1.01,10.5281/zenodo.5062513,0.5,containing_native_cell_no_interpolation,scenario_planting_calendar_not_observed_trial_sowing,provider_maturity_not_observed_harvest,,False,wwh_ir_ggcmi_crop_calendar_phase3_v1.01.nc4,33c88190d2befaa2d71827a94dd9c6d0572919b8f97cd952e6253d64565e8230
basf-wheat-diseases,era5loc_9fdbe521e986,52.5,16.7,data/basf-wheat-diseases.txt; coordinates rounded to 0.1 degrees,75,393,52.25,16.75,28.026242231632995,276.0,202.0,291.0,2.0,True,False,winter_wheat,irrigated,GGCMI Phase 3 v1.01,10.5281/zenodo.5062513,0.5,containing_native_cell_no_interpolation,scenario_planting_calendar_not_observed_trial_sowing,provider_maturity_not_observed_harvest,,False,wwh_ir_ggcmi_crop_calendar_phase3_v1.01.nc4,33c88190d2befaa2d71827a94dd9c6d0572919b8f97cd952e6253d64565e8230
basf-wheat-diseases,era5loc_9d13b5d9fd0b,52.1,17.2,data/basf-wheat-diseases.txt; coordinates rounded to 0.1 degrees,75,394,52.25,17.25,17.037485608079855,276.0,202.0,291.0,2.0,True,False,winter_wheat,irrigated,GGCMI Phase 3 v1.01,10.5281/zenodo.5062513,0.5,containing_native_cell_no_interpolation,scenario_planting_calendar_not_observed_trial_sowing,provider_maturity_not_observed_harvest,,False,wwh_ir_ggcmi_crop_calendar_phase3_v1.01.nc4,33c88190d2befaa2d71827a94dd9c6d0572919b8f97cd952e6253d64565e8230
basf-wheat-diseases,era5loc_78c989c1d3e9,52.8,16.9,data/basf-wheat-diseases.txt; coordinates rounded to 0.1 degrees,74,393,52.75,16.75,11.55125139109957,276.0,202.0,291.0,2.0,True,False,winter_wheat,irrigated,GGCMI Phase 3 v1.01,10.5281/zenodo.5062513,0.5,containing_native_cell_no_interpolation,scenario_planting_calendar_not_observed_trial_sowing,provider_maturity_not_observed_harvest,,False,wwh_ir_ggcmi_crop_calendar_phase3_v1.01.nc4,33c88190d2befaa2d71827a94dd9c6d0572919b8f97cd952e6253d64565e8230
basf-wheat-diseases,era5loc_9d012f0ef4a2,53.2,17.7,data/basf-wheat-diseases.txt; coordinates rounded to 0.1 degrees,73,395,53.25,17.75,6.489639539384488,276.0,202.0,291.0,2.0,True,False,winter_wheat,irrigated,GGCMI Phase 3 v1.01,10.5281/zenodo.5062513,0.5,containing_native_cell_no_interpolation,scenario_planting_calendar_not_observed_trial_sowing,provider_maturity_not_observed_harvest,,False,wwh_ir_ggcmi_crop_calendar_phase3_v1.01.nc4,33c88190d2befaa2d71827a94dd9c6d0572919b8f97cd952e6253d64565e8230
basf-wheat-diseases,era5loc_c56b2d917d25,52.6,16.4,data/basf-wheat-diseases.txt; coordinates rounded to 0.1 degrees,74,392,52.75,16.25,19.53369686793718,276.0,202.0,291.0,2.0,True,False,winter_wheat,irrigated,GGCMI Phase 3 v1.01,10.5281/zenodo.5062513,0.5,containing_native_cell_no_interpolation,scenario_planting_calendar_not_observed_trial_sowing,provider_maturity_not_observed_harvest,,False,wwh_ir_ggcmi_crop_calendar_phase3_v1.01.nc4,33c88190d2befaa2d71827a94dd9c6d0572919b8f97cd952e6253d64565e8230
basf-wheat-diseases,era5loc_19510a54e230,52.5,16.6,data/basf-wheat-diseases.txt; coordinates rounded to 0.1 degrees,75,393,52.25,16.75,29.63492536231042,276.0,202.0,291.0,2.0,True,False,winter_wheat,irrigated,GGCMI Phase 3 v1.01,10.5281/zenodo.5062513,0.5,containing_native_cell_no_interpolation,scenario_planting_calendar_not_observed_trial_sowing,provider_maturity_not_observed_harvest,,False,wwh_ir_ggcmi_crop_calendar_phase3_v1.01.nc4,33c88190d2befaa2d71827a94dd9c6d0572919b8f97cd952e6253d64565e8230
basf-wheat-diseases,era5loc_9ed293651491,44.5,26.6,data/basf-wheat-diseases.txt; coordinates rounded to 0.1 degrees,91,413,44.25,26.75,30.24303122673472,305.0,174.0,234.0,1.0,True,False,winter_wheat,irrigated,GGCMI Phase 3 v1.01,10.5281/zenodo.5062513,0.5,containing_native_cell_no_interpolation,scenario_planting_calendar_not_observed_trial_sowing,provider_maturity_not_observed_harvest,,False,wwh_ir_ggcmi_crop_calendar_phase3_v1.01.nc4,33c88190d2befaa2d71827a94dd9c6d0572919b8f97cd952e6253d64565e8230
basf-wheat-diseases,era5loc_593fa6c9da77,44.2,26.4,data/basf-wheat-diseases.txt; coordinates rounded to 0.1 degrees,91,412,44.25,26.25,13.210461221575805,275.0,206.0,296.0,2.0,True,False,winter_wheat,irrigated,GGCMI Phase 3 v1.01,10.5281/zenodo.5062513,0.5,containing_native_cell_no_interpolation,scenario_planting_calendar_not_observed_trial_sowing,provider_maturity_not_observed_harvest,,False,wwh_ir_ggcmi_crop_calendar_phase3_v1.01.nc4,33c88190d2befaa2d71827a94dd9c6d0572919b8f97cd952e6253d64565e8230
basf-wheat-diseases,era5loc_4a011e9da15d,48.6,19.3,data/basf-wheat-diseases.txt; coordinates rounded to 0.1 degrees,82,398,48.75,19.25,17.08212940388014,274.0,175.0,266.0,2.0,True,False,winter_wheat,irrigated,GGCMI Phase 3 v1.01,10.5281/zenodo.5062513,0.5,containing_native_cell_no_interpolation,scenario_planting_calendar_not_observed_trial_sowing,provider_maturity_not_observed_harvest,,False,wwh_ir_ggcmi_crop_calendar_phase3_v1.01.nc4,33c88190d2befaa2d71827a94dd9c6d0572919b8f97cd952e6253d64565e8230
basf-wheat-diseases,era5loc_9361a9333e61,49.2,20.5,data/basf-wheat-diseases.txt; coordinates rounded to 0.1 degrees,81,401,49.25,20.75,19.040482103830964,277.0,182.0,270.0,3.0,True,False,winter_wheat,irrigated,GGCMI Phase 3 v1.01,10.5281/zenodo.5062513,0.5,containing_native_cell_no_interpolation,scenario_planting_calendar_not_observed_trial_sowing,provider_maturity_not_observed_harvest,,False,wwh_ir_ggcmi_crop_calendar_phase3_v1.01.nc4,33c88190d2befaa2d71827a94dd9c6d0572919b8f97cd952e6253d64565e8230
basf-wheat-diseases,era5loc_06e6805bbcce,48.8,21.4,data/basf-wheat-diseases.txt; coordinates rounded to 0.1 degrees,82,402,48.75,21.25,12.34786820732328,274.0,175.0,266.0,2.0,True,False,winter_wheat,irrigated,GGCMI Phase 3 v1.01,10.5281/zenodo.5062513,0.5,containing_native_cell_no_interpolation,scenario_planting_calendar_not_observed_trial_sowing,provider_maturity_not_observed_harvest,,False,wwh_ir_ggcmi_crop_calendar_phase3_v1.01.nc4,33c88190d2befaa2d71827a94dd9c6d0572919b8f97cd952e6253d64565e8230
basf-wheat-diseases,era5loc_6cb369f67eca,51.9,-8.3,data/basf-wheat-diseases.txt; coordinates rounded to 0.1 degrees,76,343,51.75,-8.25,17.041905399520445,305.0,174.0,234.0,1.0,True,False,winter_wheat,irrigated,GGCMI Phase 3 v1.01,10.5281/zenodo.5062513,0.5,containing_native_cell_no_interpolation,scenario_planting_calendar_not_observed_trial_sowing,provider_maturity_not_observed_harvest,,False,wwh_ir_ggcmi_crop_calendar_phase3_v1.01.nc4,33c88190d2befaa2d71827a94dd9c6d0572919b8f97cd952e6253d64565e8230
basf-wheat-diseases,era5loc_da90f16ecea0,52.2,1.0,data/basf-wheat-diseases.txt; coordinates rounded to 0.1 degrees,75,362,52.25,1.25,17.96640942382272,304.0,201.0,262.0,2.0,True,False,winter_wheat,irrigated,GGCMI Phase 3 v1.01,10.5281/zenodo.5062513,0.5,containing_native_cell_no_interpolation,scenario_planting_calendar_not_observed_trial_sowing,provider_maturity_not_observed_harvest,,False,wwh_ir_ggcmi_crop_calendar_phase3_v1.01.nc4,33c88190d2befaa2d71827a94dd9c6d0572919b8f97cd952e6253d64565e8230
basf-wheat-diseases,era5loc_4c9918325b45,52.2,0.9,data/basf-wheat-diseases.txt; coordinates rounded to 0.1 degrees,75,361,52.25,0.75,11.662561380738785,305.0,174.0,234.0,1.0,True,False,winter_wheat,irrigated,GGCMI Phase 3 v1.01,10.5281/zenodo.5062513,0.5,containing_native_cell_no_interpolation,scenario_planting_calendar_not_observed_trial_sowing,provider_maturity_not_observed_harvest,,False,wwh_ir_ggcmi_crop_calendar_phase3_v1.01.nc4,33c88190d2befaa2d71827a94dd9c6d0572919b8f97cd952e6253d64565e8230
basf-wheat-diseases,era5loc_c6e10fbf2c60,52.2,0.3,data/basf-wheat-diseases.txt; coordinates rounded to 0.1 degrees,75,360,52.25,0.25,6.528934390917154,304.0,201.0,262.0,2.0,True,False,winter_wheat,irrigated,GGCMI Phase 3 v1.01,10.5281/zenodo.5062513,0.5,containing_native_cell_no_interpolation,scenario_planting_calendar_not_observed_trial_sowing,provider_maturity_not_observed_harvest,,False,wwh_ir_ggcmi_crop_calendar_phase3_v1.01.nc4,33c88190d2befaa2d71827a94dd9c6d0572919b8f97cd952e6253d64565e8230
basf-wheat-diseases,era5loc_9eac90744974,51.5,-1.7,data/basf-wheat-diseases.txt; coordinates rounded to 0.1 degrees,77,356,51.25,-1.75,28.030907075930198,305.0,174.0,234.0,1.0,True,False,winter_wheat,irrigated,GGCMI Phase 3 v1.01,10.5281/zenodo.5062513,0.5,containing_native_cell_no_interpolation,scenario_planting_calendar_not_observed_trial_sowing,provider_maturity_not_observed_harvest,,False,wwh_ir_ggcmi_crop_calendar_phase3_v1.01.nc4,33c88190d2befaa2d71827a94dd9c6d0572919b8f97cd952e6253d64565e8230
basf-wheat-diseases,era5loc_3c84c4c5c802,52.0,-2.2,data/basf-wheat-diseases.txt; coordinates rounded to 0.1 degrees,76,355,51.75,-2.25,28.028569768516686,305.0,174.0,234.0,1.0,True,False,winter_wheat,irrigated,GGCMI Phase 3 v1.01,10.5281/zenodo.5062513,0.5,containing_native_cell_no_interpolation,scenario_planting_calendar_not_observed_trial_sowing,provider_maturity_not_observed_harvest,,False,wwh_ir_ggcmi_crop_calendar_phase3_v1.01.nc4,33c88190d2befaa2d71827a94dd9c6d0572919b8f97cd952e6253d64565e8230
basf-wheat-diseases,era5loc_5a873c55d610,52.2,0.8,data/basf-wheat-diseases.txt; coordinates rounded to 0.1 degrees,75,361,52.25,0.75,6.528934390916914,305.0,174.0,234.0,1.0,True,False,winter_wheat,irrigated,GGCMI Phase 3 v1.01,10.5281/zenodo.5062513,0.5,containing_native_cell_no_interpolation,scenario_planting_calendar_not_observed_trial_sowing,provider_maturity_not_observed_harvest,,False,wwh_ir_ggcmi_crop_calendar_phase3_v1.01.nc4,33c88190d2befaa2d71827a94dd9c6d0572919b8f97cd952e6253d64565e8230
basf-wheat-diseases,era5loc_518b93a72002,51.4,-2.0,data/basf-wheat-diseases.txt; coordinates rounded to 0.1 degrees,77,356,51.25,-1.75,24.12836362405698,305.0,174.0,234.0,1.0,True,False,winter_wheat,irrigated,GGCMI Phase 3 v1.01,10.5281/zenodo.5062513,0.5,containing_native_cell_no_interpolation,scenario_planting_calendar_not_observed_trial_sowing,provider_maturity_not_observed_harvest,,False,wwh_ir_ggcmi_crop_calendar_phase3_v1.01.nc4,33c88190d2befaa2d71827a94dd9c6d0572919b8f97cd952e6253d64565e8230
corteva-2014-2018-external,era5loc_34ddf36c3b3a,53.8,10.3,published rounded to 0.1 degree; https://doi.org/10.5281/zenodo.6352615,72,380,53.75,10.25,6.4680917164104486,290.0,220.0,295.0,2.0,True,False,winter_wheat,irrigated,GGCMI Phase 3 v1.01,10.5281/zenodo.5062513,0.5,containing_native_cell_no_interpolation,scenario_planting_calendar_not_observed_trial_sowing,provider_maturity_not_observed_harvest,,False,wwh_ir_ggcmi_crop_calendar_phase3_v1.01.nc4,33c88190d2befaa2d71827a94dd9c6d0572919b8f97cd952e6253d64565e8230
corteva-2014-2018-external,era5loc_10922b9e995a,52.2,-1.6,published rounded to 0.1 degree; https://doi.org/10.5281/zenodo.6352615,75,356,52.25,-1.75,11.662561380739428,305.0,174.0,234.0,1.0,True,False,winter_wheat,irrigated,GGCMI Phase 3 v1.01,10.5281/zenodo.5062513,0.5,containing_native_cell_no_interpolation,scenario_planting_calendar_not_observed_trial_sowing,provider_maturity_not_observed_harvest,,False,wwh_ir_ggcmi_crop_calendar_phase3_v1.01.nc4,33c88190d2befaa2d71827a94dd9c6d0572919b8f97cd952e6253d64565e8230
corteva-2014-2018-external,era5loc_9ec703701638,55.3,11.4,published rounded to 0.1 degree; https://doi.org/10.5281/zenodo.6352615,69,382,55.25,11.25,11.039470894110881,305.0,174.0,234.0,1.0,True,False,winter_wheat,irrigated,GGCMI Phase 3 v1.01,10.5281/zenodo.5062513,0.5,containing_native_cell_no_interpolation,scenario_planting_calendar_not_observed_trial_sowing,provider_maturity_not_observed_harvest,,False,wwh_ir_ggcmi_crop_calendar_phase3_v1.01.nc4,33c88190d2befaa2d71827a94dd9c6d0572919b8f97cd952e6253d64565e8230
corteva-2014-2018-external,era5loc_58196cd23b74,52.3,-1.6,published rounded to 0.1 degree; https://doi.org/10.5281/zenodo.6352615,75,356,52.25,-1.75,11.652463460576348,305.0,174.0,234.0,1.0,True,False,winter_wheat,irrigated,GGCMI Phase 3 v1.01,10.5281/zenodo.5062513,0.5,containing_native_cell_no_interpolation,scenario_planting_calendar_not_observed_trial_sowing,provider_maturity_not_observed_harvest,,False,wwh_ir_ggcmi_crop_calendar_phase3_v1.01.nc4,33c88190d2befaa2d71827a94dd9c6d0572919b8f97cd952e6253d64565e8230
corteva-2014-2018-external,era5loc_b19178602a22,54.0,12.2,published rounded to 0.1 degree; https://doi.org/10.5281/zenodo.6352615,72,384,53.75,12.25,28.01932534410121,305.0,174.0,234.0,1.0,True,False,winter_wheat,irrigated,GGCMI Phase 3 v1.01,10.5281/zenodo.5062513,0.5,containing_native_cell_no_interpolation,scenario_planting_calendar_not_observed_trial_sowing,provider_maturity_not_observed_harvest,,False,wwh_ir_ggcmi_crop_calendar_phase3_v1.01.nc4,33c88190d2befaa2d71827a94dd9c6d0572919b8f97cd952e6253d64565e8230
corteva-2014-2018-external,era5loc_44b51b0afbf4,47.5,0.8,published rounded to 0.1 degree; https://doi.org/10.5281/zenodo.6352615,85,361,47.25,0.75,28.049871064296283,305.0,174.0,234.0,1.0,True,False,winter_wheat,irrigated,GGCMI Phase 3 v1.01,10.5281/zenodo.5062513,0.5,containing_native_cell_no_interpolation,scenario_planting_calendar_not_observed_trial_sowing,provider_maturity_not_observed_harvest,,False,wwh_ir_ggcmi_crop_calendar_phase3_v1.01.nc4,33c88190d2befaa2d71827a94dd9c6d0572919b8f97cd952e6253d64565e8230
corteva-2014-2018-external,era5loc_552fc1bf2ed1,49.2,-0.5,published rounded to 0.1 degree; https://doi.org/10.5281/zenodo.6352615,81,359,49.25,-0.25,19.040482103830964,305.0,174.0,234.0,1.0,True,False,winter_wheat,irrigated,GGCMI Phase 3 v1.01,10.5281/zenodo.5062513,0.5,containing_native_cell_no_interpolation,scenario_planting_calendar_not_observed_trial_sowing,provider_maturity_not_observed_harvest,,False,wwh_ir_ggcmi_crop_calendar_phase3_v1.01.nc4,33c88190d2befaa2d71827a94dd9c6d0572919b8f97cd952e6253d64565e8230
corteva-2014-2018-external,era5loc_a3c14cb7ff62,48.1,10.9,published rounded to 0.1 degree; https://doi.org/10.5281/zenodo.6352615,83,381,48.25,10.75,20.066005670980925,305.0,174.0,234.0,1.0,True,False,winter_wheat,irrigated,GGCMI Phase 3 v1.01,10.5281/zenodo.5062513,0.5,containing_native_cell_no_interpolation,scenario_planting_calendar_not_observed_trial_sowing,provider_maturity_not_observed_harvest,,False,wwh_ir_ggcmi_crop_calendar_phase3_v1.01.nc4,33c88190d2befaa2d71827a94dd9c6d0572919b8f97cd952e6253d64565e8230
corteva-2014-2018-external,era5loc_ac3e32c77013,50.2,2.4,published rounded to 0.1 degree; https://doi.org/10.5281/zenodo.6352615,79,364,50.25,2.25,12.062736465408216,305.0,174.0,234.0,1.0,True,False,winter_wheat,irrigated,GGCMI Phase 3 v1.01,10.5281/zenodo.5062513,0.5,containing_native_cell_no_interpolation,scenario_planting_calendar_not_observed_trial_sowing,provider_maturity_not_observed_harvest,,False,wwh_ir_ggcmi_crop_calendar_phase3_v1.01.nc4,33c88190d2befaa2d71827a94dd9c6d0572919b8f97cd952e6253d64565e8230
corteva-2014-2018-external,era5loc_6d5acc6b6792,47.6,1.0,published rounded to 0.1 degree; https://doi.org/10.5281/zenodo.6352615,84,362,47.75,1.25,25.111244014422773,305.0,174.0,234.0,1.0,True,False,winter_wheat,irrigated,GGCMI Phase 3 v1.01,10.5281/zenodo.5062513,0.5,containing_native_cell_no_interpolation,scenario_planting_calendar_not_observed_trial_sowing,provider_maturity_not_observed_harvest,,False,wwh_ir_ggcmi_crop_calendar_phase3_v1.01.nc4,33c88190d2befaa2d71827a94dd9c6d0572919b8f97cd952e6253d64565e8230
corteva-2014-2018-external,era5loc_2bec8c4d1d1c,48.2,11.3,published rounded to 0.1 degree; https://doi.org/10.5281/zenodo.6352615,83,382,48.25,11.25,6.686701592485563,290.0,220.0,295.0,2.0,True,False,winter_wheat,irrigated,GGCMI Phase 3 v1.01,10.5281/zenodo.5062513,0.5,containing_native_cell_no_interpolation,scenario_planting_calendar_not_observed_trial_sowing,provider_maturity_not_observed_harvest,,False,wwh_ir_ggcmi_crop_calendar_phase3_v1.01.nc4,33c88190d2befaa2d71827a94dd9c6d0572919b8f97cd952e6253d64565e8230
corteva-2014-2018-external,era5loc_8c3d66928dac,52.2,-2.8,published rounded to 0.1 degree; https://doi.org/10.5281/zenodo.6352615,75,354,52.25,-2.75,6.528934390917858,304.0,201.0,262.0,2.0,True,False,winter_wheat,irrigated,GGCMI Phase 3 v1.01,10.5281/zenodo.5062513,0.5,containing_native_cell_no_interpolation,scenario_planting_calendar_not_observed_trial_sowing,provider_maturity_not_observed_harvest,,False,wwh_ir_ggcmi_crop_calendar_phase3_v1.01.nc4,33c88190d2befaa2d71827a94dd9c6d0572919b8f97cd952e6253d64565e8230
corteva-2014-2018-external,era5loc_5bc9f026f451,50.3,18.6,published rounded to 0.1 degree; https://doi.org/10.5281/zenodo.6352615,79,397,50.25,18.75,12.052825944411468,276.0,202.0,291.0,2.0,True,False,winter_wheat,irrigated,GGCMI Phase 3 v1.01,10.5281/zenodo.5062513,0.5,containing_native_cell_no_interpolation,scenario_planting_calendar_not_observed_trial_sowing,provider_maturity_not_observed_harvest,,False,wwh_ir_ggcmi_crop_calendar_phase3_v1.01.nc4,33c88190d2befaa2d71827a94dd9c6d0572919b8f97cd952e6253d64565e8230
corteva-2014-2018-external,era5loc_16ba87a73e20,48.9,9.3,published rounded to 0.1 degree; https://doi.org/10.5281/zenodo.6352615,82,378,48.75,9.25,17.080199735408414,305.0,174.0,234.0,1.0,True,False,winter_wheat,irrigated,GGCMI Phase 3 v1.01,10.5281/zenodo.5062513,0.5,containing_native_cell_no_interpolation,scenario_planting_calendar_not_observed_trial_sowing,provider_maturity_not_observed_harvest,,False,wwh_ir_ggcmi_crop_calendar_phase3_v1.01.nc4,33c88190d2befaa2d71827a94dd9c6d0572919b8f97cd952e6253d64565e8230
corteva-2014-2018-external,era5loc_ac9ad304413f,54.2,10.4,published rounded to 0.1 degree; https://doi.org/10.5281/zenodo.6352615,71,380,54.25,10.25,11.255495818980254,290.0,220.0,295.0,2.0,True,False,winter_wheat,irrigated,GGCMI Phase 3 v1.01,10.5281/zenodo.5062513,0.5,containing_native_cell_no_interpolation,scenario_planting_calendar_not_observed_trial_sowing,provider_maturity_not_observed_harvest,,False,wwh_ir_ggcmi_crop_calendar_phase3_v1.01.nc4,33c88190d2befaa2d71827a94dd9c6d0572919b8f97cd952e6253d64565e8230
corteva-2014-2018-external,era5loc_e9355841f968,54.2,10.3,published rounded to 0.1 degree; https://doi.org/10.5281/zenodo.6352615,71,380,54.25,10.25,6.450503299962337,290.0,220.0,295.0,2.0,True,False,winter_wheat,irrigated,GGCMI Phase 3 v1.01,10.5281/zenodo.5062513,0.5,containing_native_cell_no_interpolation,scenario_planting_calendar_not_observed_trial_sowing,provider_maturity_not_observed_harvest,,False,wwh_ir_ggcmi_crop_calendar_phase3_v1.01.nc4,33c88190d2befaa2d71827a94dd9c6d0572919b8f97cd952e6253d64565e8230
corteva-2014-2018-external,era5loc_4a01bdc540c8,47.7,1.0,published rounded to 0.1 degree; https://doi.org/10.5281/zenodo.6352615,84,362,47.75,1.25,19.561825611736527,305.0,174.0,234.0,1.0,True,False,winter_wheat,irrigated,GGCMI Phase 3 v1.01,10.5281/zenodo.5062513,0.5,containing_native_cell_no_interpolation,scenario_planting_calendar_not_observed_trial_sowing,provider_maturity_not_observed_harvest,,False,wwh_ir_ggcmi_crop_calendar_phase3_v1.01.nc4,33c88190d2befaa2d71827a94dd9c6d0572919b8f97cd952e6253d64565e8230
corteva-2014-2018-external,era5loc_271e389189e2,48.3,11.5,published rounded to 0.1 degree; https://doi.org/10.5281/zenodo.6352615,83,383,48.25,11.75,19.37193890505296,305.0,174.0,234.0,1.0,True,False,winter_wheat,irrigated,GGCMI Phase 3 v1.01,10.5281/zenodo.5062513,0.5,containing_native_cell_no_interpolation,scenario_planting_calendar_not_observed_trial_sowing,provider_maturity_not_observed_harvest,,False,wwh_ir_ggcmi_crop_calendar_phase3_v1.01.nc4,33c88190d2befaa2d71827a94dd9c6d0572919b8f97cd952e6253d64565e8230
corteva-2014-2018-external,era5loc_a897dfaa7acf,52.2,-2.7,published rounded to 0.1 degree; https://doi.org/10.5281/zenodo.6352615,75,354,52.25,-2.75,6.528934390917858,304.0,201.0,262.0,2.0,True,False,winter_wheat,irrigated,GGCMI Phase 3 v1.01,10.5281/zenodo.5062513,0.5,containing_native_cell_no_interpolation,scenario_planting_calendar_not_observed_trial_sowing,provider_maturity_not_observed_harvest,,False,wwh_ir_ggcmi_crop_calendar_phase3_v1.01.nc4,33c88190d2befaa2d71827a94dd9c6d0572919b8f97cd952e6253d64565e8230
corteva-2014-2018-external,era5loc_bb6ce598bc3b,52.4,-7.6,published rounded to 0.1 degree; https://doi.org/10.5281/zenodo.6352615,75,344,52.25,-7.75,19.574988582847723,305.0,174.0,234.0,1.0,True,False,winter_wheat,irrigated,GGCMI Phase 3 v1.01,10.5281/zenodo.5062513,0.5,containing_native_cell_no_interpolation,scenario_planting_calendar_not_observed_trial_sowing,provider_maturity_not_observed_harvest,,False,wwh_ir_ggcmi_crop_calendar_phase3_v1.01.nc4,33c88190d2befaa2d71827a94dd9c6d0572919b8f97cd952e6253d64565e8230
corteva-2014-2018-external,era5loc_564939414644,53.8,10.6,published rounded to 0.1 degree; https://doi.org/10.5281/zenodo.6352615,72,381,53.75,10.75,11.34761989094493,305.0,174.0,234.0,1.0,True,False,winter_wheat,irrigated,GGCMI Phase 3 v1.01,10.5281/zenodo.5062513,0.5,containing_native_cell_no_interpolation,scenario_planting_calendar_not_observed_trial_sowing,provider_maturity_not_observed_harvest,,False,wwh_ir_ggcmi_crop_calendar_phase3_v1.01.nc4,33c88190d2befaa2d71827a94dd9c6d0572919b8f97cd952e6253d64565e8230
corteva-2014-2018-external,era5loc_675a14abc4ed,50.2,2.5,published rounded to 0.1 degree; https://doi.org/10.5281/zenodo.6352615,79,365,50.25,2.75,18.686964584075636,305.0,174.0,234.0,1.0,True,False,winter_wheat,irrigated,GGCMI Phase 3 v1.01,10.5281/zenodo.5062513,0.5,containing_native_cell_no_interpolation,scenario_planting_calendar_not_observed_trial_sowing,provider_maturity_not_observed_harvest,,False,wwh_ir_ggcmi_crop_calendar_phase3_v1.01.nc4,33c88190d2befaa2d71827a94dd9c6d0572919b8f97cd952e6253d64565e8230
corteva-2014-2018-external,era5loc_147e0282030a,58.3,14.8,published rounded to 0.1 degree; https://doi.org/10.5281/zenodo.6352615,63,389,58.25,14.75,6.294692403886569,274.0,174.0,265.0,2.0,True,False,winter_wheat,irrigated,GGCMI Phase 3 v1.01,10.5281/zenodo.5062513,0.5,containing_native_cell_no_interpolation,scenario_planting_calendar_not_observed_trial_sowing,provider_maturity_not_observed_harvest,,False,wwh_ir_ggcmi_crop_calendar_phase3_v1.01.nc4,33c88190d2befaa2d71827a94dd9c6d0572919b8f97cd952e6253d64565e8230
corteva-2014-2018-external,era5loc_efa0b1c20b7e,58.5,15.1,published rounded to 0.1 degree; https://doi.org/10.5281/zenodo.6352615,63,390,58.25,15.25,29.19653703686451,274.0,174.0,265.0,2.0,True,False,winter_wheat,irrigated,GGCMI Phase 3 v1.01,10.5281/zenodo.5062513,0.5,containing_native_cell_no_interpolation,scenario_planting_calendar_not_observed_trial_sowing,provider_maturity_not_observed_harvest,,False,wwh_ir_ggcmi_crop_calendar_phase3_v1.01.nc4,33c88190d2befaa2d71827a94dd9c6d0572919b8f97cd952e6253d64565e8230
corteva-2014-2018-external,era5loc_1413d3db59ca,52.3,16.4,published rounded to 0.1 degree; https://doi.org/10.5281/zenodo.6352615,75,392,52.25,16.25,11.652463460576246,276.0,202.0,291.0,2.0,True,False,winter_wheat,irrigated,GGCMI Phase 3 v1.01,10.5281/zenodo.5062513,0.5,containing_native_cell_no_interpolation,scenario_planting_calendar_not_observed_trial_sowing,provider_maturity_not_observed_harvest,,False,wwh_ir_ggcmi_crop_calendar_phase3_v1.01.nc4,33c88190d2befaa2d71827a94dd9c6d0572919b8f97cd952e6253d64565e8230
corteva-2014-2018-external,era5loc_2fb425fa23bb,52.2,-2.6,published rounded to 0.1 degree; https://doi.org/10.5281/zenodo.6352615,75,354,52.25,-2.75,11.662561380739428,304.0,201.0,262.0,2.0,True,False,winter_wheat,irrigated,GGCMI Phase 3 v1.01,10.5281/zenodo.5062513,0.5,containing_native_cell_no_interpolation,scenario_planting_calendar_not_observed_trial_sowing,provider_maturity_not_observed_harvest,,False,wwh_ir_ggcmi_crop_calendar_phase3_v1.01.nc4,33c88190d2befaa2d71827a94dd9c6d0572919b8f97cd952e6253d64565e8230
corteva-2014-2018-external,era5loc_86c70f7f7a55,53.7,7.9,published rounded to 0.1 degree; https://doi.org/10.5281/zenodo.6352615,72,375,53.75,7.75,11.3578378007327,305.0,174.0,234.0,1.0,True,False,winter_wheat,irrigated,GGCMI Phase 3 v1.01,10.5281/zenodo.5062513,0.5,containing_native_cell_no_interpolation,scenario_planting_calendar_not_observed_trial_sowing,provider_maturity_not_observed_harvest,,False,wwh_ir_ggcmi_crop_calendar_phase3_v1.01.nc4,33c88190d2befaa2d71827a94dd9c6d0572919b8f97cd952e6253d64565e8230
corteva-2014-2018-external,era5loc_75bcfbe45580,50.2,3.0,published rounded to 0.1 degree; https://doi.org/10.5281/zenodo.6352615,79,366,50.25,3.25,18.686964584075636,305.0,174.0,234.0,1.0,True,False,winter_wheat,irrigated,GGCMI Phase 3 v1.01,10.5281/zenodo.5062513,0.5,containing_native_cell_no_interpolation,scenario_planting_calendar_not_observed_trial_sowing,provider_maturity_not_observed_harvest,,False,wwh_ir_ggcmi_crop_calendar_phase3_v1.01.nc4,33c88190d2befaa2d71827a94dd9c6d0572919b8f97cd952e6253d64565e8230
corteva-2014-2018-external,era5loc_3a61f47c1c68,58.5,15.2,published rounded to 0.1 degree; https://doi.org/10.5281/zenodo.6352615,63,390,58.25,15.25,27.999329416912637,274.0,174.0,265.0,2.0,True,False,winter_wheat,irrigated,GGCMI Phase 3 v1.01,10.5281/zenodo.5062513,0.5,containing_native_cell_no_interpolation,scenario_planting_calendar_not_observed_trial_sowing,provider_maturity_not_observed_harvest,,False,wwh_ir_ggcmi_crop_calendar_phase3_v1.01.nc4,33c88190d2befaa2d71827a94dd9c6d0572919b8f97cd952e6253d64565e8230
corteva-2014-2018-external,era5loc_d0526892c13b,58.5,15.6,published rounded to 0.1 degree; https://doi.org/10.5281/zenodo.6352615,63,391,58.25,15.75,29.19653703686451,274.0,174.0,265.0,2.0,True,False,winter_wheat,irrigated,GGCMI Phase 3 v1.01,10.5281/zenodo.5062513,0.5,containing_native_cell_no_interpolation,scenario_planting_calendar_not_observed_trial_sowing,provider_maturity_not_observed_harvest,,False,wwh_ir_ggcmi_crop_calendar_phase3_v1.01.nc4,33c88190d2befaa2d71827a94dd9c6d0572919b8f97cd952e6253d64565e8230
corteva-2014-2018-external,era5loc_172a8482b77b,48.2,11.4,published rounded to 0.1 degree; https://doi.org/10.5281/zenodo.6352615,83,382,48.25,11.25,12.454820472265347,290.0,220.0,295.0,2.0,True,False,winter_wheat,irrigated,GGCMI Phase 3 v1.01,10.5281/zenodo.5062513,0.5,containing_native_cell_no_interpolation,scenario_planting_calendar_not_observed_trial_sowing,provider_maturity_not_observed_harvest,,False,wwh_ir_ggcmi_crop_calendar_phase3_v1.01.nc4,33c88190d2befaa2d71827a94dd9c6d0572919b8f97cd952e6253d64565e8230
corteva-2014-2018-external,era5loc_b78a3047c055,52.4,-1.4,published rounded to 0.1 degree; https://doi.org/10.5281/zenodo.6352615,75,357,52.25,-1.25,19.57498858284843,305.0,174.0,234.0,1.0,True,False,winter_wheat,irrigated,GGCMI Phase 3 v1.01,10.5281/zenodo.5062513,0.5,containing_native_cell_no_interpolation,scenario_planting_calendar_not_observed_trial_sowing,provider_maturity_not_observed_harvest,,False,wwh_ir_ggcmi_crop_calendar_phase3_v1.01.nc4,33c88190d2befaa2d71827a94dd9c6d0572919b8f97cd952e6253d64565e8230
corteva-2014-2018-external,era5loc_444826b8a178,52.1,-2.6,published rounded to 0.1 degree; https://doi.org/10.5281/zenodo.6352615,75,354,52.25,-2.75,19.592698124848624,304.0,201.0,262.0,2.0,True,False,winter_wheat,irrigated,GGCMI Phase 3 v1.01,10.5281/zenodo.5062513,0.5,containing_native_cell_no_interpolation,scenario_planting_calendar_not_observed_trial_sowing,provider_maturity_not_observed_harvest,,False,wwh_ir_ggcmi_crop_calendar_phase3_v1.01.nc4,33c88190d2befaa2d71827a94dd9c6d0572919b8f97cd952e6253d64565e8230
corteva-2014-2018-external,era5loc_06b87a47fb78,52.9,-6.9,published rounded to 0.1 degree; https://doi.org/10.5281/zenodo.6352615,74,346,52.75,-6.75,19.516014739065678,305.0,174.0,234.0,1.0,True,False,winter_wheat,irrigated,GGCMI Phase 3 v1.01,10.5281/zenodo.5062513,0.5,containing_native_cell_no_interpolation,scenario_planting_calendar_not_observed_trial_sowing,provider_maturity_not_observed_harvest,,False,wwh_ir_ggcmi_crop_calendar_phase3_v1.01.nc4,33c88190d2befaa2d71827a94dd9c6d0572919b8f97cd952e6253d64565e8230
corteva-2014-2018-external,era5loc_d0e22e1571cb,52.9,-6.7,published rounded to 0.1 degree; https://doi.org/10.5281/zenodo.6352615,74,346,52.75,-6.75,17.02931077182576,305.0,174.0,234.0,1.0,True,False,winter_wheat,irrigated,GGCMI Phase 3 v1.01,10.5281/zenodo.5062513,0.5,containing_native_cell_no_interpolation,scenario_planting_calendar_not_observed_trial_sowing,provider_maturity_not_observed_harvest,,False,wwh_ir_ggcmi_crop_calendar_phase3_v1.01.nc4,33c88190d2befaa2d71827a94dd9c6d0572919b8f97cd952e6253d64565e8230
corteva-2014-2018-external,era5loc_08a1d4574c90,52.5,16.8,published rounded to 0.1 degree; https://doi.org/10.5281/zenodo.6352615,75,393,52.25,16.75,28.026242231632995,276.0,202.0,291.0,2.0,True,False,winter_wheat,irrigated,GGCMI Phase 3 v1.01,10.5281/zenodo.5062513,0.5,containing_native_cell_no_interpolation,scenario_planting_calendar_not_observed_trial_sowing,provider_maturity_not_observed_harvest,,False,wwh_ir_ggcmi_crop_calendar_phase3_v1.01.nc4,33c88190d2befaa2d71827a94dd9c6d0572919b8f97cd952e6253d64565e8230
corteva-2014-2018-external,era5loc_00eea7e0108c,50.4,8.2,published rounded to 0.1 degree; https://doi.org/10.5281/zenodo.6352615,79,376,50.25,8.25,17.06097160477929,305.0,174.0,234.0,1.0,True,False,winter_wheat,irrigated,GGCMI Phase 3 v1.01,10.5281/zenodo.5062513,0.5,containing_native_cell_no_interpolation,scenario_planting_calendar_not_observed_trial_sowing,provider_maturity_not_observed_harvest,,False,wwh_ir_ggcmi_crop_calendar_phase3_v1.01.nc4,33c88190d2befaa2d71827a94dd9c6d0572919b8f97cd952e6253d64565e8230
corteva-2014-2018-external,era5loc_7d2651d26912,53.0,17.2,published rounded to 0.1 degree; https://doi.org/10.5281/zenodo.6352615,74,394,52.75,17.25,28.023925176810668,276.0,202.0,291.0,2.0,True,False,winter_wheat,irrigated,GGCMI Phase 3 v1.01,10.5281/zenodo.5062513,0.5,containing_native_cell_no_interpolation,scenario_planting_calendar_not_observed_trial_sowing,provider_maturity_not_observed_harvest,,False,wwh_ir_ggcmi_crop_calendar_phase3_v1.01.nc4,33c88190d2befaa2d71827a94dd9c6d0572919b8f97cd952e6253d64565e8230
corteva-2014-2018-external,era5loc_a0cd83c309f8,55.9,-2.8,published rounded to 0.1 degree; https://doi.org/10.5281/zenodo.6352615,68,354,55.75,-2.75,16.992256078886548,305.0,174.0,234.0,1.0,True,False,winter_wheat,irrigated,GGCMI Phase 3 v1.01,10.5281/zenodo.5062513,0.5,containing_native_cell_no_interpolation,scenario_planting_calendar_not_observed_trial_sowing,provider_maturity_not_observed_harvest,,False,wwh_ir_ggcmi_crop_calendar_phase3_v1.01.nc4,33c88190d2befaa2d71827a94dd9c6d0572919b8f97cd952e6253d64565e8230
corteva-2014-2018-external,era5loc_0da14fe6a2dd,49.9,2.1,published rounded to 0.1 degree; https://doi.org/10.5281/zenodo.6352615,80,364,49.75,2.25,19.87075674610534,305.0,174.0,234.0,1.0,True,False,winter_wheat,irrigated,GGCMI Phase 3 v1.01,10.5281/zenodo.5062513,0.5,containing_native_cell_no_interpolation,scenario_planting_calendar_not_observed_trial_sowing,provider_maturity_not_observed_harvest,,False,wwh_ir_ggcmi_crop_calendar_phase3_v1.01.nc4,33c88190d2befaa2d71827a94dd9c6d0572919b8f97cd952e6253d64565e8230
corteva-2014-2018-external,era5loc_c6c2c622a0ea,52.7,-1.6,published rounded to 0.1 degree; https://doi.org/10.5281/zenodo.6352615,74,356,52.75,-1.75,11.561391351051391,305.0,174.0,234.0,1.0,True,False,winter_wheat,irrigated,GGCMI Phase 3 v1.01,10.5281/zenodo.5062513,0.5,containing_native_cell_no_interpolation,scenario_planting_calendar_not_observed_trial_sowing,provider_maturity_not_observed_harvest,,False,wwh_ir_ggcmi_crop_calendar_phase3_v1.01.nc4,33c88190d2befaa2d71827a94dd9c6d0572919b8f97cd952e6253d64565e8230
corteva-2014-2018-external,era5loc_ee73759db932,53.4,-7.6,published rounded to 0.1 degree; https://doi.org/10.5281/zenodo.6352615,73,344,53.25,-7.75,19.45714458566769,305.0,174.0,234.0,1.0,True,False,winter_wheat,irrigated,GGCMI Phase 3 v1.01,10.5281/zenodo.5062513,0.5,containing_native_cell_no_interpolation,scenario_planting_calendar_not_observed_trial_sowing,provider_maturity_not_observed_harvest,,False,wwh_ir_ggcmi_crop_calendar_phase3_v1.01.nc4,33c88190d2befaa2d71827a94dd9c6d0572919b8f97cd952e6253d64565e8230
corteva-2014-2018-external,era5loc_badf6a0c8408,53.0,-6.9,published rounded to 0.1 degree; https://doi.org/10.5281/zenodo.6352615,74,346,52.75,-6.75,29.59744285970011,305.0,174.0,234.0,1.0,True,False,winter_wheat,irrigated,GGCMI Phase 3 v1.01,10.5281/zenodo.5062513,0.5,containing_native_cell_no_interpolation,scenario_planting_calendar_not_observed_trial_sowing,provider_maturity_not_observed_harvest,,False,wwh_ir_ggcmi_crop_calendar_phase3_v1.01.nc4,33c88190d2befaa2d71827a94dd9c6d0572919b8f97cd952e6253d64565e8230
corteva-2014-2018-external,era5loc_cd0793ddaa5d,50.3,18.5,published rounded to 0.1 degree; https://doi.org/10.5281/zenodo.6352615,79,397,50.25,18.75,18.669167398557082,276.0,202.0,291.0,2.0,True,False,winter_wheat,irrigated,GGCMI Phase 3 v1.01,10.5281/zenodo.5062513,0.5,containing_native_cell_no_interpolation,scenario_planting_calendar_not_observed_trial_sowing,provider_maturity_not_observed_harvest,,False,wwh_ir_ggcmi_crop_calendar_phase3_v1.01.nc4,33c88190d2befaa2d71827a94dd9c6d0572919b8f97cd952e6253d64565e8230
corteva-2014-2018-external,era5loc_b1851c4862e8,50.3,8.8,published rounded to 0.1 degree; https://doi.org/10.5281/zenodo.6352615,79,377,50.25,8.75,6.6058249009486785,305.0,174.0,234.0,1.0,True,False,winter_wheat,irrigated,GGCMI Phase 3 v1.01,10.5281/zenodo.5062513,0.5,containing_native_cell_no_interpolation,scenario_planting_calendar_not_observed_trial_sowing,provider_maturity_not_observed_harvest,,False,wwh_ir_ggcmi_crop_calendar_phase3_v1.01.nc4,33c88190d2befaa2d71827a94dd9c6d0572919b8f97cd952e6253d64565e8230
corteva-2014-2018-external,era5loc_9721ab7cc715,50.2,-2.4,published rounded to 0.1 degree; https://doi.org/10.5281/zenodo.6352615,79,355,50.25,-2.25,12.062736465408216,,,,,False,True,winter_wheat,irrigated,GGCMI Phase 3 v1.01,10.5281/zenodo.5062513,0.5,containing_native_cell_no_interpolation,scenario_planting_calendar_not_observed_trial_sowing,provider_maturity_not_observed_harvest,,False,wwh_ir_ggcmi_crop_calendar_phase3_v1.01.nc4,33c88190d2befaa2d71827a94dd9c6d0572919b8f97cd952e6253d64565e8230
corteva-2014-2018-external,era5loc_2b86c955613c,52.7,-0.5,published rounded to 0.1 degree; https://doi.org/10.5281/zenodo.6352615,74,359,52.75,-0.25,17.78358607638439,305.0,174.0,234.0,1.0,True,False,winter_wheat,irrigated,GGCMI Phase 3 v1.01,10.5281/zenodo.5062513,0.5,containing_native_cell_no_interpolation,scenario_planting_calendar_not_observed_trial_sowing,provider_maturity_not_observed_harvest,,False,wwh_ir_ggcmi_crop_calendar_phase3_v1.01.nc4,33c88190d2befaa2d71827a94dd9c6d0572919b8f97cd952e6253d64565e8230
corteva-2014-2018-external,era5loc_7df03bc05f0e,49.1,-0.5,published rounded to 0.1 degree; https://doi.org/10.5281/zenodo.6352615,81,359,49.25,-0.25,24.709816745579246,305.0,174.0,234.0,1.0,True,False,winter_wheat,irrigated,GGCMI Phase 3 v1.01,10.5281/zenodo.5062513,0.5,containing_native_cell_no_interpolation,scenario_planting_calendar_not_observed_trial_sowing,provider_maturity_not_observed_harvest,,False,wwh_ir_ggcmi_crop_calendar_phase3_v1.01.nc4,33c88190d2befaa2d71827a94dd9c6d0572919b8f97cd952e6253d64565e8230
corteva-2014-2018-external,era5loc_571d1ffe9b17,48.1,3.8,published rounded to 0.1 degree; https://doi.org/10.5281/zenodo.6352615,83,367,48.25,3.75,17.088568793226454,305.0,174.0,234.0,1.0,True,False,winter_wheat,irrigated,GGCMI Phase 3 v1.01,10.5281/zenodo.5062513,0.5,containing_native_cell_no_interpolation,scenario_planting_calendar_not_observed_trial_sowing,provider_maturity_not_observed_harvest,,False,wwh_ir_ggcmi_crop_calendar_phase3_v1.01.nc4,33c88190d2befaa2d71827a94dd9c6d0572919b8f97cd952e6253d64565e8230
corteva-2014-2018-external,era5loc_b267bcd7dbd3,54.2,10.9,published rounded to 0.1 degree; https://doi.org/10.5281/zenodo.6352615,71,381,54.25,10.75,11.255495818980254,305.0,174.0,234.0,1.0,True,False,winter_wheat,irrigated,GGCMI Phase 3 v1.01,10.5281/zenodo.5062513,0.5,containing_native_cell_no_interpolation,scenario_planting_calendar_not_observed_trial_sowing,provider_maturity_not_observed_harvest,,False,wwh_ir_ggcmi_crop_calendar_phase3_v1.01.nc4,33c88190d2befaa2d71827a94dd9c6d0572919b8f97cd952e6253d64565e8230
corteva-2014-2018-external,era5loc_37afec23e7f5,53.8,10.5,published rounded to 0.1 degree; https://doi.org/10.5281/zenodo.6352615,72,381,53.75,10.75,17.396345545356397,305.0,174.0,234.0,1.0,True,False,winter_wheat,irrigated,GGCMI Phase 3 v1.01,10.5281/zenodo.5062513,0.5,containing_native_cell_no_interpolation,scenario_planting_calendar_not_observed_trial_sowing,provider_maturity_not_observed_harvest,,False,wwh_ir_ggcmi_crop_calendar_phase3_v1.01.nc4,33c88190d2befaa2d71827a94dd9c6d0572919b8f97cd952e6253d64565e8230
corteva-2014-2018-external,era5loc_831f1bcc3513,53.4,8.1,published rounded to 0.1 degree; https://doi.org/10.5281/zenodo.6352615,73,376,53.25,8.25,19.45714458566769,290.0,220.0,295.0,2.0,True,False,winter_wheat,irrigated,GGCMI Phase 3 v1.01,10.5281/zenodo.5062513,0.5,containing_native_cell_no_interpolation,scenario_planting_calendar_not_observed_trial_sowing,provider_maturity_not_observed_harvest,,False,wwh_ir_ggcmi_crop_calendar_phase3_v1.01.nc4,33c88190d2befaa2d71827a94dd9c6d0572919b8f97cd952e6253d64565e8230
corteva-2014-2018-external,era5loc_707c396abf09,51.2,13.3,published rounded to 0.1 degree; https://doi.org/10.5281/zenodo.6352615,77,386,51.25,13.25,6.568337317063783,305.0,205.0,265.0,1.0,True,False,winter_wheat,irrigated,GGCMI Phase 3 v1.01,10.5281/zenodo.5062513,0.5,containing_native_cell_no_interpolation,scenario_planting_calendar_not_observed_trial_sowing,provider_maturity_not_observed_harvest,,False,wwh_ir_ggcmi_crop_calendar_phase3_v1.01.nc4,33c88190d2befaa2d71827a94dd9c6d0572919b8f97cd952e6253d64565e8230
corteva-2014-2018-external,era5loc_a8819305ac0f,52.1,-2.5,published rounded to 0.1 degree; https://doi.org/10.5281/zenodo.6352615,75,355,52.25,-2.25,23.897059439456672,305.0,174.0,234.0,1.0,True,False,winter_wheat,irrigated,GGCMI Phase 3 v1.01,10.5281/zenodo.5062513,0.5,containing_native_cell_no_interpolation,scenario_planting_calendar_not_observed_trial_sowing,provider_maturity_not_observed_harvest,,False,wwh_ir_ggcmi_crop_calendar_phase3_v1.01.nc4,33c88190d2befaa2d71827a94dd9c6d0572919b8f97cd952e6253d64565e8230
corteva-2014-2018-external,era5loc_5169e9aeb73a,52.0,17.5,published rounded to 0.1 degree; https://doi.org/10.5281/zenodo.6352615,76,395,51.75,17.75,32.713533487671405,276.0,202.0,291.0,2.0,True,False,winter_wheat,irrigated,GGCMI Phase 3 v1.01,10.5281/zenodo.5062513,0.5,containing_native_cell_no_interpolation,scenario_planting_calendar_not_observed_trial_sowing,provider_maturity_not_observed_harvest,,False,wwh_ir_ggcmi_crop_calendar_phase3_v1.01.nc4,33c88190d2befaa2d71827a94dd9c6d0572919b8f97cd952e6253d64565e8230
corteva-2014-2018-external,era5loc_83d8fea92444,49.4,0.8,published rounded to 0.1 degree; https://doi.org/10.5281/zenodo.6352615,81,361,49.25,0.75,17.073775653279448,305.0,174.0,234.0,1.0,True,False,winter_wheat,irrigated,GGCMI Phase 3 v1.01,10.5281/zenodo.5062513,0.5,containing_native_cell_no_interpolation,scenario_planting_calendar_not_observed_trial_sowing,provider_maturity_not_observed_harvest,,False,wwh_ir_ggcmi_crop_calendar_phase3_v1.01.nc4,33c88190d2befaa2d71827a94dd9c6d0572919b8f97cd952e6253d64565e8230
corteva-2014-2018-external,era5loc_0a75763dbaf3,52.2,-2.9,published rounded to 0.1 degree; https://doi.org/10.5281/zenodo.6352615,75,354,52.25,-2.75,11.662561380739428,304.0,201.0,262.0,2.0,True,False,winter_wheat,irrigated,GGCMI Phase 3 v1.01,10.5281/zenodo.5062513,0.5,containing_native_cell_no_interpolation,scenario_planting_calendar_not_observed_trial_sowing,provider_maturity_not_observed_harvest,,False,wwh_ir_ggcmi_crop_calendar_phase3_v1.01.nc4,33c88190d2befaa2d71827a94dd9c6d0572919b8f97cd952e6253d64565e8230
corteva-2014-2018-external,era5loc_4e98f2286742,49.8,3.0,published rounded to 0.1 degree; https://doi.org/10.5281/zenodo.6352615,80,366,49.75,3.25,18.846622896316948,304.0,206.0,267.0,2.0,True,False,winter_wheat,irrigated,GGCMI Phase 3 v1.01,10.5281/zenodo.5062513,0.5,containing_native_cell_no_interpolation,scenario_planting_calendar_not_observed_trial_sowing,provider_maturity_not_observed_harvest,,False,wwh_ir_ggcmi_crop_calendar_phase3_v1.01.nc4,33c88190d2befaa2d71827a94dd9c6d0572919b8f97cd952e6253d64565e8230
corteva-2014-2018-external,era5loc_37b55ea540c2,55.5,11.9,published rounded to 0.1 degree; https://doi.org/10.5281/zenodo.6352615,69,383,55.25,11.75,29.412263193998882,305.0,174.0,234.0,1.0,True,False,winter_wheat,irrigated,GGCMI Phase 3 v1.01,10.5281/zenodo.5062513,0.5,containing_native_cell_no_interpolation,scenario_planting_calendar_not_observed_trial_sowing,provider_maturity_not_observed_harvest,,False,wwh_ir_ggcmi_crop_calendar_phase3_v1.01.nc4,33c88190d2befaa2d71827a94dd9c6d0572919b8f97cd952e6253d64565e8230
corteva-2014-2018-external,era5loc_5e6d20c69e16,53.8,10.4,published rounded to 0.1 degree; https://doi.org/10.5281/zenodo.6352615,72,380,53.75,10.25,11.34761989094493,290.0,220.0,295.0,2.0,True,False,winter_wheat,irrigated,GGCMI Phase 3 v1.01,10.5281/zenodo.5062513,0.5,containing_native_cell_no_interpolation,scenario_planting_calendar_not_observed_trial_sowing,provider_maturity_not_observed_harvest,,False,wwh_ir_ggcmi_crop_calendar_phase3_v1.01.nc4,33c88190d2befaa2d71827a94dd9c6d0572919b8f97cd952e6253d64565e8230
corteva-2014-2018-external,era5loc_1c001582d1e8,53.7,10.4,published rounded to 0.1 degree; https://doi.org/10.5281/zenodo.6352615,72,380,53.75,10.25,11.3578378007327,290.0,220.0,295.0,2.0,True,False,winter_wheat,irrigated,GGCMI Phase 3 v1.01,10.5281/zenodo.5062513,0.5,containing_native_cell_no_interpolation,scenario_planting_calendar_not_observed_trial_sowing,provider_maturity_not_observed_harvest,,False,wwh_ir_ggcmi_crop_calendar_phase3_v1.01.nc4,33c88190d2befaa2d71827a94dd9c6d0572919b8f97cd952e6253d64565e8230
corteva-2014-2018-external,era5loc_86d14c866fc7,52.1,-4.6,published rounded to 0.1 degree; https://doi.org/10.5281/zenodo.6352615,75,350,52.25,-4.75,19.592698124848685,305.0,174.0,234.0,1.0,True,False,winter_wheat,irrigated,GGCMI Phase 3 v1.01,10.5281/zenodo.5062513,0.5,containing_native_cell_no_interpolation,scenario_planting_calendar_not_observed_trial_sowing,provider_maturity_not_observed_harvest,,False,wwh_ir_ggcmi_crop_calendar_phase3_v1.01.nc4,33c88190d2befaa2d71827a94dd9c6d0572919b8f97cd952e6253d64565e8230
corteva-2014-2018-external,era5loc_2a1c91560f0e,49.1,9.0,published rounded to 0.1 degree; https://doi.org/10.5281/zenodo.6352615,81,378,49.25,9.25,24.709816745579246,305.0,174.0,234.0,1.0,True,False,winter_wheat,irrigated,GGCMI Phase 3 v1.01,10.5281/zenodo.5062513,0.5,containing_native_cell_no_interpolation,scenario_planting_calendar_not_observed_trial_sowing,provider_maturity_not_observed_harvest,,False,wwh_ir_ggcmi_crop_calendar_phase3_v1.01.nc4,33c88190d2befaa2d71827a94dd9c6d0572919b8f97cd952e6253d64565e8230
corteva-2014-2018-external,era5loc_1265910a73e5,52.3,10.0,published rounded to 0.1 degree; https://doi.org/10.5281/zenodo.6352615,75,380,52.25,10.25,17.94817396960504,305.0,174.0,234.0,1.0,True,False,winter_wheat,irrigated,GGCMI Phase 3 v1.01,10.5281/zenodo.5062513,0.5,containing_native_cell_no_interpolation,scenario_planting_calendar_not_observed_trial_sowing,provider_maturity_not_observed_harvest,,False,wwh_ir_ggcmi_crop_calendar_phase3_v1.01.nc4,33c88190d2befaa2d71827a94dd9c6d0572919b8f97cd952e6253d64565e8230
corteva-2014-2018-external,era5loc_97c42414dde1,54.4,9.9,published rounded to 0.1 degree; https://doi.org/10.5281/zenodo.6352615,71,379,54.25,9.75,19.33979171631531,290.0,220.0,295.0,2.0,True,False,winter_wheat,irrigated,GGCMI Phase 3 v1.01,10.5281/zenodo.5062513,0.5,containing_native_cell_no_interpolation,scenario_planting_calendar_not_observed_trial_sowing,provider_maturity_not_observed_harvest,,False,wwh_ir_ggcmi_crop_calendar_phase3_v1.01.nc4,33c88190d2befaa2d71827a94dd9c6d0572919b8f97cd952e6253d64565e8230
corteva-2014-2018-external,era5loc_6039c33fd660,53.1,-0.3,published rounded to 0.1 degree; https://doi.org/10.5281/zenodo.6352615,73,359,53.25,-0.25,17.0249281236069,304.0,201.0,262.0,2.0,True,False,winter_wheat,irrigated,GGCMI Phase 3 v1.01,10.5281/zenodo.5062513,0.5,containing_native_cell_no_interpolation,scenario_planting_calendar_not_observed_trial_sowing,provider_maturity_not_observed_harvest,,False,wwh_ir_ggcmi_crop_calendar_phase3_v1.01.nc4,33c88190d2befaa2d71827a94dd9c6d0572919b8f97cd952e6253d64565e8230
corteva-2014-2018-external,era5loc_c2b56bbc5b96,49.7,3.3,published rounded to 0.1 degree; https://doi.org/10.5281/zenodo.6352615,80,366,49.75,3.25,6.627535804344513,304.0,206.0,267.0,2.0,True,False,winter_wheat,irrigated,GGCMI Phase 3 v1.01,10.5281/zenodo.5062513,0.5,containing_native_cell_no_interpolation,scenario_planting_calendar_not_observed_trial_sowing,provider_maturity_not_observed_harvest,,False,wwh_ir_ggcmi_crop_calendar_phase3_v1.01.nc4,33c88190d2befaa2d71827a94dd9c6d0572919b8f97cd952e6253d64565e8230
corteva-2014-2018-external,era5loc_9c32d3d6e61d,51.5,0.3,published rounded to 0.1 degree; https://doi.org/10.5281/zenodo.6352615,77,360,51.25,0.25,28.030907075930102,304.0,201.0,262.0,2.0,True,False,winter_wheat,irrigated,GGCMI Phase 3 v1.01,10.5281/zenodo.5062513,0.5,containing_native_cell_no_interpolation,scenario_planting_calendar_not_observed_trial_sowing,provider_maturity_not_observed_harvest,,False,wwh_ir_ggcmi_crop_calendar_phase3_v1.01.nc4,33c88190d2befaa2d71827a94dd9c6d0572919b8f97cd952e6253d64565e8230
corteva-2014-2018-external,era5loc_d589ecc09d9b,52.6,-0.3,published rounded to 0.1 degree; https://doi.org/10.5281/zenodo.6352615,74,359,52.75,-0.25,17.031193258579208,305.0,174.0,234.0,1.0,True,False,winter_wheat,irrigated,GGCMI Phase 3 v1.01,10.5281/zenodo.5062513,0.5,containing_native_cell_no_interpolation,scenario_planting_calendar_not_observed_trial_sowing,provider_maturity_not_observed_harvest,,False,wwh_ir_ggcmi_crop_calendar_phase3_v1.01.nc4,33c88190d2befaa2d71827a94dd9c6d0572919b8f97cd952e6253d64565e8230
corteva-2014-2018-external,era5loc_f86f345e603b,43.8,4.4,published rounded to 0.1 degree; https://doi.org/10.5281/zenodo.6352615,92,368,43.75,4.25,13.292831266373168,305.0,174.0,234.0,1.0,True,False,winter_wheat,irrigated,GGCMI Phase 3 v1.01,10.5281/zenodo.5062513,0.5,containing_native_cell_no_interpolation,scenario_planting_calendar_not_observed_trial_sowing,provider_maturity_not_observed_harvest,,False,wwh_ir_ggcmi_crop_calendar_phase3_v1.01.nc4,33c88190d2befaa2d71827a94dd9c6d0572919b8f97cd952e6253d64565e8230
corteva-2014-2018-external,era5loc_f9ae6ebca801,52.1,-2.7,published rounded to 0.1 degree; https://doi.org/10.5281/zenodo.6352615,75,354,52.25,-2.75,17.03748560807916,304.0,201.0,262.0,2.0,True,False,winter_wheat,irrigated,GGCMI Phase 3 v1.01,10.5281/zenodo.5062513,0.5,containing_native_cell_no_interpolation,scenario_planting_calendar_not_observed_trial_sowing,provider_maturity_not_observed_harvest,,False,wwh_ir_ggcmi_crop_calendar_phase3_v1.01.nc4,33c88190d2befaa2d71827a94dd9c6d0572919b8f97cd952e6253d64565e8230
corteva-2014-2018-external,era5loc_7b5d26eb7a94,51.8,23.0,published rounded to 0.1 degree; https://doi.org/10.5281/zenodo.6352615,76,406,51.75,23.25,18.130052907293365,276.0,202.0,291.0,2.0,True,False,winter_wheat,irrigated,GGCMI Phase 3 v1.01,10.5281/zenodo.5062513,0.5,containing_native_cell_no_interpolation,scenario_planting_calendar_not_observed_trial_sowing,provider_maturity_not_observed_harvest,,False,wwh_ir_ggcmi_crop_calendar_phase3_v1.01.nc4,33c88190d2befaa2d71827a94dd9c6d0572919b8f97cd952e6253d64565e8230
corteva-2014-2018-external,era5loc_6cb369f67eca,51.9,-8.3,published rounded to 0.1 degree; https://doi.org/10.5281/zenodo.6352615,76,343,51.75,-8.25,17.041905399520445,305.0,174.0,234.0,1.0,True,False,winter_wheat,irrigated,GGCMI Phase 3 v1.01,10.5281/zenodo.5062513,0.5,containing_native_cell_no_interpolation,scenario_planting_calendar_not_observed_trial_sowing,provider_maturity_not_observed_harvest,,False,wwh_ir_ggcmi_crop_calendar_phase3_v1.01.nc4,33c88190d2befaa2d71827a94dd9c6d0572919b8f97cd952e6253d64565e8230
corteva-2014-2018-external,era5loc_5a105840e5f0,49.9,2.6,published rounded to 0.1 degree; https://doi.org/10.5281/zenodo.6352615,80,365,49.75,2.75,19.87075674610534,305.0,174.0,234.0,1.0,True,False,winter_wheat,irrigated,GGCMI Phase 3 v1.01,10.5281/zenodo.5062513,0.5,containing_native_cell_no_interpolation,scenario_planting_calendar_not_observed_trial_sowing,provider_maturity_not_observed_harvest,,False,wwh_ir_ggcmi_crop_calendar_phase3_v1.01.nc4,33c88190d2befaa2d71827a94dd9c6d0572919b8f97cd952e6253d64565e8230
corteva-2014-2018-external,era5loc_8e48274c8e41,47.5,0.9,published rounded to 0.1 degree; https://doi.org/10.5281/zenodo.6352615,85,361,47.25,0.75,30.014438463832832,305.0,174.0,234.0,1.0,True,False,winter_wheat,irrigated,GGCMI Phase 3 v1.01,10.5281/zenodo.5062513,0.5,containing_native_cell_no_interpolation,scenario_planting_calendar_not_observed_trial_sowing,provider_maturity_not_observed_harvest,,False,wwh_ir_ggcmi_crop_calendar_phase3_v1.01.nc4,33c88190d2befaa2d71827a94dd9c6d0572919b8f97cd952e6253d64565e8230
corteva-2014-2018-external,era5loc_1b5e6e05813d,49.7,-0.4,published rounded to 0.1 degree; https://doi.org/10.5281/zenodo.6352615,80,359,49.75,-0.25,12.161560301849912,,,,,False,True,winter_wheat,irrigated,GGCMI Phase 3 v1.01,10.5281/zenodo.5062513,0.5,containing_native_cell_no_interpolation,scenario_planting_calendar_not_observed_trial_sowing,provider_maturity_not_observed_harvest,,False,wwh_ir_ggcmi_crop_calendar_phase3_v1.01.nc4,33c88190d2befaa2d71827a94dd9c6d0572919b8f97cd952e6253d64565e8230
corteva-2014-2018-external,era5loc_4921e9fb7d2c,43.8,1.0,published rounded to 0.1 degree; https://doi.org/10.5281/zenodo.6352615,92,362,43.75,1.25,20.879772597131467,305.0,174.0,234.0,1.0,True,False,winter_wheat,irrigated,GGCMI Phase 3 v1.01,10.5281/zenodo.5062513,0.5,containing_native_cell_no_interpolation,scenario_planting_calendar_not_observed_trial_sowing,provider_maturity_not_observed_harvest,,False,wwh_ir_ggcmi_crop_calendar_phase3_v1.01.nc4,33c88190d2befaa2d71827a94dd9c6d0572919b8f97cd952e6253d64565e8230
corteva-2014-2018-external,era5loc_998f167d3abc,48.2,10.8,published rounded to 0.1 degree; https://doi.org/10.5281/zenodo.6352615,83,381,48.25,10.75,6.686701592485563,305.0,174.0,234.0,1.0,True,False,winter_wheat,irrigated,GGCMI Phase 3 v1.01,10.5281/zenodo.5062513,0.5,containing_native_cell_no_interpolation,scenario_planting_calendar_not_observed_trial_sowing,provider_maturity_not_observed_harvest,,False,wwh_ir_ggcmi_crop_calendar_phase3_v1.01.nc4,33c88190d2befaa2d71827a94dd9c6d0572919b8f97cd952e6253d64565e8230
basf-wheat-diseases,era5loc_dd89cccfc605,48.3,12.0,data/basf-wheat-diseases.txt; coordinates rounded to 0.1 degrees,83,384,48.25,12.25,19.37193890505296,121.0,236.0,115.0,1.0,True,False,spring_wheat,rainfed,GGCMI Phase 3 v1.01,10.5281/zenodo.5062513,0.5,containing_native_cell_no_interpolation,scenario_planting_calendar_not_observed_trial_sowing,provider_maturity_not_observed_harvest,,False,swh_rf_ggcmi_crop_calendar_phase3_v1.01.nc4,c1df66207b606e9671169ab420b84c46909ab7422eb9bef1a016573e55aa3473
basf-wheat-diseases,era5loc_98874af9c8d8,54.0,12.6,data/basf-wheat-diseases.txt; coordinates rounded to 0.1 degrees,72,385,53.75,12.75,29.522888531065522,110.0,241.0,131.0,3.0,True,False,spring_wheat,rainfed,GGCMI Phase 3 v1.01,10.5281/zenodo.5062513,0.5,containing_native_cell_no_interpolation,scenario_planting_calendar_not_observed_trial_sowing,provider_maturity_not_observed_harvest,,False,swh_rf_ggcmi_crop_calendar_phase3_v1.01.nc4,c1df66207b606e9671169ab420b84c46909ab7422eb9bef1a016573e55aa3473
basf-wheat-diseases,era5loc_2e2aca213fbe,48.2,14.3,data/basf-wheat-diseases.txt; coordinates rounded to 0.1 degrees,83,388,48.25,14.25,6.686701592485563,121.0,236.0,115.0,1.0,True,False,spring_wheat,rainfed,GGCMI Phase 3 v1.01,10.5281/zenodo.5062513,0.5,containing_native_cell_no_interpolation,scenario_planting_calendar_not_observed_trial_sowing,provider_maturity_not_observed_harvest,,False,swh_rf_ggcmi_crop_calendar_phase3_v1.01.nc4,c1df66207b606e9671169ab420b84c46909ab7422eb9bef1a016573e55aa3473
basf-wheat-diseases,era5loc_a3b551fcca14,51.7,12.1,data/basf-wheat-diseases.txt; coordinates rounded to 0.1 degrees,76,384,51.75,12.25,11.763300118128642,110.0,223.0,113.0,3.0,True,False,spring_wheat,rainfed,GGCMI Phase 3 v1.01,10.5281/zenodo.5062513,0.5,containing_native_cell_no_interpolation,scenario_planting_calendar_not_observed_trial_sowing,provider_maturity_not_observed_harvest,,False,swh_rf_ggcmi_crop_calendar_phase3_v1.01.nc4,c1df66207b606e9671169ab420b84c46909ab7422eb9bef1a016573e55aa3473
basf-wheat-diseases,era5loc_d4b920707d9f,52.4,9.6,data/basf-wheat-diseases.txt; coordinates rounded to 0.1 degrees,75,379,52.25,9.75,19.574988582847723,121.0,236.0,115.0,1.0,True,False,spring_wheat,rainfed,GGCMI Phase 3 v1.01,10.5281/zenodo.5062513,0.5,containing_native_cell_no_interpolation,scenario_planting_calendar_not_observed_trial_sowing,provider_maturity_not_observed_harvest,,False,swh_rf_ggcmi_crop_calendar_phase3_v1.01.nc4,c1df66207b606e9671169ab420b84c46909ab7422eb9bef1a016573e55aa3473
basf-wheat-diseases,era5loc_374089cedfa0,46.9,-1.1,data/basf-wheat-diseases.txt; coordinates rounded to 0.1 degrees,86,357,46.75,-1.25,20.225249734218927,100.0,223.0,123.0,3.0,True,False,spring_wheat,rainfed,GGCMI Phase 3 v1.01,10.5281/zenodo.5062513,0.5,containing_native_cell_no_interpolation,scenario_planting_calendar_not_observed_trial_sowing,provider_maturity_not_observed_harvest,,False,swh_rf_ggcmi_crop_calendar_phase3_v1.01.nc4,c1df66207b606e9671169ab420b84c46909ab7422eb9bef1a016573e55aa3473
basf-wheat-diseases,era5loc_fc0f9359f228,47.9,1.6,data/basf-wheat-diseases.txt; coordinates rounded to 0.1 degrees,84,363,47.75,1.75,20.107351101852114,98.0,245.0,147.0,3.0,True,False,spring_wheat,rainfed,GGCMI Phase 3 v1.01,10.5281/zenodo.5062513,0.5,containing_native_cell_no_interpolation,scenario_planting_calendar_not_observed_trial_sowing,provider_maturity_not_observed_harvest,,False,swh_rf_ggcmi_crop_calendar_phase3_v1.01.nc4,c1df66207b606e9671169ab420b84c46909ab7422eb9bef1a016573e55aa3473
basf-wheat-diseases,era5loc_d6117aa4523b,48.0,1.8,data/basf-wheat-diseases.txt; coordinates rounded to 0.1 degrees,84,363,47.75,1.75,28.047481498900833,98.0,245.0,147.0,3.0,True,False,spring_wheat,rainfed,GGCMI Phase 3 v1.01,10.5281/zenodo.5062513,0.5,containing_native_cell_no_interpolation,scenario_planting_calendar_not_observed_trial_sowing,provider_maturity_not_observed_harvest,,False,swh_rf_ggcmi_crop_calendar_phase3_v1.01.nc4,c1df66207b606e9671169ab420b84c46909ab7422eb9bef1a016573e55aa3473
basf-wheat-diseases,era5loc_23eef231ea98,49.8,2.9,data/basf-wheat-diseases.txt; coordinates rounded to 0.1 degrees,80,365,49.75,2.75,12.15170120396626,121.0,236.0,115.0,1.0,True,False,spring_wheat,rainfed,GGCMI Phase 3 v1.01,10.5281/zenodo.5062513,0.5,containing_native_cell_no_interpolation,scenario_planting_calendar_not_observed_trial_sowing,provider_maturity_not_observed_harvest,,False,swh_rf_ggcmi_crop_calendar_phase3_v1.01.nc4,c1df66207b606e9671169ab420b84c46909ab7422eb9bef1a016573e55aa3473
basf-wheat-diseases,era5loc_c36c557e4afc,53.4,6.7,data/basf-wheat-diseases.txt; coordinates rounded to 0.1 degrees,73,373,53.25,6.75,17.023054181284436,121.0,236.0,115.0,1.0,True,False,spring_wheat,rainfed,GGCMI Phase 3 v1.01,10.5281/zenodo.5062513,0.5,containing_native_cell_no_interpolation,scenario_planting_calendar_not_observed_trial_sowing,provider_maturity_not_observed_harvest,,False,swh_rf_ggcmi_crop_calendar_phase3_v1.01.nc4,c1df66207b606e9671169ab420b84c46909ab7422eb9bef1a016573e55aa3473
basf-wheat-diseases,era5loc_1db395a204c4,52.2,17.2,data/basf-wheat-diseases.txt; coordinates rounded to 0.1 degrees,75,394,52.25,17.25,6.528934390917032,134.0,237.0,103.0,3.0,True,False,spring_wheat,rainfed,GGCMI Phase 3 v1.01,10.5281/zenodo.5062513,0.5,containing_native_cell_no_interpolation,scenario_planting_calendar_not_observed_trial_sowing,provider_maturity_not_observed_harvest,,False,swh_rf_ggcmi_crop_calendar_phase3_v1.01.nc4,c1df66207b606e9671169ab420b84c46909ab7422eb9bef1a016573e55aa3473
basf-wheat-diseases,era5loc_8b7743800935,51.0,17.8,data/basf-wheat-diseases.txt; coordinates rounded to 0.1 degrees,78,395,50.75,17.75,28.0332534395249,118.0,246.0,128.0,3.0,True,False,spring_wheat,rainfed,GGCMI Phase 3 v1.01,10.5281/zenodo.5062513,0.5,containing_native_cell_no_interpolation,scenario_planting_calendar_not_observed_trial_sowing,provider_maturity_not_observed_harvest,,False,swh_rf_ggcmi_crop_calendar_phase3_v1.01.nc4,c1df66207b606e9671169ab420b84c46909ab7422eb9bef1a016573e55aa3473
basf-wheat-diseases,era5loc_b4c23217b405,52.1,17.3,data/basf-wheat-diseases.txt; coordinates rounded to 0.1 degrees,75,394,52.25,17.25,17.037485608079855,134.0,237.0,103.0,3.0,True,False,spring_wheat,rainfed,GGCMI Phase 3 v1.01,10.5281/zenodo.5062513,0.5,containing_native_cell_no_interpolation,scenario_planting_calendar_not_observed_trial_sowing,provider_maturity_not_observed_harvest,,False,swh_rf_ggcmi_crop_calendar_phase3_v1.01.nc4,c1df66207b606e9671169ab420b84c46909ab7422eb9bef1a016573e55aa3473
basf-wheat-diseases,era5loc_01117578be52,54.0,18.8,data/basf-wheat-diseases.txt; coordinates rounded to 0.1 degrees,72,397,53.75,18.75,28.01932534410121,121.0,236.0,115.0,1.0,True,False,spring_wheat,rainfed,GGCMI Phase 3 v1.01,10.5281/zenodo.5062513,0.5,containing_native_cell_no_interpolation,scenario_planting_calendar_not_observed_trial_sowing,provider_maturity_not_observed_harvest,,False,swh_rf_ggcmi_crop_calendar_phase3_v1.01.nc4,c1df66207b606e9671169ab420b84c46909ab7422eb9bef1a016573e55aa3473
basf-wheat-diseases,era5loc_bedbc80cc600,52.2,16.6,data/basf-wheat-diseases.txt; coordinates rounded to 0.1 degrees,75,393,52.25,16.75,11.662561380739154,121.0,236.0,115.0,1.0,True,False,spring_wheat,rainfed,GGCMI Phase 3 v1.01,10.5281/zenodo.5062513,0.5,containing_native_cell_no_interpolation,scenario_planting_calendar_not_observed_trial_sowing,provider_maturity_not_observed_harvest,,False,swh_rf_ggcmi_crop_calendar_phase3_v1.01.nc4,c1df66207b606e9671169ab420b84c46909ab7422eb9bef1a016573e55aa3473
basf-wheat-diseases,era5loc_c273764268e2,52.7,0.9,data/basf-wheat-diseases.txt; coordinates rounded to 0.1 degrees,74,361,52.75,0.75,11.561391351051197,121.0,236.0,115.0,1.0,True,False,spring_wheat,rainfed,GGCMI Phase 3 v1.01,10.5281/zenodo.5062513,0.5,containing_native_cell_no_interpolation,scenario_planting_calendar_not_observed_trial_sowing,provider_maturity_not_observed_harvest,,False,swh_rf_ggcmi_crop_calendar_phase3_v1.01.nc4,c1df66207b606e9671169ab420b84c46909ab7422eb9bef1a016573e55aa3473
basf-wheat-diseases,era5loc_6687f40ce729,51.7,-1.9,data/basf-wheat-diseases.txt; coordinates rounded to 0.1 degrees,76,356,51.75,-1.75,11.763300118128956,121.0,236.0,115.0,1.0,True,False,spring_wheat,rainfed,GGCMI Phase 3 v1.01,10.5281/zenodo.5062513,0.5,containing_native_cell_no_interpolation,scenario_planting_calendar_not_observed_trial_sowing,provider_maturity_not_observed_harvest,,False,swh_rf_ggcmi_crop_calendar_phase3_v1.01.nc4,c1df66207b606e9671169ab420b84c46909ab7422eb9bef1a016573e55aa3473
basf-wheat-diseases,era5loc_ff52f903fe18,51.9,0.2,data/basf-wheat-diseases.txt; coordinates rounded to 0.1 degrees,76,360,51.75,0.25,17.041905399521095,118.0,236.0,118.0,3.0,True,False,spring_wheat,rainfed,GGCMI Phase 3 v1.01,10.5281/zenodo.5062513,0.5,containing_native_cell_no_interpolation,scenario_planting_calendar_not_observed_trial_sowing,provider_maturity_not_observed_harvest,,False,swh_rf_ggcmi_crop_calendar_phase3_v1.01.nc4,c1df66207b606e9671169ab420b84c46909ab7422eb9bef1a016573e55aa3473
basf-wheat-diseases,era5loc_5ab5ca0b5fe3,52.1,1.0,data/basf-wheat-diseases.txt; coordinates rounded to 0.1 degrees,75,362,52.25,1.25,23.897059439456672,118.0,236.0,118.0,3.0,True,False,spring_wheat,rainfed,GGCMI Phase 3 v1.01,10.5281/zenodo.5062513,0.5,containing_native_cell_no_interpolation,scenario_planting_calendar_not_observed_trial_sowing,provider_maturity_not_observed_harvest,,False,swh_rf_ggcmi_crop_calendar_phase3_v1.01.nc4,c1df66207b606e9671169ab420b84c46909ab7422eb9bef1a016573e55aa3473
basf-wheat-diseases,era5loc_dafc4d129690,49.4,8.3,data/basf-wheat-diseases.txt; coordinates rounded to 0.1 degrees,81,376,49.25,8.25,17.073775653278748,111.0,242.0,131.0,3.0,True,False,spring_wheat,rainfed,GGCMI Phase 3 v1.01,10.5281/zenodo.5062513,0.5,containing_native_cell_no_interpolation,scenario_planting_calendar_not_observed_trial_sowing,provider_maturity_not_observed_harvest,,False,swh_rf_ggcmi_crop_calendar_phase3_v1.01.nc4,c1df66207b606e9671169ab420b84c46909ab7422eb9bef1a016573e55aa3473
basf-wheat-diseases,era5loc_575ac3f08111,49.2,8.2,data/basf-wheat-diseases.txt; coordinates rounded to 0.1 degrees,81,376,49.25,8.25,6.6472693451916935,111.0,242.0,131.0,3.0,True,False,spring_wheat,rainfed,GGCMI Phase 3 v1.01,10.5281/zenodo.5062513,0.5,containing_native_cell_no_interpolation,scenario_planting_calendar_not_observed_trial_sowing,provider_maturity_not_observed_harvest,,False,swh_rf_ggcmi_crop_calendar_phase3_v1.01.nc4,c1df66207b606e9671169ab420b84c46909ab7422eb9bef1a016573e55aa3473
basf-wheat-diseases,era5loc_2daae74efc65,51.1,17.6,data/basf-wheat-diseases.txt; coordinates rounded to 0.1 degrees,77,395,51.25,17.75,19.71091934385644,121.0,236.0,115.0,1.0,True,False,spring_wheat,rainfed,GGCMI Phase 3 v1.01,10.5281/zenodo.5062513,0.5,containing_native_cell_no_interpolation,scenario_planting_calendar_not_observed_trial_sowing,provider_maturity_not_observed_harvest,,False,swh_rf_ggcmi_crop_calendar_phase3_v1.01.nc4,c1df66207b606e9671169ab420b84c46909ab7422eb9bef1a016573e55aa3473
basf-wheat-diseases,era5loc_cd0793ddaa5d,50.3,18.5,data/basf-wheat-diseases.txt; coordinates rounded to 0.1 degrees,79,397,50.25,18.75,18.669167398557082,121.0,236.0,115.0,1.0,True,False,spring_wheat,rainfed,GGCMI Phase 3 v1.01,10.5281/zenodo.5062513,0.5,containing_native_cell_no_interpolation,scenario_planting_calendar_not_observed_trial_sowing,provider_maturity_not_observed_harvest,,False,swh_rf_ggcmi_crop_calendar_phase3_v1.01.nc4,c1df66207b606e9671169ab420b84c46909ab7422eb9bef1a016573e55aa3473
basf-wheat-diseases,era5loc_1fa43db2787c,53.7,20.2,data/basf-wheat-diseases.txt; coordinates rounded to 0.1 degrees,72,400,53.75,20.25,6.470048404070628,118.0,242.0,124.0,3.0,True,False,spring_wheat,rainfed,GGCMI Phase 3 v1.01,10.5281/zenodo.5062513,0.5,containing_native_cell_no_interpolation,scenario_planting_calendar_not_observed_trial_sowing,provider_maturity_not_observed_harvest,,False,swh_rf_ggcmi_crop_calendar_phase3_v1.01.nc4,c1df66207b606e9671169ab420b84c46909ab7422eb9bef1a016573e55aa3473
basf-wheat-diseases,era5loc_b103a5cbfed5,51.7,-2.0,data/basf-wheat-diseases.txt; coordinates rounded to 0.1 degrees,76,356,51.75,-1.75,18.148182239319457,121.0,236.0,115.0,1.0,True,False,spring_wheat,rainfed,GGCMI Phase 3 v1.01,10.5281/zenodo.5062513,0.5,containing_native_cell_no_interpolation,scenario_planting_calendar_not_observed_trial_sowing,provider_maturity_not_observed_harvest,,False,swh_rf_ggcmi_crop_calendar_phase3_v1.01.nc4,c1df66207b606e9671169ab420b84c46909ab7422eb9bef1a016573e55aa3473
basf-wheat-diseases,era5loc_300f965a2c3d,52.2,0.1,data/basf-wheat-diseases.txt; coordinates rounded to 0.1 degrees,75,360,52.25,0.25,11.662561380738442,95.0,224.0,129.0,3.0,True,False,spring_wheat,rainfed,GGCMI Phase 3 v1.01,10.5281/zenodo.5062513,0.5,containing_native_cell_no_interpolation,scenario_planting_calendar_not_observed_trial_sowing,provider_maturity_not_observed_harvest,,False,swh_rf_ggcmi_crop_calendar_phase3_v1.01.nc4,c1df66207b606e9671169ab420b84c46909ab7422eb9bef1a016573e55aa3473
basf-wheat-diseases,era5loc_fd369bfefe0b,43.3,25.0,data/basf-wheat-diseases.txt; coordinates rounded to 0.1 degrees,93,410,43.25,25.25,21.040599782372638,121.0,236.0,115.0,1.0,True,False,spring_wheat,rainfed,GGCMI Phase 3 v1.01,10.5281/zenodo.5062513,0.5,containing_native_cell_no_interpolation,scenario_planting_calendar_not_observed_trial_sowing,provider_maturity_not_observed_harvest,,False,swh_rf_ggcmi_crop_calendar_phase3_v1.01.nc4,c1df66207b606e9671169ab420b84c46909ab7422eb9bef1a016573e55aa3473
basf-wheat-diseases,era5loc_cb5f84b33b84,49.5,17.4,data/basf-wheat-diseases.txt; coordinates rounded to 0.1 degrees,81,394,49.25,17.25,29.861942852497382,118.0,248.0,130.0,3.0,True,False,spring_wheat,rainfed,GGCMI Phase 3 v1.01,10.5281/zenodo.5062513,0.5,containing_native_cell_no_interpolation,scenario_planting_calendar_not_observed_trial_sowing,provider_maturity_not_observed_harvest,,False,swh_rf_ggcmi_crop_calendar_phase3_v1.01.nc4,c1df66207b606e9671169ab420b84c46909ab7422eb9bef1a016573e55aa3473
basf-wheat-diseases,era5loc_db02c17f88dd,51.0,6.6,data/basf-wheat-diseases.txt; coordinates rounded to 0.1 degrees,78,373,50.75,6.75,29.74805079978069,121.0,236.0,115.0,1.0,True,False,spring_wheat,rainfed,GGCMI Phase 3 v1.01,10.5281/zenodo.5062513,0.5,containing_native_cell_no_interpolation,scenario_planting_calendar_not_observed_trial_sowing,provider_maturity_not_observed_harvest,,False,swh_rf_ggcmi_crop_calendar_phase3_v1.01.nc4,c1df66207b606e9671169ab420b84c46909ab7422eb9bef1a016573e55aa3473
basf-wheat-diseases,era5loc_9133f3b467ce,51.6,8.2,data/basf-wheat-diseases.txt; coordinates rounded to 0.1 degrees,76,376,51.75,8.25,17.043803218668096,121.0,236.0,115.0,1.0,True,False,spring_wheat,rainfed,GGCMI Phase 3 v1.01,10.5281/zenodo.5062513,0.5,containing_native_cell_no_interpolation,scenario_planting_calendar_not_observed_trial_sowing,provider_maturity_not_observed_harvest,,False,swh_rf_ggcmi_crop_calendar_phase3_v1.01.nc4,c1df66207b606e9671169ab420b84c46909ab7422eb9bef1a016573e55aa3473
basf-wheat-diseases,era5loc_760a53435625,49.6,10.9,data/basf-wheat-diseases.txt; coordinates rounded to 0.1 degrees,80,381,49.75,10.75,19.888519648149796,121.0,236.0,115.0,1.0,True,False,spring_wheat,rainfed,GGCMI Phase 3 v1.01,10.5281/zenodo.5062513,0.5,containing_native_cell_no_interpolation,scenario_planting_calendar_not_observed_trial_sowing,provider_maturity_not_observed_harvest,,False,swh_rf_ggcmi_crop_calendar_phase3_v1.01.nc4,c1df66207b606e9671169ab420b84c46909ab7422eb9bef1a016573e55aa3473
basf-wheat-diseases,era5loc_9bab3d8b45e2,52.8,8.2,data/basf-wheat-diseases.txt; coordinates rounded to 0.1 degrees,74,376,52.75,8.25,6.507305635400798,121.0,236.0,115.0,1.0,True,False,spring_wheat,rainfed,GGCMI Phase 3 v1.01,10.5281/zenodo.5062513,0.5,containing_native_cell_no_interpolation,scenario_planting_calendar_not_observed_trial_sowing,provider_maturity_not_observed_harvest,,False,swh_rf_ggcmi_crop_calendar_phase3_v1.01.nc4,c1df66207b606e9671169ab420b84c46909ab7422eb9bef1a016573e55aa3473
basf-wheat-diseases,era5loc_4377e8a5ddaf,55.6,11.7,data/basf-wheat-diseases.txt; coordinates rounded to 0.1 degrees,68,383,55.75,11.75,16.99407859677835,123.0,240.0,117.0,3.0,True,False,spring_wheat,rainfed,GGCMI Phase 3 v1.01,10.5281/zenodo.5062513,0.5,containing_native_cell_no_interpolation,scenario_planting_calendar_not_observed_trial_sowing,provider_maturity_not_observed_harvest,,False,swh_rf_ggcmi_crop_calendar_phase3_v1.01.nc4,c1df66207b606e9671169ab420b84c46909ab7422eb9bef1a016573e55aa3473
basf-wheat-diseases,era5loc_4c053f3e1d9b,55.7,11.7,data/basf-wheat-diseases.txt; coordinates rounded to 0.1 degrees,68,383,55.75,11.75,6.39220876116508,123.0,240.0,117.0,3.0,True,False,spring_wheat,rainfed,GGCMI Phase 3 v1.01,10.5281/zenodo.5062513,0.5,containing_native_cell_no_interpolation,scenario_planting_calendar_not_observed_trial_sowing,provider_maturity_not_observed_harvest,,False,swh_rf_ggcmi_crop_calendar_phase3_v1.01.nc4,c1df66207b606e9671169ab420b84c46909ab7422eb9bef1a016573e55aa3473
basf-wheat-diseases,era5loc_2510b95b8598,50.5,2.5,data/basf-wheat-diseases.txt; coordinates rounded to 0.1 degrees,79,365,50.25,2.75,33.0093443780995,121.0,236.0,115.0,1.0,True,False,spring_wheat,rainfed,GGCMI Phase 3 v1.01,10.5281/zenodo.5062513,0.5,containing_native_cell_no_interpolation,scenario_planting_calendar_not_observed_trial_sowing,provider_maturity_not_observed_harvest,,False,swh_rf_ggcmi_crop_calendar_phase3_v1.01.nc4,c1df66207b606e9671169ab420b84c46909ab7422eb9bef1a016573e55aa3473
basf-wheat-diseases,era5loc_4d66a38d70e0,50.4,2.6,data/basf-wheat-diseases.txt; coordinates rounded to 0.1 degrees,79,365,50.25,2.75,19.81154498827549,121.0,236.0,115.0,1.0,True,False,spring_wheat,rainfed,GGCMI Phase 3 v1.01,10.5281/zenodo.5062513,0.5,containing_native_cell_no_interpolation,scenario_planting_calendar_not_observed_trial_sowing,provider_maturity_not_observed_harvest,,False,swh_rf_ggcmi_crop_calendar_phase3_v1.01.nc4,c1df66207b606e9671169ab420b84c46909ab7422eb9bef1a016573e55aa3473
basf-wheat-diseases,era5loc_9df6a8624376,48.0,-2.4,data/basf-wheat-diseases.txt; coordinates rounded to 0.1 degrees,84,355,47.75,-2.25,29.976281368856338,121.0,236.0,115.0,1.0,True,False,spring_wheat,rainfed,GGCMI Phase 3 v1.01,10.5281/zenodo.5062513,0.5,containing_native_cell_no_interpolation,scenario_planting_calendar_not_observed_trial_sowing,provider_maturity_not_observed_harvest,,False,swh_rf_ggcmi_crop_calendar_phase3_v1.01.nc4,c1df66207b606e9671169ab420b84c46909ab7422eb9bef1a016573e55aa3473
basf-wheat-diseases,era5loc_9fdbe521e986,52.5,16.7,data/basf-wheat-diseases.txt; coordinates rounded to 0.1 degrees,75,393,52.25,16.75,28.026242231632995,121.0,236.0,115.0,1.0,True,False,spring_wheat,rainfed,GGCMI Phase 3 v1.01,10.5281/zenodo.5062513,0.5,containing_native_cell_no_interpolation,scenario_planting_calendar_not_observed_trial_sowing,provider_maturity_not_observed_harvest,,False,swh_rf_ggcmi_crop_calendar_phase3_v1.01.nc4,c1df66207b606e9671169ab420b84c46909ab7422eb9bef1a016573e55aa3473
basf-wheat-diseases,era5loc_9d13b5d9fd0b,52.1,17.2,data/basf-wheat-diseases.txt; coordinates rounded to 0.1 degrees,75,394,52.25,17.25,17.037485608079855,134.0,237.0,103.0,3.0,True,False,spring_wheat,rainfed,GGCMI Phase 3 v1.01,10.5281/zenodo.5062513,0.5,containing_native_cell_no_interpolation,scenario_planting_calendar_not_observed_trial_sowing,provider_maturity_not_observed_harvest,,False,swh_rf_ggcmi_crop_calendar_phase3_v1.01.nc4,c1df66207b606e9671169ab420b84c46909ab7422eb9bef1a016573e55aa3473
basf-wheat-diseases,era5loc_78c989c1d3e9,52.8,16.9,data/basf-wheat-diseases.txt; coordinates rounded to 0.1 degrees,74,393,52.75,16.75,11.55125139109957,121.0,236.0,115.0,1.0,True,False,spring_wheat,rainfed,GGCMI Phase 3 v1.01,10.5281/zenodo.5062513,0.5,containing_native_cell_no_interpolation,scenario_planting_calendar_not_observed_trial_sowing,provider_maturity_not_observed_harvest,,False,swh_rf_ggcmi_crop_calendar_phase3_v1.01.nc4,c1df66207b606e9671169ab420b84c46909ab7422eb9bef1a016573e55aa3473
basf-wheat-diseases,era5loc_9d012f0ef4a2,53.2,17.7,data/basf-wheat-diseases.txt; coordinates rounded to 0.1 degrees,73,395,53.25,17.75,6.489639539384488,121.0,236.0,115.0,1.0,True,False,spring_wheat,rainfed,GGCMI Phase 3 v1.01,10.5281/zenodo.5062513,0.5,containing_native_cell_no_interpolation,scenario_planting_calendar_not_observed_trial_sowing,provider_maturity_not_observed_harvest,,False,swh_rf_ggcmi_crop_calendar_phase3_v1.01.nc4,c1df66207b606e9671169ab420b84c46909ab7422eb9bef1a016573e55aa3473
basf-wheat-diseases,era5loc_c56b2d917d25,52.6,16.4,data/basf-wheat-diseases.txt; coordinates rounded to 0.1 degrees,74,392,52.75,16.25,19.53369686793718,121.0,236.0,115.0,1.0,True,False,spring_wheat,rainfed,GGCMI Phase 3 v1.01,10.5281/zenodo.5062513,0.5,containing_native_cell_no_interpolation,scenario_planting_calendar_not_observed_trial_sowing,provider_maturity_not_observed_harvest,,False,swh_rf_ggcmi_crop_calendar_phase3_v1.01.nc4,c1df66207b606e9671169ab420b84c46909ab7422eb9bef1a016573e55aa3473
basf-wheat-diseases,era5loc_19510a54e230,52.5,16.6,data/basf-wheat-diseases.txt; coordinates rounded to 0.1 degrees,75,393,52.25,16.75,29.63492536231042,121.0,236.0,115.0,1.0,True,False,spring_wheat,rainfed,GGCMI Phase 3 v1.01,10.5281/zenodo.5062513,0.5,containing_native_cell_no_interpolation,scenario_planting_calendar_not_observed_trial_sowing,provider_maturity_not_observed_harvest,,False,swh_rf_ggcmi_crop_calendar_phase3_v1.01.nc4,c1df66207b606e9671169ab420b84c46909ab7422eb9bef1a016573e55aa3473
basf-wheat-diseases,era5loc_9ed293651491,44.5,26.6,data/basf-wheat-diseases.txt; coordinates rounded to 0.1 degrees,91,413,44.25,26.75,30.24303122673472,121.0,248.0,127.0,3.0,True,False,spring_wheat,rainfed,GGCMI Phase 3 v1.01,10.5281/zenodo.5062513,0.5,containing_native_cell_no_interpolation,scenario_planting_calendar_not_observed_trial_sowing,provider_maturity_not_observed_harvest,,False,swh_rf_ggcmi_crop_calendar_phase3_v1.01.nc4,c1df66207b606e9671169ab420b84c46909ab7422eb9bef1a016573e55aa3473
basf-wheat-diseases,era5loc_593fa6c9da77,44.2,26.4,data/basf-wheat-diseases.txt; coordinates rounded to 0.1 degrees,91,412,44.25,26.25,13.210461221575805,138.0,244.0,106.0,2.0,True,False,spring_wheat,rainfed,GGCMI Phase 3 v1.01,10.5281/zenodo.5062513,0.5,containing_native_cell_no_interpolation,scenario_planting_calendar_not_observed_trial_sowing,provider_maturity_not_observed_harvest,,False,swh_rf_ggcmi_crop_calendar_phase3_v1.01.nc4,c1df66207b606e9671169ab420b84c46909ab7422eb9bef1a016573e55aa3473
basf-wheat-diseases,era5loc_4a011e9da15d,48.6,19.3,data/basf-wheat-diseases.txt; coordinates rounded to 0.1 degrees,82,398,48.75,19.25,17.08212940388014,121.0,236.0,115.0,1.0,True,False,spring_wheat,rainfed,GGCMI Phase 3 v1.01,10.5281/zenodo.5062513,0.5,containing_native_cell_no_interpolation,scenario_planting_calendar_not_observed_trial_sowing,provider_maturity_not_observed_harvest,,False,swh_rf_ggcmi_crop_calendar_phase3_v1.01.nc4,c1df66207b606e9671169ab420b84c46909ab7422eb9bef1a016573e55aa3473
basf-wheat-diseases,era5loc_9361a9333e61,49.2,20.5,data/basf-wheat-diseases.txt; coordinates rounded to 0.1 degrees,81,401,49.25,20.75,19.040482103830964,138.0,244.0,106.0,2.0,True,False,spring_wheat,rainfed,GGCMI Phase 3 v1.01,10.5281/zenodo.5062513,0.5,containing_native_cell_no_interpolation,scenario_planting_calendar_not_observed_trial_sowing,provider_maturity_not_observed_harvest,,False,swh_rf_ggcmi_crop_calendar_phase3_v1.01.nc4,c1df66207b606e9671169ab420b84c46909ab7422eb9bef1a016573e55aa3473
basf-wheat-diseases,era5loc_06e6805bbcce,48.8,21.4,data/basf-wheat-diseases.txt; coordinates rounded to 0.1 degrees,82,402,48.75,21.25,12.34786820732328,125.0,252.0,127.0,3.0,True,False,spring_wheat,rainfed,GGCMI Phase 3 v1.01,10.5281/zenodo.5062513,0.5,containing_native_cell_no_interpolation,scenario_planting_calendar_not_observed_trial_sowing,provider_maturity_not_observed_harvest,,False,swh_rf_ggcmi_crop_calendar_phase3_v1.01.nc4,c1df66207b606e9671169ab420b84c46909ab7422eb9bef1a016573e55aa3473
basf-wheat-diseases,era5loc_6cb369f67eca,51.9,-8.3,data/basf-wheat-diseases.txt; coordinates rounded to 0.1 degrees,76,343,51.75,-8.25,17.041905399520445,121.0,236.0,115.0,1.0,True,False,spring_wheat,rainfed,GGCMI Phase 3 v1.01,10.5281/zenodo.5062513,0.5,containing_native_cell_no_interpolation,scenario_planting_calendar_not_observed_trial_sowing,provider_maturity_not_observed_harvest,,False,swh_rf_ggcmi_crop_calendar_phase3_v1.01.nc4,c1df66207b606e9671169ab420b84c46909ab7422eb9bef1a016573e55aa3473
basf-wheat-diseases,era5loc_da90f16ecea0,52.2,1.0,data/basf-wheat-diseases.txt; coordinates rounded to 0.1 degrees,75,362,52.25,1.25,17.96640942382272,118.0,236.0,118.0,3.0,True,False,spring_wheat,rainfed,GGCMI Phase 3 v1.01,10.5281/zenodo.5062513,0.5,containing_native_cell_no_interpolation,scenario_planting_calendar_not_observed_trial_sowing,provider_maturity_not_observed_harvest,,False,swh_rf_ggcmi_crop_calendar_phase3_v1.01.nc4,c1df66207b606e9671169ab420b84c46909ab7422eb9bef1a016573e55aa3473
basf-wheat-diseases,era5loc_4c9918325b45,52.2,0.9,data/basf-wheat-diseases.txt; coordinates rounded to 0.1 degrees,75,361,52.25,0.75,11.662561380738785,121.0,236.0,115.0,1.0,True,False,spring_wheat,rainfed,GGCMI Phase 3 v1.01,10.5281/zenodo.5062513,0.5,containing_native_cell_no_interpolation,scenario_planting_calendar_not_observed_trial_sowing,provider_maturity_not_observed_harvest,,False,swh_rf_ggcmi_crop_calendar_phase3_v1.01.nc4,c1df66207b606e9671169ab420b84c46909ab7422eb9bef1a016573e55aa3473
basf-wheat-diseases,era5loc_c6e10fbf2c60,52.2,0.3,data/basf-wheat-diseases.txt; coordinates rounded to 0.1 degrees,75,360,52.25,0.25,6.528934390917154,95.0,224.0,129.0,3.0,True,False,spring_wheat,rainfed,GGCMI Phase 3 v1.01,10.5281/zenodo.5062513,0.5,containing_native_cell_no_interpolation,scenario_planting_calendar_not_observed_trial_sowing,provider_maturity_not_observed_harvest,,False,swh_rf_ggcmi_crop_calendar_phase3_v1.01.nc4,c1df66207b606e9671169ab420b84c46909ab7422eb9bef1a016573e55aa3473
basf-wheat-diseases,era5loc_9eac90744974,51.5,-1.7,data/basf-wheat-diseases.txt; coordinates rounded to 0.1 degrees,77,356,51.25,-1.75,28.030907075930198,121.0,236.0,115.0,1.0,True,False,spring_wheat,rainfed,GGCMI Phase 3 v1.01,10.5281/zenodo.5062513,0.5,containing_native_cell_no_interpolation,scenario_planting_calendar_not_observed_trial_sowing,provider_maturity_not_observed_harvest,,False,swh_rf_ggcmi_crop_calendar_phase3_v1.01.nc4,c1df66207b606e9671169ab420b84c46909ab7422eb9bef1a016573e55aa3473
basf-wheat-diseases,era5loc_3c84c4c5c802,52.0,-2.2,data/basf-wheat-diseases.txt; coordinates rounded to 0.1 degrees,76,355,51.75,-2.25,28.028569768516686,121.0,236.0,115.0,1.0,True,False,spring_wheat,rainfed,GGCMI Phase 3 v1.01,10.5281/zenodo.5062513,0.5,containing_native_cell_no_interpolation,scenario_planting_calendar_not_observed_trial_sowing,provider_maturity_not_observed_harvest,,False,swh_rf_ggcmi_crop_calendar_phase3_v1.01.nc4,c1df66207b606e9671169ab420b84c46909ab7422eb9bef1a016573e55aa3473
basf-wheat-diseases,era5loc_5a873c55d610,52.2,0.8,data/basf-wheat-diseases.txt; coordinates rounded to 0.1 degrees,75,361,52.25,0.75,6.528934390916914,121.0,236.0,115.0,1.0,True,False,spring_wheat,rainfed,GGCMI Phase 3 v1.01,10.5281/zenodo.5062513,0.5,containing_native_cell_no_interpolation,scenario_planting_calendar_not_observed_trial_sowing,provider_maturity_not_observed_harvest,,False,swh_rf_ggcmi_crop_calendar_phase3_v1.01.nc4,c1df66207b606e9671169ab420b84c46909ab7422eb9bef1a016573e55aa3473
basf-wheat-diseases,era5loc_518b93a72002,51.4,-2.0,data/basf-wheat-diseases.txt; coordinates rounded to 0.1 degrees,77,356,51.25,-1.75,24.12836362405698,121.0,236.0,115.0,1.0,True,False,spring_wheat,rainfed,GGCMI Phase 3 v1.01,10.5281/zenodo.5062513,0.5,containing_native_cell_no_interpolation,scenario_planting_calendar_not_observed_trial_sowing,provider_maturity_not_observed_harvest,,False,swh_rf_ggcmi_crop_calendar_phase3_v1.01.nc4,c1df66207b606e9671169ab420b84c46909ab7422eb9bef1a016573e55aa3473
corteva-2014-2018-external,era5loc_34ddf36c3b3a,53.8,10.3,published rounded to 0.1 degree; https://doi.org/10.5281/zenodo.6352615,72,380,53.75,10.25,6.4680917164104486,121.0,236.0,115.0,1.0,True,False,spring_wheat,rainfed,GGCMI Phase 3 v1.01,10.5281/zenodo.5062513,0.5,containing_native_cell_no_interpolation,scenario_planting_calendar_not_observed_trial_sowing,provider_maturity_not_observed_harvest,,False,swh_rf_ggcmi_crop_calendar_phase3_v1.01.nc4,c1df66207b606e9671169ab420b84c46909ab7422eb9bef1a016573e55aa3473
corteva-2014-2018-external,era5loc_10922b9e995a,52.2,-1.6,published rounded to 0.1 degree; https://doi.org/10.5281/zenodo.6352615,75,356,52.25,-1.75,11.662561380739428,121.0,236.0,115.0,1.0,True,False,spring_wheat,rainfed,GGCMI Phase 3 v1.01,10.5281/zenodo.5062513,0.5,containing_native_cell_no_interpolation,scenario_planting_calendar_not_observed_trial_sowing,provider_maturity_not_observed_harvest,,False,swh_rf_ggcmi_crop_calendar_phase3_v1.01.nc4,c1df66207b606e9671169ab420b84c46909ab7422eb9bef1a016573e55aa3473
corteva-2014-2018-external,era5loc_9ec703701638,55.3,11.4,published rounded to 0.1 degree; https://doi.org/10.5281/zenodo.6352615,69,382,55.25,11.25,11.039470894110881,103.0,239.0,136.0,3.0,True,False,spring_wheat,rainfed,GGCMI Phase 3 v1.01,10.5281/zenodo.5062513,0.5,containing_native_cell_no_interpolation,scenario_planting_calendar_not_observed_trial_sowing,provider_maturity_not_observed_harvest,,False,swh_rf_ggcmi_crop_calendar_phase3_v1.01.nc4,c1df66207b606e9671169ab420b84c46909ab7422eb9bef1a016573e55aa3473
corteva-2014-2018-external,era5loc_58196cd23b74,52.3,-1.6,published rounded to 0.1 degree; https://doi.org/10.5281/zenodo.6352615,75,356,52.25,-1.75,11.652463460576348,121.0,236.0,115.0,1.0,True,False,spring_wheat,rainfed,GGCMI Phase 3 v1.01,10.5281/zenodo.5062513,0.5,containing_native_cell_no_interpolation,scenario_planting_calendar_not_observed_trial_sowing,provider_maturity_not_observed_harvest,,False,swh_rf_ggcmi_crop_calendar_phase3_v1.01.nc4,c1df66207b606e9671169ab420b84c46909ab7422eb9bef1a016573e55aa3473
corteva-2014-2018-external,era5loc_b19178602a22,54.0,12.2,published rounded to 0.1 degree; https://doi.org/10.5281/zenodo.6352615,72,384,53.75,12.25,28.01932534410121,121.0,236.0,115.0,1.0,True,False,spring_wheat,rainfed,GGCMI Phase 3 v1.01,10.5281/zenodo.5062513,0.5,containing_native_cell_no_interpolation,scenario_planting_calendar_not_observed_trial_sowing,provider_maturity_not_observed_harvest,,False,swh_rf_ggcmi_crop_calendar_phase3_v1.01.nc4,c1df66207b606e9671169ab420b84c46909ab7422eb9bef1a016573e55aa3473
corteva-2014-2018-external,era5loc_44b51b0afbf4,47.5,0.8,published rounded to 0.1 degree; https://doi.org/10.5281/zenodo.6352615,85,361,47.25,0.75,28.049871064296283,101.0,239.0,138.0,3.0,True,False,spring_wheat,rainfed,GGCMI Phase 3 v1.01,10.5281/zenodo.5062513,0.5,containing_native_cell_no_interpolation,scenario_planting_calendar_not_observed_trial_sowing,provider_maturity_not_observed_harvest,,False,swh_rf_ggcmi_crop_calendar_phase3_v1.01.nc4,c1df66207b606e9671169ab420b84c46909ab7422eb9bef1a016573e55aa3473
corteva-2014-2018-external,era5loc_552fc1bf2ed1,49.2,-0.5,published rounded to 0.1 degree; https://doi.org/10.5281/zenodo.6352615,81,359,49.25,-0.25,19.040482103830964,121.0,236.0,115.0,1.0,True,False,spring_wheat,rainfed,GGCMI Phase 3 v1.01,10.5281/zenodo.5062513,0.5,containing_native_cell_no_interpolation,scenario_planting_calendar_not_observed_trial_sowing,provider_maturity_not_observed_harvest,,False,swh_rf_ggcmi_crop_calendar_phase3_v1.01.nc4,c1df66207b606e9671169ab420b84c46909ab7422eb9bef1a016573e55aa3473
corteva-2014-2018-external,era5loc_a3c14cb7ff62,48.1,10.9,published rounded to 0.1 degree; https://doi.org/10.5281/zenodo.6352615,83,381,48.25,10.75,20.066005670980925,121.0,236.0,115.0,1.0,True,False,spring_wheat,rainfed,GGCMI Phase 3 v1.01,10.5281/zenodo.5062513,0.5,containing_native_cell_no_interpolation,scenario_planting_calendar_not_observed_trial_sowing,provider_maturity_not_observed_harvest,,False,swh_rf_ggcmi_crop_calendar_phase3_v1.01.nc4,c1df66207b606e9671169ab420b84c46909ab7422eb9bef1a016573e55aa3473
corteva-2014-2018-external,era5loc_ac3e32c77013,50.2,2.4,published rounded to 0.1 degree; https://doi.org/10.5281/zenodo.6352615,79,364,50.25,2.25,12.062736465408216,121.0,236.0,115.0,1.0,True,False,spring_wheat,rainfed,GGCMI Phase 3 v1.01,10.5281/zenodo.5062513,0.5,containing_native_cell_no_interpolation,scenario_planting_calendar_not_observed_trial_sowing,provider_maturity_not_observed_harvest,,False,swh_rf_ggcmi_crop_calendar_phase3_v1.01.nc4,c1df66207b606e9671169ab420b84c46909ab7422eb9bef1a016573e55aa3473
corteva-2014-2018-external,era5loc_6d5acc6b6792,47.6,1.0,published rounded to 0.1 degree; https://doi.org/10.5281/zenodo.6352615,84,362,47.75,1.25,25.111244014422773,121.0,236.0,115.0,1.0,True,False,spring_wheat,rainfed,GGCMI Phase 3 v1.01,10.5281/zenodo.5062513,0.5,containing_native_cell_no_interpolation,scenario_planting_calendar_not_observed_trial_sowing,provider_maturity_not_observed_harvest,,False,swh_rf_ggcmi_crop_calendar_phase3_v1.01.nc4,c1df66207b606e9671169ab420b84c46909ab7422eb9bef1a016573e55aa3473
corteva-2014-2018-external,era5loc_2bec8c4d1d1c,48.2,11.3,published rounded to 0.1 degree; https://doi.org/10.5281/zenodo.6352615,83,382,48.25,11.25,6.686701592485563,121.0,236.0,115.0,1.0,True,False,spring_wheat,rainfed,GGCMI Phase 3 v1.01,10.5281/zenodo.5062513,0.5,containing_native_cell_no_interpolation,scenario_planting_calendar_not_observed_trial_sowing,provider_maturity_not_observed_harvest,,False,swh_rf_ggcmi_crop_calendar_phase3_v1.01.nc4,c1df66207b606e9671169ab420b84c46909ab7422eb9bef1a016573e55aa3473
corteva-2014-2018-external,era5loc_8c3d66928dac,52.2,-2.8,published rounded to 0.1 degree; https://doi.org/10.5281/zenodo.6352615,75,354,52.25,-2.75,6.528934390917858,121.0,236.0,115.0,1.0,True,False,spring_wheat,rainfed,GGCMI Phase 3 v1.01,10.5281/zenodo.5062513,0.5,containing_native_cell_no_interpolation,scenario_planting_calendar_not_observed_trial_sowing,provider_maturity_not_observed_harvest,,False,swh_rf_ggcmi_crop_calendar_phase3_v1.01.nc4,c1df66207b606e9671169ab420b84c46909ab7422eb9bef1a016573e55aa3473
corteva-2014-2018-external,era5loc_5bc9f026f451,50.3,18.6,published rounded to 0.1 degree; https://doi.org/10.5281/zenodo.6352615,79,397,50.25,18.75,12.052825944411468,121.0,236.0,115.0,1.0,True,False,spring_wheat,rainfed,GGCMI Phase 3 v1.01,10.5281/zenodo.5062513,0.5,containing_native_cell_no_interpolation,scenario_planting_calendar_not_observed_trial_sowing,provider_maturity_not_observed_harvest,,False,swh_rf_ggcmi_crop_calendar_phase3_v1.01.nc4,c1df66207b606e9671169ab420b84c46909ab7422eb9bef1a016573e55aa3473
corteva-2014-2018-external,era5loc_16ba87a73e20,48.9,9.3,published rounded to 0.1 degree; https://doi.org/10.5281/zenodo.6352615,82,378,48.75,9.25,17.080199735408414,121.0,236.0,115.0,1.0,True,False,spring_wheat,rainfed,GGCMI Phase 3 v1.01,10.5281/zenodo.5062513,0.5,containing_native_cell_no_interpolation,scenario_planting_calendar_not_observed_trial_sowing,provider_maturity_not_observed_harvest,,False,swh_rf_ggcmi_crop_calendar_phase3_v1.01.nc4,c1df66207b606e9671169ab420b84c46909ab7422eb9bef1a016573e55aa3473
corteva-2014-2018-external,era5loc_ac9ad304413f,54.2,10.4,published rounded to 0.1 degree; https://doi.org/10.5281/zenodo.6352615,71,380,54.25,10.25,11.255495818980254,121.0,236.0,115.0,1.0,True,False,spring_wheat,rainfed,GGCMI Phase 3 v1.01,10.5281/zenodo.5062513,0.5,containing_native_cell_no_interpolation,scenario_planting_calendar_not_observed_trial_sowing,provider_maturity_not_observed_harvest,,False,swh_rf_ggcmi_crop_calendar_phase3_v1.01.nc4,c1df66207b606e9671169ab420b84c46909ab7422eb9bef1a016573e55aa3473
corteva-2014-2018-external,era5loc_e9355841f968,54.2,10.3,published rounded to 0.1 degree; https://doi.org/10.5281/zenodo.6352615,71,380,54.25,10.25,6.450503299962337,121.0,236.0,115.0,1.0,True,False,spring_wheat,rainfed,GGCMI Phase 3 v1.01,10.5281/zenodo.5062513,0.5,containing_native_cell_no_interpolation,scenario_planting_calendar_not_observed_trial_sowing,provider_maturity_not_observed_harvest,,False,swh_rf_ggcmi_crop_calendar_phase3_v1.01.nc4,c1df66207b606e9671169ab420b84c46909ab7422eb9bef1a016573e55aa3473
corteva-2014-2018-external,era5loc_4a01bdc540c8,47.7,1.0,published rounded to 0.1 degree; https://doi.org/10.5281/zenodo.6352615,84,362,47.75,1.25,19.561825611736527,121.0,236.0,115.0,1.0,True,False,spring_wheat,rainfed,GGCMI Phase 3 v1.01,10.5281/zenodo.5062513,0.5,containing_native_cell_no_interpolation,scenario_planting_calendar_not_observed_trial_sowing,provider_maturity_not_observed_harvest,,False,swh_rf_ggcmi_crop_calendar_phase3_v1.01.nc4,c1df66207b606e9671169ab420b84c46909ab7422eb9bef1a016573e55aa3473
corteva-2014-2018-external,era5loc_271e389189e2,48.3,11.5,published rounded to 0.1 degree; https://doi.org/10.5281/zenodo.6352615,83,383,48.25,11.75,19.37193890505296,121.0,236.0,115.0,1.0,True,False,spring_wheat,rainfed,GGCMI Phase 3 v1.01,10.5281/zenodo.5062513,0.5,containing_native_cell_no_interpolation,scenario_planting_calendar_not_observed_trial_sowing,provider_maturity_not_observed_harvest,,False,swh_rf_ggcmi_crop_calendar_phase3_v1.01.nc4,c1df66207b606e9671169ab420b84c46909ab7422eb9bef1a016573e55aa3473
corteva-2014-2018-external,era5loc_a897dfaa7acf,52.2,-2.7,published rounded to 0.1 degree; https://doi.org/10.5281/zenodo.6352615,75,354,52.25,-2.75,6.528934390917858,121.0,236.0,115.0,1.0,True,False,spring_wheat,rainfed,GGCMI Phase 3 v1.01,10.5281/zenodo.5062513,0.5,containing_native_cell_no_interpolation,scenario_planting_calendar_not_observed_trial_sowing,provider_maturity_not_observed_harvest,,False,swh_rf_ggcmi_crop_calendar_phase3_v1.01.nc4,c1df66207b606e9671169ab420b84c46909ab7422eb9bef1a016573e55aa3473
corteva-2014-2018-external,era5loc_bb6ce598bc3b,52.4,-7.6,published rounded to 0.1 degree; https://doi.org/10.5281/zenodo.6352615,75,344,52.25,-7.75,19.574988582847723,121.0,236.0,115.0,1.0,True,False,spring_wheat,rainfed,GGCMI Phase 3 v1.01,10.5281/zenodo.5062513,0.5,containing_native_cell_no_interpolation,scenario_planting_calendar_not_observed_trial_sowing,provider_maturity_not_observed_harvest,,False,swh_rf_ggcmi_crop_calendar_phase3_v1.01.nc4,c1df66207b606e9671169ab420b84c46909ab7422eb9bef1a016573e55aa3473
corteva-2014-2018-external,era5loc_564939414644,53.8,10.6,published rounded to 0.1 degree; https://doi.org/10.5281/zenodo.6352615,72,381,53.75,10.75,11.34761989094493,121.0,236.0,115.0,1.0,True,False,spring_wheat,rainfed,GGCMI Phase 3 v1.01,10.5281/zenodo.5062513,0.5,containing_native_cell_no_interpolation,scenario_planting_calendar_not_observed_trial_sowing,provider_maturity_not_observed_harvest,,False,swh_rf_ggcmi_crop_calendar_phase3_v1.01.nc4,c1df66207b606e9671169ab420b84c46909ab7422eb9bef1a016573e55aa3473
corteva-2014-2018-external,era5loc_675a14abc4ed,50.2,2.5,published rounded to 0.1 degree; https://doi.org/10.5281/zenodo.6352615,79,365,50.25,2.75,18.686964584075636,121.0,236.0,115.0,1.0,True,False,spring_wheat,rainfed,GGCMI Phase 3 v1.01,10.5281/zenodo.5062513,0.5,containing_native_cell_no_interpolation,scenario_planting_calendar_not_observed_trial_sowing,provider_maturity_not_observed_harvest,,False,swh_rf_ggcmi_crop_calendar_phase3_v1.01.nc4,c1df66207b606e9671169ab420b84c46909ab7422eb9bef1a016573e55aa3473
corteva-2014-2018-external,era5loc_147e0282030a,58.3,14.8,published rounded to 0.1 degree; https://doi.org/10.5281/zenodo.6352615,63,389,58.25,14.75,6.294692403886569,121.0,236.0,115.0,1.0,True,False,spring_wheat,rainfed,GGCMI Phase 3 v1.01,10.5281/zenodo.5062513,0.5,containing_native_cell_no_interpolation,scenario_planting_calendar_not_observed_trial_sowing,provider_maturity_not_observed_harvest,,False,swh_rf_ggcmi_crop_calendar_phase3_v1.01.nc4,c1df66207b606e9671169ab420b84c46909ab7422eb9bef1a016573e55aa3473
corteva-2014-2018-external,era5loc_efa0b1c20b7e,58.5,15.1,published rounded to 0.1 degree; https://doi.org/10.5281/zenodo.6352615,63,390,58.25,15.25,29.19653703686451,120.0,243.0,123.0,3.0,True,False,spring_wheat,rainfed,GGCMI Phase 3 v1.01,10.5281/zenodo.5062513,0.5,containing_native_cell_no_interpolation,scenario_planting_calendar_not_observed_trial_sowing,provider_maturity_not_observed_harvest,,False,swh_rf_ggcmi_crop_calendar_phase3_v1.01.nc4,c1df66207b606e9671169ab420b84c46909ab7422eb9bef1a016573e55aa3473
corteva-2014-2018-external,era5loc_1413d3db59ca,52.3,16.4,published rounded to 0.1 degree; https://doi.org/10.5281/zenodo.6352615,75,392,52.25,16.25,11.652463460576246,138.0,244.0,106.0,2.0,True,False,spring_wheat,rainfed,GGCMI Phase 3 v1.01,10.5281/zenodo.5062513,0.5,containing_native_cell_no_interpolation,scenario_planting_calendar_not_observed_trial_sowing,provider_maturity_not_observed_harvest,,False,swh_rf_ggcmi_crop_calendar_phase3_v1.01.nc4,c1df66207b606e9671169ab420b84c46909ab7422eb9bef1a016573e55aa3473
corteva-2014-2018-external,era5loc_2fb425fa23bb,52.2,-2.6,published rounded to 0.1 degree; https://doi.org/10.5281/zenodo.6352615,75,354,52.25,-2.75,11.662561380739428,121.0,236.0,115.0,1.0,True,False,spring_wheat,rainfed,GGCMI Phase 3 v1.01,10.5281/zenodo.5062513,0.5,containing_native_cell_no_interpolation,scenario_planting_calendar_not_observed_trial_sowing,provider_maturity_not_observed_harvest,,False,swh_rf_ggcmi_crop_calendar_phase3_v1.01.nc4,c1df66207b606e9671169ab420b84c46909ab7422eb9bef1a016573e55aa3473
corteva-2014-2018-external,era5loc_86c70f7f7a55,53.7,7.9,published rounded to 0.1 degree; https://doi.org/10.5281/zenodo.6352615,72,375,53.75,7.75,11.3578378007327,121.0,236.0,115.0,1.0,True,False,spring_wheat,rainfed,GGCMI Phase 3 v1.01,10.5281/zenodo.5062513,0.5,containing_native_cell_no_interpolation,scenario_planting_calendar_not_observed_trial_sowing,provider_maturity_not_observed_harvest,,False,swh_rf_ggcmi_crop_calendar_phase3_v1.01.nc4,c1df66207b606e9671169ab420b84c46909ab7422eb9bef1a016573e55aa3473
corteva-2014-2018-external,era5loc_75bcfbe45580,50.2,3.0,published rounded to 0.1 degree; https://doi.org/10.5281/zenodo.6352615,79,366,50.25,3.25,18.686964584075636,121.0,236.0,115.0,1.0,True,False,spring_wheat,rainfed,GGCMI Phase 3 v1.01,10.5281/zenodo.5062513,0.5,containing_native_cell_no_interpolation,scenario_planting_calendar_not_observed_trial_sowing,provider_maturity_not_observed_harvest,,False,swh_rf_ggcmi_crop_calendar_phase3_v1.01.nc4,c1df66207b606e9671169ab420b84c46909ab7422eb9bef1a016573e55aa3473
corteva-2014-2018-external,era5loc_3a61f47c1c68,58.5,15.2,published rounded to 0.1 degree; https://doi.org/10.5281/zenodo.6352615,63,390,58.25,15.25,27.999329416912637,120.0,243.0,123.0,3.0,True,False,spring_wheat,rainfed,GGCMI Phase 3 v1.01,10.5281/zenodo.5062513,0.5,containing_native_cell_no_interpolation,scenario_planting_calendar_not_observed_trial_sowing,provider_maturity_not_observed_harvest,,False,swh_rf_ggcmi_crop_calendar_phase3_v1.01.nc4,c1df66207b606e9671169ab420b84c46909ab7422eb9bef1a016573e55aa3473
corteva-2014-2018-external,era5loc_d0526892c13b,58.5,15.6,published rounded to 0.1 degree; https://doi.org/10.5281/zenodo.6352615,63,391,58.25,15.75,29.19653703686451,134.0,238.0,104.0,3.0,True,False,spring_wheat,rainfed,GGCMI Phase 3 v1.01,10.5281/zenodo.5062513,0.5,containing_native_cell_no_interpolation,scenario_planting_calendar_not_observed_trial_sowing,provider_maturity_not_observed_harvest,,False,swh_rf_ggcmi_crop_calendar_phase3_v1.01.nc4,c1df66207b606e9671169ab420b84c46909ab7422eb9bef1a016573e55aa3473
corteva-2014-2018-external,era5loc_172a8482b77b,48.2,11.4,published rounded to 0.1 degree; https://doi.org/10.5281/zenodo.6352615,83,382,48.25,11.25,12.454820472265347,121.0,236.0,115.0,1.0,True,False,spring_wheat,rainfed,GGCMI Phase 3 v1.01,10.5281/zenodo.5062513,0.5,containing_native_cell_no_interpolation,scenario_planting_calendar_not_observed_trial_sowing,provider_maturity_not_observed_harvest,,False,swh_rf_ggcmi_crop_calendar_phase3_v1.01.nc4,c1df66207b606e9671169ab420b84c46909ab7422eb9bef1a016573e55aa3473
corteva-2014-2018-external,era5loc_b78a3047c055,52.4,-1.4,published rounded to 0.1 degree; https://doi.org/10.5281/zenodo.6352615,75,357,52.25,-1.25,19.57498858284843,121.0,236.0,115.0,1.0,True,False,spring_wheat,rainfed,GGCMI Phase 3 v1.01,10.5281/zenodo.5062513,0.5,containing_native_cell_no_interpolation,scenario_planting_calendar_not_observed_trial_sowing,provider_maturity_not_observed_harvest,,False,swh_rf_ggcmi_crop_calendar_phase3_v1.01.nc4,c1df66207b606e9671169ab420b84c46909ab7422eb9bef1a016573e55aa3473
corteva-2014-2018-external,era5loc_444826b8a178,52.1,-2.6,published rounded to 0.1 degree; https://doi.org/10.5281/zenodo.6352615,75,354,52.25,-2.75,19.592698124848624,121.0,236.0,115.0,1.0,True,False,spring_wheat,rainfed,GGCMI Phase 3 v1.01,10.5281/zenodo.5062513,0.5,containing_native_cell_no_interpolation,scenario_planting_calendar_not_observed_trial_sowing,provider_maturity_not_observed_harvest,,False,swh_rf_ggcmi_crop_calendar_phase3_v1.01.nc4,c1df66207b606e9671169ab420b84c46909ab7422eb9bef1a016573e55aa3473
corteva-2014-2018-external,era5loc_06b87a47fb78,52.9,-6.9,published rounded to 0.1 degree; https://doi.org/10.5281/zenodo.6352615,74,346,52.75,-6.75,19.516014739065678,121.0,236.0,115.0,1.0,True,False,spring_wheat,rainfed,GGCMI Phase 3 v1.01,10.5281/zenodo.5062513,0.5,containing_native_cell_no_interpolation,scenario_planting_calendar_not_observed_trial_sowing,provider_maturity_not_observed_harvest,,False,swh_rf_ggcmi_crop_calendar_phase3_v1.01.nc4,c1df66207b606e9671169ab420b84c46909ab7422eb9bef1a016573e55aa3473
corteva-2014-2018-external,era5loc_d0e22e1571cb,52.9,-6.7,published rounded to 0.1 degree; https://doi.org/10.5281/zenodo.6352615,74,346,52.75,-6.75,17.02931077182576,121.0,236.0,115.0,1.0,True,False,spring_wheat,rainfed,GGCMI Phase 3 v1.01,10.5281/zenodo.5062513,0.5,containing_native_cell_no_interpolation,scenario_planting_calendar_not_observed_trial_sowing,provider_maturity_not_observed_harvest,,False,swh_rf_ggcmi_crop_calendar_phase3_v1.01.nc4,c1df66207b606e9671169ab420b84c46909ab7422eb9bef1a016573e55aa3473
corteva-2014-2018-external,era5loc_08a1d4574c90,52.5,16.8,published rounded to 0.1 degree; https://doi.org/10.5281/zenodo.6352615,75,393,52.25,16.75,28.026242231632995,121.0,236.0,115.0,1.0,True,False,spring_wheat,rainfed,GGCMI Phase 3 v1.01,10.5281/zenodo.5062513,0.5,containing_native_cell_no_interpolation,scenario_planting_calendar_not_observed_trial_sowing,provider_maturity_not_observed_harvest,,False,swh_rf_ggcmi_crop_calendar_phase3_v1.01.nc4,c1df66207b606e9671169ab420b84c46909ab7422eb9bef1a016573e55aa3473
corteva-2014-2018-external,era5loc_00eea7e0108c,50.4,8.2,published rounded to 0.1 degree; https://doi.org/10.5281/zenodo.6352615,79,376,50.25,8.25,17.06097160477929,121.0,236.0,115.0,1.0,True,False,spring_wheat,rainfed,GGCMI Phase 3 v1.01,10.5281/zenodo.5062513,0.5,containing_native_cell_no_interpolation,scenario_planting_calendar_not_observed_trial_sowing,provider_maturity_not_observed_harvest,,False,swh_rf_ggcmi_crop_calendar_phase3_v1.01.nc4,c1df66207b606e9671169ab420b84c46909ab7422eb9bef1a016573e55aa3473
corteva-2014-2018-external,era5loc_7d2651d26912,53.0,17.2,published rounded to 0.1 degree; https://doi.org/10.5281/zenodo.6352615,74,394,52.75,17.25,28.023925176810668,121.0,236.0,115.0,1.0,True,False,spring_wheat,rainfed,GGCMI Phase 3 v1.01,10.5281/zenodo.5062513,0.5,containing_native_cell_no_interpolation,scenario_planting_calendar_not_observed_trial_sowing,provider_maturity_not_observed_harvest,,False,swh_rf_ggcmi_crop_calendar_phase3_v1.01.nc4,c1df66207b606e9671169ab420b84c46909ab7422eb9bef1a016573e55aa3473
corteva-2014-2018-external,era5loc_a0cd83c309f8,55.9,-2.8,published rounded to 0.1 degree; https://doi.org/10.5281/zenodo.6352615,68,354,55.75,-2.75,16.992256078886548,130.0,266.0,136.0,3.0,True,False,spring_wheat,rainfed,GGCMI Phase 3 v1.01,10.5281/zenodo.5062513,0.5,containing_native_cell_no_interpolation,scenario_planting_calendar_not_observed_trial_sowing,provider_maturity_not_observed_harvest,,False,swh_rf_ggcmi_crop_calendar_phase3_v1.01.nc4,c1df66207b606e9671169ab420b84c46909ab7422eb9bef1a016573e55aa3473
corteva-2014-2018-external,era5loc_0da14fe6a2dd,49.9,2.1,published rounded to 0.1 degree; https://doi.org/10.5281/zenodo.6352615,80,364,49.75,2.25,19.87075674610534,121.0,236.0,115.0,1.0,True,False,spring_wheat,rainfed,GGCMI Phase 3 v1.01,10.5281/zenodo.5062513,0.5,containing_native_cell_no_interpolation,scenario_planting_calendar_not_observed_trial_sowing,provider_maturity_not_observed_harvest,,False,swh_rf_ggcmi_crop_calendar_phase3_v1.01.nc4,c1df66207b606e9671169ab420b84c46909ab7422eb9bef1a016573e55aa3473
corteva-2014-2018-external,era5loc_c6c2c622a0ea,52.7,-1.6,published rounded to 0.1 degree; https://doi.org/10.5281/zenodo.6352615,74,356,52.75,-1.75,11.561391351051391,121.0,236.0,115.0,1.0,True,False,spring_wheat,rainfed,GGCMI Phase 3 v1.01,10.5281/zenodo.5062513,0.5,containing_native_cell_no_interpolation,scenario_planting_calendar_not_observed_trial_sowing,provider_maturity_not_observed_harvest,,False,swh_rf_ggcmi_crop_calendar_phase3_v1.01.nc4,c1df66207b606e9671169ab420b84c46909ab7422eb9bef1a016573e55aa3473
corteva-2014-2018-external,era5loc_ee73759db932,53.4,-7.6,published rounded to 0.1 degree; https://doi.org/10.5281/zenodo.6352615,73,344,53.25,-7.75,19.45714458566769,121.0,236.0,115.0,1.0,True,False,spring_wheat,rainfed,GGCMI Phase 3 v1.01,10.5281/zenodo.5062513,0.5,containing_native_cell_no_interpolation,scenario_planting_calendar_not_observed_trial_sowing,provider_maturity_not_observed_harvest,,False,swh_rf_ggcmi_crop_calendar_phase3_v1.01.nc4,c1df66207b606e9671169ab420b84c46909ab7422eb9bef1a016573e55aa3473
corteva-2014-2018-external,era5loc_badf6a0c8408,53.0,-6.9,published rounded to 0.1 degree; https://doi.org/10.5281/zenodo.6352615,74,346,52.75,-6.75,29.59744285970011,121.0,236.0,115.0,1.0,True,False,spring_wheat,rainfed,GGCMI Phase 3 v1.01,10.5281/zenodo.5062513,0.5,containing_native_cell_no_interpolation,scenario_planting_calendar_not_observed_trial_sowing,provider_maturity_not_observed_harvest,,False,swh_rf_ggcmi_crop_calendar_phase3_v1.01.nc4,c1df66207b606e9671169ab420b84c46909ab7422eb9bef1a016573e55aa3473
corteva-2014-2018-external,era5loc_cd0793ddaa5d,50.3,18.5,published rounded to 0.1 degree; https://doi.org/10.5281/zenodo.6352615,79,397,50.25,18.75,18.669167398557082,121.0,236.0,115.0,1.0,True,False,spring_wheat,rainfed,GGCMI Phase 3 v1.01,10.5281/zenodo.5062513,0.5,containing_native_cell_no_interpolation,scenario_planting_calendar_not_observed_trial_sowing,provider_maturity_not_observed_harvest,,False,swh_rf_ggcmi_crop_calendar_phase3_v1.01.nc4,c1df66207b606e9671169ab420b84c46909ab7422eb9bef1a016573e55aa3473
corteva-2014-2018-external,era5loc_b1851c4862e8,50.3,8.8,published rounded to 0.1 degree; https://doi.org/10.5281/zenodo.6352615,79,377,50.25,8.75,6.6058249009486785,111.0,234.0,123.0,3.0,True,False,spring_wheat,rainfed,GGCMI Phase 3 v1.01,10.5281/zenodo.5062513,0.5,containing_native_cell_no_interpolation,scenario_planting_calendar_not_observed_trial_sowing,provider_maturity_not_observed_harvest,,False,swh_rf_ggcmi_crop_calendar_phase3_v1.01.nc4,c1df66207b606e9671169ab420b84c46909ab7422eb9bef1a016573e55aa3473
corteva-2014-2018-external,era5loc_9721ab7cc715,50.2,-2.4,published rounded to 0.1 degree; https://doi.org/10.5281/zenodo.6352615,79,355,50.25,-2.25,12.062736465408216,,,,,False,True,spring_wheat,rainfed,GGCMI Phase 3 v1.01,10.5281/zenodo.5062513,0.5,containing_native_cell_no_interpolation,scenario_planting_calendar_not_observed_trial_sowing,provider_maturity_not_observed_harvest,,False,swh_rf_ggcmi_crop_calendar_phase3_v1.01.nc4,c1df66207b606e9671169ab420b84c46909ab7422eb9bef1a016573e55aa3473
corteva-2014-2018-external,era5loc_2b86c955613c,52.7,-0.5,published rounded to 0.1 degree; https://doi.org/10.5281/zenodo.6352615,74,359,52.75,-0.25,17.78358607638439,121.0,236.0,115.0,1.0,True,False,spring_wheat,rainfed,GGCMI Phase 3 v1.01,10.5281/zenodo.5062513,0.5,containing_native_cell_no_interpolation,scenario_planting_calendar_not_observed_trial_sowing,provider_maturity_not_observed_harvest,,False,swh_rf_ggcmi_crop_calendar_phase3_v1.01.nc4,c1df66207b606e9671169ab420b84c46909ab7422eb9bef1a016573e55aa3473
corteva-2014-2018-external,era5loc_7df03bc05f0e,49.1,-0.5,published rounded to 0.1 degree; https://doi.org/10.5281/zenodo.6352615,81,359,49.25,-0.25,24.709816745579246,121.0,236.0,115.0,1.0,True,False,spring_wheat,rainfed,GGCMI Phase 3 v1.01,10.5281/zenodo.5062513,0.5,containing_native_cell_no_interpolation,scenario_planting_calendar_not_observed_trial_sowing,provider_maturity_not_observed_harvest,,False,swh_rf_ggcmi_crop_calendar_phase3_v1.01.nc4,c1df66207b606e9671169ab420b84c46909ab7422eb9bef1a016573e55aa3473
corteva-2014-2018-external,era5loc_571d1ffe9b17,48.1,3.8,published rounded to 0.1 degree; https://doi.org/10.5281/zenodo.6352615,83,367,48.25,3.75,17.088568793226454,121.0,236.0,115.0,1.0,True,False,spring_wheat,rainfed,GGCMI Phase 3 v1.01,10.5281/zenodo.5062513,0.5,containing_native_cell_no_interpolation,scenario_planting_calendar_not_observed_trial_sowing,provider_maturity_not_observed_harvest,,False,swh_rf_ggcmi_crop_calendar_phase3_v1.01.nc4,c1df66207b606e9671169ab420b84c46909ab7422eb9bef1a016573e55aa3473
corteva-2014-2018-external,era5loc_b267bcd7dbd3,54.2,10.9,published rounded to 0.1 degree; https://doi.org/10.5281/zenodo.6352615,71,381,54.25,10.75,11.255495818980254,109.0,242.0,133.0,3.0,True,False,spring_wheat,rainfed,GGCMI Phase 3 v1.01,10.5281/zenodo.5062513,0.5,containing_native_cell_no_interpolation,scenario_planting_calendar_not_observed_trial_sowing,provider_maturity_not_observed_harvest,,False,swh_rf_ggcmi_crop_calendar_phase3_v1.01.nc4,c1df66207b606e9671169ab420b84c46909ab7422eb9bef1a016573e55aa3473
corteva-2014-2018-external,era5loc_37afec23e7f5,53.8,10.5,published rounded to 0.1 degree; https://doi.org/10.5281/zenodo.6352615,72,381,53.75,10.75,17.396345545356397,121.0,236.0,115.0,1.0,True,False,spring_wheat,rainfed,GGCMI Phase 3 v1.01,10.5281/zenodo.5062513,0.5,containing_native_cell_no_interpolation,scenario_planting_calendar_not_observed_trial_sowing,provider_maturity_not_observed_harvest,,False,swh_rf_ggcmi_crop_calendar_phase3_v1.01.nc4,c1df66207b606e9671169ab420b84c46909ab7422eb9bef1a016573e55aa3473
corteva-2014-2018-external,era5loc_831f1bcc3513,53.4,8.1,published rounded to 0.1 degree; https://doi.org/10.5281/zenodo.6352615,73,376,53.25,8.25,19.45714458566769,121.0,236.0,115.0,1.0,True,False,spring_wheat,rainfed,GGCMI Phase 3 v1.01,10.5281/zenodo.5062513,0.5,containing_native_cell_no_interpolation,scenario_planting_calendar_not_observed_trial_sowing,provider_maturity_not_observed_harvest,,False,swh_rf_ggcmi_crop_calendar_phase3_v1.01.nc4,c1df66207b606e9671169ab420b84c46909ab7422eb9bef1a016573e55aa3473
corteva-2014-2018-external,era5loc_707c396abf09,51.2,13.3,published rounded to 0.1 degree; https://doi.org/10.5281/zenodo.6352615,77,386,51.25,13.25,6.568337317063783,113.0,237.0,124.0,3.0,True,False,spring_wheat,rainfed,GGCMI Phase 3 v1.01,10.5281/zenodo.5062513,0.5,containing_native_cell_no_interpolation,scenario_planting_calendar_not_observed_trial_sowing,provider_maturity_not_observed_harvest,,False,swh_rf_ggcmi_crop_calendar_phase3_v1.01.nc4,c1df66207b606e9671169ab420b84c46909ab7422eb9bef1a016573e55aa3473
corteva-2014-2018-external,era5loc_a8819305ac0f,52.1,-2.5,published rounded to 0.1 degree; https://doi.org/10.5281/zenodo.6352615,75,355,52.25,-2.25,23.897059439456672,121.0,236.0,115.0,1.0,True,False,spring_wheat,rainfed,GGCMI Phase 3 v1.01,10.5281/zenodo.5062513,0.5,containing_native_cell_no_interpolation,scenario_planting_calendar_not_observed_trial_sowing,provider_maturity_not_observed_harvest,,False,swh_rf_ggcmi_crop_calendar_phase3_v1.01.nc4,c1df66207b606e9671169ab420b84c46909ab7422eb9bef1a016573e55aa3473
corteva-2014-2018-external,era5loc_5169e9aeb73a,52.0,17.5,published rounded to 0.1 degree; https://doi.org/10.5281/zenodo.6352615,76,395,51.75,17.75,32.713533487671405,121.0,236.0,115.0,1.0,True,False,spring_wheat,rainfed,GGCMI Phase 3 v1.01,10.5281/zenodo.5062513,0.5,containing_native_cell_no_interpolation,scenario_planting_calendar_not_observed_trial_sowing,provider_maturity_not_observed_harvest,,False,swh_rf_ggcmi_crop_calendar_phase3_v1.01.nc4,c1df66207b606e9671169ab420b84c46909ab7422eb9bef1a016573e55aa3473
corteva-2014-2018-external,era5loc_83d8fea92444,49.4,0.8,published rounded to 0.1 degree; https://doi.org/10.5281/zenodo.6352615,81,361,49.25,0.75,17.073775653279448,121.0,236.0,115.0,1.0,True,False,spring_wheat,rainfed,GGCMI Phase 3 v1.01,10.5281/zenodo.5062513,0.5,containing_native_cell_no_interpolation,scenario_planting_calendar_not_observed_trial_sowing,provider_maturity_not_observed_harvest,,False,swh_rf_ggcmi_crop_calendar_phase3_v1.01.nc4,c1df66207b606e9671169ab420b84c46909ab7422eb9bef1a016573e55aa3473
corteva-2014-2018-external,era5loc_0a75763dbaf3,52.2,-2.9,published rounded to 0.1 degree; https://doi.org/10.5281/zenodo.6352615,75,354,52.25,-2.75,11.662561380739428,121.0,236.0,115.0,1.0,True,False,spring_wheat,rainfed,GGCMI Phase 3 v1.01,10.5281/zenodo.5062513,0.5,containing_native_cell_no_interpolation,scenario_planting_calendar_not_observed_trial_sowing,provider_maturity_not_observed_harvest,,False,swh_rf_ggcmi_crop_calendar_phase3_v1.01.nc4,c1df66207b606e9671169ab420b84c46909ab7422eb9bef1a016573e55aa3473
corteva-2014-2018-external,era5loc_4e98f2286742,49.8,3.0,published rounded to 0.1 degree; https://doi.org/10.5281/zenodo.6352615,80,366,49.75,3.25,18.846622896316948,109.0,246.0,137.0,3.0,True,False,spring_wheat,rainfed,GGCMI Phase 3 v1.01,10.5281/zenodo.5062513,0.5,containing_native_cell_no_interpolation,scenario_planting_calendar_not_observed_trial_sowing,provider_maturity_not_observed_harvest,,False,swh_rf_ggcmi_crop_calendar_phase3_v1.01.nc4,c1df66207b606e9671169ab420b84c46909ab7422eb9bef1a016573e55aa3473
corteva-2014-2018-external,era5loc_37b55ea540c2,55.5,11.9,published rounded to 0.1 degree; https://doi.org/10.5281/zenodo.6352615,69,383,55.25,11.75,29.412263193998882,101.0,247.0,146.0,3.0,True,False,spring_wheat,rainfed,GGCMI Phase 3 v1.01,10.5281/zenodo.5062513,0.5,containing_native_cell_no_interpolation,scenario_planting_calendar_not_observed_trial_sowing,provider_maturity_not_observed_harvest,,False,swh_rf_ggcmi_crop_calendar_phase3_v1.01.nc4,c1df66207b606e9671169ab420b84c46909ab7422eb9bef1a016573e55aa3473
corteva-2014-2018-external,era5loc_5e6d20c69e16,53.8,10.4,published rounded to 0.1 degree; https://doi.org/10.5281/zenodo.6352615,72,380,53.75,10.25,11.34761989094493,121.0,236.0,115.0,1.0,True,False,spring_wheat,rainfed,GGCMI Phase 3 v1.01,10.5281/zenodo.5062513,0.5,containing_native_cell_no_interpolation,scenario_planting_calendar_not_observed_trial_sowing,provider_maturity_not_observed_harvest,,False,swh_rf_ggcmi_crop_calendar_phase3_v1.01.nc4,c1df66207b606e9671169ab420b84c46909ab7422eb9bef1a016573e55aa3473
corteva-2014-2018-external,era5loc_1c001582d1e8,53.7,10.4,published rounded to 0.1 degree; https://doi.org/10.5281/zenodo.6352615,72,380,53.75,10.25,11.3578378007327,121.0,236.0,115.0,1.0,True,False,spring_wheat,rainfed,GGCMI Phase 3 v1.01,10.5281/zenodo.5062513,0.5,containing_native_cell_no_interpolation,scenario_planting_calendar_not_observed_trial_sowing,provider_maturity_not_observed_harvest,,False,swh_rf_ggcmi_crop_calendar_phase3_v1.01.nc4,c1df66207b606e9671169ab420b84c46909ab7422eb9bef1a016573e55aa3473
corteva-2014-2018-external,era5loc_86d14c866fc7,52.1,-4.6,published rounded to 0.1 degree; https://doi.org/10.5281/zenodo.6352615,75,350,52.25,-4.75,19.592698124848685,121.0,236.0,115.0,1.0,True,False,spring_wheat,rainfed,GGCMI Phase 3 v1.01,10.5281/zenodo.5062513,0.5,containing_native_cell_no_interpolation,scenario_planting_calendar_not_observed_trial_sowing,provider_maturity_not_observed_harvest,,False,swh_rf_ggcmi_crop_calendar_phase3_v1.01.nc4,c1df66207b606e9671169ab420b84c46909ab7422eb9bef1a016573e55aa3473
corteva-2014-2018-external,era5loc_2a1c91560f0e,49.1,9.0,published rounded to 0.1 degree; https://doi.org/10.5281/zenodo.6352615,81,378,49.25,9.25,24.709816745579246,112.0,240.0,128.0,3.0,True,False,spring_wheat,rainfed,GGCMI Phase 3 v1.01,10.5281/zenodo.5062513,0.5,containing_native_cell_no_interpolation,scenario_planting_calendar_not_observed_trial_sowing,provider_maturity_not_observed_harvest,,False,swh_rf_ggcmi_crop_calendar_phase3_v1.01.nc4,c1df66207b606e9671169ab420b84c46909ab7422eb9bef1a016573e55aa3473
corteva-2014-2018-external,era5loc_1265910a73e5,52.3,10.0,published rounded to 0.1 degree; https://doi.org/10.5281/zenodo.6352615,75,380,52.25,10.25,17.94817396960504,121.0,236.0,115.0,1.0,True,False,spring_wheat,rainfed,GGCMI Phase 3 v1.01,10.5281/zenodo.5062513,0.5,containing_native_cell_no_interpolation,scenario_planting_calendar_not_observed_trial_sowing,provider_maturity_not_observed_harvest,,False,swh_rf_ggcmi_crop_calendar_phase3_v1.01.nc4,c1df66207b606e9671169ab420b84c46909ab7422eb9bef1a016573e55aa3473
corteva-2014-2018-external,era5loc_97c42414dde1,54.4,9.9,published rounded to 0.1 degree; https://doi.org/10.5281/zenodo.6352615,71,379,54.25,9.75,19.33979171631531,121.0,236.0,115.0,1.0,True,False,spring_wheat,rainfed,GGCMI Phase 3 v1.01,10.5281/zenodo.5062513,0.5,containing_native_cell_no_interpolation,scenario_planting_calendar_not_observed_trial_sowing,provider_maturity_not_observed_harvest,,False,swh_rf_ggcmi_crop_calendar_phase3_v1.01.nc4,c1df66207b606e9671169ab420b84c46909ab7422eb9bef1a016573e55aa3473
corteva-2014-2018-external,era5loc_6039c33fd660,53.1,-0.3,published rounded to 0.1 degree; https://doi.org/10.5281/zenodo.6352615,73,359,53.25,-0.25,17.0249281236069,121.0,236.0,115.0,1.0,True,False,spring_wheat,rainfed,GGCMI Phase 3 v1.01,10.5281/zenodo.5062513,0.5,containing_native_cell_no_interpolation,scenario_planting_calendar_not_observed_trial_sowing,provider_maturity_not_observed_harvest,,False,swh_rf_ggcmi_crop_calendar_phase3_v1.01.nc4,c1df66207b606e9671169ab420b84c46909ab7422eb9bef1a016573e55aa3473
corteva-2014-2018-external,era5loc_c2b56bbc5b96,49.7,3.3,published rounded to 0.1 degree; https://doi.org/10.5281/zenodo.6352615,80,366,49.75,3.25,6.627535804344513,109.0,246.0,137.0,3.0,True,False,spring_wheat,rainfed,GGCMI Phase 3 v1.01,10.5281/zenodo.5062513,0.5,containing_native_cell_no_interpolation,scenario_planting_calendar_not_observed_trial_sowing,provider_maturity_not_observed_harvest,,False,swh_rf_ggcmi_crop_calendar_phase3_v1.01.nc4,c1df66207b606e9671169ab420b84c46909ab7422eb9bef1a016573e55aa3473
corteva-2014-2018-external,era5loc_9c32d3d6e61d,51.5,0.3,published rounded to 0.1 degree; https://doi.org/10.5281/zenodo.6352615,77,360,51.25,0.25,28.030907075930102,117.0,234.0,117.0,3.0,True,False,spring_wheat,rainfed,GGCMI Phase 3 v1.01,10.5281/zenodo.5062513,0.5,containing_native_cell_no_interpolation,scenario_planting_calendar_not_observed_trial_sowing,provider_maturity_not_observed_harvest,,False,swh_rf_ggcmi_crop_calendar_phase3_v1.01.nc4,c1df66207b606e9671169ab420b84c46909ab7422eb9bef1a016573e55aa3473
corteva-2014-2018-external,era5loc_d589ecc09d9b,52.6,-0.3,published rounded to 0.1 degree; https://doi.org/10.5281/zenodo.6352615,74,359,52.75,-0.25,17.031193258579208,121.0,236.0,115.0,1.0,True,False,spring_wheat,rainfed,GGCMI Phase 3 v1.01,10.5281/zenodo.5062513,0.5,containing_native_cell_no_interpolation,scenario_planting_calendar_not_observed_trial_sowing,provider_maturity_not_observed_harvest,,False,swh_rf_ggcmi_crop_calendar_phase3_v1.01.nc4,c1df66207b606e9671169ab420b84c46909ab7422eb9bef1a016573e55aa3473
corteva-2014-2018-external,era5loc_f86f345e603b,43.8,4.4,published rounded to 0.1 degree; https://doi.org/10.5281/zenodo.6352615,92,368,43.75,4.25,13.292831266373168,83.0,230.0,147.0,3.0,True,False,spring_wheat,rainfed,GGCMI Phase 3 v1.01,10.5281/zenodo.5062513,0.5,containing_native_cell_no_interpolation,scenario_planting_calendar_not_observed_trial_sowing,provider_maturity_not_observed_harvest,,False,swh_rf_ggcmi_crop_calendar_phase3_v1.01.nc4,c1df66207b606e9671169ab420b84c46909ab7422eb9bef1a016573e55aa3473
corteva-2014-2018-external,era5loc_f9ae6ebca801,52.1,-2.7,published rounded to 0.1 degree; https://doi.org/10.5281/zenodo.6352615,75,354,52.25,-2.75,17.03748560807916,121.0,236.0,115.0,1.0,True,False,spring_wheat,rainfed,GGCMI Phase 3 v1.01,10.5281/zenodo.5062513,0.5,containing_native_cell_no_interpolation,scenario_planting_calendar_not_observed_trial_sowing,provider_maturity_not_observed_harvest,,False,swh_rf_ggcmi_crop_calendar_phase3_v1.01.nc4,c1df66207b606e9671169ab420b84c46909ab7422eb9bef1a016573e55aa3473
corteva-2014-2018-external,era5loc_7b5d26eb7a94,51.8,23.0,published rounded to 0.1 degree; https://doi.org/10.5281/zenodo.6352615,76,406,51.75,23.25,18.130052907293365,121.0,236.0,115.0,1.0,True,False,spring_wheat,rainfed,GGCMI Phase 3 v1.01,10.5281/zenodo.5062513,0.5,containing_native_cell_no_interpolation,scenario_planting_calendar_not_observed_trial_sowing,provider_maturity_not_observed_harvest,,False,swh_rf_ggcmi_crop_calendar_phase3_v1.01.nc4,c1df66207b606e9671169ab420b84c46909ab7422eb9bef1a016573e55aa3473
corteva-2014-2018-external,era5loc_6cb369f67eca,51.9,-8.3,published rounded to 0.1 degree; https://doi.org/10.5281/zenodo.6352615,76,343,51.75,-8.25,17.041905399520445,121.0,236.0,115.0,1.0,True,False,spring_wheat,rainfed,GGCMI Phase 3 v1.01,10.5281/zenodo.5062513,0.5,containing_native_cell_no_interpolation,scenario_planting_calendar_not_observed_trial_sowing,provider_maturity_not_observed_harvest,,False,swh_rf_ggcmi_crop_calendar_phase3_v1.01.nc4,c1df66207b606e9671169ab420b84c46909ab7422eb9bef1a016573e55aa3473
corteva-2014-2018-external,era5loc_5a105840e5f0,49.9,2.6,published rounded to 0.1 degree; https://doi.org/10.5281/zenodo.6352615,80,365,49.75,2.75,19.87075674610534,121.0,236.0,115.0,1.0,True,False,spring_wheat,rainfed,GGCMI Phase 3 v1.01,10.5281/zenodo.5062513,0.5,containing_native_cell_no_interpolation,scenario_planting_calendar_not_observed_trial_sowing,provider_maturity_not_observed_harvest,,False,swh_rf_ggcmi_crop_calendar_phase3_v1.01.nc4,c1df66207b606e9671169ab420b84c46909ab7422eb9bef1a016573e55aa3473
corteva-2014-2018-external,era5loc_8e48274c8e41,47.5,0.9,published rounded to 0.1 degree; https://doi.org/10.5281/zenodo.6352615,85,361,47.25,0.75,30.014438463832832,101.0,239.0,138.0,3.0,True,False,spring_wheat,rainfed,GGCMI Phase 3 v1.01,10.5281/zenodo.5062513,0.5,containing_native_cell_no_interpolation,scenario_planting_calendar_not_observed_trial_sowing,provider_maturity_not_observed_harvest,,False,swh_rf_ggcmi_crop_calendar_phase3_v1.01.nc4,c1df66207b606e9671169ab420b84c46909ab7422eb9bef1a016573e55aa3473
corteva-2014-2018-external,era5loc_1b5e6e05813d,49.7,-0.4,published rounded to 0.1 degree; https://doi.org/10.5281/zenodo.6352615,80,359,49.75,-0.25,12.161560301849912,,,,,False,True,spring_wheat,rainfed,GGCMI Phase 3 v1.01,10.5281/zenodo.5062513,0.5,containing_native_cell_no_interpolation,scenario_planting_calendar_not_observed_trial_sowing,provider_maturity_not_observed_harvest,,False,swh_rf_ggcmi_crop_calendar_phase3_v1.01.nc4,c1df66207b606e9671169ab420b84c46909ab7422eb9bef1a016573e55aa3473
corteva-2014-2018-external,era5loc_4921e9fb7d2c,43.8,1.0,published rounded to 0.1 degree; https://doi.org/10.5281/zenodo.6352615,92,362,43.75,1.25,20.879772597131467,84.0,237.0,153.0,3.0,True,False,spring_wheat,rainfed,GGCMI Phase 3 v1.01,10.5281/zenodo.5062513,0.5,containing_native_cell_no_interpolation,scenario_planting_calendar_not_observed_trial_sowing,provider_maturity_not_observed_harvest,,False,swh_rf_ggcmi_crop_calendar_phase3_v1.01.nc4,c1df66207b606e9671169ab420b84c46909ab7422eb9bef1a016573e55aa3473
corteva-2014-2018-external,era5loc_998f167d3abc,48.2,10.8,published rounded to 0.1 degree; https://doi.org/10.5281/zenodo.6352615,83,381,48.25,10.75,6.686701592485563,121.0,236.0,115.0,1.0,True,False,spring_wheat,rainfed,GGCMI Phase 3 v1.01,10.5281/zenodo.5062513,0.5,containing_native_cell_no_interpolation,scenario_planting_calendar_not_observed_trial_sowing,provider_maturity_not_observed_harvest,,False,swh_rf_ggcmi_crop_calendar_phase3_v1.01.nc4,c1df66207b606e9671169ab420b84c46909ab7422eb9bef1a016573e55aa3473
basf-wheat-diseases,era5loc_dd89cccfc605,48.3,12.0,data/basf-wheat-diseases.txt; coordinates rounded to 0.1 degrees,83,384,48.25,12.25,19.37193890505296,91.0,266.0,175.0,1.0,True,False,spring_wheat,irrigated,GGCMI Phase 3 v1.01,10.5281/zenodo.5062513,0.5,containing_native_cell_no_interpolation,scenario_planting_calendar_not_observed_trial_sowing,provider_maturity_not_observed_harvest,,False,swh_ir_ggcmi_crop_calendar_phase3_v1.01.nc4,41af9fe2e18e27420d8c729fcc9ba81354e53730d02e733cb35b392de6f3c896
basf-wheat-diseases,era5loc_98874af9c8d8,54.0,12.6,data/basf-wheat-diseases.txt; coordinates rounded to 0.1 degrees,72,385,53.75,12.75,29.522888531065522,109.0,241.0,132.0,3.0,True,False,spring_wheat,irrigated,GGCMI Phase 3 v1.01,10.5281/zenodo.5062513,0.5,containing_native_cell_no_interpolation,scenario_planting_calendar_not_observed_trial_sowing,provider_maturity_not_observed_harvest,,False,swh_ir_ggcmi_crop_calendar_phase3_v1.01.nc4,41af9fe2e18e27420d8c729fcc9ba81354e53730d02e733cb35b392de6f3c896
basf-wheat-diseases,era5loc_2e2aca213fbe,48.2,14.3,data/basf-wheat-diseases.txt; coordinates rounded to 0.1 degrees,83,388,48.25,14.25,6.686701592485563,91.0,266.0,175.0,1.0,True,False,spring_wheat,irrigated,GGCMI Phase 3 v1.01,10.5281/zenodo.5062513,0.5,containing_native_cell_no_interpolation,scenario_planting_calendar_not_observed_trial_sowing,provider_maturity_not_observed_harvest,,False,swh_ir_ggcmi_crop_calendar_phase3_v1.01.nc4,41af9fe2e18e27420d8c729fcc9ba81354e53730d02e733cb35b392de6f3c896
basf-wheat-diseases,era5loc_a3b551fcca14,51.7,12.1,data/basf-wheat-diseases.txt; coordinates rounded to 0.1 degrees,76,384,51.75,12.25,11.763300118128642,109.0,223.0,114.0,3.0,True,False,spring_wheat,irrigated,GGCMI Phase 3 v1.01,10.5281/zenodo.5062513,0.5,containing_native_cell_no_interpolation,scenario_planting_calendar_not_observed_trial_sowing,provider_maturity_not_observed_harvest,,False,swh_ir_ggcmi_crop_calendar_phase3_v1.01.nc4,41af9fe2e18e27420d8c729fcc9ba81354e53730d02e733cb35b392de6f3c896
basf-wheat-diseases,era5loc_d4b920707d9f,52.4,9.6,data/basf-wheat-diseases.txt; coordinates rounded to 0.1 degrees,75,379,52.25,9.75,19.574988582847723,112.0,253.0,141.0,3.0,True,False,spring_wheat,irrigated,GGCMI Phase 3 v1.01,10.5281/zenodo.5062513,0.5,containing_native_cell_no_interpolation,scenario_planting_calendar_not_observed_trial_sowing,provider_maturity_not_observed_harvest,,False,swh_ir_ggcmi_crop_calendar_phase3_v1.01.nc4,41af9fe2e18e27420d8c729fcc9ba81354e53730d02e733cb35b392de6f3c896
basf-wheat-diseases,era5loc_374089cedfa0,46.9,-1.1,data/basf-wheat-diseases.txt; coordinates rounded to 0.1 degrees,86,357,46.75,-1.25,20.225249734218927,99.0,223.0,124.0,3.0,True,False,spring_wheat,irrigated,GGCMI Phase 3 v1.01,10.5281/zenodo.5062513,0.5,containing_native_cell_no_interpolation,scenario_planting_calendar_not_observed_trial_sowing,provider_maturity_not_observed_harvest,,False,swh_ir_ggcmi_crop_calendar_phase3_v1.01.nc4,41af9fe2e18e27420d8c729fcc9ba81354e53730d02e733cb35b392de6f3c896
basf-wheat-diseases,era5loc_fc0f9359f228,47.9,1.6,data/basf-wheat-diseases.txt; coordinates rounded to 0.1 degrees,84,363,47.75,1.75,20.107351101852114,97.0,245.0,148.0,3.0,True,False,spring_wheat,irrigated,GGCMI Phase 3 v1.01,10.5281/zenodo.5062513,0.5,containing_native_cell_no_interpolation,scenario_planting_calendar_not_observed_trial_sowing,provider_maturity_not_observed_harvest,,False,swh_ir_ggcmi_crop_calendar_phase3_v1.01.nc4,41af9fe2e18e27420d8c729fcc9ba81354e53730d02e733cb35b392de6f3c896
basf-wheat-diseases,era5loc_d6117aa4523b,48.0,1.8,data/basf-wheat-diseases.txt; coordinates rounded to 0.1 degrees,84,363,47.75,1.75,28.047481498900833,97.0,245.0,148.0,3.0,True,False,spring_wheat,irrigated,GGCMI Phase 3 v1.01,10.5281/zenodo.5062513,0.5,containing_native_cell_no_interpolation,scenario_planting_calendar_not_observed_trial_sowing,provider_maturity_not_observed_harvest,,False,swh_ir_ggcmi_crop_calendar_phase3_v1.01.nc4,41af9fe2e18e27420d8c729fcc9ba81354e53730d02e733cb35b392de6f3c896
basf-wheat-diseases,era5loc_23eef231ea98,49.8,2.9,data/basf-wheat-diseases.txt; coordinates rounded to 0.1 degrees,80,365,49.75,2.75,12.15170120396626,108.0,253.0,145.0,3.0,True,False,spring_wheat,irrigated,GGCMI Phase 3 v1.01,10.5281/zenodo.5062513,0.5,containing_native_cell_no_interpolation,scenario_planting_calendar_not_observed_trial_sowing,provider_maturity_not_observed_harvest,,False,swh_ir_ggcmi_crop_calendar_phase3_v1.01.nc4,41af9fe2e18e27420d8c729fcc9ba81354e53730d02e733cb35b392de6f3c896
basf-wheat-diseases,era5loc_c36c557e4afc,53.4,6.7,data/basf-wheat-diseases.txt; coordinates rounded to 0.1 degrees,73,373,53.25,6.75,17.023054181284436,121.0,266.0,145.0,1.0,True,False,spring_wheat,irrigated,GGCMI Phase 3 v1.01,10.5281/zenodo.5062513,0.5,containing_native_cell_no_interpolation,scenario_planting_calendar_not_observed_trial_sowing,provider_maturity_not_observed_harvest,,False,swh_ir_ggcmi_crop_calendar_phase3_v1.01.nc4,41af9fe2e18e27420d8c729fcc9ba81354e53730d02e733cb35b392de6f3c896
basf-wheat-diseases,era5loc_1db395a204c4,52.2,17.2,data/basf-wheat-diseases.txt; coordinates rounded to 0.1 degrees,75,394,52.25,17.25,6.528934390917032,116.0,237.0,121.0,3.0,True,False,spring_wheat,irrigated,GGCMI Phase 3 v1.01,10.5281/zenodo.5062513,0.5,containing_native_cell_no_interpolation,scenario_planting_calendar_not_observed_trial_sowing,provider_maturity_not_observed_harvest,,False,swh_ir_ggcmi_crop_calendar_phase3_v1.01.nc4,41af9fe2e18e27420d8c729fcc9ba81354e53730d02e733cb35b392de6f3c896
basf-wheat-diseases,era5loc_8b7743800935,51.0,17.8,data/basf-wheat-diseases.txt; coordinates rounded to 0.1 degrees,78,395,50.75,17.75,28.0332534395249,117.0,246.0,129.0,3.0,True,False,spring_wheat,irrigated,GGCMI Phase 3 v1.01,10.5281/zenodo.5062513,0.5,containing_native_cell_no_interpolation,scenario_planting_calendar_not_observed_trial_sowing,provider_maturity_not_observed_harvest,,False,swh_ir_ggcmi_crop_calendar_phase3_v1.01.nc4,41af9fe2e18e27420d8c729fcc9ba81354e53730d02e733cb35b392de6f3c896
basf-wheat-diseases,era5loc_b4c23217b405,52.1,17.3,data/basf-wheat-diseases.txt; coordinates rounded to 0.1 degrees,75,394,52.25,17.25,17.037485608079855,116.0,237.0,121.0,3.0,True,False,spring_wheat,irrigated,GGCMI Phase 3 v1.01,10.5281/zenodo.5062513,0.5,containing_native_cell_no_interpolation,scenario_planting_calendar_not_observed_trial_sowing,provider_maturity_not_observed_harvest,,False,swh_ir_ggcmi_crop_calendar_phase3_v1.01.nc4,41af9fe2e18e27420d8c729fcc9ba81354e53730d02e733cb35b392de6f3c896
basf-wheat-diseases,era5loc_01117578be52,54.0,18.8,data/basf-wheat-diseases.txt; coordinates rounded to 0.1 degrees,72,397,53.75,18.75,28.01932534410121,114.0,259.0,145.0,3.0,True,False,spring_wheat,irrigated,GGCMI Phase 3 v1.01,10.5281/zenodo.5062513,0.5,containing_native_cell_no_interpolation,scenario_planting_calendar_not_observed_trial_sowing,provider_maturity_not_observed_harvest,,False,swh_ir_ggcmi_crop_calendar_phase3_v1.01.nc4,41af9fe2e18e27420d8c729fcc9ba81354e53730d02e733cb35b392de6f3c896
basf-wheat-diseases,era5loc_bedbc80cc600,52.2,16.6,data/basf-wheat-diseases.txt; coordinates rounded to 0.1 degrees,75,393,52.25,16.75,11.662561380739154,116.0,259.0,143.0,3.0,True,False,spring_wheat,irrigated,GGCMI Phase 3 v1.01,10.5281/zenodo.5062513,0.5,containing_native_cell_no_interpolation,scenario_planting_calendar_not_observed_trial_sowing,provider_maturity_not_observed_harvest,,False,swh_ir_ggcmi_crop_calendar_phase3_v1.01.nc4,41af9fe2e18e27420d8c729fcc9ba81354e53730d02e733cb35b392de6f3c896
basf-wheat-diseases,era5loc_c273764268e2,52.7,0.9,data/basf-wheat-diseases.txt; coordinates rounded to 0.1 degrees,74,361,52.75,0.75,11.561391351051197,115.0,262.0,147.0,3.0,True,False,spring_wheat,irrigated,GGCMI Phase 3 v1.01,10.5281/zenodo.5062513,0.5,containing_native_cell_no_interpolation,scenario_planting_calendar_not_observed_trial_sowing,provider_maturity_not_observed_harvest,,False,swh_ir_ggcmi_crop_calendar_phase3_v1.01.nc4,41af9fe2e18e27420d8c729fcc9ba81354e53730d02e733cb35b392de6f3c896
basf-wheat-diseases,era5loc_6687f40ce729,51.7,-1.9,data/basf-wheat-diseases.txt; coordinates rounded to 0.1 degrees,76,356,51.75,-1.75,11.763300118128956,121.0,266.0,145.0,1.0,True,False,spring_wheat,irrigated,GGCMI Phase 3 v1.01,10.5281/zenodo.5062513,0.5,containing_native_cell_no_interpolation,scenario_planting_calendar_not_observed_trial_sowing,provider_maturity_not_observed_harvest,,False,swh_ir_ggcmi_crop_calendar_phase3_v1.01.nc4,41af9fe2e18e27420d8c729fcc9ba81354e53730d02e733cb35b392de6f3c896
basf-wheat-diseases,era5loc_ff52f903fe18,51.9,0.2,data/basf-wheat-diseases.txt; coordinates rounded to 0.1 degrees,76,360,51.75,0.25,17.041905399521095,117.0,236.0,119.0,3.0,True,False,spring_wheat,irrigated,GGCMI Phase 3 v1.01,10.5281/zenodo.5062513,0.5,containing_native_cell_no_interpolation,scenario_planting_calendar_not_observed_trial_sowing,provider_maturity_not_observed_harvest,,False,swh_ir_ggcmi_crop_calendar_phase3_v1.01.nc4,41af9fe2e18e27420d8c729fcc9ba81354e53730d02e733cb35b392de6f3c896
basf-wheat-diseases,era5loc_5ab5ca0b5fe3,52.1,1.0,data/basf-wheat-diseases.txt; coordinates rounded to 0.1 degrees,75,362,52.25,1.25,23.897059439456672,117.0,236.0,119.0,3.0,True,False,spring_wheat,irrigated,GGCMI Phase 3 v1.01,10.5281/zenodo.5062513,0.5,containing_native_cell_no_interpolation,scenario_planting_calendar_not_observed_trial_sowing,provider_maturity_not_observed_harvest,,False,swh_ir_ggcmi_crop_calendar_phase3_v1.01.nc4,41af9fe2e18e27420d8c729fcc9ba81354e53730d02e733cb35b392de6f3c896
basf-wheat-diseases,era5loc_dafc4d129690,49.4,8.3,data/basf-wheat-diseases.txt; coordinates rounded to 0.1 degrees,81,376,49.25,8.25,17.073775653278748,110.0,242.0,132.0,3.0,True,False,spring_wheat,irrigated,GGCMI Phase 3 v1.01,10.5281/zenodo.5062513,0.5,containing_native_cell_no_interpolation,scenario_planting_calendar_not_observed_trial_sowing,provider_maturity_not_observed_harvest,,False,swh_ir_ggcmi_crop_calendar_phase3_v1.01.nc4,41af9fe2e18e27420d8c729fcc9ba81354e53730d02e733cb35b392de6f3c896
basf-wheat-diseases,era5loc_575ac3f08111,49.2,8.2,data/basf-wheat-diseases.txt; coordinates rounded to 0.1 degrees,81,376,49.25,8.25,6.6472693451916935,110.0,242.0,132.0,3.0,True,False,spring_wheat,irrigated,GGCMI Phase 3 v1.01,10.5281/zenodo.5062513,0.5,containing_native_cell_no_interpolation,scenario_planting_calendar_not_observed_trial_sowing,provider_maturity_not_observed_harvest,,False,swh_ir_ggcmi_crop_calendar_phase3_v1.01.nc4,41af9fe2e18e27420d8c729fcc9ba81354e53730d02e733cb35b392de6f3c896
basf-wheat-diseases,era5loc_2daae74efc65,51.1,17.6,data/basf-wheat-diseases.txt; coordinates rounded to 0.1 degrees,77,395,51.25,17.75,19.71091934385644,116.0,253.0,137.0,3.0,True,False,spring_wheat,irrigated,GGCMI Phase 3 v1.01,10.5281/zenodo.5062513,0.5,containing_native_cell_no_interpolation,scenario_planting_calendar_not_observed_trial_sowing,provider_maturity_not_observed_harvest,,False,swh_ir_ggcmi_crop_calendar_phase3_v1.01.nc4,41af9fe2e18e27420d8c729fcc9ba81354e53730d02e733cb35b392de6f3c896
basf-wheat-diseases,era5loc_cd0793ddaa5d,50.3,18.5,data/basf-wheat-diseases.txt; coordinates rounded to 0.1 degrees,79,397,50.25,18.75,18.669167398557082,138.0,244.0,106.0,2.0,True,False,spring_wheat,irrigated,GGCMI Phase 3 v1.01,10.5281/zenodo.5062513,0.5,containing_native_cell_no_interpolation,scenario_planting_calendar_not_observed_trial_sowing,provider_maturity_not_observed_harvest,,False,swh_ir_ggcmi_crop_calendar_phase3_v1.01.nc4,41af9fe2e18e27420d8c729fcc9ba81354e53730d02e733cb35b392de6f3c896
basf-wheat-diseases,era5loc_1fa43db2787c,53.7,20.2,data/basf-wheat-diseases.txt; coordinates rounded to 0.1 degrees,72,400,53.75,20.25,6.470048404070628,117.0,242.0,125.0,3.0,True,False,spring_wheat,irrigated,GGCMI Phase 3 v1.01,10.5281/zenodo.5062513,0.5,containing_native_cell_no_interpolation,scenario_planting_calendar_not_observed_trial_sowing,provider_maturity_not_observed_harvest,,False,swh_ir_ggcmi_crop_calendar_phase3_v1.01.nc4,41af9fe2e18e27420d8c729fcc9ba81354e53730d02e733cb35b392de6f3c896
basf-wheat-diseases,era5loc_b103a5cbfed5,51.7,-2.0,data/basf-wheat-diseases.txt; coordinates rounded to 0.1 degrees,76,356,51.75,-1.75,18.148182239319457,121.0,266.0,145.0,1.0,True,False,spring_wheat,irrigated,GGCMI Phase 3 v1.01,10.5281/zenodo.5062513,0.5,containing_native_cell_no_interpolation,scenario_planting_calendar_not_observed_trial_sowing,provider_maturity_not_observed_harvest,,False,swh_ir_ggcmi_crop_calendar_phase3_v1.01.nc4,41af9fe2e18e27420d8c729fcc9ba81354e53730d02e733cb35b392de6f3c896
basf-wheat-diseases,era5loc_300f965a2c3d,52.2,0.1,data/basf-wheat-diseases.txt; coordinates rounded to 0.1 degrees,75,360,52.25,0.25,11.662561380738442,94.0,224.0,130.0,3.0,True,False,spring_wheat,irrigated,GGCMI Phase 3 v1.01,10.5281/zenodo.5062513,0.5,containing_native_cell_no_interpolation,scenario_planting_calendar_not_observed_trial_sowing,provider_maturity_not_observed_harvest,,False,swh_ir_ggcmi_crop_calendar_phase3_v1.01.nc4,41af9fe2e18e27420d8c729fcc9ba81354e53730d02e733cb35b392de6f3c896
basf-wheat-diseases,era5loc_fd369bfefe0b,43.3,25.0,data/basf-wheat-diseases.txt; coordinates rounded to 0.1 degrees,93,410,43.25,25.25,21.040599782372638,91.0,205.0,114.0,1.0,True,False,spring_wheat,irrigated,GGCMI Phase 3 v1.01,10.5281/zenodo.5062513,0.5,containing_native_cell_no_interpolation,scenario_planting_calendar_not_observed_trial_sowing,provider_maturity_not_observed_harvest,,False,swh_ir_ggcmi_crop_calendar_phase3_v1.01.nc4,41af9fe2e18e27420d8c729fcc9ba81354e53730d02e733cb35b392de6f3c896
basf-wheat-diseases,era5loc_cb5f84b33b84,49.5,17.4,data/basf-wheat-diseases.txt; coordinates rounded to 0.1 degrees,81,394,49.25,17.25,29.861942852497382,116.0,248.0,132.0,3.0,True,False,spring_wheat,irrigated,GGCMI Phase 3 v1.01,10.5281/zenodo.5062513,0.5,containing_native_cell_no_interpolation,scenario_planting_calendar_not_observed_trial_sowing,provider_maturity_not_observed_harvest,,False,swh_ir_ggcmi_crop_calendar_phase3_v1.01.nc4,41af9fe2e18e27420d8c729fcc9ba81354e53730d02e733cb35b392de6f3c896
basf-wheat-diseases,era5loc_db02c17f88dd,51.0,6.6,data/basf-wheat-diseases.txt; coordinates rounded to 0.1 degrees,78,373,50.75,6.75,29.74805079978069,121.0,266.0,145.0,1.0,True,False,spring_wheat,irrigated,GGCMI Phase 3 v1.01,10.5281/zenodo.5062513,0.5,containing_native_cell_no_interpolation,scenario_planting_calendar_not_observed_trial_sowing,provider_maturity_not_observed_harvest,,False,swh_ir_ggcmi_crop_calendar_phase3_v1.01.nc4,41af9fe2e18e27420d8c729fcc9ba81354e53730d02e733cb35b392de6f3c896
basf-wheat-diseases,era5loc_9133f3b467ce,51.6,8.2,data/basf-wheat-diseases.txt; coordinates rounded to 0.1 degrees,76,376,51.75,8.25,17.043803218668096,109.0,251.0,142.0,3.0,True,False,spring_wheat,irrigated,GGCMI Phase 3 v1.01,10.5281/zenodo.5062513,0.5,containing_native_cell_no_interpolation,scenario_planting_calendar_not_observed_trial_sowing,provider_maturity_not_observed_harvest,,False,swh_ir_ggcmi_crop_calendar_phase3_v1.01.nc4,41af9fe2e18e27420d8c729fcc9ba81354e53730d02e733cb35b392de6f3c896
basf-wheat-diseases,era5loc_760a53435625,49.6,10.9,data/basf-wheat-diseases.txt; coordinates rounded to 0.1 degrees,80,381,49.75,10.75,19.888519648149796,115.0,243.0,128.0,3.0,True,False,spring_wheat,irrigated,GGCMI Phase 3 v1.01,10.5281/zenodo.5062513,0.5,containing_native_cell_no_interpolation,scenario_planting_calendar_not_observed_trial_sowing,provider_maturity_not_observed_harvest,,False,swh_ir_ggcmi_crop_calendar_phase3_v1.01.nc4,41af9fe2e18e27420d8c729fcc9ba81354e53730d02e733cb35b392de6f3c896
basf-wheat-diseases,era5loc_9bab3d8b45e2,52.8,8.2,data/basf-wheat-diseases.txt; coordinates rounded to 0.1 degrees,74,376,52.75,8.25,6.507305635400798,121.0,266.0,145.0,1.0,True,False,spring_wheat,irrigated,GGCMI Phase 3 v1.01,10.5281/zenodo.5062513,0.5,containing_native_cell_no_interpolation,scenario_planting_calendar_not_observed_trial_sowing,provider_maturity_not_observed_harvest,,False,swh_ir_ggcmi_crop_calendar_phase3_v1.01.nc4,41af9fe2e18e27420d8c729fcc9ba81354e53730d02e733cb35b392de6f3c896
basf-wheat-diseases,era5loc_4377e8a5ddaf,55.6,11.7,data/basf-wheat-diseases.txt; coordinates rounded to 0.1 degrees,68,383,55.75,11.75,16.99407859677835,122.0,240.0,118.0,3.0,True,False,spring_wheat,irrigated,GGCMI Phase 3 v1.01,10.5281/zenodo.5062513,0.5,containing_native_cell_no_interpolation,scenario_planting_calendar_not_observed_trial_sowing,provider_maturity_not_observed_harvest,,False,swh_ir_ggcmi_crop_calendar_phase3_v1.01.nc4,41af9fe2e18e27420d8c729fcc9ba81354e53730d02e733cb35b392de6f3c896
basf-wheat-diseases,era5loc_4c053f3e1d9b,55.7,11.7,data/basf-wheat-diseases.txt; coordinates rounded to 0.1 degrees,68,383,55.75,11.75,6.39220876116508,122.0,240.0,118.0,3.0,True,False,spring_wheat,irrigated,GGCMI Phase 3 v1.01,10.5281/zenodo.5062513,0.5,containing_native_cell_no_interpolation,scenario_planting_calendar_not_observed_trial_sowing,provider_maturity_not_observed_harvest,,False,swh_ir_ggcmi_crop_calendar_phase3_v1.01.nc4,41af9fe2e18e27420d8c729fcc9ba81354e53730d02e733cb35b392de6f3c896
basf-wheat-diseases,era5loc_2510b95b8598,50.5,2.5,data/basf-wheat-diseases.txt; coordinates rounded to 0.1 degrees,79,365,50.25,2.75,33.0093443780995,121.0,266.0,145.0,1.0,True,False,spring_wheat,irrigated,GGCMI Phase 3 v1.01,10.5281/zenodo.5062513,0.5,containing_native_cell_no_interpolation,scenario_planting_calendar_not_observed_trial_sowing,provider_maturity_not_observed_harvest,,False,swh_ir_ggcmi_crop_calendar_phase3_v1.01.nc4,41af9fe2e18e27420d8c729fcc9ba81354e53730d02e733cb35b392de6f3c896
basf-wheat-diseases,era5loc_4d66a38d70e0,50.4,2.6,data/basf-wheat-diseases.txt; coordinates rounded to 0.1 degrees,79,365,50.25,2.75,19.81154498827549,121.0,266.0,145.0,1.0,True,False,spring_wheat,irrigated,GGCMI Phase 3 v1.01,10.5281/zenodo.5062513,0.5,containing_native_cell_no_interpolation,scenario_planting_calendar_not_observed_trial_sowing,provider_maturity_not_observed_harvest,,False,swh_ir_ggcmi_crop_calendar_phase3_v1.01.nc4,41af9fe2e18e27420d8c729fcc9ba81354e53730d02e733cb35b392de6f3c896
basf-wheat-diseases,era5loc_9df6a8624376,48.0,-2.4,data/basf-wheat-diseases.txt; coordinates rounded to 0.1 degrees,84,355,47.75,-2.25,29.976281368856338,121.0,266.0,145.0,1.0,True,False,spring_wheat,irrigated,GGCMI Phase 3 v1.01,10.5281/zenodo.5062513,0.5,containing_native_cell_no_interpolation,scenario_planting_calendar_not_observed_trial_sowing,provider_maturity_not_observed_harvest,,False,swh_ir_ggcmi_crop_calendar_phase3_v1.01.nc4,41af9fe2e18e27420d8c729fcc9ba81354e53730d02e733cb35b392de6f3c896
basf-wheat-diseases,era5loc_9fdbe521e986,52.5,16.7,data/basf-wheat-diseases.txt; coordinates rounded to 0.1 degrees,75,393,52.25,16.75,28.026242231632995,116.0,259.0,143.0,3.0,True,False,spring_wheat,irrigated,GGCMI Phase 3 v1.01,10.5281/zenodo.5062513,0.5,containing_native_cell_no_interpolation,scenario_planting_calendar_not_observed_trial_sowing,provider_maturity_not_observed_harvest,,False,swh_ir_ggcmi_crop_calendar_phase3_v1.01.nc4,41af9fe2e18e27420d8c729fcc9ba81354e53730d02e733cb35b392de6f3c896
basf-wheat-diseases,era5loc_9d13b5d9fd0b,52.1,17.2,data/basf-wheat-diseases.txt; coordinates rounded to 0.1 degrees,75,394,52.25,17.25,17.037485608079855,116.0,237.0,121.0,3.0,True,False,spring_wheat,irrigated,GGCMI Phase 3 v1.01,10.5281/zenodo.5062513,0.5,containing_native_cell_no_interpolation,scenario_planting_calendar_not_observed_trial_sowing,provider_maturity_not_observed_harvest,,False,swh_ir_ggcmi_crop_calendar_phase3_v1.01.nc4,41af9fe2e18e27420d8c729fcc9ba81354e53730d02e733cb35b392de6f3c896
basf-wheat-diseases,era5loc_78c989c1d3e9,52.8,16.9,data/basf-wheat-diseases.txt; coordinates rounded to 0.1 degrees,74,393,52.75,16.75,11.55125139109957,116.0,256.0,140.0,3.0,True,False,spring_wheat,irrigated,GGCMI Phase 3 v1.01,10.5281/zenodo.5062513,0.5,containing_native_cell_no_interpolation,scenario_planting_calendar_not_observed_trial_sowing,provider_maturity_not_observed_harvest,,False,swh_ir_ggcmi_crop_calendar_phase3_v1.01.nc4,41af9fe2e18e27420d8c729fcc9ba81354e53730d02e733cb35b392de6f3c896
basf-wheat-diseases,era5loc_9d012f0ef4a2,53.2,17.7,data/basf-wheat-diseases.txt; coordinates rounded to 0.1 degrees,73,395,53.25,17.75,6.489639539384488,113.0,240.0,127.0,3.0,True,False,spring_wheat,irrigated,GGCMI Phase 3 v1.01,10.5281/zenodo.5062513,0.5,containing_native_cell_no_interpolation,scenario_planting_calendar_not_observed_trial_sowing,provider_maturity_not_observed_harvest,,False,swh_ir_ggcmi_crop_calendar_phase3_v1.01.nc4,41af9fe2e18e27420d8c729fcc9ba81354e53730d02e733cb35b392de6f3c896
basf-wheat-diseases,era5loc_c56b2d917d25,52.6,16.4,data/basf-wheat-diseases.txt; coordinates rounded to 0.1 degrees,74,392,52.75,16.25,19.53369686793718,116.0,261.0,145.0,3.0,True,False,spring_wheat,irrigated,GGCMI Phase 3 v1.01,10.5281/zenodo.5062513,0.5,containing_native_cell_no_interpolation,scenario_planting_calendar_not_observed_trial_sowing,provider_maturity_not_observed_harvest,,False,swh_ir_ggcmi_crop_calendar_phase3_v1.01.nc4,41af9fe2e18e27420d8c729fcc9ba81354e53730d02e733cb35b392de6f3c896
basf-wheat-diseases,era5loc_19510a54e230,52.5,16.6,data/basf-wheat-diseases.txt; coordinates rounded to 0.1 degrees,75,393,52.25,16.75,29.63492536231042,116.0,259.0,143.0,3.0,True,False,spring_wheat,irrigated,GGCMI Phase 3 v1.01,10.5281/zenodo.5062513,0.5,containing_native_cell_no_interpolation,scenario_planting_calendar_not_observed_trial_sowing,provider_maturity_not_observed_harvest,,False,swh_ir_ggcmi_crop_calendar_phase3_v1.01.nc4,41af9fe2e18e27420d8c729fcc9ba81354e53730d02e733cb35b392de6f3c896
basf-wheat-diseases,era5loc_9ed293651491,44.5,26.6,data/basf-wheat-diseases.txt; coordinates rounded to 0.1 degrees,91,413,44.25,26.75,30.24303122673472,120.0,248.0,128.0,3.0,True,False,spring_wheat,irrigated,GGCMI Phase 3 v1.01,10.5281/zenodo.5062513,0.5,containing_native_cell_no_interpolation,scenario_planting_calendar_not_observed_trial_sowing,provider_maturity_not_observed_harvest,,False,swh_ir_ggcmi_crop_calendar_phase3_v1.01.nc4,41af9fe2e18e27420d8c729fcc9ba81354e53730d02e733cb35b392de6f3c896
basf-wheat-diseases,era5loc_593fa6c9da77,44.2,26.4,data/basf-wheat-diseases.txt; coordinates rounded to 0.1 degrees,91,412,44.25,26.25,13.210461221575805,138.0,244.0,106.0,2.0,True,False,spring_wheat,irrigated,GGCMI Phase 3 v1.01,10.5281/zenodo.5062513,0.5,containing_native_cell_no_interpolation,scenario_planting_calendar_not_observed_trial_sowing,provider_maturity_not_observed_harvest,,False,swh_ir_ggcmi_crop_calendar_phase3_v1.01.nc4,41af9fe2e18e27420d8c729fcc9ba81354e53730d02e733cb35b392de6f3c896
basf-wheat-diseases,era5loc_4a011e9da15d,48.6,19.3,data/basf-wheat-diseases.txt; coordinates rounded to 0.1 degrees,82,398,48.75,19.25,17.08212940388014,121.0,255.0,134.0,3.0,True,False,spring_wheat,irrigated,GGCMI Phase 3 v1.01,10.5281/zenodo.5062513,0.5,containing_native_cell_no_interpolation,scenario_planting_calendar_not_observed_trial_sowing,provider_maturity_not_observed_harvest,,False,swh_ir_ggcmi_crop_calendar_phase3_v1.01.nc4,41af9fe2e18e27420d8c729fcc9ba81354e53730d02e733cb35b392de6f3c896
basf-wheat-diseases,era5loc_9361a9333e61,49.2,20.5,data/basf-wheat-diseases.txt; coordinates rounded to 0.1 degrees,81,401,49.25,20.75,19.040482103830964,138.0,244.0,106.0,2.0,True,False,spring_wheat,irrigated,GGCMI Phase 3 v1.01,10.5281/zenodo.5062513,0.5,containing_native_cell_no_interpolation,scenario_planting_calendar_not_observed_trial_sowing,provider_maturity_not_observed_harvest,,False,swh_ir_ggcmi_crop_calendar_phase3_v1.01.nc4,41af9fe2e18e27420d8c729fcc9ba81354e53730d02e733cb35b392de6f3c896
basf-wheat-diseases,era5loc_06e6805bbcce,48.8,21.4,data/basf-wheat-diseases.txt; coordinates rounded to 0.1 degrees,82,402,48.75,21.25,12.34786820732328,123.0,252.0,129.0,3.0,True,False,spring_wheat,irrigated,GGCMI Phase 3 v1.01,10.5281/zenodo.5062513,0.5,containing_native_cell_no_interpolation,scenario_planting_calendar_not_observed_trial_sowing,provider_maturity_not_observed_harvest,,False,swh_ir_ggcmi_crop_calendar_phase3_v1.01.nc4,41af9fe2e18e27420d8c729fcc9ba81354e53730d02e733cb35b392de6f3c896
basf-wheat-diseases,era5loc_6cb369f67eca,51.9,-8.3,data/basf-wheat-diseases.txt; coordinates rounded to 0.1 degrees,76,343,51.75,-8.25,17.041905399520445,121.0,257.0,136.0,3.0,True,False,spring_wheat,irrigated,GGCMI Phase 3 v1.01,10.5281/zenodo.5062513,0.5,containing_native_cell_no_interpolation,scenario_planting_calendar_not_observed_trial_sowing,provider_maturity_not_observed_harvest,,False,swh_ir_ggcmi_crop_calendar_phase3_v1.01.nc4,41af9fe2e18e27420d8c729fcc9ba81354e53730d02e733cb35b392de6f3c896
basf-wheat-diseases,era5loc_da90f16ecea0,52.2,1.0,data/basf-wheat-diseases.txt; coordinates rounded to 0.1 degrees,75,362,52.25,1.25,17.96640942382272,117.0,236.0,119.0,3.0,True,False,spring_wheat,irrigated,GGCMI Phase 3 v1.01,10.5281/zenodo.5062513,0.5,containing_native_cell_no_interpolation,scenario_planting_calendar_not_observed_trial_sowing,provider_maturity_not_observed_harvest,,False,swh_ir_ggcmi_crop_calendar_phase3_v1.01.nc4,41af9fe2e18e27420d8c729fcc9ba81354e53730d02e733cb35b392de6f3c896
basf-wheat-diseases,era5loc_4c9918325b45,52.2,0.9,data/basf-wheat-diseases.txt; coordinates rounded to 0.1 degrees,75,361,52.25,0.75,11.662561380738785,117.0,265.0,148.0,3.0,True,False,spring_wheat,irrigated,GGCMI Phase 3 v1.01,10.5281/zenodo.5062513,0.5,containing_native_cell_no_interpolation,scenario_planting_calendar_not_observed_trial_sowing,provider_maturity_not_observed_harvest,,False,swh_ir_ggcmi_crop_calendar_phase3_v1.01.nc4,41af9fe2e18e27420d8c729fcc9ba81354e53730d02e733cb35b392de6f3c896
basf-wheat-diseases,era5loc_c6e10fbf2c60,52.2,0.3,data/basf-wheat-diseases.txt; coordinates rounded to 0.1 degrees,75,360,52.25,0.25,6.528934390917154,94.0,224.0,130.0,3.0,True,False,spring_wheat,irrigated,GGCMI Phase 3 v1.01,10.5281/zenodo.5062513,0.5,containing_native_cell_no_interpolation,scenario_planting_calendar_not_observed_trial_sowing,provider_maturity_not_observed_harvest,,False,swh_ir_ggcmi_crop_calendar_phase3_v1.01.nc4,41af9fe2e18e27420d8c729fcc9ba81354e53730d02e733cb35b392de6f3c896
basf-wheat-diseases,era5loc_9eac90744974,51.5,-1.7,data/basf-wheat-diseases.txt; coordinates rounded to 0.1 degrees,77,356,51.25,-1.75,28.030907075930198,121.0,266.0,145.0,1.0,True,False,spring_wheat,irrigated,GGCMI Phase 3 v1.01,10.5281/zenodo.5062513,0.5,containing_native_cell_no_interpolation,scenario_planting_calendar_not_observed_trial_sowing,provider_maturity_not_observed_harvest,,False,swh_ir_ggcmi_crop_calendar_phase3_v1.01.nc4,41af9fe2e18e27420d8c729fcc9ba81354e53730d02e733cb35b392de6f3c896
basf-wheat-diseases,era5loc_3c84c4c5c802,52.0,-2.2,data/basf-wheat-diseases.txt; coordinates rounded to 0.1 degrees,76,355,51.75,-2.25,28.028569768516686,121.0,266.0,145.0,1.0,True,False,spring_wheat,irrigated,GGCMI Phase 3 v1.01,10.5281/zenodo.5062513,0.5,containing_native_cell_no_interpolation,scenario_planting_calendar_not_observed_trial_sowing,provider_maturity_not_observed_harvest,,False,swh_ir_ggcmi_crop_calendar_phase3_v1.01.nc4,41af9fe2e18e27420d8c729fcc9ba81354e53730d02e733cb35b392de6f3c896
basf-wheat-diseases,era5loc_5a873c55d610,52.2,0.8,data/basf-wheat-diseases.txt; coordinates rounded to 0.1 degrees,75,361,52.25,0.75,6.528934390916914,117.0,265.0,148.0,3.0,True,False,spring_wheat,irrigated,GGCMI Phase 3 v1.01,10.5281/zenodo.5062513,0.5,containing_native_cell_no_interpolation,scenario_planting_calendar_not_observed_trial_sowing,provider_maturity_not_observed_harvest,,False,swh_ir_ggcmi_crop_calendar_phase3_v1.01.nc4,41af9fe2e18e27420d8c729fcc9ba81354e53730d02e733cb35b392de6f3c896
basf-wheat-diseases,era5loc_518b93a72002,51.4,-2.0,data/basf-wheat-diseases.txt; coordinates rounded to 0.1 degrees,77,356,51.25,-1.75,24.12836362405698,121.0,266.0,145.0,1.0,True,False,spring_wheat,irrigated,GGCMI Phase 3 v1.01,10.5281/zenodo.5062513,0.5,containing_native_cell_no_interpolation,scenario_planting_calendar_not_observed_trial_sowing,provider_maturity_not_observed_harvest,,False,swh_ir_ggcmi_crop_calendar_phase3_v1.01.nc4,41af9fe2e18e27420d8c729fcc9ba81354e53730d02e733cb35b392de6f3c896
corteva-2014-2018-external,era5loc_34ddf36c3b3a,53.8,10.3,published rounded to 0.1 degree; https://doi.org/10.5281/zenodo.6352615,72,380,53.75,10.25,6.4680917164104486,111.0,254.0,143.0,3.0,True,False,spring_wheat,irrigated,GGCMI Phase 3 v1.01,10.5281/zenodo.5062513,0.5,containing_native_cell_no_interpolation,scenario_planting_calendar_not_observed_trial_sowing,provider_maturity_not_observed_harvest,,False,swh_ir_ggcmi_crop_calendar_phase3_v1.01.nc4,41af9fe2e18e27420d8c729fcc9ba81354e53730d02e733cb35b392de6f3c896
corteva-2014-2018-external,era5loc_10922b9e995a,52.2,-1.6,published rounded to 0.1 degree; https://doi.org/10.5281/zenodo.6352615,75,356,52.25,-1.75,11.662561380739428,121.0,266.0,145.0,1.0,True,False,spring_wheat,irrigated,GGCMI Phase 3 v1.01,10.5281/zenodo.5062513,0.5,containing_native_cell_no_interpolation,scenario_planting_calendar_not_observed_trial_sowing,provider_maturity_not_observed_harvest,,False,swh_ir_ggcmi_crop_calendar_phase3_v1.01.nc4,41af9fe2e18e27420d8c729fcc9ba81354e53730d02e733cb35b392de6f3c896
corteva-2014-2018-external,era5loc_9ec703701638,55.3,11.4,published rounded to 0.1 degree; https://doi.org/10.5281/zenodo.6352615,69,382,55.25,11.25,11.039470894110881,102.0,239.0,137.0,3.0,True,False,spring_wheat,irrigated,GGCMI Phase 3 v1.01,10.5281/zenodo.5062513,0.5,containing_native_cell_no_interpolation,scenario_planting_calendar_not_observed_trial_sowing,provider_maturity_not_observed_harvest,,False,swh_ir_ggcmi_crop_calendar_phase3_v1.01.nc4,41af9fe2e18e27420d8c729fcc9ba81354e53730d02e733cb35b392de6f3c896
corteva-2014-2018-external,era5loc_58196cd23b74,52.3,-1.6,published rounded to 0.1 degree; https://doi.org/10.5281/zenodo.6352615,75,356,52.25,-1.75,11.652463460576348,121.0,266.0,145.0,1.0,True,False,spring_wheat,irrigated,GGCMI Phase 3 v1.01,10.5281/zenodo.5062513,0.5,containing_native_cell_no_interpolation,scenario_planting_calendar_not_observed_trial_sowing,provider_maturity_not_observed_harvest,,False,swh_ir_ggcmi_crop_calendar_phase3_v1.01.nc4,41af9fe2e18e27420d8c729fcc9ba81354e53730d02e733cb35b392de6f3c896
corteva-2014-2018-external,era5loc_b19178602a22,54.0,12.2,published rounded to 0.1 degree; https://doi.org/10.5281/zenodo.6352615,72,384,53.75,12.25,28.01932534410121,121.0,266.0,145.0,1.0,True,False,spring_wheat,irrigated,GGCMI Phase 3 v1.01,10.5281/zenodo.5062513,0.5,containing_native_cell_no_interpolation,scenario_planting_calendar_not_observed_trial_sowing,provider_maturity_not_observed_harvest,,False,swh_ir_ggcmi_crop_calendar_phase3_v1.01.nc4,41af9fe2e18e27420d8c729fcc9ba81354e53730d02e733cb35b392de6f3c896
corteva-2014-2018-external,era5loc_44b51b0afbf4,47.5,0.8,published rounded to 0.1 degree; https://doi.org/10.5281/zenodo.6352615,85,361,47.25,0.75,28.049871064296283,100.0,239.0,139.0,3.0,True,False,spring_wheat,irrigated,GGCMI Phase 3 v1.01,10.5281/zenodo.5062513,0.5,containing_native_cell_no_interpolation,scenario_planting_calendar_not_observed_trial_sowing,provider_maturity_not_observed_harvest,,False,swh_ir_ggcmi_crop_calendar_phase3_v1.01.nc4,41af9fe2e18e27420d8c729fcc9ba81354e53730d02e733cb35b392de6f3c896
corteva-2014-2018-external,era5loc_552fc1bf2ed1,49.2,-0.5,published rounded to 0.1 degree; https://doi.org/10.5281/zenodo.6352615,81,359,49.25,-0.25,19.040482103830964,121.0,266.0,145.0,1.0,True,False,spring_wheat,irrigated,GGCMI Phase 3 v1.01,10.5281/zenodo.5062513,0.5,containing_native_cell_no_interpolation,scenario_planting_calendar_not_observed_trial_sowing,provider_maturity_not_observed_harvest,,False,swh_ir_ggcmi_crop_calendar_phase3_v1.01.nc4,41af9fe2e18e27420d8c729fcc9ba81354e53730d02e733cb35b392de6f3c896
corteva-2014-2018-external,era5loc_a3c14cb7ff62,48.1,10.9,published rounded to 0.1 degree; https://doi.org/10.5281/zenodo.6352615,83,381,48.25,10.75,20.066005670980925,91.0,266.0,175.0,1.0,True,False,spring_wheat,irrigated,GGCMI Phase 3 v1.01,10.5281/zenodo.5062513,0.5,containing_native_cell_no_interpolation,scenario_planting_calendar_not_observed_trial_sowing,provider_maturity_not_observed_harvest,,False,swh_ir_ggcmi_crop_calendar_phase3_v1.01.nc4,41af9fe2e18e27420d8c729fcc9ba81354e53730d02e733cb35b392de6f3c896
corteva-2014-2018-external,era5loc_ac3e32c77013,50.2,2.4,published rounded to 0.1 degree; https://doi.org/10.5281/zenodo.6352615,79,364,50.25,2.25,12.062736465408216,121.0,266.0,145.0,1.0,True,False,spring_wheat,irrigated,GGCMI Phase 3 v1.01,10.5281/zenodo.5062513,0.5,containing_native_cell_no_interpolation,scenario_planting_calendar_not_observed_trial_sowing,provider_maturity_not_observed_harvest,,False,swh_ir_ggcmi_crop_calendar_phase3_v1.01.nc4,41af9fe2e18e27420d8c729fcc9ba81354e53730d02e733cb35b392de6f3c896
corteva-2014-2018-external,era5loc_6d5acc6b6792,47.6,1.0,published rounded to 0.1 degree; https://doi.org/10.5281/zenodo.6352615,84,362,47.75,1.25,25.111244014422773,103.0,255.0,152.0,3.0,True,False,spring_wheat,irrigated,GGCMI Phase 3 v1.01,10.5281/zenodo.5062513,0.5,containing_native_cell_no_interpolation,scenario_planting_calendar_not_observed_trial_sowing,provider_maturity_not_observed_harvest,,False,swh_ir_ggcmi_crop_calendar_phase3_v1.01.nc4,41af9fe2e18e27420d8c729fcc9ba81354e53730d02e733cb35b392de6f3c896
corteva-2014-2018-external,era5loc_2bec8c4d1d1c,48.2,11.3,published rounded to 0.1 degree; https://doi.org/10.5281/zenodo.6352615,83,382,48.25,11.25,6.686701592485563,91.0,266.0,175.0,1.0,True,False,spring_wheat,irrigated,GGCMI Phase 3 v1.01,10.5281/zenodo.5062513,0.5,containing_native_cell_no_interpolation,scenario_planting_calendar_not_observed_trial_sowing,provider_maturity_not_observed_harvest,,False,swh_ir_ggcmi_crop_calendar_phase3_v1.01.nc4,41af9fe2e18e27420d8c729fcc9ba81354e53730d02e733cb35b392de6f3c896
corteva-2014-2018-external,era5loc_8c3d66928dac,52.2,-2.8,published rounded to 0.1 degree; https://doi.org/10.5281/zenodo.6352615,75,354,52.25,-2.75,6.528934390917858,129.0,255.0,126.0,3.0,True,False,spring_wheat,irrigated,GGCMI Phase 3 v1.01,10.5281/zenodo.5062513,0.5,containing_native_cell_no_interpolation,scenario_planting_calendar_not_observed_trial_sowing,provider_maturity_not_observed_harvest,,False,swh_ir_ggcmi_crop_calendar_phase3_v1.01.nc4,41af9fe2e18e27420d8c729fcc9ba81354e53730d02e733cb35b392de6f3c896
corteva-2014-2018-external,era5loc_5bc9f026f451,50.3,18.6,published rounded to 0.1 degree; https://doi.org/10.5281/zenodo.6352615,79,397,50.25,18.75,12.052825944411468,138.0,244.0,106.0,2.0,True,False,spring_wheat,irrigated,GGCMI Phase 3 v1.01,10.5281/zenodo.5062513,0.5,containing_native_cell_no_interpolation,scenario_planting_calendar_not_observed_trial_sowing,provider_maturity_not_observed_harvest,,False,swh_ir_ggcmi_crop_calendar_phase3_v1.01.nc4,41af9fe2e18e27420d8c729fcc9ba81354e53730d02e733cb35b392de6f3c896
corteva-2014-2018-external,era5loc_16ba87a73e20,48.9,9.3,published rounded to 0.1 degree; https://doi.org/10.5281/zenodo.6352615,82,378,48.75,9.25,17.080199735408414,121.0,266.0,145.0,1.0,True,False,spring_wheat,irrigated,GGCMI Phase 3 v1.01,10.5281/zenodo.5062513,0.5,containing_native_cell_no_interpolation,scenario_planting_calendar_not_observed_trial_sowing,provider_maturity_not_observed_harvest,,False,swh_ir_ggcmi_crop_calendar_phase3_v1.01.nc4,41af9fe2e18e27420d8c729fcc9ba81354e53730d02e733cb35b392de6f3c896
corteva-2014-2018-external,era5loc_ac9ad304413f,54.2,10.4,published rounded to 0.1 degree; https://doi.org/10.5281/zenodo.6352615,71,380,54.25,10.25,11.255495818980254,110.0,245.0,135.0,3.0,True,False,spring_wheat,irrigated,GGCMI Phase 3 v1.01,10.5281/zenodo.5062513,0.5,containing_native_cell_no_interpolation,scenario_planting_calendar_not_observed_trial_sowing,provider_maturity_not_observed_harvest,,False,swh_ir_ggcmi_crop_calendar_phase3_v1.01.nc4,41af9fe2e18e27420d8c729fcc9ba81354e53730d02e733cb35b392de6f3c896
corteva-2014-2018-external,era5loc_e9355841f968,54.2,10.3,published rounded to 0.1 degree; https://doi.org/10.5281/zenodo.6352615,71,380,54.25,10.25,6.450503299962337,110.0,245.0,135.0,3.0,True,False,spring_wheat,irrigated,GGCMI Phase 3 v1.01,10.5281/zenodo.5062513,0.5,containing_native_cell_no_interpolation,scenario_planting_calendar_not_observed_trial_sowing,provider_maturity_not_observed_harvest,,False,swh_ir_ggcmi_crop_calendar_phase3_v1.01.nc4,41af9fe2e18e27420d8c729fcc9ba81354e53730d02e733cb35b392de6f3c896
corteva-2014-2018-external,era5loc_4a01bdc540c8,47.7,1.0,published rounded to 0.1 degree; https://doi.org/10.5281/zenodo.6352615,84,362,47.75,1.25,19.561825611736527,103.0,255.0,152.0,3.0,True,False,spring_wheat,irrigated,GGCMI Phase 3 v1.01,10.5281/zenodo.5062513,0.5,containing_native_cell_no_interpolation,scenario_planting_calendar_not_observed_trial_sowing,provider_maturity_not_observed_harvest,,False,swh_ir_ggcmi_crop_calendar_phase3_v1.01.nc4,41af9fe2e18e27420d8c729fcc9ba81354e53730d02e733cb35b392de6f3c896
corteva-2014-2018-external,era5loc_271e389189e2,48.3,11.5,published rounded to 0.1 degree; https://doi.org/10.5281/zenodo.6352615,83,383,48.25,11.75,19.37193890505296,91.0,266.0,175.0,1.0,True,False,spring_wheat,irrigated,GGCMI Phase 3 v1.01,10.5281/zenodo.5062513,0.5,containing_native_cell_no_interpolation,scenario_planting_calendar_not_observed_trial_sowing,provider_maturity_not_observed_harvest,,False,swh_ir_ggcmi_crop_calendar_phase3_v1.01.nc4,41af9fe2e18e27420d8c729fcc9ba81354e53730d02e733cb35b392de6f3c896
corteva-2014-2018-external,era5loc_a897dfaa7acf,52.2,-2.7,published rounded to 0.1 degree; https://doi.org/10.5281/zenodo.6352615,75,354,52.25,-2.75,6.528934390917858,129.0,255.0,126.0,3.0,True,False,spring_wheat,irrigated,GGCMI Phase 3 v1.01,10.5281/zenodo.5062513,0.5,containing_native_cell_no_interpolation,scenario_planting_calendar_not_observed_trial_sowing,provider_maturity_not_observed_harvest,,False,swh_ir_ggcmi_crop_calendar_phase3_v1.01.nc4,41af9fe2e18e27420d8c729fcc9ba81354e53730d02e733cb35b392de6f3c896
corteva-2014-2018-external,era5loc_bb6ce598bc3b,52.4,-7.6,published rounded to 0.1 degree; https://doi.org/10.5281/zenodo.6352615,75,344,52.25,-7.75,19.574988582847723,121.0,266.0,145.0,1.0,True,False,spring_wheat,irrigated,GGCMI Phase 3 v1.01,10.5281/zenodo.5062513,0.5,containing_native_cell_no_interpolation,scenario_planting_calendar_not_observed_trial_sowing,provider_maturity_not_observed_harvest,,False,swh_ir_ggcmi_crop_calendar_phase3_v1.01.nc4,41af9fe2e18e27420d8c729fcc9ba81354e53730d02e733cb35b392de6f3c896
corteva-2014-2018-external,era5loc_564939414644,53.8,10.6,published rounded to 0.1 degree; https://doi.org/10.5281/zenodo.6352615,72,381,53.75,10.75,11.34761989094493,110.0,260.0,150.0,3.0,True,False,spring_wheat,irrigated,GGCMI Phase 3 v1.01,10.5281/zenodo.5062513,0.5,containing_native_cell_no_interpolation,scenario_planting_calendar_not_observed_trial_sowing,provider_maturity_not_observed_harvest,,False,swh_ir_ggcmi_crop_calendar_phase3_v1.01.nc4,41af9fe2e18e27420d8c729fcc9ba81354e53730d02e733cb35b392de6f3c896
corteva-2014-2018-external,era5loc_675a14abc4ed,50.2,2.5,published rounded to 0.1 degree; https://doi.org/10.5281/zenodo.6352615,79,365,50.25,2.75,18.686964584075636,121.0,266.0,145.0,1.0,True,False,spring_wheat,irrigated,GGCMI Phase 3 v1.01,10.5281/zenodo.5062513,0.5,containing_native_cell_no_interpolation,scenario_planting_calendar_not_observed_trial_sowing,provider_maturity_not_observed_harvest,,False,swh_ir_ggcmi_crop_calendar_phase3_v1.01.nc4,41af9fe2e18e27420d8c729fcc9ba81354e53730d02e733cb35b392de6f3c896
corteva-2014-2018-external,era5loc_147e0282030a,58.3,14.8,published rounded to 0.1 degree; https://doi.org/10.5281/zenodo.6352615,63,389,58.25,14.75,6.294692403886569,138.0,236.0,98.0,2.0,True,False,spring_wheat,irrigated,GGCMI Phase 3 v1.01,10.5281/zenodo.5062513,0.5,containing_native_cell_no_interpolation,scenario_planting_calendar_not_observed_trial_sowing,provider_maturity_not_observed_harvest,,False,swh_ir_ggcmi_crop_calendar_phase3_v1.01.nc4,41af9fe2e18e27420d8c729fcc9ba81354e53730d02e733cb35b392de6f3c896
corteva-2014-2018-external,era5loc_efa0b1c20b7e,58.5,15.1,published rounded to 0.1 degree; https://doi.org/10.5281/zenodo.6352615,63,390,58.25,15.25,29.19653703686451,119.0,243.0,124.0,3.0,True,False,spring_wheat,irrigated,GGCMI Phase 3 v1.01,10.5281/zenodo.5062513,0.5,containing_native_cell_no_interpolation,scenario_planting_calendar_not_observed_trial_sowing,provider_maturity_not_observed_harvest,,False,swh_ir_ggcmi_crop_calendar_phase3_v1.01.nc4,41af9fe2e18e27420d8c729fcc9ba81354e53730d02e733cb35b392de6f3c896
corteva-2014-2018-external,era5loc_1413d3db59ca,52.3,16.4,published rounded to 0.1 degree; https://doi.org/10.5281/zenodo.6352615,75,392,52.25,16.25,11.652463460576246,116.0,257.0,141.0,3.0,True,False,spring_wheat,irrigated,GGCMI Phase 3 v1.01,10.5281/zenodo.5062513,0.5,containing_native_cell_no_interpolation,scenario_planting_calendar_not_observed_trial_sowing,provider_maturity_not_observed_harvest,,False,swh_ir_ggcmi_crop_calendar_phase3_v1.01.nc4,41af9fe2e18e27420d8c729fcc9ba81354e53730d02e733cb35b392de6f3c896
corteva-2014-2018-external,era5loc_2fb425fa23bb,52.2,-2.6,published rounded to 0.1 degree; https://doi.org/10.5281/zenodo.6352615,75,354,52.25,-2.75,11.662561380739428,129.0,255.0,126.0,3.0,True,False,spring_wheat,irrigated,GGCMI Phase 3 v1.01,10.5281/zenodo.5062513,0.5,containing_native_cell_no_interpolation,scenario_planting_calendar_not_observed_trial_sowing,provider_maturity_not_observed_harvest,,False,swh_ir_ggcmi_crop_calendar_phase3_v1.01.nc4,41af9fe2e18e27420d8c729fcc9ba81354e53730d02e733cb35b392de6f3c896
corteva-2014-2018-external,era5loc_86c70f7f7a55,53.7,7.9,published rounded to 0.1 degree; https://doi.org/10.5281/zenodo.6352615,72,375,53.75,7.75,11.3578378007327,121.0,266.0,145.0,1.0,True,False,spring_wheat,irrigated,GGCMI Phase 3 v1.01,10.5281/zenodo.5062513,0.5,containing_native_cell_no_interpolation,scenario_planting_calendar_not_observed_trial_sowing,provider_maturity_not_observed_harvest,,False,swh_ir_ggcmi_crop_calendar_phase3_v1.01.nc4,41af9fe2e18e27420d8c729fcc9ba81354e53730d02e733cb35b392de6f3c896
corteva-2014-2018-external,era5loc_75bcfbe45580,50.2,3.0,published rounded to 0.1 degree; https://doi.org/10.5281/zenodo.6352615,79,366,50.25,3.25,18.686964584075636,117.0,258.0,141.0,3.0,True,False,spring_wheat,irrigated,GGCMI Phase 3 v1.01,10.5281/zenodo.5062513,0.5,containing_native_cell_no_interpolation,scenario_planting_calendar_not_observed_trial_sowing,provider_maturity_not_observed_harvest,,False,swh_ir_ggcmi_crop_calendar_phase3_v1.01.nc4,41af9fe2e18e27420d8c729fcc9ba81354e53730d02e733cb35b392de6f3c896
corteva-2014-2018-external,era5loc_3a61f47c1c68,58.5,15.2,published rounded to 0.1 degree; https://doi.org/10.5281/zenodo.6352615,63,390,58.25,15.25,27.999329416912637,119.0,243.0,124.0,3.0,True,False,spring_wheat,irrigated,GGCMI Phase 3 v1.01,10.5281/zenodo.5062513,0.5,containing_native_cell_no_interpolation,scenario_planting_calendar_not_observed_trial_sowing,provider_maturity_not_observed_harvest,,False,swh_ir_ggcmi_crop_calendar_phase3_v1.01.nc4,41af9fe2e18e27420d8c729fcc9ba81354e53730d02e733cb35b392de6f3c896
corteva-2014-2018-external,era5loc_d0526892c13b,58.5,15.6,published rounded to 0.1 degree; https://doi.org/10.5281/zenodo.6352615,63,391,58.25,15.75,29.19653703686451,138.0,244.0,106.0,2.0,True,False,spring_wheat,irrigated,GGCMI Phase 3 v1.01,10.5281/zenodo.5062513,0.5,containing_native_cell_no_interpolation,scenario_planting_calendar_not_observed_trial_sowing,provider_maturity_not_observed_harvest,,False,swh_ir_ggcmi_crop_calendar_phase3_v1.01.nc4,41af9fe2e18e27420d8c729fcc9ba81354e53730d02e733cb35b392de6f3c896
corteva-2014-2018-external,era5loc_172a8482b77b,48.2,11.4,published rounded to 0.1 degree; https://doi.org/10.5281/zenodo.6352615,83,382,48.25,11.25,12.454820472265347,91.0,266.0,175.0,1.0,True,False,spring_wheat,irrigated,GGCMI Phase 3 v1.01,10.5281/zenodo.5062513,0.5,containing_native_cell_no_interpolation,scenario_planting_calendar_not_observed_trial_sowing,provider_maturity_not_observed_harvest,,False,swh_ir_ggcmi_crop_calendar_phase3_v1.01.nc4,41af9fe2e18e27420d8c729fcc9ba81354e53730d02e733cb35b392de6f3c896
corteva-2014-2018-external,era5loc_b78a3047c055,52.4,-1.4,published rounded to 0.1 degree; https://doi.org/10.5281/zenodo.6352615,75,357,52.25,-1.25,19.57498858284843,121.0,266.0,145.0,1.0,True,False,spring_wheat,irrigated,GGCMI Phase 3 v1.01,10.5281/zenodo.5062513,0.5,containing_native_cell_no_interpolation,scenario_planting_calendar_not_observed_trial_sowing,provider_maturity_not_observed_harvest,,False,swh_ir_ggcmi_crop_calendar_phase3_v1.01.nc4,41af9fe2e18e27420d8c729fcc9ba81354e53730d02e733cb35b392de6f3c896
corteva-2014-2018-external,era5loc_444826b8a178,52.1,-2.6,published rounded to 0.1 degree; https://doi.org/10.5281/zenodo.6352615,75,354,52.25,-2.75,19.592698124848624,129.0,255.0,126.0,3.0,True,False,spring_wheat,irrigated,GGCMI Phase 3 v1.01,10.5281/zenodo.5062513,0.5,containing_native_cell_no_interpolation,scenario_planting_calendar_not_observed_trial_sowing,provider_maturity_not_observed_harvest,,False,swh_ir_ggcmi_crop_calendar_phase3_v1.01.nc4,41af9fe2e18e27420d8c729fcc9ba81354e53730d02e733cb35b392de6f3c896
corteva-2014-2018-external,era5loc_06b87a47fb78,52.9,-6.9,published rounded to 0.1 degree; https://doi.org/10.5281/zenodo.6352615,74,346,52.75,-6.75,19.516014739065678,121.0,266.0,145.0,1.0,True,False,spring_wheat,irrigated,GGCMI Phase 3 v1.01,10.5281/zenodo.5062513,0.5,containing_native_cell_no_interpolation,scenario_planting_calendar_not_observed_trial_sowing,provider_maturity_not_observed_harvest,,False,swh_ir_ggcmi_crop_calendar_phase3_v1.01.nc4,41af9fe2e18e27420d8c729fcc9ba81354e53730d02e733cb35b392de6f3c896
corteva-2014-2018-external,era5loc_d0e22e1571cb,52.9,-6.7,published rounded to 0.1 degree; https://doi.org/10.5281/zenodo.6352615,74,346,52.75,-6.75,17.02931077182576,121.0,266.0,145.0,1.0,True,False,spring_wheat,irrigated,GGCMI Phase 3 v1.01,10.5281/zenodo.5062513,0.5,containing_native_cell_no_interpolation,scenario_planting_calendar_not_observed_trial_sowing,provider_maturity_not_observed_harvest,,False,swh_ir_ggcmi_crop_calendar_phase3_v1.01.nc4,41af9fe2e18e27420d8c729fcc9ba81354e53730d02e733cb35b392de6f3c896
corteva-2014-2018-external,era5loc_08a1d4574c90,52.5,16.8,published rounded to 0.1 degree; https://doi.org/10.5281/zenodo.6352615,75,393,52.25,16.75,28.026242231632995,116.0,259.0,143.0,3.0,True,False,spring_wheat,irrigated,GGCMI Phase 3 v1.01,10.5281/zenodo.5062513,0.5,containing_native_cell_no_interpolation,scenario_planting_calendar_not_observed_trial_sowing,provider_maturity_not_observed_harvest,,False,swh_ir_ggcmi_crop_calendar_phase3_v1.01.nc4,41af9fe2e18e27420d8c729fcc9ba81354e53730d02e733cb35b392de6f3c896
corteva-2014-2018-external,era5loc_00eea7e0108c,50.4,8.2,published rounded to 0.1 degree; https://doi.org/10.5281/zenodo.6352615,79,376,50.25,8.25,17.06097160477929,113.0,265.0,152.0,3.0,True,False,spring_wheat,irrigated,GGCMI Phase 3 v1.01,10.5281/zenodo.5062513,0.5,containing_native_cell_no_interpolation,scenario_planting_calendar_not_observed_trial_sowing,provider_maturity_not_observed_harvest,,False,swh_ir_ggcmi_crop_calendar_phase3_v1.01.nc4,41af9fe2e18e27420d8c729fcc9ba81354e53730d02e733cb35b392de6f3c896
corteva-2014-2018-external,era5loc_7d2651d26912,53.0,17.2,published rounded to 0.1 degree; https://doi.org/10.5281/zenodo.6352615,74,394,52.75,17.25,28.023925176810668,116.0,257.0,141.0,3.0,True,False,spring_wheat,irrigated,GGCMI Phase 3 v1.01,10.5281/zenodo.5062513,0.5,containing_native_cell_no_interpolation,scenario_planting_calendar_not_observed_trial_sowing,provider_maturity_not_observed_harvest,,False,swh_ir_ggcmi_crop_calendar_phase3_v1.01.nc4,41af9fe2e18e27420d8c729fcc9ba81354e53730d02e733cb35b392de6f3c896
corteva-2014-2018-external,era5loc_a0cd83c309f8,55.9,-2.8,published rounded to 0.1 degree; https://doi.org/10.5281/zenodo.6352615,68,354,55.75,-2.75,16.992256078886548,129.0,266.0,137.0,3.0,True,False,spring_wheat,irrigated,GGCMI Phase 3 v1.01,10.5281/zenodo.5062513,0.5,containing_native_cell_no_interpolation,scenario_planting_calendar_not_observed_trial_sowing,provider_maturity_not_observed_harvest,,False,swh_ir_ggcmi_crop_calendar_phase3_v1.01.nc4,41af9fe2e18e27420d8c729fcc9ba81354e53730d02e733cb35b392de6f3c896
corteva-2014-2018-external,era5loc_0da14fe6a2dd,49.9,2.1,published rounded to 0.1 degree; https://doi.org/10.5281/zenodo.6352615,80,364,49.75,2.25,19.87075674610534,110.0,259.0,149.0,3.0,True,False,spring_wheat,irrigated,GGCMI Phase 3 v1.01,10.5281/zenodo.5062513,0.5,containing_native_cell_no_interpolation,scenario_planting_calendar_not_observed_trial_sowing,provider_maturity_not_observed_harvest,,False,swh_ir_ggcmi_crop_calendar_phase3_v1.01.nc4,41af9fe2e18e27420d8c729fcc9ba81354e53730d02e733cb35b392de6f3c896
corteva-2014-2018-external,era5loc_c6c2c622a0ea,52.7,-1.6,published rounded to 0.1 degree; https://doi.org/10.5281/zenodo.6352615,74,356,52.75,-1.75,11.561391351051391,121.0,266.0,145.0,1.0,True,False,spring_wheat,irrigated,GGCMI Phase 3 v1.01,10.5281/zenodo.5062513,0.5,containing_native_cell_no_interpolation,scenario_planting_calendar_not_observed_trial_sowing,provider_maturity_not_observed_harvest,,False,swh_ir_ggcmi_crop_calendar_phase3_v1.01.nc4,41af9fe2e18e27420d8c729fcc9ba81354e53730d02e733cb35b392de6f3c896
corteva-2014-2018-external,era5loc_ee73759db932,53.4,-7.6,published rounded to 0.1 degree; https://doi.org/10.5281/zenodo.6352615,73,344,53.25,-7.75,19.45714458566769,129.0,255.0,126.0,3.0,True,False,spring_wheat,irrigated,GGCMI Phase 3 v1.01,10.5281/zenodo.5062513,0.5,containing_native_cell_no_interpolation,scenario_planting_calendar_not_observed_trial_sowing,provider_maturity_not_observed_harvest,,False,swh_ir_ggcmi_crop_calendar_phase3_v1.01.nc4,41af9fe2e18e27420d8c729fcc9ba81354e53730d02e733cb35b392de6f3c896
corteva-2014-2018-external,era5loc_badf6a0c8408,53.0,-6.9,published rounded to 0.1 degree; https://doi.org/10.5281/zenodo.6352615,74,346,52.75,-6.75,29.59744285970011,121.0,266.0,145.0,1.0,True,False,spring_wheat,irrigated,GGCMI Phase 3 v1.01,10.5281/zenodo.5062513,0.5,containing_native_cell_no_interpolation,scenario_planting_calendar_not_observed_trial_sowing,provider_maturity_not_observed_harvest,,False,swh_ir_ggcmi_crop_calendar_phase3_v1.01.nc4,41af9fe2e18e27420d8c729fcc9ba81354e53730d02e733cb35b392de6f3c896
corteva-2014-2018-external,era5loc_cd0793ddaa5d,50.3,18.5,published rounded to 0.1 degree; https://doi.org/10.5281/zenodo.6352615,79,397,50.25,18.75,18.669167398557082,138.0,244.0,106.0,2.0,True,False,spring_wheat,irrigated,GGCMI Phase 3 v1.01,10.5281/zenodo.5062513,0.5,containing_native_cell_no_interpolation,scenario_planting_calendar_not_observed_trial_sowing,provider_maturity_not_observed_harvest,,False,swh_ir_ggcmi_crop_calendar_phase3_v1.01.nc4,41af9fe2e18e27420d8c729fcc9ba81354e53730d02e733cb35b392de6f3c896
corteva-2014-2018-external,era5loc_b1851c4862e8,50.3,8.8,published rounded to 0.1 degree; https://doi.org/10.5281/zenodo.6352615,79,377,50.25,8.75,6.6058249009486785,110.0,234.0,124.0,3.0,True,False,spring_wheat,irrigated,GGCMI Phase 3 v1.01,10.5281/zenodo.5062513,0.5,containing_native_cell_no_interpolation,scenario_planting_calendar_not_observed_trial_sowing,provider_maturity_not_observed_harvest,,False,swh_ir_ggcmi_crop_calendar_phase3_v1.01.nc4,41af9fe2e18e27420d8c729fcc9ba81354e53730d02e733cb35b392de6f3c896
corteva-2014-2018-external,era5loc_9721ab7cc715,50.2,-2.4,published rounded to 0.1 degree; https://doi.org/10.5281/zenodo.6352615,79,355,50.25,-2.25,12.062736465408216,,,,,False,True,spring_wheat,irrigated,GGCMI Phase 3 v1.01,10.5281/zenodo.5062513,0.5,containing_native_cell_no_interpolation,scenario_planting_calendar_not_observed_trial_sowing,provider_maturity_not_observed_harvest,,False,swh_ir_ggcmi_crop_calendar_phase3_v1.01.nc4,41af9fe2e18e27420d8c729fcc9ba81354e53730d02e733cb35b392de6f3c896
corteva-2014-2018-external,era5loc_2b86c955613c,52.7,-0.5,published rounded to 0.1 degree; https://doi.org/10.5281/zenodo.6352615,74,359,52.75,-0.25,17.78358607638439,118.0,267.0,149.0,3.0,True,False,spring_wheat,irrigated,GGCMI Phase 3 v1.01,10.5281/zenodo.5062513,0.5,containing_native_cell_no_interpolation,scenario_planting_calendar_not_observed_trial_sowing,provider_maturity_not_observed_harvest,,False,swh_ir_ggcmi_crop_calendar_phase3_v1.01.nc4,41af9fe2e18e27420d8c729fcc9ba81354e53730d02e733cb35b392de6f3c896
corteva-2014-2018-external,era5loc_7df03bc05f0e,49.1,-0.5,published rounded to 0.1 degree; https://doi.org/10.5281/zenodo.6352615,81,359,49.25,-0.25,24.709816745579246,121.0,266.0,145.0,1.0,True,False,spring_wheat,irrigated,GGCMI Phase 3 v1.01,10.5281/zenodo.5062513,0.5,containing_native_cell_no_interpolation,scenario_planting_calendar_not_observed_trial_sowing,provider_maturity_not_observed_harvest,,False,swh_ir_ggcmi_crop_calendar_phase3_v1.01.nc4,41af9fe2e18e27420d8c729fcc9ba81354e53730d02e733cb35b392de6f3c896
corteva-2014-2018-external,era5loc_571d1ffe9b17,48.1,3.8,published rounded to 0.1 degree; https://doi.org/10.5281/zenodo.6352615,83,367,48.25,3.75,17.088568793226454,139.0,247.0,108.0,3.0,True,False,spring_wheat,irrigated,GGCMI Phase 3 v1.01,10.5281/zenodo.5062513,0.5,containing_native_cell_no_interpolation,scenario_planting_calendar_not_observed_trial_sowing,provider_maturity_not_observed_harvest,,False,swh_ir_ggcmi_crop_calendar_phase3_v1.01.nc4,41af9fe2e18e27420d8c729fcc9ba81354e53730d02e733cb35b392de6f3c896
corteva-2014-2018-external,era5loc_b267bcd7dbd3,54.2,10.9,published rounded to 0.1 degree; https://doi.org/10.5281/zenodo.6352615,71,381,54.25,10.75,11.255495818980254,108.0,242.0,134.0,3.0,True,False,spring_wheat,irrigated,GGCMI Phase 3 v1.01,10.5281/zenodo.5062513,0.5,containing_native_cell_no_interpolation,scenario_planting_calendar_not_observed_trial_sowing,provider_maturity_not_observed_harvest,,False,swh_ir_ggcmi_crop_calendar_phase3_v1.01.nc4,41af9fe2e18e27420d8c729fcc9ba81354e53730d02e733cb35b392de6f3c896
corteva-2014-2018-external,era5loc_37afec23e7f5,53.8,10.5,published rounded to 0.1 degree; https://doi.org/10.5281/zenodo.6352615,72,381,53.75,10.75,17.396345545356397,110.0,260.0,150.0,3.0,True,False,spring_wheat,irrigated,GGCMI Phase 3 v1.01,10.5281/zenodo.5062513,0.5,containing_native_cell_no_interpolation,scenario_planting_calendar_not_observed_trial_sowing,provider_maturity_not_observed_harvest,,False,swh_ir_ggcmi_crop_calendar_phase3_v1.01.nc4,41af9fe2e18e27420d8c729fcc9ba81354e53730d02e733cb35b392de6f3c896
corteva-2014-2018-external,era5loc_831f1bcc3513,53.4,8.1,published rounded to 0.1 degree; https://doi.org/10.5281/zenodo.6352615,73,376,53.25,8.25,19.45714458566769,110.0,263.0,153.0,3.0,True,False,spring_wheat,irrigated,GGCMI Phase 3 v1.01,10.5281/zenodo.5062513,0.5,containing_native_cell_no_interpolation,scenario_planting_calendar_not_observed_trial_sowing,provider_maturity_not_observed_harvest,,False,swh_ir_ggcmi_crop_calendar_phase3_v1.01.nc4,41af9fe2e18e27420d8c729fcc9ba81354e53730d02e733cb35b392de6f3c896
corteva-2014-2018-external,era5loc_707c396abf09,51.2,13.3,published rounded to 0.1 degree; https://doi.org/10.5281/zenodo.6352615,77,386,51.25,13.25,6.568337317063783,112.0,237.0,125.0,3.0,True,False,spring_wheat,irrigated,GGCMI Phase 3 v1.01,10.5281/zenodo.5062513,0.5,containing_native_cell_no_interpolation,scenario_planting_calendar_not_observed_trial_sowing,provider_maturity_not_observed_harvest,,False,swh_ir_ggcmi_crop_calendar_phase3_v1.01.nc4,41af9fe2e18e27420d8c729fcc9ba81354e53730d02e733cb35b392de6f3c896
corteva-2014-2018-external,era5loc_a8819305ac0f,52.1,-2.5,published rounded to 0.1 degree; https://doi.org/10.5281/zenodo.6352615,75,355,52.25,-2.25,23.897059439456672,121.0,266.0,145.0,1.0,True,False,spring_wheat,irrigated,GGCMI Phase 3 v1.01,10.5281/zenodo.5062513,0.5,containing_native_cell_no_interpolation,scenario_planting_calendar_not_observed_trial_sowing,provider_maturity_not_observed_harvest,,False,swh_ir_ggcmi_crop_calendar_phase3_v1.01.nc4,41af9fe2e18e27420d8c729fcc9ba81354e53730d02e733cb35b392de6f3c896
corteva-2014-2018-external,era5loc_5169e9aeb73a,52.0,17.5,published rounded to 0.1 degree; https://doi.org/10.5281/zenodo.6352615,76,395,51.75,17.75,32.713533487671405,138.0,244.0,106.0,2.0,True,False,spring_wheat,irrigated,GGCMI Phase 3 v1.01,10.5281/zenodo.5062513,0.5,containing_native_cell_no_interpolation,scenario_planting_calendar_not_observed_trial_sowing,provider_maturity_not_observed_harvest,,False,swh_ir_ggcmi_crop_calendar_phase3_v1.01.nc4,41af9fe2e18e27420d8c729fcc9ba81354e53730d02e733cb35b392de6f3c896
corteva-2014-2018-external,era5loc_83d8fea92444,49.4,0.8,published rounded to 0.1 degree; https://doi.org/10.5281/zenodo.6352615,81,361,49.25,0.75,17.073775653279448,121.0,266.0,145.0,1.0,True,False,spring_wheat,irrigated,GGCMI Phase 3 v1.01,10.5281/zenodo.5062513,0.5,containing_native_cell_no_interpolation,scenario_planting_calendar_not_observed_trial_sowing,provider_maturity_not_observed_harvest,,False,swh_ir_ggcmi_crop_calendar_phase3_v1.01.nc4,41af9fe2e18e27420d8c729fcc9ba81354e53730d02e733cb35b392de6f3c896
corteva-2014-2018-external,era5loc_0a75763dbaf3,52.2,-2.9,published rounded to 0.1 degree; https://doi.org/10.5281/zenodo.6352615,75,354,52.25,-2.75,11.662561380739428,129.0,255.0,126.0,3.0,True,False,spring_wheat,irrigated,GGCMI Phase 3 v1.01,10.5281/zenodo.5062513,0.5,containing_native_cell_no_interpolation,scenario_planting_calendar_not_observed_trial_sowing,provider_maturity_not_observed_harvest,,False,swh_ir_ggcmi_crop_calendar_phase3_v1.01.nc4,41af9fe2e18e27420d8c729fcc9ba81354e53730d02e733cb35b392de6f3c896
corteva-2014-2018-external,era5loc_4e98f2286742,49.8,3.0,published rounded to 0.1 degree; https://doi.org/10.5281/zenodo.6352615,80,366,49.75,3.25,18.846622896316948,108.0,246.0,138.0,3.0,True,False,spring_wheat,irrigated,GGCMI Phase 3 v1.01,10.5281/zenodo.5062513,0.5,containing_native_cell_no_interpolation,scenario_planting_calendar_not_observed_trial_sowing,provider_maturity_not_observed_harvest,,False,swh_ir_ggcmi_crop_calendar_phase3_v1.01.nc4,41af9fe2e18e27420d8c729fcc9ba81354e53730d02e733cb35b392de6f3c896
corteva-2014-2018-external,era5loc_37b55ea540c2,55.5,11.9,published rounded to 0.1 degree; https://doi.org/10.5281/zenodo.6352615,69,383,55.25,11.75,29.412263193998882,100.0,247.0,147.0,3.0,True,False,spring_wheat,irrigated,GGCMI Phase 3 v1.01,10.5281/zenodo.5062513,0.5,containing_native_cell_no_interpolation,scenario_planting_calendar_not_observed_trial_sowing,provider_maturity_not_observed_harvest,,False,swh_ir_ggcmi_crop_calendar_phase3_v1.01.nc4,41af9fe2e18e27420d8c729fcc9ba81354e53730d02e733cb35b392de6f3c896
corteva-2014-2018-external,era5loc_5e6d20c69e16,53.8,10.4,published rounded to 0.1 degree; https://doi.org/10.5281/zenodo.6352615,72,380,53.75,10.25,11.34761989094493,111.0,254.0,143.0,3.0,True,False,spring_wheat,irrigated,GGCMI Phase 3 v1.01,10.5281/zenodo.5062513,0.5,containing_native_cell_no_interpolation,scenario_planting_calendar_not_observed_trial_sowing,provider_maturity_not_observed_harvest,,False,swh_ir_ggcmi_crop_calendar_phase3_v1.01.nc4,41af9fe2e18e27420d8c729fcc9ba81354e53730d02e733cb35b392de6f3c896
corteva-2014-2018-external,era5loc_1c001582d1e8,53.7,10.4,published rounded to 0.1 degree; https://doi.org/10.5281/zenodo.6352615,72,380,53.75,10.25,11.3578378007327,111.0,254.0,143.0,3.0,True,False,spring_wheat,irrigated,GGCMI Phase 3 v1.01,10.5281/zenodo.5062513,0.5,containing_native_cell_no_interpolation,scenario_planting_calendar_not_observed_trial_sowing,provider_maturity_not_observed_harvest,,False,swh_ir_ggcmi_crop_calendar_phase3_v1.01.nc4,41af9fe2e18e27420d8c729fcc9ba81354e53730d02e733cb35b392de6f3c896
corteva-2014-2018-external,era5loc_86d14c866fc7,52.1,-4.6,published rounded to 0.1 degree; https://doi.org/10.5281/zenodo.6352615,75,350,52.25,-4.75,19.592698124848685,103.0,256.0,153.0,3.0,True,False,spring_wheat,irrigated,GGCMI Phase 3 v1.01,10.5281/zenodo.5062513,0.5,containing_native_cell_no_interpolation,scenario_planting_calendar_not_observed_trial_sowing,provider_maturity_not_observed_harvest,,False,swh_ir_ggcmi_crop_calendar_phase3_v1.01.nc4,41af9fe2e18e27420d8c729fcc9ba81354e53730d02e733cb35b392de6f3c896
corteva-2014-2018-external,era5loc_2a1c91560f0e,49.1,9.0,published rounded to 0.1 degree; https://doi.org/10.5281/zenodo.6352615,81,378,49.25,9.25,24.709816745579246,111.0,240.0,129.0,3.0,True,False,spring_wheat,irrigated,GGCMI Phase 3 v1.01,10.5281/zenodo.5062513,0.5,containing_native_cell_no_interpolation,scenario_planting_calendar_not_observed_trial_sowing,provider_maturity_not_observed_harvest,,False,swh_ir_ggcmi_crop_calendar_phase3_v1.01.nc4,41af9fe2e18e27420d8c729fcc9ba81354e53730d02e733cb35b392de6f3c896
corteva-2014-2018-external,era5loc_1265910a73e5,52.3,10.0,published rounded to 0.1 degree; https://doi.org/10.5281/zenodo.6352615,75,380,52.25,10.25,17.94817396960504,112.0,265.0,153.0,3.0,True,False,spring_wheat,irrigated,GGCMI Phase 3 v1.01,10.5281/zenodo.5062513,0.5,containing_native_cell_no_interpolation,scenario_planting_calendar_not_observed_trial_sowing,provider_maturity_not_observed_harvest,,False,swh_ir_ggcmi_crop_calendar_phase3_v1.01.nc4,41af9fe2e18e27420d8c729fcc9ba81354e53730d02e733cb35b392de6f3c896
corteva-2014-2018-external,era5loc_97c42414dde1,54.4,9.9,published rounded to 0.1 degree; https://doi.org/10.5281/zenodo.6352615,71,379,54.25,9.75,19.33979171631531,118.0,250.0,132.0,3.0,True,False,spring_wheat,irrigated,GGCMI Phase 3 v1.01,10.5281/zenodo.5062513,0.5,containing_native_cell_no_interpolation,scenario_planting_calendar_not_observed_trial_sowing,provider_maturity_not_observed_harvest,,False,swh_ir_ggcmi_crop_calendar_phase3_v1.01.nc4,41af9fe2e18e27420d8c729fcc9ba81354e53730d02e733cb35b392de6f3c896
corteva-2014-2018-external,era5loc_6039c33fd660,53.1,-0.3,published rounded to 0.1 degree; https://doi.org/10.5281/zenodo.6352615,73,359,53.25,-0.25,17.0249281236069,121.0,266.0,145.0,1.0,True,False,spring_wheat,irrigated,GGCMI Phase 3 v1.01,10.5281/zenodo.5062513,0.5,containing_native_cell_no_interpolation,scenario_planting_calendar_not_observed_trial_sowing,provider_maturity_not_observed_harvest,,False,swh_ir_ggcmi_crop_calendar_phase3_v1.01.nc4,41af9fe2e18e27420d8c729fcc9ba81354e53730d02e733cb35b392de6f3c896
corteva-2014-2018-external,era5loc_c2b56bbc5b96,49.7,3.3,published rounded to 0.1 degree; https://doi.org/10.5281/zenodo.6352615,80,366,49.75,3.25,6.627535804344513,108.0,246.0,138.0,3.0,True,False,spring_wheat,irrigated,GGCMI Phase 3 v1.01,10.5281/zenodo.5062513,0.5,containing_native_cell_no_interpolation,scenario_planting_calendar_not_observed_trial_sowing,provider_maturity_not_observed_harvest,,False,swh_ir_ggcmi_crop_calendar_phase3_v1.01.nc4,41af9fe2e18e27420d8c729fcc9ba81354e53730d02e733cb35b392de6f3c896
corteva-2014-2018-external,era5loc_9c32d3d6e61d,51.5,0.3,published rounded to 0.1 degree; https://doi.org/10.5281/zenodo.6352615,77,360,51.25,0.25,28.030907075930102,116.0,234.0,118.0,3.0,True,False,spring_wheat,irrigated,GGCMI Phase 3 v1.01,10.5281/zenodo.5062513,0.5,containing_native_cell_no_interpolation,scenario_planting_calendar_not_observed_trial_sowing,provider_maturity_not_observed_harvest,,False,swh_ir_ggcmi_crop_calendar_phase3_v1.01.nc4,41af9fe2e18e27420d8c729fcc9ba81354e53730d02e733cb35b392de6f3c896
corteva-2014-2018-external,era5loc_d589ecc09d9b,52.6,-0.3,published rounded to 0.1 degree; https://doi.org/10.5281/zenodo.6352615,74,359,52.75,-0.25,17.031193258579208,118.0,267.0,149.0,3.0,True,False,spring_wheat,irrigated,GGCMI Phase 3 v1.01,10.5281/zenodo.5062513,0.5,containing_native_cell_no_interpolation,scenario_planting_calendar_not_observed_trial_sowing,provider_maturity_not_observed_harvest,,False,swh_ir_ggcmi_crop_calendar_phase3_v1.01.nc4,41af9fe2e18e27420d8c729fcc9ba81354e53730d02e733cb35b392de6f3c896
corteva-2014-2018-external,era5loc_f86f345e603b,43.8,4.4,published rounded to 0.1 degree; https://doi.org/10.5281/zenodo.6352615,92,368,43.75,4.25,13.292831266373168,82.0,230.0,148.0,3.0,True,False,spring_wheat,irrigated,GGCMI Phase 3 v1.01,10.5281/zenodo.5062513,0.5,containing_native_cell_no_interpolation,scenario_planting_calendar_not_observed_trial_sowing,provider_maturity_not_observed_harvest,,False,swh_ir_ggcmi_crop_calendar_phase3_v1.01.nc4,41af9fe2e18e27420d8c729fcc9ba81354e53730d02e733cb35b392de6f3c896
corteva-2014-2018-external,era5loc_f9ae6ebca801,52.1,-2.7,published rounded to 0.1 degree; https://doi.org/10.5281/zenodo.6352615,75,354,52.25,-2.75,17.03748560807916,129.0,255.0,126.0,3.0,True,False,spring_wheat,irrigated,GGCMI Phase 3 v1.01,10.5281/zenodo.5062513,0.5,containing_native_cell_no_interpolation,scenario_planting_calendar_not_observed_trial_sowing,provider_maturity_not_observed_harvest,,False,swh_ir_ggcmi_crop_calendar_phase3_v1.01.nc4,41af9fe2e18e27420d8c729fcc9ba81354e53730d02e733cb35b392de6f3c896
corteva-2014-2018-external,era5loc_7b5d26eb7a94,51.8,23.0,published rounded to 0.1 degree; https://doi.org/10.5281/zenodo.6352615,76,406,51.75,23.25,18.130052907293365,116.0,239.0,123.0,3.0,True,False,spring_wheat,irrigated,GGCMI Phase 3 v1.01,10.5281/zenodo.5062513,0.5,containing_native_cell_no_interpolation,scenario_planting_calendar_not_observed_trial_sowing,provider_maturity_not_observed_harvest,,False,swh_ir_ggcmi_crop_calendar_phase3_v1.01.nc4,41af9fe2e18e27420d8c729fcc9ba81354e53730d02e733cb35b392de6f3c896
corteva-2014-2018-external,era5loc_6cb369f67eca,51.9,-8.3,published rounded to 0.1 degree; https://doi.org/10.5281/zenodo.6352615,76,343,51.75,-8.25,17.041905399520445,121.0,257.0,136.0,3.0,True,False,spring_wheat,irrigated,GGCMI Phase 3 v1.01,10.5281/zenodo.5062513,0.5,containing_native_cell_no_interpolation,scenario_planting_calendar_not_observed_trial_sowing,provider_maturity_not_observed_harvest,,False,swh_ir_ggcmi_crop_calendar_phase3_v1.01.nc4,41af9fe2e18e27420d8c729fcc9ba81354e53730d02e733cb35b392de6f3c896
corteva-2014-2018-external,era5loc_5a105840e5f0,49.9,2.6,published rounded to 0.1 degree; https://doi.org/10.5281/zenodo.6352615,80,365,49.75,2.75,19.87075674610534,108.0,253.0,145.0,3.0,True,False,spring_wheat,irrigated,GGCMI Phase 3 v1.01,10.5281/zenodo.5062513,0.5,containing_native_cell_no_interpolation,scenario_planting_calendar_not_observed_trial_sowing,provider_maturity_not_observed_harvest,,False,swh_ir_ggcmi_crop_calendar_phase3_v1.01.nc4,41af9fe2e18e27420d8c729fcc9ba81354e53730d02e733cb35b392de6f3c896
corteva-2014-2018-external,era5loc_8e48274c8e41,47.5,0.9,published rounded to 0.1 degree; https://doi.org/10.5281/zenodo.6352615,85,361,47.25,0.75,30.014438463832832,100.0,239.0,139.0,3.0,True,False,spring_wheat,irrigated,GGCMI Phase 3 v1.01,10.5281/zenodo.5062513,0.5,containing_native_cell_no_interpolation,scenario_planting_calendar_not_observed_trial_sowing,provider_maturity_not_observed_harvest,,False,swh_ir_ggcmi_crop_calendar_phase3_v1.01.nc4,41af9fe2e18e27420d8c729fcc9ba81354e53730d02e733cb35b392de6f3c896
corteva-2014-2018-external,era5loc_1b5e6e05813d,49.7,-0.4,published rounded to 0.1 degree; https://doi.org/10.5281/zenodo.6352615,80,359,49.75,-0.25,12.161560301849912,,,,,False,True,spring_wheat,irrigated,GGCMI Phase 3 v1.01,10.5281/zenodo.5062513,0.5,containing_native_cell_no_interpolation,scenario_planting_calendar_not_observed_trial_sowing,provider_maturity_not_observed_harvest,,False,swh_ir_ggcmi_crop_calendar_phase3_v1.01.nc4,41af9fe2e18e27420d8c729fcc9ba81354e53730d02e733cb35b392de6f3c896
corteva-2014-2018-external,era5loc_4921e9fb7d2c,43.8,1.0,published rounded to 0.1 degree; https://doi.org/10.5281/zenodo.6352615,92,362,43.75,1.25,20.879772597131467,83.0,236.0,153.0,3.0,True,False,spring_wheat,irrigated,GGCMI Phase 3 v1.01,10.5281/zenodo.5062513,0.5,containing_native_cell_no_interpolation,scenario_planting_calendar_not_observed_trial_sowing,provider_maturity_not_observed_harvest,,False,swh_ir_ggcmi_crop_calendar_phase3_v1.01.nc4,41af9fe2e18e27420d8c729fcc9ba81354e53730d02e733cb35b392de6f3c896
corteva-2014-2018-external,era5loc_998f167d3abc,48.2,10.8,published rounded to 0.1 degree; https://doi.org/10.5281/zenodo.6352615,83,381,48.25,10.75,6.686701592485563,91.0,266.0,175.0,1.0,True,False,spring_wheat,irrigated,GGCMI Phase 3 v1.01,10.5281/zenodo.5062513,0.5,containing_native_cell_no_interpolation,scenario_planting_calendar_not_observed_trial_sowing,provider_maturity_not_observed_harvest,,False,swh_ir_ggcmi_crop_calendar_phase3_v1.01.nc4,41af9fe2e18e27420d8c729fcc9ba81354e53730d02e733cb35b392de6f3c896
