contrast_id,TrialId,season_year,country,coordinate_year,matched_treatment_label,date,source_leaf_label,leaf_rank,untreated_severity_percent,treated_severity_percent,measured_severity_reduction_pp,untreated_GsFrom,untreated_GsTo,treated_GsFrom,treated_GsTo,untreated_Daft,treated_Daft,untreated_num_sprays,treated_num_sprays,source_treatment_spray_history_consistent,untreated_source_row,treated_source_row,untreated_Clarifier,treated_Clarifier,untreated_SampleUnit,treated_SampleUnit,source_method,source_parameter,unit,measured_relative_yield_ratio,measured_relative_yield_gain_percent,source_MCALCR_treated,treated_MCALCR_source_row,yield_component_membership,existing_epidemic_membership,prior_epidemic_data_reuse,native_other_codes_ever_recorded,fully_protected_control,absolute_leaf_area_observed
BASF|5|2017|TreatmentA,5,2017,GERMANY,"52.400000,9.600000|2017",TreatmentA,2017-05-03,"LEAF, 3RD",3,1.0,1.0,0.0,32.0,34.0,32.0,34.0,13,13,0,1,True,61,1169,BEFALL,BEFALL,TPLOT,TPLOT,P%INF,INFECT,percentage_points,1.07254988,7.254987999999997,107.254988,1195,development_2017_2018,calibration,True,PUCCRE,False,False
BASF|5|2017|TreatmentA,5,2017,GERMANY,"52.400000,9.600000|2017",TreatmentA,2017-05-10,"LEAF, 3RD",3,1.5,1.0,0.5,34.0,37.0,34.0,37.0,20,20,0,1,True,63,1171,BEFALL,BEFALL,TPLOT,TPLOT,P%INF,INFECT,percentage_points,1.07254988,7.254987999999997,107.254988,1195,development_2017_2018,calibration,True,PUCCRE,False,False
BASF|5|2017|TreatmentA,5,2017,GERMANY,"52.400000,9.600000|2017",TreatmentA,2017-05-19,"LEAF, 2ND",2,0.75,0.0,0.75,37.0,39.0,37.0,39.0,29,29,0,1,True,65,1173,BEFALL,BEFALL,TPLOT,TPLOT,P%INF,INFECT,percentage_points,1.07254988,7.254987999999997,107.254988,1195,development_2017_2018,calibration,True,PUCCRE,False,False
BASF|5|2017|TreatmentA,5,2017,GERMANY,"52.400000,9.600000|2017",TreatmentA,2017-05-19,"LEAF, 3RD",3,2.75,1.0,1.75,37.0,39.0,37.0,39.0,29,29,0,1,True,66,1174,BEFALL,BEFALL,TPLOT,TPLOT,P%INF,INFECT,percentage_points,1.07254988,7.254987999999997,107.254988,1195,development_2017_2018,calibration,True,PUCCRE,False,False
BASF|5|2017|TreatmentA,5,2017,GERMANY,"52.400000,9.600000|2017",TreatmentA,2017-05-30,"LEAF, 1ST / FLAG LEAF",1,0.5,0.0,0.5,55.0,59.0,55.0,59.0,40,40,0,1,True,71,1179,BEFALL,BEFALL,TPLOT,TPLOT,P%INF,INFECT,percentage_points,1.07254988,7.254987999999997,107.254988,1195,development_2017_2018,calibration,True,PUCCRE,False,False
BASF|5|2017|TreatmentA,5,2017,GERMANY,"52.400000,9.600000|2017",TreatmentA,2017-05-30,"LEAF, 2ND",2,2.0,1.0,1.0,55.0,59.0,55.0,59.0,40,40,0,1,True,72,1180,BEFALL,BEFALL,TPLOT,TPLOT,P%INF,INFECT,percentage_points,1.07254988,7.254987999999997,107.254988,1195,development_2017_2018,calibration,True,PUCCRE,False,False
BASF|5|2017|TreatmentA,5,2017,GERMANY,"52.400000,9.600000|2017",TreatmentA,2017-05-30,"LEAF, 3RD",3,4.0,1.0,3.0,55.0,59.0,55.0,59.0,40,40,0,1,True,73,1181,BEFALL,BEFALL,TPLOT,TPLOT,P%INF,INFECT,percentage_points,1.07254988,7.254987999999997,107.254988,1195,development_2017_2018,calibration,True,PUCCRE,False,False
BASF|5|2017|TreatmentA,5,2017,GERMANY,"52.400000,9.600000|2017",TreatmentA,2017-06-09,"LEAF, 1ST / FLAG LEAF",1,0.0,0.0,0.0,55.0,59.0,55.0,59.0,50,50,0,1,True,79,1187,BEFALL,BEFALL,TPLOT,TPLOT,P%INF,INFECT,percentage_points,1.07254988,7.254987999999997,107.254988,1195,development_2017_2018,calibration,True,PUCCRE,False,False
BASF|5|2017|TreatmentA,5,2017,GERMANY,"52.400000,9.600000|2017",TreatmentA,2017-06-09,"LEAF, 2ND",2,2.75,1.0,1.75,55.0,59.0,55.0,59.0,50,50,0,1,True,80,1188,BEFALL,BEFALL,TPLOT,TPLOT,P%INF,INFECT,percentage_points,1.07254988,7.254987999999997,107.254988,1195,development_2017_2018,calibration,True,PUCCRE,False,False
BASF|5|2017|TreatmentA,5,2017,GERMANY,"52.400000,9.600000|2017",TreatmentA,2017-06-09,"LEAF, 3RD",3,7.75,1.0,6.75,55.0,59.0,55.0,59.0,50,50,0,1,True,81,1189,BEFALL,BEFALL,TPLOT,TPLOT,P%INF,INFECT,percentage_points,1.07254988,7.254987999999997,107.254988,1195,development_2017_2018,calibration,True,PUCCRE,False,False
BASF|5|2017|TreatmentA,5,2017,GERMANY,"52.400000,9.600000|2017",TreatmentA,2017-06-28,"LEAF, 1ST / FLAG LEAF",1,10.0,2.0,8.0,75.0,75.0,75.0,75.0,69,69,0,1,True,85,1193,BEFALL,BEFALL,TPLOT,TPLOT,P%INF,INFECT,percentage_points,1.07254988,7.254987999999997,107.254988,1195,development_2017_2018,calibration,True,PUCCRE,False,False
BASF|8|2017|TreatmentA,8,2017,FRANCE,"48.000000,1.800000|2017",TreatmentA,2017-05-31,"LEAF, 2ND",2,0.8,0.0,0.8,65.0,69.0,65.0,69.0,28,28,0,1,True,111,1197,INFESTATION,INFESTATION,UNIT,UNIT,P%INF,INFECT,percentage_points,1.0594786,5.947860000000006,105.94786,1201,development_2017_2018,calibration,True,,False,False
BASF|8|2017|TreatmentA,8,2017,FRANCE,"48.000000,1.800000|2017",TreatmentA,2017-05-31,"LEAF, 3RD",3,2.05,0.533333,1.516667,65.0,,65.0,,28,28,0,1,True,112,1198,INFESTATION,INFESTATION,UNIT,UNIT,P%INF,INFECT,percentage_points,1.0594786,5.947860000000006,105.94786,1201,development_2017_2018,calibration,True,,False,False
BASF|8|2017|TreatmentA,8,2017,FRANCE,"48.000000,1.800000|2017",TreatmentA,2017-06-14,"LEAF, 1ST / FLAG LEAF",1,22.583333,20.283333,2.3000000000000007,75.0,,75.0,,42,42,0,1,True,115,1199,INFESTATION,INFESTATION,UNIT,UNIT,P%INF,INFECT,percentage_points,1.0594786,5.947860000000006,105.94786,1201,development_2017_2018,calibration,True,,False,False
BASF|8|2017|TreatmentA,8,2017,FRANCE,"48.000000,1.800000|2017",TreatmentA,2017-06-14,"LEAF, 2ND",2,55.666667,27.916667,27.749999999999996,75.0,,75.0,,42,42,0,1,True,116,1200,INFESTATION,INFESTATION,UNIT,UNIT,P%INF,INFECT,percentage_points,1.0594786,5.947860000000006,105.94786,1201,development_2017_2018,calibration,True,,False,False
BASF|9|2017|TreatmentA,9,2017,FRANCE,"49.800000,2.900000|2017",TreatmentA,2017-06-07,"LEAF, 2ND",2,4.483333,0.6,3.883333,69.0,69.0,69.0,69.0,14,14,0,1,True,122,1203,INFESTATION,INFESTATION,UNIT,UNIT,P%INF,INFECT,percentage_points,1.07742464,7.742463999999998,107.742464,1208,development_2017_2018,calibration,True,,False,False
BASF|9|2017|TreatmentA,9,2017,FRANCE,"49.800000,2.900000|2017",TreatmentA,2017-06-07,"LEAF, 3RD",3,19.666667,5.033333,14.633334000000001,69.0,69.0,69.0,69.0,14,14,0,1,True,123,1204,INFESTATION,INFESTATION,UNIT,UNIT,P%INF,INFECT,percentage_points,1.07742464,7.742463999999998,107.742464,1208,development_2017_2018,calibration,True,,False,False
BASF|9|2017|TreatmentA,9,2017,FRANCE,"49.800000,2.900000|2017",TreatmentA,2017-06-16,"LEAF, 1ST / FLAG LEAF",1,1.766667,0.283333,1.483334,73.0,,73.0,,23,23,0,1,True,124,1205,INFESTATION,INFESTATION,UNIT,UNIT,P%INF,INFECT,percentage_points,1.07742464,7.742463999999998,107.742464,1208,development_2017_2018,calibration,True,,False,False
BASF|9|2017|TreatmentA,9,2017,FRANCE,"49.800000,2.900000|2017",TreatmentA,2017-06-16,"LEAF, 2ND",2,23.933333,6.966667,16.966666,73.0,,73.0,,23,23,0,1,True,125,1206,INFESTATION,INFESTATION,UNIT,UNIT,P%INF,INFECT,percentage_points,1.07742464,7.742463999999998,107.742464,1208,development_2017_2018,calibration,True,,False,False
BASF|9|2017|TreatmentA,9,2017,FRANCE,"49.800000,2.900000|2017",TreatmentA,2017-06-28,"LEAF, 1ST / FLAG LEAF",1,21.333333,7.033333,14.3,75.0,,75.0,,35,35,0,1,True,126,1207,INFESTATION,INFESTATION,UNIT,UNIT,P%INF,INFECT,percentage_points,1.07742464,7.742463999999998,107.742464,1208,development_2017_2018,calibration,True,,False,False
BASF|11|2017|TreatmentA,11,2017,NETHERLANDS,"53.400000,6.700000|2017",TreatmentA,2017-06-14,"LEAF, 1ST / FLAG LEAF",1,2.0,0.125,1.875,65.0,67.0,65.0,67.0,23,23,0,1,True,144,1210,INFECT/INFEST.,INFECT/INFEST.,TPLOT,TPLOT,P%INF,INFECT,percentage_points,1.10270238,10.270238000000006,110.270238,1218,development_2017_2018,calibration,True,,False,False
BASF|11|2017|TreatmentA,11,2017,NETHERLANDS,"53.400000,6.700000|2017",TreatmentA,2017-06-14,"LEAF, 2ND",2,10.0,3.5,6.5,65.0,67.0,65.0,67.0,23,23,0,1,True,145,1211,INFECT/INFEST.,INFECT/INFEST.,TPLOT,TPLOT,P%INF,INFECT,percentage_points,1.10270238,10.270238000000006,110.270238,1218,development_2017_2018,calibration,True,,False,False
BASF|11|2017|TreatmentA,11,2017,NETHERLANDS,"53.400000,6.700000|2017",TreatmentA,2017-06-14,"LEAF, 3RD",3,32.5,18.75,13.75,65.0,67.0,65.0,67.0,23,23,0,1,True,146,1212,INFECT/INFEST.,INFECT/INFEST.,TPLOT,TPLOT,P%INF,INFECT,percentage_points,1.10270238,10.270238000000006,110.270238,1218,development_2017_2018,calibration,True,,False,False
BASF|11|2017|TreatmentA,11,2017,NETHERLANDS,"53.400000,6.700000|2017",TreatmentA,2017-06-21,"LEAF, 1ST / FLAG LEAF",1,7.25,0.875,6.375,69.0,81.0,69.0,81.0,30,30,0,1,True,147,1213,INFECT/INFEST.,INFECT/INFEST.,TPLOT,TPLOT,P%INF,INFECT,percentage_points,1.10270238,10.270238000000006,110.270238,1218,development_2017_2018,calibration,True,,False,False
BASF|11|2017|TreatmentA,11,2017,NETHERLANDS,"53.400000,6.700000|2017",TreatmentA,2017-06-21,"LEAF, 2ND",2,26.25,9.0,17.25,69.0,81.0,69.0,81.0,30,30,0,1,True,148,1214,INFECT/INFEST.,INFECT/INFEST.,TPLOT,TPLOT,P%INF,INFECT,percentage_points,1.10270238,10.270238000000006,110.270238,1218,development_2017_2018,calibration,True,,False,False
BASF|11|2017|TreatmentA,11,2017,NETHERLANDS,"53.400000,6.700000|2017",TreatmentA,2017-06-21,"LEAF, 3RD",3,66.25,40.0,26.25,69.0,81.0,69.0,81.0,30,30,0,1,True,149,1215,INFECT/INFEST.,INFECT/INFEST.,TPLOT,TPLOT,P%INF,INFECT,percentage_points,1.10270238,10.270238000000006,110.270238,1218,development_2017_2018,calibration,True,,False,False
BASF|11|2017|TreatmentA,11,2017,NETHERLANDS,"53.400000,6.700000|2017",TreatmentA,2017-06-30,"LEAF, 1ST / FLAG LEAF",1,63.75,23.75,40.0,83.0,83.0,83.0,83.0,39,39,0,1,True,150,1216,INFECT/INFEST.,INFECT/INFEST.,TPLOT,TPLOT,P%INF,INFECT,percentage_points,1.10270238,10.270238000000006,110.270238,1218,development_2017_2018,calibration,True,,False,False
BASF|11|2017|TreatmentA,11,2017,NETHERLANDS,"53.400000,6.700000|2017",TreatmentA,2017-06-30,"LEAF, 2ND",2,95.5,66.25,29.25,83.0,83.0,83.0,83.0,39,39,0,1,True,151,1217,INFECT/INFEST.,INFECT/INFEST.,TPLOT,TPLOT,P%INF,INFECT,percentage_points,1.10270238,10.270238000000006,110.270238,1218,development_2017_2018,calibration,True,,False,False
BASF|16|2017|TreatmentA,16,2017,POLAND,"52.200000,16.600000|2017",TreatmentA,2017-05-26,"LEAF, 3RD",3,5.125,0.6875,4.4375,37.0,39.0,37.0,39.0,21,21,0,1,True,205,1223,,,TPLOT,TPLOT,P%INF,INFECT,percentage_points,1.16879,16.879000000000005,116.879,1244,development_2017_2018,calibration,True,ERYSGT;FUSASP;PUCCST;PYRNTR;RHIZSP,False,False
BASF|16|2017|TreatmentA,16,2017,POLAND,"52.200000,16.600000|2017",TreatmentA,2017-06-08,"LEAF, 3RD",3,5.375,0.6875,4.6875,61.0,63.0,61.0,63.0,34,34,0,1,True,208,1226,,,TPLOT,TPLOT,P%INF,INFECT,percentage_points,1.16879,16.879000000000005,116.879,1244,development_2017_2018,calibration,True,ERYSGT;FUSASP;PUCCST;PYRNTR;RHIZSP,False,False
BASF|16|2017|TreatmentA,16,2017,POLAND,"52.200000,16.600000|2017",TreatmentA,2017-06-20,"LEAF, 2ND",2,1.75,0.5,1.25,71.0,75.0,71.0,75.0,46,46,0,1,True,216,1234,,,TPLOT,TPLOT,P%INF,INFECT,percentage_points,1.16879,16.879000000000005,116.879,1244,development_2017_2018,calibration,True,ERYSGT;FUSASP;PUCCST;PYRNTR;RHIZSP,False,False
BASF|16|2017|TreatmentA,16,2017,POLAND,"52.200000,16.600000|2017",TreatmentA,2017-06-20,"LEAF, 3RD",3,7.25,2.25,5.0,71.0,75.0,71.0,75.0,46,46,0,1,True,212,1230,,,TPLOT,TPLOT,P%INF,INFECT,percentage_points,1.16879,16.879000000000005,116.879,1244,development_2017_2018,calibration,True,ERYSGT;FUSASP;PUCCST;PYRNTR;RHIZSP,False,False
BASF|16|2017|TreatmentA,16,2017,POLAND,"52.200000,16.600000|2017",TreatmentA,2017-06-26,"LEAF, 2ND",2,2.125,0.8125,1.3125,75.0,75.0,75.0,75.0,52,52,0,1,True,219,1237,,,TPLOT,TPLOT,P%INF,INFECT,percentage_points,1.16879,16.879000000000005,116.879,1244,development_2017_2018,calibration,True,ERYSGT;FUSASP;PUCCST;PYRNTR;RHIZSP,False,False
BASF|20|2017|TreatmentA,20,2017,UNITED KINGDOM,"52.100000,1.000000|2017",TreatmentA,2017-05-19,"LEAF, 1ST / FLAG LEAF",1,0.0,0.0,0.0,39.0,39.0,39.0,39.0,20,20,0,1,True,291,1246,INF % NR,INF % NR,TPLOT,TPLOT,P%INF,INFECT,percentage_points,1.08588564,8.588564000000005,108.588564,1270,development_2017_2018,calibration,True,PUCCSI;PUCCST,False,False
BASF|20|2017|TreatmentA,20,2017,UNITED KINGDOM,"52.100000,1.000000|2017",TreatmentA,2017-05-19,"LEAF, 2ND",2,0.0,0.0,0.0,39.0,39.0,39.0,39.0,20,20,0,1,True,292,1247,INF % NR,INF % NR,TPLOT,TPLOT,P%INF,INFECT,percentage_points,1.08588564,8.588564000000005,108.588564,1270,development_2017_2018,calibration,True,PUCCSI;PUCCST,False,False
BASF|20|2017|TreatmentA,20,2017,UNITED KINGDOM,"52.100000,1.000000|2017",TreatmentA,2017-05-19,"LEAF, 3RD",3,7.75,0.0,7.75,39.0,39.0,39.0,39.0,20,20,0,1,True,293,1248,INF % NR,INF % NR,TPLOT,TPLOT,P%INF,INFECT,percentage_points,1.08588564,8.588564000000005,108.588564,1270,development_2017_2018,calibration,True,PUCCSI;PUCCST,False,False
BASF|20|2017|TreatmentA,20,2017,UNITED KINGDOM,"52.100000,1.000000|2017",TreatmentA,2017-06-01,"LEAF, 1ST / FLAG LEAF",1,0.0,0.0,0.0,59.0,65.0,59.0,65.0,33,33,0,1,True,299,1254,INF % NR,INF % NR,TPLOT,TPLOT,P%INF,INFECT,percentage_points,1.08588564,8.588564000000005,108.588564,1270,development_2017_2018,calibration,True,PUCCSI;PUCCST,False,False
BASF|20|2017|TreatmentA,20,2017,UNITED KINGDOM,"52.100000,1.000000|2017",TreatmentA,2017-06-01,"LEAF, 2ND",2,0.0,0.0,0.0,59.0,65.0,59.0,65.0,33,33,0,1,True,300,1255,INF % NR,INF % NR,TPLOT,TPLOT,P%INF,INFECT,percentage_points,1.08588564,8.588564000000005,108.588564,1270,development_2017_2018,calibration,True,PUCCSI;PUCCST,False,False
BASF|20|2017|TreatmentA,20,2017,UNITED KINGDOM,"52.100000,1.000000|2017",TreatmentA,2017-06-01,"LEAF, 3RD",3,9.75,0.0,9.75,59.0,65.0,59.0,65.0,33,33,0,1,True,301,1256,INF % NR,INF % NR,TPLOT,TPLOT,P%INF,INFECT,percentage_points,1.08588564,8.588564000000005,108.588564,1270,development_2017_2018,calibration,True,PUCCSI;PUCCST,False,False
BASF|20|2017|TreatmentA,20,2017,UNITED KINGDOM,"52.100000,1.000000|2017",TreatmentA,2017-06-09,"LEAF, 1ST / FLAG LEAF",1,0.0,0.0,0.0,61.0,66.0,61.0,66.0,41,41,0,1,True,307,1262,INF % NR,INF % NR,TPLOT,TPLOT,P%INF,INFECT,percentage_points,1.08588564,8.588564000000005,108.588564,1270,development_2017_2018,calibration,True,PUCCSI;PUCCST,False,False
BASF|20|2017|TreatmentA,20,2017,UNITED KINGDOM,"52.100000,1.000000|2017",TreatmentA,2017-06-09,"LEAF, 2ND",2,0.0,0.0,0.0,61.0,66.0,61.0,66.0,41,41,0,1,True,308,1263,INF % NR,INF % NR,TPLOT,TPLOT,P%INF,INFECT,percentage_points,1.08588564,8.588564000000005,108.588564,1270,development_2017_2018,calibration,True,PUCCSI;PUCCST,False,False
BASF|20|2017|TreatmentA,20,2017,UNITED KINGDOM,"52.100000,1.000000|2017",TreatmentA,2017-06-09,"LEAF, 3RD",3,11.75,2.25,9.5,61.0,66.0,61.0,66.0,41,41,0,1,True,309,1264,INF % NR,INF % NR,TPLOT,TPLOT,P%INF,INFECT,percentage_points,1.08588564,8.588564000000005,108.588564,1270,development_2017_2018,calibration,True,PUCCSI;PUCCST,False,False
BASF|23|2018|TreatmentA,23,2018,FRANCE,"48.000000,1.800000|2018",TreatmentA,2018-05-22,"LEAF, 2ND",2,4.9,4.533333,0.3666670000000005,65.0,69.0,65.0,69.0,20,20,0,1,True,332,1278,INFESTATION,INFESTATION,UNIT,UNIT,P%INF,INFECT,percentage_points,1.14993751,14.993751000000003,114.993751,1284,development_2017_2018,calibration,True,,False,False
BASF|23|2018|TreatmentA,23,2018,FRANCE,"48.000000,1.800000|2018",TreatmentA,2018-05-22,"LEAF, 3RD",3,27.333333,14.433333,12.9,65.0,69.0,65.0,69.0,20,20,0,1,True,333,1279,INFESTATION,INFESTATION,UNIT,UNIT,P%INF,INFECT,percentage_points,1.14993751,14.993751000000003,114.993751,1284,development_2017_2018,calibration,True,,False,False
BASF|23|2018|TreatmentA,23,2018,FRANCE,"48.000000,1.800000|2018",TreatmentA,2018-06-05,"LEAF, 2ND",2,40.083333,16.75,23.333333000000003,75.0,,75.0,,34,34,0,1,True,334,1280,INFESTATION,INFESTATION,UNIT,UNIT,P%INF,INFECT,percentage_points,1.14993751,14.993751000000003,114.993751,1284,development_2017_2018,calibration,True,,False,False
BASF|23|2018|TreatmentA,23,2018,FRANCE,"48.000000,1.800000|2018",TreatmentA,2018-06-05,"LEAF, 3RD",3,81.666667,65.166667,16.5,75.0,,75.0,,34,34,0,1,True,335,1281,INFESTATION,INFESTATION,UNIT,UNIT,P%INF,INFECT,percentage_points,1.14993751,14.993751000000003,114.993751,1284,development_2017_2018,calibration,True,,False,False
BASF|23|2018|TreatmentA,23,2018,FRANCE,"48.000000,1.800000|2018",TreatmentA,2018-06-12,"LEAF, 1ST / FLAG LEAF",1,84.966667,39.4,45.566667,77.0,,77.0,,41,41,0,1,True,336,1282,INFESTATION,INFESTATION,UNIT,UNIT,P%INF,INFECT,percentage_points,1.14993751,14.993751000000003,114.993751,1284,development_2017_2018,calibration,True,,False,False
BASF|23|2018|TreatmentA,23,2018,FRANCE,"48.000000,1.800000|2018",TreatmentA,2018-06-12,"LEAF, 2ND",2,96.066667,76.166667,19.89999999999999,77.0,,77.0,,41,41,0,1,True,337,1283,INFESTATION,INFESTATION,UNIT,UNIT,P%INF,INFECT,percentage_points,1.14993751,14.993751000000003,114.993751,1284,development_2017_2018,calibration,True,,False,False
BASF|24|2018|TreatmentA,24,2018,NETHERLANDS,"53.400000,6.700000|2018",TreatmentA,2018-06-11,"LEAF, 1ST / FLAG LEAF",1,1.125,0.25,0.875,,,,,19,19,0,1,True,340,1286,INFECT/INFEST.,INFECT/INFEST.,TPLOT,TPLOT,P%INF,INFECT,percentage_points,1.03866,3.8659999999999997,103.866,1296,development_2017_2018,calibration,True,PUCCRE,False,False
BASF|24|2018|TreatmentA,24,2018,NETHERLANDS,"53.400000,6.700000|2018",TreatmentA,2018-06-11,"LEAF, 2ND",2,4.5,2.0,2.5,,,,,19,19,0,1,True,341,1287,INFECT/INFEST.,INFECT/INFEST.,TPLOT,TPLOT,P%INF,INFECT,percentage_points,1.03866,3.8659999999999997,103.866,1296,development_2017_2018,calibration,True,PUCCRE,False,False
BASF|24|2018|TreatmentA,24,2018,NETHERLANDS,"53.400000,6.700000|2018",TreatmentA,2018-06-11,"LEAF, 3RD",3,18.25,17.5,0.75,,,,,19,19,0,1,True,342,1288,INFECT/INFEST.,INFECT/INFEST.,TPLOT,TPLOT,P%INF,INFECT,percentage_points,1.03866,3.8659999999999997,103.866,1296,development_2017_2018,calibration,True,PUCCRE,False,False
BASF|24|2018|TreatmentA,24,2018,NETHERLANDS,"53.400000,6.700000|2018",TreatmentA,2018-06-20,"LEAF, 1ST / FLAG LEAF",1,5.0,0.25,4.75,,,,,28,28,0,1,True,344,1290,INFECT/INFEST.,INFECT/INFEST.,TPLOT,TPLOT,P%INF,INFECT,percentage_points,1.03866,3.8659999999999997,103.866,1296,development_2017_2018,calibration,True,PUCCRE,False,False
BASF|24|2018|TreatmentA,24,2018,NETHERLANDS,"53.400000,6.700000|2018",TreatmentA,2018-06-20,"LEAF, 2ND",2,10.75,3.0,7.75,,,,,28,28,0,1,True,345,1291,INFECT/INFEST.,INFECT/INFEST.,TPLOT,TPLOT,P%INF,INFECT,percentage_points,1.03866,3.8659999999999997,103.866,1296,development_2017_2018,calibration,True,PUCCRE,False,False
BASF|24|2018|TreatmentA,24,2018,NETHERLANDS,"53.400000,6.700000|2018",TreatmentA,2018-06-20,"LEAF, 3RD",3,33.75,23.75,10.0,,,,,28,28,0,1,True,346,1292,INFECT/INFEST.,INFECT/INFEST.,TPLOT,TPLOT,P%INF,INFECT,percentage_points,1.03866,3.8659999999999997,103.866,1296,development_2017_2018,calibration,True,PUCCRE,False,False
BASF|24|2018|TreatmentA,24,2018,NETHERLANDS,"53.400000,6.700000|2018",TreatmentA,2018-07-04,"LEAF, 1ST / FLAG LEAF",1,10.0,1.5,8.5,,,,,42,42,0,1,True,347,1293,INFECT/INFEST.,INFECT/INFEST.,TPLOT,TPLOT,P%INF,INFECT,percentage_points,1.03866,3.8659999999999997,103.866,1296,development_2017_2018,calibration,True,PUCCRE,False,False
BASF|24|2018|TreatmentA,24,2018,NETHERLANDS,"53.400000,6.700000|2018",TreatmentA,2018-07-04,"LEAF, 2ND",2,20.0,6.5,13.5,,,,,42,42,0,1,True,348,1294,INFECT/INFEST.,INFECT/INFEST.,TPLOT,TPLOT,P%INF,INFECT,percentage_points,1.03866,3.8659999999999997,103.866,1296,development_2017_2018,calibration,True,PUCCRE,False,False
BASF|25|2018|TreatmentA,25,2018,POLAND,"51.100000,17.600000|2018",TreatmentA,2018-05-24,"LEAF, 3RD",3,10.0,4.0,6.0,39.0,41.0,39.0,41.0,10,10,0,1,True,355,1299,INFECT/INFEST.,INFECT/INFEST.,TPLOT,TPLOT,P%INF,INFECT,percentage_points,1.08665684,8.665683999999999,108.665684,1312,development_2017_2018,calibration,True,PUCCRE,False,False
BASF|25|2018|TreatmentA,25,2018,POLAND,"51.100000,17.600000|2018",TreatmentA,2018-06-01,"LEAF, 1ST / FLAG LEAF",1,5.0,0.0,5.0,39.0,41.0,39.0,41.0,18,18,0,1,True,359,1303,INFECT/INFEST.,INFECT/INFEST.,TPLOT,TPLOT,P%INF,INFECT,percentage_points,1.08665684,8.665683999999999,108.665684,1312,development_2017_2018,calibration,True,PUCCRE,False,False
BASF|25|2018|TreatmentA,25,2018,POLAND,"51.100000,17.600000|2018",TreatmentA,2018-06-01,"LEAF, 2ND",2,16.25,4.0,12.25,39.0,41.0,39.0,41.0,18,18,0,1,True,358,1302,INFECT/INFEST.,INFECT/INFEST.,TPLOT,TPLOT,P%INF,INFECT,percentage_points,1.08665684,8.665683999999999,108.665684,1312,development_2017_2018,calibration,True,PUCCRE,False,False
BASF|25|2018|TreatmentA,25,2018,POLAND,"51.100000,17.600000|2018",TreatmentA,2018-06-01,"LEAF, 3RD",3,37.5,16.25,21.25,39.0,41.0,39.0,41.0,18,18,0,1,True,357,1301,INFECT/INFEST.,INFECT/INFEST.,TPLOT,TPLOT,P%INF,INFECT,percentage_points,1.08665684,8.665683999999999,108.665684,1312,development_2017_2018,calibration,True,PUCCRE,False,False
BASF|25|2018|TreatmentA,25,2018,POLAND,"51.100000,17.600000|2018",TreatmentA,2018-06-15,"LEAF, 1ST / FLAG LEAF",1,20.0,6.5,13.5,75.0,75.0,75.0,75.0,32,32,0,1,True,365,1309,INFECT/INFEST.,INFECT/INFEST.,TPLOT,TPLOT,P%INF,INFECT,percentage_points,1.08665684,8.665683999999999,108.665684,1312,development_2017_2018,calibration,True,PUCCRE,False,False
BASF|25|2018|TreatmentA,25,2018,POLAND,"51.100000,17.600000|2018",TreatmentA,2018-06-15,"LEAF, 2ND",2,35.0,27.5,7.5,75.0,75.0,75.0,75.0,32,32,0,1,True,364,1308,INFECT/INFEST.,INFECT/INFEST.,TPLOT,TPLOT,P%INF,INFECT,percentage_points,1.08665684,8.665683999999999,108.665684,1312,development_2017_2018,calibration,True,PUCCRE,False,False
BASF|26|2018|TreatmentA,26,2018,POLAND,"50.300000,18.500000|2018",TreatmentA,2018-05-26,"LEAF, 2ND",2,3.3,0.0,3.3,55.0,55.0,55.0,55.0,10,10,0,1,True,376,1315,,,TPLOT,TPLOT,P%INF,INFECT,percentage_points,1.04832496,4.832496000000006,104.832496,1342,development_2017_2018,calibration,True,ERYSGA;ERYSGR;PUCCRE;PUCCST;PYRNTR,False,False
BASF|26|2018|TreatmentA,26,2018,POLAND,"50.300000,18.500000|2018",TreatmentA,2018-05-26,"LEAF, 3RD",3,5.3,0.0,5.3,55.0,55.0,55.0,55.0,10,10,0,1,True,375,1314,,,TPLOT,TPLOT,P%INF,INFECT,percentage_points,1.04832496,4.832496000000006,104.832496,1342,development_2017_2018,calibration,True,ERYSGA;ERYSGR;PUCCRE;PUCCST;PYRNTR,False,False
BASF|26|2018|TreatmentA,26,2018,POLAND,"50.300000,18.500000|2018",TreatmentA,2018-06-05,"LEAF, 2ND",2,6.85,0.0,6.85,65.0,65.0,65.0,65.0,20,20,0,1,True,384,1323,,,TPLOT,TPLOT,P%INF,INFECT,percentage_points,1.04832496,4.832496000000006,104.832496,1342,development_2017_2018,calibration,True,ERYSGA;ERYSGR;PUCCRE;PUCCST;PYRNTR,False,False
BASF|26|2018|TreatmentA,26,2018,POLAND,"50.300000,18.500000|2018",TreatmentA,2018-06-05,"LEAF, 3RD",3,9.15,3.4,5.75,65.0,65.0,65.0,65.0,20,20,0,1,True,383,1322,,,TPLOT,TPLOT,P%INF,INFECT,percentage_points,1.04832496,4.832496000000006,104.832496,1342,development_2017_2018,calibration,True,ERYSGA;ERYSGR;PUCCRE;PUCCST;PYRNTR,False,False
BASF|26|2018|TreatmentA,26,2018,POLAND,"50.300000,18.500000|2018",TreatmentA,2018-06-15,"LEAF, 1ST / FLAG LEAF",1,4.05,0.0,4.05,75.0,75.0,75.0,75.0,30,30,0,1,True,395,1334,,,TPLOT,TPLOT,P%INF,INFECT,percentage_points,1.04832496,4.832496000000006,104.832496,1342,development_2017_2018,calibration,True,ERYSGA;ERYSGR;PUCCRE;PUCCST;PYRNTR,False,False
BASF|26|2018|TreatmentA,26,2018,POLAND,"50.300000,18.500000|2018",TreatmentA,2018-06-15,"LEAF, 2ND",2,13.75,2.15,11.6,75.0,75.0,75.0,75.0,30,30,0,1,True,394,1333,,,TPLOT,TPLOT,P%INF,INFECT,percentage_points,1.04832496,4.832496000000006,104.832496,1342,development_2017_2018,calibration,True,ERYSGA;ERYSGR;PUCCRE;PUCCST;PYRNTR,False,False
BASF|27|2018|TreatmentA,27,2018,POLAND,"53.700000,20.200000|2018",TreatmentA,2018-05-26,"LEAF, 3RD",3,6.125,4.125,2.0,51.0,59.0,51.0,59.0,10,10,0,1,True,407,1344,,,TPLOT,TPLOT,P%INF,INFECT,percentage_points,1.05318678,5.318678000000006,105.318678,1352,development_2017_2018,calibration,True,,False,False
BASF|27|2018|TreatmentA,27,2018,POLAND,"53.700000,20.200000|2018",TreatmentA,2018-06-05,"LEAF, 3RD",3,15.0,7.375,7.625,65.0,67.0,65.0,67.0,20,20,0,1,True,409,1346,,,TPLOT,TPLOT,P%INF,INFECT,percentage_points,1.05318678,5.318678000000006,105.318678,1352,development_2017_2018,calibration,True,,False,False
BASF|27|2018|TreatmentA,27,2018,POLAND,"53.700000,20.200000|2018",TreatmentA,2018-06-15,"LEAF, 2ND",2,9.75,2.225,7.525,73.0,75.0,73.0,75.0,30,30,0,1,True,411,1348,,,TPLOT,TPLOT,P%INF,INFECT,percentage_points,1.05318678,5.318678000000006,105.318678,1352,development_2017_2018,calibration,True,,False,False
BASF|27|2018|TreatmentA,27,2018,POLAND,"53.700000,20.200000|2018",TreatmentA,2018-06-15,"LEAF, 3RD",3,25.5,12.0,13.5,73.0,75.0,73.0,75.0,30,30,0,1,True,412,1349,,,TPLOT,TPLOT,P%INF,INFECT,percentage_points,1.05318678,5.318678000000006,105.318678,1352,development_2017_2018,calibration,True,,False,False
BASF|27|2018|TreatmentA,27,2018,POLAND,"53.700000,20.200000|2018",TreatmentA,2018-06-25,"LEAF, 1ST / FLAG LEAF",1,4.825,0.7,4.125,83.0,85.0,83.0,85.0,40,40,0,1,True,413,1350,,,TPLOT,TPLOT,P%INF,INFECT,percentage_points,1.05318678,5.318678000000006,105.318678,1352,development_2017_2018,calibration,True,,False,False
BASF|27|2018|TreatmentA,27,2018,POLAND,"53.700000,20.200000|2018",TreatmentA,2018-06-25,"LEAF, 2ND",2,21.5,5.0,16.5,83.0,85.0,83.0,85.0,40,40,0,1,True,414,1351,,,TPLOT,TPLOT,P%INF,INFECT,percentage_points,1.05318678,5.318678000000006,105.318678,1352,development_2017_2018,calibration,True,,False,False
BASF|28|2018|TreatmentA,28,2018,UNITED KINGDOM,"51.700000,-2.000000|2018",TreatmentA,2018-06-01,"LEAF, 3RD",3,7.5,1.75,5.75,49.0,55.0,49.0,55.0,31,31,0,1,True,427,1358,INF % NR,INF % NR,TPLOT,TPLOT,P%INF,INFECT,percentage_points,1.01365705,1.3657050000000055,101.365705,1365,development_2017_2018,calibration,True,,False,False
BASF|28|2018|TreatmentA,28,2018,UNITED KINGDOM,"51.700000,-2.000000|2018",TreatmentA,2018-06-14,"LEAF, 2ND",2,11.75,4.25,7.5,61.0,65.0,61.0,65.0,44,44,0,1,True,430,1361,INF % NR,INF % NR,TPLOT,TPLOT,P%INF,INFECT,percentage_points,1.01365705,1.3657050000000055,101.365705,1365,development_2017_2018,calibration,True,,False,False
BASF|28|2018|TreatmentA,28,2018,UNITED KINGDOM,"51.700000,-2.000000|2018",TreatmentA,2018-06-14,"LEAF, 3RD",3,31.25,15.0,16.25,61.0,65.0,61.0,65.0,44,44,0,1,True,429,1360,INF % NR,INF % NR,TPLOT,TPLOT,P%INF,INFECT,percentage_points,1.01365705,1.3657050000000055,101.365705,1365,development_2017_2018,calibration,True,,False,False
BASF|28|2018|TreatmentA,28,2018,UNITED KINGDOM,"51.700000,-2.000000|2018",TreatmentA,2018-06-23,"LEAF, 2ND",2,15.0,7.25,7.75,71.0,73.0,71.0,73.0,53,53,0,1,True,433,1364,INF % NR,INF % NR,TPLOT,TPLOT,P%INF,INFECT,percentage_points,1.01365705,1.3657050000000055,101.365705,1365,development_2017_2018,calibration,True,,False,False
BASF|28|2018|TreatmentA,28,2018,UNITED KINGDOM,"51.700000,-2.000000|2018",TreatmentA,2018-06-23,"LEAF, 3RD",3,71.666667,25.0,46.666667000000004,71.0,73.0,71.0,73.0,53,53,0,1,True,432,1363,INF % NR,INF % NR,TPLOT,TPLOT,P%INF,INFECT,percentage_points,1.01365705,1.3657050000000055,101.365705,1365,development_2017_2018,calibration,True,,False,False
BASF|29|2018|TreatmentA,29,2018,UNITED KINGDOM,"52.700000,0.900000|2018",TreatmentA,2018-05-22,"LEAF, 3RD",3,25.0,10.0,15.0,39.0,39.0,39.0,39.0,21,21,0,1,True,449,1373,INF % NR,INF % NR,TPLOT,TPLOT,P%INF,INFECT,percentage_points,1.18933876,18.933875999999998,118.933876,1376,development_2017_2018,calibration,True,PUCCST,False,False
BASF|30|2018|TreatmentA,30,2018,UNITED KINGDOM,"52.200000,0.100000|2018",TreatmentA,2018-06-20,"LEAF, 1ST / FLAG LEAF",1,5.0,5.0,0.0,69.0,69.0,69.0,69.0,19,19,0,1,True,460,1378,INF % NR,INF % NR,TPLOT,TPLOT,P%INF,INFECT,percentage_points,1.08404945,8.404944999999998,108.404945,1387,development_2017_2018,calibration,True,PUCCRE;PUCCST,False,False
BASF|30|2018|TreatmentA,30,2018,UNITED KINGDOM,"52.200000,0.100000|2018",TreatmentA,2018-06-20,"LEAF, 2ND",2,25.0,12.5,12.5,69.0,69.0,69.0,69.0,19,19,0,1,True,461,1379,INF % NR,INF % NR,TPLOT,TPLOT,P%INF,INFECT,percentage_points,1.08404945,8.404944999999998,108.404945,1387,development_2017_2018,calibration,True,PUCCRE;PUCCST,False,False
BASF|30|2018|TreatmentA,30,2018,UNITED KINGDOM,"52.200000,0.100000|2018",TreatmentA,2018-06-27,"LEAF, 1ST / FLAG LEAF",1,20.0,10.5,9.5,71.0,71.0,71.0,71.0,26,26,0,1,True,464,1382,INF % NR,INF % NR,TPLOT,TPLOT,P%INF,INFECT,percentage_points,1.08404945,8.404944999999998,108.404945,1387,development_2017_2018,calibration,True,PUCCRE;PUCCST,False,False
BASF|30|2018|TreatmentA,30,2018,UNITED KINGDOM,"52.200000,0.100000|2018",TreatmentA,2018-06-27,"LEAF, 2ND",2,38.75,21.25,17.5,71.0,71.0,71.0,71.0,26,26,0,1,True,465,1383,INF % NR,INF % NR,TPLOT,TPLOT,P%INF,INFECT,percentage_points,1.08404945,8.404944999999998,108.404945,1387,development_2017_2018,calibration,True,PUCCRE;PUCCST,False,False
BASF|31|2019|TreatmentA,31,2019,BULGARIA,"43.300000,25.000000|2019",TreatmentA,2019-05-22,"LEAF, 3RD",3,13.75,0.0,13.75,64.0,66.0,64.0,66.0,20,20,0,1,True,475,1393,,,TPLOT,TPLOT,P%INF,INFECT,percentage_points,1.09974466,9.974466000000007,109.974466,1403,held_out_2019_no_response_fit_in_this_audit,validation,True,PUCCRE,False,False
BASF|31|2019|TreatmentA,31,2019,BULGARIA,"43.300000,25.000000|2019",TreatmentA,2019-06-01,"LEAF, 2ND",2,10.0,0.0,10.0,69.0,72.0,69.0,72.0,30,30,0,1,True,477,1395,,,TPLOT,TPLOT,P%INF,INFECT,percentage_points,1.09974466,9.974466000000007,109.974466,1403,held_out_2019_no_response_fit_in_this_audit,validation,True,PUCCRE,False,False
BASF|31|2019|TreatmentA,31,2019,BULGARIA,"43.300000,25.000000|2019",TreatmentA,2019-06-01,"LEAF, 3RD",3,31.25,2.5,28.75,69.0,72.0,69.0,72.0,30,30,0,1,True,476,1394,,,TPLOT,TPLOT,P%INF,INFECT,percentage_points,1.09974466,9.974466000000007,109.974466,1403,held_out_2019_no_response_fit_in_this_audit,validation,True,PUCCRE,False,False
BASF|31|2019|TreatmentA,31,2019,BULGARIA,"43.300000,25.000000|2019",TreatmentA,2019-06-07,"LEAF, 1ST / FLAG LEAF",1,5.0,0.0,5.0,74.0,76.0,74.0,76.0,36,36,0,1,True,480,1398,,,TPLOT,TPLOT,P%INF,INFECT,percentage_points,1.09974466,9.974466000000007,109.974466,1403,held_out_2019_no_response_fit_in_this_audit,validation,True,PUCCRE,False,False
BASF|31|2019|TreatmentA,31,2019,BULGARIA,"43.300000,25.000000|2019",TreatmentA,2019-06-07,"LEAF, 2ND",2,17.5,1.25,16.25,74.0,76.0,74.0,76.0,36,36,0,1,True,479,1397,,,TPLOT,TPLOT,P%INF,INFECT,percentage_points,1.09974466,9.974466000000007,109.974466,1403,held_out_2019_no_response_fit_in_this_audit,validation,True,PUCCRE,False,False
BASF|31|2019|TreatmentA,31,2019,BULGARIA,"43.300000,25.000000|2019",TreatmentA,2019-06-11,"LEAF, 1ST / FLAG LEAF",1,6.25,0.0,6.25,75.0,77.0,75.0,77.0,40,40,0,1,True,483,1401,,,TPLOT,TPLOT,P%INF,INFECT,percentage_points,1.09974466,9.974466000000007,109.974466,1403,held_out_2019_no_response_fit_in_this_audit,validation,True,PUCCRE,False,False
BASF|31|2019|TreatmentA,31,2019,BULGARIA,"43.300000,25.000000|2019",TreatmentA,2019-06-11,"LEAF, 2ND",2,21.25,2.5,18.75,75.0,77.0,75.0,77.0,40,40,0,1,True,482,1400,,,TPLOT,TPLOT,P%INF,INFECT,percentage_points,1.09974466,9.974466000000007,109.974466,1403,held_out_2019_no_response_fit_in_this_audit,validation,True,PUCCRE,False,False
BASF|32|2019|TreatmentA,32,2019,BULGARIA,"43.300000,25.000000|2019",TreatmentA,2019-05-22,"LEAF, 3RD",3,6.25,0.0,6.25,64.0,66.0,64.0,66.0,20,20,0,1,True,491,1409,,,TPLOT,TPLOT,P%INF,INFECT,percentage_points,1.1753286699999999,17.532866999999996,117.532867,1418,held_out_2019_no_response_fit_in_this_audit,validation,True,PUCCRE,False,False
BASF|32|2019|TreatmentA,32,2019,BULGARIA,"43.300000,25.000000|2019",TreatmentA,2019-06-01,"LEAF, 2ND",2,8.75,0.0,8.75,69.0,72.0,69.0,72.0,30,30,0,1,True,493,1411,,,TPLOT,TPLOT,P%INF,INFECT,percentage_points,1.1753286699999999,17.532866999999996,117.532867,1418,held_out_2019_no_response_fit_in_this_audit,validation,True,PUCCRE,False,False
BASF|32|2019|TreatmentA,32,2019,BULGARIA,"43.300000,25.000000|2019",TreatmentA,2019-06-01,"LEAF, 3RD",3,17.5,2.5,15.0,69.0,72.0,69.0,72.0,30,30,0,1,True,492,1410,,,TPLOT,TPLOT,P%INF,INFECT,percentage_points,1.1753286699999999,17.532866999999996,117.532867,1418,held_out_2019_no_response_fit_in_this_audit,validation,True,PUCCRE,False,False
BASF|32|2019|TreatmentA,32,2019,BULGARIA,"43.300000,25.000000|2019",TreatmentA,2019-06-07,"LEAF, 1ST / FLAG LEAF",1,6.25,0.0,6.25,74.0,76.0,74.0,76.0,36,36,0,1,True,496,1414,,,TPLOT,TPLOT,P%INF,INFECT,percentage_points,1.1753286699999999,17.532866999999996,117.532867,1418,held_out_2019_no_response_fit_in_this_audit,validation,True,PUCCRE,False,False
BASF|32|2019|TreatmentA,32,2019,BULGARIA,"43.300000,25.000000|2019",TreatmentA,2019-06-07,"LEAF, 2ND",2,17.5,2.5,15.0,74.0,76.0,74.0,76.0,36,36,0,1,True,495,1413,,,TPLOT,TPLOT,P%INF,INFECT,percentage_points,1.1753286699999999,17.532866999999996,117.532867,1418,held_out_2019_no_response_fit_in_this_audit,validation,True,PUCCRE,False,False
BASF|32|2019|TreatmentA,32,2019,BULGARIA,"43.300000,25.000000|2019",TreatmentA,2019-06-10,"LEAF, 1ST / FLAG LEAF",1,7.5,0.0,7.5,74.0,76.0,74.0,76.0,39,39,0,1,True,498,1416,,,TPLOT,TPLOT,P%INF,INFECT,percentage_points,1.1753286699999999,17.532866999999996,117.532867,1418,held_out_2019_no_response_fit_in_this_audit,validation,True,PUCCRE,False,False
BASF|33|2019|TreatmentA,33,2019,BULGARIA,"43.300000,25.000000|2019",TreatmentA,2019-05-15,"LEAF, 3RD",3,13.75,13.75,0.0,55.0,60.0,55.0,60.0,0,0,0,1,True,503,1421,,,TPLOT,TPLOT,P%INF,INFECT,percentage_points,1.0575186600000002,5.751866000000007,105.751866,1436,held_out_2019_no_response_fit_in_this_audit,validation,True,PYRNTR,False,False
BASF|33|2019|TreatmentA,33,2019,BULGARIA,"43.300000,25.000000|2019",TreatmentA,2019-05-25,"LEAF, 2ND",2,5.0,0.0,5.0,66.0,69.0,66.0,69.0,10,10,0,1,True,506,1424,,,TPLOT,TPLOT,P%INF,INFECT,percentage_points,1.0575186600000002,5.751866000000007,105.751866,1436,held_out_2019_no_response_fit_in_this_audit,validation,True,PYRNTR,False,False
BASF|33|2019|TreatmentA,33,2019,BULGARIA,"43.300000,25.000000|2019",TreatmentA,2019-05-25,"LEAF, 3RD",3,31.25,13.75,17.5,66.0,69.0,66.0,69.0,10,10,0,1,True,505,1423,,,TPLOT,TPLOT,P%INF,INFECT,percentage_points,1.0575186600000002,5.751866000000007,105.751866,1436,held_out_2019_no_response_fit_in_this_audit,validation,True,PYRNTR,False,False
BASF|33|2019|TreatmentA,33,2019,BULGARIA,"43.300000,25.000000|2019",TreatmentA,2019-06-04,"LEAF, 1ST / FLAG LEAF",1,5.0,0.0,5.0,69.0,72.0,69.0,72.0,20,20,0,1,True,511,1429,,,TPLOT,TPLOT,P%INF,INFECT,percentage_points,1.0575186600000002,5.751866000000007,105.751866,1436,held_out_2019_no_response_fit_in_this_audit,validation,True,PYRNTR,False,False
BASF|33|2019|TreatmentA,33,2019,BULGARIA,"43.300000,25.000000|2019",TreatmentA,2019-06-04,"LEAF, 2ND",2,10.0,0.0,10.0,69.0,72.0,69.0,72.0,20,20,0,1,True,510,1428,,,TPLOT,TPLOT,P%INF,INFECT,percentage_points,1.0575186600000002,5.751866000000007,105.751866,1436,held_out_2019_no_response_fit_in_this_audit,validation,True,PYRNTR,False,False
BASF|33|2019|TreatmentA,33,2019,BULGARIA,"43.300000,25.000000|2019",TreatmentA,2019-06-11,"LEAF, 1ST / FLAG LEAF",1,13.75,0.0,13.75,74.0,76.0,74.0,76.0,27,27,0,1,True,515,1433,,,TPLOT,TPLOT,P%INF,INFECT,percentage_points,1.0575186600000002,5.751866000000007,105.751866,1436,held_out_2019_no_response_fit_in_this_audit,validation,True,PYRNTR,False,False
BASF|33|2019|TreatmentA,33,2019,BULGARIA,"43.300000,25.000000|2019",TreatmentA,2019-06-11,"LEAF, 2ND",2,25.0,0.0,25.0,74.0,76.0,74.0,76.0,27,27,0,1,True,514,1432,,,TPLOT,TPLOT,P%INF,INFECT,percentage_points,1.0575186600000002,5.751866000000007,105.751866,1436,held_out_2019_no_response_fit_in_this_audit,validation,True,PYRNTR,False,False
BASF|34|2019|TreatmentA,34,2019,BULGARIA,"43.300000,25.000000|2019",TreatmentA,2019-05-15,"LEAF, 3RD",3,1.25,1.25,0.0,55.0,60.0,55.0,60.0,0,0,0,1,True,521,1439,,,TPLOT,TPLOT,P%INF,INFECT,percentage_points,1.11244454,11.244454000000005,111.244454,1455,held_out_2019_no_response_fit_in_this_audit,validation,True,PYRNTR,False,False
BASF|34|2019|TreatmentA,34,2019,BULGARIA,"43.300000,25.000000|2019",TreatmentA,2019-05-25,"LEAF, 2ND",2,5.0,0.0,5.0,66.0,69.0,66.0,69.0,10,10,0,1,True,524,1442,,,TPLOT,TPLOT,P%INF,INFECT,percentage_points,1.11244454,11.244454000000005,111.244454,1455,held_out_2019_no_response_fit_in_this_audit,validation,True,PYRNTR,False,False
BASF|34|2019|TreatmentA,34,2019,BULGARIA,"43.300000,25.000000|2019",TreatmentA,2019-05-25,"LEAF, 3RD",3,10.0,1.25,8.75,66.0,69.0,66.0,69.0,10,10,0,1,True,523,1441,,,TPLOT,TPLOT,P%INF,INFECT,percentage_points,1.11244454,11.244454000000005,111.244454,1455,held_out_2019_no_response_fit_in_this_audit,validation,True,PYRNTR,False,False
BASF|34|2019|TreatmentA,34,2019,BULGARIA,"43.300000,25.000000|2019",TreatmentA,2019-06-04,"LEAF, 1ST / FLAG LEAF",1,3.75,0.0,3.75,69.0,72.0,69.0,72.0,20,20,0,1,True,529,1447,,,TPLOT,TPLOT,P%INF,INFECT,percentage_points,1.11244454,11.244454000000005,111.244454,1455,held_out_2019_no_response_fit_in_this_audit,validation,True,PYRNTR,False,False
BASF|34|2019|TreatmentA,34,2019,BULGARIA,"43.300000,25.000000|2019",TreatmentA,2019-06-04,"LEAF, 2ND",2,13.75,0.0,13.75,69.0,72.0,69.0,72.0,20,20,0,1,True,528,1446,,,TPLOT,TPLOT,P%INF,INFECT,percentage_points,1.11244454,11.244454000000005,111.244454,1455,held_out_2019_no_response_fit_in_this_audit,validation,True,PYRNTR,False,False
BASF|34|2019|TreatmentA,34,2019,BULGARIA,"43.300000,25.000000|2019",TreatmentA,2019-06-04,"LEAF, 3RD",3,21.25,1.25,20.0,69.0,72.0,69.0,72.0,20,20,0,1,True,527,1445,,,TPLOT,TPLOT,P%INF,INFECT,percentage_points,1.11244454,11.244454000000005,111.244454,1455,held_out_2019_no_response_fit_in_this_audit,validation,True,PYRNTR,False,False
BASF|34|2019|TreatmentA,34,2019,BULGARIA,"43.300000,25.000000|2019",TreatmentA,2019-06-11,"LEAF, 1ST / FLAG LEAF",1,10.0,0.0,10.0,74.0,76.0,74.0,76.0,27,27,0,1,True,534,1452,,,TPLOT,TPLOT,P%INF,INFECT,percentage_points,1.11244454,11.244454000000005,111.244454,1455,held_out_2019_no_response_fit_in_this_audit,validation,True,PYRNTR,False,False
BASF|34|2019|TreatmentA,34,2019,BULGARIA,"43.300000,25.000000|2019",TreatmentA,2019-06-11,"LEAF, 2ND",2,21.25,1.25,20.0,74.0,76.0,74.0,76.0,27,27,0,1,True,533,1451,,,TPLOT,TPLOT,P%INF,INFECT,percentage_points,1.11244454,11.244454000000005,111.244454,1455,held_out_2019_no_response_fit_in_this_audit,validation,True,PYRNTR,False,False
BASF|35|2019|TreatmentA,35,2019,CZECH REPUBLIC,"49.500000,17.400000|2019",TreatmentA,2019-05-27,"LEAF, 2ND",2,0.0,0.0,0.0,43.0,51.0,43.0,51.0,10,10,0,1,True,550,1459,,,TPLOT,TPLOT,P%INF,INFECT,percentage_points,1.13390762,13.390761999999995,113.390762,1485,held_out_2019_no_response_fit_in_this_audit,validation,True,ERYSGT;PUCCRE,False,False
BASF|35|2019|TreatmentA,35,2019,CZECH REPUBLIC,"49.500000,17.400000|2019",TreatmentA,2019-05-27,"LEAF, 3RD",3,2.75,0.0,2.75,43.0,51.0,43.0,51.0,10,10,0,1,True,549,1458,,,TPLOT,TPLOT,P%INF,INFECT,percentage_points,1.13390762,13.390761999999995,113.390762,1485,held_out_2019_no_response_fit_in_this_audit,validation,True,ERYSGT;PUCCRE,False,False
BASF|35|2019|TreatmentA,35,2019,CZECH REPUBLIC,"49.500000,17.400000|2019",TreatmentA,2019-06-06,"LEAF, 1ST / FLAG LEAF",1,0.0,0.0,0.0,65.0,67.0,65.0,67.0,20,20,0,1,True,559,1468,,,TPLOT,TPLOT,P%INF,INFECT,percentage_points,1.13390762,13.390761999999995,113.390762,1485,held_out_2019_no_response_fit_in_this_audit,validation,True,ERYSGT;PUCCRE,False,False
BASF|35|2019|TreatmentA,35,2019,CZECH REPUBLIC,"49.500000,17.400000|2019",TreatmentA,2019-06-06,"LEAF, 2ND",2,1.0,0.0,1.0,65.0,67.0,65.0,67.0,20,20,0,1,True,558,1467,,,TPLOT,TPLOT,P%INF,INFECT,percentage_points,1.13390762,13.390761999999995,113.390762,1485,held_out_2019_no_response_fit_in_this_audit,validation,True,ERYSGT;PUCCRE,False,False
BASF|35|2019|TreatmentA,35,2019,CZECH REPUBLIC,"49.500000,17.400000|2019",TreatmentA,2019-06-06,"LEAF, 3RD",3,5.75,1.75,4.0,65.0,67.0,65.0,67.0,20,20,0,1,True,557,1466,,,TPLOT,TPLOT,P%INF,INFECT,percentage_points,1.13390762,13.390761999999995,113.390762,1485,held_out_2019_no_response_fit_in_this_audit,validation,True,ERYSGT;PUCCRE,False,False
BASF|35|2019|TreatmentA,35,2019,CZECH REPUBLIC,"49.500000,17.400000|2019",TreatmentA,2019-06-14,"LEAF, 1ST / FLAG LEAF",1,2.75,2.0,0.75,71.0,73.0,71.0,73.0,28,28,0,1,True,567,1476,,,TPLOT,TPLOT,P%INF,INFECT,percentage_points,1.13390762,13.390761999999995,113.390762,1485,held_out_2019_no_response_fit_in_this_audit,validation,True,ERYSGT;PUCCRE,False,False
BASF|35|2019|TreatmentA,35,2019,CZECH REPUBLIC,"49.500000,17.400000|2019",TreatmentA,2019-06-14,"LEAF, 2ND",2,9.0,5.0,4.0,71.0,73.0,71.0,73.0,28,28,0,1,True,566,1475,,,TPLOT,TPLOT,P%INF,INFECT,percentage_points,1.13390762,13.390761999999995,113.390762,1485,held_out_2019_no_response_fit_in_this_audit,validation,True,ERYSGT;PUCCRE,False,False
BASF|35|2019|TreatmentA,35,2019,CZECH REPUBLIC,"49.500000,17.400000|2019",TreatmentA,2019-06-24,"LEAF, 1ST / FLAG LEAF",1,17.0,5.5,11.5,75.0,75.0,75.0,75.0,38,38,0,1,True,573,1482,,,TPLOT,TPLOT,P%INF,INFECT,percentage_points,1.13390762,13.390761999999995,113.390762,1485,held_out_2019_no_response_fit_in_this_audit,validation,True,ERYSGT;PUCCRE,False,False
BASF|35|2019|TreatmentA,35,2019,CZECH REPUBLIC,"49.500000,17.400000|2019",TreatmentA,2019-06-24,"LEAF, 2ND",2,46.25,14.5,31.75,75.0,75.0,75.0,75.0,38,38,0,1,True,572,1481,,,TPLOT,TPLOT,P%INF,INFECT,percentage_points,1.13390762,13.390761999999995,113.390762,1485,held_out_2019_no_response_fit_in_this_audit,validation,True,ERYSGT;PUCCRE,False,False
BASF|36|2019|TreatmentA,36,2019,GERMANY,"51.000000,6.600000|2019",TreatmentA,2019-06-10,"LEAF, 3RD",3,12.5,3.0,9.5,61.0,61.0,61.0,61.0,25,25,0,1,True,583,1491,INFECT/INFEST.,INFECT/INFEST.,,,P%INF,INFECT,percentage_points,1.3570173600000002,35.70173600000001,135.701736,1500,held_out_2019_no_response_fit_in_this_audit,validation,True,ERYSGA;ERYSGR;ERYSGT;PUCCRT;PUCCST,False,False
BASF|36|2019|TreatmentA,36,2019,GERMANY,"51.000000,6.600000|2019",TreatmentA,2019-06-19,"LEAF, 2ND",2,17.0,7.5,9.5,69.0,71.0,69.0,71.0,34,34,0,1,True,586,1494,INFECT/INFEST.,INFECT/INFEST.,,,P%INF,INFECT,percentage_points,1.3570173600000002,35.70173600000001,135.701736,1500,held_out_2019_no_response_fit_in_this_audit,validation,True,ERYSGA;ERYSGR;ERYSGT;PUCCRT;PUCCST,False,False
BASF|36|2019|TreatmentA,36,2019,GERMANY,"51.000000,6.600000|2019",TreatmentA,2019-06-19,"LEAF, 3RD",3,15.5,8.0,7.5,69.0,71.0,69.0,71.0,34,34,0,1,True,587,1495,INFECT/INFEST.,INFECT/INFEST.,,,P%INF,INFECT,percentage_points,1.3570173600000002,35.70173600000001,135.701736,1500,held_out_2019_no_response_fit_in_this_audit,validation,True,ERYSGA;ERYSGR;ERYSGT;PUCCRT;PUCCST,False,False
BASF|36|2019|TreatmentA,36,2019,GERMANY,"51.000000,6.600000|2019",TreatmentA,2019-06-28,"LEAF, 2ND",2,15.5,7.5,8.0,75.0,75.0,75.0,75.0,43,43,0,1,True,590,1498,INFECT/INFEST.,INFECT/INFEST.,,,P%INF,INFECT,percentage_points,1.3570173600000002,35.70173600000001,135.701736,1500,held_out_2019_no_response_fit_in_this_audit,validation,True,ERYSGA;ERYSGR;ERYSGT;PUCCRT;PUCCST,False,False
BASF|37|2019|TreatmentA,37,2019,GERMANY,"51.600000,8.200000|2019",TreatmentA,2019-06-05,"LEAF, 1ST / FLAG LEAF",1,3.25,1.5,1.75,65.0,65.0,65.0,65.0,19,19,0,1,True,602,1502,INFECT/INFEST.,INFECT/INFEST.,TPLOT,TPLOT,P%INF,INFECT,percentage_points,1.06578227,6.578226999999998,106.578227,1520,held_out_2019_no_response_fit_in_this_audit,validation,True,PUCCRT;PUCCST,False,False
BASF|37|2019|TreatmentA,37,2019,GERMANY,"51.600000,8.200000|2019",TreatmentA,2019-06-05,"LEAF, 2ND",2,11.25,4.0,7.25,65.0,65.0,65.0,65.0,19,19,0,1,True,603,1503,INFECT/INFEST.,INFECT/INFEST.,TPLOT,TPLOT,P%INF,INFECT,percentage_points,1.06578227,6.578226999999998,106.578227,1520,held_out_2019_no_response_fit_in_this_audit,validation,True,PUCCRT;PUCCST,False,False
BASF|37|2019|TreatmentA,37,2019,GERMANY,"51.600000,8.200000|2019",TreatmentA,2019-06-05,"LEAF, 3RD",3,23.75,5.25,18.5,65.0,65.0,65.0,65.0,19,19,0,1,True,604,1504,INFECT/INFEST.,INFECT/INFEST.,TPLOT,TPLOT,P%INF,INFECT,percentage_points,1.06578227,6.578226999999998,106.578227,1520,held_out_2019_no_response_fit_in_this_audit,validation,True,PUCCRT;PUCCST,False,False
BASF|37|2019|TreatmentA,37,2019,GERMANY,"51.600000,8.200000|2019",TreatmentA,2019-06-24,"LEAF, 1ST / FLAG LEAF",1,7.0,2.5,4.5,75.0,75.0,75.0,75.0,38,38,0,1,True,611,1511,INFECT/INFEST.,INFECT/INFEST.,TPLOT,TPLOT,P%INF,INFECT,percentage_points,1.06578227,6.578226999999998,106.578227,1520,held_out_2019_no_response_fit_in_this_audit,validation,True,PUCCRT;PUCCST,False,False
BASF|37|2019|TreatmentA,37,2019,GERMANY,"51.600000,8.200000|2019",TreatmentA,2019-06-24,"LEAF, 2ND",2,25.0,8.0,17.0,75.0,75.0,75.0,75.0,38,38,0,1,True,612,1512,INFECT/INFEST.,INFECT/INFEST.,TPLOT,TPLOT,P%INF,INFECT,percentage_points,1.06578227,6.578226999999998,106.578227,1520,held_out_2019_no_response_fit_in_this_audit,validation,True,PUCCRT;PUCCST,False,False
BASF|37|2019|TreatmentA,37,2019,GERMANY,"51.600000,8.200000|2019",TreatmentA,2019-06-24,"LEAF, 3RD",3,50.0,10.5,39.5,75.0,75.0,75.0,75.0,38,38,0,1,True,613,1513,INFECT/INFEST.,INFECT/INFEST.,TPLOT,TPLOT,P%INF,INFECT,percentage_points,1.06578227,6.578226999999998,106.578227,1520,held_out_2019_no_response_fit_in_this_audit,validation,True,PUCCRT;PUCCST,False,False
BASF|38|2019|TreatmentA,38,2019,GERMANY,"49.600000,10.900000|2019",TreatmentA,2019-06-11,"LEAF, 1ST / FLAG LEAF",1,0.5,0.0,0.5,69.0,70.0,69.0,70.0,18,18,0,1,True,633,1525,INFECT/INFEST.,INFECT/INFEST.,TPLOT,TPLOT,P%INF,INFECT,percentage_points,1.11575329,11.575328999999996,111.575329,1533,held_out_2019_no_response_fit_in_this_audit,validation,True,PYRNTR,False,False
BASF|38|2019|TreatmentA,38,2019,GERMANY,"49.600000,10.900000|2019",TreatmentA,2019-06-11,"LEAF, 2ND",2,4.0,2.0,2.0,69.0,70.0,69.0,70.0,18,18,0,1,True,634,1526,INFECT/INFEST.,INFECT/INFEST.,TPLOT,TPLOT,P%INF,INFECT,percentage_points,1.11575329,11.575328999999996,111.575329,1533,held_out_2019_no_response_fit_in_this_audit,validation,True,PYRNTR,False,False
BASF|38|2019|TreatmentA,38,2019,GERMANY,"49.600000,10.900000|2019",TreatmentA,2019-06-11,"LEAF, 3RD",3,16.0,12.25,3.75,69.0,70.0,69.0,70.0,18,18,0,1,True,635,1527,INFECT/INFEST.,INFECT/INFEST.,TPLOT,TPLOT,P%INF,INFECT,percentage_points,1.11575329,11.575328999999996,111.575329,1533,held_out_2019_no_response_fit_in_this_audit,validation,True,PYRNTR,False,False
BASF|38|2019|TreatmentA,38,2019,GERMANY,"49.600000,10.900000|2019",TreatmentA,2019-06-17,"LEAF, 1ST / FLAG LEAF",1,1.0,0.0,1.0,70.0,72.0,70.0,72.0,24,24,0,1,True,638,1530,INFECT/INFEST.,INFECT/INFEST.,TPLOT,TPLOT,P%INF,INFECT,percentage_points,1.11575329,11.575328999999996,111.575329,1533,held_out_2019_no_response_fit_in_this_audit,validation,True,PYRNTR,False,False
BASF|38|2019|TreatmentA,38,2019,GERMANY,"49.600000,10.900000|2019",TreatmentA,2019-06-17,"LEAF, 2ND",2,5.25,2.0,3.25,70.0,72.0,70.0,72.0,24,24,0,1,True,639,1531,INFECT/INFEST.,INFECT/INFEST.,TPLOT,TPLOT,P%INF,INFECT,percentage_points,1.11575329,11.575328999999996,111.575329,1533,held_out_2019_no_response_fit_in_this_audit,validation,True,PYRNTR,False,False
BASF|39|2019|TreatmentA,39,2019,GERMANY,"52.800000,8.200000|2019",TreatmentA,2019-06-20,"LEAF, 1ST / FLAG LEAF",1,1.5,0.0,1.5,69.0,71.0,69.0,71.0,20,20,0,1,True,652,1541,BEFALL,BEFALL,TPLOT,TPLOT,P%INF,INFECT,percentage_points,1.20086546,20.086546,120.086546,1551,held_out_2019_no_response_fit_in_this_audit,validation,True,PUCCRT;PUCCST;PYRNTR,False,False
BASF|39|2019|TreatmentA,39,2019,GERMANY,"52.800000,8.200000|2019",TreatmentA,2019-06-20,"LEAF, 2ND",2,6.25,2.5,3.75,69.0,71.0,69.0,71.0,20,20,0,1,True,653,1542,BEFALL,BEFALL,TPLOT,TPLOT,P%INF,INFECT,percentage_points,1.20086546,20.086546,120.086546,1551,held_out_2019_no_response_fit_in_this_audit,validation,True,PUCCRT;PUCCST;PYRNTR,False,False
BASF|39|2019|TreatmentA,39,2019,GERMANY,"52.800000,8.200000|2019",TreatmentA,2019-06-20,"LEAF, 3RD",3,32.5,7.75,24.75,69.0,71.0,69.0,71.0,20,20,0,1,True,654,1543,BEFALL,BEFALL,TPLOT,TPLOT,P%INF,INFECT,percentage_points,1.20086546,20.086546,120.086546,1551,held_out_2019_no_response_fit_in_this_audit,validation,True,PUCCRT;PUCCST;PYRNTR,False,False
BASF|42|2019|TreatmentA,42,2019,FRANCE,"50.500000,2.500000|2019",TreatmentA,2019-06-28,"LEAF, 2ND",2,3.2,1.711111,1.4888890000000001,75.0,,75.0,,35,35,0,1,True,682,1566,INFESTATION,INFESTATION,UNIT,UNIT,P%INF,INFECT,percentage_points,1.0155959799999998,1.559597999999994,101.559598,1568,held_out_2019_no_response_fit_in_this_audit,validation,True,,False,False
BASF|42|2019|TreatmentA,42,2019,FRANCE,"50.500000,2.500000|2019",TreatmentA,2019-06-28,"LEAF, 3RD",3,12.6,9.177778,3.4222219999999997,75.0,,75.0,,35,35,0,1,True,683,1567,INFESTATION,INFESTATION,UNIT,UNIT,P%INF,INFECT,percentage_points,1.0155959799999998,1.559597999999994,101.559598,1568,held_out_2019_no_response_fit_in_this_audit,validation,True,,False,False
BASF|43|2019|TreatmentA,43,2019,FRANCE,"49.800000,2.900000|2019",TreatmentA,2019-06-03,"LEAF, 2ND",2,4.844444,1.333333,3.511111,61.0,65.0,61.0,65.0,21,21,0,1,True,689,1570,INFESTATION,INFESTATION,UNIT,UNIT,P%INF,INFECT,percentage_points,1.09287248,9.287248000000005,109.287248,1574,held_out_2019_no_response_fit_in_this_audit,validation,True,,False,False
BASF|43|2019|TreatmentA,43,2019,FRANCE,"49.800000,2.900000|2019",TreatmentA,2019-06-03,"LEAF, 3RD",3,18.577778,8.8,9.777777999999998,61.0,65.0,61.0,65.0,21,21,0,1,True,690,1571,INFESTATION,INFESTATION,UNIT,UNIT,P%INF,INFECT,percentage_points,1.09287248,9.287248000000005,109.287248,1574,held_out_2019_no_response_fit_in_this_audit,validation,True,,False,False
BASF|43|2019|TreatmentA,43,2019,FRANCE,"49.800000,2.900000|2019",TreatmentA,2019-06-20,"LEAF, 1ST / FLAG LEAF",1,52.555556,13.311111,39.244445,75.0,,75.0,,38,38,0,1,True,691,1572,INFESTATION,INFESTATION,UNIT,UNIT,P%INF,INFECT,percentage_points,1.09287248,9.287248000000005,109.287248,1574,held_out_2019_no_response_fit_in_this_audit,validation,True,,False,False
BASF|43|2019|TreatmentA,43,2019,FRANCE,"49.800000,2.900000|2019",TreatmentA,2019-06-20,"LEAF, 2ND",2,92.888889,68.333333,24.55555600000001,75.0,,75.0,,38,38,0,1,True,692,1573,INFESTATION,INFESTATION,UNIT,UNIT,P%INF,INFECT,percentage_points,1.09287248,9.287248000000005,109.287248,1574,held_out_2019_no_response_fit_in_this_audit,validation,True,,False,False
BASF|44|2019|TreatmentA,44,2019,FRANCE,"50.400000,2.600000|2019",TreatmentA,2019-06-14,"LEAF, 2ND",2,10.066667,6.516667,3.5500000000000007,69.0,73.0,69.0,73.0,24,24,0,1,True,701,1577,INFESTATION,INFESTATION,UNIT,UNIT,P%INF,INFECT,percentage_points,1.06035848,6.035848000000001,106.035848,1580,held_out_2019_no_response_fit_in_this_audit,validation,True,,False,False
BASF|44|2019|TreatmentA,44,2019,FRANCE,"50.400000,2.600000|2019",TreatmentA,2019-06-14,"LEAF, 3RD",3,32.5,32.083333,0.4166669999999968,69.0,73.0,69.0,73.0,24,24,0,1,True,700,1576,INFESTATION,INFESTATION,UNIT,UNIT,P%INF,INFECT,percentage_points,1.06035848,6.035848000000001,106.035848,1580,held_out_2019_no_response_fit_in_this_audit,validation,True,,False,False
BASF|44|2019|TreatmentA,44,2019,FRANCE,"50.400000,2.600000|2019",TreatmentA,2019-07-02,"LEAF, 1ST / FLAG LEAF",1,42.0,24.633333,17.366667,75.0,79.0,75.0,79.0,42,42,0,1,True,703,1579,INFESTATION,INFESTATION,UNIT,UNIT,P%INF,INFECT,percentage_points,1.06035848,6.035848000000001,106.035848,1580,held_out_2019_no_response_fit_in_this_audit,validation,True,,False,False
BASF|44|2019|TreatmentA,44,2019,FRANCE,"50.400000,2.600000|2019",TreatmentA,2019-07-02,"LEAF, 2ND",2,87.5,74.25,13.25,75.0,79.0,75.0,79.0,42,42,0,1,True,702,1578,INFESTATION,INFESTATION,UNIT,UNIT,P%INF,INFECT,percentage_points,1.06035848,6.035848000000001,106.035848,1580,held_out_2019_no_response_fit_in_this_audit,validation,True,,False,False
BASF|45|2019|TreatmentA,45,2019,FRANCE,"48.000000,-2.400000|2019",TreatmentA,2019-05-23,"LEAF, 2ND",2,3.716667,2.066667,1.6500000000000004,65.0,65.0,65.0,65.0,24,24,0,1,True,715,1582,INFESTATION,INFESTATION,UNIT,UNIT,P%INF,INFECT,percentage_points,1.11627584,11.627583999999999,111.627584,1590,held_out_2019_no_response_fit_in_this_audit,validation,True,,False,False
BASF|45|2019|TreatmentA,45,2019,FRANCE,"48.000000,-2.400000|2019",TreatmentA,2019-05-23,"LEAF, 3RD",3,27.466667,16.35,11.116667,65.0,65.0,65.0,65.0,24,24,0,1,True,716,1583,INFESTATION,INFESTATION,UNIT,UNIT,P%INF,INFECT,percentage_points,1.11627584,11.627583999999999,111.627584,1590,held_out_2019_no_response_fit_in_this_audit,validation,True,,False,False
BASF|45|2019|TreatmentA,45,2019,FRANCE,"48.000000,-2.400000|2019",TreatmentA,2019-06-14,"LEAF, 1ST / FLAG LEAF",1,14.583333,3.216667,11.366665999999999,75.0,77.0,75.0,77.0,46,46,0,1,True,718,1585,INFESTATION,INFESTATION,UNIT,UNIT,P%INF,INFECT,percentage_points,1.11627584,11.627583999999999,111.627584,1590,held_out_2019_no_response_fit_in_this_audit,validation,True,,False,False
BASF|45|2019|TreatmentA,45,2019,FRANCE,"48.000000,-2.400000|2019",TreatmentA,2019-06-14,"LEAF, 2ND",2,64.416667,21.583333,42.83333400000001,75.0,77.0,75.0,77.0,46,46,0,1,True,719,1586,INFESTATION,INFESTATION,UNIT,UNIT,P%INF,INFECT,percentage_points,1.11627584,11.627583999999999,111.627584,1590,held_out_2019_no_response_fit_in_this_audit,validation,True,,False,False
BASF|45|2019|TreatmentA,45,2019,FRANCE,"48.000000,-2.400000|2019",TreatmentA,2019-06-14,"LEAF, 3RD",3,99.666667,96.25,3.416667000000004,75.0,77.0,75.0,77.0,46,46,0,1,True,720,1587,INFESTATION,INFESTATION,UNIT,UNIT,P%INF,INFECT,percentage_points,1.11627584,11.627583999999999,111.627584,1590,held_out_2019_no_response_fit_in_this_audit,validation,True,,False,False
BASF|45|2019|TreatmentA,45,2019,FRANCE,"48.000000,-2.400000|2019",TreatmentA,2019-06-24,"LEAF, 1ST / FLAG LEAF",1,64.45,13.866667,50.583333,77.0,80.0,77.0,80.0,56,56,0,1,True,721,1588,INFESTATION,INFESTATION,UNIT,UNIT,P%INF,INFECT,percentage_points,1.11627584,11.627583999999999,111.627584,1590,held_out_2019_no_response_fit_in_this_audit,validation,True,,False,False
BASF|45|2019|TreatmentA,45,2019,FRANCE,"48.000000,-2.400000|2019",TreatmentA,2019-06-24,"LEAF, 2ND",2,99.833333,83.616667,16.21666599999999,77.0,80.0,77.0,80.0,56,56,0,1,True,722,1589,INFESTATION,INFESTATION,UNIT,UNIT,P%INF,INFECT,percentage_points,1.11627584,11.627583999999999,111.627584,1590,held_out_2019_no_response_fit_in_this_audit,validation,True,,False,False
BASF|46|2019|TreatmentA,46,2019,FRANCE,"48.000000,1.800000|2019",TreatmentA,2019-06-24,"LEAF, 2ND",2,3.25,0.816667,2.433333,75.0,,75.0,,33,33,0,1,True,725,1592,INFESTATION,INFESTATION,UNIT,UNIT,P%INF,INFECT,percentage_points,1.02676434,2.6764340000000004,102.676434,1594,held_out_2019_no_response_fit_in_this_audit,validation,True,,False,False
BASF|46|2019|TreatmentA,46,2019,FRANCE,"48.000000,1.800000|2019",TreatmentA,2019-06-24,"LEAF, 3RD",3,12.2,3.3,8.899999999999999,75.0,,75.0,,33,33,0,1,True,726,1593,INFSTATION,INFSTATION,UNIT,UNIT,P%INF,INFECT,percentage_points,1.02676434,2.6764340000000004,102.676434,1594,held_out_2019_no_response_fit_in_this_audit,validation,True,,False,False
BASF|47|2019|TreatmentA,47,2019,FRANCE,"49.800000,2.900000|2019",TreatmentA,2019-06-14,"LEAF, 1ST / FLAG LEAF",1,11.5,3.066667,8.433333000000001,69.0,,69.0,,28,28,0,1,True,729,1596,INFESTATION,INFESTATION,UNIT,UNIT,P%INF,INFECT,percentage_points,1.15423918,15.423918,115.423918,1600,held_out_2019_no_response_fit_in_this_audit,validation,True,,False,False
BASF|47|2019|TreatmentA,47,2019,FRANCE,"49.800000,2.900000|2019",TreatmentA,2019-06-14,"LEAF, 2ND",2,49.666667,29.45,20.216666999999998,69.0,,69.0,,28,28,0,1,True,730,1597,INFESTATION,INFESTATION,UNIT,UNIT,P%INF,INFECT,percentage_points,1.15423918,15.423918,115.423918,1600,held_out_2019_no_response_fit_in_this_audit,validation,True,,False,False
BASF|47|2019|TreatmentA,47,2019,FRANCE,"49.800000,2.900000|2019",TreatmentA,2019-06-26,"LEAF, 1ST / FLAG LEAF",1,66.5,26.05,40.45,75.0,,75.0,,40,40,0,1,True,731,1598,INFESTATION,INFESTATION,UNIT,UNIT,P%INF,INFECT,percentage_points,1.15423918,15.423918,115.423918,1600,held_out_2019_no_response_fit_in_this_audit,validation,True,,False,False
BASF|47|2019|TreatmentA,47,2019,FRANCE,"49.800000,2.900000|2019",TreatmentA,2019-06-26,"LEAF, 2ND",2,99.666667,78.833333,20.833334000000008,75.0,,75.0,,40,40,0,1,True,732,1599,INFESTATION,INFESTATION,UNIT,UNIT,P%INF,INFECT,percentage_points,1.15423918,15.423918,115.423918,1600,held_out_2019_no_response_fit_in_this_audit,validation,True,,False,False
BASF|48|2019|TreatmentA,48,2019,POLAND,"51.100000,17.600000|2019",TreatmentA,2019-05-27,"LEAF, 1ST / FLAG LEAF",1,4.0,0.0,4.0,39.0,47.0,39.0,47.0,11,11,0,1,True,741,1605,,,TPLOT,TPLOT,P%INF,INFECT,percentage_points,1.17263655,17.263655,117.263655,1620,held_out_2019_no_response_fit_in_this_audit,validation,True,PUCCRT,False,False
BASF|48|2019|TreatmentA,48,2019,POLAND,"51.100000,17.600000|2019",TreatmentA,2019-05-27,"LEAF, 2ND",2,25.0,0.0,25.0,39.0,47.0,39.0,47.0,11,11,0,1,True,740,1604,,,TPLOT,TPLOT,P%INF,INFECT,percentage_points,1.17263655,17.263655,117.263655,1620,held_out_2019_no_response_fit_in_this_audit,validation,True,PUCCRT,False,False
BASF|48|2019|TreatmentA,48,2019,POLAND,"51.100000,17.600000|2019",TreatmentA,2019-05-27,"LEAF, 3RD",3,30.0,15.0,15.0,39.0,47.0,39.0,47.0,11,11,0,1,True,739,1603,,,TPLOT,TPLOT,P%INF,INFECT,percentage_points,1.17263655,17.263655,117.263655,1620,held_out_2019_no_response_fit_in_this_audit,validation,True,PUCCRT,False,False
BASF|48|2019|TreatmentA,48,2019,POLAND,"51.100000,17.600000|2019",TreatmentA,2019-06-07,"LEAF, 1ST / FLAG LEAF",1,15.0,0.0,15.0,64.0,66.0,64.0,66.0,22,22,0,1,True,748,1612,,,TPLOT,TPLOT,P%INF,INFECT,percentage_points,1.17263655,17.263655,117.263655,1620,held_out_2019_no_response_fit_in_this_audit,validation,True,PUCCRT,False,False
BASF|48|2019|TreatmentA,48,2019,POLAND,"51.100000,17.600000|2019",TreatmentA,2019-06-07,"LEAF, 2ND",2,40.0,15.0,25.0,64.0,66.0,64.0,66.0,22,22,0,1,True,747,1611,,,TPLOT,TPLOT,P%INF,INFECT,percentage_points,1.17263655,17.263655,117.263655,1620,held_out_2019_no_response_fit_in_this_audit,validation,True,PUCCRT,False,False
BASF|48|2019|TreatmentA,48,2019,POLAND,"51.100000,17.600000|2019",TreatmentA,2019-06-07,"LEAF, 3RD",3,48.75,32.5,16.25,64.0,66.0,64.0,66.0,22,22,0,1,True,746,1610,,,TPLOT,TPLOT,P%INF,INFECT,percentage_points,1.17263655,17.263655,117.263655,1620,held_out_2019_no_response_fit_in_this_audit,validation,True,PUCCRT,False,False
BASF|48|2019|TreatmentA,48,2019,POLAND,"51.100000,17.600000|2019",TreatmentA,2019-06-20,"LEAF, 1ST / FLAG LEAF",1,42.5,25.0,17.5,75.0,75.0,75.0,75.0,35,35,0,1,True,753,1617,,,TPLOT,TPLOT,P%INF,INFECT,percentage_points,1.17263655,17.263655,117.263655,1620,held_out_2019_no_response_fit_in_this_audit,validation,True,PUCCRT,False,False
BASF|48|2019|TreatmentA,48,2019,POLAND,"51.100000,17.600000|2019",TreatmentA,2019-06-20,"LEAF, 2ND",2,42.5,33.75,8.75,75.0,75.0,75.0,75.0,35,35,0,1,True,752,1616,,,TPLOT,TPLOT,P%INF,INFECT,percentage_points,1.17263655,17.263655,117.263655,1620,held_out_2019_no_response_fit_in_this_audit,validation,True,PUCCRT,False,False
BASF|49|2019|TreatmentA,49,2019,POLAND,"52.500000,16.700000|2019",TreatmentA,2019-06-06,"LEAF, 3RD",3,1.5,0.0,1.5,61.0,63.0,61.0,63.0,20,20,0,1,True,761,1624,INFECT/INFEST.,INFECT/INFEST.,TPLOT,TPLOT,P%INF,INFECT,percentage_points,1.08124816,8.124815999999996,108.124816,1635,held_out_2019_no_response_fit_in_this_audit,validation,True,PUCCRT,False,False
BASF|49|2019|TreatmentA,49,2019,POLAND,"52.500000,16.700000|2019",TreatmentA,2019-06-17,"LEAF, 2ND",2,2.0,0.0,2.0,67.0,71.0,67.0,71.0,31,31,0,1,True,764,1627,INFECT/INFEST.,INFECT/INFEST.,TPLOT,TPLOT,P%INF,INFECT,percentage_points,1.08124816,8.124815999999996,108.124816,1635,held_out_2019_no_response_fit_in_this_audit,validation,True,PUCCRT,False,False
BASF|49|2019|TreatmentA,49,2019,POLAND,"52.500000,16.700000|2019",TreatmentA,2019-06-17,"LEAF, 3RD",3,7.5,0.0,7.5,67.0,71.0,67.0,71.0,31,31,0,1,True,763,1626,INFECT/INFEST.,INFECT/INFEST.,TPLOT,TPLOT,P%INF,INFECT,percentage_points,1.08124816,8.124815999999996,108.124816,1635,held_out_2019_no_response_fit_in_this_audit,validation,True,PUCCRT,False,False
BASF|49|2019|TreatmentA,49,2019,POLAND,"52.500000,16.700000|2019",TreatmentA,2019-06-21,"LEAF, 1ST / FLAG LEAF",1,7.0,0.75,6.25,75.0,77.0,75.0,77.0,35,35,0,1,True,769,1632,INFECT/INFEST.,INFECT/INFEST.,TPLOT,TPLOT,P%INF,INFECT,percentage_points,1.08124816,8.124815999999996,108.124816,1635,held_out_2019_no_response_fit_in_this_audit,validation,True,PUCCRT,False,False
BASF|49|2019|TreatmentA,49,2019,POLAND,"52.500000,16.700000|2019",TreatmentA,2019-06-21,"LEAF, 2ND",2,8.75,1.0,7.75,75.0,77.0,75.0,77.0,35,35,0,1,True,768,1631,INFECT/INFEST.,INFECT/INFEST.,TPLOT,TPLOT,P%INF,INFECT,percentage_points,1.08124816,8.124815999999996,108.124816,1635,held_out_2019_no_response_fit_in_this_audit,validation,True,PUCCRT,False,False
BASF|50|2019|TreatmentA,50,2019,POLAND,"52.100000,17.200000|2019",TreatmentA,2019-06-13,"LEAF, 3RD",3,14.75,3.5,11.25,75.0,75.0,75.0,75.0,20,20,0,1,True,778,1639,,,TPLOT,TPLOT,P%INF,INFECT,percentage_points,1.03844079,3.8440789999999936,103.844079,1640,held_out_2019_no_response_fit_in_this_audit,validation,True,PYRNTR,False,False
BASF|51|2019|TreatmentA,51,2019,POLAND,"50.300000,18.500000|2019",TreatmentA,2019-06-03,"LEAF, 3RD",3,1.0,1.35,-0.3500000000000001,51.0,55.0,51.0,55.0,10,10,0,1,True,787,1648,,,TPLOT,TPLOT,P%INF,INFECT,percentage_points,1.12833289,12.833288999999994,112.833289,1658,held_out_2019_no_response_fit_in_this_audit,validation,True,ERYSGR;PUCCRT,False,False
BASF|51|2019|TreatmentA,51,2019,POLAND,"50.300000,18.500000|2019",TreatmentA,2019-06-13,"LEAF, 1ST / FLAG LEAF",1,5.1,0.15,4.949999999999999,67.0,71.0,67.0,71.0,20,20,0,1,True,793,1654,,,TPLOT,TPLOT,P%INF,INFECT,percentage_points,1.12833289,12.833288999999994,112.833289,1658,held_out_2019_no_response_fit_in_this_audit,validation,True,ERYSGR;PUCCRT,False,False
BASF|51|2019|TreatmentA,51,2019,POLAND,"50.300000,18.500000|2019",TreatmentA,2019-06-13,"LEAF, 2ND",2,7.75,2.3,5.45,67.0,71.0,67.0,71.0,20,20,0,1,True,792,1653,,,TPLOT,TPLOT,P%INF,INFECT,percentage_points,1.12833289,12.833288999999994,112.833289,1658,held_out_2019_no_response_fit_in_this_audit,validation,True,ERYSGR;PUCCRT,False,False
BASF|51|2019|TreatmentA,51,2019,POLAND,"50.300000,18.500000|2019",TreatmentA,2019-06-23,"LEAF, 1ST / FLAG LEAF",1,11.4,2.1,9.3,75.0,75.0,75.0,75.0,30,30,0,1,True,796,1657,,,TPLOT,TPLOT,P%INF,INFECT,percentage_points,1.12833289,12.833288999999994,112.833289,1658,held_out_2019_no_response_fit_in_this_audit,validation,True,ERYSGR;PUCCRT,False,False
BASF|52|2019|TreatmentA,52,2019,POLAND,"52.800000,16.900000|2019",TreatmentA,2019-05-31,"LEAF, 3RD",3,6.0275,0.0,6.0275,61.0,69.0,61.0,69.0,10,10,0,1,True,804,1665,"B1, ... , B5","B1, ... , B5",PLANT,PLANT,P%INF,INFECT,percentage_points,1.14520676,14.520675999999995,114.520676,1674,held_out_2019_no_response_fit_in_this_audit,validation,True,PUCCRT,False,False
BASF|52|2019|TreatmentA,52,2019,POLAND,"52.800000,16.900000|2019",TreatmentA,2019-06-10,"LEAF, 2ND",2,3.2625,0.165,3.0975,71.0,73.0,71.0,73.0,20,20,0,1,True,808,1669,"B1, ... , B5","B1, ... , B5",PLANT,PLANT,P%INF,INFECT,percentage_points,1.14520676,14.520675999999995,114.520676,1674,held_out_2019_no_response_fit_in_this_audit,validation,True,PUCCRT,False,False
BASF|52|2019|TreatmentA,52,2019,POLAND,"52.800000,16.900000|2019",TreatmentA,2019-06-10,"LEAF, 3RD",3,13.6225,1.785,11.8375,71.0,73.0,71.0,73.0,20,20,0,1,True,807,1668,"B1, ... , B5","B1, ... , B5",PLANT,PLANT,P%INF,INFECT,percentage_points,1.14520676,14.520675999999995,114.520676,1674,held_out_2019_no_response_fit_in_this_audit,validation,True,PUCCRT,False,False
BASF|52|2019|TreatmentA,52,2019,POLAND,"52.800000,16.900000|2019",TreatmentA,2019-06-20,"LEAF, 1ST / FLAG LEAF",1,6.635,3.655,2.98,75.0,77.0,75.0,77.0,30,30,0,1,True,812,1673,"B1, ... , B5","B1, ... , B5",PLANT,PLANT,P%INF,INFECT,percentage_points,1.14520676,14.520675999999995,114.520676,1674,held_out_2019_no_response_fit_in_this_audit,validation,True,PUCCRT,False,False
BASF|52|2019|TreatmentA,52,2019,POLAND,"52.800000,16.900000|2019",TreatmentA,2019-06-20,"LEAF, 2ND",2,10.1325,2.415,7.7175,75.0,77.0,75.0,77.0,30,30,0,1,True,811,1672,"B1, ... , B5","B1, ... , B5",PLANT,PLANT,P%INF,INFECT,percentage_points,1.14520676,14.520675999999995,114.520676,1674,held_out_2019_no_response_fit_in_this_audit,validation,True,PUCCRT,False,False
BASF|53|2019|TreatmentA,53,2019,POLAND,"53.200000,17.700000|2019",TreatmentA,2019-06-10,"LEAF, 3RD",3,2.25,0.175,2.075,59.0,65.0,59.0,65.0,11,11,0,1,True,819,1677,INFECT/INFEST.,INFECT/INFEST.,TPLOT,TPLOT,P%INF,INFECT,percentage_points,1.04566981,4.566980999999998,104.566981,1684,held_out_2019_no_response_fit_in_this_audit,validation,True,PUCCRT;PUCCST;PYRNTR,False,False
BASF|53|2019|TreatmentA,53,2019,POLAND,"53.200000,17.700000|2019",TreatmentA,2019-06-20,"LEAF, 2ND",2,3.875,0.15,3.725,71.0,75.0,71.0,75.0,21,21,0,1,True,823,1681,INFECT/INFEST.,INFECT/INFEST.,TPLOT,TPLOT,P%INF,INFECT,percentage_points,1.04566981,4.566980999999998,104.566981,1684,held_out_2019_no_response_fit_in_this_audit,validation,True,PUCCRT;PUCCST;PYRNTR,False,False
BASF|54|2019|TreatmentA,54,2019,POLAND,"52.600000,16.400000|2019",TreatmentA,2019-06-13,"LEAF, 1ST / FLAG LEAF",1,2.5,0.75,1.75,69.0,71.0,69.0,71.0,20,20,0,1,True,835,1690,,,TPLOT,TPLOT,P%INF,INFECT,percentage_points,1.00827324,0.8273240000000044,100.827324,1696,held_out_2019_no_response_fit_in_this_audit,validation,True,PUCCSI;PUCCST,False,False
BASF|54|2019|TreatmentA,54,2019,POLAND,"52.600000,16.400000|2019",TreatmentA,2019-06-13,"LEAF, 2ND",2,4.5,4.0,0.5,71.0,72.0,71.0,72.0,20,20,0,1,True,836,1691,,,TPLOT,TPLOT,P%INF,INFECT,percentage_points,1.00827324,0.8273240000000044,100.827324,1696,held_out_2019_no_response_fit_in_this_audit,validation,True,PUCCSI;PUCCST,False,False
BASF|54|2019|TreatmentA,54,2019,POLAND,"52.600000,16.400000|2019",TreatmentA,2019-06-24,"LEAF, 1ST / FLAG LEAF",1,9.25,3.0,6.25,71.0,72.0,71.0,72.0,31,31,0,1,True,839,1694,,,TPLOT,TPLOT,P%INF,INFECT,percentage_points,1.00827324,0.8273240000000044,100.827324,1696,held_out_2019_no_response_fit_in_this_audit,validation,True,PUCCSI;PUCCST,False,False
BASF|54|2019|TreatmentA,54,2019,POLAND,"52.600000,16.400000|2019",TreatmentA,2019-06-24,"LEAF, 2ND",2,21.25,8.75,12.5,77.0,79.0,77.0,79.0,31,31,0,1,True,840,1695,,,TPLOT,TPLOT,P%INF,INFECT,percentage_points,1.00827324,0.8273240000000044,100.827324,1696,held_out_2019_no_response_fit_in_this_audit,validation,True,PUCCSI;PUCCST,False,False
BASF|55|2019|TreatmentA,55,2019,POLAND,"52.100000,17.200000|2019",TreatmentA,2019-06-11,"LEAF, 2ND",2,11.0,4.0,7.0,73.0,73.0,73.0,73.0,21,21,0,1,True,845,1699,,,TPLOT,TPLOT,P%INF,INFECT,percentage_points,1.0285335,2.853350000000006,102.85335,1701,held_out_2019_no_response_fit_in_this_audit,validation,True,,False,False
BASF|55|2019|TreatmentA,55,2019,POLAND,"52.100000,17.200000|2019",TreatmentA,2019-06-17,"LEAF, 2ND",2,16.75,5.5,11.25,75.0,75.0,75.0,75.0,27,27,0,1,True,846,1700,,,TPLOT,TPLOT,P%INF,INFECT,percentage_points,1.0285335,2.853350000000006,102.85335,1701,held_out_2019_no_response_fit_in_this_audit,validation,True,,False,False
BASF|56|2019|TreatmentA,56,2019,POLAND,"50.300000,18.500000|2019",TreatmentA,2019-06-09,"LEAF, 1ST / FLAG LEAF",1,7.05,4.25,2.8,61.0,61.0,61.0,61.0,10,10,0,1,True,856,1705,,,TPLOT,TPLOT,P%INF,INFECT,percentage_points,1.03726619,3.7266189999999995,103.726619,1714,held_out_2019_no_response_fit_in_this_audit,validation,True,ERYSGR;PUCCRE;PUCCST;PYRNTR,False,False
BASF|56|2019|TreatmentA,56,2019,POLAND,"50.300000,18.500000|2019",TreatmentA,2019-06-09,"LEAF, 2ND",2,8.75,3.5,5.25,61.0,61.0,61.0,61.0,10,10,0,1,True,857,1706,,,TPLOT,TPLOT,P%INF,INFECT,percentage_points,1.03726619,3.7266189999999995,103.726619,1714,held_out_2019_no_response_fit_in_this_audit,validation,True,ERYSGR;PUCCRE;PUCCST;PYRNTR,False,False
BASF|56|2019|TreatmentA,56,2019,POLAND,"50.300000,18.500000|2019",TreatmentA,2019-06-19,"LEAF, 1ST / FLAG LEAF",1,8.15,4.65,3.5,69.0,69.0,69.0,69.0,20,20,0,1,True,860,1709,,,TPLOT,TPLOT,P%INF,INFECT,percentage_points,1.03726619,3.7266189999999995,103.726619,1714,held_out_2019_no_response_fit_in_this_audit,validation,True,ERYSGR;PUCCRE;PUCCST;PYRNTR,False,False
BASF|56|2019|TreatmentA,56,2019,POLAND,"50.300000,18.500000|2019",TreatmentA,2019-06-19,"LEAF, 2ND",2,10.5,3.55,6.95,69.0,69.0,69.0,69.0,20,20,0,1,True,861,1710,,,TPLOT,TPLOT,P%INF,INFECT,percentage_points,1.03726619,3.7266189999999995,103.726619,1714,held_out_2019_no_response_fit_in_this_audit,validation,True,ERYSGR;PUCCRE;PUCCST;PYRNTR,False,False
BASF|56|2019|TreatmentA,56,2019,POLAND,"50.300000,18.500000|2019",TreatmentA,2019-06-28,"LEAF, 1ST / FLAG LEAF",1,16.25,3.55,12.7,75.0,75.0,75.0,75.0,29,29,0,1,True,862,1711,,,TPLOT,TPLOT,P%INF,INFECT,percentage_points,1.03726619,3.7266189999999995,103.726619,1714,held_out_2019_no_response_fit_in_this_audit,validation,True,ERYSGR;PUCCRE;PUCCST;PYRNTR,False,False
BASF|57|2019|TreatmentA,57,2019,POLAND,"53.200000,17.700000|2019",TreatmentA,2019-06-10,"LEAF, 3RD",3,1.8,0.15,1.6500000000000001,59.0,65.0,59.0,65.0,11,11,0,1,True,871,1717,INFECT/INFEST.,INFECT/INFEST.,TPLOT,TPLOT,P%INF,INFECT,percentage_points,1.03923012,3.923012,103.923012,1724,held_out_2019_no_response_fit_in_this_audit,validation,True,PUCCRT;PUCCST;PYRNTR,False,False
BASF|57|2019|TreatmentA,57,2019,POLAND,"53.200000,17.700000|2019",TreatmentA,2019-06-20,"LEAF, 2ND",2,3.675,0.15,3.525,71.0,75.0,71.0,75.0,21,21,0,1,True,875,1721,INFECT/INFEST.,INFECT/INFEST.,TPLOT,TPLOT,P%INF,INFECT,percentage_points,1.03923012,3.923012,103.923012,1724,held_out_2019_no_response_fit_in_this_audit,validation,True,PUCCRT;PUCCST;PYRNTR,False,False
BASF|59|2019|TreatmentA,59,2019,POLAND,"52.100000,17.300000|2019",TreatmentA,2019-06-13,"LEAF, 2ND",2,16.0,3.0,13.0,75.0,75.0,75.0,75.0,20,20,0,1,True,894,1738,,,TPLOT,TPLOT,P%INF,INFECT,percentage_points,1.0180413400000001,1.8041340000000048,101.804134,1740,held_out_2019_no_response_fit_in_this_audit,validation,True,PUCCST,False,False
BASF|60|2019|TreatmentA,60,2019,ROMANIA,"44.500000,26.600000|2019",TreatmentA,2019-05-04,"LEAF, 1ST / FLAG LEAF",1,0.0,0.0,0.0,49.0,51.0,49.0,51.0,0,0,0,1,True,901,1745,,,TPLOT,TPLOT,P%INF,INFECT,percentage_points,1.1517409299999999,15.174093,115.174093,1762,held_out_2019_no_response_fit_in_this_audit,validation,True,ERYSGR,False,False
BASF|60|2019|TreatmentA,60,2019,ROMANIA,"44.500000,26.600000|2019",TreatmentA,2019-05-04,"LEAF, 2ND",2,0.0,0.0,0.0,49.0,51.0,49.0,51.0,0,0,0,1,True,900,1744,,,TPLOT,TPLOT,P%INF,INFECT,percentage_points,1.1517409299999999,15.174093,115.174093,1762,held_out_2019_no_response_fit_in_this_audit,validation,True,ERYSGR,False,False
BASF|60|2019|TreatmentA,60,2019,ROMANIA,"44.500000,26.600000|2019",TreatmentA,2019-05-04,"LEAF, 3RD",3,0.0,0.0,0.0,49.0,51.0,49.0,51.0,0,0,0,1,True,899,1743,,,TPLOT,TPLOT,P%INF,INFECT,percentage_points,1.1517409299999999,15.174093,115.174093,1762,held_out_2019_no_response_fit_in_this_audit,validation,True,ERYSGR,False,False
BASF|60|2019|TreatmentA,60,2019,ROMANIA,"44.500000,26.600000|2019",TreatmentA,2019-05-14,"LEAF, 1ST / FLAG LEAF",1,0.0,0.0,0.0,61.0,63.0,61.0,63.0,10,10,0,1,True,906,1750,,,TPLOT,TPLOT,P%INF,INFECT,percentage_points,1.1517409299999999,15.174093,115.174093,1762,held_out_2019_no_response_fit_in_this_audit,validation,True,ERYSGR,False,False
BASF|60|2019|TreatmentA,60,2019,ROMANIA,"44.500000,26.600000|2019",TreatmentA,2019-05-14,"LEAF, 2ND",2,5.5,0.0,5.5,61.0,63.0,61.0,63.0,10,10,0,1,True,905,1749,,,TPLOT,TPLOT,P%INF,INFECT,percentage_points,1.1517409299999999,15.174093,115.174093,1762,held_out_2019_no_response_fit_in_this_audit,validation,True,ERYSGR,False,False
BASF|60|2019|TreatmentA,60,2019,ROMANIA,"44.500000,26.600000|2019",TreatmentA,2019-05-14,"LEAF, 3RD",3,21.525,3.75,17.775,61.0,63.0,61.0,63.0,10,10,0,1,True,904,1748,,,TPLOT,TPLOT,P%INF,INFECT,percentage_points,1.1517409299999999,15.174093,115.174093,1762,held_out_2019_no_response_fit_in_this_audit,validation,True,ERYSGR,False,False
BASF|60|2019|TreatmentA,60,2019,ROMANIA,"44.500000,26.600000|2019",TreatmentA,2019-05-24,"LEAF, 1ST / FLAG LEAF",1,0.0,0.0,0.0,67.0,69.0,67.0,69.0,20,20,0,1,True,911,1755,,,TPLOT,TPLOT,P%INF,INFECT,percentage_points,1.1517409299999999,15.174093,115.174093,1762,held_out_2019_no_response_fit_in_this_audit,validation,True,ERYSGR,False,False
BASF|60|2019|TreatmentA,60,2019,ROMANIA,"44.500000,26.600000|2019",TreatmentA,2019-05-24,"LEAF, 2ND",2,11.5,1.425,10.075,67.0,69.0,67.0,69.0,20,20,0,1,True,910,1754,,,TPLOT,TPLOT,P%INF,INFECT,percentage_points,1.1517409299999999,15.174093,115.174093,1762,held_out_2019_no_response_fit_in_this_audit,validation,True,ERYSGR,False,False
BASF|60|2019|TreatmentA,60,2019,ROMANIA,"44.500000,26.600000|2019",TreatmentA,2019-05-24,"LEAF, 3RD",3,45.1875,5.9375,39.25,67.0,69.0,67.0,69.0,20,20,0,1,True,909,1753,,,TPLOT,TPLOT,P%INF,INFECT,percentage_points,1.1517409299999999,15.174093,115.174093,1762,held_out_2019_no_response_fit_in_this_audit,validation,True,ERYSGR,False,False
BASF|60|2019|TreatmentA,60,2019,ROMANIA,"44.500000,26.600000|2019",TreatmentA,2019-06-03,"LEAF, 1ST / FLAG LEAF",1,0.0,0.0,0.0,75.0,75.0,75.0,75.0,30,30,0,1,True,915,1759,,,TPLOT,TPLOT,P%INF,INFECT,percentage_points,1.1517409299999999,15.174093,115.174093,1762,held_out_2019_no_response_fit_in_this_audit,validation,True,ERYSGR,False,False
BASF|60|2019|TreatmentA,60,2019,ROMANIA,"44.500000,26.600000|2019",TreatmentA,2019-06-03,"LEAF, 2ND",2,25.125,5.375,19.75,75.0,75.0,75.0,75.0,30,30,0,1,True,914,1758,,,TPLOT,TPLOT,P%INF,INFECT,percentage_points,1.1517409299999999,15.174093,115.174093,1762,held_out_2019_no_response_fit_in_this_audit,validation,True,ERYSGR,False,False
BASF|61|2019|TreatmentA,61,2019,ROMANIA,"44.200000,26.400000|2019",TreatmentA,2019-05-15,"LEAF, 1ST / FLAG LEAF",1,0.0,0.0,0.0,53.0,55.0,53.0,55.0,0,0,0,1,True,923,1767,,,TPLOT,TPLOT,P%INF,INFECT,percentage_points,1.0664763800000001,6.647638000000001,106.647638,1781,held_out_2019_no_response_fit_in_this_audit,validation,True,PUCCRT;ZZYYFF,False,False
BASF|61|2019|TreatmentA,61,2019,ROMANIA,"44.200000,26.400000|2019",TreatmentA,2019-05-15,"LEAF, 2ND",2,0.0,0.0,0.0,53.0,55.0,53.0,55.0,0,0,0,1,True,922,1766,,,TPLOT,TPLOT,P%INF,INFECT,percentage_points,1.0664763800000001,6.647638000000001,106.647638,1781,held_out_2019_no_response_fit_in_this_audit,validation,True,PUCCRT;ZZYYFF,False,False
BASF|61|2019|TreatmentA,61,2019,ROMANIA,"44.200000,26.400000|2019",TreatmentA,2019-05-15,"LEAF, 3RD",3,6.875,6.8,0.07500000000000018,53.0,55.0,53.0,55.0,0,0,0,1,True,921,1765,,,TPLOT,TPLOT,P%INF,INFECT,percentage_points,1.0664763800000001,6.647638000000001,106.647638,1781,held_out_2019_no_response_fit_in_this_audit,validation,True,PUCCRT;ZZYYFF,False,False
BASF|61|2019|TreatmentA,61,2019,ROMANIA,"44.200000,26.400000|2019",TreatmentA,2019-05-25,"LEAF, 1ST / FLAG LEAF",1,0.0,0.0,0.0,63.0,65.0,63.0,65.0,10,10,0,1,True,927,1771,,,TPLOT,TPLOT,P%INF,INFECT,percentage_points,1.0664763800000001,6.647638000000001,106.647638,1781,held_out_2019_no_response_fit_in_this_audit,validation,True,PUCCRT;ZZYYFF,False,False
BASF|61|2019|TreatmentA,61,2019,ROMANIA,"44.200000,26.400000|2019",TreatmentA,2019-05-25,"LEAF, 2ND",2,3.0,0.0,3.0,63.0,65.0,63.0,65.0,10,10,0,1,True,926,1770,,,TPLOT,TPLOT,P%INF,INFECT,percentage_points,1.0664763800000001,6.647638000000001,106.647638,1781,held_out_2019_no_response_fit_in_this_audit,validation,True,PUCCRT;ZZYYFF,False,False
BASF|61|2019|TreatmentA,61,2019,ROMANIA,"44.200000,26.400000|2019",TreatmentA,2019-05-25,"LEAF, 3RD",3,31.5,8.525,22.975,63.0,65.0,63.0,65.0,10,10,0,1,True,925,1769,,,TPLOT,TPLOT,P%INF,INFECT,percentage_points,1.0664763800000001,6.647638000000001,106.647638,1781,held_out_2019_no_response_fit_in_this_audit,validation,True,PUCCRT;ZZYYFF,False,False
BASF|61|2019|TreatmentA,61,2019,ROMANIA,"44.200000,26.400000|2019",TreatmentA,2019-06-05,"LEAF, 1ST / FLAG LEAF",1,0.0,0.0,0.0,71.0,73.0,71.0,73.0,21,21,0,1,True,931,1775,,,TPLOT,TPLOT,P%INF,INFECT,percentage_points,1.0664763800000001,6.647638000000001,106.647638,1781,held_out_2019_no_response_fit_in_this_audit,validation,True,PUCCRT;ZZYYFF,False,False
BASF|61|2019|TreatmentA,61,2019,ROMANIA,"44.200000,26.400000|2019",TreatmentA,2019-06-05,"LEAF, 2ND",2,16.875,2.475,14.4,71.0,73.0,71.0,73.0,21,21,0,1,True,930,1774,,,TPLOT,TPLOT,P%INF,INFECT,percentage_points,1.0664763800000001,6.647638000000001,106.647638,1781,held_out_2019_no_response_fit_in_this_audit,validation,True,PUCCRT;ZZYYFF,False,False
BASF|61|2019|TreatmentA,61,2019,ROMANIA,"44.200000,26.400000|2019",TreatmentA,2019-06-05,"LEAF, 3RD",3,47.25,10.475,36.775,71.0,73.0,71.0,73.0,21,21,0,1,True,929,1773,,,TPLOT,TPLOT,P%INF,INFECT,percentage_points,1.0664763800000001,6.647638000000001,106.647638,1781,held_out_2019_no_response_fit_in_this_audit,validation,True,PUCCRT;ZZYYFF,False,False
BASF|62|2019|TreatmentA,62,2019,SLOWAKIA,"48.600000,19.300000|2019",TreatmentA,2019-06-04,"LEAF, 3RD",3,9.6875,2.1875,7.5,69.0,69.0,69.0,69.0,20,20,0,1,True,941,1785,,,SAMPLE,SAMPLE,P%INF,INFECT,percentage_points,1.0533480400000002,5.334804000000005,105.334804,1790,held_out_2019_no_response_fit_in_this_audit,validation,True,,False,False
BASF|62|2019|TreatmentA,62,2019,SLOWAKIA,"48.600000,19.300000|2019",TreatmentA,2019-06-14,"LEAF, 1ST / FLAG LEAF",1,3.125,0.0,3.125,71.0,71.0,71.0,71.0,30,30,0,1,True,942,1786,,,SAMPLE,SAMPLE,P%INF,INFECT,percentage_points,1.0533480400000002,5.334804000000005,105.334804,1790,held_out_2019_no_response_fit_in_this_audit,validation,True,,False,False
BASF|62|2019|TreatmentA,62,2019,SLOWAKIA,"48.600000,19.300000|2019",TreatmentA,2019-06-14,"LEAF, 2ND",2,9.6875,1.875,7.8125,71.0,71.0,71.0,71.0,30,30,0,1,True,943,1787,,,SAMPLE,SAMPLE,P%INF,INFECT,percentage_points,1.0533480400000002,5.334804000000005,105.334804,1790,held_out_2019_no_response_fit_in_this_audit,validation,True,,False,False
BASF|62|2019|TreatmentA,62,2019,SLOWAKIA,"48.600000,19.300000|2019",TreatmentA,2019-06-14,"LEAF, 3RD",3,22.1875,9.6875,12.5,71.0,71.0,71.0,71.0,30,30,0,1,True,944,1788,,,SAMPLE,SAMPLE,P%INF,INFECT,percentage_points,1.0533480400000002,5.334804000000005,105.334804,1790,held_out_2019_no_response_fit_in_this_audit,validation,True,,False,False
BASF|62|2019|TreatmentA,62,2019,SLOWAKIA,"48.600000,19.300000|2019",TreatmentA,2019-06-24,"LEAF, 1ST / FLAG LEAF",1,27.5,15.0,12.5,75.0,75.0,75.0,75.0,40,40,0,1,True,945,1789,,,SAMPLE,SAMPLE,P%INF,INFECT,percentage_points,1.0533480400000002,5.334804000000005,105.334804,1790,held_out_2019_no_response_fit_in_this_audit,validation,True,,False,False
BASF|63|2019|TreatmentA,63,2019,SLOWAKIA,"49.200000,20.500000|2019",TreatmentA,2019-07-10,"LEAF, 1ST / FLAG LEAF",1,27.5,1.5,26.0,73.0,75.0,73.0,75.0,30,30,0,1,True,952,1795,,,TPLOT,TPLOT,P%INF,INFECT,percentage_points,1.10193271,10.193270999999996,110.193271,1796,held_out_2019_no_response_fit_in_this_audit,validation,True,,False,False
BASF|64|2019|TreatmentA,64,2019,SLOWAKIA,"48.800000,21.400000|2019",TreatmentA,2019-06-08,"LEAF, 2ND",2,5.0,0.25,4.75,69.0,69.0,69.0,69.0,12,12,0,1,True,957,1798,INFECT/INFEST.,INFECT/INFEST.,TPLOT,TPLOT,P%INF,INFECT,percentage_points,1.07662991,7.662991000000005,107.662991,1805,held_out_2019_no_response_fit_in_this_audit,validation,True,PUCCRE,False,False
BASF|64|2019|TreatmentA,64,2019,SLOWAKIA,"48.800000,21.400000|2019",TreatmentA,2019-06-16,"LEAF, 2ND",2,7.5,0.4,7.1,72.0,74.0,72.0,74.0,20,20,0,1,True,958,1799,INFECT/INFEST.,INFECT/INFEST.,TPLOT,TPLOT,P%INF,INFECT,percentage_points,1.07662991,7.662991000000005,107.662991,1805,held_out_2019_no_response_fit_in_this_audit,validation,True,PUCCRE,False,False
BASF|64|2019|TreatmentA,64,2019,SLOWAKIA,"48.800000,21.400000|2019",TreatmentA,2019-06-24,"LEAF, 1ST / FLAG LEAF",1,13.4375,0.375,13.0625,75.0,77.0,75.0,77.0,28,28,0,1,True,961,1802,INFECT/INFEST.,INFECT/INFEST.,TPLOT,TPLOT,P%INF,INFECT,percentage_points,1.07662991,7.662991000000005,107.662991,1805,held_out_2019_no_response_fit_in_this_audit,validation,True,PUCCRE,False,False
BASF|64|2019|TreatmentA,64,2019,SLOWAKIA,"48.800000,21.400000|2019",TreatmentA,2019-06-24,"LEAF, 2ND",2,17.8125,1.8125,16.0,75.0,77.0,75.0,77.0,28,28,0,1,True,960,1801,INFECT/INFEST.,INFECT/INFEST.,TPLOT,TPLOT,P%INF,INFECT,percentage_points,1.07662991,7.662991000000005,107.662991,1805,held_out_2019_no_response_fit_in_this_audit,validation,True,PUCCRE,False,False
BASF|65|2019|TreatmentA,65,2019,IRELAND,"51.900000,-8.300000|2019",TreatmentA,2019-06-03,"LEAF, 2ND",2,7.9375,3.6875,4.25,60.0,62.0,60.0,62.0,41,41,0,1,True,970,1809,INF % NR,INF % NR,TPLOT,TPLOT,P%INF,INFECT,percentage_points,1.05319097,5.319096999999999,105.319097,1817,held_out_2019_no_response_fit_in_this_audit,validation,True,,False,False
BASF|65|2019|TreatmentA,65,2019,IRELAND,"51.900000,-8.300000|2019",TreatmentA,2019-06-03,"LEAF, 3RD",3,45.0,24.9375,20.0625,60.0,62.0,60.0,62.0,41,41,0,1,True,971,1810,INF % NR,INF % NR,TPLOT,TPLOT,P%INF,INFECT,percentage_points,1.05319097,5.319096999999999,105.319097,1817,held_out_2019_no_response_fit_in_this_audit,validation,True,,False,False
BASF|65|2019|TreatmentA,65,2019,IRELAND,"51.900000,-8.300000|2019",TreatmentA,2019-06-12,"LEAF, 2ND",2,24.0625,10.9375,13.125,62.0,65.0,62.0,65.0,50,50,0,1,True,972,1811,INF % NR,INF % NR,TPLOT,TPLOT,P%INF,INFECT,percentage_points,1.05319097,5.319096999999999,105.319097,1817,held_out_2019_no_response_fit_in_this_audit,validation,True,,False,False
BASF|65|2019|TreatmentA,65,2019,IRELAND,"51.900000,-8.300000|2019",TreatmentA,2019-06-12,"LEAF, 3RD",3,91.875,65.9375,25.9375,62.0,65.0,62.0,65.0,50,50,0,1,True,973,1812,INF % NR,INF % NR,TPLOT,TPLOT,P%INF,INFECT,percentage_points,1.05319097,5.319096999999999,105.319097,1817,held_out_2019_no_response_fit_in_this_audit,validation,True,,False,False
BASF|65|2019|TreatmentA,65,2019,IRELAND,"51.900000,-8.300000|2019",TreatmentA,2019-06-22,"LEAF, 2ND",2,54.0625,28.125,25.9375,70.0,75.0,70.0,75.0,60,60,0,1,True,974,1813,INF % NR,INF % NR,TPLOT,TPLOT,P%INF,INFECT,percentage_points,1.05319097,5.319096999999999,105.319097,1817,held_out_2019_no_response_fit_in_this_audit,validation,True,,False,False
BASF|65|2019|TreatmentA,65,2019,IRELAND,"51.900000,-8.300000|2019",TreatmentA,2019-06-22,"LEAF, 3RD",3,98.4375,77.8125,20.625,70.0,75.0,70.0,75.0,60,60,0,1,True,975,1814,INF % NR,INF % NR,TPLOT,TPLOT,P%INF,INFECT,percentage_points,1.05319097,5.319096999999999,105.319097,1817,held_out_2019_no_response_fit_in_this_audit,validation,True,,False,False
BASF|65|2019|TreatmentA,65,2019,IRELAND,"51.900000,-8.300000|2019",TreatmentA,2019-07-02,"LEAF, 1ST / FLAG LEAF",1,48.75,29.5625,19.1875,80.0,82.0,80.0,82.0,70,70,0,1,True,976,1815,INF % NR,INF % NR,TPLOT,TPLOT,P%INF,INFECT,percentage_points,1.05319097,5.319096999999999,105.319097,1817,held_out_2019_no_response_fit_in_this_audit,validation,True,,False,False
BASF|65|2019|TreatmentA,65,2019,IRELAND,"51.900000,-8.300000|2019",TreatmentA,2019-07-02,"LEAF, 2ND",2,99.6875,89.6875,10.0,80.0,82.0,80.0,82.0,70,70,0,1,True,977,1816,INF % NR,INF % NR,TPLOT,TPLOT,P%INF,INFECT,percentage_points,1.05319097,5.319096999999999,105.319097,1817,held_out_2019_no_response_fit_in_this_audit,validation,True,,False,False
BASF|66|2019|TreatmentA,66,2019,UNITED KINGDOM,"52.200000,1.000000|2019",TreatmentA,2019-06-10,"LEAF, 2ND",2,17.5,5.0,12.5,65.0,71.0,65.0,71.0,11,11,0,1,True,992,1822,INF % NR,INF % NR,TPLOT,TPLOT,P%INF,INFECT,percentage_points,1.03344854,3.344853999999998,103.344854,1829,held_out_2019_no_response_fit_in_this_audit,validation,True,PUCCRT,False,False
BASF|66|2019|TreatmentA,66,2019,UNITED KINGDOM,"52.200000,1.000000|2019",TreatmentA,2019-06-10,"LEAF, 3RD",3,52.5,22.5,30.0,65.0,71.0,65.0,71.0,11,11,0,1,True,993,1823,INF % NR,INF % NR,TPLOT,TPLOT,P%INF,INFECT,percentage_points,1.03344854,3.344853999999998,103.344854,1829,held_out_2019_no_response_fit_in_this_audit,validation,True,PUCCRT,False,False
BASF|66|2019|TreatmentA,66,2019,UNITED KINGDOM,"52.200000,1.000000|2019",TreatmentA,2019-06-21,"LEAF, 1ST / FLAG LEAF",1,6.0,4.25,1.75,69.0,75.0,69.0,75.0,22,22,0,1,True,996,1826,INF % NR,INF % NR,TPLOT,TPLOT,P%INF,INFECT,percentage_points,1.03344854,3.344853999999998,103.344854,1829,held_out_2019_no_response_fit_in_this_audit,validation,True,PUCCRT,False,False
BASF|66|2019|TreatmentA,66,2019,UNITED KINGDOM,"52.200000,1.000000|2019",TreatmentA,2019-06-21,"LEAF, 2ND",2,18.75,12.5,6.25,69.0,75.0,69.0,75.0,22,22,0,1,True,997,1827,INF % NR,INF % NR,TPLOT,TPLOT,P%INF,INFECT,percentage_points,1.03344854,3.344853999999998,103.344854,1829,held_out_2019_no_response_fit_in_this_audit,validation,True,PUCCRT,False,False
BASF|66|2019|TreatmentA,66,2019,UNITED KINGDOM,"52.200000,1.000000|2019",TreatmentA,2019-07-01,"LEAF, 1ST / FLAG LEAF",1,32.5,17.5,15.0,73.0,75.0,73.0,75.0,32,32,0,1,True,998,1828,INF % NR,INF % NR,TPLOT,TPLOT,P%INF,INFECT,percentage_points,1.03344854,3.344853999999998,103.344854,1829,held_out_2019_no_response_fit_in_this_audit,validation,True,PUCCRT,False,False
BASF|67|2019|TreatmentA,67,2019,UNITED KINGDOM,"52.200000,0.900000|2019",TreatmentA,2019-06-11,"LEAF, 3RD",3,25.0,18.75,6.25,55.0,61.0,55.0,61.0,21,21,0,1,True,1008,1836,INF % NR,INF % NR,TPLOT,TPLOT,P%INF,INFECT,percentage_points,1.60482808,60.482808000000006,160.482808,1844,held_out_2019_no_response_fit_in_this_audit,validation,True,PUCCRT,False,False
BASF|67|2019|TreatmentA,67,2019,UNITED KINGDOM,"52.200000,0.900000|2019",TreatmentA,2019-06-21,"LEAF, 3RD",3,100.0,16.25,83.75,65.0,69.0,65.0,69.0,31,31,0,1,True,1011,1839,INF % NR,INF % NR,TPLOT,TPLOT,P%INF,INFECT,percentage_points,1.60482808,60.482808000000006,160.482808,1844,held_out_2019_no_response_fit_in_this_audit,validation,True,PUCCRT,False,False
BASF|67|2019|TreatmentA,67,2019,UNITED KINGDOM,"52.200000,0.900000|2019",TreatmentA,2019-07-02,"LEAF, 2ND",2,100.0,8.5,91.5,73.0,76.0,73.0,76.0,42,42,0,1,True,1015,1843,INF % NR,INF % NR,TPLOT,TPLOT,P%INF,INFECT,percentage_points,1.60482808,60.482808000000006,160.482808,1844,held_out_2019_no_response_fit_in_this_audit,validation,True,PUCCRT,False,False
BASF|67|2019|TreatmentA,67,2019,UNITED KINGDOM,"52.200000,0.900000|2019",TreatmentA,2019-07-02,"LEAF, 3RD",3,100.0,17.5,82.5,73.0,76.0,73.0,76.0,42,42,0,1,True,1014,1842,INF % NR,INF % NR,TPLOT,TPLOT,P%INF,INFECT,percentage_points,1.60482808,60.482808000000006,160.482808,1844,held_out_2019_no_response_fit_in_this_audit,validation,True,PUCCRT,False,False
BASF|68|2019|TreatmentA,68,2019,UNITED KINGDOM,"52.200000,0.300000|2019",TreatmentA,2019-06-24,"LEAF, 1ST / FLAG LEAF",1,5.3125,2.5625,2.75,66.0,66.0,66.0,66.0,20,20,0,1,True,1025,1849,INF % NR,INF % NR,TPLOT,TPLOT,P%INF,INFECT,percentage_points,1.03377808,3.3778080000000017,103.377808,1854,held_out_2019_no_response_fit_in_this_audit,validation,True,PUCCRT,False,False
BASF|68|2019|TreatmentA,68,2019,UNITED KINGDOM,"52.200000,0.300000|2019",TreatmentA,2019-06-24,"LEAF, 2ND",2,10.8125,4.1875,6.625,66.0,66.0,66.0,66.0,20,20,0,1,True,1023,1847,INF % NR,INF % NR,TPLOT,TPLOT,P%INF,INFECT,percentage_points,1.03377808,3.3778080000000017,103.377808,1854,held_out_2019_no_response_fit_in_this_audit,validation,True,PUCCRT,False,False
BASF|68|2019|TreatmentA,68,2019,UNITED KINGDOM,"52.200000,0.300000|2019",TreatmentA,2019-07-03,"LEAF, 1ST / FLAG LEAF",1,10.0,6.625,3.375,75.0,75.0,75.0,75.0,29,29,0,1,True,1029,1853,INF % NR,INF % NR,TPLOT,TPLOT,P%INF,INFECT,percentage_points,1.03377808,3.3778080000000017,103.377808,1854,held_out_2019_no_response_fit_in_this_audit,validation,True,PUCCRT,False,False
BASF|68|2019|TreatmentA,68,2019,UNITED KINGDOM,"52.200000,0.300000|2019",TreatmentA,2019-07-03,"LEAF, 2ND",2,20.0,10.125,9.875,75.0,75.0,75.0,75.0,29,29,0,1,True,1027,1851,INF % NR,INF % NR,TPLOT,TPLOT,P%INF,INFECT,percentage_points,1.03377808,3.3778080000000017,103.377808,1854,held_out_2019_no_response_fit_in_this_audit,validation,True,PUCCRT,False,False
BASF|69|2019|TreatmentA,69,2019,UNITED KINGDOM,"51.500000,-1.700000|2019",TreatmentA,2019-05-31,"LEAF, 3RD",3,26.25,7.75,18.5,45.0,51.0,45.0,51.0,29,29,0,1,True,1053,1867,INF % NR,INF % NR,TPLOT,TPLOT,P%INF,INFECT,percentage_points,1.50084599,50.084599,150.084599,1868,held_out_2019_no_response_fit_in_this_audit,validation,True,PUCCST,False,False
BASF|71|2019|TreatmentA,71,2019,UNITED KINGDOM,"52.000000,-2.200000|2019",TreatmentA,2019-05-31,"LEAF, 2ND",2,25.0,7.25,17.75,59.0,61.0,59.0,61.0,31,31,0,1,True,1085,1885,INF % NR,INF % NR,TPLOT,TPLOT,P%INF,INFECT,percentage_points,1.3453472199999998,34.53472199999999,134.534722,1890,held_out_2019_no_response_fit_in_this_audit,validation,True,PUCCST,False,False
BASF|71|2019|TreatmentA,71,2019,UNITED KINGDOM,"52.000000,-2.200000|2019",TreatmentA,2019-05-31,"LEAF, 3RD",3,30.0,3.25,26.75,59.0,61.0,59.0,61.0,31,31,0,1,True,1084,1884,INF % NR,INF % NR,TPLOT,TPLOT,P%INF,INFECT,percentage_points,1.3453472199999998,34.53472199999999,134.534722,1890,held_out_2019_no_response_fit_in_this_audit,validation,True,PUCCST,False,False
BASF|71|2019|TreatmentA,71,2019,UNITED KINGDOM,"52.000000,-2.200000|2019",TreatmentA,2019-06-07,"LEAF, 3RD",3,100.0,3.75,96.25,61.0,65.0,61.0,65.0,38,38,0,1,True,1089,1889,INF % NR,INF % NR,TPLOT,TPLOT,P%INF,INFECT,percentage_points,1.3453472199999998,34.53472199999999,134.534722,1890,held_out_2019_no_response_fit_in_this_audit,validation,True,PUCCST,False,False
BASF|76|2017|TreatmentA,76,2017,UNITED KINGDOM,"51.700000,-1.900000|2017",TreatmentA,2017-06-22,"LEAF, 2ND",2,10.0,6.0,4.0,65.0,69.0,65.0,69.0,21,21,0,1,True,1156,1893,INF % NR,INF % NR,TPLOT,TPLOT,P%INF,INFECT,percentage_points,1.06181,6.180999999999997,106.181,1897,development_2017_2018,calibration,True,PUCCRT,False,False
BASF|76|2017|TreatmentA,76,2017,UNITED KINGDOM,"51.700000,-1.900000|2017",TreatmentA,2017-06-22,"LEAF, 3RD",3,30.0,18.75,11.25,65.0,69.0,65.0,69.0,21,21,0,1,True,1155,1892,INF % NR,INF % NR,TPLOT,TPLOT,P%INF,INFECT,percentage_points,1.06181,6.180999999999997,106.181,1897,development_2017_2018,calibration,True,PUCCRT,False,False
BASF|11|2017|TreatmentB,11,2017,NETHERLANDS,"53.400000,6.700000|2017",TreatmentB,2017-06-14,"LEAF, 1ST / FLAG LEAF",1,2.0,0.625,1.375,65.0,67.0,65.0,67.0,23,23,0,1,True,144,1906,INFECT/INFEST.,INFECT/INFEST.,TPLOT,TPLOT,P%INF,INFECT,percentage_points,1.03156029,3.1560290000000037,103.156029,1914,development_2017_2018,calibration,True,,False,False
BASF|11|2017|TreatmentB,11,2017,NETHERLANDS,"53.400000,6.700000|2017",TreatmentB,2017-06-14,"LEAF, 2ND",2,10.0,5.75,4.25,65.0,67.0,65.0,67.0,23,23,0,1,True,145,1907,INFECT/INFEST.,INFECT/INFEST.,TPLOT,TPLOT,P%INF,INFECT,percentage_points,1.03156029,3.1560290000000037,103.156029,1914,development_2017_2018,calibration,True,,False,False
BASF|11|2017|TreatmentB,11,2017,NETHERLANDS,"53.400000,6.700000|2017",TreatmentB,2017-06-14,"LEAF, 3RD",3,32.5,23.75,8.75,65.0,67.0,65.0,67.0,23,23,0,1,True,146,1908,INFECT/INFEST.,INFECT/INFEST.,TPLOT,TPLOT,P%INF,INFECT,percentage_points,1.03156029,3.1560290000000037,103.156029,1914,development_2017_2018,calibration,True,,False,False
BASF|11|2017|TreatmentB,11,2017,NETHERLANDS,"53.400000,6.700000|2017",TreatmentB,2017-06-21,"LEAF, 1ST / FLAG LEAF",1,7.25,3.75,3.5,69.0,81.0,69.0,81.0,30,30,0,1,True,147,1909,INFECT/INFEST.,INFECT/INFEST.,TPLOT,TPLOT,P%INF,INFECT,percentage_points,1.03156029,3.1560290000000037,103.156029,1914,development_2017_2018,calibration,True,,False,False
BASF|11|2017|TreatmentB,11,2017,NETHERLANDS,"53.400000,6.700000|2017",TreatmentB,2017-06-21,"LEAF, 2ND",2,26.25,20.75,5.5,69.0,81.0,69.0,81.0,30,30,0,1,True,148,1910,INFECT/INFEST.,INFECT/INFEST.,TPLOT,TPLOT,P%INF,INFECT,percentage_points,1.03156029,3.1560290000000037,103.156029,1914,development_2017_2018,calibration,True,,False,False
BASF|11|2017|TreatmentB,11,2017,NETHERLANDS,"53.400000,6.700000|2017",TreatmentB,2017-06-21,"LEAF, 3RD",3,66.25,51.25,15.0,69.0,81.0,69.0,81.0,30,30,0,1,True,149,1911,INFECT/INFEST.,INFECT/INFEST.,TPLOT,TPLOT,P%INF,INFECT,percentage_points,1.03156029,3.1560290000000037,103.156029,1914,development_2017_2018,calibration,True,,False,False
BASF|11|2017|TreatmentB,11,2017,NETHERLANDS,"53.400000,6.700000|2017",TreatmentB,2017-06-30,"LEAF, 1ST / FLAG LEAF",1,63.75,40.0,23.75,83.0,83.0,83.0,83.0,39,39,0,1,True,150,1912,INFECT/INFEST.,INFECT/INFEST.,TPLOT,TPLOT,P%INF,INFECT,percentage_points,1.03156029,3.1560290000000037,103.156029,1914,development_2017_2018,calibration,True,,False,False
BASF|11|2017|TreatmentB,11,2017,NETHERLANDS,"53.400000,6.700000|2017",TreatmentB,2017-06-30,"LEAF, 2ND",2,95.5,77.5,18.0,83.0,83.0,83.0,83.0,39,39,0,1,True,151,1913,INFECT/INFEST.,INFECT/INFEST.,TPLOT,TPLOT,P%INF,INFECT,percentage_points,1.03156029,3.1560290000000037,103.156029,1914,development_2017_2018,calibration,True,,False,False
BASF|1|2017|TreatmentC,1,2017,GERMANY,"48.300000,12.000000|2017",TreatmentC,2017-05-29,"LEAF, 2ND",2,13.5,1.75,11.75,49.0,49.0,49.0,49.0,11,11,0,1,True,6,1924,INFECT/INFEST.,INFECT/INFEST.,TPLOT,TPLOT,P%INF,INFECT,percentage_points,1.33498742,33.49874199999999,133.498742,1933,development_2017_2018,calibration,True,,False,False
BASF|1|2017|TreatmentC,1,2017,GERMANY,"48.300000,12.000000|2017",TreatmentC,2017-05-29,"LEAF, 3RD",3,80.0,25.0,55.0,49.0,49.0,49.0,49.0,11,11,0,1,True,5,1923,INFECT/INFEST.,INFECT/INFEST.,TPLOT,TPLOT,P%INF,INFECT,percentage_points,1.33498742,33.49874199999999,133.498742,1933,development_2017_2018,calibration,True,,False,False
BASF|1|2017|TreatmentC,1,2017,GERMANY,"48.300000,12.000000|2017",TreatmentC,2017-06-06,"LEAF, 2ND",2,35.0,5.0,30.0,65.0,65.0,65.0,65.0,19,19,0,1,True,9,1927,INFECT/INFEST.,INFECT/INFEST.,TPLOT,TPLOT,P%INF,INFECT,percentage_points,1.33498742,33.49874199999999,133.498742,1933,development_2017_2018,calibration,True,,False,False
BASF|1|2017|TreatmentC,1,2017,GERMANY,"48.300000,12.000000|2017",TreatmentC,2017-06-06,"LEAF, 3RD",3,88.75,36.25,52.5,65.0,65.0,65.0,65.0,19,19,0,1,True,8,1926,INFECT/INFEST.,INFECT/INFEST.,TPLOT,TPLOT,P%INF,INFECT,percentage_points,1.33498742,33.49874199999999,133.498742,1933,development_2017_2018,calibration,True,,False,False
BASF|1|2017|TreatmentC,1,2017,GERMANY,"48.300000,12.000000|2017",TreatmentC,2017-06-13,"LEAF, 1ST / FLAG LEAF",1,11.5,0.0,11.5,71.0,71.0,71.0,71.0,26,26,0,1,True,12,1930,INFECT/INFEST.,INFECT/INFEST.,TPLOT,TPLOT,P%INF,INFECT,percentage_points,1.33498742,33.49874199999999,133.498742,1933,development_2017_2018,calibration,True,,False,False
BASF|1|2017|TreatmentC,1,2017,GERMANY,"48.300000,12.000000|2017",TreatmentC,2017-06-13,"LEAF, 2ND",2,80.0,11.0,69.0,71.0,71.0,71.0,71.0,26,26,0,1,True,11,1929,INFECT/INFEST.,INFECT/INFEST.,TPLOT,TPLOT,P%INF,INFECT,percentage_points,1.33498742,33.49874199999999,133.498742,1933,development_2017_2018,calibration,True,,False,False
BASF|1|2017|TreatmentC,1,2017,GERMANY,"48.300000,12.000000|2017",TreatmentC,2017-06-13,"LEAF, 3RD",3,100.0,100.0,0.0,71.0,71.0,71.0,71.0,26,26,0,1,True,10,1928,INFECT/INFEST.,INFECT/INFEST.,TPLOT,TPLOT,P%INF,INFECT,percentage_points,1.33498742,33.49874199999999,133.498742,1933,development_2017_2018,calibration,True,,False,False
BASF|1|2017|TreatmentC,1,2017,GERMANY,"48.300000,12.000000|2017",TreatmentC,2017-06-26,"LEAF, 1ST / FLAG LEAF",1,95.0,12.75,82.25,75.0,75.0,75.0,75.0,39,39,0,1,True,14,1932,INFECT/INFEST.,INFECT/INFEST.,TPLOT,TPLOT,P%INF,INFECT,percentage_points,1.33498742,33.49874199999999,133.498742,1933,development_2017_2018,calibration,True,,False,False
BASF|1|2017|TreatmentC,1,2017,GERMANY,"48.300000,12.000000|2017",TreatmentC,2017-06-26,"LEAF, 2ND",2,100.0,22.5,77.5,75.0,75.0,75.0,75.0,39,39,0,1,True,13,1931,INFECT/INFEST.,INFECT/INFEST.,TPLOT,TPLOT,P%INF,INFECT,percentage_points,1.33498742,33.49874199999999,133.498742,1933,development_2017_2018,calibration,True,,False,False
BASF|2|2017|TreatmentC,2,2017,GERMANY,"54.000000,12.600000|2017",TreatmentC,2017-06-10,"LEAF, 2ND",2,15.0,5.0,10.0,55.0,61.0,55.0,61.0,19,19,0,1,True,22,1935,BEFALL,BEFALL,TPLOT,TPLOT,P%INF,INFECT,percentage_points,1.32831583,32.831582999999995,132.831583,1943,development_2017_2018,calibration,True,,False,False
BASF|2|2017|TreatmentC,2,2017,GERMANY,"54.000000,12.600000|2017",TreatmentC,2017-06-10,"LEAF, 3RD",3,32.5,13.0,19.5,55.0,61.0,55.0,61.0,19,19,0,1,True,23,1936,BEFALL,BEFALL,TPLOT,TPLOT,P%INF,INFECT,percentage_points,1.32831583,32.831582999999995,132.831583,1943,development_2017_2018,calibration,True,,False,False
BASF|2|2017|TreatmentC,2,2017,GERMANY,"54.000000,12.600000|2017",TreatmentC,2017-06-20,"LEAF, 1ST / FLAG LEAF",1,14.5,1.0,13.5,69.0,71.0,69.0,71.0,29,29,0,1,True,25,1938,BEFALL,BEFALL,TPLOT,TPLOT,P%INF,INFECT,percentage_points,1.32831583,32.831582999999995,132.831583,1943,development_2017_2018,calibration,True,,False,False
BASF|2|2017|TreatmentC,2,2017,GERMANY,"54.000000,12.600000|2017",TreatmentC,2017-06-20,"LEAF, 2ND",2,30.0,7.0,23.0,69.0,71.0,69.0,71.0,29,29,0,1,True,26,1939,BEFALL,BEFALL,TPLOT,TPLOT,P%INF,INFECT,percentage_points,1.32831583,32.831582999999995,132.831583,1943,development_2017_2018,calibration,True,,False,False
BASF|2|2017|TreatmentC,2,2017,GERMANY,"54.000000,12.600000|2017",TreatmentC,2017-06-20,"LEAF, 3RD",3,70.0,31.25,38.75,69.0,71.0,69.0,71.0,29,29,0,1,True,27,1940,BEFALL,BEFALL,TPLOT,TPLOT,P%INF,INFECT,percentage_points,1.32831583,32.831582999999995,132.831583,1943,development_2017_2018,calibration,True,,False,False
BASF|2|2017|TreatmentC,2,2017,GERMANY,"54.000000,12.600000|2017",TreatmentC,2017-07-03,"LEAF, 1ST / FLAG LEAF",1,80.0,40.0,40.0,73.0,76.0,73.0,76.0,42,42,0,1,True,28,1941,BEFALL,BEFALL,TPLOT,TPLOT,P%INF,INFECT,percentage_points,1.32831583,32.831582999999995,132.831583,1943,development_2017_2018,calibration,True,,False,False
BASF|2|2017|TreatmentC,2,2017,GERMANY,"54.000000,12.600000|2017",TreatmentC,2017-07-03,"LEAF, 2ND",2,60.0,28.75,31.25,73.0,76.0,73.0,76.0,42,42,0,1,True,29,1942,BEFALL,BEFALL,TPLOT,TPLOT,P%INF,INFECT,percentage_points,1.32831583,32.831582999999995,132.831583,1943,development_2017_2018,calibration,True,,False,False
BASF|4|2017|TreatmentC,4,2017,GERMANY,"51.700000,12.100000|2017",TreatmentC,2017-05-25,"LEAF, 1ST / FLAG LEAF",1,0.0,0.0,0.0,39.0,49.0,39.0,49.0,10,10,0,1,True,42,1952,BEFALL,BEFALL,TPLOT,TPLOT,P%INF,INFECT,percentage_points,1.08686901,8.686901000000006,108.686901,1967,development_2017_2018,calibration,True,PUCCRE,False,False
BASF|4|2017|TreatmentC,4,2017,GERMANY,"51.700000,12.100000|2017",TreatmentC,2017-05-25,"LEAF, 2ND",2,3.0,0.0,3.0,39.0,49.0,39.0,49.0,10,10,0,1,True,43,1953,BEFALL,BEFALL,TPLOT,TPLOT,P%INF,INFECT,percentage_points,1.08686901,8.686901000000006,108.686901,1967,development_2017_2018,calibration,True,PUCCRE,False,False
BASF|4|2017|TreatmentC,4,2017,GERMANY,"51.700000,12.100000|2017",TreatmentC,2017-05-25,"LEAF, 3RD",3,9.5,0.0,9.5,39.0,49.0,39.0,49.0,10,10,0,1,True,44,1954,BEFALL,BEFALL,TPLOT,TPLOT,P%INF,INFECT,percentage_points,1.08686901,8.686901000000006,108.686901,1967,development_2017_2018,calibration,True,PUCCRE,False,False
BASF|4|2017|TreatmentC,4,2017,GERMANY,"51.700000,12.100000|2017",TreatmentC,2017-06-06,"LEAF, 1ST / FLAG LEAF",1,5.75,0.0,5.75,65.0,65.0,65.0,65.0,22,22,0,1,True,45,1955,BEFALL,BEFALL,TPLOT,TPLOT,P%INF,INFECT,percentage_points,1.08686901,8.686901000000006,108.686901,1967,development_2017_2018,calibration,True,PUCCRE,False,False
BASF|4|2017|TreatmentC,4,2017,GERMANY,"51.700000,12.100000|2017",TreatmentC,2017-06-06,"LEAF, 2ND",2,11.25,1.75,9.5,65.0,65.0,65.0,65.0,22,22,0,1,True,46,1956,BEFALL,BEFALL,TPLOT,TPLOT,P%INF,INFECT,percentage_points,1.08686901,8.686901000000006,108.686901,1967,development_2017_2018,calibration,True,PUCCRE,False,False
BASF|4|2017|TreatmentC,4,2017,GERMANY,"51.700000,12.100000|2017",TreatmentC,2017-06-06,"LEAF, 3RD",3,13.75,3.5,10.25,65.0,65.0,65.0,65.0,22,22,0,1,True,47,1957,BEFALL,BEFALL,TPLOT,TPLOT,P%INF,INFECT,percentage_points,1.08686901,8.686901000000006,108.686901,1967,development_2017_2018,calibration,True,PUCCRE,False,False
BASF|4|2017|TreatmentC,4,2017,GERMANY,"51.700000,12.100000|2017",TreatmentC,2017-06-16,"LEAF, 1ST / FLAG LEAF",1,12.25,0.0,12.25,73.0,65.0,73.0,65.0,32,32,0,1,True,51,1961,BEFALL,BEFALL,TPLOT,TPLOT,P%INF,INFECT,percentage_points,1.08686901,8.686901000000006,108.686901,1967,development_2017_2018,calibration,True,PUCCRE,False,False
BASF|4|2017|TreatmentC,4,2017,GERMANY,"51.700000,12.100000|2017",TreatmentC,2017-06-16,"LEAF, 2ND",2,25.5,7.75,17.75,73.0,65.0,73.0,65.0,32,32,0,1,True,52,1962,BEFALL,BEFALL,TPLOT,TPLOT,P%INF,INFECT,percentage_points,1.08686901,8.686901000000006,108.686901,1967,development_2017_2018,calibration,True,PUCCRE,False,False
BASF|4|2017|TreatmentC,4,2017,GERMANY,"51.700000,12.100000|2017",TreatmentC,2017-06-16,"LEAF, 3RD",3,38.75,9.25,29.5,73.0,65.0,73.0,65.0,32,32,0,1,True,53,1963,BEFALL,BEFALL,TPLOT,TPLOT,P%INF,INFECT,percentage_points,1.08686901,8.686901000000006,108.686901,1967,development_2017_2018,calibration,True,PUCCRE,False,False
BASF|5|2017|TreatmentC,5,2017,GERMANY,"52.400000,9.600000|2017",TreatmentC,2017-05-03,"LEAF, 3RD",3,1.0,1.0,0.0,32.0,34.0,32.0,34.0,13,13,0,1,True,61,1969,BEFALL,BEFALL,TPLOT,TPLOT,P%INF,INFECT,percentage_points,1.11349177,11.349176999999997,111.349177,1995,development_2017_2018,calibration,True,PUCCRE,False,False
BASF|5|2017|TreatmentC,5,2017,GERMANY,"52.400000,9.600000|2017",TreatmentC,2017-05-10,"LEAF, 3RD",3,1.5,1.0,0.5,34.0,37.0,34.0,37.0,20,20,0,1,True,63,1971,BEFALL,BEFALL,TPLOT,TPLOT,P%INF,INFECT,percentage_points,1.11349177,11.349176999999997,111.349177,1995,development_2017_2018,calibration,True,PUCCRE,False,False
BASF|5|2017|TreatmentC,5,2017,GERMANY,"52.400000,9.600000|2017",TreatmentC,2017-05-19,"LEAF, 2ND",2,0.75,0.0,0.75,37.0,39.0,37.0,39.0,29,29,0,1,True,65,1973,BEFALL,BEFALL,TPLOT,TPLOT,P%INF,INFECT,percentage_points,1.11349177,11.349176999999997,111.349177,1995,development_2017_2018,calibration,True,PUCCRE,False,False
BASF|5|2017|TreatmentC,5,2017,GERMANY,"52.400000,9.600000|2017",TreatmentC,2017-05-19,"LEAF, 3RD",3,2.75,1.0,1.75,37.0,39.0,37.0,39.0,29,29,0,1,True,66,1974,BEFALL,BEFALL,TPLOT,TPLOT,P%INF,INFECT,percentage_points,1.11349177,11.349176999999997,111.349177,1995,development_2017_2018,calibration,True,PUCCRE,False,False
BASF|5|2017|TreatmentC,5,2017,GERMANY,"52.400000,9.600000|2017",TreatmentC,2017-05-30,"LEAF, 1ST / FLAG LEAF",1,0.5,0.0,0.5,55.0,59.0,55.0,59.0,40,40,0,1,True,71,1979,BEFALL,BEFALL,TPLOT,TPLOT,P%INF,INFECT,percentage_points,1.11349177,11.349176999999997,111.349177,1995,development_2017_2018,calibration,True,PUCCRE,False,False
BASF|5|2017|TreatmentC,5,2017,GERMANY,"52.400000,9.600000|2017",TreatmentC,2017-05-30,"LEAF, 2ND",2,2.0,0.5,1.5,55.0,59.0,55.0,59.0,40,40,0,1,True,72,1980,BEFALL,BEFALL,TPLOT,TPLOT,P%INF,INFECT,percentage_points,1.11349177,11.349176999999997,111.349177,1995,development_2017_2018,calibration,True,PUCCRE,False,False
BASF|5|2017|TreatmentC,5,2017,GERMANY,"52.400000,9.600000|2017",TreatmentC,2017-05-30,"LEAF, 3RD",3,4.0,1.0,3.0,55.0,59.0,55.0,59.0,40,40,0,1,True,73,1981,BEFALL,BEFALL,TPLOT,TPLOT,P%INF,INFECT,percentage_points,1.11349177,11.349176999999997,111.349177,1995,development_2017_2018,calibration,True,PUCCRE,False,False
BASF|5|2017|TreatmentC,5,2017,GERMANY,"52.400000,9.600000|2017",TreatmentC,2017-06-09,"LEAF, 1ST / FLAG LEAF",1,0.0,0.0,0.0,55.0,59.0,55.0,59.0,50,50,0,1,True,79,1987,BEFALL,BEFALL,TPLOT,TPLOT,P%INF,INFECT,percentage_points,1.11349177,11.349176999999997,111.349177,1995,development_2017_2018,calibration,True,PUCCRE,False,False
BASF|5|2017|TreatmentC,5,2017,GERMANY,"52.400000,9.600000|2017",TreatmentC,2017-06-09,"LEAF, 2ND",2,2.75,0.5,2.25,55.0,59.0,55.0,59.0,50,50,0,1,True,80,1988,BEFALL,BEFALL,TPLOT,TPLOT,P%INF,INFECT,percentage_points,1.11349177,11.349176999999997,111.349177,1995,development_2017_2018,calibration,True,PUCCRE,False,False
BASF|5|2017|TreatmentC,5,2017,GERMANY,"52.400000,9.600000|2017",TreatmentC,2017-06-09,"LEAF, 3RD",3,7.75,1.0,6.75,55.0,59.0,55.0,59.0,50,50,0,1,True,81,1989,BEFALL,BEFALL,TPLOT,TPLOT,P%INF,INFECT,percentage_points,1.11349177,11.349176999999997,111.349177,1995,development_2017_2018,calibration,True,PUCCRE,False,False
BASF|5|2017|TreatmentC,5,2017,GERMANY,"52.400000,9.600000|2017",TreatmentC,2017-06-28,"LEAF, 1ST / FLAG LEAF",1,10.0,2.0,8.0,75.0,75.0,75.0,75.0,69,69,0,1,True,85,1993,BEFALL,BEFALL,TPLOT,TPLOT,P%INF,INFECT,percentage_points,1.11349177,11.349176999999997,111.349177,1995,development_2017_2018,calibration,True,PUCCRE,False,False
BASF|6|2017|TreatmentC,6,2017,FRANCE,"46.900000,-1.100000|2017",TreatmentC,2017-05-03,"LEAF, 3RD",3,6.883333,4.033333,2.8500000000000005,41.0,45.0,41.0,45.0,14,14,0,1,True,92,1997,INFESTATION,INFESTATION,UNIT,UNIT,P%INF,INFECT,percentage_points,1.00797092,0.7970920000000064,100.797092,2003,development_2017_2018,calibration,True,,False,False
BASF|6|2017|TreatmentC,6,2017,FRANCE,"46.900000,-1.100000|2017",TreatmentC,2017-05-11,"LEAF, 3RD",3,15.5,11.183333,4.316667000000001,51.0,55.0,51.0,55.0,22,22,0,1,True,94,1999,INFESTATION,INFESTATION,UNIT,UNIT,P%INF,INFECT,percentage_points,1.00797092,0.7970920000000064,100.797092,2003,development_2017_2018,calibration,True,,False,False
BASF|6|2017|TreatmentC,6,2017,FRANCE,"46.900000,-1.100000|2017",TreatmentC,2017-06-09,"LEAF, 1ST / FLAG LEAF",1,2.283333,1.25,1.0333329999999998,75.0,75.0,75.0,75.0,51,51,0,1,True,96,2001,INFESTATION,INFESTATION,UNIT,UNIT,P%INF,INFECT,percentage_points,1.00797092,0.7970920000000064,100.797092,2003,development_2017_2018,calibration,True,,False,False
BASF|6|2017|TreatmentC,6,2017,FRANCE,"46.900000,-1.100000|2017",TreatmentC,2017-06-09,"LEAF, 2ND",2,8.283333,3.966667,4.316666000000001,75.0,75.0,75.0,75.0,51,51,0,1,True,97,2002,INFESTATION,INFESTATION,UNIT,UNIT,P%INF,INFECT,percentage_points,1.00797092,0.7970920000000064,100.797092,2003,development_2017_2018,calibration,True,,False,False
BASF|7|2017|TreatmentC,7,2017,FRANCE,"47.900000,1.600000|2017",TreatmentC,2017-06-13,"LEAF, 1ST / FLAG LEAF",1,10.333333,0.15,10.183333,75.0,,75.0,,29,29,0,1,True,105,2005,INFESTATION,INFESTATION,UNIT,UNIT,P%INF,INFECT,percentage_points,1.10363293,10.363292999999999,110.363293,2007,development_2017_2018,calibration,True,,False,False
BASF|7|2017|TreatmentC,7,2017,FRANCE,"47.900000,1.600000|2017",TreatmentC,2017-06-13,"LEAF, 2ND",2,40.8,0.816667,39.983332999999995,75.0,,75.0,,29,29,0,1,True,106,2006,INFESTATION,INFESTATION,UNIT,UNIT,P%INF,INFECT,percentage_points,1.10363293,10.363292999999999,110.363293,2007,development_2017_2018,calibration,True,,False,False
BASF|8|2017|TreatmentC,8,2017,FRANCE,"48.000000,1.800000|2017",TreatmentC,2017-05-31,"LEAF, 2ND",2,0.8,0.0,0.8,65.0,69.0,65.0,69.0,28,28,0,1,True,111,2009,INFESTATION,INFESTATION,UNIT,UNIT,P%INF,INFECT,percentage_points,1.16590452,16.590452,116.590452,2013,development_2017_2018,calibration,True,,False,False
BASF|8|2017|TreatmentC,8,2017,FRANCE,"48.000000,1.800000|2017",TreatmentC,2017-05-31,"LEAF, 3RD",3,2.05,0.4,1.65,65.0,,65.0,,28,28,0,1,True,112,2010,INFESTATION,INFESTATION,UNIT,UNIT,P%INF,INFECT,percentage_points,1.16590452,16.590452,116.590452,2013,development_2017_2018,calibration,True,,False,False
BASF|8|2017|TreatmentC,8,2017,FRANCE,"48.000000,1.800000|2017",TreatmentC,2017-06-14,"LEAF, 1ST / FLAG LEAF",1,22.583333,1.4,21.183333,75.0,,75.0,,42,42,0,1,True,115,2011,INFESTATION,INFESTATION,UNIT,UNIT,P%INF,INFECT,percentage_points,1.16590452,16.590452,116.590452,2013,development_2017_2018,calibration,True,,False,False
BASF|8|2017|TreatmentC,8,2017,FRANCE,"48.000000,1.800000|2017",TreatmentC,2017-06-14,"LEAF, 2ND",2,55.666667,2.283333,53.383334,75.0,,75.0,,42,42,0,1,True,116,2012,INFESTATION,INFESTATION,UNIT,UNIT,P%INF,INFECT,percentage_points,1.16590452,16.590452,116.590452,2013,development_2017_2018,calibration,True,,False,False
BASF|9|2017|TreatmentC,9,2017,FRANCE,"49.800000,2.900000|2017",TreatmentC,2017-06-07,"LEAF, 2ND",2,4.483333,0.583333,3.9,69.0,69.0,69.0,69.0,14,14,0,1,True,122,2015,INFESTATION,INFESTATION,UNIT,UNIT,P%INF,INFECT,percentage_points,1.08290268,8.290267999999998,108.290268,2020,development_2017_2018,calibration,True,,False,False
BASF|9|2017|TreatmentC,9,2017,FRANCE,"49.800000,2.900000|2017",TreatmentC,2017-06-07,"LEAF, 3RD",3,19.666667,2.866667,16.8,69.0,69.0,69.0,69.0,14,14,0,1,True,123,2016,INFESTATION,INFESTATION,UNIT,UNIT,P%INF,INFECT,percentage_points,1.08290268,8.290267999999998,108.290268,2020,development_2017_2018,calibration,True,,False,False
BASF|9|2017|TreatmentC,9,2017,FRANCE,"49.800000,2.900000|2017",TreatmentC,2017-06-16,"LEAF, 1ST / FLAG LEAF",1,1.766667,0.133333,1.633334,73.0,,73.0,,23,23,0,1,True,124,2017,INFESTATION,INFESTATION,UNIT,UNIT,P%INF,INFECT,percentage_points,1.08290268,8.290267999999998,108.290268,2020,development_2017_2018,calibration,True,,False,False
BASF|9|2017|TreatmentC,9,2017,FRANCE,"49.800000,2.900000|2017",TreatmentC,2017-06-16,"LEAF, 2ND",2,23.933333,2.833333,21.1,73.0,,73.0,,23,23,0,1,True,125,2018,INFESTATION,INFESTATION,UNIT,UNIT,P%INF,INFECT,percentage_points,1.08290268,8.290267999999998,108.290268,2020,development_2017_2018,calibration,True,,False,False
BASF|9|2017|TreatmentC,9,2017,FRANCE,"49.800000,2.900000|2017",TreatmentC,2017-06-28,"LEAF, 1ST / FLAG LEAF",1,21.333333,2.166667,19.166666,75.0,,75.0,,35,35,0,1,True,126,2019,INFESTATION,INFESTATION,UNIT,UNIT,P%INF,INFECT,percentage_points,1.08290268,8.290267999999998,108.290268,2020,development_2017_2018,calibration,True,,False,False
BASF|10|2017|TreatmentC,10,2017,FRANCE,"48.000000,1.800000|2017",TreatmentC,2017-06-02,"LEAF, 1ST / FLAG LEAF",1,4.183333,0.55,3.6333330000000004,69.0,69.0,69.0,69.0,22,22,0,1,True,132,2022,INFESTATION,INFESTATION,UNIT,UNIT,P%INF,INFECT,percentage_points,1.27712832,27.712832000000006,127.712832,2029,development_2017_2018,calibration,True,,False,False
BASF|10|2017|TreatmentC,10,2017,FRANCE,"48.000000,1.800000|2017",TreatmentC,2017-06-02,"LEAF, 2ND",2,23.833333,2.05,21.783333,69.0,69.0,69.0,69.0,22,22,0,1,True,133,2023,INFESTATION,INFESTATION,UNIT,UNIT,P%INF,INFECT,percentage_points,1.27712832,27.712832000000006,127.712832,2029,development_2017_2018,calibration,True,,False,False
BASF|10|2017|TreatmentC,10,2017,FRANCE,"48.000000,1.800000|2017",TreatmentC,2017-06-08,"LEAF, 1ST / FLAG LEAF",1,23.633333,0.716667,22.916666,71.0,73.0,71.0,73.0,28,28,0,1,True,134,2024,INFESTATION,INFESTATION,UNIT,UNIT,P%INF,INFECT,percentage_points,1.27712832,27.712832000000006,127.712832,2029,development_2017_2018,calibration,True,,False,False
BASF|10|2017|TreatmentC,10,2017,FRANCE,"48.000000,1.800000|2017",TreatmentC,2017-06-08,"LEAF, 2ND",2,60.05,9.716667,50.333332999999996,71.0,73.0,71.0,73.0,28,28,0,1,True,135,2025,INFESTATION,INFESTATION,UNIT,UNIT,P%INF,INFECT,percentage_points,1.27712832,27.712832000000006,127.712832,2029,development_2017_2018,calibration,True,,False,False
BASF|10|2017|TreatmentC,10,2017,FRANCE,"48.000000,1.800000|2017",TreatmentC,2017-06-08,"LEAF, 3RD",3,71.916667,25.866667,46.050000000000004,71.0,73.0,71.0,73.0,28,28,0,1,True,136,2026,INFESTATION,INFESTATION,UNIT,UNIT,P%INF,INFECT,percentage_points,1.27712832,27.712832000000006,127.712832,2029,development_2017_2018,calibration,True,,False,False
BASF|10|2017|TreatmentC,10,2017,FRANCE,"48.000000,1.800000|2017",TreatmentC,2017-06-22,"LEAF, 1ST / FLAG LEAF",1,61.683333,3.133333,58.55,79.0,79.0,79.0,79.0,42,42,0,1,True,137,2027,INFESTATION,INFESTATION,UNIT,UNIT,P%INF,INFECT,percentage_points,1.27712832,27.712832000000006,127.712832,2029,development_2017_2018,calibration,True,,False,False
BASF|10|2017|TreatmentC,10,2017,FRANCE,"48.000000,1.800000|2017",TreatmentC,2017-06-22,"LEAF, 2ND",2,93.166667,8.916667,84.25,79.0,79.0,79.0,79.0,42,42,0,1,True,138,2028,INFESTATION,INFESTATION,UNIT,UNIT,P%INF,INFECT,percentage_points,1.27712832,27.712832000000006,127.712832,2029,development_2017_2018,calibration,True,,False,False
BASF|11|2017|TreatmentC,11,2017,NETHERLANDS,"53.400000,6.700000|2017",TreatmentC,2017-06-14,"LEAF, 1ST / FLAG LEAF",1,2.0,0.25,1.75,65.0,67.0,65.0,67.0,23,23,0,1,True,144,2031,INFECT/INFEST.,INFECT/INFEST.,TPLOT,TPLOT,P%INF,INFECT,percentage_points,1.11614678,11.614677999999998,111.614678,2039,development_2017_2018,calibration,True,,False,False
BASF|11|2017|TreatmentC,11,2017,NETHERLANDS,"53.400000,6.700000|2017",TreatmentC,2017-06-14,"LEAF, 2ND",2,10.0,5.0,5.0,65.0,67.0,65.0,67.0,23,23,0,1,True,145,2032,INFECT/INFEST.,INFECT/INFEST.,TPLOT,TPLOT,P%INF,INFECT,percentage_points,1.11614678,11.614677999999998,111.614678,2039,development_2017_2018,calibration,True,,False,False
BASF|11|2017|TreatmentC,11,2017,NETHERLANDS,"53.400000,6.700000|2017",TreatmentC,2017-06-14,"LEAF, 3RD",3,32.5,23.75,8.75,65.0,67.0,65.0,67.0,23,23,0,1,True,146,2033,INFECT/INFEST.,INFECT/INFEST.,TPLOT,TPLOT,P%INF,INFECT,percentage_points,1.11614678,11.614677999999998,111.614678,2039,development_2017_2018,calibration,True,,False,False
BASF|11|2017|TreatmentC,11,2017,NETHERLANDS,"53.400000,6.700000|2017",TreatmentC,2017-06-21,"LEAF, 1ST / FLAG LEAF",1,7.25,1.625,5.625,69.0,81.0,69.0,81.0,30,30,0,1,True,147,2034,INFECT/INFEST.,INFECT/INFEST.,TPLOT,TPLOT,P%INF,INFECT,percentage_points,1.11614678,11.614677999999998,111.614678,2039,development_2017_2018,calibration,True,,False,False
BASF|11|2017|TreatmentC,11,2017,NETHERLANDS,"53.400000,6.700000|2017",TreatmentC,2017-06-21,"LEAF, 2ND",2,26.25,8.25,18.0,69.0,81.0,69.0,81.0,30,30,0,1,True,148,2035,INFECT/INFEST.,INFECT/INFEST.,TPLOT,TPLOT,P%INF,INFECT,percentage_points,1.11614678,11.614677999999998,111.614678,2039,development_2017_2018,calibration,True,,False,False
BASF|11|2017|TreatmentC,11,2017,NETHERLANDS,"53.400000,6.700000|2017",TreatmentC,2017-06-21,"LEAF, 3RD",3,66.25,38.75,27.5,69.0,81.0,69.0,81.0,30,30,0,1,True,149,2036,INFECT/INFEST.,INFECT/INFEST.,TPLOT,TPLOT,P%INF,INFECT,percentage_points,1.11614678,11.614677999999998,111.614678,2039,development_2017_2018,calibration,True,,False,False
BASF|11|2017|TreatmentC,11,2017,NETHERLANDS,"53.400000,6.700000|2017",TreatmentC,2017-06-30,"LEAF, 1ST / FLAG LEAF",1,63.75,14.0,49.75,83.0,83.0,83.0,83.0,39,39,0,1,True,150,2037,INFECT/INFEST.,INFECT/INFEST.,TPLOT,TPLOT,P%INF,INFECT,percentage_points,1.11614678,11.614677999999998,111.614678,2039,development_2017_2018,calibration,True,,False,False
BASF|11|2017|TreatmentC,11,2017,NETHERLANDS,"53.400000,6.700000|2017",TreatmentC,2017-06-30,"LEAF, 2ND",2,95.5,47.5,48.0,83.0,83.0,83.0,83.0,39,39,0,1,True,151,2038,INFECT/INFEST.,INFECT/INFEST.,TPLOT,TPLOT,P%INF,INFECT,percentage_points,1.11614678,11.614677999999998,111.614678,2039,development_2017_2018,calibration,True,,False,False
BASF|12|2017|TreatmentC,12,2017,POLAND,"52.200000,17.200000|2017",TreatmentC,2017-06-12,"LEAF, 3RD",3,12.5,0.0,12.5,63.0,65.0,63.0,65.0,21,21,0,1,True,159,2044,INFECT/INFEST.,INFECT/INFEST.,TPLOT,TPLOT,P%INF,INFECT,percentage_points,1.30955468,30.955467999999996,130.955468,2053,development_2017_2018,calibration,True,PUCCRT;PUCCST,False,False
BASF|12|2017|TreatmentC,12,2017,POLAND,"52.200000,17.200000|2017",TreatmentC,2017-06-21,"LEAF, 1ST / FLAG LEAF",1,12.5,0.5,12.0,73.0,75.0,73.0,75.0,30,30,0,1,True,163,2048,INFECT/INFEST.,INFECT/INFEST.,TPLOT,TPLOT,P%INF,INFECT,percentage_points,1.30955468,30.955467999999996,130.955468,2053,development_2017_2018,calibration,True,PUCCRT;PUCCST,False,False
BASF|12|2017|TreatmentC,12,2017,POLAND,"52.200000,17.200000|2017",TreatmentC,2017-06-21,"LEAF, 2ND",2,40.0,1.25,38.75,73.0,75.0,73.0,75.0,30,30,0,1,True,162,2047,INFECT/INFEST.,INFECT/INFEST.,TPLOT,TPLOT,P%INF,INFECT,percentage_points,1.30955468,30.955467999999996,130.955468,2053,development_2017_2018,calibration,True,PUCCRT;PUCCST,False,False
BASF|13|2017|TreatmentC,13,2017,POLAND,"51.000000,17.800000|2017",TreatmentC,2017-06-12,"LEAF, 2ND",2,12.5,2.0,10.5,45.0,55.0,45.0,55.0,10,10,0,1,True,173,2056,INFECT/INFEST.,INFECT/INFEST.,TPLOT,TPLOT,P%INF,INFECT,percentage_points,1.07734269,7.734268999999998,107.734269,2059,development_2017_2018,calibration,True,,False,False
BASF|13|2017|TreatmentC,13,2017,POLAND,"51.000000,17.800000|2017",TreatmentC,2017-06-12,"LEAF, 3RD",3,32.5,6.5,26.0,45.0,55.0,45.0,55.0,10,10,0,1,True,172,2055,INFECT/INFEST.,INFECT/INFEST.,TPLOT,TPLOT,P%INF,INFECT,percentage_points,1.07734269,7.734268999999998,107.734269,2059,development_2017_2018,calibration,True,,False,False
BASF|13|2017|TreatmentC,13,2017,POLAND,"51.000000,17.800000|2017",TreatmentC,2017-06-26,"LEAF, 1ST / FLAG LEAF",1,10.0,0.0,10.0,75.0,75.0,75.0,75.0,24,24,0,1,True,175,2058,INFECT/INFEST.,INFECT/INFEST.,TPLOT,TPLOT,P%INF,INFECT,percentage_points,1.07734269,7.734268999999998,107.734269,2059,development_2017_2018,calibration,True,,False,False
BASF|13|2017|TreatmentC,13,2017,POLAND,"51.000000,17.800000|2017",TreatmentC,2017-06-26,"LEAF, 2ND",2,37.5,5.0,32.5,75.0,75.0,75.0,75.0,24,24,0,1,True,174,2057,INFECT/INFEST.,INFECT/INFEST.,TPLOT,TPLOT,P%INF,INFECT,percentage_points,1.07734269,7.734268999999998,107.734269,2059,development_2017_2018,calibration,True,,False,False
BASF|14|2017|TreatmentC,14,2017,POLAND,"52.100000,17.300000|2017",TreatmentC,2017-06-21,"LEAF, 3RD",3,20.0,2.25,17.75,73.0,75.0,73.0,75.0,20,20,0,1,True,181,2064,"B1, ... , B5","B1, ... , B5",PLANT,PLANT,P%INF,INFECT,percentage_points,1.01043753,1.0437529999999953,101.043753,2071,development_2017_2018,calibration,True,PUCCRE;PYRNTR,False,False
BASF|15|2017|TreatmentC,15,2017,POLAND,"54.000000,18.800000|2017",TreatmentC,2017-07-03,"LEAF, 1ST / FLAG LEAF",1,1.5,0.0,1.5,71.0,73.0,71.0,73.0,19,19,0,1,True,193,2075,"B1, ... , B5","B1, ... , B5",TPLOT,TPLOT,P%INF,INFECT,percentage_points,1.0518104700000002,5.181047000000007,105.181047,2081,development_2017_2018,calibration,True,PUCCRT;PUCCSI;PYRNTR,False,False
BASF|15|2017|TreatmentC,15,2017,POLAND,"54.000000,18.800000|2017",TreatmentC,2017-07-13,"LEAF, 1ST / FLAG LEAF",1,10.75,0.25,10.5,77.0,77.0,77.0,77.0,29,29,0,1,True,196,2078,"B1, ... , B5","B1, ... , B5",TPLOT,TPLOT,P%INF,INFECT,percentage_points,1.0518104700000002,5.181047000000007,105.181047,2081,development_2017_2018,calibration,True,PUCCRT;PUCCSI;PYRNTR,False,False
BASF|16|2017|TreatmentC,16,2017,POLAND,"52.200000,16.600000|2017",TreatmentC,2017-05-26,"LEAF, 3RD",3,5.125,0.0,5.125,37.0,39.0,37.0,39.0,21,21,0,1,True,205,2086,,,TPLOT,TPLOT,P%INF,INFECT,percentage_points,1.02881854,2.881854000000004,102.881854,2107,development_2017_2018,calibration,True,ERYSGT;FUSASP;PUCCST;PYRNTR;RHIZSP,False,False
BASF|16|2017|TreatmentC,16,2017,POLAND,"52.200000,16.600000|2017",TreatmentC,2017-06-08,"LEAF, 3RD",3,5.375,0.0,5.375,61.0,63.0,61.0,63.0,34,34,0,1,True,208,2089,,,TPLOT,TPLOT,P%INF,INFECT,percentage_points,1.02881854,2.881854000000004,102.881854,2107,development_2017_2018,calibration,True,ERYSGT;FUSASP;PUCCST;PYRNTR;RHIZSP,False,False
BASF|16|2017|TreatmentC,16,2017,POLAND,"52.200000,16.600000|2017",TreatmentC,2017-06-20,"LEAF, 2ND",2,1.75,0.1875,1.5625,71.0,75.0,71.0,75.0,46,46,0,1,True,216,2097,,,TPLOT,TPLOT,P%INF,INFECT,percentage_points,1.02881854,2.881854000000004,102.881854,2107,development_2017_2018,calibration,True,ERYSGT;FUSASP;PUCCST;PYRNTR;RHIZSP,False,False
BASF|16|2017|TreatmentC,16,2017,POLAND,"52.200000,16.600000|2017",TreatmentC,2017-06-20,"LEAF, 3RD",3,7.25,0.0,7.25,71.0,75.0,71.0,75.0,46,46,0,1,True,212,2093,,,TPLOT,TPLOT,P%INF,INFECT,percentage_points,1.02881854,2.881854000000004,102.881854,2107,development_2017_2018,calibration,True,ERYSGT;FUSASP;PUCCST;PYRNTR;RHIZSP,False,False
BASF|16|2017|TreatmentC,16,2017,POLAND,"52.200000,16.600000|2017",TreatmentC,2017-06-26,"LEAF, 2ND",2,2.125,0.3125,1.8125,75.0,75.0,75.0,75.0,52,52,0,1,True,219,2100,,,TPLOT,TPLOT,P%INF,INFECT,percentage_points,1.02881854,2.881854000000004,102.881854,2107,development_2017_2018,calibration,True,ERYSGT;FUSASP;PUCCST;PYRNTR;RHIZSP,False,False
BASF|17|2017|TreatmentC,17,2017,UNITED KINGDOM,"52.700000,0.900000|2017",TreatmentC,2017-06-10,"LEAF, 3RD",3,14.25,4.5,9.75,65.0,65.0,65.0,65.0,23,23,0,1,True,234,2113,INF % NR,INF % NR,TPLOT,TPLOT,P%INF,INFECT,percentage_points,1.30138087,30.138087000000013,130.138087,2119,development_2017_2018,calibration,True,PUCCRT;PUCCST,False,False
BASF|18|2017|TreatmentC,18,2017,UNITED KINGDOM,"51.700000,-1.900000|2017",TreatmentC,2017-06-21,"LEAF, 2ND",2,13.75,0.0,13.75,72.0,73.0,72.0,73.0,33,33,0,1,True,248,2122,INF % NR,INF % NR,TPLOT,TPLOT,P%INF,INFECT,percentage_points,1.16503281,16.503281,116.503281,2129,development_2017_2018,calibration,True,PUCCRT,False,False
BASF|18|2017|TreatmentC,18,2017,UNITED KINGDOM,"51.700000,-1.900000|2017",TreatmentC,2017-06-21,"LEAF, 3RD",3,35.0,7.5,27.5,72.0,73.0,72.0,73.0,33,33,0,1,True,247,2121,INF % NR,INF % NR,TPLOT,TPLOT,P%INF,INFECT,percentage_points,1.16503281,16.503281,116.503281,2129,development_2017_2018,calibration,True,PUCCRT,False,False
BASF|18|2017|TreatmentC,18,2017,UNITED KINGDOM,"51.700000,-1.900000|2017",TreatmentC,2017-07-04,"LEAF, 1ST / FLAG LEAF",1,80.0,7.0,73.0,75.0,75.0,75.0,75.0,46,46,0,1,True,252,2126,INF % NR,INF % NR,TPLOT,TPLOT,P%INF,INFECT,percentage_points,1.16503281,16.503281,116.503281,2129,development_2017_2018,calibration,True,PUCCRT,False,False
BASF|18|2017|TreatmentC,18,2017,UNITED KINGDOM,"51.700000,-1.900000|2017",TreatmentC,2017-07-04,"LEAF, 2ND",2,60.0,11.0,49.0,75.0,75.0,75.0,75.0,46,46,0,1,True,251,2125,INF % NR,INF % NR,TPLOT,TPLOT,P%INF,INFECT,percentage_points,1.16503281,16.503281,116.503281,2129,development_2017_2018,calibration,True,PUCCRT,False,False
BASF|19|2017|TreatmentC,19,2017,UNITED KINGDOM,"51.900000,0.200000|2017",TreatmentC,2017-06-08,"LEAF, 2ND",2,10.0,3.0,7.0,61.0,69.0,61.0,69.0,48,48,0,1,True,279,2144,INF % NR,INF % NR,TPLOT,TPLOT,P%INF,INFECT,percentage_points,1.06518739,6.5187389999999965,106.518739,2148,development_2017_2018,calibration,True,PUCCST,False,False
BASF|19|2017|TreatmentC,19,2017,UNITED KINGDOM,"51.900000,0.200000|2017",TreatmentC,2017-06-08,"LEAF, 3RD",3,16.25,5.0,11.25,61.0,69.0,61.0,69.0,48,48,0,1,True,278,2143,INF % NR,INF % NR,TPLOT,TPLOT,P%INF,INFECT,percentage_points,1.06518739,6.5187389999999965,106.518739,2148,development_2017_2018,calibration,True,PUCCST,False,False
BASF|19|2017|TreatmentC,19,2017,UNITED KINGDOM,"51.900000,0.200000|2017",TreatmentC,2017-06-29,"LEAF, 1ST / FLAG LEAF",1,41.25,10.0,31.25,75.0,79.0,75.0,79.0,69,69,0,1,True,281,2146,INF % NR,INF % NR,TPLOT,TPLOT,P%INF,INFECT,percentage_points,1.06518739,6.5187389999999965,106.518739,2148,development_2017_2018,calibration,True,PUCCST,False,False
BASF|19|2017|TreatmentC,19,2017,UNITED KINGDOM,"51.900000,0.200000|2017",TreatmentC,2017-06-29,"LEAF, 2ND",2,51.25,32.5,18.75,61.0,69.0,61.0,69.0,69,69,0,1,True,280,2145,INF % NR,INF % NR,TPLOT,TPLOT,P%INF,INFECT,percentage_points,1.06518739,6.5187389999999965,106.518739,2148,development_2017_2018,calibration,True,PUCCST,False,False
BASF|20|2017|TreatmentC,20,2017,UNITED KINGDOM,"52.100000,1.000000|2017",TreatmentC,2017-05-19,"LEAF, 1ST / FLAG LEAF",1,0.0,0.0,0.0,39.0,39.0,39.0,39.0,20,20,0,1,True,291,2150,INF % NR,INF % NR,TPLOT,TPLOT,P%INF,INFECT,percentage_points,1.17228482,17.228482,117.228482,2174,development_2017_2018,calibration,True,PUCCSI;PUCCST,False,False
BASF|20|2017|TreatmentC,20,2017,UNITED KINGDOM,"52.100000,1.000000|2017",TreatmentC,2017-05-19,"LEAF, 2ND",2,0.0,0.0,0.0,39.0,39.0,39.0,39.0,20,20,0,1,True,292,2151,INF % NR,INF % NR,TPLOT,TPLOT,P%INF,INFECT,percentage_points,1.17228482,17.228482,117.228482,2174,development_2017_2018,calibration,True,PUCCSI;PUCCST,False,False
BASF|20|2017|TreatmentC,20,2017,UNITED KINGDOM,"52.100000,1.000000|2017",TreatmentC,2017-05-19,"LEAF, 3RD",3,7.75,2.0,5.75,39.0,39.0,39.0,39.0,20,20,0,1,True,293,2152,INF % NR,INF % NR,TPLOT,TPLOT,P%INF,INFECT,percentage_points,1.17228482,17.228482,117.228482,2174,development_2017_2018,calibration,True,PUCCSI;PUCCST,False,False
BASF|20|2017|TreatmentC,20,2017,UNITED KINGDOM,"52.100000,1.000000|2017",TreatmentC,2017-06-01,"LEAF, 1ST / FLAG LEAF",1,0.0,0.0,0.0,59.0,65.0,59.0,65.0,33,33,0,1,True,299,2158,INF % NR,INF % NR,TPLOT,TPLOT,P%INF,INFECT,percentage_points,1.17228482,17.228482,117.228482,2174,development_2017_2018,calibration,True,PUCCSI;PUCCST,False,False
BASF|20|2017|TreatmentC,20,2017,UNITED KINGDOM,"52.100000,1.000000|2017",TreatmentC,2017-06-01,"LEAF, 2ND",2,0.0,0.0,0.0,59.0,65.0,59.0,65.0,33,33,0,1,True,300,2159,INF % NR,INF % NR,TPLOT,TPLOT,P%INF,INFECT,percentage_points,1.17228482,17.228482,117.228482,2174,development_2017_2018,calibration,True,PUCCSI;PUCCST,False,False
BASF|20|2017|TreatmentC,20,2017,UNITED KINGDOM,"52.100000,1.000000|2017",TreatmentC,2017-06-01,"LEAF, 3RD",3,9.75,6.0,3.75,59.0,65.0,59.0,65.0,33,33,0,1,True,301,2160,INF % NR,INF % NR,TPLOT,TPLOT,P%INF,INFECT,percentage_points,1.17228482,17.228482,117.228482,2174,development_2017_2018,calibration,True,PUCCSI;PUCCST,False,False
BASF|20|2017|TreatmentC,20,2017,UNITED KINGDOM,"52.100000,1.000000|2017",TreatmentC,2017-06-09,"LEAF, 1ST / FLAG LEAF",1,0.0,0.0,0.0,61.0,66.0,61.0,66.0,41,41,0,1,True,307,2166,INF % NR,INF % NR,TPLOT,TPLOT,P%INF,INFECT,percentage_points,1.17228482,17.228482,117.228482,2174,development_2017_2018,calibration,True,PUCCSI;PUCCST,False,False
BASF|20|2017|TreatmentC,20,2017,UNITED KINGDOM,"52.100000,1.000000|2017",TreatmentC,2017-06-09,"LEAF, 2ND",2,0.0,0.0,0.0,61.0,66.0,61.0,66.0,41,41,0,1,True,308,2167,INF % NR,INF % NR,TPLOT,TPLOT,P%INF,INFECT,percentage_points,1.17228482,17.228482,117.228482,2174,development_2017_2018,calibration,True,PUCCSI;PUCCST,False,False
BASF|20|2017|TreatmentC,20,2017,UNITED KINGDOM,"52.100000,1.000000|2017",TreatmentC,2017-06-09,"LEAF, 3RD",3,11.75,8.0,3.75,61.0,66.0,61.0,66.0,41,41,0,1,True,309,2168,INF % NR,INF % NR,TPLOT,TPLOT,P%INF,INFECT,percentage_points,1.17228482,17.228482,117.228482,2174,development_2017_2018,calibration,True,PUCCSI;PUCCST,False,False
BASF|72|2019|TreatmentC,72,2019,IRELAND,"51.900000,-8.300000|2019",TreatmentC,2019-05-30,"LEAF, 3RD",3,9.375,7.0625,2.3125,53.0,59.0,53.0,59.0,20,20,0,1,True,1096,2182,INF % NR,INF % NR,TPLOT,TPLOT,P%INF,INFECT,percentage_points,1.1447109500000001,14.471095000000005,114.471095,2189,held_out_2019_no_response_fit_in_this_audit,validation,True,,False,False
BASF|72|2019|TreatmentC,72,2019,IRELAND,"51.900000,-8.300000|2019",TreatmentC,2019-06-10,"LEAF, 2ND",2,4.75,1.25,3.5,60.0,63.0,60.0,63.0,31,31,0,1,True,1097,2183,INF % NR,INF % NR,TPLOT,TPLOT,P%INF,INFECT,percentage_points,1.1447109500000001,14.471095000000005,114.471095,2189,held_out_2019_no_response_fit_in_this_audit,validation,True,,False,False
BASF|72|2019|TreatmentC,72,2019,IRELAND,"51.900000,-8.300000|2019",TreatmentC,2019-06-10,"LEAF, 3RD",3,21.625,9.4375,12.1875,60.0,63.0,60.0,63.0,31,31,0,1,True,1098,2184,INF % NR,INF % NR,TPLOT,TPLOT,P%INF,INFECT,percentage_points,1.1447109500000001,14.471095000000005,114.471095,2189,held_out_2019_no_response_fit_in_this_audit,validation,True,,False,False
BASF|72|2019|TreatmentC,72,2019,IRELAND,"51.900000,-8.300000|2019",TreatmentC,2019-06-20,"LEAF, 2ND",2,21.5,8.5625,12.9375,65.0,68.0,65.0,68.0,41,41,0,1,True,1099,2185,INF % NR,INF % NR,TPLOT,TPLOT,P%INF,INFECT,percentage_points,1.1447109500000001,14.471095000000005,114.471095,2189,held_out_2019_no_response_fit_in_this_audit,validation,True,,False,False
BASF|72|2019|TreatmentC,72,2019,IRELAND,"51.900000,-8.300000|2019",TreatmentC,2019-06-20,"LEAF, 3RD",3,74.375,50.9375,23.4375,65.0,68.0,65.0,68.0,41,41,0,1,True,1100,2186,INF % NR,INF % NR,TPLOT,TPLOT,P%INF,INFECT,percentage_points,1.1447109500000001,14.471095000000005,114.471095,2189,held_out_2019_no_response_fit_in_this_audit,validation,True,,False,False
BASF|72|2019|TreatmentC,72,2019,IRELAND,"51.900000,-8.300000|2019",TreatmentC,2019-06-30,"LEAF, 1ST / FLAG LEAF",1,15.625,3.875,11.75,72.0,76.0,72.0,76.0,51,51,0,1,True,1101,2187,INF % NR,INF % NR,TPLOT,TPLOT,P%INF,INFECT,percentage_points,1.1447109500000001,14.471095000000005,114.471095,2189,held_out_2019_no_response_fit_in_this_audit,validation,True,,False,False
BASF|72|2019|TreatmentC,72,2019,IRELAND,"51.900000,-8.300000|2019",TreatmentC,2019-06-30,"LEAF, 2ND",2,71.25,16.0625,55.1875,72.0,76.0,72.0,76.0,51,51,0,1,True,1102,2188,INF % NR,INF % NR,TPLOT,TPLOT,P%INF,INFECT,percentage_points,1.1447109500000001,14.471095000000005,114.471095,2189,held_out_2019_no_response_fit_in_this_audit,validation,True,,False,False
BASF|73|2019|TreatmentC,73,2019,UNITED KINGDOM,"52.200000,0.800000|2019",TreatmentC,2019-06-04,"LEAF, 2ND",2,15.0,6.0,9.0,51.0,61.0,51.0,61.0,18,18,0,1,True,1114,2192,INF % NR,INF % NR,TPLOT,TPLOT,P%INF,INFECT,percentage_points,1.14277133,14.277133000000006,114.277133,2203,held_out_2019_no_response_fit_in_this_audit,validation,True,PUCCRT;PUCCST,False,False
BASF|73|2019|TreatmentC,73,2019,UNITED KINGDOM,"52.200000,0.800000|2019",TreatmentC,2019-06-04,"LEAF, 3RD",3,25.0,11.0,14.0,51.0,61.0,51.0,61.0,18,18,0,1,True,1113,2191,INF % NR,INF % NR,TPLOT,TPLOT,P%INF,INFECT,percentage_points,1.14277133,14.277133000000006,114.277133,2203,held_out_2019_no_response_fit_in_this_audit,validation,True,PUCCRT;PUCCST,False,False
BASF|73|2019|TreatmentC,73,2019,UNITED KINGDOM,"52.200000,0.800000|2019",TreatmentC,2019-06-14,"LEAF, 2ND",2,20.0,9.25,10.75,65.0,65.0,65.0,65.0,28,28,0,1,True,1116,2194,INF % NR,INF % NR,TPLOT,TPLOT,P%INF,INFECT,percentage_points,1.14277133,14.277133000000006,114.277133,2203,held_out_2019_no_response_fit_in_this_audit,validation,True,PUCCRT;PUCCST,False,False
BASF|73|2019|TreatmentC,73,2019,UNITED KINGDOM,"52.200000,0.800000|2019",TreatmentC,2019-06-14,"LEAF, 3RD",3,30.0,14.75,15.25,65.0,65.0,65.0,65.0,28,28,0,1,True,1115,2193,INF % NR,INF % NR,TPLOT,TPLOT,P%INF,INFECT,percentage_points,1.14277133,14.277133000000006,114.277133,2203,held_out_2019_no_response_fit_in_this_audit,validation,True,PUCCRT;PUCCST,False,False
BASF|73|2019|TreatmentC,73,2019,UNITED KINGDOM,"52.200000,0.800000|2019",TreatmentC,2019-06-21,"LEAF, 1ST / FLAG LEAF",1,10.0,1.25,8.75,71.0,71.0,71.0,71.0,35,35,0,1,True,1120,2198,INF % NR,INF % NR,TPLOT,TPLOT,P%INF,INFECT,percentage_points,1.14277133,14.277133000000006,114.277133,2203,held_out_2019_no_response_fit_in_this_audit,validation,True,PUCCRT;PUCCST,False,False
BASF|73|2019|TreatmentC,73,2019,UNITED KINGDOM,"52.200000,0.800000|2019",TreatmentC,2019-06-21,"LEAF, 2ND",2,27.5,11.0,16.5,71.0,71.0,71.0,71.0,35,35,0,1,True,1119,2197,INF % NR,INF % NR,TPLOT,TPLOT,P%INF,INFECT,percentage_points,1.14277133,14.277133000000006,114.277133,2203,held_out_2019_no_response_fit_in_this_audit,validation,True,PUCCRT;PUCCST,False,False
BASF|73|2019|TreatmentC,73,2019,UNITED KINGDOM,"52.200000,0.800000|2019",TreatmentC,2019-06-21,"LEAF, 3RD",3,38.75,17.75,21.0,71.0,71.0,71.0,71.0,35,35,0,1,True,1118,2196,INF % NR,INF % NR,TPLOT,TPLOT,P%INF,INFECT,percentage_points,1.14277133,14.277133000000006,114.277133,2203,held_out_2019_no_response_fit_in_this_audit,validation,True,PUCCRT;PUCCST,False,False
BASF|73|2019|TreatmentC,73,2019,UNITED KINGDOM,"52.200000,0.800000|2019",TreatmentC,2019-07-02,"LEAF, 1ST / FLAG LEAF",1,30.0,17.75,12.25,75.0,75.0,75.0,75.0,46,46,0,1,True,1122,2200,INF % NR,INF % NR,TPLOT,TPLOT,P%INF,INFECT,percentage_points,1.14277133,14.277133000000006,114.277133,2203,held_out_2019_no_response_fit_in_this_audit,validation,True,PUCCRT;PUCCST,False,False
BASF|73|2019|TreatmentC,73,2019,UNITED KINGDOM,"52.200000,0.800000|2019",TreatmentC,2019-07-02,"LEAF, 2ND",2,30.0,14.25,15.75,75.0,75.0,75.0,75.0,46,46,0,1,True,1121,2199,INF % NR,INF % NR,TPLOT,TPLOT,P%INF,INFECT,percentage_points,1.14277133,14.277133000000006,114.277133,2203,held_out_2019_no_response_fit_in_this_audit,validation,True,PUCCRT;PUCCST,False,False
BASF|75|2019|TreatmentC,75,2019,UNITED KINGDOM,"52.000000,-2.200000|2019",TreatmentC,2019-06-04,"LEAF, 1ST / FLAG LEAF",1,6.25,0.0,6.25,61.0,61.0,61.0,61.0,22,22,0,1,True,1144,2211,INF % NR,INF % NR,TPLOT,TPLOT,P%INF,INFECT,percentage_points,1.1842834,18.428340000000006,118.42834,2218,held_out_2019_no_response_fit_in_this_audit,validation,True,,False,False
BASF|75|2019|TreatmentC,75,2019,UNITED KINGDOM,"52.000000,-2.200000|2019",TreatmentC,2019-06-04,"LEAF, 2ND",2,25.0,2.0,23.0,61.0,61.0,61.0,61.0,22,22,0,1,True,1145,2212,INF % NR,INF % NR,TPLOT,TPLOT,P%INF,INFECT,percentage_points,1.1842834,18.428340000000006,118.42834,2218,held_out_2019_no_response_fit_in_this_audit,validation,True,,False,False
BASF|75|2019|TreatmentC,75,2019,UNITED KINGDOM,"52.000000,-2.200000|2019",TreatmentC,2019-06-04,"LEAF, 3RD",3,61.25,16.25,45.0,61.0,61.0,61.0,61.0,22,22,0,1,True,1146,2213,INF % NR,INF % NR,TPLOT,TPLOT,P%INF,INFECT,percentage_points,1.1842834,18.428340000000006,118.42834,2218,held_out_2019_no_response_fit_in_this_audit,validation,True,,False,False
BASF|75|2019|TreatmentC,75,2019,UNITED KINGDOM,"52.000000,-2.200000|2019",TreatmentC,2019-06-13,"LEAF, 1ST / FLAG LEAF",1,16.25,1.0,15.25,61.0,65.0,61.0,65.0,31,31,0,1,True,1147,2214,INF % NR,INF % NR,TPLOT,TPLOT,P%INF,INFECT,percentage_points,1.1842834,18.428340000000006,118.42834,2218,held_out_2019_no_response_fit_in_this_audit,validation,True,,False,False
BASF|75|2019|TreatmentC,75,2019,UNITED KINGDOM,"52.000000,-2.200000|2019",TreatmentC,2019-06-13,"LEAF, 2ND",2,56.25,9.25,47.0,61.0,65.0,61.0,65.0,31,31,0,1,True,1148,2215,INF % NR,INF % NR,TPLOT,TPLOT,P%INF,INFECT,percentage_points,1.1842834,18.428340000000006,118.42834,2218,held_out_2019_no_response_fit_in_this_audit,validation,True,,False,False
BASF|75|2019|TreatmentC,75,2019,UNITED KINGDOM,"52.000000,-2.200000|2019",TreatmentC,2019-06-25,"LEAF, 1ST / FLAG LEAF",1,17.5,5.25,12.25,71.0,73.0,71.0,73.0,43,43,0,1,True,1149,2216,INF % NR,INF % NR,TPLOT,TPLOT,P%INF,INFECT,percentage_points,1.1842834,18.428340000000006,118.42834,2218,held_out_2019_no_response_fit_in_this_audit,validation,True,,False,False
BASF|75|2019|TreatmentC,75,2019,UNITED KINGDOM,"52.000000,-2.200000|2019",TreatmentC,2019-06-25,"LEAF, 2ND",2,73.75,43.75,30.0,71.0,73.0,71.0,73.0,43,43,0,1,True,1150,2217,INF % NR,INF % NR,TPLOT,TPLOT,P%INF,INFECT,percentage_points,1.1842834,18.428340000000006,118.42834,2218,held_out_2019_no_response_fit_in_this_audit,validation,True,,False,False
BASF|76|2017|TreatmentC,76,2017,UNITED KINGDOM,"51.700000,-1.900000|2017",TreatmentC,2017-06-22,"LEAF, 2ND",2,10.0,2.5,7.5,65.0,69.0,65.0,69.0,21,21,0,1,True,1156,2221,INF % NR,INF % NR,TPLOT,TPLOT,P%INF,INFECT,percentage_points,1.18773488,18.773488,118.773488,2225,development_2017_2018,calibration,True,PUCCRT,False,False
BASF|76|2017|TreatmentC,76,2017,UNITED KINGDOM,"51.700000,-1.900000|2017",TreatmentC,2017-06-22,"LEAF, 3RD",3,30.0,13.5,16.5,65.0,69.0,65.0,69.0,21,21,0,1,True,1155,2220,INF % NR,INF % NR,TPLOT,TPLOT,P%INF,INFECT,percentage_points,1.18773488,18.773488,118.773488,2225,development_2017_2018,calibration,True,PUCCRT,False,False
BASF|72|2019|TreatmentD,72,2019,IRELAND,"51.900000,-8.300000|2019",TreatmentD,2019-05-30,"LEAF, 3RD",3,9.375,5.5,3.875,53.0,59.0,53.0,59.0,20,20,0,1,True,1096,2233,INF % NR,INF % NR,TPLOT,TPLOT,P%INF,INFECT,percentage_points,1.2357971700000001,23.579717000000002,123.579717,2240,held_out_2019_no_response_fit_in_this_audit,validation,True,,False,False
BASF|72|2019|TreatmentD,72,2019,IRELAND,"51.900000,-8.300000|2019",TreatmentD,2019-06-10,"LEAF, 2ND",2,4.75,0.9375,3.8125,60.0,63.0,60.0,63.0,31,31,0,1,True,1097,2234,INF % NR,INF % NR,TPLOT,TPLOT,P%INF,INFECT,percentage_points,1.2357971700000001,23.579717000000002,123.579717,2240,held_out_2019_no_response_fit_in_this_audit,validation,True,,False,False
BASF|72|2019|TreatmentD,72,2019,IRELAND,"51.900000,-8.300000|2019",TreatmentD,2019-06-10,"LEAF, 3RD",3,21.625,9.4375,12.1875,60.0,63.0,60.0,63.0,31,31,0,1,True,1098,2235,INF % NR,INF % NR,TPLOT,TPLOT,P%INF,INFECT,percentage_points,1.2357971700000001,23.579717000000002,123.579717,2240,held_out_2019_no_response_fit_in_this_audit,validation,True,,False,False
BASF|72|2019|TreatmentD,72,2019,IRELAND,"51.900000,-8.300000|2019",TreatmentD,2019-06-20,"LEAF, 2ND",2,21.5,4.1875,17.3125,65.0,68.0,65.0,68.0,41,41,0,1,True,1099,2236,INF % NR,INF % NR,TPLOT,TPLOT,P%INF,INFECT,percentage_points,1.2357971700000001,23.579717000000002,123.579717,2240,held_out_2019_no_response_fit_in_this_audit,validation,True,,False,False
BASF|72|2019|TreatmentD,72,2019,IRELAND,"51.900000,-8.300000|2019",TreatmentD,2019-06-20,"LEAF, 3RD",3,74.375,38.3125,36.0625,65.0,68.0,65.0,68.0,41,41,0,1,True,1100,2237,INF % NR,INF % NR,TPLOT,TPLOT,P%INF,INFECT,percentage_points,1.2357971700000001,23.579717000000002,123.579717,2240,held_out_2019_no_response_fit_in_this_audit,validation,True,,False,False
BASF|72|2019|TreatmentD,72,2019,IRELAND,"51.900000,-8.300000|2019",TreatmentD,2019-06-30,"LEAF, 1ST / FLAG LEAF",1,15.625,2.375,13.25,72.0,76.0,72.0,76.0,51,51,0,1,True,1101,2238,INF % NR,INF % NR,TPLOT,TPLOT,P%INF,INFECT,percentage_points,1.2357971700000001,23.579717000000002,123.579717,2240,held_out_2019_no_response_fit_in_this_audit,validation,True,,False,False
BASF|72|2019|TreatmentD,72,2019,IRELAND,"51.900000,-8.300000|2019",TreatmentD,2019-06-30,"LEAF, 2ND",2,71.25,11.4375,59.8125,72.0,76.0,72.0,76.0,51,51,0,1,True,1102,2239,INF % NR,INF % NR,TPLOT,TPLOT,P%INF,INFECT,percentage_points,1.2357971700000001,23.579717000000002,123.579717,2240,held_out_2019_no_response_fit_in_this_audit,validation,True,,False,False
BASF|73|2019|TreatmentD,73,2019,UNITED KINGDOM,"52.200000,0.800000|2019",TreatmentD,2019-06-04,"LEAF, 2ND",2,15.0,6.5,8.5,51.0,61.0,51.0,61.0,18,18,0,1,True,1114,2243,INF % NR,INF % NR,TPLOT,TPLOT,P%INF,INFECT,percentage_points,1.18672723,18.672723000000005,118.672723,2254,held_out_2019_no_response_fit_in_this_audit,validation,True,PUCCRT;PUCCST,False,False
BASF|73|2019|TreatmentD,73,2019,UNITED KINGDOM,"52.200000,0.800000|2019",TreatmentD,2019-06-04,"LEAF, 3RD",3,25.0,11.5,13.5,51.0,61.0,51.0,61.0,18,18,0,1,True,1113,2242,INF % NR,INF % NR,TPLOT,TPLOT,P%INF,INFECT,percentage_points,1.18672723,18.672723000000005,118.672723,2254,held_out_2019_no_response_fit_in_this_audit,validation,True,PUCCRT;PUCCST,False,False
BASF|73|2019|TreatmentD,73,2019,UNITED KINGDOM,"52.200000,0.800000|2019",TreatmentD,2019-06-14,"LEAF, 2ND",2,20.0,6.0,14.0,65.0,65.0,65.0,65.0,28,28,0,1,True,1116,2245,INF % NR,INF % NR,TPLOT,TPLOT,P%INF,INFECT,percentage_points,1.18672723,18.672723000000005,118.672723,2254,held_out_2019_no_response_fit_in_this_audit,validation,True,PUCCRT;PUCCST,False,False
BASF|73|2019|TreatmentD,73,2019,UNITED KINGDOM,"52.200000,0.800000|2019",TreatmentD,2019-06-14,"LEAF, 3RD",3,30.0,11.0,19.0,65.0,65.0,65.0,65.0,28,28,0,1,True,1115,2244,INF % NR,INF % NR,TPLOT,TPLOT,P%INF,INFECT,percentage_points,1.18672723,18.672723000000005,118.672723,2254,held_out_2019_no_response_fit_in_this_audit,validation,True,PUCCRT;PUCCST,False,False
BASF|73|2019|TreatmentD,73,2019,UNITED KINGDOM,"52.200000,0.800000|2019",TreatmentD,2019-06-21,"LEAF, 1ST / FLAG LEAF",1,10.0,1.5,8.5,71.0,71.0,71.0,71.0,35,35,0,1,True,1120,2249,INF % NR,INF % NR,TPLOT,TPLOT,P%INF,INFECT,percentage_points,1.18672723,18.672723000000005,118.672723,2254,held_out_2019_no_response_fit_in_this_audit,validation,True,PUCCRT;PUCCST,False,False
BASF|73|2019|TreatmentD,73,2019,UNITED KINGDOM,"52.200000,0.800000|2019",TreatmentD,2019-06-21,"LEAF, 2ND",2,27.5,11.0,16.5,71.0,71.0,71.0,71.0,35,35,0,1,True,1119,2248,INF % NR,INF % NR,TPLOT,TPLOT,P%INF,INFECT,percentage_points,1.18672723,18.672723000000005,118.672723,2254,held_out_2019_no_response_fit_in_this_audit,validation,True,PUCCRT;PUCCST,False,False
BASF|73|2019|TreatmentD,73,2019,UNITED KINGDOM,"52.200000,0.800000|2019",TreatmentD,2019-06-21,"LEAF, 3RD",3,38.75,16.0,22.75,71.0,71.0,71.0,71.0,35,35,0,1,True,1118,2247,INF % NR,INF % NR,TPLOT,TPLOT,P%INF,INFECT,percentage_points,1.18672723,18.672723000000005,118.672723,2254,held_out_2019_no_response_fit_in_this_audit,validation,True,PUCCRT;PUCCST,False,False
BASF|73|2019|TreatmentD,73,2019,UNITED KINGDOM,"52.200000,0.800000|2019",TreatmentD,2019-07-02,"LEAF, 1ST / FLAG LEAF",1,30.0,15.0,15.0,75.0,75.0,75.0,75.0,46,46,0,1,True,1122,2251,INF % NR,INF % NR,TPLOT,TPLOT,P%INF,INFECT,percentage_points,1.18672723,18.672723000000005,118.672723,2254,held_out_2019_no_response_fit_in_this_audit,validation,True,PUCCRT;PUCCST,False,False
BASF|73|2019|TreatmentD,73,2019,UNITED KINGDOM,"52.200000,0.800000|2019",TreatmentD,2019-07-02,"LEAF, 2ND",2,30.0,10.5,19.5,75.0,75.0,75.0,75.0,46,46,0,1,True,1121,2250,INF % NR,INF % NR,TPLOT,TPLOT,P%INF,INFECT,percentage_points,1.18672723,18.672723000000005,118.672723,2254,held_out_2019_no_response_fit_in_this_audit,validation,True,PUCCRT;PUCCST,False,False
BASF|75|2019|TreatmentD,75,2019,UNITED KINGDOM,"52.000000,-2.200000|2019",TreatmentD,2019-06-04,"LEAF, 1ST / FLAG LEAF",1,6.25,0.0,6.25,61.0,61.0,61.0,61.0,22,22,0,1,True,1144,2262,INF % NR,INF % NR,TPLOT,TPLOT,P%INF,INFECT,percentage_points,1.1455613599999999,14.556135999999995,114.556136,2269,held_out_2019_no_response_fit_in_this_audit,validation,True,,False,False
BASF|75|2019|TreatmentD,75,2019,UNITED KINGDOM,"52.000000,-2.200000|2019",TreatmentD,2019-06-04,"LEAF, 2ND",2,25.0,6.75,18.25,61.0,61.0,61.0,61.0,22,22,0,1,True,1145,2263,INF % NR,INF % NR,TPLOT,TPLOT,P%INF,INFECT,percentage_points,1.1455613599999999,14.556135999999995,114.556136,2269,held_out_2019_no_response_fit_in_this_audit,validation,True,,False,False
BASF|75|2019|TreatmentD,75,2019,UNITED KINGDOM,"52.000000,-2.200000|2019",TreatmentD,2019-06-04,"LEAF, 3RD",3,61.25,14.25,47.0,61.0,61.0,61.0,61.0,22,22,0,1,True,1146,2264,INF % NR,INF % NR,TPLOT,TPLOT,P%INF,INFECT,percentage_points,1.1455613599999999,14.556135999999995,114.556136,2269,held_out_2019_no_response_fit_in_this_audit,validation,True,,False,False
BASF|75|2019|TreatmentD,75,2019,UNITED KINGDOM,"52.000000,-2.200000|2019",TreatmentD,2019-06-13,"LEAF, 1ST / FLAG LEAF",1,16.25,3.0,13.25,61.0,65.0,61.0,65.0,31,31,0,1,True,1147,2265,INF % NR,INF % NR,TPLOT,TPLOT,P%INF,INFECT,percentage_points,1.1455613599999999,14.556135999999995,114.556136,2269,held_out_2019_no_response_fit_in_this_audit,validation,True,,False,False
BASF|75|2019|TreatmentD,75,2019,UNITED KINGDOM,"52.000000,-2.200000|2019",TreatmentD,2019-06-13,"LEAF, 2ND",2,56.25,16.25,40.0,61.0,65.0,61.0,65.0,31,31,0,1,True,1148,2266,INF % NR,INF % NR,TPLOT,TPLOT,P%INF,INFECT,percentage_points,1.1455613599999999,14.556135999999995,114.556136,2269,held_out_2019_no_response_fit_in_this_audit,validation,True,,False,False
BASF|75|2019|TreatmentD,75,2019,UNITED KINGDOM,"52.000000,-2.200000|2019",TreatmentD,2019-06-25,"LEAF, 1ST / FLAG LEAF",1,17.5,3.0,14.5,71.0,73.0,71.0,73.0,43,43,0,1,True,1149,2267,INF % NR,INF % NR,TPLOT,TPLOT,P%INF,INFECT,percentage_points,1.1455613599999999,14.556135999999995,114.556136,2269,held_out_2019_no_response_fit_in_this_audit,validation,True,,False,False
BASF|75|2019|TreatmentD,75,2019,UNITED KINGDOM,"52.000000,-2.200000|2019",TreatmentD,2019-06-25,"LEAF, 2ND",2,73.75,43.75,30.0,71.0,73.0,71.0,73.0,43,43,0,1,True,1150,2268,INF % NR,INF % NR,TPLOT,TPLOT,P%INF,INFECT,percentage_points,1.1455613599999999,14.556135999999995,114.556136,2269,held_out_2019_no_response_fit_in_this_audit,validation,True,,False,False
BASF|76|2017|TreatmentD,76,2017,UNITED KINGDOM,"51.700000,-1.900000|2017",TreatmentD,2017-06-22,"LEAF, 2ND",2,10.0,2.0,8.0,65.0,69.0,65.0,69.0,21,21,0,1,True,1156,2272,INF % NR,INF % NR,TPLOT,TPLOT,P%INF,INFECT,percentage_points,1.16214605,16.214605000000006,116.214605,2276,development_2017_2018,calibration,True,PUCCRT,False,False
BASF|76|2017|TreatmentD,76,2017,UNITED KINGDOM,"51.700000,-1.900000|2017",TreatmentD,2017-06-22,"LEAF, 3RD",3,30.0,13.5,16.5,65.0,69.0,65.0,69.0,21,21,0,1,True,1155,2271,INF % NR,INF % NR,TPLOT,TPLOT,P%INF,INFECT,percentage_points,1.16214605,16.214605000000006,116.214605,2276,development_2017_2018,calibration,True,PUCCRT,False,False
