field_id,partition,event,effective_rank_spacing_units,predicted_date,stage_reached,modeled_visible_final_rank_count,modeled_unfolded_final_rank_count,top3_visible_count,top3_unfolded_count,F1_visible,F1_unfolded,observed_leaf_count_available,spacing_calibrated
basf-wheat-diseases|1|2017,calibration,10,80.0,2016-10-15,True,0.0,0.0,0.0,0.0,False,False,False,False
basf-wheat-diseases|10|2017,calibration,10,80.0,2016-11-17,True,0.0,0.0,0.0,0.0,False,False,False,False
basf-wheat-diseases|11|2017,calibration,10,80.0,2016-11-20,True,0.0,0.0,0.0,0.0,False,False,False,False
basf-wheat-diseases|12|2017,calibration,10,80.0,2016-10-19,True,0.0,0.0,0.0,0.0,False,False,False,False
basf-wheat-diseases|13|2017,calibration,10,80.0,2016-10-19,True,0.0,0.0,0.0,0.0,False,False,False,False
basf-wheat-diseases|14|2017,calibration,10,80.0,2016-10-19,True,0.0,0.0,0.0,0.0,False,False,False,False
basf-wheat-diseases|15|2017,calibration,10,80.0,2016-10-20,True,0.0,0.0,0.0,0.0,False,False,False,False
basf-wheat-diseases|16|2017,calibration,10,80.0,2016-10-18,True,0.0,0.0,0.0,0.0,False,False,False,False
basf-wheat-diseases|17|2017,calibration,10,80.0,2016-11-17,True,0.0,0.0,0.0,0.0,False,False,False,False
basf-wheat-diseases|18|2017,calibration,10,80.0,2016-11-18,True,0.0,0.0,0.0,0.0,False,False,False,False
basf-wheat-diseases|19|2017,calibration,10,80.0,2016-11-19,True,0.0,0.0,0.0,0.0,False,False,False,False
basf-wheat-diseases|2|2017,calibration,10,80.0,2016-11-02,True,0.0,0.0,0.0,0.0,False,False,False,False
basf-wheat-diseases|20|2017,calibration,10,80.0,2016-11-16,True,0.0,0.0,0.0,0.0,False,False,False,False
basf-wheat-diseases|23|2018,calibration,10,80.0,2017-11-19,True,0.0,0.0,0.0,0.0,False,False,False,False
basf-wheat-diseases|24|2018,calibration,10,80.0,2017-11-16,True,0.0,0.0,0.0,0.0,False,False,False,False
basf-wheat-diseases|25|2018,calibration,10,80.0,2017-10-15,True,0.0,0.0,0.0,0.0,False,False,False,False
basf-wheat-diseases|26|2018,calibration,10,80.0,2017-10-15,True,0.0,0.0,0.0,0.0,False,False,False,False
basf-wheat-diseases|27|2018,calibration,10,80.0,2017-10-16,True,0.0,0.0,0.0,0.0,False,False,False,False
basf-wheat-diseases|28|2018,calibration,10,80.0,2017-11-18,True,0.0,0.0,0.0,0.0,False,False,False,False
basf-wheat-diseases|29|2018,calibration,10,80.0,2017-11-17,True,0.0,0.0,0.0,0.0,False,False,False,False
basf-wheat-diseases|30|2018,calibration,10,80.0,2017-11-18,True,0.0,0.0,0.0,0.0,False,False,False,False
basf-wheat-diseases|4|2017,calibration,10,80.0,2016-10-31,True,0.0,0.0,0.0,0.0,False,False,False,False
basf-wheat-diseases|5|2017,calibration,10,80.0,2016-10-14,True,0.0,0.0,0.0,0.0,False,False,False,False
basf-wheat-diseases|6|2017,calibration,10,80.0,2016-11-15,True,0.0,0.0,0.0,0.0,False,False,False,False
basf-wheat-diseases|7|2017,calibration,10,80.0,2016-11-17,True,0.0,0.0,0.0,0.0,False,False,False,False
basf-wheat-diseases|76|2017,calibration,10,80.0,2016-11-18,True,0.0,0.0,0.0,0.0,False,False,False,False
basf-wheat-diseases|8|2017,calibration,10,80.0,2016-11-17,True,0.0,0.0,0.0,0.0,False,False,False,False
basf-wheat-diseases|9|2017,calibration,10,80.0,2016-11-18,True,0.0,0.0,0.0,0.0,False,False,False,False
basf-wheat-diseases|1|2017,calibration,31,80.0,2017-04-13,True,5.0,3.0,1.0,0.0,False,False,False,False
basf-wheat-diseases|10|2017,calibration,31,80.0,2017-04-06,True,5.0,3.0,1.0,0.0,False,False,False,False
basf-wheat-diseases|11|2017,calibration,31,80.0,2017-04-26,True,5.0,3.0,1.0,0.0,False,False,False,False
basf-wheat-diseases|12|2017,calibration,31,80.0,2017-04-30,True,5.0,3.0,1.0,0.0,False,False,False,False
basf-wheat-diseases|13|2017,calibration,31,80.0,2017-04-27,True,5.0,3.0,1.0,0.0,False,False,False,False
basf-wheat-diseases|14|2017,calibration,31,80.0,2017-04-29,True,5.0,3.0,1.0,0.0,False,False,False,False
basf-wheat-diseases|15|2017,calibration,31,80.0,2017-05-06,True,5.0,3.0,1.0,0.0,False,False,False,False
basf-wheat-diseases|16|2017,calibration,31,80.0,2017-04-29,True,5.0,3.0,1.0,0.0,False,False,False,False
basf-wheat-diseases|17|2017,calibration,31,80.0,2017-04-11,True,5.0,3.0,1.0,0.0,False,False,False,False
basf-wheat-diseases|18|2017,calibration,31,80.0,2017-04-12,True,5.0,3.0,1.0,0.0,False,False,False,False
basf-wheat-diseases|19|2017,calibration,31,80.0,2017-04-10,True,5.0,3.0,1.0,0.0,False,False,False,False
basf-wheat-diseases|2|2017,calibration,31,80.0,2017-05-04,True,5.0,3.0,1.0,0.0,False,False,False,False
basf-wheat-diseases|20|2017,calibration,31,80.0,2017-04-09,True,5.0,3.0,1.0,0.0,False,False,False,False
basf-wheat-diseases|23|2018,calibration,31,80.0,2018-04-12,True,5.0,3.0,1.0,0.0,False,False,False,False
basf-wheat-diseases|24|2018,calibration,31,80.0,2018-05-01,True,5.0,3.0,1.0,0.0,False,False,False,False
basf-wheat-diseases|25|2018,calibration,31,80.0,2018-04-21,True,5.0,3.0,1.0,0.0,False,False,False,False
basf-wheat-diseases|26|2018,calibration,31,80.0,2018-04-21,True,5.0,3.0,1.0,0.0,False,False,False,False
basf-wheat-diseases|27|2018,calibration,31,80.0,2018-05-01,True,5.0,3.0,1.0,0.0,False,False,False,False
basf-wheat-diseases|28|2018,calibration,31,80.0,2018-04-23,True,5.0,3.0,1.0,0.0,False,False,False,False
basf-wheat-diseases|29|2018,calibration,31,80.0,2018-04-23,True,5.0,3.0,1.0,0.0,False,False,False,False
basf-wheat-diseases|30|2018,calibration,31,80.0,2018-04-21,True,5.0,3.0,1.0,0.0,False,False,False,False
basf-wheat-diseases|4|2017,calibration,31,80.0,2017-04-24,True,5.0,3.0,1.0,0.0,False,False,False,False
basf-wheat-diseases|5|2017,calibration,31,80.0,2017-04-12,True,5.0,3.0,1.0,0.0,False,False,False,False
basf-wheat-diseases|6|2017,calibration,31,80.0,2017-04-01,True,5.0,3.0,1.0,0.0,False,False,False,False
basf-wheat-diseases|7|2017,calibration,31,80.0,2017-04-06,True,5.0,3.0,1.0,0.0,False,False,False,False
basf-wheat-diseases|76|2017,calibration,31,80.0,2017-04-12,True,5.0,3.0,1.0,0.0,False,False,False,False
basf-wheat-diseases|8|2017,calibration,31,80.0,2017-04-06,True,5.0,3.0,1.0,0.0,False,False,False,False
basf-wheat-diseases|9|2017,calibration,31,80.0,2017-04-10,True,5.0,3.0,1.0,0.0,False,False,False,False
basf-wheat-diseases|1|2017,calibration,32,80.0,2017-04-30,True,6.0,4.0,2.0,0.0,False,False,False,False
basf-wheat-diseases|10|2017,calibration,32,80.0,2017-04-17,True,6.0,4.0,2.0,0.0,False,False,False,False
basf-wheat-diseases|11|2017,calibration,32,80.0,2017-05-07,True,6.0,4.0,2.0,0.0,False,False,False,False
basf-wheat-diseases|12|2017,calibration,32,80.0,2017-05-11,True,6.0,4.0,2.0,0.0,False,False,False,False
basf-wheat-diseases|13|2017,calibration,32,80.0,2017-05-08,True,6.0,4.0,2.0,0.0,False,False,False,False
basf-wheat-diseases|14|2017,calibration,32,80.0,2017-05-11,True,6.0,4.0,2.0,0.0,False,False,False,False
basf-wheat-diseases|15|2017,calibration,32,80.0,2017-05-16,True,6.0,4.0,2.0,0.0,False,False,False,False
basf-wheat-diseases|16|2017,calibration,32,80.0,2017-05-11,True,6.0,4.0,2.0,0.0,False,False,False,False
basf-wheat-diseases|17|2017,calibration,32,80.0,2017-04-24,True,6.0,4.0,2.0,0.0,False,False,False,False
basf-wheat-diseases|18|2017,calibration,32,80.0,2017-04-24,True,6.0,4.0,2.0,0.0,False,False,False,False
basf-wheat-diseases|19|2017,calibration,32,80.0,2017-04-22,True,6.0,4.0,2.0,0.0,False,False,False,False
basf-wheat-diseases|2|2017,calibration,32,80.0,2017-05-14,True,6.0,4.0,2.0,0.0,False,False,False,False
basf-wheat-diseases|20|2017,calibration,32,80.0,2017-04-22,True,6.0,4.0,2.0,0.0,False,False,False,False
basf-wheat-diseases|23|2018,calibration,32,80.0,2018-04-20,True,6.0,4.0,2.0,0.0,False,False,False,False
basf-wheat-diseases|24|2018,calibration,32,80.0,2018-05-09,True,6.0,4.0,2.0,0.0,False,False,False,False
basf-wheat-diseases|25|2018,calibration,32,80.0,2018-04-28,True,6.0,4.0,2.0,0.0,False,False,False,False
basf-wheat-diseases|26|2018,calibration,32,80.0,2018-04-29,True,6.0,5.0,2.0,1.0,False,False,False,False
basf-wheat-diseases|27|2018,calibration,32,80.0,2018-05-08,True,6.0,4.0,2.0,0.0,False,False,False,False
basf-wheat-diseases|28|2018,calibration,32,80.0,2018-05-05,True,6.0,4.0,2.0,0.0,False,False,False,False
basf-wheat-diseases|29|2018,calibration,32,80.0,2018-05-05,True,6.0,4.0,2.0,0.0,False,False,False,False
basf-wheat-diseases|30|2018,calibration,32,80.0,2018-05-01,True,6.0,4.0,2.0,0.0,False,False,False,False
basf-wheat-diseases|4|2017,calibration,32,80.0,2017-05-06,True,6.0,4.0,2.0,0.0,False,False,False,False
basf-wheat-diseases|5|2017,calibration,32,80.0,2017-04-29,True,6.0,4.0,2.0,0.0,False,False,False,False
basf-wheat-diseases|6|2017,calibration,32,80.0,2017-04-12,True,6.0,4.0,2.0,0.0,False,False,False,False
basf-wheat-diseases|7|2017,calibration,32,80.0,2017-04-17,True,6.0,4.0,2.0,0.0,False,False,False,False
basf-wheat-diseases|76|2017,calibration,32,80.0,2017-04-24,True,6.0,4.0,2.0,0.0,False,False,False,False
basf-wheat-diseases|8|2017,calibration,32,80.0,2017-04-17,True,6.0,4.0,2.0,0.0,False,False,False,False
basf-wheat-diseases|9|2017,calibration,32,80.0,2017-04-24,True,6.0,4.0,2.0,0.0,False,False,False,False
basf-wheat-diseases|1|2017,calibration,33,80.0,2017-05-04,True,6.0,5.0,2.0,1.0,False,False,False,False
basf-wheat-diseases|10|2017,calibration,33,80.0,2017-04-22,True,6.0,5.0,2.0,1.0,False,False,False,False
basf-wheat-diseases|11|2017,calibration,33,80.0,2017-05-11,True,6.0,5.0,2.0,1.0,False,False,False,False
basf-wheat-diseases|12|2017,calibration,33,80.0,2017-05-14,True,6.0,5.0,2.0,1.0,False,False,False,False
basf-wheat-diseases|13|2017,calibration,33,80.0,2017-05-12,True,6.0,5.0,2.0,1.0,False,False,False,False
basf-wheat-diseases|14|2017,calibration,33,80.0,2017-05-13,True,6.0,5.0,2.0,1.0,False,False,False,False
basf-wheat-diseases|15|2017,calibration,33,80.0,2017-05-18,True,6.0,5.0,2.0,1.0,False,False,False,False
basf-wheat-diseases|16|2017,calibration,33,80.0,2017-05-13,True,6.0,5.0,2.0,1.0,False,False,False,False
basf-wheat-diseases|17|2017,calibration,33,80.0,2017-04-29,True,6.0,5.0,2.0,1.0,False,False,False,False
basf-wheat-diseases|18|2017,calibration,33,80.0,2017-04-30,True,6.0,5.0,2.0,1.0,False,False,False,False
basf-wheat-diseases|19|2017,calibration,33,80.0,2017-04-28,True,6.0,5.0,2.0,1.0,False,False,False,False
basf-wheat-diseases|2|2017,calibration,33,80.0,2017-05-16,True,6.0,5.0,2.0,1.0,False,False,False,False
basf-wheat-diseases|20|2017,calibration,33,80.0,2017-04-27,True,6.0,5.0,2.0,1.0,False,False,False,False
basf-wheat-diseases|23|2018,calibration,33,80.0,2018-04-22,True,6.0,5.0,2.0,1.0,False,False,False,False
basf-wheat-diseases|24|2018,calibration,33,80.0,2018-05-11,True,6.0,5.0,2.0,1.0,False,False,False,False
basf-wheat-diseases|25|2018,calibration,33,80.0,2018-04-30,True,6.0,5.0,2.0,1.0,False,False,False,False
basf-wheat-diseases|26|2018,calibration,33,80.0,2018-04-30,True,6.0,5.0,2.0,1.0,False,False,False,False
basf-wheat-diseases|27|2018,calibration,33,80.0,2018-05-10,True,6.0,5.0,2.0,1.0,False,False,False,False
basf-wheat-diseases|28|2018,calibration,33,80.0,2018-05-07,True,6.0,5.0,2.0,1.0,False,False,False,False
basf-wheat-diseases|29|2018,calibration,33,80.0,2018-05-07,True,6.0,5.0,2.0,1.0,False,False,False,False
basf-wheat-diseases|30|2018,calibration,33,80.0,2018-05-04,True,6.0,5.0,2.0,1.0,False,False,False,False
basf-wheat-diseases|4|2017,calibration,33,80.0,2017-05-09,True,6.0,5.0,2.0,1.0,False,False,False,False
basf-wheat-diseases|5|2017,calibration,33,80.0,2017-05-03,True,6.0,5.0,2.0,1.0,False,False,False,False
basf-wheat-diseases|6|2017,calibration,33,80.0,2017-04-15,True,6.0,5.0,2.0,1.0,False,False,False,False
basf-wheat-diseases|7|2017,calibration,33,80.0,2017-04-22,True,6.0,5.0,2.0,1.0,False,False,False,False
basf-wheat-diseases|76|2017,calibration,33,80.0,2017-04-30,True,6.0,5.0,2.0,1.0,False,False,False,False
basf-wheat-diseases|8|2017,calibration,33,80.0,2017-04-22,True,6.0,5.0,2.0,1.0,False,False,False,False
basf-wheat-diseases|9|2017,calibration,33,80.0,2017-04-29,True,6.0,5.0,2.0,1.0,False,False,False,False
basf-wheat-diseases|1|2017,calibration,37,80.0,2017-05-08,True,7.0,5.0,3.0,1.0,True,False,False,False
basf-wheat-diseases|10|2017,calibration,37,80.0,2017-04-27,True,7.0,5.0,3.0,1.0,True,False,False,False
basf-wheat-diseases|11|2017,calibration,37,80.0,2017-05-14,True,7.0,5.0,3.0,1.0,True,False,False,False
basf-wheat-diseases|12|2017,calibration,37,80.0,2017-05-16,True,7.0,5.0,3.0,1.0,True,False,False,False
basf-wheat-diseases|13|2017,calibration,37,80.0,2017-05-15,True,7.0,5.0,3.0,1.0,True,False,False,False
basf-wheat-diseases|14|2017,calibration,37,80.0,2017-05-16,True,7.0,5.0,3.0,1.0,True,False,False,False
basf-wheat-diseases|15|2017,calibration,37,80.0,2017-05-20,True,7.0,5.0,3.0,1.0,True,False,False,False
basf-wheat-diseases|16|2017,calibration,37,80.0,2017-05-16,True,7.0,5.0,3.0,1.0,True,False,False,False
basf-wheat-diseases|17|2017,calibration,37,80.0,2017-05-04,True,7.0,5.0,3.0,1.0,True,False,False,False
basf-wheat-diseases|18|2017,calibration,37,80.0,2017-05-04,True,7.0,5.0,3.0,1.0,True,False,False,False
basf-wheat-diseases|19|2017,calibration,37,80.0,2017-05-02,True,7.0,5.0,3.0,1.0,True,False,False,False
basf-wheat-diseases|2|2017,calibration,37,80.0,2017-05-18,True,7.0,5.0,3.0,1.0,True,False,False,False
basf-wheat-diseases|20|2017,calibration,37,80.0,2017-05-01,True,7.0,5.0,3.0,1.0,True,False,False,False
basf-wheat-diseases|23|2018,calibration,37,80.0,2018-04-26,True,7.0,5.0,3.0,1.0,True,False,False,False
basf-wheat-diseases|24|2018,calibration,37,80.0,2018-05-14,True,7.0,5.0,3.0,1.0,True,False,False,False
basf-wheat-diseases|25|2018,calibration,37,80.0,2018-05-03,True,7.0,5.0,3.0,1.0,True,False,False,False
basf-wheat-diseases|26|2018,calibration,37,80.0,2018-05-03,True,7.0,5.0,3.0,1.0,True,False,False,False
basf-wheat-diseases|27|2018,calibration,37,80.0,2018-05-12,True,7.0,5.0,3.0,1.0,True,False,False,False
basf-wheat-diseases|28|2018,calibration,37,80.0,2018-05-10,True,7.0,5.0,3.0,1.0,True,False,False,False
basf-wheat-diseases|29|2018,calibration,37,80.0,2018-05-10,True,7.0,5.0,3.0,1.0,True,False,False,False
basf-wheat-diseases|30|2018,calibration,37,80.0,2018-05-07,True,7.0,5.0,3.0,1.0,True,False,False,False
basf-wheat-diseases|4|2017,calibration,37,80.0,2017-05-12,True,7.0,5.0,3.0,1.0,True,False,False,False
basf-wheat-diseases|5|2017,calibration,37,80.0,2017-05-07,True,7.0,5.0,3.0,1.0,True,False,False,False
basf-wheat-diseases|6|2017,calibration,37,80.0,2017-04-20,True,7.0,5.0,3.0,1.0,True,False,False,False
basf-wheat-diseases|7|2017,calibration,37,80.0,2017-04-28,True,7.0,5.0,3.0,1.0,True,False,False,False
basf-wheat-diseases|76|2017,calibration,37,80.0,2017-05-04,True,7.0,5.0,3.0,1.0,True,False,False,False
basf-wheat-diseases|8|2017,calibration,37,80.0,2017-04-27,True,7.0,5.0,3.0,1.0,True,False,False,False
basf-wheat-diseases|9|2017,calibration,37,80.0,2017-05-03,True,7.0,5.0,3.0,1.0,True,False,False,False
basf-wheat-diseases|1|2017,calibration,39,80.0,2017-05-16,True,7.0,7.0,3.0,3.0,True,True,False,False
basf-wheat-diseases|10|2017,calibration,39,80.0,2017-05-09,True,7.0,7.0,3.0,3.0,True,True,False,False
basf-wheat-diseases|11|2017,calibration,39,80.0,2017-05-22,True,7.0,7.0,3.0,3.0,True,True,False,False
basf-wheat-diseases|12|2017,calibration,39,80.0,2017-05-23,True,7.0,7.0,3.0,3.0,True,True,False,False
basf-wheat-diseases|13|2017,calibration,39,80.0,2017-05-21,True,7.0,7.0,3.0,3.0,True,True,False,False
basf-wheat-diseases|14|2017,calibration,39,80.0,2017-05-22,True,7.0,7.0,3.0,3.0,True,True,False,False
basf-wheat-diseases|15|2017,calibration,39,80.0,2017-05-27,True,7.0,7.0,3.0,3.0,True,True,False,False
basf-wheat-diseases|16|2017,calibration,39,80.0,2017-05-22,True,7.0,7.0,3.0,3.0,True,True,False,False
basf-wheat-diseases|17|2017,calibration,39,80.0,2017-05-14,True,7.0,7.0,3.0,3.0,True,True,False,False
basf-wheat-diseases|18|2017,calibration,39,80.0,2017-05-14,True,7.0,7.0,3.0,3.0,True,True,False,False
basf-wheat-diseases|19|2017,calibration,39,80.0,2017-05-13,True,7.0,7.0,3.0,3.0,True,True,False,False
basf-wheat-diseases|2|2017,calibration,39,80.0,2017-05-25,True,7.0,7.0,3.0,3.0,True,True,False,False
basf-wheat-diseases|20|2017,calibration,39,80.0,2017-05-12,True,7.0,7.0,3.0,3.0,True,True,False,False
basf-wheat-diseases|23|2018,calibration,39,80.0,2018-05-06,True,7.0,7.0,3.0,3.0,True,True,False,False
basf-wheat-diseases|24|2018,calibration,39,80.0,2018-05-21,True,7.0,7.0,3.0,3.0,True,True,False,False
basf-wheat-diseases|25|2018,calibration,39,80.0,2018-05-10,True,7.0,7.0,3.0,3.0,True,True,False,False
basf-wheat-diseases|26|2018,calibration,39,80.0,2018-05-10,True,7.0,7.0,3.0,3.0,True,True,False,False
basf-wheat-diseases|27|2018,calibration,39,80.0,2018-05-19,True,7.0,7.0,3.0,3.0,True,True,False,False
basf-wheat-diseases|28|2018,calibration,39,80.0,2018-05-19,True,7.0,7.0,3.0,3.0,True,True,False,False
basf-wheat-diseases|29|2018,calibration,39,80.0,2018-05-20,True,7.0,7.0,3.0,3.0,True,True,False,False
basf-wheat-diseases|30|2018,calibration,39,80.0,2018-05-15,True,7.0,7.0,3.0,3.0,True,True,False,False
basf-wheat-diseases|4|2017,calibration,39,80.0,2017-05-19,True,7.0,7.0,3.0,3.0,True,True,False,False
basf-wheat-diseases|5|2017,calibration,39,80.0,2017-05-16,True,7.0,7.0,3.0,3.0,True,True,False,False
basf-wheat-diseases|6|2017,calibration,39,80.0,2017-05-03,True,7.0,7.0,3.0,3.0,True,True,False,False
basf-wheat-diseases|7|2017,calibration,39,80.0,2017-05-09,True,7.0,7.0,3.0,3.0,True,True,False,False
basf-wheat-diseases|76|2017,calibration,39,80.0,2017-05-14,True,7.0,7.0,3.0,3.0,True,True,False,False
basf-wheat-diseases|8|2017,calibration,39,80.0,2017-05-09,True,7.0,7.0,3.0,3.0,True,True,False,False
basf-wheat-diseases|9|2017,calibration,39,80.0,2017-05-13,True,7.0,7.0,3.0,3.0,True,True,False,False
basf-wheat-diseases|1|2017,calibration,51,80.0,2017-05-28,True,7.0,7.0,3.0,3.0,True,True,False,False
basf-wheat-diseases|10|2017,calibration,51,80.0,2017-05-21,True,7.0,7.0,3.0,3.0,True,True,False,False
basf-wheat-diseases|11|2017,calibration,51,80.0,2017-06-03,True,7.0,7.0,3.0,3.0,True,True,False,False
basf-wheat-diseases|12|2017,calibration,51,80.0,2017-06-02,True,7.0,7.0,3.0,3.0,True,True,False,False
basf-wheat-diseases|13|2017,calibration,51,80.0,2017-06-01,True,7.0,7.0,3.0,3.0,True,True,False,False
basf-wheat-diseases|14|2017,calibration,51,80.0,2017-06-02,True,7.0,7.0,3.0,3.0,True,True,False,False
basf-wheat-diseases|15|2017,calibration,51,80.0,2017-06-07,True,7.0,7.0,3.0,3.0,True,True,False,False
basf-wheat-diseases|16|2017,calibration,51,80.0,2017-06-02,True,7.0,7.0,3.0,3.0,True,True,False,False
basf-wheat-diseases|17|2017,calibration,51,80.0,2017-05-27,True,7.0,7.0,3.0,3.0,True,True,False,False
basf-wheat-diseases|18|2017,calibration,51,80.0,2017-05-26,True,7.0,7.0,3.0,3.0,True,True,False,False
basf-wheat-diseases|19|2017,calibration,51,80.0,2017-05-25,True,7.0,7.0,3.0,3.0,True,True,False,False
basf-wheat-diseases|2|2017,calibration,51,80.0,2017-06-05,True,7.0,7.0,3.0,3.0,True,True,False,False
basf-wheat-diseases|20|2017,calibration,51,80.0,2017-05-25,True,7.0,7.0,3.0,3.0,True,True,False,False
basf-wheat-diseases|23|2018,calibration,51,80.0,2018-05-19,True,7.0,7.0,3.0,3.0,True,True,False,False
basf-wheat-diseases|24|2018,calibration,51,80.0,2018-05-31,True,7.0,7.0,3.0,3.0,True,True,False,False
basf-wheat-diseases|25|2018,calibration,51,80.0,2018-05-21,True,7.0,7.0,3.0,3.0,True,True,False,False
basf-wheat-diseases|26|2018,calibration,51,80.0,2018-05-22,True,7.0,7.0,3.0,3.0,True,True,False,False
basf-wheat-diseases|27|2018,calibration,51,80.0,2018-05-30,True,7.0,7.0,3.0,3.0,True,True,False,False
basf-wheat-diseases|28|2018,calibration,51,80.0,2018-05-31,True,7.0,7.0,3.0,3.0,True,True,False,False
basf-wheat-diseases|29|2018,calibration,51,80.0,,False,,,,,,,False,False
basf-wheat-diseases|30|2018,calibration,51,80.0,2018-05-28,True,7.0,7.0,3.0,3.0,True,True,False,False
basf-wheat-diseases|4|2017,calibration,51,80.0,2017-05-29,True,7.0,7.0,3.0,3.0,True,True,False,False
basf-wheat-diseases|5|2017,calibration,51,80.0,2017-05-27,True,7.0,7.0,3.0,3.0,True,True,False,False
basf-wheat-diseases|6|2017,calibration,51,80.0,2017-05-16,True,7.0,7.0,3.0,3.0,True,True,False,False
basf-wheat-diseases|7|2017,calibration,51,80.0,2017-05-22,True,7.0,7.0,3.0,3.0,True,True,False,False
basf-wheat-diseases|76|2017,calibration,51,80.0,2017-05-26,True,7.0,7.0,3.0,3.0,True,True,False,False
basf-wheat-diseases|8|2017,calibration,51,80.0,2017-05-21,True,7.0,7.0,3.0,3.0,True,True,False,False
basf-wheat-diseases|9|2017,calibration,51,80.0,2017-05-24,True,7.0,7.0,3.0,3.0,True,True,False,False
basf-wheat-diseases|1|2017,calibration,65,80.0,2017-06-06,True,7.0,7.0,3.0,3.0,True,True,False,False
basf-wheat-diseases|10|2017,calibration,65,80.0,2017-05-31,True,7.0,7.0,3.0,3.0,True,True,False,False
basf-wheat-diseases|11|2017,calibration,65,80.0,2017-06-14,True,7.0,7.0,3.0,3.0,True,True,False,False
basf-wheat-diseases|12|2017,calibration,65,80.0,2017-06-12,True,7.0,7.0,3.0,3.0,True,True,False,False
basf-wheat-diseases|13|2017,calibration,65,80.0,2017-06-11,True,7.0,7.0,3.0,3.0,True,True,False,False
basf-wheat-diseases|14|2017,calibration,65,80.0,2017-06-12,True,7.0,7.0,3.0,3.0,True,True,False,False
basf-wheat-diseases|15|2017,calibration,65,80.0,2017-06-18,True,7.0,7.0,3.0,3.0,True,True,False,False
basf-wheat-diseases|16|2017,calibration,65,80.0,2017-06-12,True,7.0,7.0,3.0,3.0,True,True,False,False
basf-wheat-diseases|17|2017,calibration,65,80.0,2017-06-07,True,7.0,7.0,3.0,3.0,True,True,False,False
basf-wheat-diseases|18|2017,calibration,65,80.0,2017-06-08,True,7.0,7.0,3.0,3.0,True,True,False,False
basf-wheat-diseases|19|2017,calibration,65,80.0,2017-06-05,True,7.0,7.0,3.0,3.0,True,True,False,False
basf-wheat-diseases|2|2017,calibration,65,80.0,2017-06-16,True,7.0,7.0,3.0,3.0,True,True,False,False
basf-wheat-diseases|20|2017,calibration,65,80.0,2017-06-05,True,7.0,7.0,3.0,3.0,True,True,False,False
basf-wheat-diseases|23|2018,calibration,65,80.0,2018-05-29,True,7.0,7.0,3.0,3.0,True,True,False,False
basf-wheat-diseases|24|2018,calibration,65,80.0,2018-06-11,True,7.0,7.0,3.0,3.0,True,True,False,False
basf-wheat-diseases|25|2018,calibration,65,80.0,2018-05-30,True,7.0,7.0,3.0,3.0,True,True,False,False
basf-wheat-diseases|26|2018,calibration,65,80.0,2018-05-31,True,7.0,7.0,3.0,3.0,True,True,False,False
basf-wheat-diseases|27|2018,calibration,65,80.0,2018-06-09,True,7.0,7.0,3.0,3.0,True,True,False,False
basf-wheat-diseases|28|2018,calibration,65,80.0,2018-06-11,True,7.0,7.0,3.0,3.0,True,True,False,False
basf-wheat-diseases|29|2018,calibration,65,80.0,,False,,,,,,,False,False
basf-wheat-diseases|30|2018,calibration,65,80.0,2018-06-09,True,7.0,7.0,3.0,3.0,True,True,False,False
basf-wheat-diseases|4|2017,calibration,65,80.0,2017-06-09,True,7.0,7.0,3.0,3.0,True,True,False,False
basf-wheat-diseases|5|2017,calibration,65,80.0,2017-06-06,True,7.0,7.0,3.0,3.0,True,True,False,False
basf-wheat-diseases|6|2017,calibration,65,80.0,2017-05-27,True,7.0,7.0,3.0,3.0,True,True,False,False
basf-wheat-diseases|7|2017,calibration,65,80.0,2017-05-31,True,7.0,7.0,3.0,3.0,True,True,False,False
basf-wheat-diseases|76|2017,calibration,65,80.0,2017-06-08,True,7.0,7.0,3.0,3.0,True,True,False,False
basf-wheat-diseases|8|2017,calibration,65,80.0,2017-05-31,True,7.0,7.0,3.0,3.0,True,True,False,False
basf-wheat-diseases|9|2017,calibration,65,80.0,2017-06-03,True,7.0,7.0,3.0,3.0,True,True,False,False
basf-wheat-diseases|1|2017,calibration,85,80.0,,False,,,,,,,False,False
basf-wheat-diseases|10|2017,calibration,85,80.0,,False,,,,,,,False,False
basf-wheat-diseases|11|2017,calibration,85,80.0,,False,,,,,,,False,False
basf-wheat-diseases|12|2017,calibration,85,80.0,,False,,,,,,,False,False
basf-wheat-diseases|13|2017,calibration,85,80.0,,False,,,,,,,False,False
basf-wheat-diseases|14|2017,calibration,85,80.0,,False,,,,,,,False,False
basf-wheat-diseases|15|2017,calibration,85,80.0,,False,,,,,,,False,False
basf-wheat-diseases|16|2017,calibration,85,80.0,,False,,,,,,,False,False
basf-wheat-diseases|17|2017,calibration,85,80.0,,False,,,,,,,False,False
basf-wheat-diseases|18|2017,calibration,85,80.0,,False,,,,,,,False,False
basf-wheat-diseases|19|2017,calibration,85,80.0,,False,,,,,,,False,False
basf-wheat-diseases|2|2017,calibration,85,80.0,,False,,,,,,,False,False
basf-wheat-diseases|20|2017,calibration,85,80.0,,False,,,,,,,False,False
basf-wheat-diseases|23|2018,calibration,85,80.0,,False,,,,,,,False,False
basf-wheat-diseases|24|2018,calibration,85,80.0,,False,,,,,,,False,False
basf-wheat-diseases|25|2018,calibration,85,80.0,,False,,,,,,,False,False
basf-wheat-diseases|26|2018,calibration,85,80.0,,False,,,,,,,False,False
basf-wheat-diseases|27|2018,calibration,85,80.0,,False,,,,,,,False,False
basf-wheat-diseases|28|2018,calibration,85,80.0,,False,,,,,,,False,False
basf-wheat-diseases|29|2018,calibration,85,80.0,,False,,,,,,,False,False
basf-wheat-diseases|30|2018,calibration,85,80.0,,False,,,,,,,False,False
basf-wheat-diseases|4|2017,calibration,85,80.0,,False,,,,,,,False,False
basf-wheat-diseases|5|2017,calibration,85,80.0,,False,,,,,,,False,False
basf-wheat-diseases|6|2017,calibration,85,80.0,,False,,,,,,,False,False
basf-wheat-diseases|7|2017,calibration,85,80.0,,False,,,,,,,False,False
basf-wheat-diseases|76|2017,calibration,85,80.0,,False,,,,,,,False,False
basf-wheat-diseases|8|2017,calibration,85,80.0,,False,,,,,,,False,False
basf-wheat-diseases|9|2017,calibration,85,80.0,,False,,,,,,,False,False
basf-wheat-diseases|1|2017,calibration,10,120.0,2016-10-15,True,2.0,0.0,0.0,0.0,False,False,False,False
basf-wheat-diseases|10|2017,calibration,10,120.0,2016-11-17,True,2.0,0.0,0.0,0.0,False,False,False,False
basf-wheat-diseases|11|2017,calibration,10,120.0,2016-11-20,True,2.0,0.0,0.0,0.0,False,False,False,False
basf-wheat-diseases|12|2017,calibration,10,120.0,2016-10-19,True,2.0,0.0,0.0,0.0,False,False,False,False
basf-wheat-diseases|13|2017,calibration,10,120.0,2016-10-19,True,2.0,0.0,0.0,0.0,False,False,False,False
basf-wheat-diseases|14|2017,calibration,10,120.0,2016-10-19,True,2.0,0.0,0.0,0.0,False,False,False,False
basf-wheat-diseases|15|2017,calibration,10,120.0,2016-10-20,True,2.0,0.0,0.0,0.0,False,False,False,False
basf-wheat-diseases|16|2017,calibration,10,120.0,2016-10-18,True,2.0,0.0,0.0,0.0,False,False,False,False
basf-wheat-diseases|17|2017,calibration,10,120.0,2016-11-17,True,2.0,0.0,0.0,0.0,False,False,False,False
basf-wheat-diseases|18|2017,calibration,10,120.0,2016-11-18,True,2.0,0.0,0.0,0.0,False,False,False,False
basf-wheat-diseases|19|2017,calibration,10,120.0,2016-11-19,True,2.0,0.0,0.0,0.0,False,False,False,False
basf-wheat-diseases|2|2017,calibration,10,120.0,2016-11-02,True,2.0,0.0,0.0,0.0,False,False,False,False
basf-wheat-diseases|20|2017,calibration,10,120.0,2016-11-16,True,2.0,0.0,0.0,0.0,False,False,False,False
basf-wheat-diseases|23|2018,calibration,10,120.0,2017-11-19,True,2.0,0.0,0.0,0.0,False,False,False,False
basf-wheat-diseases|24|2018,calibration,10,120.0,2017-11-16,True,2.0,0.0,0.0,0.0,False,False,False,False
basf-wheat-diseases|25|2018,calibration,10,120.0,2017-10-15,True,2.0,0.0,0.0,0.0,False,False,False,False
basf-wheat-diseases|26|2018,calibration,10,120.0,2017-10-15,True,2.0,0.0,0.0,0.0,False,False,False,False
basf-wheat-diseases|27|2018,calibration,10,120.0,2017-10-16,True,2.0,0.0,0.0,0.0,False,False,False,False
basf-wheat-diseases|28|2018,calibration,10,120.0,2017-11-18,True,2.0,0.0,0.0,0.0,False,False,False,False
basf-wheat-diseases|29|2018,calibration,10,120.0,2017-11-17,True,2.0,0.0,0.0,0.0,False,False,False,False
basf-wheat-diseases|30|2018,calibration,10,120.0,2017-11-18,True,2.0,0.0,0.0,0.0,False,False,False,False
basf-wheat-diseases|4|2017,calibration,10,120.0,2016-10-31,True,2.0,0.0,0.0,0.0,False,False,False,False
basf-wheat-diseases|5|2017,calibration,10,120.0,2016-10-14,True,2.0,0.0,0.0,0.0,False,False,False,False
basf-wheat-diseases|6|2017,calibration,10,120.0,2016-11-15,True,2.0,0.0,0.0,0.0,False,False,False,False
basf-wheat-diseases|7|2017,calibration,10,120.0,2016-11-17,True,2.0,0.0,0.0,0.0,False,False,False,False
basf-wheat-diseases|76|2017,calibration,10,120.0,2016-11-18,True,2.0,0.0,0.0,0.0,False,False,False,False
basf-wheat-diseases|8|2017,calibration,10,120.0,2016-11-17,True,2.0,0.0,0.0,0.0,False,False,False,False
basf-wheat-diseases|9|2017,calibration,10,120.0,2016-11-18,True,2.0,0.0,0.0,0.0,False,False,False,False
basf-wheat-diseases|1|2017,calibration,31,120.0,2017-04-13,True,5.0,4.0,1.0,0.0,False,False,False,False
basf-wheat-diseases|10|2017,calibration,31,120.0,2017-04-06,True,5.0,4.0,1.0,0.0,False,False,False,False
basf-wheat-diseases|11|2017,calibration,31,120.0,2017-04-26,True,5.0,4.0,1.0,0.0,False,False,False,False
basf-wheat-diseases|12|2017,calibration,31,120.0,2017-04-30,True,5.0,4.0,1.0,0.0,False,False,False,False
basf-wheat-diseases|13|2017,calibration,31,120.0,2017-04-27,True,5.0,4.0,1.0,0.0,False,False,False,False
basf-wheat-diseases|14|2017,calibration,31,120.0,2017-04-29,True,5.0,4.0,1.0,0.0,False,False,False,False
basf-wheat-diseases|15|2017,calibration,31,120.0,2017-05-06,True,5.0,4.0,1.0,0.0,False,False,False,False
basf-wheat-diseases|16|2017,calibration,31,120.0,2017-04-29,True,5.0,4.0,1.0,0.0,False,False,False,False
basf-wheat-diseases|17|2017,calibration,31,120.0,2017-04-11,True,5.0,4.0,1.0,0.0,False,False,False,False
basf-wheat-diseases|18|2017,calibration,31,120.0,2017-04-12,True,5.0,4.0,1.0,0.0,False,False,False,False
basf-wheat-diseases|19|2017,calibration,31,120.0,2017-04-10,True,5.0,4.0,1.0,0.0,False,False,False,False
basf-wheat-diseases|2|2017,calibration,31,120.0,2017-05-04,True,5.0,4.0,1.0,0.0,False,False,False,False
basf-wheat-diseases|20|2017,calibration,31,120.0,2017-04-09,True,5.0,4.0,1.0,0.0,False,False,False,False
basf-wheat-diseases|23|2018,calibration,31,120.0,2018-04-12,True,5.0,4.0,1.0,0.0,False,False,False,False
basf-wheat-diseases|24|2018,calibration,31,120.0,2018-05-01,True,5.0,4.0,1.0,0.0,False,False,False,False
basf-wheat-diseases|25|2018,calibration,31,120.0,2018-04-21,True,5.0,4.0,1.0,0.0,False,False,False,False
basf-wheat-diseases|26|2018,calibration,31,120.0,2018-04-21,True,5.0,4.0,1.0,0.0,False,False,False,False
basf-wheat-diseases|27|2018,calibration,31,120.0,2018-05-01,True,5.0,4.0,1.0,0.0,False,False,False,False
basf-wheat-diseases|28|2018,calibration,31,120.0,2018-04-23,True,5.0,4.0,1.0,0.0,False,False,False,False
basf-wheat-diseases|29|2018,calibration,31,120.0,2018-04-23,True,5.0,4.0,1.0,0.0,False,False,False,False
basf-wheat-diseases|30|2018,calibration,31,120.0,2018-04-21,True,5.0,4.0,1.0,0.0,False,False,False,False
basf-wheat-diseases|4|2017,calibration,31,120.0,2017-04-24,True,5.0,4.0,1.0,0.0,False,False,False,False
basf-wheat-diseases|5|2017,calibration,31,120.0,2017-04-12,True,5.0,4.0,1.0,0.0,False,False,False,False
basf-wheat-diseases|6|2017,calibration,31,120.0,2017-04-01,True,5.0,4.0,1.0,0.0,False,False,False,False
basf-wheat-diseases|7|2017,calibration,31,120.0,2017-04-06,True,5.0,4.0,1.0,0.0,False,False,False,False
basf-wheat-diseases|76|2017,calibration,31,120.0,2017-04-12,True,5.0,4.0,1.0,0.0,False,False,False,False
basf-wheat-diseases|8|2017,calibration,31,120.0,2017-04-06,True,5.0,4.0,1.0,0.0,False,False,False,False
basf-wheat-diseases|9|2017,calibration,31,120.0,2017-04-10,True,5.0,4.0,1.0,0.0,False,False,False,False
basf-wheat-diseases|1|2017,calibration,32,120.0,2017-04-30,True,6.0,5.0,2.0,1.0,False,False,False,False
basf-wheat-diseases|10|2017,calibration,32,120.0,2017-04-17,True,6.0,5.0,2.0,1.0,False,False,False,False
basf-wheat-diseases|11|2017,calibration,32,120.0,2017-05-07,True,6.0,5.0,2.0,1.0,False,False,False,False
basf-wheat-diseases|12|2017,calibration,32,120.0,2017-05-11,True,6.0,5.0,2.0,1.0,False,False,False,False
basf-wheat-diseases|13|2017,calibration,32,120.0,2017-05-08,True,6.0,5.0,2.0,1.0,False,False,False,False
basf-wheat-diseases|14|2017,calibration,32,120.0,2017-05-11,True,6.0,5.0,2.0,1.0,False,False,False,False
basf-wheat-diseases|15|2017,calibration,32,120.0,2017-05-16,True,6.0,5.0,2.0,1.0,False,False,False,False
basf-wheat-diseases|16|2017,calibration,32,120.0,2017-05-11,True,6.0,5.0,2.0,1.0,False,False,False,False
basf-wheat-diseases|17|2017,calibration,32,120.0,2017-04-24,True,6.0,5.0,2.0,1.0,False,False,False,False
basf-wheat-diseases|18|2017,calibration,32,120.0,2017-04-24,True,6.0,5.0,2.0,1.0,False,False,False,False
basf-wheat-diseases|19|2017,calibration,32,120.0,2017-04-22,True,6.0,5.0,2.0,1.0,False,False,False,False
basf-wheat-diseases|2|2017,calibration,32,120.0,2017-05-14,True,6.0,5.0,2.0,1.0,False,False,False,False
basf-wheat-diseases|20|2017,calibration,32,120.0,2017-04-22,True,6.0,5.0,2.0,1.0,False,False,False,False
basf-wheat-diseases|23|2018,calibration,32,120.0,2018-04-20,True,6.0,5.0,2.0,1.0,False,False,False,False
basf-wheat-diseases|24|2018,calibration,32,120.0,2018-05-09,True,6.0,5.0,2.0,1.0,False,False,False,False
basf-wheat-diseases|25|2018,calibration,32,120.0,2018-04-28,True,6.0,5.0,2.0,1.0,False,False,False,False
basf-wheat-diseases|26|2018,calibration,32,120.0,2018-04-29,True,6.0,5.0,2.0,1.0,False,False,False,False
basf-wheat-diseases|27|2018,calibration,32,120.0,2018-05-08,True,6.0,5.0,2.0,1.0,False,False,False,False
basf-wheat-diseases|28|2018,calibration,32,120.0,2018-05-05,True,6.0,5.0,2.0,1.0,False,False,False,False
basf-wheat-diseases|29|2018,calibration,32,120.0,2018-05-05,True,6.0,5.0,2.0,1.0,False,False,False,False
basf-wheat-diseases|30|2018,calibration,32,120.0,2018-05-01,True,6.0,5.0,2.0,1.0,False,False,False,False
basf-wheat-diseases|4|2017,calibration,32,120.0,2017-05-06,True,6.0,5.0,2.0,1.0,False,False,False,False
basf-wheat-diseases|5|2017,calibration,32,120.0,2017-04-29,True,6.0,5.0,2.0,1.0,False,False,False,False
basf-wheat-diseases|6|2017,calibration,32,120.0,2017-04-12,True,6.0,5.0,2.0,1.0,False,False,False,False
basf-wheat-diseases|7|2017,calibration,32,120.0,2017-04-17,True,6.0,5.0,2.0,1.0,False,False,False,False
basf-wheat-diseases|76|2017,calibration,32,120.0,2017-04-24,True,6.0,5.0,2.0,1.0,False,False,False,False
basf-wheat-diseases|8|2017,calibration,32,120.0,2017-04-17,True,6.0,5.0,2.0,1.0,False,False,False,False
basf-wheat-diseases|9|2017,calibration,32,120.0,2017-04-24,True,6.0,5.0,2.0,1.0,False,False,False,False
basf-wheat-diseases|1|2017,calibration,33,120.0,2017-05-04,True,6.0,5.0,2.0,1.0,False,False,False,False
basf-wheat-diseases|10|2017,calibration,33,120.0,2017-04-22,True,6.0,5.0,2.0,1.0,False,False,False,False
basf-wheat-diseases|11|2017,calibration,33,120.0,2017-05-11,True,6.0,5.0,2.0,1.0,False,False,False,False
basf-wheat-diseases|12|2017,calibration,33,120.0,2017-05-14,True,6.0,5.0,2.0,1.0,False,False,False,False
basf-wheat-diseases|13|2017,calibration,33,120.0,2017-05-12,True,6.0,5.0,2.0,1.0,False,False,False,False
basf-wheat-diseases|14|2017,calibration,33,120.0,2017-05-13,True,6.0,5.0,2.0,1.0,False,False,False,False
basf-wheat-diseases|15|2017,calibration,33,120.0,2017-05-18,True,6.0,5.0,2.0,1.0,False,False,False,False
basf-wheat-diseases|16|2017,calibration,33,120.0,2017-05-13,True,6.0,5.0,2.0,1.0,False,False,False,False
basf-wheat-diseases|17|2017,calibration,33,120.0,2017-04-29,True,6.0,5.0,2.0,1.0,False,False,False,False
basf-wheat-diseases|18|2017,calibration,33,120.0,2017-04-30,True,6.0,5.0,2.0,1.0,False,False,False,False
basf-wheat-diseases|19|2017,calibration,33,120.0,2017-04-28,True,6.0,5.0,2.0,1.0,False,False,False,False
basf-wheat-diseases|2|2017,calibration,33,120.0,2017-05-16,True,6.0,5.0,2.0,1.0,False,False,False,False
basf-wheat-diseases|20|2017,calibration,33,120.0,2017-04-27,True,6.0,5.0,2.0,1.0,False,False,False,False
basf-wheat-diseases|23|2018,calibration,33,120.0,2018-04-22,True,6.0,5.0,2.0,1.0,False,False,False,False
basf-wheat-diseases|24|2018,calibration,33,120.0,2018-05-11,True,6.0,5.0,2.0,1.0,False,False,False,False
basf-wheat-diseases|25|2018,calibration,33,120.0,2018-04-30,True,6.0,5.0,2.0,1.0,False,False,False,False
basf-wheat-diseases|26|2018,calibration,33,120.0,2018-04-30,True,6.0,5.0,2.0,1.0,False,False,False,False
basf-wheat-diseases|27|2018,calibration,33,120.0,2018-05-10,True,6.0,5.0,2.0,1.0,False,False,False,False
basf-wheat-diseases|28|2018,calibration,33,120.0,2018-05-07,True,6.0,5.0,2.0,1.0,False,False,False,False
basf-wheat-diseases|29|2018,calibration,33,120.0,2018-05-07,True,6.0,5.0,2.0,1.0,False,False,False,False
basf-wheat-diseases|30|2018,calibration,33,120.0,2018-05-04,True,6.0,5.0,2.0,1.0,False,False,False,False
basf-wheat-diseases|4|2017,calibration,33,120.0,2017-05-09,True,6.0,5.0,2.0,1.0,False,False,False,False
basf-wheat-diseases|5|2017,calibration,33,120.0,2017-05-03,True,6.0,5.0,2.0,1.0,False,False,False,False
basf-wheat-diseases|6|2017,calibration,33,120.0,2017-04-15,True,6.0,5.0,2.0,1.0,False,False,False,False
basf-wheat-diseases|7|2017,calibration,33,120.0,2017-04-22,True,6.0,5.0,2.0,1.0,False,False,False,False
basf-wheat-diseases|76|2017,calibration,33,120.0,2017-04-30,True,6.0,5.0,2.0,1.0,False,False,False,False
basf-wheat-diseases|8|2017,calibration,33,120.0,2017-04-22,True,6.0,5.0,2.0,1.0,False,False,False,False
basf-wheat-diseases|9|2017,calibration,33,120.0,2017-04-29,True,6.0,5.0,2.0,1.0,False,False,False,False
basf-wheat-diseases|1|2017,calibration,37,120.0,2017-05-08,True,7.0,6.0,3.0,2.0,True,False,False,False
basf-wheat-diseases|10|2017,calibration,37,120.0,2017-04-27,True,7.0,6.0,3.0,2.0,True,False,False,False
basf-wheat-diseases|11|2017,calibration,37,120.0,2017-05-14,True,7.0,6.0,3.0,2.0,True,False,False,False
basf-wheat-diseases|12|2017,calibration,37,120.0,2017-05-16,True,7.0,6.0,3.0,2.0,True,False,False,False
basf-wheat-diseases|13|2017,calibration,37,120.0,2017-05-15,True,7.0,6.0,3.0,2.0,True,False,False,False
basf-wheat-diseases|14|2017,calibration,37,120.0,2017-05-16,True,7.0,6.0,3.0,2.0,True,False,False,False
basf-wheat-diseases|15|2017,calibration,37,120.0,2017-05-20,True,7.0,6.0,3.0,2.0,True,False,False,False
basf-wheat-diseases|16|2017,calibration,37,120.0,2017-05-16,True,7.0,6.0,3.0,2.0,True,False,False,False
basf-wheat-diseases|17|2017,calibration,37,120.0,2017-05-04,True,7.0,6.0,3.0,2.0,True,False,False,False
basf-wheat-diseases|18|2017,calibration,37,120.0,2017-05-04,True,7.0,6.0,3.0,2.0,True,False,False,False
basf-wheat-diseases|19|2017,calibration,37,120.0,2017-05-02,True,7.0,6.0,3.0,2.0,True,False,False,False
basf-wheat-diseases|2|2017,calibration,37,120.0,2017-05-18,True,7.0,6.0,3.0,2.0,True,False,False,False
basf-wheat-diseases|20|2017,calibration,37,120.0,2017-05-01,True,7.0,6.0,3.0,2.0,True,False,False,False
basf-wheat-diseases|23|2018,calibration,37,120.0,2018-04-26,True,7.0,6.0,3.0,2.0,True,False,False,False
basf-wheat-diseases|24|2018,calibration,37,120.0,2018-05-14,True,7.0,6.0,3.0,2.0,True,False,False,False
basf-wheat-diseases|25|2018,calibration,37,120.0,2018-05-03,True,7.0,6.0,3.0,2.0,True,False,False,False
basf-wheat-diseases|26|2018,calibration,37,120.0,2018-05-03,True,7.0,6.0,3.0,2.0,True,False,False,False
basf-wheat-diseases|27|2018,calibration,37,120.0,2018-05-12,True,7.0,6.0,3.0,2.0,True,False,False,False
basf-wheat-diseases|28|2018,calibration,37,120.0,2018-05-10,True,7.0,6.0,3.0,2.0,True,False,False,False
basf-wheat-diseases|29|2018,calibration,37,120.0,2018-05-10,True,7.0,6.0,3.0,2.0,True,False,False,False
basf-wheat-diseases|30|2018,calibration,37,120.0,2018-05-07,True,7.0,6.0,3.0,2.0,True,False,False,False
basf-wheat-diseases|4|2017,calibration,37,120.0,2017-05-12,True,7.0,6.0,3.0,2.0,True,False,False,False
basf-wheat-diseases|5|2017,calibration,37,120.0,2017-05-07,True,7.0,6.0,3.0,2.0,True,False,False,False
basf-wheat-diseases|6|2017,calibration,37,120.0,2017-04-20,True,7.0,6.0,3.0,2.0,True,False,False,False
basf-wheat-diseases|7|2017,calibration,37,120.0,2017-04-28,True,7.0,6.0,3.0,2.0,True,False,False,False
basf-wheat-diseases|76|2017,calibration,37,120.0,2017-05-04,True,7.0,6.0,3.0,2.0,True,False,False,False
basf-wheat-diseases|8|2017,calibration,37,120.0,2017-04-27,True,7.0,6.0,3.0,2.0,True,False,False,False
basf-wheat-diseases|9|2017,calibration,37,120.0,2017-05-03,True,7.0,6.0,3.0,2.0,True,False,False,False
basf-wheat-diseases|1|2017,calibration,39,120.0,2017-05-16,True,7.0,7.0,3.0,3.0,True,True,False,False
basf-wheat-diseases|10|2017,calibration,39,120.0,2017-05-09,True,7.0,7.0,3.0,3.0,True,True,False,False
basf-wheat-diseases|11|2017,calibration,39,120.0,2017-05-22,True,7.0,7.0,3.0,3.0,True,True,False,False
basf-wheat-diseases|12|2017,calibration,39,120.0,2017-05-23,True,7.0,7.0,3.0,3.0,True,True,False,False
basf-wheat-diseases|13|2017,calibration,39,120.0,2017-05-21,True,7.0,7.0,3.0,3.0,True,True,False,False
basf-wheat-diseases|14|2017,calibration,39,120.0,2017-05-22,True,7.0,7.0,3.0,3.0,True,True,False,False
basf-wheat-diseases|15|2017,calibration,39,120.0,2017-05-27,True,7.0,7.0,3.0,3.0,True,True,False,False
basf-wheat-diseases|16|2017,calibration,39,120.0,2017-05-22,True,7.0,7.0,3.0,3.0,True,True,False,False
basf-wheat-diseases|17|2017,calibration,39,120.0,2017-05-14,True,7.0,7.0,3.0,3.0,True,True,False,False
basf-wheat-diseases|18|2017,calibration,39,120.0,2017-05-14,True,7.0,7.0,3.0,3.0,True,True,False,False
basf-wheat-diseases|19|2017,calibration,39,120.0,2017-05-13,True,7.0,7.0,3.0,3.0,True,True,False,False
basf-wheat-diseases|2|2017,calibration,39,120.0,2017-05-25,True,7.0,7.0,3.0,3.0,True,True,False,False
basf-wheat-diseases|20|2017,calibration,39,120.0,2017-05-12,True,7.0,7.0,3.0,3.0,True,True,False,False
basf-wheat-diseases|23|2018,calibration,39,120.0,2018-05-06,True,7.0,7.0,3.0,3.0,True,True,False,False
basf-wheat-diseases|24|2018,calibration,39,120.0,2018-05-21,True,7.0,7.0,3.0,3.0,True,True,False,False
basf-wheat-diseases|25|2018,calibration,39,120.0,2018-05-10,True,7.0,7.0,3.0,3.0,True,True,False,False
basf-wheat-diseases|26|2018,calibration,39,120.0,2018-05-10,True,7.0,7.0,3.0,3.0,True,True,False,False
basf-wheat-diseases|27|2018,calibration,39,120.0,2018-05-19,True,7.0,7.0,3.0,3.0,True,True,False,False
basf-wheat-diseases|28|2018,calibration,39,120.0,2018-05-19,True,7.0,7.0,3.0,3.0,True,True,False,False
basf-wheat-diseases|29|2018,calibration,39,120.0,2018-05-20,True,7.0,7.0,3.0,3.0,True,True,False,False
basf-wheat-diseases|30|2018,calibration,39,120.0,2018-05-15,True,7.0,7.0,3.0,3.0,True,True,False,False
basf-wheat-diseases|4|2017,calibration,39,120.0,2017-05-19,True,7.0,7.0,3.0,3.0,True,True,False,False
basf-wheat-diseases|5|2017,calibration,39,120.0,2017-05-16,True,7.0,7.0,3.0,3.0,True,True,False,False
basf-wheat-diseases|6|2017,calibration,39,120.0,2017-05-03,True,7.0,7.0,3.0,3.0,True,True,False,False
basf-wheat-diseases|7|2017,calibration,39,120.0,2017-05-09,True,7.0,7.0,3.0,3.0,True,True,False,False
basf-wheat-diseases|76|2017,calibration,39,120.0,2017-05-14,True,7.0,7.0,3.0,3.0,True,True,False,False
basf-wheat-diseases|8|2017,calibration,39,120.0,2017-05-09,True,7.0,7.0,3.0,3.0,True,True,False,False
basf-wheat-diseases|9|2017,calibration,39,120.0,2017-05-13,True,7.0,7.0,3.0,3.0,True,True,False,False
basf-wheat-diseases|1|2017,calibration,51,120.0,2017-05-28,True,7.0,7.0,3.0,3.0,True,True,False,False
basf-wheat-diseases|10|2017,calibration,51,120.0,2017-05-21,True,7.0,7.0,3.0,3.0,True,True,False,False
basf-wheat-diseases|11|2017,calibration,51,120.0,2017-06-03,True,7.0,7.0,3.0,3.0,True,True,False,False
basf-wheat-diseases|12|2017,calibration,51,120.0,2017-06-02,True,7.0,7.0,3.0,3.0,True,True,False,False
basf-wheat-diseases|13|2017,calibration,51,120.0,2017-06-01,True,7.0,7.0,3.0,3.0,True,True,False,False
basf-wheat-diseases|14|2017,calibration,51,120.0,2017-06-02,True,7.0,7.0,3.0,3.0,True,True,False,False
basf-wheat-diseases|15|2017,calibration,51,120.0,2017-06-07,True,7.0,7.0,3.0,3.0,True,True,False,False
basf-wheat-diseases|16|2017,calibration,51,120.0,2017-06-02,True,7.0,7.0,3.0,3.0,True,True,False,False
basf-wheat-diseases|17|2017,calibration,51,120.0,2017-05-27,True,7.0,7.0,3.0,3.0,True,True,False,False
basf-wheat-diseases|18|2017,calibration,51,120.0,2017-05-26,True,7.0,7.0,3.0,3.0,True,True,False,False
basf-wheat-diseases|19|2017,calibration,51,120.0,2017-05-25,True,7.0,7.0,3.0,3.0,True,True,False,False
basf-wheat-diseases|2|2017,calibration,51,120.0,2017-06-05,True,7.0,7.0,3.0,3.0,True,True,False,False
basf-wheat-diseases|20|2017,calibration,51,120.0,2017-05-25,True,7.0,7.0,3.0,3.0,True,True,False,False
basf-wheat-diseases|23|2018,calibration,51,120.0,2018-05-19,True,7.0,7.0,3.0,3.0,True,True,False,False
basf-wheat-diseases|24|2018,calibration,51,120.0,2018-05-31,True,7.0,7.0,3.0,3.0,True,True,False,False
basf-wheat-diseases|25|2018,calibration,51,120.0,2018-05-21,True,7.0,7.0,3.0,3.0,True,True,False,False
basf-wheat-diseases|26|2018,calibration,51,120.0,2018-05-22,True,7.0,7.0,3.0,3.0,True,True,False,False
basf-wheat-diseases|27|2018,calibration,51,120.0,2018-05-30,True,7.0,7.0,3.0,3.0,True,True,False,False
basf-wheat-diseases|28|2018,calibration,51,120.0,2018-05-31,True,7.0,7.0,3.0,3.0,True,True,False,False
basf-wheat-diseases|29|2018,calibration,51,120.0,,False,,,,,,,False,False
basf-wheat-diseases|30|2018,calibration,51,120.0,2018-05-28,True,7.0,7.0,3.0,3.0,True,True,False,False
basf-wheat-diseases|4|2017,calibration,51,120.0,2017-05-29,True,7.0,7.0,3.0,3.0,True,True,False,False
basf-wheat-diseases|5|2017,calibration,51,120.0,2017-05-27,True,7.0,7.0,3.0,3.0,True,True,False,False
basf-wheat-diseases|6|2017,calibration,51,120.0,2017-05-16,True,7.0,7.0,3.0,3.0,True,True,False,False
basf-wheat-diseases|7|2017,calibration,51,120.0,2017-05-22,True,7.0,7.0,3.0,3.0,True,True,False,False
basf-wheat-diseases|76|2017,calibration,51,120.0,2017-05-26,True,7.0,7.0,3.0,3.0,True,True,False,False
basf-wheat-diseases|8|2017,calibration,51,120.0,2017-05-21,True,7.0,7.0,3.0,3.0,True,True,False,False
basf-wheat-diseases|9|2017,calibration,51,120.0,2017-05-24,True,7.0,7.0,3.0,3.0,True,True,False,False
basf-wheat-diseases|1|2017,calibration,65,120.0,2017-06-06,True,7.0,7.0,3.0,3.0,True,True,False,False
basf-wheat-diseases|10|2017,calibration,65,120.0,2017-05-31,True,7.0,7.0,3.0,3.0,True,True,False,False
basf-wheat-diseases|11|2017,calibration,65,120.0,2017-06-14,True,7.0,7.0,3.0,3.0,True,True,False,False
basf-wheat-diseases|12|2017,calibration,65,120.0,2017-06-12,True,7.0,7.0,3.0,3.0,True,True,False,False
basf-wheat-diseases|13|2017,calibration,65,120.0,2017-06-11,True,7.0,7.0,3.0,3.0,True,True,False,False
basf-wheat-diseases|14|2017,calibration,65,120.0,2017-06-12,True,7.0,7.0,3.0,3.0,True,True,False,False
basf-wheat-diseases|15|2017,calibration,65,120.0,2017-06-18,True,7.0,7.0,3.0,3.0,True,True,False,False
basf-wheat-diseases|16|2017,calibration,65,120.0,2017-06-12,True,7.0,7.0,3.0,3.0,True,True,False,False
basf-wheat-diseases|17|2017,calibration,65,120.0,2017-06-07,True,7.0,7.0,3.0,3.0,True,True,False,False
basf-wheat-diseases|18|2017,calibration,65,120.0,2017-06-08,True,7.0,7.0,3.0,3.0,True,True,False,False
basf-wheat-diseases|19|2017,calibration,65,120.0,2017-06-05,True,7.0,7.0,3.0,3.0,True,True,False,False
basf-wheat-diseases|2|2017,calibration,65,120.0,2017-06-16,True,7.0,7.0,3.0,3.0,True,True,False,False
basf-wheat-diseases|20|2017,calibration,65,120.0,2017-06-05,True,7.0,7.0,3.0,3.0,True,True,False,False
basf-wheat-diseases|23|2018,calibration,65,120.0,2018-05-29,True,7.0,7.0,3.0,3.0,True,True,False,False
basf-wheat-diseases|24|2018,calibration,65,120.0,2018-06-11,True,7.0,7.0,3.0,3.0,True,True,False,False
basf-wheat-diseases|25|2018,calibration,65,120.0,2018-05-30,True,7.0,7.0,3.0,3.0,True,True,False,False
basf-wheat-diseases|26|2018,calibration,65,120.0,2018-05-31,True,7.0,7.0,3.0,3.0,True,True,False,False
basf-wheat-diseases|27|2018,calibration,65,120.0,2018-06-09,True,7.0,7.0,3.0,3.0,True,True,False,False
basf-wheat-diseases|28|2018,calibration,65,120.0,2018-06-11,True,7.0,7.0,3.0,3.0,True,True,False,False
basf-wheat-diseases|29|2018,calibration,65,120.0,,False,,,,,,,False,False
basf-wheat-diseases|30|2018,calibration,65,120.0,2018-06-09,True,7.0,7.0,3.0,3.0,True,True,False,False
basf-wheat-diseases|4|2017,calibration,65,120.0,2017-06-09,True,7.0,7.0,3.0,3.0,True,True,False,False
basf-wheat-diseases|5|2017,calibration,65,120.0,2017-06-06,True,7.0,7.0,3.0,3.0,True,True,False,False
basf-wheat-diseases|6|2017,calibration,65,120.0,2017-05-27,True,7.0,7.0,3.0,3.0,True,True,False,False
basf-wheat-diseases|7|2017,calibration,65,120.0,2017-05-31,True,7.0,7.0,3.0,3.0,True,True,False,False
basf-wheat-diseases|76|2017,calibration,65,120.0,2017-06-08,True,7.0,7.0,3.0,3.0,True,True,False,False
basf-wheat-diseases|8|2017,calibration,65,120.0,2017-05-31,True,7.0,7.0,3.0,3.0,True,True,False,False
basf-wheat-diseases|9|2017,calibration,65,120.0,2017-06-03,True,7.0,7.0,3.0,3.0,True,True,False,False
basf-wheat-diseases|1|2017,calibration,85,120.0,,False,,,,,,,False,False
basf-wheat-diseases|10|2017,calibration,85,120.0,,False,,,,,,,False,False
basf-wheat-diseases|11|2017,calibration,85,120.0,,False,,,,,,,False,False
basf-wheat-diseases|12|2017,calibration,85,120.0,,False,,,,,,,False,False
basf-wheat-diseases|13|2017,calibration,85,120.0,,False,,,,,,,False,False
basf-wheat-diseases|14|2017,calibration,85,120.0,,False,,,,,,,False,False
basf-wheat-diseases|15|2017,calibration,85,120.0,,False,,,,,,,False,False
basf-wheat-diseases|16|2017,calibration,85,120.0,,False,,,,,,,False,False
basf-wheat-diseases|17|2017,calibration,85,120.0,,False,,,,,,,False,False
basf-wheat-diseases|18|2017,calibration,85,120.0,,False,,,,,,,False,False
basf-wheat-diseases|19|2017,calibration,85,120.0,,False,,,,,,,False,False
basf-wheat-diseases|2|2017,calibration,85,120.0,,False,,,,,,,False,False
basf-wheat-diseases|20|2017,calibration,85,120.0,,False,,,,,,,False,False
basf-wheat-diseases|23|2018,calibration,85,120.0,,False,,,,,,,False,False
basf-wheat-diseases|24|2018,calibration,85,120.0,,False,,,,,,,False,False
basf-wheat-diseases|25|2018,calibration,85,120.0,,False,,,,,,,False,False
basf-wheat-diseases|26|2018,calibration,85,120.0,,False,,,,,,,False,False
basf-wheat-diseases|27|2018,calibration,85,120.0,,False,,,,,,,False,False
basf-wheat-diseases|28|2018,calibration,85,120.0,,False,,,,,,,False,False
basf-wheat-diseases|29|2018,calibration,85,120.0,,False,,,,,,,False,False
basf-wheat-diseases|30|2018,calibration,85,120.0,,False,,,,,,,False,False
basf-wheat-diseases|4|2017,calibration,85,120.0,,False,,,,,,,False,False
basf-wheat-diseases|5|2017,calibration,85,120.0,,False,,,,,,,False,False
basf-wheat-diseases|6|2017,calibration,85,120.0,,False,,,,,,,False,False
basf-wheat-diseases|7|2017,calibration,85,120.0,,False,,,,,,,False,False
basf-wheat-diseases|76|2017,calibration,85,120.0,,False,,,,,,,False,False
basf-wheat-diseases|8|2017,calibration,85,120.0,,False,,,,,,,False,False
basf-wheat-diseases|9|2017,calibration,85,120.0,,False,,,,,,,False,False
basf-wheat-diseases|1|2017,calibration,10,160.0,2016-10-15,True,3.0,0.0,0.0,0.0,False,False,False,False
basf-wheat-diseases|10|2017,calibration,10,160.0,2016-11-17,True,3.0,0.0,0.0,0.0,False,False,False,False
basf-wheat-diseases|11|2017,calibration,10,160.0,2016-11-20,True,3.0,0.0,0.0,0.0,False,False,False,False
basf-wheat-diseases|12|2017,calibration,10,160.0,2016-10-19,True,3.0,0.0,0.0,0.0,False,False,False,False
basf-wheat-diseases|13|2017,calibration,10,160.0,2016-10-19,True,3.0,0.0,0.0,0.0,False,False,False,False
basf-wheat-diseases|14|2017,calibration,10,160.0,2016-10-19,True,3.0,0.0,0.0,0.0,False,False,False,False
basf-wheat-diseases|15|2017,calibration,10,160.0,2016-10-20,True,3.0,0.0,0.0,0.0,False,False,False,False
basf-wheat-diseases|16|2017,calibration,10,160.0,2016-10-18,True,3.0,0.0,0.0,0.0,False,False,False,False
basf-wheat-diseases|17|2017,calibration,10,160.0,2016-11-17,True,3.0,0.0,0.0,0.0,False,False,False,False
basf-wheat-diseases|18|2017,calibration,10,160.0,2016-11-18,True,3.0,0.0,0.0,0.0,False,False,False,False
basf-wheat-diseases|19|2017,calibration,10,160.0,2016-11-19,True,3.0,0.0,0.0,0.0,False,False,False,False
basf-wheat-diseases|2|2017,calibration,10,160.0,2016-11-02,True,3.0,0.0,0.0,0.0,False,False,False,False
basf-wheat-diseases|20|2017,calibration,10,160.0,2016-11-16,True,3.0,0.0,0.0,0.0,False,False,False,False
basf-wheat-diseases|23|2018,calibration,10,160.0,2017-11-19,True,3.0,0.0,0.0,0.0,False,False,False,False
basf-wheat-diseases|24|2018,calibration,10,160.0,2017-11-16,True,3.0,0.0,0.0,0.0,False,False,False,False
basf-wheat-diseases|25|2018,calibration,10,160.0,2017-10-15,True,3.0,0.0,0.0,0.0,False,False,False,False
basf-wheat-diseases|26|2018,calibration,10,160.0,2017-10-15,True,3.0,0.0,0.0,0.0,False,False,False,False
basf-wheat-diseases|27|2018,calibration,10,160.0,2017-10-16,True,3.0,0.0,0.0,0.0,False,False,False,False
basf-wheat-diseases|28|2018,calibration,10,160.0,2017-11-18,True,3.0,0.0,0.0,0.0,False,False,False,False
basf-wheat-diseases|29|2018,calibration,10,160.0,2017-11-17,True,3.0,0.0,0.0,0.0,False,False,False,False
basf-wheat-diseases|30|2018,calibration,10,160.0,2017-11-18,True,3.0,0.0,0.0,0.0,False,False,False,False
basf-wheat-diseases|4|2017,calibration,10,160.0,2016-10-31,True,3.0,0.0,0.0,0.0,False,False,False,False
basf-wheat-diseases|5|2017,calibration,10,160.0,2016-10-14,True,3.0,0.0,0.0,0.0,False,False,False,False
basf-wheat-diseases|6|2017,calibration,10,160.0,2016-11-15,True,3.0,0.0,0.0,0.0,False,False,False,False
basf-wheat-diseases|7|2017,calibration,10,160.0,2016-11-17,True,3.0,0.0,0.0,0.0,False,False,False,False
basf-wheat-diseases|76|2017,calibration,10,160.0,2016-11-18,True,3.0,0.0,0.0,0.0,False,False,False,False
basf-wheat-diseases|8|2017,calibration,10,160.0,2016-11-17,True,3.0,0.0,0.0,0.0,False,False,False,False
basf-wheat-diseases|9|2017,calibration,10,160.0,2016-11-18,True,3.0,0.0,0.0,0.0,False,False,False,False
basf-wheat-diseases|1|2017,calibration,31,160.0,2017-04-13,True,6.0,5.0,2.0,1.0,False,False,False,False
basf-wheat-diseases|10|2017,calibration,31,160.0,2017-04-06,True,6.0,5.0,2.0,1.0,False,False,False,False
basf-wheat-diseases|11|2017,calibration,31,160.0,2017-04-26,True,6.0,5.0,2.0,1.0,False,False,False,False
basf-wheat-diseases|12|2017,calibration,31,160.0,2017-04-30,True,6.0,5.0,2.0,1.0,False,False,False,False
basf-wheat-diseases|13|2017,calibration,31,160.0,2017-04-27,True,6.0,5.0,2.0,1.0,False,False,False,False
basf-wheat-diseases|14|2017,calibration,31,160.0,2017-04-29,True,6.0,5.0,2.0,1.0,False,False,False,False
basf-wheat-diseases|15|2017,calibration,31,160.0,2017-05-06,True,6.0,5.0,2.0,1.0,False,False,False,False
basf-wheat-diseases|16|2017,calibration,31,160.0,2017-04-29,True,6.0,5.0,2.0,1.0,False,False,False,False
basf-wheat-diseases|17|2017,calibration,31,160.0,2017-04-11,True,6.0,5.0,2.0,1.0,False,False,False,False
basf-wheat-diseases|18|2017,calibration,31,160.0,2017-04-12,True,6.0,5.0,2.0,1.0,False,False,False,False
basf-wheat-diseases|19|2017,calibration,31,160.0,2017-04-10,True,6.0,5.0,2.0,1.0,False,False,False,False
basf-wheat-diseases|2|2017,calibration,31,160.0,2017-05-04,True,6.0,5.0,2.0,1.0,False,False,False,False
basf-wheat-diseases|20|2017,calibration,31,160.0,2017-04-09,True,6.0,5.0,2.0,1.0,False,False,False,False
basf-wheat-diseases|23|2018,calibration,31,160.0,2018-04-12,True,6.0,5.0,2.0,1.0,False,False,False,False
basf-wheat-diseases|24|2018,calibration,31,160.0,2018-05-01,True,6.0,5.0,2.0,1.0,False,False,False,False
basf-wheat-diseases|25|2018,calibration,31,160.0,2018-04-21,True,6.0,5.0,2.0,1.0,False,False,False,False
basf-wheat-diseases|26|2018,calibration,31,160.0,2018-04-21,True,6.0,5.0,2.0,1.0,False,False,False,False
basf-wheat-diseases|27|2018,calibration,31,160.0,2018-05-01,True,6.0,5.0,2.0,1.0,False,False,False,False
basf-wheat-diseases|28|2018,calibration,31,160.0,2018-04-23,True,6.0,5.0,2.0,1.0,False,False,False,False
basf-wheat-diseases|29|2018,calibration,31,160.0,2018-04-23,True,6.0,5.0,2.0,1.0,False,False,False,False
basf-wheat-diseases|30|2018,calibration,31,160.0,2018-04-21,True,6.0,5.0,2.0,1.0,False,False,False,False
basf-wheat-diseases|4|2017,calibration,31,160.0,2017-04-24,True,6.0,5.0,2.0,1.0,False,False,False,False
basf-wheat-diseases|5|2017,calibration,31,160.0,2017-04-12,True,6.0,5.0,2.0,1.0,False,False,False,False
basf-wheat-diseases|6|2017,calibration,31,160.0,2017-04-01,True,6.0,5.0,2.0,1.0,False,False,False,False
basf-wheat-diseases|7|2017,calibration,31,160.0,2017-04-06,True,6.0,5.0,2.0,1.0,False,False,False,False
basf-wheat-diseases|76|2017,calibration,31,160.0,2017-04-12,True,6.0,5.0,2.0,1.0,False,False,False,False
basf-wheat-diseases|8|2017,calibration,31,160.0,2017-04-06,True,6.0,5.0,2.0,1.0,False,False,False,False
basf-wheat-diseases|9|2017,calibration,31,160.0,2017-04-10,True,6.0,5.0,2.0,1.0,False,False,False,False
basf-wheat-diseases|1|2017,calibration,32,160.0,2017-04-30,True,6.0,5.0,2.0,1.0,False,False,False,False
basf-wheat-diseases|10|2017,calibration,32,160.0,2017-04-17,True,6.0,5.0,2.0,1.0,False,False,False,False
basf-wheat-diseases|11|2017,calibration,32,160.0,2017-05-07,True,6.0,5.0,2.0,1.0,False,False,False,False
basf-wheat-diseases|12|2017,calibration,32,160.0,2017-05-11,True,6.0,5.0,2.0,1.0,False,False,False,False
basf-wheat-diseases|13|2017,calibration,32,160.0,2017-05-08,True,6.0,5.0,2.0,1.0,False,False,False,False
basf-wheat-diseases|14|2017,calibration,32,160.0,2017-05-11,True,6.0,5.0,2.0,1.0,False,False,False,False
basf-wheat-diseases|15|2017,calibration,32,160.0,2017-05-16,True,6.0,5.0,2.0,1.0,False,False,False,False
basf-wheat-diseases|16|2017,calibration,32,160.0,2017-05-11,True,6.0,5.0,2.0,1.0,False,False,False,False
basf-wheat-diseases|17|2017,calibration,32,160.0,2017-04-24,True,6.0,5.0,2.0,1.0,False,False,False,False
basf-wheat-diseases|18|2017,calibration,32,160.0,2017-04-24,True,6.0,5.0,2.0,1.0,False,False,False,False
basf-wheat-diseases|19|2017,calibration,32,160.0,2017-04-22,True,6.0,5.0,2.0,1.0,False,False,False,False
basf-wheat-diseases|2|2017,calibration,32,160.0,2017-05-14,True,6.0,5.0,2.0,1.0,False,False,False,False
basf-wheat-diseases|20|2017,calibration,32,160.0,2017-04-22,True,6.0,5.0,2.0,1.0,False,False,False,False
basf-wheat-diseases|23|2018,calibration,32,160.0,2018-04-20,True,6.0,5.0,2.0,1.0,False,False,False,False
basf-wheat-diseases|24|2018,calibration,32,160.0,2018-05-09,True,6.0,5.0,2.0,1.0,False,False,False,False
basf-wheat-diseases|25|2018,calibration,32,160.0,2018-04-28,True,6.0,5.0,2.0,1.0,False,False,False,False
basf-wheat-diseases|26|2018,calibration,32,160.0,2018-04-29,True,6.0,6.0,2.0,2.0,False,False,False,False
basf-wheat-diseases|27|2018,calibration,32,160.0,2018-05-08,True,6.0,5.0,2.0,1.0,False,False,False,False
basf-wheat-diseases|28|2018,calibration,32,160.0,2018-05-05,True,6.0,5.0,2.0,1.0,False,False,False,False
basf-wheat-diseases|29|2018,calibration,32,160.0,2018-05-05,True,6.0,5.0,2.0,1.0,False,False,False,False
basf-wheat-diseases|30|2018,calibration,32,160.0,2018-05-01,True,6.0,5.0,2.0,1.0,False,False,False,False
basf-wheat-diseases|4|2017,calibration,32,160.0,2017-05-06,True,6.0,5.0,2.0,1.0,False,False,False,False
basf-wheat-diseases|5|2017,calibration,32,160.0,2017-04-29,True,6.0,5.0,2.0,1.0,False,False,False,False
basf-wheat-diseases|6|2017,calibration,32,160.0,2017-04-12,True,6.0,5.0,2.0,1.0,False,False,False,False
basf-wheat-diseases|7|2017,calibration,32,160.0,2017-04-17,True,6.0,5.0,2.0,1.0,False,False,False,False
basf-wheat-diseases|76|2017,calibration,32,160.0,2017-04-24,True,6.0,5.0,2.0,1.0,False,False,False,False
basf-wheat-diseases|8|2017,calibration,32,160.0,2017-04-17,True,6.0,5.0,2.0,1.0,False,False,False,False
basf-wheat-diseases|9|2017,calibration,32,160.0,2017-04-24,True,6.0,5.0,2.0,1.0,False,False,False,False
basf-wheat-diseases|1|2017,calibration,33,160.0,2017-05-04,True,6.0,6.0,2.0,2.0,False,False,False,False
basf-wheat-diseases|10|2017,calibration,33,160.0,2017-04-22,True,6.0,6.0,2.0,2.0,False,False,False,False
basf-wheat-diseases|11|2017,calibration,33,160.0,2017-05-11,True,6.0,6.0,2.0,2.0,False,False,False,False
basf-wheat-diseases|12|2017,calibration,33,160.0,2017-05-14,True,6.0,6.0,2.0,2.0,False,False,False,False
basf-wheat-diseases|13|2017,calibration,33,160.0,2017-05-12,True,6.0,6.0,2.0,2.0,False,False,False,False
basf-wheat-diseases|14|2017,calibration,33,160.0,2017-05-13,True,6.0,6.0,2.0,2.0,False,False,False,False
basf-wheat-diseases|15|2017,calibration,33,160.0,2017-05-18,True,6.0,6.0,2.0,2.0,False,False,False,False
basf-wheat-diseases|16|2017,calibration,33,160.0,2017-05-13,True,6.0,6.0,2.0,2.0,False,False,False,False
basf-wheat-diseases|17|2017,calibration,33,160.0,2017-04-29,True,6.0,6.0,2.0,2.0,False,False,False,False
basf-wheat-diseases|18|2017,calibration,33,160.0,2017-04-30,True,6.0,6.0,2.0,2.0,False,False,False,False
basf-wheat-diseases|19|2017,calibration,33,160.0,2017-04-28,True,6.0,6.0,2.0,2.0,False,False,False,False
basf-wheat-diseases|2|2017,calibration,33,160.0,2017-05-16,True,6.0,6.0,2.0,2.0,False,False,False,False
basf-wheat-diseases|20|2017,calibration,33,160.0,2017-04-27,True,6.0,6.0,2.0,2.0,False,False,False,False
basf-wheat-diseases|23|2018,calibration,33,160.0,2018-04-22,True,6.0,6.0,2.0,2.0,False,False,False,False
basf-wheat-diseases|24|2018,calibration,33,160.0,2018-05-11,True,6.0,6.0,2.0,2.0,False,False,False,False
basf-wheat-diseases|25|2018,calibration,33,160.0,2018-04-30,True,6.0,6.0,2.0,2.0,False,False,False,False
basf-wheat-diseases|26|2018,calibration,33,160.0,2018-04-30,True,6.0,6.0,2.0,2.0,False,False,False,False
basf-wheat-diseases|27|2018,calibration,33,160.0,2018-05-10,True,6.0,6.0,2.0,2.0,False,False,False,False
basf-wheat-diseases|28|2018,calibration,33,160.0,2018-05-07,True,6.0,6.0,2.0,2.0,False,False,False,False
basf-wheat-diseases|29|2018,calibration,33,160.0,2018-05-07,True,6.0,6.0,2.0,2.0,False,False,False,False
basf-wheat-diseases|30|2018,calibration,33,160.0,2018-05-04,True,6.0,6.0,2.0,2.0,False,False,False,False
basf-wheat-diseases|4|2017,calibration,33,160.0,2017-05-09,True,6.0,6.0,2.0,2.0,False,False,False,False
basf-wheat-diseases|5|2017,calibration,33,160.0,2017-05-03,True,6.0,6.0,2.0,2.0,False,False,False,False
basf-wheat-diseases|6|2017,calibration,33,160.0,2017-04-15,True,6.0,6.0,2.0,2.0,False,False,False,False
basf-wheat-diseases|7|2017,calibration,33,160.0,2017-04-22,True,6.0,6.0,2.0,2.0,False,False,False,False
basf-wheat-diseases|76|2017,calibration,33,160.0,2017-04-30,True,6.0,6.0,2.0,2.0,False,False,False,False
basf-wheat-diseases|8|2017,calibration,33,160.0,2017-04-22,True,6.0,6.0,2.0,2.0,False,False,False,False
basf-wheat-diseases|9|2017,calibration,33,160.0,2017-04-29,True,6.0,6.0,2.0,2.0,False,False,False,False
basf-wheat-diseases|1|2017,calibration,37,160.0,2017-05-08,True,7.0,6.0,3.0,2.0,True,False,False,False
basf-wheat-diseases|10|2017,calibration,37,160.0,2017-04-27,True,7.0,6.0,3.0,2.0,True,False,False,False
basf-wheat-diseases|11|2017,calibration,37,160.0,2017-05-14,True,7.0,6.0,3.0,2.0,True,False,False,False
basf-wheat-diseases|12|2017,calibration,37,160.0,2017-05-16,True,7.0,6.0,3.0,2.0,True,False,False,False
basf-wheat-diseases|13|2017,calibration,37,160.0,2017-05-15,True,7.0,6.0,3.0,2.0,True,False,False,False
basf-wheat-diseases|14|2017,calibration,37,160.0,2017-05-16,True,7.0,6.0,3.0,2.0,True,False,False,False
basf-wheat-diseases|15|2017,calibration,37,160.0,2017-05-20,True,7.0,6.0,3.0,2.0,True,False,False,False
basf-wheat-diseases|16|2017,calibration,37,160.0,2017-05-16,True,7.0,6.0,3.0,2.0,True,False,False,False
basf-wheat-diseases|17|2017,calibration,37,160.0,2017-05-04,True,7.0,6.0,3.0,2.0,True,False,False,False
basf-wheat-diseases|18|2017,calibration,37,160.0,2017-05-04,True,7.0,6.0,3.0,2.0,True,False,False,False
basf-wheat-diseases|19|2017,calibration,37,160.0,2017-05-02,True,7.0,6.0,3.0,2.0,True,False,False,False
basf-wheat-diseases|2|2017,calibration,37,160.0,2017-05-18,True,7.0,6.0,3.0,2.0,True,False,False,False
basf-wheat-diseases|20|2017,calibration,37,160.0,2017-05-01,True,7.0,6.0,3.0,2.0,True,False,False,False
basf-wheat-diseases|23|2018,calibration,37,160.0,2018-04-26,True,7.0,6.0,3.0,2.0,True,False,False,False
basf-wheat-diseases|24|2018,calibration,37,160.0,2018-05-14,True,7.0,6.0,3.0,2.0,True,False,False,False
basf-wheat-diseases|25|2018,calibration,37,160.0,2018-05-03,True,7.0,6.0,3.0,2.0,True,False,False,False
basf-wheat-diseases|26|2018,calibration,37,160.0,2018-05-03,True,7.0,6.0,3.0,2.0,True,False,False,False
basf-wheat-diseases|27|2018,calibration,37,160.0,2018-05-12,True,7.0,6.0,3.0,2.0,True,False,False,False
basf-wheat-diseases|28|2018,calibration,37,160.0,2018-05-10,True,7.0,6.0,3.0,2.0,True,False,False,False
basf-wheat-diseases|29|2018,calibration,37,160.0,2018-05-10,True,7.0,6.0,3.0,2.0,True,False,False,False
basf-wheat-diseases|30|2018,calibration,37,160.0,2018-05-07,True,7.0,6.0,3.0,2.0,True,False,False,False
basf-wheat-diseases|4|2017,calibration,37,160.0,2017-05-12,True,7.0,6.0,3.0,2.0,True,False,False,False
basf-wheat-diseases|5|2017,calibration,37,160.0,2017-05-07,True,7.0,6.0,3.0,2.0,True,False,False,False
basf-wheat-diseases|6|2017,calibration,37,160.0,2017-04-20,True,7.0,6.0,3.0,2.0,True,False,False,False
basf-wheat-diseases|7|2017,calibration,37,160.0,2017-04-28,True,7.0,6.0,3.0,2.0,True,False,False,False
basf-wheat-diseases|76|2017,calibration,37,160.0,2017-05-04,True,7.0,6.0,3.0,2.0,True,False,False,False
basf-wheat-diseases|8|2017,calibration,37,160.0,2017-04-27,True,7.0,6.0,3.0,2.0,True,False,False,False
basf-wheat-diseases|9|2017,calibration,37,160.0,2017-05-03,True,7.0,6.0,3.0,2.0,True,False,False,False
basf-wheat-diseases|1|2017,calibration,39,160.0,2017-05-16,True,7.0,7.0,3.0,3.0,True,True,False,False
basf-wheat-diseases|10|2017,calibration,39,160.0,2017-05-09,True,7.0,7.0,3.0,3.0,True,True,False,False
basf-wheat-diseases|11|2017,calibration,39,160.0,2017-05-22,True,7.0,7.0,3.0,3.0,True,True,False,False
basf-wheat-diseases|12|2017,calibration,39,160.0,2017-05-23,True,7.0,7.0,3.0,3.0,True,True,False,False
basf-wheat-diseases|13|2017,calibration,39,160.0,2017-05-21,True,7.0,7.0,3.0,3.0,True,True,False,False
basf-wheat-diseases|14|2017,calibration,39,160.0,2017-05-22,True,7.0,7.0,3.0,3.0,True,True,False,False
basf-wheat-diseases|15|2017,calibration,39,160.0,2017-05-27,True,7.0,7.0,3.0,3.0,True,True,False,False
basf-wheat-diseases|16|2017,calibration,39,160.0,2017-05-22,True,7.0,7.0,3.0,3.0,True,True,False,False
basf-wheat-diseases|17|2017,calibration,39,160.0,2017-05-14,True,7.0,7.0,3.0,3.0,True,True,False,False
basf-wheat-diseases|18|2017,calibration,39,160.0,2017-05-14,True,7.0,7.0,3.0,3.0,True,True,False,False
basf-wheat-diseases|19|2017,calibration,39,160.0,2017-05-13,True,7.0,7.0,3.0,3.0,True,True,False,False
basf-wheat-diseases|2|2017,calibration,39,160.0,2017-05-25,True,7.0,7.0,3.0,3.0,True,True,False,False
basf-wheat-diseases|20|2017,calibration,39,160.0,2017-05-12,True,7.0,7.0,3.0,3.0,True,True,False,False
basf-wheat-diseases|23|2018,calibration,39,160.0,2018-05-06,True,7.0,7.0,3.0,3.0,True,True,False,False
basf-wheat-diseases|24|2018,calibration,39,160.0,2018-05-21,True,7.0,7.0,3.0,3.0,True,True,False,False
basf-wheat-diseases|25|2018,calibration,39,160.0,2018-05-10,True,7.0,7.0,3.0,3.0,True,True,False,False
basf-wheat-diseases|26|2018,calibration,39,160.0,2018-05-10,True,7.0,7.0,3.0,3.0,True,True,False,False
basf-wheat-diseases|27|2018,calibration,39,160.0,2018-05-19,True,7.0,7.0,3.0,3.0,True,True,False,False
basf-wheat-diseases|28|2018,calibration,39,160.0,2018-05-19,True,7.0,7.0,3.0,3.0,True,True,False,False
basf-wheat-diseases|29|2018,calibration,39,160.0,2018-05-20,True,7.0,7.0,3.0,3.0,True,True,False,False
basf-wheat-diseases|30|2018,calibration,39,160.0,2018-05-15,True,7.0,7.0,3.0,3.0,True,True,False,False
basf-wheat-diseases|4|2017,calibration,39,160.0,2017-05-19,True,7.0,7.0,3.0,3.0,True,True,False,False
basf-wheat-diseases|5|2017,calibration,39,160.0,2017-05-16,True,7.0,7.0,3.0,3.0,True,True,False,False
basf-wheat-diseases|6|2017,calibration,39,160.0,2017-05-03,True,7.0,7.0,3.0,3.0,True,True,False,False
basf-wheat-diseases|7|2017,calibration,39,160.0,2017-05-09,True,7.0,7.0,3.0,3.0,True,True,False,False
basf-wheat-diseases|76|2017,calibration,39,160.0,2017-05-14,True,7.0,7.0,3.0,3.0,True,True,False,False
basf-wheat-diseases|8|2017,calibration,39,160.0,2017-05-09,True,7.0,7.0,3.0,3.0,True,True,False,False
basf-wheat-diseases|9|2017,calibration,39,160.0,2017-05-13,True,7.0,7.0,3.0,3.0,True,True,False,False
basf-wheat-diseases|1|2017,calibration,51,160.0,2017-05-28,True,7.0,7.0,3.0,3.0,True,True,False,False
basf-wheat-diseases|10|2017,calibration,51,160.0,2017-05-21,True,7.0,7.0,3.0,3.0,True,True,False,False
basf-wheat-diseases|11|2017,calibration,51,160.0,2017-06-03,True,7.0,7.0,3.0,3.0,True,True,False,False
basf-wheat-diseases|12|2017,calibration,51,160.0,2017-06-02,True,7.0,7.0,3.0,3.0,True,True,False,False
basf-wheat-diseases|13|2017,calibration,51,160.0,2017-06-01,True,7.0,7.0,3.0,3.0,True,True,False,False
basf-wheat-diseases|14|2017,calibration,51,160.0,2017-06-02,True,7.0,7.0,3.0,3.0,True,True,False,False
basf-wheat-diseases|15|2017,calibration,51,160.0,2017-06-07,True,7.0,7.0,3.0,3.0,True,True,False,False
basf-wheat-diseases|16|2017,calibration,51,160.0,2017-06-02,True,7.0,7.0,3.0,3.0,True,True,False,False
basf-wheat-diseases|17|2017,calibration,51,160.0,2017-05-27,True,7.0,7.0,3.0,3.0,True,True,False,False
basf-wheat-diseases|18|2017,calibration,51,160.0,2017-05-26,True,7.0,7.0,3.0,3.0,True,True,False,False
basf-wheat-diseases|19|2017,calibration,51,160.0,2017-05-25,True,7.0,7.0,3.0,3.0,True,True,False,False
basf-wheat-diseases|2|2017,calibration,51,160.0,2017-06-05,True,7.0,7.0,3.0,3.0,True,True,False,False
basf-wheat-diseases|20|2017,calibration,51,160.0,2017-05-25,True,7.0,7.0,3.0,3.0,True,True,False,False
basf-wheat-diseases|23|2018,calibration,51,160.0,2018-05-19,True,7.0,7.0,3.0,3.0,True,True,False,False
basf-wheat-diseases|24|2018,calibration,51,160.0,2018-05-31,True,7.0,7.0,3.0,3.0,True,True,False,False
basf-wheat-diseases|25|2018,calibration,51,160.0,2018-05-21,True,7.0,7.0,3.0,3.0,True,True,False,False
basf-wheat-diseases|26|2018,calibration,51,160.0,2018-05-22,True,7.0,7.0,3.0,3.0,True,True,False,False
basf-wheat-diseases|27|2018,calibration,51,160.0,2018-05-30,True,7.0,7.0,3.0,3.0,True,True,False,False
basf-wheat-diseases|28|2018,calibration,51,160.0,2018-05-31,True,7.0,7.0,3.0,3.0,True,True,False,False
basf-wheat-diseases|29|2018,calibration,51,160.0,,False,,,,,,,False,False
basf-wheat-diseases|30|2018,calibration,51,160.0,2018-05-28,True,7.0,7.0,3.0,3.0,True,True,False,False
basf-wheat-diseases|4|2017,calibration,51,160.0,2017-05-29,True,7.0,7.0,3.0,3.0,True,True,False,False
basf-wheat-diseases|5|2017,calibration,51,160.0,2017-05-27,True,7.0,7.0,3.0,3.0,True,True,False,False
basf-wheat-diseases|6|2017,calibration,51,160.0,2017-05-16,True,7.0,7.0,3.0,3.0,True,True,False,False
basf-wheat-diseases|7|2017,calibration,51,160.0,2017-05-22,True,7.0,7.0,3.0,3.0,True,True,False,False
basf-wheat-diseases|76|2017,calibration,51,160.0,2017-05-26,True,7.0,7.0,3.0,3.0,True,True,False,False
basf-wheat-diseases|8|2017,calibration,51,160.0,2017-05-21,True,7.0,7.0,3.0,3.0,True,True,False,False
basf-wheat-diseases|9|2017,calibration,51,160.0,2017-05-24,True,7.0,7.0,3.0,3.0,True,True,False,False
basf-wheat-diseases|1|2017,calibration,65,160.0,2017-06-06,True,7.0,7.0,3.0,3.0,True,True,False,False
basf-wheat-diseases|10|2017,calibration,65,160.0,2017-05-31,True,7.0,7.0,3.0,3.0,True,True,False,False
basf-wheat-diseases|11|2017,calibration,65,160.0,2017-06-14,True,7.0,7.0,3.0,3.0,True,True,False,False
basf-wheat-diseases|12|2017,calibration,65,160.0,2017-06-12,True,7.0,7.0,3.0,3.0,True,True,False,False
basf-wheat-diseases|13|2017,calibration,65,160.0,2017-06-11,True,7.0,7.0,3.0,3.0,True,True,False,False
basf-wheat-diseases|14|2017,calibration,65,160.0,2017-06-12,True,7.0,7.0,3.0,3.0,True,True,False,False
basf-wheat-diseases|15|2017,calibration,65,160.0,2017-06-18,True,7.0,7.0,3.0,3.0,True,True,False,False
basf-wheat-diseases|16|2017,calibration,65,160.0,2017-06-12,True,7.0,7.0,3.0,3.0,True,True,False,False
basf-wheat-diseases|17|2017,calibration,65,160.0,2017-06-07,True,7.0,7.0,3.0,3.0,True,True,False,False
basf-wheat-diseases|18|2017,calibration,65,160.0,2017-06-08,True,7.0,7.0,3.0,3.0,True,True,False,False
basf-wheat-diseases|19|2017,calibration,65,160.0,2017-06-05,True,7.0,7.0,3.0,3.0,True,True,False,False
basf-wheat-diseases|2|2017,calibration,65,160.0,2017-06-16,True,7.0,7.0,3.0,3.0,True,True,False,False
basf-wheat-diseases|20|2017,calibration,65,160.0,2017-06-05,True,7.0,7.0,3.0,3.0,True,True,False,False
basf-wheat-diseases|23|2018,calibration,65,160.0,2018-05-29,True,7.0,7.0,3.0,3.0,True,True,False,False
basf-wheat-diseases|24|2018,calibration,65,160.0,2018-06-11,True,7.0,7.0,3.0,3.0,True,True,False,False
basf-wheat-diseases|25|2018,calibration,65,160.0,2018-05-30,True,7.0,7.0,3.0,3.0,True,True,False,False
basf-wheat-diseases|26|2018,calibration,65,160.0,2018-05-31,True,7.0,7.0,3.0,3.0,True,True,False,False
basf-wheat-diseases|27|2018,calibration,65,160.0,2018-06-09,True,7.0,7.0,3.0,3.0,True,True,False,False
basf-wheat-diseases|28|2018,calibration,65,160.0,2018-06-11,True,7.0,7.0,3.0,3.0,True,True,False,False
basf-wheat-diseases|29|2018,calibration,65,160.0,,False,,,,,,,False,False
basf-wheat-diseases|30|2018,calibration,65,160.0,2018-06-09,True,7.0,7.0,3.0,3.0,True,True,False,False
basf-wheat-diseases|4|2017,calibration,65,160.0,2017-06-09,True,7.0,7.0,3.0,3.0,True,True,False,False
basf-wheat-diseases|5|2017,calibration,65,160.0,2017-06-06,True,7.0,7.0,3.0,3.0,True,True,False,False
basf-wheat-diseases|6|2017,calibration,65,160.0,2017-05-27,True,7.0,7.0,3.0,3.0,True,True,False,False
basf-wheat-diseases|7|2017,calibration,65,160.0,2017-05-31,True,7.0,7.0,3.0,3.0,True,True,False,False
basf-wheat-diseases|76|2017,calibration,65,160.0,2017-06-08,True,7.0,7.0,3.0,3.0,True,True,False,False
basf-wheat-diseases|8|2017,calibration,65,160.0,2017-05-31,True,7.0,7.0,3.0,3.0,True,True,False,False
basf-wheat-diseases|9|2017,calibration,65,160.0,2017-06-03,True,7.0,7.0,3.0,3.0,True,True,False,False
basf-wheat-diseases|1|2017,calibration,85,160.0,,False,,,,,,,False,False
basf-wheat-diseases|10|2017,calibration,85,160.0,,False,,,,,,,False,False
basf-wheat-diseases|11|2017,calibration,85,160.0,,False,,,,,,,False,False
basf-wheat-diseases|12|2017,calibration,85,160.0,,False,,,,,,,False,False
basf-wheat-diseases|13|2017,calibration,85,160.0,,False,,,,,,,False,False
basf-wheat-diseases|14|2017,calibration,85,160.0,,False,,,,,,,False,False
basf-wheat-diseases|15|2017,calibration,85,160.0,,False,,,,,,,False,False
basf-wheat-diseases|16|2017,calibration,85,160.0,,False,,,,,,,False,False
basf-wheat-diseases|17|2017,calibration,85,160.0,,False,,,,,,,False,False
basf-wheat-diseases|18|2017,calibration,85,160.0,,False,,,,,,,False,False
basf-wheat-diseases|19|2017,calibration,85,160.0,,False,,,,,,,False,False
basf-wheat-diseases|2|2017,calibration,85,160.0,,False,,,,,,,False,False
basf-wheat-diseases|20|2017,calibration,85,160.0,,False,,,,,,,False,False
basf-wheat-diseases|23|2018,calibration,85,160.0,,False,,,,,,,False,False
basf-wheat-diseases|24|2018,calibration,85,160.0,,False,,,,,,,False,False
basf-wheat-diseases|25|2018,calibration,85,160.0,,False,,,,,,,False,False
basf-wheat-diseases|26|2018,calibration,85,160.0,,False,,,,,,,False,False
basf-wheat-diseases|27|2018,calibration,85,160.0,,False,,,,,,,False,False
basf-wheat-diseases|28|2018,calibration,85,160.0,,False,,,,,,,False,False
basf-wheat-diseases|29|2018,calibration,85,160.0,,False,,,,,,,False,False
basf-wheat-diseases|30|2018,calibration,85,160.0,,False,,,,,,,False,False
basf-wheat-diseases|4|2017,calibration,85,160.0,,False,,,,,,,False,False
basf-wheat-diseases|5|2017,calibration,85,160.0,,False,,,,,,,False,False
basf-wheat-diseases|6|2017,calibration,85,160.0,,False,,,,,,,False,False
basf-wheat-diseases|7|2017,calibration,85,160.0,,False,,,,,,,False,False
basf-wheat-diseases|76|2017,calibration,85,160.0,,False,,,,,,,False,False
basf-wheat-diseases|8|2017,calibration,85,160.0,,False,,,,,,,False,False
basf-wheat-diseases|9|2017,calibration,85,160.0,,False,,,,,,,False,False
basf-wheat-diseases|31|2019,reused_development_2019,10,80.0,2018-10-11,True,0.0,0.0,0.0,0.0,False,False,False,False
basf-wheat-diseases|32|2019,reused_development_2019,10,80.0,2018-10-11,True,0.0,0.0,0.0,0.0,False,False,False,False
basf-wheat-diseases|33|2019,reused_development_2019,10,80.0,2018-10-11,True,0.0,0.0,0.0,0.0,False,False,False,False
basf-wheat-diseases|34|2019,reused_development_2019,10,80.0,2018-10-11,True,0.0,0.0,0.0,0.0,False,False,False,False
basf-wheat-diseases|35|2019,reused_development_2019,10,80.0,2018-10-14,True,0.0,0.0,0.0,0.0,False,False,False,False
basf-wheat-diseases|36|2019,reused_development_2019,10,80.0,2018-10-11,True,0.0,0.0,0.0,0.0,False,False,False,False
basf-wheat-diseases|37|2019,reused_development_2019,10,80.0,2018-10-12,True,0.0,0.0,0.0,0.0,False,False,False,False
basf-wheat-diseases|38|2019,reused_development_2019,10,80.0,2018-10-12,True,0.0,0.0,0.0,0.0,False,False,False,False
basf-wheat-diseases|39|2019,reused_development_2019,10,80.0,2018-11-01,True,0.0,0.0,0.0,0.0,False,False,False,False
basf-wheat-diseases|40|2019,reused_development_2019,10,80.0,2018-10-25,True,0.0,0.0,0.0,0.0,False,False,False,False
basf-wheat-diseases|41|2019,reused_development_2019,10,80.0,2018-10-25,True,0.0,0.0,0.0,0.0,False,False,False,False
basf-wheat-diseases|42|2019,reused_development_2019,10,80.0,2018-11-15,True,0.0,0.0,0.0,0.0,False,False,False,False
basf-wheat-diseases|43|2019,reused_development_2019,10,80.0,2018-11-15,True,0.0,0.0,0.0,0.0,False,False,False,False
basf-wheat-diseases|44|2019,reused_development_2019,10,80.0,2018-11-15,True,0.0,0.0,0.0,0.0,False,False,False,False
basf-wheat-diseases|45|2019,reused_development_2019,10,80.0,2018-11-14,True,0.0,0.0,0.0,0.0,False,False,False,False
basf-wheat-diseases|46|2019,reused_development_2019,10,80.0,2018-11-14,True,0.0,0.0,0.0,0.0,False,False,False,False
basf-wheat-diseases|47|2019,reused_development_2019,10,80.0,2018-11-15,True,0.0,0.0,0.0,0.0,False,False,False,False
basf-wheat-diseases|48|2019,reused_development_2019,10,80.0,2018-10-13,True,0.0,0.0,0.0,0.0,False,False,False,False
basf-wheat-diseases|49|2019,reused_development_2019,10,80.0,2018-10-14,True,0.0,0.0,0.0,0.0,False,False,False,False
basf-wheat-diseases|50|2019,reused_development_2019,10,80.0,2018-10-14,True,0.0,0.0,0.0,0.0,False,False,False,False
basf-wheat-diseases|51|2019,reused_development_2019,10,80.0,2018-10-14,True,0.0,0.0,0.0,0.0,False,False,False,False
basf-wheat-diseases|52|2019,reused_development_2019,10,80.0,2018-10-14,True,0.0,0.0,0.0,0.0,False,False,False,False
basf-wheat-diseases|53|2019,reused_development_2019,10,80.0,2018-10-15,True,0.0,0.0,0.0,0.0,False,False,False,False
basf-wheat-diseases|54|2019,reused_development_2019,10,80.0,2018-10-14,True,0.0,0.0,0.0,0.0,False,False,False,False
basf-wheat-diseases|55|2019,reused_development_2019,10,80.0,2018-10-14,True,0.0,0.0,0.0,0.0,False,False,False,False
basf-wheat-diseases|56|2019,reused_development_2019,10,80.0,2018-10-14,True,0.0,0.0,0.0,0.0,False,False,False,False
basf-wheat-diseases|57|2019,reused_development_2019,10,80.0,2018-10-15,True,0.0,0.0,0.0,0.0,False,False,False,False
basf-wheat-diseases|58|2019,reused_development_2019,10,80.0,2018-10-14,True,0.0,0.0,0.0,0.0,False,False,False,False
basf-wheat-diseases|59|2019,reused_development_2019,10,80.0,2018-10-14,True,0.0,0.0,0.0,0.0,False,False,False,False
basf-wheat-diseases|60|2019,reused_development_2019,10,80.0,2018-10-11,True,0.0,0.0,0.0,0.0,False,False,False,False
basf-wheat-diseases|61|2019,reused_development_2019,10,80.0,2018-10-11,True,0.0,0.0,0.0,0.0,False,False,False,False
basf-wheat-diseases|62|2019,reused_development_2019,10,80.0,2018-10-14,True,0.0,0.0,0.0,0.0,False,False,False,False
basf-wheat-diseases|63|2019,reused_development_2019,10,80.0,2018-10-17,True,0.0,0.0,0.0,0.0,False,False,False,False
basf-wheat-diseases|64|2019,reused_development_2019,10,80.0,2018-10-12,True,0.0,0.0,0.0,0.0,False,False,False,False
basf-wheat-diseases|65|2019,reused_development_2019,10,80.0,2018-11-16,True,0.0,0.0,0.0,0.0,False,False,False,False
basf-wheat-diseases|66|2019,reused_development_2019,10,80.0,2018-11-14,True,0.0,0.0,0.0,0.0,False,False,False,False
basf-wheat-diseases|67|2019,reused_development_2019,10,80.0,2018-11-14,True,0.0,0.0,0.0,0.0,False,False,False,False
basf-wheat-diseases|68|2019,reused_development_2019,10,80.0,2018-11-15,True,0.0,0.0,0.0,0.0,False,False,False,False
basf-wheat-diseases|69|2019,reused_development_2019,10,80.0,2018-11-15,True,0.0,0.0,0.0,0.0,False,False,False,False
basf-wheat-diseases|70|2019,reused_development_2019,10,80.0,2018-11-15,True,0.0,0.0,0.0,0.0,False,False,False,False
basf-wheat-diseases|71|2019,reused_development_2019,10,80.0,2018-11-14,True,0.0,0.0,0.0,0.0,False,False,False,False
basf-wheat-diseases|72|2019,reused_development_2019,10,80.0,2018-11-16,True,0.0,0.0,0.0,0.0,False,False,False,False
basf-wheat-diseases|73|2019,reused_development_2019,10,80.0,2018-11-15,True,0.0,0.0,0.0,0.0,False,False,False,False
basf-wheat-diseases|74|2019,reused_development_2019,10,80.0,2018-11-14,True,0.0,0.0,0.0,0.0,False,False,False,False
basf-wheat-diseases|75|2019,reused_development_2019,10,80.0,2018-11-14,True,0.0,0.0,0.0,0.0,False,False,False,False
basf-wheat-diseases|31|2019,reused_development_2019,31,80.0,2019-04-03,True,5.0,3.0,1.0,0.0,False,False,False,False
basf-wheat-diseases|32|2019,reused_development_2019,31,80.0,2019-04-03,True,5.0,3.0,1.0,0.0,False,False,False,False
basf-wheat-diseases|33|2019,reused_development_2019,31,80.0,2019-04-03,True,5.0,3.0,1.0,0.0,False,False,False,False
basf-wheat-diseases|34|2019,reused_development_2019,31,80.0,2019-04-03,True,5.0,3.0,1.0,0.0,False,False,False,False
basf-wheat-diseases|35|2019,reused_development_2019,31,80.0,2019-04-19,True,5.0,3.0,1.0,0.0,False,False,False,False
basf-wheat-diseases|36|2019,reused_development_2019,31,80.0,2019-03-30,True,5.0,3.0,1.0,0.0,False,False,False,False
basf-wheat-diseases|37|2019,reused_development_2019,31,80.0,2019-04-15,True,5.0,3.0,1.0,0.0,False,False,False,False
basf-wheat-diseases|38|2019,reused_development_2019,31,80.0,2019-04-18,True,5.0,3.0,1.0,0.0,False,False,False,False
basf-wheat-diseases|39|2019,reused_development_2019,31,80.0,2019-04-16,True,5.0,3.0,1.0,0.0,False,False,False,False
basf-wheat-diseases|40|2019,reused_development_2019,31,80.0,2019-04-27,True,5.0,3.0,1.0,0.0,False,False,False,False
basf-wheat-diseases|41|2019,reused_development_2019,31,80.0,2019-04-26,True,5.0,3.0,1.0,0.0,False,False,False,False
basf-wheat-diseases|42|2019,reused_development_2019,31,80.0,2019-04-10,True,5.0,3.0,1.0,0.0,False,False,False,False
basf-wheat-diseases|43|2019,reused_development_2019,31,80.0,2019-04-10,True,5.0,3.0,1.0,0.0,False,False,False,False
basf-wheat-diseases|44|2019,reused_development_2019,31,80.0,2019-04-10,True,5.0,3.0,1.0,0.0,False,False,False,False
basf-wheat-diseases|45|2019,reused_development_2019,31,80.0,2019-03-31,True,5.0,3.0,1.0,0.0,False,False,False,False
basf-wheat-diseases|46|2019,reused_development_2019,31,80.0,2019-04-06,True,5.0,3.0,1.0,0.0,False,False,False,False
basf-wheat-diseases|47|2019,reused_development_2019,31,80.0,2019-04-10,True,5.0,3.0,1.0,0.0,False,False,False,False
basf-wheat-diseases|48|2019,reused_development_2019,31,80.0,2019-04-18,True,5.0,3.0,1.0,0.0,False,False,False,False
basf-wheat-diseases|49|2019,reused_development_2019,31,80.0,2019-04-20,True,5.0,3.0,1.0,0.0,False,False,False,False
basf-wheat-diseases|50|2019,reused_development_2019,31,80.0,2019-04-19,True,5.0,3.0,1.0,0.0,False,False,False,False
basf-wheat-diseases|51|2019,reused_development_2019,31,80.0,2019-04-17,True,5.0,3.0,1.0,0.0,False,False,False,False
basf-wheat-diseases|52|2019,reused_development_2019,31,80.0,2019-04-21,True,5.0,3.0,1.0,0.0,False,False,False,False
basf-wheat-diseases|53|2019,reused_development_2019,31,80.0,2019-04-24,True,5.0,3.0,1.0,0.0,False,False,False,False
basf-wheat-diseases|54|2019,reused_development_2019,31,80.0,2019-04-20,True,5.0,3.0,1.0,0.0,False,False,False,False
basf-wheat-diseases|55|2019,reused_development_2019,31,80.0,2019-04-19,True,5.0,3.0,1.0,0.0,False,False,False,False
basf-wheat-diseases|56|2019,reused_development_2019,31,80.0,2019-04-17,True,5.0,3.0,1.0,0.0,False,False,False,False
basf-wheat-diseases|57|2019,reused_development_2019,31,80.0,2019-04-24,True,5.0,3.0,1.0,0.0,False,False,False,False
basf-wheat-diseases|58|2019,reused_development_2019,31,80.0,2019-04-19,True,5.0,3.0,1.0,0.0,False,False,False,False
basf-wheat-diseases|59|2019,reused_development_2019,31,80.0,2019-04-19,True,5.0,3.0,1.0,0.0,False,False,False,False
basf-wheat-diseases|60|2019,reused_development_2019,31,80.0,2019-04-09,True,5.0,3.0,1.0,0.0,False,False,False,False
basf-wheat-diseases|61|2019,reused_development_2019,31,80.0,2019-04-07,True,5.0,3.0,1.0,0.0,False,False,False,False
basf-wheat-diseases|62|2019,reused_development_2019,31,80.0,2019-04-26,True,5.0,3.0,1.0,0.0,False,False,False,False
basf-wheat-diseases|63|2019,reused_development_2019,31,80.0,2019-05-11,True,5.0,3.0,1.0,0.0,False,False,False,False
basf-wheat-diseases|64|2019,reused_development_2019,31,80.0,2019-04-18,True,5.0,3.0,1.0,0.0,False,False,False,False
basf-wheat-diseases|65|2019,reused_development_2019,31,80.0,2019-04-07,True,5.0,3.0,1.0,0.0,False,False,False,False
basf-wheat-diseases|66|2019,reused_development_2019,31,80.0,2019-04-15,True,5.0,3.0,1.0,0.0,False,False,False,False
basf-wheat-diseases|67|2019,reused_development_2019,31,80.0,2019-04-15,True,5.0,3.0,1.0,0.0,False,False,False,False
basf-wheat-diseases|68|2019,reused_development_2019,31,80.0,2019-04-12,True,5.0,3.0,1.0,0.0,False,False,False,False
basf-wheat-diseases|69|2019,reused_development_2019,31,80.0,2019-04-13,True,5.0,3.0,1.0,0.0,False,False,False,False
basf-wheat-diseases|70|2019,reused_development_2019,31,80.0,2019-04-13,True,5.0,3.0,1.0,0.0,False,False,False,False
basf-wheat-diseases|71|2019,reused_development_2019,31,80.0,2019-04-12,True,5.0,3.0,1.0,0.0,False,False,False,False
basf-wheat-diseases|72|2019,reused_development_2019,31,80.0,2019-04-07,True,5.0,3.0,1.0,0.0,False,False,False,False
basf-wheat-diseases|73|2019,reused_development_2019,31,80.0,2019-04-15,True,5.0,3.0,1.0,0.0,False,False,False,False
basf-wheat-diseases|74|2019,reused_development_2019,31,80.0,2019-04-13,True,5.0,3.0,1.0,0.0,False,False,False,False
basf-wheat-diseases|75|2019,reused_development_2019,31,80.0,2019-04-12,True,5.0,3.0,1.0,0.0,False,False,False,False
basf-wheat-diseases|31|2019,reused_development_2019,32,80.0,2019-04-15,True,6.0,4.0,2.0,0.0,False,False,False,False
basf-wheat-diseases|32|2019,reused_development_2019,32,80.0,2019-04-15,True,6.0,4.0,2.0,0.0,False,False,False,False
basf-wheat-diseases|33|2019,reused_development_2019,32,80.0,2019-04-15,True,6.0,4.0,2.0,0.0,False,False,False,False
basf-wheat-diseases|34|2019,reused_development_2019,32,80.0,2019-04-15,True,6.0,4.0,2.0,0.0,False,False,False,False
basf-wheat-diseases|35|2019,reused_development_2019,32,80.0,2019-04-27,True,6.0,4.0,2.0,0.0,False,False,False,False
basf-wheat-diseases|36|2019,reused_development_2019,32,80.0,2019-04-14,True,6.0,4.0,2.0,0.0,False,False,False,False
basf-wheat-diseases|37|2019,reused_development_2019,32,80.0,2019-04-23,True,6.0,4.0,2.0,0.0,False,False,False,False
basf-wheat-diseases|38|2019,reused_development_2019,32,80.0,2019-04-25,True,6.0,4.0,2.0,0.0,False,False,False,False
basf-wheat-diseases|39|2019,reused_development_2019,32,80.0,2019-04-24,True,6.0,4.0,2.0,0.0,False,False,False,False
basf-wheat-diseases|40|2019,reused_development_2019,32,80.0,2019-05-08,True,6.0,4.0,2.0,0.0,False,False,False,False
basf-wheat-diseases|41|2019,reused_development_2019,32,80.0,2019-05-08,True,6.0,4.0,2.0,0.0,False,False,False,False
basf-wheat-diseases|42|2019,reused_development_2019,32,80.0,2019-04-21,True,6.0,4.0,2.0,0.0,False,False,False,False
basf-wheat-diseases|43|2019,reused_development_2019,32,80.0,2019-04-21,True,6.0,4.0,2.0,0.0,False,False,False,False
basf-wheat-diseases|44|2019,reused_development_2019,32,80.0,2019-04-21,True,6.0,4.0,2.0,0.0,False,False,False,False
basf-wheat-diseases|45|2019,reused_development_2019,32,80.0,2019-04-16,True,6.0,4.0,2.0,0.0,False,False,False,False
basf-wheat-diseases|46|2019,reused_development_2019,32,80.0,2019-04-18,True,6.0,4.0,2.0,0.0,False,False,False,False
basf-wheat-diseases|47|2019,reused_development_2019,32,80.0,2019-04-21,True,6.0,4.0,2.0,0.0,False,False,False,False
basf-wheat-diseases|48|2019,reused_development_2019,32,80.0,2019-04-26,True,6.0,5.0,2.0,1.0,False,False,False,False
basf-wheat-diseases|49|2019,reused_development_2019,32,80.0,2019-04-27,True,6.0,4.0,2.0,0.0,False,False,False,False
basf-wheat-diseases|50|2019,reused_development_2019,32,80.0,2019-04-26,True,6.0,4.0,2.0,0.0,False,False,False,False
basf-wheat-diseases|51|2019,reused_development_2019,32,80.0,2019-04-25,True,6.0,4.0,2.0,0.0,False,False,False,False
basf-wheat-diseases|52|2019,reused_development_2019,32,80.0,2019-04-29,True,6.0,4.0,2.0,0.0,False,False,False,False
basf-wheat-diseases|53|2019,reused_development_2019,32,80.0,2019-05-02,True,6.0,4.0,2.0,0.0,False,False,False,False
basf-wheat-diseases|54|2019,reused_development_2019,32,80.0,2019-04-27,True,6.0,4.0,2.0,0.0,False,False,False,False
basf-wheat-diseases|55|2019,reused_development_2019,32,80.0,2019-04-26,True,6.0,4.0,2.0,0.0,False,False,False,False
basf-wheat-diseases|56|2019,reused_development_2019,32,80.0,2019-04-25,True,6.0,4.0,2.0,0.0,False,False,False,False
basf-wheat-diseases|57|2019,reused_development_2019,32,80.0,2019-05-02,True,6.0,4.0,2.0,0.0,False,False,False,False
basf-wheat-diseases|58|2019,reused_development_2019,32,80.0,2019-04-27,True,6.0,4.0,2.0,0.0,False,False,False,False
basf-wheat-diseases|59|2019,reused_development_2019,32,80.0,2019-04-26,True,6.0,4.0,2.0,0.0,False,False,False,False
basf-wheat-diseases|60|2019,reused_development_2019,32,80.0,2019-04-21,True,6.0,4.0,2.0,0.0,False,False,False,False
basf-wheat-diseases|61|2019,reused_development_2019,32,80.0,2019-04-19,True,6.0,4.0,2.0,0.0,False,False,False,False
basf-wheat-diseases|62|2019,reused_development_2019,32,80.0,2019-05-07,True,6.0,4.0,2.0,0.0,False,False,False,False
basf-wheat-diseases|63|2019,reused_development_2019,32,80.0,2019-05-21,True,6.0,4.0,2.0,0.0,False,False,False,False
basf-wheat-diseases|64|2019,reused_development_2019,32,80.0,2019-04-26,True,6.0,4.0,2.0,0.0,False,False,False,False
basf-wheat-diseases|65|2019,reused_development_2019,32,80.0,2019-04-20,True,6.0,4.0,2.0,0.0,False,False,False,False
basf-wheat-diseases|66|2019,reused_development_2019,32,80.0,2019-04-24,True,6.0,4.0,2.0,0.0,False,False,False,False
basf-wheat-diseases|67|2019,reused_development_2019,32,80.0,2019-04-24,True,6.0,4.0,2.0,0.0,False,False,False,False
basf-wheat-diseases|68|2019,reused_development_2019,32,80.0,2019-04-23,True,6.0,4.0,2.0,0.0,False,False,False,False
basf-wheat-diseases|69|2019,reused_development_2019,32,80.0,2019-04-23,True,6.0,4.0,2.0,0.0,False,False,False,False
basf-wheat-diseases|70|2019,reused_development_2019,32,80.0,2019-04-23,True,6.0,4.0,2.0,0.0,False,False,False,False
basf-wheat-diseases|71|2019,reused_development_2019,32,80.0,2019-04-22,True,6.0,4.0,2.0,0.0,False,False,False,False
basf-wheat-diseases|72|2019,reused_development_2019,32,80.0,2019-04-20,True,6.0,4.0,2.0,0.0,False,False,False,False
basf-wheat-diseases|73|2019,reused_development_2019,32,80.0,2019-04-24,True,6.0,4.0,2.0,0.0,False,False,False,False
basf-wheat-diseases|74|2019,reused_development_2019,32,80.0,2019-04-23,True,6.0,4.0,2.0,0.0,False,False,False,False
basf-wheat-diseases|75|2019,reused_development_2019,32,80.0,2019-04-22,True,6.0,4.0,2.0,0.0,False,False,False,False
basf-wheat-diseases|31|2019,reused_development_2019,33,80.0,2019-04-20,True,6.0,5.0,2.0,1.0,False,False,False,False
basf-wheat-diseases|32|2019,reused_development_2019,33,80.0,2019-04-20,True,6.0,5.0,2.0,1.0,False,False,False,False
basf-wheat-diseases|33|2019,reused_development_2019,33,80.0,2019-04-20,True,6.0,5.0,2.0,1.0,False,False,False,False
basf-wheat-diseases|34|2019,reused_development_2019,33,80.0,2019-04-20,True,6.0,5.0,2.0,1.0,False,False,False,False
basf-wheat-diseases|35|2019,reused_development_2019,33,80.0,2019-05-01,True,6.0,5.0,2.0,1.0,False,False,False,False
basf-wheat-diseases|36|2019,reused_development_2019,33,80.0,2019-04-17,True,6.0,5.0,2.0,1.0,False,False,False,False
basf-wheat-diseases|37|2019,reused_development_2019,33,80.0,2019-04-26,True,6.0,5.0,2.0,1.0,False,False,False,False
basf-wheat-diseases|38|2019,reused_development_2019,33,80.0,2019-04-29,True,6.0,5.0,2.0,1.0,False,False,False,False
basf-wheat-diseases|39|2019,reused_development_2019,33,80.0,2019-04-26,True,6.0,5.0,2.0,1.0,False,False,False,False
basf-wheat-diseases|40|2019,reused_development_2019,33,80.0,2019-05-12,True,6.0,5.0,2.0,1.0,False,False,False,False
basf-wheat-diseases|41|2019,reused_development_2019,33,80.0,2019-05-11,True,6.0,5.0,2.0,1.0,False,False,False,False
basf-wheat-diseases|42|2019,reused_development_2019,33,80.0,2019-04-24,True,6.0,5.0,2.0,1.0,False,False,False,False
basf-wheat-diseases|43|2019,reused_development_2019,33,80.0,2019-04-23,True,6.0,5.0,2.0,1.0,False,False,False,False
basf-wheat-diseases|44|2019,reused_development_2019,33,80.0,2019-04-24,True,6.0,5.0,2.0,1.0,False,False,False,False
basf-wheat-diseases|45|2019,reused_development_2019,33,80.0,2019-04-19,True,6.0,5.0,2.0,1.0,False,False,False,False
basf-wheat-diseases|46|2019,reused_development_2019,33,80.0,2019-04-21,True,6.0,5.0,2.0,1.0,False,False,False,False
basf-wheat-diseases|47|2019,reused_development_2019,33,80.0,2019-04-23,True,6.0,5.0,2.0,1.0,False,False,False,False
basf-wheat-diseases|48|2019,reused_development_2019,33,80.0,2019-04-28,True,6.0,5.0,2.0,1.0,False,False,False,False
basf-wheat-diseases|49|2019,reused_development_2019,33,80.0,2019-04-30,True,6.0,5.0,2.0,1.0,False,False,False,False
basf-wheat-diseases|50|2019,reused_development_2019,33,80.0,2019-04-29,True,6.0,5.0,2.0,1.0,False,False,False,False
basf-wheat-diseases|51|2019,reused_development_2019,33,80.0,2019-04-28,True,6.0,5.0,2.0,1.0,False,False,False,False
basf-wheat-diseases|52|2019,reused_development_2019,33,80.0,2019-05-02,True,6.0,5.0,2.0,1.0,False,False,False,False
basf-wheat-diseases|53|2019,reused_development_2019,33,80.0,2019-05-07,True,6.0,5.0,2.0,1.0,False,False,False,False
basf-wheat-diseases|54|2019,reused_development_2019,33,80.0,2019-04-30,True,6.0,5.0,2.0,1.0,False,False,False,False
basf-wheat-diseases|55|2019,reused_development_2019,33,80.0,2019-04-29,True,6.0,5.0,2.0,1.0,False,False,False,False
basf-wheat-diseases|56|2019,reused_development_2019,33,80.0,2019-04-28,True,6.0,5.0,2.0,1.0,False,False,False,False
basf-wheat-diseases|57|2019,reused_development_2019,33,80.0,2019-05-07,True,6.0,5.0,2.0,1.0,False,False,False,False
basf-wheat-diseases|58|2019,reused_development_2019,33,80.0,2019-04-30,True,6.0,5.0,2.0,1.0,False,False,False,False
basf-wheat-diseases|59|2019,reused_development_2019,33,80.0,2019-04-29,True,6.0,5.0,2.0,1.0,False,False,False,False
basf-wheat-diseases|60|2019,reused_development_2019,33,80.0,2019-04-24,True,6.0,5.0,2.0,1.0,False,False,False,False
basf-wheat-diseases|61|2019,reused_development_2019,33,80.0,2019-04-23,True,6.0,5.0,2.0,1.0,False,False,False,False
basf-wheat-diseases|62|2019,reused_development_2019,33,80.0,2019-05-11,True,6.0,5.0,2.0,1.0,False,False,False,False
basf-wheat-diseases|63|2019,reused_development_2019,33,80.0,2019-05-24,True,6.0,5.0,2.0,1.0,False,False,False,False
basf-wheat-diseases|64|2019,reused_development_2019,33,80.0,2019-04-29,True,6.0,5.0,2.0,1.0,False,False,False,False
basf-wheat-diseases|65|2019,reused_development_2019,33,80.0,2019-04-23,True,6.0,5.0,2.0,1.0,False,False,False,False
basf-wheat-diseases|66|2019,reused_development_2019,33,80.0,2019-04-28,True,6.0,5.0,2.0,1.0,False,False,False,False
basf-wheat-diseases|67|2019,reused_development_2019,33,80.0,2019-04-28,True,6.0,5.0,2.0,1.0,False,False,False,False
basf-wheat-diseases|68|2019,reused_development_2019,33,80.0,2019-04-26,True,6.0,5.0,2.0,1.0,False,False,False,False
basf-wheat-diseases|69|2019,reused_development_2019,33,80.0,2019-04-26,True,6.0,5.0,2.0,1.0,False,False,False,False
basf-wheat-diseases|70|2019,reused_development_2019,33,80.0,2019-04-26,True,6.0,5.0,2.0,1.0,False,False,False,False
basf-wheat-diseases|71|2019,reused_development_2019,33,80.0,2019-04-26,True,6.0,5.0,2.0,1.0,False,False,False,False
basf-wheat-diseases|72|2019,reused_development_2019,33,80.0,2019-04-23,True,6.0,5.0,2.0,1.0,False,False,False,False
basf-wheat-diseases|73|2019,reused_development_2019,33,80.0,2019-04-27,True,6.0,5.0,2.0,1.0,False,False,False,False
basf-wheat-diseases|74|2019,reused_development_2019,33,80.0,2019-04-26,True,6.0,5.0,2.0,1.0,False,False,False,False
basf-wheat-diseases|75|2019,reused_development_2019,33,80.0,2019-04-26,True,6.0,5.0,2.0,1.0,False,False,False,False
basf-wheat-diseases|31|2019,reused_development_2019,37,80.0,2019-04-24,True,7.0,5.0,3.0,1.0,True,False,False,False
basf-wheat-diseases|32|2019,reused_development_2019,37,80.0,2019-04-24,True,7.0,5.0,3.0,1.0,True,False,False,False
basf-wheat-diseases|33|2019,reused_development_2019,37,80.0,2019-04-24,True,7.0,5.0,3.0,1.0,True,False,False,False
basf-wheat-diseases|34|2019,reused_development_2019,37,80.0,2019-04-24,True,7.0,5.0,3.0,1.0,True,False,False,False
basf-wheat-diseases|35|2019,reused_development_2019,37,80.0,2019-05-05,True,7.0,5.0,3.0,1.0,True,False,False,False
basf-wheat-diseases|36|2019,reused_development_2019,37,80.0,2019-04-19,True,7.0,5.0,3.0,1.0,True,False,False,False
basf-wheat-diseases|37|2019,reused_development_2019,37,80.0,2019-05-01,True,7.0,5.0,3.0,1.0,True,False,False,False
basf-wheat-diseases|38|2019,reused_development_2019,37,80.0,2019-05-04,True,7.0,5.0,3.0,1.0,True,False,False,False
basf-wheat-diseases|39|2019,reused_development_2019,37,80.0,2019-05-01,True,7.0,5.0,3.0,1.0,True,False,False,False
basf-wheat-diseases|40|2019,reused_development_2019,37,80.0,2019-05-16,True,7.0,5.0,3.0,1.0,True,False,False,False
basf-wheat-diseases|41|2019,reused_development_2019,37,80.0,2019-05-16,True,7.0,5.0,3.0,1.0,True,False,False,False
basf-wheat-diseases|42|2019,reused_development_2019,37,80.0,2019-04-28,True,7.0,5.0,3.0,1.0,True,False,False,False
basf-wheat-diseases|43|2019,reused_development_2019,37,80.0,2019-04-27,True,7.0,5.0,3.0,1.0,True,False,False,False
basf-wheat-diseases|44|2019,reused_development_2019,37,80.0,2019-04-28,True,7.0,5.0,3.0,1.0,True,False,False,False
basf-wheat-diseases|45|2019,reused_development_2019,37,80.0,2019-04-22,True,7.0,5.0,3.0,1.0,True,False,False,False
basf-wheat-diseases|46|2019,reused_development_2019,37,80.0,2019-04-23,True,7.0,5.0,3.0,1.0,True,False,False,False
basf-wheat-diseases|47|2019,reused_development_2019,37,80.0,2019-04-27,True,7.0,5.0,3.0,1.0,True,False,False,False
basf-wheat-diseases|48|2019,reused_development_2019,37,80.0,2019-05-02,True,7.0,5.0,3.0,1.0,True,False,False,False
basf-wheat-diseases|49|2019,reused_development_2019,37,80.0,2019-05-05,True,7.0,5.0,3.0,1.0,True,False,False,False
basf-wheat-diseases|50|2019,reused_development_2019,37,80.0,2019-05-02,True,7.0,5.0,3.0,1.0,True,False,False,False
basf-wheat-diseases|51|2019,reused_development_2019,37,80.0,2019-05-02,True,7.0,5.0,3.0,1.0,True,False,False,False
basf-wheat-diseases|52|2019,reused_development_2019,37,80.0,2019-05-07,True,7.0,5.0,3.0,1.0,True,False,False,False
basf-wheat-diseases|53|2019,reused_development_2019,37,80.0,2019-05-11,True,7.0,5.0,3.0,1.0,True,False,False,False
basf-wheat-diseases|54|2019,reused_development_2019,37,80.0,2019-05-04,True,7.0,5.0,3.0,1.0,True,False,False,False
basf-wheat-diseases|55|2019,reused_development_2019,37,80.0,2019-05-02,True,7.0,5.0,3.0,1.0,True,False,False,False
basf-wheat-diseases|56|2019,reused_development_2019,37,80.0,2019-05-02,True,7.0,5.0,3.0,1.0,True,False,False,False
basf-wheat-diseases|57|2019,reused_development_2019,37,80.0,2019-05-11,True,7.0,5.0,3.0,1.0,True,False,False,False
basf-wheat-diseases|58|2019,reused_development_2019,37,80.0,2019-05-04,True,7.0,5.0,3.0,1.0,True,False,False,False
basf-wheat-diseases|59|2019,reused_development_2019,37,80.0,2019-05-02,True,7.0,5.0,3.0,1.0,True,False,False,False
basf-wheat-diseases|60|2019,reused_development_2019,37,80.0,2019-04-27,True,7.0,5.0,3.0,1.0,True,False,False,False
basf-wheat-diseases|61|2019,reused_development_2019,37,80.0,2019-04-26,True,7.0,5.0,3.0,1.0,True,False,False,False
basf-wheat-diseases|62|2019,reused_development_2019,37,80.0,2019-05-15,True,7.0,5.0,3.0,1.0,True,False,False,False
basf-wheat-diseases|63|2019,reused_development_2019,37,80.0,2019-05-27,True,7.0,5.0,3.0,1.0,True,False,False,False
basf-wheat-diseases|64|2019,reused_development_2019,37,80.0,2019-05-02,True,7.0,5.0,3.0,1.0,True,False,False,False
basf-wheat-diseases|65|2019,reused_development_2019,37,80.0,2019-04-27,True,7.0,5.0,3.0,1.0,True,False,False,False
basf-wheat-diseases|66|2019,reused_development_2019,37,80.0,2019-05-02,True,7.0,5.0,3.0,1.0,True,False,False,False
basf-wheat-diseases|67|2019,reused_development_2019,37,80.0,2019-05-02,True,7.0,5.0,3.0,1.0,True,False,False,False
basf-wheat-diseases|68|2019,reused_development_2019,37,80.0,2019-04-30,True,7.0,5.0,3.0,1.0,True,False,False,False
basf-wheat-diseases|69|2019,reused_development_2019,37,80.0,2019-05-01,True,7.0,5.0,3.0,1.0,True,False,False,False
basf-wheat-diseases|70|2019,reused_development_2019,37,80.0,2019-05-01,True,7.0,5.0,3.0,1.0,True,False,False,False
basf-wheat-diseases|71|2019,reused_development_2019,37,80.0,2019-04-30,True,7.0,5.0,3.0,1.0,True,False,False,False
basf-wheat-diseases|72|2019,reused_development_2019,37,80.0,2019-04-27,True,7.0,5.0,3.0,1.0,True,False,False,False
basf-wheat-diseases|73|2019,reused_development_2019,37,80.0,2019-05-02,True,7.0,5.0,3.0,1.0,True,False,False,False
basf-wheat-diseases|74|2019,reused_development_2019,37,80.0,2019-05-01,True,7.0,5.0,3.0,1.0,True,False,False,False
basf-wheat-diseases|75|2019,reused_development_2019,37,80.0,2019-04-30,True,7.0,5.0,3.0,1.0,True,False,False,False
basf-wheat-diseases|31|2019,reused_development_2019,39,80.0,2019-05-02,True,7.0,7.0,3.0,3.0,True,True,False,False
basf-wheat-diseases|32|2019,reused_development_2019,39,80.0,2019-05-02,True,7.0,7.0,3.0,3.0,True,True,False,False
basf-wheat-diseases|33|2019,reused_development_2019,39,80.0,2019-05-02,True,7.0,7.0,3.0,3.0,True,True,False,False
basf-wheat-diseases|34|2019,reused_development_2019,39,80.0,2019-05-02,True,7.0,7.0,3.0,3.0,True,True,False,False
basf-wheat-diseases|35|2019,reused_development_2019,39,80.0,2019-05-18,True,7.0,7.0,3.0,3.0,True,True,False,False
basf-wheat-diseases|36|2019,reused_development_2019,39,80.0,2019-04-26,True,7.0,7.0,3.0,3.0,True,True,False,False
basf-wheat-diseases|37|2019,reused_development_2019,39,80.0,2019-05-16,True,7.0,7.0,3.0,3.0,True,True,False,False
basf-wheat-diseases|38|2019,reused_development_2019,39,80.0,2019-05-18,True,7.0,7.0,3.0,3.0,True,True,False,False
basf-wheat-diseases|39|2019,reused_development_2019,39,80.0,2019-05-14,True,7.0,7.0,3.0,3.0,True,True,False,False
basf-wheat-diseases|40|2019,reused_development_2019,39,80.0,2019-05-24,True,7.0,7.0,3.0,3.0,True,True,False,False
basf-wheat-diseases|41|2019,reused_development_2019,39,80.0,2019-05-23,True,7.0,7.0,3.0,3.0,True,True,False,False
basf-wheat-diseases|42|2019,reused_development_2019,39,80.0,2019-05-11,True,7.0,7.0,3.0,3.0,True,True,False,False
basf-wheat-diseases|43|2019,reused_development_2019,39,80.0,2019-05-10,True,7.0,7.0,3.0,3.0,True,True,False,False
basf-wheat-diseases|44|2019,reused_development_2019,39,80.0,2019-05-11,True,7.0,7.0,3.0,3.0,True,True,False,False
basf-wheat-diseases|45|2019,reused_development_2019,39,80.0,2019-05-02,True,7.0,7.0,3.0,3.0,True,True,False,False
basf-wheat-diseases|46|2019,reused_development_2019,39,80.0,2019-05-06,True,7.0,7.0,3.0,3.0,True,True,False,False
basf-wheat-diseases|47|2019,reused_development_2019,39,80.0,2019-05-10,True,7.0,7.0,3.0,3.0,True,True,False,False
basf-wheat-diseases|48|2019,reused_development_2019,39,80.0,2019-05-14,True,7.0,7.0,3.0,3.0,True,True,False,False
basf-wheat-diseases|49|2019,reused_development_2019,39,80.0,2019-05-17,True,7.0,7.0,3.0,3.0,True,True,False,False
basf-wheat-diseases|50|2019,reused_development_2019,39,80.0,2019-05-15,True,7.0,7.0,3.0,3.0,True,True,False,False
basf-wheat-diseases|51|2019,reused_development_2019,39,80.0,2019-05-13,True,7.0,7.0,3.0,3.0,True,True,False,False
basf-wheat-diseases|52|2019,reused_development_2019,39,80.0,2019-05-18,True,7.0,7.0,3.0,3.0,True,True,False,False
basf-wheat-diseases|53|2019,reused_development_2019,39,80.0,2019-05-20,True,7.0,7.0,3.0,3.0,True,True,False,False
basf-wheat-diseases|54|2019,reused_development_2019,39,80.0,2019-05-16,True,7.0,7.0,3.0,3.0,True,True,False,False
basf-wheat-diseases|55|2019,reused_development_2019,39,80.0,2019-05-15,True,7.0,7.0,3.0,3.0,True,True,False,False
basf-wheat-diseases|56|2019,reused_development_2019,39,80.0,2019-05-13,True,7.0,7.0,3.0,3.0,True,True,False,False
basf-wheat-diseases|57|2019,reused_development_2019,39,80.0,2019-05-20,True,7.0,7.0,3.0,3.0,True,True,False,False
basf-wheat-diseases|58|2019,reused_development_2019,39,80.0,2019-05-16,True,7.0,7.0,3.0,3.0,True,True,False,False
basf-wheat-diseases|59|2019,reused_development_2019,39,80.0,2019-05-15,True,7.0,7.0,3.0,3.0,True,True,False,False
basf-wheat-diseases|60|2019,reused_development_2019,39,80.0,2019-05-04,True,7.0,7.0,3.0,3.0,True,True,False,False
basf-wheat-diseases|61|2019,reused_development_2019,39,80.0,2019-05-03,True,7.0,7.0,3.0,3.0,True,True,False,False
basf-wheat-diseases|62|2019,reused_development_2019,39,80.0,2019-05-24,True,7.0,7.0,3.0,3.0,True,True,False,False
basf-wheat-diseases|63|2019,reused_development_2019,39,80.0,2019-06-04,True,7.0,7.0,3.0,3.0,True,True,False,False
basf-wheat-diseases|64|2019,reused_development_2019,39,80.0,2019-05-13,True,7.0,7.0,3.0,3.0,True,True,False,False
basf-wheat-diseases|65|2019,reused_development_2019,39,80.0,2019-05-09,True,7.0,7.0,3.0,3.0,True,True,False,False
basf-wheat-diseases|66|2019,reused_development_2019,39,80.0,2019-05-15,True,7.0,7.0,3.0,3.0,True,True,False,False
basf-wheat-diseases|67|2019,reused_development_2019,39,80.0,2019-05-15,True,7.0,7.0,3.0,3.0,True,True,False,False
basf-wheat-diseases|68|2019,reused_development_2019,39,80.0,2019-05-13,True,7.0,7.0,3.0,3.0,True,True,False,False
basf-wheat-diseases|69|2019,reused_development_2019,39,80.0,2019-05-13,True,7.0,7.0,3.0,3.0,True,True,False,False
basf-wheat-diseases|70|2019,reused_development_2019,39,80.0,2019-05-13,True,7.0,7.0,3.0,3.0,True,True,False,False
basf-wheat-diseases|71|2019,reused_development_2019,39,80.0,2019-05-12,True,7.0,7.0,3.0,3.0,True,True,False,False
basf-wheat-diseases|72|2019,reused_development_2019,39,80.0,2019-05-09,True,7.0,7.0,3.0,3.0,True,True,False,False
basf-wheat-diseases|73|2019,reused_development_2019,39,80.0,2019-05-14,True,7.0,7.0,3.0,3.0,True,True,False,False
basf-wheat-diseases|74|2019,reused_development_2019,39,80.0,2019-05-13,True,7.0,7.0,3.0,3.0,True,True,False,False
basf-wheat-diseases|75|2019,reused_development_2019,39,80.0,2019-05-12,True,7.0,7.0,3.0,3.0,True,True,False,False
basf-wheat-diseases|31|2019,reused_development_2019,51,80.0,2019-05-14,True,7.0,7.0,3.0,3.0,True,True,False,False
basf-wheat-diseases|32|2019,reused_development_2019,51,80.0,2019-05-14,True,7.0,7.0,3.0,3.0,True,True,False,False
basf-wheat-diseases|33|2019,reused_development_2019,51,80.0,2019-05-14,True,7.0,7.0,3.0,3.0,True,True,False,False
basf-wheat-diseases|34|2019,reused_development_2019,51,80.0,2019-05-14,True,7.0,7.0,3.0,3.0,True,True,False,False
basf-wheat-diseases|35|2019,reused_development_2019,51,80.0,2019-05-30,True,7.0,7.0,3.0,3.0,True,True,False,False
basf-wheat-diseases|36|2019,reused_development_2019,51,80.0,2019-05-15,True,7.0,7.0,3.0,3.0,True,True,False,False
basf-wheat-diseases|37|2019,reused_development_2019,51,80.0,2019-05-30,True,7.0,7.0,3.0,3.0,True,True,False,False
basf-wheat-diseases|38|2019,reused_development_2019,51,80.0,2019-05-31,True,7.0,7.0,3.0,3.0,True,True,False,False
basf-wheat-diseases|39|2019,reused_development_2019,51,80.0,2019-05-27,True,7.0,7.0,3.0,3.0,True,True,False,False
basf-wheat-diseases|40|2019,reused_development_2019,51,80.0,2019-06-05,True,7.0,7.0,3.0,3.0,True,True,False,False
basf-wheat-diseases|41|2019,reused_development_2019,51,80.0,2019-06-05,True,7.0,7.0,3.0,3.0,True,True,False,False
basf-wheat-diseases|42|2019,reused_development_2019,51,80.0,2019-05-25,True,7.0,7.0,3.0,3.0,True,True,False,False
basf-wheat-diseases|43|2019,reused_development_2019,51,80.0,2019-05-24,True,7.0,7.0,3.0,3.0,True,True,False,False
basf-wheat-diseases|44|2019,reused_development_2019,51,80.0,2019-05-25,True,7.0,7.0,3.0,3.0,True,True,False,False
basf-wheat-diseases|45|2019,reused_development_2019,51,80.0,2019-05-18,True,7.0,7.0,3.0,3.0,True,True,False,False
basf-wheat-diseases|46|2019,reused_development_2019,51,80.0,2019-05-20,True,7.0,7.0,3.0,3.0,True,True,False,False
basf-wheat-diseases|47|2019,reused_development_2019,51,80.0,2019-05-24,True,7.0,7.0,3.0,3.0,True,True,False,False
basf-wheat-diseases|48|2019,reused_development_2019,51,80.0,2019-05-27,True,7.0,7.0,3.0,3.0,True,True,False,False
basf-wheat-diseases|49|2019,reused_development_2019,51,80.0,2019-05-28,True,7.0,7.0,3.0,3.0,True,True,False,False
basf-wheat-diseases|50|2019,reused_development_2019,51,80.0,2019-05-27,True,7.0,7.0,3.0,3.0,True,True,False,False
basf-wheat-diseases|51|2019,reused_development_2019,51,80.0,2019-05-27,True,7.0,7.0,3.0,3.0,True,True,False,False
basf-wheat-diseases|52|2019,reused_development_2019,51,80.0,2019-05-29,True,7.0,7.0,3.0,3.0,True,True,False,False
basf-wheat-diseases|53|2019,reused_development_2019,51,80.0,2019-06-01,True,7.0,7.0,3.0,3.0,True,True,False,False
basf-wheat-diseases|54|2019,reused_development_2019,51,80.0,2019-05-28,True,7.0,7.0,3.0,3.0,True,True,False,False
basf-wheat-diseases|55|2019,reused_development_2019,51,80.0,2019-05-27,True,7.0,7.0,3.0,3.0,True,True,False,False
basf-wheat-diseases|56|2019,reused_development_2019,51,80.0,2019-05-27,True,7.0,7.0,3.0,3.0,True,True,False,False
basf-wheat-diseases|57|2019,reused_development_2019,51,80.0,2019-06-01,True,7.0,7.0,3.0,3.0,True,True,False,False
basf-wheat-diseases|58|2019,reused_development_2019,51,80.0,2019-05-28,True,7.0,7.0,3.0,3.0,True,True,False,False
basf-wheat-diseases|59|2019,reused_development_2019,51,80.0,2019-05-27,True,7.0,7.0,3.0,3.0,True,True,False,False
basf-wheat-diseases|60|2019,reused_development_2019,51,80.0,2019-05-16,True,7.0,7.0,3.0,3.0,True,True,False,False
basf-wheat-diseases|61|2019,reused_development_2019,51,80.0,2019-05-15,True,7.0,7.0,3.0,3.0,True,True,False,False
basf-wheat-diseases|62|2019,reused_development_2019,51,80.0,2019-06-05,True,7.0,7.0,3.0,3.0,True,True,False,False
basf-wheat-diseases|63|2019,reused_development_2019,51,80.0,2019-06-13,True,7.0,7.0,3.0,3.0,True,True,False,False
basf-wheat-diseases|64|2019,reused_development_2019,51,80.0,2019-05-26,True,7.0,7.0,3.0,3.0,True,True,False,False
basf-wheat-diseases|65|2019,reused_development_2019,51,80.0,2019-05-25,True,7.0,7.0,3.0,3.0,True,True,False,False
basf-wheat-diseases|66|2019,reused_development_2019,51,80.0,2019-05-28,True,7.0,7.0,3.0,3.0,True,True,False,False
basf-wheat-diseases|67|2019,reused_development_2019,51,80.0,2019-05-28,True,7.0,7.0,3.0,3.0,True,True,False,False
basf-wheat-diseases|68|2019,reused_development_2019,51,80.0,2019-05-26,True,7.0,7.0,3.0,3.0,True,True,False,False
basf-wheat-diseases|69|2019,reused_development_2019,51,80.0,2019-05-27,True,7.0,7.0,3.0,3.0,True,True,False,False
basf-wheat-diseases|70|2019,reused_development_2019,51,80.0,,False,,,,,,,False,False
basf-wheat-diseases|71|2019,reused_development_2019,51,80.0,2019-05-26,True,7.0,7.0,3.0,3.0,True,True,False,False
basf-wheat-diseases|72|2019,reused_development_2019,51,80.0,2019-05-25,True,7.0,7.0,3.0,3.0,True,True,False,False
basf-wheat-diseases|73|2019,reused_development_2019,51,80.0,2019-05-28,True,7.0,7.0,3.0,3.0,True,True,False,False
basf-wheat-diseases|74|2019,reused_development_2019,51,80.0,2019-05-27,True,7.0,7.0,3.0,3.0,True,True,False,False
basf-wheat-diseases|75|2019,reused_development_2019,51,80.0,2019-05-26,True,7.0,7.0,3.0,3.0,True,True,False,False
basf-wheat-diseases|31|2019,reused_development_2019,65,80.0,2019-05-25,True,7.0,7.0,3.0,3.0,True,True,False,False
basf-wheat-diseases|32|2019,reused_development_2019,65,80.0,2019-05-25,True,7.0,7.0,3.0,3.0,True,True,False,False
basf-wheat-diseases|33|2019,reused_development_2019,65,80.0,2019-05-25,True,7.0,7.0,3.0,3.0,True,True,False,False
basf-wheat-diseases|34|2019,reused_development_2019,65,80.0,2019-05-25,True,7.0,7.0,3.0,3.0,True,True,False,False
basf-wheat-diseases|35|2019,reused_development_2019,65,80.0,2019-06-09,True,7.0,7.0,3.0,3.0,True,True,False,False
basf-wheat-diseases|36|2019,reused_development_2019,65,80.0,2019-05-28,True,7.0,7.0,3.0,3.0,True,True,False,False
basf-wheat-diseases|37|2019,reused_development_2019,65,80.0,2019-06-09,True,7.0,7.0,3.0,3.0,True,True,False,False
basf-wheat-diseases|38|2019,reused_development_2019,65,80.0,2019-06-09,True,7.0,7.0,3.0,3.0,True,True,False,False
basf-wheat-diseases|39|2019,reused_development_2019,65,80.0,2019-06-07,True,7.0,7.0,3.0,3.0,True,True,False,False
basf-wheat-diseases|40|2019,reused_development_2019,65,80.0,2019-06-16,True,7.0,7.0,3.0,3.0,True,True,False,False
basf-wheat-diseases|41|2019,reused_development_2019,65,80.0,2019-06-16,True,7.0,7.0,3.0,3.0,True,True,False,False
basf-wheat-diseases|42|2019,reused_development_2019,65,80.0,2019-06-06,True,7.0,7.0,3.0,3.0,True,True,False,False
basf-wheat-diseases|43|2019,reused_development_2019,65,80.0,2019-06-04,True,7.0,7.0,3.0,3.0,True,True,False,False
basf-wheat-diseases|44|2019,reused_development_2019,65,80.0,2019-06-06,True,7.0,7.0,3.0,3.0,True,True,False,False
basf-wheat-diseases|45|2019,reused_development_2019,65,80.0,2019-05-31,True,7.0,7.0,3.0,3.0,True,True,False,False
basf-wheat-diseases|46|2019,reused_development_2019,65,80.0,2019-06-01,True,7.0,7.0,3.0,3.0,True,True,False,False
basf-wheat-diseases|47|2019,reused_development_2019,65,80.0,2019-06-04,True,7.0,7.0,3.0,3.0,True,True,False,False
basf-wheat-diseases|48|2019,reused_development_2019,65,80.0,2019-06-06,True,7.0,7.0,3.0,3.0,True,True,False,False
basf-wheat-diseases|49|2019,reused_development_2019,65,80.0,2019-06-07,True,7.0,7.0,3.0,3.0,True,True,False,False
basf-wheat-diseases|50|2019,reused_development_2019,65,80.0,2019-06-06,True,7.0,7.0,3.0,3.0,True,True,False,False
basf-wheat-diseases|51|2019,reused_development_2019,65,80.0,2019-06-06,True,7.0,7.0,3.0,3.0,True,True,False,False
basf-wheat-diseases|52|2019,reused_development_2019,65,80.0,2019-06-08,True,7.0,7.0,3.0,3.0,True,True,False,False
basf-wheat-diseases|53|2019,reused_development_2019,65,80.0,2019-06-10,True,7.0,7.0,3.0,3.0,True,True,False,False
basf-wheat-diseases|54|2019,reused_development_2019,65,80.0,2019-06-07,True,7.0,7.0,3.0,3.0,True,True,False,False
basf-wheat-diseases|55|2019,reused_development_2019,65,80.0,2019-06-06,True,7.0,7.0,3.0,3.0,True,True,False,False
basf-wheat-diseases|56|2019,reused_development_2019,65,80.0,2019-06-06,True,7.0,7.0,3.0,3.0,True,True,False,False
basf-wheat-diseases|57|2019,reused_development_2019,65,80.0,2019-06-10,True,7.0,7.0,3.0,3.0,True,True,False,False
basf-wheat-diseases|58|2019,reused_development_2019,65,80.0,2019-06-07,True,7.0,7.0,3.0,3.0,True,True,False,False
basf-wheat-diseases|59|2019,reused_development_2019,65,80.0,2019-06-06,True,7.0,7.0,3.0,3.0,True,True,False,False
basf-wheat-diseases|60|2019,reused_development_2019,65,80.0,2019-05-26,True,7.0,7.0,3.0,3.0,True,True,False,False
basf-wheat-diseases|61|2019,reused_development_2019,65,80.0,2019-05-25,True,7.0,7.0,3.0,3.0,True,True,False,False
basf-wheat-diseases|62|2019,reused_development_2019,65,80.0,2019-06-14,True,7.0,7.0,3.0,3.0,True,True,False,False
basf-wheat-diseases|63|2019,reused_development_2019,65,80.0,2019-06-23,True,7.0,7.0,3.0,3.0,True,True,False,False
basf-wheat-diseases|64|2019,reused_development_2019,65,80.0,2019-06-05,True,7.0,7.0,3.0,3.0,True,True,False,False
basf-wheat-diseases|65|2019,reused_development_2019,65,80.0,2019-06-08,True,7.0,7.0,3.0,3.0,True,True,False,False
basf-wheat-diseases|66|2019,reused_development_2019,65,80.0,2019-06-09,True,7.0,7.0,3.0,3.0,True,True,False,False
basf-wheat-diseases|67|2019,reused_development_2019,65,80.0,2019-06-09,True,7.0,7.0,3.0,3.0,True,True,False,False
basf-wheat-diseases|68|2019,reused_development_2019,65,80.0,2019-06-07,True,7.0,7.0,3.0,3.0,True,True,False,False
basf-wheat-diseases|69|2019,reused_development_2019,65,80.0,,False,,,,,,,False,False
basf-wheat-diseases|70|2019,reused_development_2019,65,80.0,,False,,,,,,,False,False
basf-wheat-diseases|71|2019,reused_development_2019,65,80.0,,False,,,,,,,False,False
basf-wheat-diseases|72|2019,reused_development_2019,65,80.0,2019-06-08,True,7.0,7.0,3.0,3.0,True,True,False,False
basf-wheat-diseases|73|2019,reused_development_2019,65,80.0,2019-06-09,True,7.0,7.0,3.0,3.0,True,True,False,False
basf-wheat-diseases|74|2019,reused_development_2019,65,80.0,2019-06-09,True,7.0,7.0,3.0,3.0,True,True,False,False
basf-wheat-diseases|75|2019,reused_development_2019,65,80.0,2019-06-08,True,7.0,7.0,3.0,3.0,True,True,False,False
basf-wheat-diseases|31|2019,reused_development_2019,85,80.0,,False,,,,,,,False,False
basf-wheat-diseases|32|2019,reused_development_2019,85,80.0,,False,,,,,,,False,False
basf-wheat-diseases|33|2019,reused_development_2019,85,80.0,,False,,,,,,,False,False
basf-wheat-diseases|34|2019,reused_development_2019,85,80.0,,False,,,,,,,False,False
basf-wheat-diseases|35|2019,reused_development_2019,85,80.0,,False,,,,,,,False,False
basf-wheat-diseases|36|2019,reused_development_2019,85,80.0,,False,,,,,,,False,False
basf-wheat-diseases|37|2019,reused_development_2019,85,80.0,,False,,,,,,,False,False
basf-wheat-diseases|38|2019,reused_development_2019,85,80.0,,False,,,,,,,False,False
basf-wheat-diseases|39|2019,reused_development_2019,85,80.0,,False,,,,,,,False,False
basf-wheat-diseases|40|2019,reused_development_2019,85,80.0,,False,,,,,,,False,False
basf-wheat-diseases|41|2019,reused_development_2019,85,80.0,,False,,,,,,,False,False
basf-wheat-diseases|42|2019,reused_development_2019,85,80.0,,False,,,,,,,False,False
basf-wheat-diseases|43|2019,reused_development_2019,85,80.0,,False,,,,,,,False,False
basf-wheat-diseases|44|2019,reused_development_2019,85,80.0,,False,,,,,,,False,False
basf-wheat-diseases|45|2019,reused_development_2019,85,80.0,,False,,,,,,,False,False
basf-wheat-diseases|46|2019,reused_development_2019,85,80.0,,False,,,,,,,False,False
basf-wheat-diseases|47|2019,reused_development_2019,85,80.0,,False,,,,,,,False,False
basf-wheat-diseases|48|2019,reused_development_2019,85,80.0,,False,,,,,,,False,False
basf-wheat-diseases|49|2019,reused_development_2019,85,80.0,,False,,,,,,,False,False
basf-wheat-diseases|50|2019,reused_development_2019,85,80.0,,False,,,,,,,False,False
basf-wheat-diseases|51|2019,reused_development_2019,85,80.0,,False,,,,,,,False,False
basf-wheat-diseases|52|2019,reused_development_2019,85,80.0,,False,,,,,,,False,False
basf-wheat-diseases|53|2019,reused_development_2019,85,80.0,,False,,,,,,,False,False
basf-wheat-diseases|54|2019,reused_development_2019,85,80.0,,False,,,,,,,False,False
basf-wheat-diseases|55|2019,reused_development_2019,85,80.0,,False,,,,,,,False,False
basf-wheat-diseases|56|2019,reused_development_2019,85,80.0,,False,,,,,,,False,False
basf-wheat-diseases|57|2019,reused_development_2019,85,80.0,,False,,,,,,,False,False
basf-wheat-diseases|58|2019,reused_development_2019,85,80.0,,False,,,,,,,False,False
basf-wheat-diseases|59|2019,reused_development_2019,85,80.0,,False,,,,,,,False,False
basf-wheat-diseases|60|2019,reused_development_2019,85,80.0,,False,,,,,,,False,False
basf-wheat-diseases|61|2019,reused_development_2019,85,80.0,,False,,,,,,,False,False
basf-wheat-diseases|62|2019,reused_development_2019,85,80.0,,False,,,,,,,False,False
basf-wheat-diseases|63|2019,reused_development_2019,85,80.0,,False,,,,,,,False,False
basf-wheat-diseases|64|2019,reused_development_2019,85,80.0,,False,,,,,,,False,False
basf-wheat-diseases|65|2019,reused_development_2019,85,80.0,,False,,,,,,,False,False
basf-wheat-diseases|66|2019,reused_development_2019,85,80.0,,False,,,,,,,False,False
basf-wheat-diseases|67|2019,reused_development_2019,85,80.0,,False,,,,,,,False,False
basf-wheat-diseases|68|2019,reused_development_2019,85,80.0,,False,,,,,,,False,False
basf-wheat-diseases|69|2019,reused_development_2019,85,80.0,,False,,,,,,,False,False
basf-wheat-diseases|70|2019,reused_development_2019,85,80.0,,False,,,,,,,False,False
basf-wheat-diseases|71|2019,reused_development_2019,85,80.0,,False,,,,,,,False,False
basf-wheat-diseases|72|2019,reused_development_2019,85,80.0,,False,,,,,,,False,False
basf-wheat-diseases|73|2019,reused_development_2019,85,80.0,,False,,,,,,,False,False
basf-wheat-diseases|74|2019,reused_development_2019,85,80.0,,False,,,,,,,False,False
basf-wheat-diseases|75|2019,reused_development_2019,85,80.0,,False,,,,,,,False,False
basf-wheat-diseases|31|2019,reused_development_2019,10,120.0,2018-10-11,True,2.0,0.0,0.0,0.0,False,False,False,False
basf-wheat-diseases|32|2019,reused_development_2019,10,120.0,2018-10-11,True,2.0,0.0,0.0,0.0,False,False,False,False
basf-wheat-diseases|33|2019,reused_development_2019,10,120.0,2018-10-11,True,2.0,0.0,0.0,0.0,False,False,False,False
basf-wheat-diseases|34|2019,reused_development_2019,10,120.0,2018-10-11,True,2.0,0.0,0.0,0.0,False,False,False,False
basf-wheat-diseases|35|2019,reused_development_2019,10,120.0,2018-10-14,True,2.0,0.0,0.0,0.0,False,False,False,False
basf-wheat-diseases|36|2019,reused_development_2019,10,120.0,2018-10-11,True,2.0,0.0,0.0,0.0,False,False,False,False
basf-wheat-diseases|37|2019,reused_development_2019,10,120.0,2018-10-12,True,2.0,0.0,0.0,0.0,False,False,False,False
basf-wheat-diseases|38|2019,reused_development_2019,10,120.0,2018-10-12,True,2.0,0.0,0.0,0.0,False,False,False,False
basf-wheat-diseases|39|2019,reused_development_2019,10,120.0,2018-11-01,True,2.0,0.0,0.0,0.0,False,False,False,False
basf-wheat-diseases|40|2019,reused_development_2019,10,120.0,2018-10-25,True,2.0,0.0,0.0,0.0,False,False,False,False
basf-wheat-diseases|41|2019,reused_development_2019,10,120.0,2018-10-25,True,2.0,0.0,0.0,0.0,False,False,False,False
basf-wheat-diseases|42|2019,reused_development_2019,10,120.0,2018-11-15,True,2.0,0.0,0.0,0.0,False,False,False,False
basf-wheat-diseases|43|2019,reused_development_2019,10,120.0,2018-11-15,True,2.0,0.0,0.0,0.0,False,False,False,False
basf-wheat-diseases|44|2019,reused_development_2019,10,120.0,2018-11-15,True,2.0,0.0,0.0,0.0,False,False,False,False
basf-wheat-diseases|45|2019,reused_development_2019,10,120.0,2018-11-14,True,2.0,0.0,0.0,0.0,False,False,False,False
basf-wheat-diseases|46|2019,reused_development_2019,10,120.0,2018-11-14,True,2.0,0.0,0.0,0.0,False,False,False,False
basf-wheat-diseases|47|2019,reused_development_2019,10,120.0,2018-11-15,True,2.0,0.0,0.0,0.0,False,False,False,False
basf-wheat-diseases|48|2019,reused_development_2019,10,120.0,2018-10-13,True,2.0,0.0,0.0,0.0,False,False,False,False
basf-wheat-diseases|49|2019,reused_development_2019,10,120.0,2018-10-14,True,2.0,0.0,0.0,0.0,False,False,False,False
basf-wheat-diseases|50|2019,reused_development_2019,10,120.0,2018-10-14,True,2.0,0.0,0.0,0.0,False,False,False,False
basf-wheat-diseases|51|2019,reused_development_2019,10,120.0,2018-10-14,True,2.0,0.0,0.0,0.0,False,False,False,False
basf-wheat-diseases|52|2019,reused_development_2019,10,120.0,2018-10-14,True,2.0,0.0,0.0,0.0,False,False,False,False
basf-wheat-diseases|53|2019,reused_development_2019,10,120.0,2018-10-15,True,2.0,0.0,0.0,0.0,False,False,False,False
basf-wheat-diseases|54|2019,reused_development_2019,10,120.0,2018-10-14,True,2.0,0.0,0.0,0.0,False,False,False,False
basf-wheat-diseases|55|2019,reused_development_2019,10,120.0,2018-10-14,True,2.0,0.0,0.0,0.0,False,False,False,False
basf-wheat-diseases|56|2019,reused_development_2019,10,120.0,2018-10-14,True,2.0,0.0,0.0,0.0,False,False,False,False
basf-wheat-diseases|57|2019,reused_development_2019,10,120.0,2018-10-15,True,2.0,0.0,0.0,0.0,False,False,False,False
basf-wheat-diseases|58|2019,reused_development_2019,10,120.0,2018-10-14,True,2.0,0.0,0.0,0.0,False,False,False,False
basf-wheat-diseases|59|2019,reused_development_2019,10,120.0,2018-10-14,True,2.0,0.0,0.0,0.0,False,False,False,False
basf-wheat-diseases|60|2019,reused_development_2019,10,120.0,2018-10-11,True,2.0,0.0,0.0,0.0,False,False,False,False
basf-wheat-diseases|61|2019,reused_development_2019,10,120.0,2018-10-11,True,2.0,0.0,0.0,0.0,False,False,False,False
basf-wheat-diseases|62|2019,reused_development_2019,10,120.0,2018-10-14,True,2.0,0.0,0.0,0.0,False,False,False,False
basf-wheat-diseases|63|2019,reused_development_2019,10,120.0,2018-10-17,True,2.0,0.0,0.0,0.0,False,False,False,False
basf-wheat-diseases|64|2019,reused_development_2019,10,120.0,2018-10-12,True,2.0,0.0,0.0,0.0,False,False,False,False
basf-wheat-diseases|65|2019,reused_development_2019,10,120.0,2018-11-16,True,2.0,0.0,0.0,0.0,False,False,False,False
basf-wheat-diseases|66|2019,reused_development_2019,10,120.0,2018-11-14,True,2.0,0.0,0.0,0.0,False,False,False,False
basf-wheat-diseases|67|2019,reused_development_2019,10,120.0,2018-11-14,True,2.0,0.0,0.0,0.0,False,False,False,False
basf-wheat-diseases|68|2019,reused_development_2019,10,120.0,2018-11-15,True,2.0,0.0,0.0,0.0,False,False,False,False
basf-wheat-diseases|69|2019,reused_development_2019,10,120.0,2018-11-15,True,2.0,0.0,0.0,0.0,False,False,False,False
basf-wheat-diseases|70|2019,reused_development_2019,10,120.0,2018-11-15,True,2.0,0.0,0.0,0.0,False,False,False,False
basf-wheat-diseases|71|2019,reused_development_2019,10,120.0,2018-11-14,True,2.0,0.0,0.0,0.0,False,False,False,False
basf-wheat-diseases|72|2019,reused_development_2019,10,120.0,2018-11-16,True,2.0,0.0,0.0,0.0,False,False,False,False
basf-wheat-diseases|73|2019,reused_development_2019,10,120.0,2018-11-15,True,2.0,0.0,0.0,0.0,False,False,False,False
basf-wheat-diseases|74|2019,reused_development_2019,10,120.0,2018-11-14,True,2.0,0.0,0.0,0.0,False,False,False,False
basf-wheat-diseases|75|2019,reused_development_2019,10,120.0,2018-11-14,True,2.0,0.0,0.0,0.0,False,False,False,False
basf-wheat-diseases|31|2019,reused_development_2019,31,120.0,2019-04-03,True,5.0,4.0,1.0,0.0,False,False,False,False
basf-wheat-diseases|32|2019,reused_development_2019,31,120.0,2019-04-03,True,5.0,4.0,1.0,0.0,False,False,False,False
basf-wheat-diseases|33|2019,reused_development_2019,31,120.0,2019-04-03,True,5.0,4.0,1.0,0.0,False,False,False,False
basf-wheat-diseases|34|2019,reused_development_2019,31,120.0,2019-04-03,True,5.0,4.0,1.0,0.0,False,False,False,False
basf-wheat-diseases|35|2019,reused_development_2019,31,120.0,2019-04-19,True,5.0,4.0,1.0,0.0,False,False,False,False
basf-wheat-diseases|36|2019,reused_development_2019,31,120.0,2019-03-30,True,5.0,4.0,1.0,0.0,False,False,False,False
basf-wheat-diseases|37|2019,reused_development_2019,31,120.0,2019-04-15,True,5.0,4.0,1.0,0.0,False,False,False,False
basf-wheat-diseases|38|2019,reused_development_2019,31,120.0,2019-04-18,True,5.0,4.0,1.0,0.0,False,False,False,False
basf-wheat-diseases|39|2019,reused_development_2019,31,120.0,2019-04-16,True,5.0,4.0,1.0,0.0,False,False,False,False
basf-wheat-diseases|40|2019,reused_development_2019,31,120.0,2019-04-27,True,5.0,4.0,1.0,0.0,False,False,False,False
basf-wheat-diseases|41|2019,reused_development_2019,31,120.0,2019-04-26,True,5.0,4.0,1.0,0.0,False,False,False,False
basf-wheat-diseases|42|2019,reused_development_2019,31,120.0,2019-04-10,True,5.0,4.0,1.0,0.0,False,False,False,False
basf-wheat-diseases|43|2019,reused_development_2019,31,120.0,2019-04-10,True,5.0,4.0,1.0,0.0,False,False,False,False
basf-wheat-diseases|44|2019,reused_development_2019,31,120.0,2019-04-10,True,5.0,4.0,1.0,0.0,False,False,False,False
basf-wheat-diseases|45|2019,reused_development_2019,31,120.0,2019-03-31,True,5.0,4.0,1.0,0.0,False,False,False,False
basf-wheat-diseases|46|2019,reused_development_2019,31,120.0,2019-04-06,True,5.0,4.0,1.0,0.0,False,False,False,False
basf-wheat-diseases|47|2019,reused_development_2019,31,120.0,2019-04-10,True,5.0,4.0,1.0,0.0,False,False,False,False
basf-wheat-diseases|48|2019,reused_development_2019,31,120.0,2019-04-18,True,5.0,4.0,1.0,0.0,False,False,False,False
basf-wheat-diseases|49|2019,reused_development_2019,31,120.0,2019-04-20,True,5.0,4.0,1.0,0.0,False,False,False,False
basf-wheat-diseases|50|2019,reused_development_2019,31,120.0,2019-04-19,True,5.0,4.0,1.0,0.0,False,False,False,False
basf-wheat-diseases|51|2019,reused_development_2019,31,120.0,2019-04-17,True,5.0,4.0,1.0,0.0,False,False,False,False
basf-wheat-diseases|52|2019,reused_development_2019,31,120.0,2019-04-21,True,5.0,4.0,1.0,0.0,False,False,False,False
basf-wheat-diseases|53|2019,reused_development_2019,31,120.0,2019-04-24,True,5.0,4.0,1.0,0.0,False,False,False,False
basf-wheat-diseases|54|2019,reused_development_2019,31,120.0,2019-04-20,True,5.0,4.0,1.0,0.0,False,False,False,False
basf-wheat-diseases|55|2019,reused_development_2019,31,120.0,2019-04-19,True,5.0,4.0,1.0,0.0,False,False,False,False
basf-wheat-diseases|56|2019,reused_development_2019,31,120.0,2019-04-17,True,5.0,4.0,1.0,0.0,False,False,False,False
basf-wheat-diseases|57|2019,reused_development_2019,31,120.0,2019-04-24,True,5.0,4.0,1.0,0.0,False,False,False,False
basf-wheat-diseases|58|2019,reused_development_2019,31,120.0,2019-04-19,True,5.0,4.0,1.0,0.0,False,False,False,False
basf-wheat-diseases|59|2019,reused_development_2019,31,120.0,2019-04-19,True,5.0,4.0,1.0,0.0,False,False,False,False
basf-wheat-diseases|60|2019,reused_development_2019,31,120.0,2019-04-09,True,5.0,4.0,1.0,0.0,False,False,False,False
basf-wheat-diseases|61|2019,reused_development_2019,31,120.0,2019-04-07,True,5.0,4.0,1.0,0.0,False,False,False,False
basf-wheat-diseases|62|2019,reused_development_2019,31,120.0,2019-04-26,True,5.0,4.0,1.0,0.0,False,False,False,False
basf-wheat-diseases|63|2019,reused_development_2019,31,120.0,2019-05-11,True,5.0,4.0,1.0,0.0,False,False,False,False
basf-wheat-diseases|64|2019,reused_development_2019,31,120.0,2019-04-18,True,5.0,4.0,1.0,0.0,False,False,False,False
basf-wheat-diseases|65|2019,reused_development_2019,31,120.0,2019-04-07,True,5.0,4.0,1.0,0.0,False,False,False,False
basf-wheat-diseases|66|2019,reused_development_2019,31,120.0,2019-04-15,True,5.0,4.0,1.0,0.0,False,False,False,False
basf-wheat-diseases|67|2019,reused_development_2019,31,120.0,2019-04-15,True,5.0,4.0,1.0,0.0,False,False,False,False
basf-wheat-diseases|68|2019,reused_development_2019,31,120.0,2019-04-12,True,5.0,4.0,1.0,0.0,False,False,False,False
basf-wheat-diseases|69|2019,reused_development_2019,31,120.0,2019-04-13,True,5.0,4.0,1.0,0.0,False,False,False,False
basf-wheat-diseases|70|2019,reused_development_2019,31,120.0,2019-04-13,True,5.0,4.0,1.0,0.0,False,False,False,False
basf-wheat-diseases|71|2019,reused_development_2019,31,120.0,2019-04-12,True,5.0,4.0,1.0,0.0,False,False,False,False
basf-wheat-diseases|72|2019,reused_development_2019,31,120.0,2019-04-07,True,5.0,4.0,1.0,0.0,False,False,False,False
basf-wheat-diseases|73|2019,reused_development_2019,31,120.0,2019-04-15,True,5.0,4.0,1.0,0.0,False,False,False,False
basf-wheat-diseases|74|2019,reused_development_2019,31,120.0,2019-04-13,True,5.0,4.0,1.0,0.0,False,False,False,False
basf-wheat-diseases|75|2019,reused_development_2019,31,120.0,2019-04-12,True,5.0,4.0,1.0,0.0,False,False,False,False
basf-wheat-diseases|31|2019,reused_development_2019,32,120.0,2019-04-15,True,6.0,5.0,2.0,1.0,False,False,False,False
basf-wheat-diseases|32|2019,reused_development_2019,32,120.0,2019-04-15,True,6.0,5.0,2.0,1.0,False,False,False,False
basf-wheat-diseases|33|2019,reused_development_2019,32,120.0,2019-04-15,True,6.0,5.0,2.0,1.0,False,False,False,False
basf-wheat-diseases|34|2019,reused_development_2019,32,120.0,2019-04-15,True,6.0,5.0,2.0,1.0,False,False,False,False
basf-wheat-diseases|35|2019,reused_development_2019,32,120.0,2019-04-27,True,6.0,5.0,2.0,1.0,False,False,False,False
basf-wheat-diseases|36|2019,reused_development_2019,32,120.0,2019-04-14,True,6.0,5.0,2.0,1.0,False,False,False,False
basf-wheat-diseases|37|2019,reused_development_2019,32,120.0,2019-04-23,True,6.0,5.0,2.0,1.0,False,False,False,False
basf-wheat-diseases|38|2019,reused_development_2019,32,120.0,2019-04-25,True,6.0,5.0,2.0,1.0,False,False,False,False
basf-wheat-diseases|39|2019,reused_development_2019,32,120.0,2019-04-24,True,6.0,5.0,2.0,1.0,False,False,False,False
basf-wheat-diseases|40|2019,reused_development_2019,32,120.0,2019-05-08,True,6.0,5.0,2.0,1.0,False,False,False,False
basf-wheat-diseases|41|2019,reused_development_2019,32,120.0,2019-05-08,True,6.0,5.0,2.0,1.0,False,False,False,False
basf-wheat-diseases|42|2019,reused_development_2019,32,120.0,2019-04-21,True,6.0,5.0,2.0,1.0,False,False,False,False
basf-wheat-diseases|43|2019,reused_development_2019,32,120.0,2019-04-21,True,6.0,5.0,2.0,1.0,False,False,False,False
basf-wheat-diseases|44|2019,reused_development_2019,32,120.0,2019-04-21,True,6.0,5.0,2.0,1.0,False,False,False,False
basf-wheat-diseases|45|2019,reused_development_2019,32,120.0,2019-04-16,True,6.0,5.0,2.0,1.0,False,False,False,False
basf-wheat-diseases|46|2019,reused_development_2019,32,120.0,2019-04-18,True,6.0,5.0,2.0,1.0,False,False,False,False
basf-wheat-diseases|47|2019,reused_development_2019,32,120.0,2019-04-21,True,6.0,5.0,2.0,1.0,False,False,False,False
basf-wheat-diseases|48|2019,reused_development_2019,32,120.0,2019-04-26,True,6.0,5.0,2.0,1.0,False,False,False,False
basf-wheat-diseases|49|2019,reused_development_2019,32,120.0,2019-04-27,True,6.0,5.0,2.0,1.0,False,False,False,False
basf-wheat-diseases|50|2019,reused_development_2019,32,120.0,2019-04-26,True,6.0,5.0,2.0,1.0,False,False,False,False
basf-wheat-diseases|51|2019,reused_development_2019,32,120.0,2019-04-25,True,6.0,5.0,2.0,1.0,False,False,False,False
basf-wheat-diseases|52|2019,reused_development_2019,32,120.0,2019-04-29,True,6.0,5.0,2.0,1.0,False,False,False,False
basf-wheat-diseases|53|2019,reused_development_2019,32,120.0,2019-05-02,True,6.0,5.0,2.0,1.0,False,False,False,False
basf-wheat-diseases|54|2019,reused_development_2019,32,120.0,2019-04-27,True,6.0,5.0,2.0,1.0,False,False,False,False
basf-wheat-diseases|55|2019,reused_development_2019,32,120.0,2019-04-26,True,6.0,5.0,2.0,1.0,False,False,False,False
basf-wheat-diseases|56|2019,reused_development_2019,32,120.0,2019-04-25,True,6.0,5.0,2.0,1.0,False,False,False,False
basf-wheat-diseases|57|2019,reused_development_2019,32,120.0,2019-05-02,True,6.0,5.0,2.0,1.0,False,False,False,False
basf-wheat-diseases|58|2019,reused_development_2019,32,120.0,2019-04-27,True,6.0,5.0,2.0,1.0,False,False,False,False
basf-wheat-diseases|59|2019,reused_development_2019,32,120.0,2019-04-26,True,6.0,5.0,2.0,1.0,False,False,False,False
basf-wheat-diseases|60|2019,reused_development_2019,32,120.0,2019-04-21,True,6.0,5.0,2.0,1.0,False,False,False,False
basf-wheat-diseases|61|2019,reused_development_2019,32,120.0,2019-04-19,True,6.0,5.0,2.0,1.0,False,False,False,False
basf-wheat-diseases|62|2019,reused_development_2019,32,120.0,2019-05-07,True,6.0,5.0,2.0,1.0,False,False,False,False
basf-wheat-diseases|63|2019,reused_development_2019,32,120.0,2019-05-21,True,6.0,5.0,2.0,1.0,False,False,False,False
basf-wheat-diseases|64|2019,reused_development_2019,32,120.0,2019-04-26,True,6.0,5.0,2.0,1.0,False,False,False,False
basf-wheat-diseases|65|2019,reused_development_2019,32,120.0,2019-04-20,True,6.0,5.0,2.0,1.0,False,False,False,False
basf-wheat-diseases|66|2019,reused_development_2019,32,120.0,2019-04-24,True,6.0,5.0,2.0,1.0,False,False,False,False
basf-wheat-diseases|67|2019,reused_development_2019,32,120.0,2019-04-24,True,6.0,5.0,2.0,1.0,False,False,False,False
basf-wheat-diseases|68|2019,reused_development_2019,32,120.0,2019-04-23,True,6.0,5.0,2.0,1.0,False,False,False,False
basf-wheat-diseases|69|2019,reused_development_2019,32,120.0,2019-04-23,True,6.0,5.0,2.0,1.0,False,False,False,False
basf-wheat-diseases|70|2019,reused_development_2019,32,120.0,2019-04-23,True,6.0,5.0,2.0,1.0,False,False,False,False
basf-wheat-diseases|71|2019,reused_development_2019,32,120.0,2019-04-22,True,6.0,5.0,2.0,1.0,False,False,False,False
basf-wheat-diseases|72|2019,reused_development_2019,32,120.0,2019-04-20,True,6.0,5.0,2.0,1.0,False,False,False,False
basf-wheat-diseases|73|2019,reused_development_2019,32,120.0,2019-04-24,True,6.0,5.0,2.0,1.0,False,False,False,False
basf-wheat-diseases|74|2019,reused_development_2019,32,120.0,2019-04-23,True,6.0,5.0,2.0,1.0,False,False,False,False
basf-wheat-diseases|75|2019,reused_development_2019,32,120.0,2019-04-22,True,6.0,5.0,2.0,1.0,False,False,False,False
basf-wheat-diseases|31|2019,reused_development_2019,33,120.0,2019-04-20,True,6.0,5.0,2.0,1.0,False,False,False,False
basf-wheat-diseases|32|2019,reused_development_2019,33,120.0,2019-04-20,True,6.0,5.0,2.0,1.0,False,False,False,False
basf-wheat-diseases|33|2019,reused_development_2019,33,120.0,2019-04-20,True,6.0,5.0,2.0,1.0,False,False,False,False
basf-wheat-diseases|34|2019,reused_development_2019,33,120.0,2019-04-20,True,6.0,5.0,2.0,1.0,False,False,False,False
basf-wheat-diseases|35|2019,reused_development_2019,33,120.0,2019-05-01,True,6.0,5.0,2.0,1.0,False,False,False,False
basf-wheat-diseases|36|2019,reused_development_2019,33,120.0,2019-04-17,True,6.0,5.0,2.0,1.0,False,False,False,False
basf-wheat-diseases|37|2019,reused_development_2019,33,120.0,2019-04-26,True,6.0,5.0,2.0,1.0,False,False,False,False
basf-wheat-diseases|38|2019,reused_development_2019,33,120.0,2019-04-29,True,6.0,5.0,2.0,1.0,False,False,False,False
basf-wheat-diseases|39|2019,reused_development_2019,33,120.0,2019-04-26,True,6.0,5.0,2.0,1.0,False,False,False,False
basf-wheat-diseases|40|2019,reused_development_2019,33,120.0,2019-05-12,True,6.0,5.0,2.0,1.0,False,False,False,False
basf-wheat-diseases|41|2019,reused_development_2019,33,120.0,2019-05-11,True,6.0,5.0,2.0,1.0,False,False,False,False
basf-wheat-diseases|42|2019,reused_development_2019,33,120.0,2019-04-24,True,6.0,5.0,2.0,1.0,False,False,False,False
basf-wheat-diseases|43|2019,reused_development_2019,33,120.0,2019-04-23,True,6.0,5.0,2.0,1.0,False,False,False,False
basf-wheat-diseases|44|2019,reused_development_2019,33,120.0,2019-04-24,True,6.0,5.0,2.0,1.0,False,False,False,False
basf-wheat-diseases|45|2019,reused_development_2019,33,120.0,2019-04-19,True,6.0,5.0,2.0,1.0,False,False,False,False
basf-wheat-diseases|46|2019,reused_development_2019,33,120.0,2019-04-21,True,6.0,5.0,2.0,1.0,False,False,False,False
basf-wheat-diseases|47|2019,reused_development_2019,33,120.0,2019-04-23,True,6.0,5.0,2.0,1.0,False,False,False,False
basf-wheat-diseases|48|2019,reused_development_2019,33,120.0,2019-04-28,True,6.0,5.0,2.0,1.0,False,False,False,False
basf-wheat-diseases|49|2019,reused_development_2019,33,120.0,2019-04-30,True,6.0,5.0,2.0,1.0,False,False,False,False
basf-wheat-diseases|50|2019,reused_development_2019,33,120.0,2019-04-29,True,6.0,5.0,2.0,1.0,False,False,False,False
basf-wheat-diseases|51|2019,reused_development_2019,33,120.0,2019-04-28,True,6.0,5.0,2.0,1.0,False,False,False,False
basf-wheat-diseases|52|2019,reused_development_2019,33,120.0,2019-05-02,True,6.0,5.0,2.0,1.0,False,False,False,False
basf-wheat-diseases|53|2019,reused_development_2019,33,120.0,2019-05-07,True,6.0,5.0,2.0,1.0,False,False,False,False
basf-wheat-diseases|54|2019,reused_development_2019,33,120.0,2019-04-30,True,6.0,5.0,2.0,1.0,False,False,False,False
basf-wheat-diseases|55|2019,reused_development_2019,33,120.0,2019-04-29,True,6.0,5.0,2.0,1.0,False,False,False,False
basf-wheat-diseases|56|2019,reused_development_2019,33,120.0,2019-04-28,True,6.0,5.0,2.0,1.0,False,False,False,False
basf-wheat-diseases|57|2019,reused_development_2019,33,120.0,2019-05-07,True,6.0,5.0,2.0,1.0,False,False,False,False
basf-wheat-diseases|58|2019,reused_development_2019,33,120.0,2019-04-30,True,6.0,5.0,2.0,1.0,False,False,False,False
basf-wheat-diseases|59|2019,reused_development_2019,33,120.0,2019-04-29,True,6.0,5.0,2.0,1.0,False,False,False,False
basf-wheat-diseases|60|2019,reused_development_2019,33,120.0,2019-04-24,True,6.0,5.0,2.0,1.0,False,False,False,False
basf-wheat-diseases|61|2019,reused_development_2019,33,120.0,2019-04-23,True,6.0,5.0,2.0,1.0,False,False,False,False
basf-wheat-diseases|62|2019,reused_development_2019,33,120.0,2019-05-11,True,6.0,5.0,2.0,1.0,False,False,False,False
basf-wheat-diseases|63|2019,reused_development_2019,33,120.0,2019-05-24,True,6.0,5.0,2.0,1.0,False,False,False,False
basf-wheat-diseases|64|2019,reused_development_2019,33,120.0,2019-04-29,True,6.0,5.0,2.0,1.0,False,False,False,False
basf-wheat-diseases|65|2019,reused_development_2019,33,120.0,2019-04-23,True,6.0,5.0,2.0,1.0,False,False,False,False
basf-wheat-diseases|66|2019,reused_development_2019,33,120.0,2019-04-28,True,6.0,5.0,2.0,1.0,False,False,False,False
basf-wheat-diseases|67|2019,reused_development_2019,33,120.0,2019-04-28,True,6.0,5.0,2.0,1.0,False,False,False,False
basf-wheat-diseases|68|2019,reused_development_2019,33,120.0,2019-04-26,True,6.0,5.0,2.0,1.0,False,False,False,False
basf-wheat-diseases|69|2019,reused_development_2019,33,120.0,2019-04-26,True,6.0,5.0,2.0,1.0,False,False,False,False
basf-wheat-diseases|70|2019,reused_development_2019,33,120.0,2019-04-26,True,6.0,5.0,2.0,1.0,False,False,False,False
basf-wheat-diseases|71|2019,reused_development_2019,33,120.0,2019-04-26,True,6.0,5.0,2.0,1.0,False,False,False,False
basf-wheat-diseases|72|2019,reused_development_2019,33,120.0,2019-04-23,True,6.0,5.0,2.0,1.0,False,False,False,False
basf-wheat-diseases|73|2019,reused_development_2019,33,120.0,2019-04-27,True,6.0,5.0,2.0,1.0,False,False,False,False
basf-wheat-diseases|74|2019,reused_development_2019,33,120.0,2019-04-26,True,6.0,5.0,2.0,1.0,False,False,False,False
basf-wheat-diseases|75|2019,reused_development_2019,33,120.0,2019-04-26,True,6.0,5.0,2.0,1.0,False,False,False,False
basf-wheat-diseases|31|2019,reused_development_2019,37,120.0,2019-04-24,True,7.0,6.0,3.0,2.0,True,False,False,False
basf-wheat-diseases|32|2019,reused_development_2019,37,120.0,2019-04-24,True,7.0,6.0,3.0,2.0,True,False,False,False
basf-wheat-diseases|33|2019,reused_development_2019,37,120.0,2019-04-24,True,7.0,6.0,3.0,2.0,True,False,False,False
basf-wheat-diseases|34|2019,reused_development_2019,37,120.0,2019-04-24,True,7.0,6.0,3.0,2.0,True,False,False,False
basf-wheat-diseases|35|2019,reused_development_2019,37,120.0,2019-05-05,True,7.0,6.0,3.0,2.0,True,False,False,False
basf-wheat-diseases|36|2019,reused_development_2019,37,120.0,2019-04-19,True,7.0,6.0,3.0,2.0,True,False,False,False
basf-wheat-diseases|37|2019,reused_development_2019,37,120.0,2019-05-01,True,7.0,6.0,3.0,2.0,True,False,False,False
basf-wheat-diseases|38|2019,reused_development_2019,37,120.0,2019-05-04,True,7.0,6.0,3.0,2.0,True,False,False,False
basf-wheat-diseases|39|2019,reused_development_2019,37,120.0,2019-05-01,True,7.0,6.0,3.0,2.0,True,False,False,False
basf-wheat-diseases|40|2019,reused_development_2019,37,120.0,2019-05-16,True,7.0,6.0,3.0,2.0,True,False,False,False
basf-wheat-diseases|41|2019,reused_development_2019,37,120.0,2019-05-16,True,7.0,6.0,3.0,2.0,True,False,False,False
basf-wheat-diseases|42|2019,reused_development_2019,37,120.0,2019-04-28,True,7.0,6.0,3.0,2.0,True,False,False,False
basf-wheat-diseases|43|2019,reused_development_2019,37,120.0,2019-04-27,True,7.0,6.0,3.0,2.0,True,False,False,False
basf-wheat-diseases|44|2019,reused_development_2019,37,120.0,2019-04-28,True,7.0,6.0,3.0,2.0,True,False,False,False
basf-wheat-diseases|45|2019,reused_development_2019,37,120.0,2019-04-22,True,7.0,6.0,3.0,2.0,True,False,False,False
basf-wheat-diseases|46|2019,reused_development_2019,37,120.0,2019-04-23,True,7.0,6.0,3.0,2.0,True,False,False,False
basf-wheat-diseases|47|2019,reused_development_2019,37,120.0,2019-04-27,True,7.0,6.0,3.0,2.0,True,False,False,False
basf-wheat-diseases|48|2019,reused_development_2019,37,120.0,2019-05-02,True,7.0,6.0,3.0,2.0,True,False,False,False
basf-wheat-diseases|49|2019,reused_development_2019,37,120.0,2019-05-05,True,7.0,6.0,3.0,2.0,True,False,False,False
basf-wheat-diseases|50|2019,reused_development_2019,37,120.0,2019-05-02,True,7.0,6.0,3.0,2.0,True,False,False,False
basf-wheat-diseases|51|2019,reused_development_2019,37,120.0,2019-05-02,True,7.0,6.0,3.0,2.0,True,False,False,False
basf-wheat-diseases|52|2019,reused_development_2019,37,120.0,2019-05-07,True,7.0,6.0,3.0,2.0,True,False,False,False
basf-wheat-diseases|53|2019,reused_development_2019,37,120.0,2019-05-11,True,7.0,6.0,3.0,2.0,True,False,False,False
basf-wheat-diseases|54|2019,reused_development_2019,37,120.0,2019-05-04,True,7.0,6.0,3.0,2.0,True,False,False,False
basf-wheat-diseases|55|2019,reused_development_2019,37,120.0,2019-05-02,True,7.0,6.0,3.0,2.0,True,False,False,False
basf-wheat-diseases|56|2019,reused_development_2019,37,120.0,2019-05-02,True,7.0,6.0,3.0,2.0,True,False,False,False
basf-wheat-diseases|57|2019,reused_development_2019,37,120.0,2019-05-11,True,7.0,6.0,3.0,2.0,True,False,False,False
basf-wheat-diseases|58|2019,reused_development_2019,37,120.0,2019-05-04,True,7.0,6.0,3.0,2.0,True,False,False,False
basf-wheat-diseases|59|2019,reused_development_2019,37,120.0,2019-05-02,True,7.0,6.0,3.0,2.0,True,False,False,False
basf-wheat-diseases|60|2019,reused_development_2019,37,120.0,2019-04-27,True,7.0,6.0,3.0,2.0,True,False,False,False
basf-wheat-diseases|61|2019,reused_development_2019,37,120.0,2019-04-26,True,7.0,6.0,3.0,2.0,True,False,False,False
basf-wheat-diseases|62|2019,reused_development_2019,37,120.0,2019-05-15,True,7.0,6.0,3.0,2.0,True,False,False,False
basf-wheat-diseases|63|2019,reused_development_2019,37,120.0,2019-05-27,True,7.0,6.0,3.0,2.0,True,False,False,False
basf-wheat-diseases|64|2019,reused_development_2019,37,120.0,2019-05-02,True,7.0,6.0,3.0,2.0,True,False,False,False
basf-wheat-diseases|65|2019,reused_development_2019,37,120.0,2019-04-27,True,7.0,6.0,3.0,2.0,True,False,False,False
basf-wheat-diseases|66|2019,reused_development_2019,37,120.0,2019-05-02,True,7.0,6.0,3.0,2.0,True,False,False,False
basf-wheat-diseases|67|2019,reused_development_2019,37,120.0,2019-05-02,True,7.0,6.0,3.0,2.0,True,False,False,False
basf-wheat-diseases|68|2019,reused_development_2019,37,120.0,2019-04-30,True,7.0,6.0,3.0,2.0,True,False,False,False
basf-wheat-diseases|69|2019,reused_development_2019,37,120.0,2019-05-01,True,7.0,6.0,3.0,2.0,True,False,False,False
basf-wheat-diseases|70|2019,reused_development_2019,37,120.0,2019-05-01,True,7.0,6.0,3.0,2.0,True,False,False,False
basf-wheat-diseases|71|2019,reused_development_2019,37,120.0,2019-04-30,True,7.0,6.0,3.0,2.0,True,False,False,False
basf-wheat-diseases|72|2019,reused_development_2019,37,120.0,2019-04-27,True,7.0,6.0,3.0,2.0,True,False,False,False
basf-wheat-diseases|73|2019,reused_development_2019,37,120.0,2019-05-02,True,7.0,6.0,3.0,2.0,True,False,False,False
basf-wheat-diseases|74|2019,reused_development_2019,37,120.0,2019-05-01,True,7.0,6.0,3.0,2.0,True,False,False,False
basf-wheat-diseases|75|2019,reused_development_2019,37,120.0,2019-04-30,True,7.0,6.0,3.0,2.0,True,False,False,False
basf-wheat-diseases|31|2019,reused_development_2019,39,120.0,2019-05-02,True,7.0,7.0,3.0,3.0,True,True,False,False
basf-wheat-diseases|32|2019,reused_development_2019,39,120.0,2019-05-02,True,7.0,7.0,3.0,3.0,True,True,False,False
basf-wheat-diseases|33|2019,reused_development_2019,39,120.0,2019-05-02,True,7.0,7.0,3.0,3.0,True,True,False,False
basf-wheat-diseases|34|2019,reused_development_2019,39,120.0,2019-05-02,True,7.0,7.0,3.0,3.0,True,True,False,False
basf-wheat-diseases|35|2019,reused_development_2019,39,120.0,2019-05-18,True,7.0,7.0,3.0,3.0,True,True,False,False
basf-wheat-diseases|36|2019,reused_development_2019,39,120.0,2019-04-26,True,7.0,7.0,3.0,3.0,True,True,False,False
basf-wheat-diseases|37|2019,reused_development_2019,39,120.0,2019-05-16,True,7.0,7.0,3.0,3.0,True,True,False,False
basf-wheat-diseases|38|2019,reused_development_2019,39,120.0,2019-05-18,True,7.0,7.0,3.0,3.0,True,True,False,False
basf-wheat-diseases|39|2019,reused_development_2019,39,120.0,2019-05-14,True,7.0,7.0,3.0,3.0,True,True,False,False
basf-wheat-diseases|40|2019,reused_development_2019,39,120.0,2019-05-24,True,7.0,7.0,3.0,3.0,True,True,False,False
basf-wheat-diseases|41|2019,reused_development_2019,39,120.0,2019-05-23,True,7.0,7.0,3.0,3.0,True,True,False,False
basf-wheat-diseases|42|2019,reused_development_2019,39,120.0,2019-05-11,True,7.0,7.0,3.0,3.0,True,True,False,False
basf-wheat-diseases|43|2019,reused_development_2019,39,120.0,2019-05-10,True,7.0,7.0,3.0,3.0,True,True,False,False
basf-wheat-diseases|44|2019,reused_development_2019,39,120.0,2019-05-11,True,7.0,7.0,3.0,3.0,True,True,False,False
basf-wheat-diseases|45|2019,reused_development_2019,39,120.0,2019-05-02,True,7.0,7.0,3.0,3.0,True,True,False,False
basf-wheat-diseases|46|2019,reused_development_2019,39,120.0,2019-05-06,True,7.0,7.0,3.0,3.0,True,True,False,False
basf-wheat-diseases|47|2019,reused_development_2019,39,120.0,2019-05-10,True,7.0,7.0,3.0,3.0,True,True,False,False
basf-wheat-diseases|48|2019,reused_development_2019,39,120.0,2019-05-14,True,7.0,7.0,3.0,3.0,True,True,False,False
basf-wheat-diseases|49|2019,reused_development_2019,39,120.0,2019-05-17,True,7.0,7.0,3.0,3.0,True,True,False,False
basf-wheat-diseases|50|2019,reused_development_2019,39,120.0,2019-05-15,True,7.0,7.0,3.0,3.0,True,True,False,False
basf-wheat-diseases|51|2019,reused_development_2019,39,120.0,2019-05-13,True,7.0,7.0,3.0,3.0,True,True,False,False
basf-wheat-diseases|52|2019,reused_development_2019,39,120.0,2019-05-18,True,7.0,7.0,3.0,3.0,True,True,False,False
basf-wheat-diseases|53|2019,reused_development_2019,39,120.0,2019-05-20,True,7.0,7.0,3.0,3.0,True,True,False,False
basf-wheat-diseases|54|2019,reused_development_2019,39,120.0,2019-05-16,True,7.0,7.0,3.0,3.0,True,True,False,False
basf-wheat-diseases|55|2019,reused_development_2019,39,120.0,2019-05-15,True,7.0,7.0,3.0,3.0,True,True,False,False
basf-wheat-diseases|56|2019,reused_development_2019,39,120.0,2019-05-13,True,7.0,7.0,3.0,3.0,True,True,False,False
basf-wheat-diseases|57|2019,reused_development_2019,39,120.0,2019-05-20,True,7.0,7.0,3.0,3.0,True,True,False,False
basf-wheat-diseases|58|2019,reused_development_2019,39,120.0,2019-05-16,True,7.0,7.0,3.0,3.0,True,True,False,False
basf-wheat-diseases|59|2019,reused_development_2019,39,120.0,2019-05-15,True,7.0,7.0,3.0,3.0,True,True,False,False
basf-wheat-diseases|60|2019,reused_development_2019,39,120.0,2019-05-04,True,7.0,7.0,3.0,3.0,True,True,False,False
basf-wheat-diseases|61|2019,reused_development_2019,39,120.0,2019-05-03,True,7.0,7.0,3.0,3.0,True,True,False,False
basf-wheat-diseases|62|2019,reused_development_2019,39,120.0,2019-05-24,True,7.0,7.0,3.0,3.0,True,True,False,False
basf-wheat-diseases|63|2019,reused_development_2019,39,120.0,2019-06-04,True,7.0,7.0,3.0,3.0,True,True,False,False
basf-wheat-diseases|64|2019,reused_development_2019,39,120.0,2019-05-13,True,7.0,7.0,3.0,3.0,True,True,False,False
basf-wheat-diseases|65|2019,reused_development_2019,39,120.0,2019-05-09,True,7.0,7.0,3.0,3.0,True,True,False,False
basf-wheat-diseases|66|2019,reused_development_2019,39,120.0,2019-05-15,True,7.0,7.0,3.0,3.0,True,True,False,False
basf-wheat-diseases|67|2019,reused_development_2019,39,120.0,2019-05-15,True,7.0,7.0,3.0,3.0,True,True,False,False
basf-wheat-diseases|68|2019,reused_development_2019,39,120.0,2019-05-13,True,7.0,7.0,3.0,3.0,True,True,False,False
basf-wheat-diseases|69|2019,reused_development_2019,39,120.0,2019-05-13,True,7.0,7.0,3.0,3.0,True,True,False,False
basf-wheat-diseases|70|2019,reused_development_2019,39,120.0,2019-05-13,True,7.0,7.0,3.0,3.0,True,True,False,False
basf-wheat-diseases|71|2019,reused_development_2019,39,120.0,2019-05-12,True,7.0,7.0,3.0,3.0,True,True,False,False
basf-wheat-diseases|72|2019,reused_development_2019,39,120.0,2019-05-09,True,7.0,7.0,3.0,3.0,True,True,False,False
basf-wheat-diseases|73|2019,reused_development_2019,39,120.0,2019-05-14,True,7.0,7.0,3.0,3.0,True,True,False,False
basf-wheat-diseases|74|2019,reused_development_2019,39,120.0,2019-05-13,True,7.0,7.0,3.0,3.0,True,True,False,False
basf-wheat-diseases|75|2019,reused_development_2019,39,120.0,2019-05-12,True,7.0,7.0,3.0,3.0,True,True,False,False
basf-wheat-diseases|31|2019,reused_development_2019,51,120.0,2019-05-14,True,7.0,7.0,3.0,3.0,True,True,False,False
basf-wheat-diseases|32|2019,reused_development_2019,51,120.0,2019-05-14,True,7.0,7.0,3.0,3.0,True,True,False,False
basf-wheat-diseases|33|2019,reused_development_2019,51,120.0,2019-05-14,True,7.0,7.0,3.0,3.0,True,True,False,False
basf-wheat-diseases|34|2019,reused_development_2019,51,120.0,2019-05-14,True,7.0,7.0,3.0,3.0,True,True,False,False
basf-wheat-diseases|35|2019,reused_development_2019,51,120.0,2019-05-30,True,7.0,7.0,3.0,3.0,True,True,False,False
basf-wheat-diseases|36|2019,reused_development_2019,51,120.0,2019-05-15,True,7.0,7.0,3.0,3.0,True,True,False,False
basf-wheat-diseases|37|2019,reused_development_2019,51,120.0,2019-05-30,True,7.0,7.0,3.0,3.0,True,True,False,False
basf-wheat-diseases|38|2019,reused_development_2019,51,120.0,2019-05-31,True,7.0,7.0,3.0,3.0,True,True,False,False
basf-wheat-diseases|39|2019,reused_development_2019,51,120.0,2019-05-27,True,7.0,7.0,3.0,3.0,True,True,False,False
basf-wheat-diseases|40|2019,reused_development_2019,51,120.0,2019-06-05,True,7.0,7.0,3.0,3.0,True,True,False,False
basf-wheat-diseases|41|2019,reused_development_2019,51,120.0,2019-06-05,True,7.0,7.0,3.0,3.0,True,True,False,False
basf-wheat-diseases|42|2019,reused_development_2019,51,120.0,2019-05-25,True,7.0,7.0,3.0,3.0,True,True,False,False
basf-wheat-diseases|43|2019,reused_development_2019,51,120.0,2019-05-24,True,7.0,7.0,3.0,3.0,True,True,False,False
basf-wheat-diseases|44|2019,reused_development_2019,51,120.0,2019-05-25,True,7.0,7.0,3.0,3.0,True,True,False,False
basf-wheat-diseases|45|2019,reused_development_2019,51,120.0,2019-05-18,True,7.0,7.0,3.0,3.0,True,True,False,False
basf-wheat-diseases|46|2019,reused_development_2019,51,120.0,2019-05-20,True,7.0,7.0,3.0,3.0,True,True,False,False
basf-wheat-diseases|47|2019,reused_development_2019,51,120.0,2019-05-24,True,7.0,7.0,3.0,3.0,True,True,False,False
basf-wheat-diseases|48|2019,reused_development_2019,51,120.0,2019-05-27,True,7.0,7.0,3.0,3.0,True,True,False,False
basf-wheat-diseases|49|2019,reused_development_2019,51,120.0,2019-05-28,True,7.0,7.0,3.0,3.0,True,True,False,False
basf-wheat-diseases|50|2019,reused_development_2019,51,120.0,2019-05-27,True,7.0,7.0,3.0,3.0,True,True,False,False
basf-wheat-diseases|51|2019,reused_development_2019,51,120.0,2019-05-27,True,7.0,7.0,3.0,3.0,True,True,False,False
basf-wheat-diseases|52|2019,reused_development_2019,51,120.0,2019-05-29,True,7.0,7.0,3.0,3.0,True,True,False,False
basf-wheat-diseases|53|2019,reused_development_2019,51,120.0,2019-06-01,True,7.0,7.0,3.0,3.0,True,True,False,False
basf-wheat-diseases|54|2019,reused_development_2019,51,120.0,2019-05-28,True,7.0,7.0,3.0,3.0,True,True,False,False
basf-wheat-diseases|55|2019,reused_development_2019,51,120.0,2019-05-27,True,7.0,7.0,3.0,3.0,True,True,False,False
basf-wheat-diseases|56|2019,reused_development_2019,51,120.0,2019-05-27,True,7.0,7.0,3.0,3.0,True,True,False,False
basf-wheat-diseases|57|2019,reused_development_2019,51,120.0,2019-06-01,True,7.0,7.0,3.0,3.0,True,True,False,False
basf-wheat-diseases|58|2019,reused_development_2019,51,120.0,2019-05-28,True,7.0,7.0,3.0,3.0,True,True,False,False
basf-wheat-diseases|59|2019,reused_development_2019,51,120.0,2019-05-27,True,7.0,7.0,3.0,3.0,True,True,False,False
basf-wheat-diseases|60|2019,reused_development_2019,51,120.0,2019-05-16,True,7.0,7.0,3.0,3.0,True,True,False,False
basf-wheat-diseases|61|2019,reused_development_2019,51,120.0,2019-05-15,True,7.0,7.0,3.0,3.0,True,True,False,False
basf-wheat-diseases|62|2019,reused_development_2019,51,120.0,2019-06-05,True,7.0,7.0,3.0,3.0,True,True,False,False
basf-wheat-diseases|63|2019,reused_development_2019,51,120.0,2019-06-13,True,7.0,7.0,3.0,3.0,True,True,False,False
basf-wheat-diseases|64|2019,reused_development_2019,51,120.0,2019-05-26,True,7.0,7.0,3.0,3.0,True,True,False,False
basf-wheat-diseases|65|2019,reused_development_2019,51,120.0,2019-05-25,True,7.0,7.0,3.0,3.0,True,True,False,False
basf-wheat-diseases|66|2019,reused_development_2019,51,120.0,2019-05-28,True,7.0,7.0,3.0,3.0,True,True,False,False
basf-wheat-diseases|67|2019,reused_development_2019,51,120.0,2019-05-28,True,7.0,7.0,3.0,3.0,True,True,False,False
basf-wheat-diseases|68|2019,reused_development_2019,51,120.0,2019-05-26,True,7.0,7.0,3.0,3.0,True,True,False,False
basf-wheat-diseases|69|2019,reused_development_2019,51,120.0,2019-05-27,True,7.0,7.0,3.0,3.0,True,True,False,False
basf-wheat-diseases|70|2019,reused_development_2019,51,120.0,,False,,,,,,,False,False
basf-wheat-diseases|71|2019,reused_development_2019,51,120.0,2019-05-26,True,7.0,7.0,3.0,3.0,True,True,False,False
basf-wheat-diseases|72|2019,reused_development_2019,51,120.0,2019-05-25,True,7.0,7.0,3.0,3.0,True,True,False,False
basf-wheat-diseases|73|2019,reused_development_2019,51,120.0,2019-05-28,True,7.0,7.0,3.0,3.0,True,True,False,False
basf-wheat-diseases|74|2019,reused_development_2019,51,120.0,2019-05-27,True,7.0,7.0,3.0,3.0,True,True,False,False
basf-wheat-diseases|75|2019,reused_development_2019,51,120.0,2019-05-26,True,7.0,7.0,3.0,3.0,True,True,False,False
basf-wheat-diseases|31|2019,reused_development_2019,65,120.0,2019-05-25,True,7.0,7.0,3.0,3.0,True,True,False,False
basf-wheat-diseases|32|2019,reused_development_2019,65,120.0,2019-05-25,True,7.0,7.0,3.0,3.0,True,True,False,False
basf-wheat-diseases|33|2019,reused_development_2019,65,120.0,2019-05-25,True,7.0,7.0,3.0,3.0,True,True,False,False
basf-wheat-diseases|34|2019,reused_development_2019,65,120.0,2019-05-25,True,7.0,7.0,3.0,3.0,True,True,False,False
basf-wheat-diseases|35|2019,reused_development_2019,65,120.0,2019-06-09,True,7.0,7.0,3.0,3.0,True,True,False,False
basf-wheat-diseases|36|2019,reused_development_2019,65,120.0,2019-05-28,True,7.0,7.0,3.0,3.0,True,True,False,False
basf-wheat-diseases|37|2019,reused_development_2019,65,120.0,2019-06-09,True,7.0,7.0,3.0,3.0,True,True,False,False
basf-wheat-diseases|38|2019,reused_development_2019,65,120.0,2019-06-09,True,7.0,7.0,3.0,3.0,True,True,False,False
basf-wheat-diseases|39|2019,reused_development_2019,65,120.0,2019-06-07,True,7.0,7.0,3.0,3.0,True,True,False,False
basf-wheat-diseases|40|2019,reused_development_2019,65,120.0,2019-06-16,True,7.0,7.0,3.0,3.0,True,True,False,False
basf-wheat-diseases|41|2019,reused_development_2019,65,120.0,2019-06-16,True,7.0,7.0,3.0,3.0,True,True,False,False
basf-wheat-diseases|42|2019,reused_development_2019,65,120.0,2019-06-06,True,7.0,7.0,3.0,3.0,True,True,False,False
basf-wheat-diseases|43|2019,reused_development_2019,65,120.0,2019-06-04,True,7.0,7.0,3.0,3.0,True,True,False,False
basf-wheat-diseases|44|2019,reused_development_2019,65,120.0,2019-06-06,True,7.0,7.0,3.0,3.0,True,True,False,False
basf-wheat-diseases|45|2019,reused_development_2019,65,120.0,2019-05-31,True,7.0,7.0,3.0,3.0,True,True,False,False
basf-wheat-diseases|46|2019,reused_development_2019,65,120.0,2019-06-01,True,7.0,7.0,3.0,3.0,True,True,False,False
basf-wheat-diseases|47|2019,reused_development_2019,65,120.0,2019-06-04,True,7.0,7.0,3.0,3.0,True,True,False,False
basf-wheat-diseases|48|2019,reused_development_2019,65,120.0,2019-06-06,True,7.0,7.0,3.0,3.0,True,True,False,False
basf-wheat-diseases|49|2019,reused_development_2019,65,120.0,2019-06-07,True,7.0,7.0,3.0,3.0,True,True,False,False
basf-wheat-diseases|50|2019,reused_development_2019,65,120.0,2019-06-06,True,7.0,7.0,3.0,3.0,True,True,False,False
basf-wheat-diseases|51|2019,reused_development_2019,65,120.0,2019-06-06,True,7.0,7.0,3.0,3.0,True,True,False,False
basf-wheat-diseases|52|2019,reused_development_2019,65,120.0,2019-06-08,True,7.0,7.0,3.0,3.0,True,True,False,False
basf-wheat-diseases|53|2019,reused_development_2019,65,120.0,2019-06-10,True,7.0,7.0,3.0,3.0,True,True,False,False
basf-wheat-diseases|54|2019,reused_development_2019,65,120.0,2019-06-07,True,7.0,7.0,3.0,3.0,True,True,False,False
basf-wheat-diseases|55|2019,reused_development_2019,65,120.0,2019-06-06,True,7.0,7.0,3.0,3.0,True,True,False,False
basf-wheat-diseases|56|2019,reused_development_2019,65,120.0,2019-06-06,True,7.0,7.0,3.0,3.0,True,True,False,False
basf-wheat-diseases|57|2019,reused_development_2019,65,120.0,2019-06-10,True,7.0,7.0,3.0,3.0,True,True,False,False
basf-wheat-diseases|58|2019,reused_development_2019,65,120.0,2019-06-07,True,7.0,7.0,3.0,3.0,True,True,False,False
basf-wheat-diseases|59|2019,reused_development_2019,65,120.0,2019-06-06,True,7.0,7.0,3.0,3.0,True,True,False,False
basf-wheat-diseases|60|2019,reused_development_2019,65,120.0,2019-05-26,True,7.0,7.0,3.0,3.0,True,True,False,False
basf-wheat-diseases|61|2019,reused_development_2019,65,120.0,2019-05-25,True,7.0,7.0,3.0,3.0,True,True,False,False
basf-wheat-diseases|62|2019,reused_development_2019,65,120.0,2019-06-14,True,7.0,7.0,3.0,3.0,True,True,False,False
basf-wheat-diseases|63|2019,reused_development_2019,65,120.0,2019-06-23,True,7.0,7.0,3.0,3.0,True,True,False,False
basf-wheat-diseases|64|2019,reused_development_2019,65,120.0,2019-06-05,True,7.0,7.0,3.0,3.0,True,True,False,False
basf-wheat-diseases|65|2019,reused_development_2019,65,120.0,2019-06-08,True,7.0,7.0,3.0,3.0,True,True,False,False
basf-wheat-diseases|66|2019,reused_development_2019,65,120.0,2019-06-09,True,7.0,7.0,3.0,3.0,True,True,False,False
basf-wheat-diseases|67|2019,reused_development_2019,65,120.0,2019-06-09,True,7.0,7.0,3.0,3.0,True,True,False,False
basf-wheat-diseases|68|2019,reused_development_2019,65,120.0,2019-06-07,True,7.0,7.0,3.0,3.0,True,True,False,False
basf-wheat-diseases|69|2019,reused_development_2019,65,120.0,,False,,,,,,,False,False
basf-wheat-diseases|70|2019,reused_development_2019,65,120.0,,False,,,,,,,False,False
basf-wheat-diseases|71|2019,reused_development_2019,65,120.0,,False,,,,,,,False,False
basf-wheat-diseases|72|2019,reused_development_2019,65,120.0,2019-06-08,True,7.0,7.0,3.0,3.0,True,True,False,False
basf-wheat-diseases|73|2019,reused_development_2019,65,120.0,2019-06-09,True,7.0,7.0,3.0,3.0,True,True,False,False
basf-wheat-diseases|74|2019,reused_development_2019,65,120.0,2019-06-09,True,7.0,7.0,3.0,3.0,True,True,False,False
basf-wheat-diseases|75|2019,reused_development_2019,65,120.0,2019-06-08,True,7.0,7.0,3.0,3.0,True,True,False,False
basf-wheat-diseases|31|2019,reused_development_2019,85,120.0,,False,,,,,,,False,False
basf-wheat-diseases|32|2019,reused_development_2019,85,120.0,,False,,,,,,,False,False
basf-wheat-diseases|33|2019,reused_development_2019,85,120.0,,False,,,,,,,False,False
basf-wheat-diseases|34|2019,reused_development_2019,85,120.0,,False,,,,,,,False,False
basf-wheat-diseases|35|2019,reused_development_2019,85,120.0,,False,,,,,,,False,False
basf-wheat-diseases|36|2019,reused_development_2019,85,120.0,,False,,,,,,,False,False
basf-wheat-diseases|37|2019,reused_development_2019,85,120.0,,False,,,,,,,False,False
basf-wheat-diseases|38|2019,reused_development_2019,85,120.0,,False,,,,,,,False,False
basf-wheat-diseases|39|2019,reused_development_2019,85,120.0,,False,,,,,,,False,False
basf-wheat-diseases|40|2019,reused_development_2019,85,120.0,,False,,,,,,,False,False
basf-wheat-diseases|41|2019,reused_development_2019,85,120.0,,False,,,,,,,False,False
basf-wheat-diseases|42|2019,reused_development_2019,85,120.0,,False,,,,,,,False,False
basf-wheat-diseases|43|2019,reused_development_2019,85,120.0,,False,,,,,,,False,False
basf-wheat-diseases|44|2019,reused_development_2019,85,120.0,,False,,,,,,,False,False
basf-wheat-diseases|45|2019,reused_development_2019,85,120.0,,False,,,,,,,False,False
basf-wheat-diseases|46|2019,reused_development_2019,85,120.0,,False,,,,,,,False,False
basf-wheat-diseases|47|2019,reused_development_2019,85,120.0,,False,,,,,,,False,False
basf-wheat-diseases|48|2019,reused_development_2019,85,120.0,,False,,,,,,,False,False
basf-wheat-diseases|49|2019,reused_development_2019,85,120.0,,False,,,,,,,False,False
basf-wheat-diseases|50|2019,reused_development_2019,85,120.0,,False,,,,,,,False,False
basf-wheat-diseases|51|2019,reused_development_2019,85,120.0,,False,,,,,,,False,False
basf-wheat-diseases|52|2019,reused_development_2019,85,120.0,,False,,,,,,,False,False
basf-wheat-diseases|53|2019,reused_development_2019,85,120.0,,False,,,,,,,False,False
basf-wheat-diseases|54|2019,reused_development_2019,85,120.0,,False,,,,,,,False,False
basf-wheat-diseases|55|2019,reused_development_2019,85,120.0,,False,,,,,,,False,False
basf-wheat-diseases|56|2019,reused_development_2019,85,120.0,,False,,,,,,,False,False
basf-wheat-diseases|57|2019,reused_development_2019,85,120.0,,False,,,,,,,False,False
basf-wheat-diseases|58|2019,reused_development_2019,85,120.0,,False,,,,,,,False,False
basf-wheat-diseases|59|2019,reused_development_2019,85,120.0,,False,,,,,,,False,False
basf-wheat-diseases|60|2019,reused_development_2019,85,120.0,,False,,,,,,,False,False
basf-wheat-diseases|61|2019,reused_development_2019,85,120.0,,False,,,,,,,False,False
basf-wheat-diseases|62|2019,reused_development_2019,85,120.0,,False,,,,,,,False,False
basf-wheat-diseases|63|2019,reused_development_2019,85,120.0,,False,,,,,,,False,False
basf-wheat-diseases|64|2019,reused_development_2019,85,120.0,,False,,,,,,,False,False
basf-wheat-diseases|65|2019,reused_development_2019,85,120.0,,False,,,,,,,False,False
basf-wheat-diseases|66|2019,reused_development_2019,85,120.0,,False,,,,,,,False,False
basf-wheat-diseases|67|2019,reused_development_2019,85,120.0,,False,,,,,,,False,False
basf-wheat-diseases|68|2019,reused_development_2019,85,120.0,,False,,,,,,,False,False
basf-wheat-diseases|69|2019,reused_development_2019,85,120.0,,False,,,,,,,False,False
basf-wheat-diseases|70|2019,reused_development_2019,85,120.0,,False,,,,,,,False,False
basf-wheat-diseases|71|2019,reused_development_2019,85,120.0,,False,,,,,,,False,False
basf-wheat-diseases|72|2019,reused_development_2019,85,120.0,,False,,,,,,,False,False
basf-wheat-diseases|73|2019,reused_development_2019,85,120.0,,False,,,,,,,False,False
basf-wheat-diseases|74|2019,reused_development_2019,85,120.0,,False,,,,,,,False,False
basf-wheat-diseases|75|2019,reused_development_2019,85,120.0,,False,,,,,,,False,False
basf-wheat-diseases|31|2019,reused_development_2019,10,160.0,2018-10-11,True,3.0,0.0,0.0,0.0,False,False,False,False
basf-wheat-diseases|32|2019,reused_development_2019,10,160.0,2018-10-11,True,3.0,0.0,0.0,0.0,False,False,False,False
basf-wheat-diseases|33|2019,reused_development_2019,10,160.0,2018-10-11,True,3.0,0.0,0.0,0.0,False,False,False,False
basf-wheat-diseases|34|2019,reused_development_2019,10,160.0,2018-10-11,True,3.0,0.0,0.0,0.0,False,False,False,False
basf-wheat-diseases|35|2019,reused_development_2019,10,160.0,2018-10-14,True,3.0,0.0,0.0,0.0,False,False,False,False
basf-wheat-diseases|36|2019,reused_development_2019,10,160.0,2018-10-11,True,3.0,0.0,0.0,0.0,False,False,False,False
basf-wheat-diseases|37|2019,reused_development_2019,10,160.0,2018-10-12,True,3.0,0.0,0.0,0.0,False,False,False,False
basf-wheat-diseases|38|2019,reused_development_2019,10,160.0,2018-10-12,True,3.0,0.0,0.0,0.0,False,False,False,False
basf-wheat-diseases|39|2019,reused_development_2019,10,160.0,2018-11-01,True,3.0,0.0,0.0,0.0,False,False,False,False
basf-wheat-diseases|40|2019,reused_development_2019,10,160.0,2018-10-25,True,3.0,0.0,0.0,0.0,False,False,False,False
basf-wheat-diseases|41|2019,reused_development_2019,10,160.0,2018-10-25,True,3.0,0.0,0.0,0.0,False,False,False,False
basf-wheat-diseases|42|2019,reused_development_2019,10,160.0,2018-11-15,True,3.0,0.0,0.0,0.0,False,False,False,False
basf-wheat-diseases|43|2019,reused_development_2019,10,160.0,2018-11-15,True,3.0,0.0,0.0,0.0,False,False,False,False
basf-wheat-diseases|44|2019,reused_development_2019,10,160.0,2018-11-15,True,3.0,0.0,0.0,0.0,False,False,False,False
basf-wheat-diseases|45|2019,reused_development_2019,10,160.0,2018-11-14,True,3.0,0.0,0.0,0.0,False,False,False,False
basf-wheat-diseases|46|2019,reused_development_2019,10,160.0,2018-11-14,True,3.0,0.0,0.0,0.0,False,False,False,False
basf-wheat-diseases|47|2019,reused_development_2019,10,160.0,2018-11-15,True,3.0,0.0,0.0,0.0,False,False,False,False
basf-wheat-diseases|48|2019,reused_development_2019,10,160.0,2018-10-13,True,3.0,0.0,0.0,0.0,False,False,False,False
basf-wheat-diseases|49|2019,reused_development_2019,10,160.0,2018-10-14,True,3.0,0.0,0.0,0.0,False,False,False,False
basf-wheat-diseases|50|2019,reused_development_2019,10,160.0,2018-10-14,True,3.0,0.0,0.0,0.0,False,False,False,False
basf-wheat-diseases|51|2019,reused_development_2019,10,160.0,2018-10-14,True,3.0,0.0,0.0,0.0,False,False,False,False
basf-wheat-diseases|52|2019,reused_development_2019,10,160.0,2018-10-14,True,3.0,0.0,0.0,0.0,False,False,False,False
basf-wheat-diseases|53|2019,reused_development_2019,10,160.0,2018-10-15,True,3.0,0.0,0.0,0.0,False,False,False,False
basf-wheat-diseases|54|2019,reused_development_2019,10,160.0,2018-10-14,True,3.0,0.0,0.0,0.0,False,False,False,False
basf-wheat-diseases|55|2019,reused_development_2019,10,160.0,2018-10-14,True,3.0,0.0,0.0,0.0,False,False,False,False
basf-wheat-diseases|56|2019,reused_development_2019,10,160.0,2018-10-14,True,3.0,0.0,0.0,0.0,False,False,False,False
basf-wheat-diseases|57|2019,reused_development_2019,10,160.0,2018-10-15,True,3.0,0.0,0.0,0.0,False,False,False,False
basf-wheat-diseases|58|2019,reused_development_2019,10,160.0,2018-10-14,True,3.0,0.0,0.0,0.0,False,False,False,False
basf-wheat-diseases|59|2019,reused_development_2019,10,160.0,2018-10-14,True,3.0,0.0,0.0,0.0,False,False,False,False
basf-wheat-diseases|60|2019,reused_development_2019,10,160.0,2018-10-11,True,3.0,0.0,0.0,0.0,False,False,False,False
basf-wheat-diseases|61|2019,reused_development_2019,10,160.0,2018-10-11,True,3.0,0.0,0.0,0.0,False,False,False,False
basf-wheat-diseases|62|2019,reused_development_2019,10,160.0,2018-10-14,True,3.0,0.0,0.0,0.0,False,False,False,False
basf-wheat-diseases|63|2019,reused_development_2019,10,160.0,2018-10-17,True,3.0,0.0,0.0,0.0,False,False,False,False
basf-wheat-diseases|64|2019,reused_development_2019,10,160.0,2018-10-12,True,3.0,0.0,0.0,0.0,False,False,False,False
basf-wheat-diseases|65|2019,reused_development_2019,10,160.0,2018-11-16,True,3.0,0.0,0.0,0.0,False,False,False,False
basf-wheat-diseases|66|2019,reused_development_2019,10,160.0,2018-11-14,True,3.0,0.0,0.0,0.0,False,False,False,False
basf-wheat-diseases|67|2019,reused_development_2019,10,160.0,2018-11-14,True,3.0,0.0,0.0,0.0,False,False,False,False
basf-wheat-diseases|68|2019,reused_development_2019,10,160.0,2018-11-15,True,3.0,0.0,0.0,0.0,False,False,False,False
basf-wheat-diseases|69|2019,reused_development_2019,10,160.0,2018-11-15,True,3.0,0.0,0.0,0.0,False,False,False,False
basf-wheat-diseases|70|2019,reused_development_2019,10,160.0,2018-11-15,True,3.0,0.0,0.0,0.0,False,False,False,False
basf-wheat-diseases|71|2019,reused_development_2019,10,160.0,2018-11-14,True,3.0,0.0,0.0,0.0,False,False,False,False
basf-wheat-diseases|72|2019,reused_development_2019,10,160.0,2018-11-16,True,3.0,0.0,0.0,0.0,False,False,False,False
basf-wheat-diseases|73|2019,reused_development_2019,10,160.0,2018-11-15,True,3.0,0.0,0.0,0.0,False,False,False,False
basf-wheat-diseases|74|2019,reused_development_2019,10,160.0,2018-11-14,True,3.0,0.0,0.0,0.0,False,False,False,False
basf-wheat-diseases|75|2019,reused_development_2019,10,160.0,2018-11-14,True,3.0,0.0,0.0,0.0,False,False,False,False
basf-wheat-diseases|31|2019,reused_development_2019,31,160.0,2019-04-03,True,6.0,5.0,2.0,1.0,False,False,False,False
basf-wheat-diseases|32|2019,reused_development_2019,31,160.0,2019-04-03,True,6.0,5.0,2.0,1.0,False,False,False,False
basf-wheat-diseases|33|2019,reused_development_2019,31,160.0,2019-04-03,True,6.0,5.0,2.0,1.0,False,False,False,False
basf-wheat-diseases|34|2019,reused_development_2019,31,160.0,2019-04-03,True,6.0,5.0,2.0,1.0,False,False,False,False
basf-wheat-diseases|35|2019,reused_development_2019,31,160.0,2019-04-19,True,6.0,5.0,2.0,1.0,False,False,False,False
basf-wheat-diseases|36|2019,reused_development_2019,31,160.0,2019-03-30,True,6.0,5.0,2.0,1.0,False,False,False,False
basf-wheat-diseases|37|2019,reused_development_2019,31,160.0,2019-04-15,True,6.0,5.0,2.0,1.0,False,False,False,False
basf-wheat-diseases|38|2019,reused_development_2019,31,160.0,2019-04-18,True,6.0,5.0,2.0,1.0,False,False,False,False
basf-wheat-diseases|39|2019,reused_development_2019,31,160.0,2019-04-16,True,6.0,5.0,2.0,1.0,False,False,False,False
basf-wheat-diseases|40|2019,reused_development_2019,31,160.0,2019-04-27,True,6.0,5.0,2.0,1.0,False,False,False,False
basf-wheat-diseases|41|2019,reused_development_2019,31,160.0,2019-04-26,True,6.0,5.0,2.0,1.0,False,False,False,False
basf-wheat-diseases|42|2019,reused_development_2019,31,160.0,2019-04-10,True,6.0,5.0,2.0,1.0,False,False,False,False
basf-wheat-diseases|43|2019,reused_development_2019,31,160.0,2019-04-10,True,6.0,5.0,2.0,1.0,False,False,False,False
basf-wheat-diseases|44|2019,reused_development_2019,31,160.0,2019-04-10,True,6.0,5.0,2.0,1.0,False,False,False,False
basf-wheat-diseases|45|2019,reused_development_2019,31,160.0,2019-03-31,True,6.0,5.0,2.0,1.0,False,False,False,False
basf-wheat-diseases|46|2019,reused_development_2019,31,160.0,2019-04-06,True,6.0,5.0,2.0,1.0,False,False,False,False
basf-wheat-diseases|47|2019,reused_development_2019,31,160.0,2019-04-10,True,6.0,5.0,2.0,1.0,False,False,False,False
basf-wheat-diseases|48|2019,reused_development_2019,31,160.0,2019-04-18,True,6.0,5.0,2.0,1.0,False,False,False,False
basf-wheat-diseases|49|2019,reused_development_2019,31,160.0,2019-04-20,True,6.0,5.0,2.0,1.0,False,False,False,False
basf-wheat-diseases|50|2019,reused_development_2019,31,160.0,2019-04-19,True,6.0,5.0,2.0,1.0,False,False,False,False
basf-wheat-diseases|51|2019,reused_development_2019,31,160.0,2019-04-17,True,6.0,5.0,2.0,1.0,False,False,False,False
basf-wheat-diseases|52|2019,reused_development_2019,31,160.0,2019-04-21,True,6.0,5.0,2.0,1.0,False,False,False,False
basf-wheat-diseases|53|2019,reused_development_2019,31,160.0,2019-04-24,True,6.0,5.0,2.0,1.0,False,False,False,False
basf-wheat-diseases|54|2019,reused_development_2019,31,160.0,2019-04-20,True,6.0,5.0,2.0,1.0,False,False,False,False
basf-wheat-diseases|55|2019,reused_development_2019,31,160.0,2019-04-19,True,6.0,5.0,2.0,1.0,False,False,False,False
basf-wheat-diseases|56|2019,reused_development_2019,31,160.0,2019-04-17,True,6.0,5.0,2.0,1.0,False,False,False,False
basf-wheat-diseases|57|2019,reused_development_2019,31,160.0,2019-04-24,True,6.0,5.0,2.0,1.0,False,False,False,False
basf-wheat-diseases|58|2019,reused_development_2019,31,160.0,2019-04-19,True,6.0,5.0,2.0,1.0,False,False,False,False
basf-wheat-diseases|59|2019,reused_development_2019,31,160.0,2019-04-19,True,6.0,5.0,2.0,1.0,False,False,False,False
basf-wheat-diseases|60|2019,reused_development_2019,31,160.0,2019-04-09,True,6.0,5.0,2.0,1.0,False,False,False,False
basf-wheat-diseases|61|2019,reused_development_2019,31,160.0,2019-04-07,True,6.0,5.0,2.0,1.0,False,False,False,False
basf-wheat-diseases|62|2019,reused_development_2019,31,160.0,2019-04-26,True,6.0,5.0,2.0,1.0,False,False,False,False
basf-wheat-diseases|63|2019,reused_development_2019,31,160.0,2019-05-11,True,6.0,5.0,2.0,1.0,False,False,False,False
basf-wheat-diseases|64|2019,reused_development_2019,31,160.0,2019-04-18,True,6.0,5.0,2.0,1.0,False,False,False,False
basf-wheat-diseases|65|2019,reused_development_2019,31,160.0,2019-04-07,True,6.0,5.0,2.0,1.0,False,False,False,False
basf-wheat-diseases|66|2019,reused_development_2019,31,160.0,2019-04-15,True,6.0,5.0,2.0,1.0,False,False,False,False
basf-wheat-diseases|67|2019,reused_development_2019,31,160.0,2019-04-15,True,6.0,5.0,2.0,1.0,False,False,False,False
basf-wheat-diseases|68|2019,reused_development_2019,31,160.0,2019-04-12,True,6.0,5.0,2.0,1.0,False,False,False,False
basf-wheat-diseases|69|2019,reused_development_2019,31,160.0,2019-04-13,True,6.0,5.0,2.0,1.0,False,False,False,False
basf-wheat-diseases|70|2019,reused_development_2019,31,160.0,2019-04-13,True,6.0,5.0,2.0,1.0,False,False,False,False
basf-wheat-diseases|71|2019,reused_development_2019,31,160.0,2019-04-12,True,6.0,5.0,2.0,1.0,False,False,False,False
basf-wheat-diseases|72|2019,reused_development_2019,31,160.0,2019-04-07,True,6.0,5.0,2.0,1.0,False,False,False,False
basf-wheat-diseases|73|2019,reused_development_2019,31,160.0,2019-04-15,True,6.0,5.0,2.0,1.0,False,False,False,False
basf-wheat-diseases|74|2019,reused_development_2019,31,160.0,2019-04-13,True,6.0,5.0,2.0,1.0,False,False,False,False
basf-wheat-diseases|75|2019,reused_development_2019,31,160.0,2019-04-12,True,6.0,5.0,2.0,1.0,False,False,False,False
basf-wheat-diseases|31|2019,reused_development_2019,32,160.0,2019-04-15,True,6.0,5.0,2.0,1.0,False,False,False,False
basf-wheat-diseases|32|2019,reused_development_2019,32,160.0,2019-04-15,True,6.0,5.0,2.0,1.0,False,False,False,False
basf-wheat-diseases|33|2019,reused_development_2019,32,160.0,2019-04-15,True,6.0,5.0,2.0,1.0,False,False,False,False
basf-wheat-diseases|34|2019,reused_development_2019,32,160.0,2019-04-15,True,6.0,5.0,2.0,1.0,False,False,False,False
basf-wheat-diseases|35|2019,reused_development_2019,32,160.0,2019-04-27,True,6.0,5.0,2.0,1.0,False,False,False,False
basf-wheat-diseases|36|2019,reused_development_2019,32,160.0,2019-04-14,True,6.0,5.0,2.0,1.0,False,False,False,False
basf-wheat-diseases|37|2019,reused_development_2019,32,160.0,2019-04-23,True,6.0,5.0,2.0,1.0,False,False,False,False
basf-wheat-diseases|38|2019,reused_development_2019,32,160.0,2019-04-25,True,6.0,5.0,2.0,1.0,False,False,False,False
basf-wheat-diseases|39|2019,reused_development_2019,32,160.0,2019-04-24,True,6.0,5.0,2.0,1.0,False,False,False,False
basf-wheat-diseases|40|2019,reused_development_2019,32,160.0,2019-05-08,True,6.0,5.0,2.0,1.0,False,False,False,False
basf-wheat-diseases|41|2019,reused_development_2019,32,160.0,2019-05-08,True,6.0,5.0,2.0,1.0,False,False,False,False
basf-wheat-diseases|42|2019,reused_development_2019,32,160.0,2019-04-21,True,6.0,5.0,2.0,1.0,False,False,False,False
basf-wheat-diseases|43|2019,reused_development_2019,32,160.0,2019-04-21,True,6.0,5.0,2.0,1.0,False,False,False,False
basf-wheat-diseases|44|2019,reused_development_2019,32,160.0,2019-04-21,True,6.0,5.0,2.0,1.0,False,False,False,False
basf-wheat-diseases|45|2019,reused_development_2019,32,160.0,2019-04-16,True,6.0,5.0,2.0,1.0,False,False,False,False
basf-wheat-diseases|46|2019,reused_development_2019,32,160.0,2019-04-18,True,6.0,5.0,2.0,1.0,False,False,False,False
basf-wheat-diseases|47|2019,reused_development_2019,32,160.0,2019-04-21,True,6.0,5.0,2.0,1.0,False,False,False,False
basf-wheat-diseases|48|2019,reused_development_2019,32,160.0,2019-04-26,True,6.0,6.0,2.0,2.0,False,False,False,False
basf-wheat-diseases|49|2019,reused_development_2019,32,160.0,2019-04-27,True,6.0,5.0,2.0,1.0,False,False,False,False
basf-wheat-diseases|50|2019,reused_development_2019,32,160.0,2019-04-26,True,6.0,5.0,2.0,1.0,False,False,False,False
basf-wheat-diseases|51|2019,reused_development_2019,32,160.0,2019-04-25,True,6.0,5.0,2.0,1.0,False,False,False,False
basf-wheat-diseases|52|2019,reused_development_2019,32,160.0,2019-04-29,True,6.0,5.0,2.0,1.0,False,False,False,False
basf-wheat-diseases|53|2019,reused_development_2019,32,160.0,2019-05-02,True,6.0,5.0,2.0,1.0,False,False,False,False
basf-wheat-diseases|54|2019,reused_development_2019,32,160.0,2019-04-27,True,6.0,5.0,2.0,1.0,False,False,False,False
basf-wheat-diseases|55|2019,reused_development_2019,32,160.0,2019-04-26,True,6.0,5.0,2.0,1.0,False,False,False,False
basf-wheat-diseases|56|2019,reused_development_2019,32,160.0,2019-04-25,True,6.0,5.0,2.0,1.0,False,False,False,False
basf-wheat-diseases|57|2019,reused_development_2019,32,160.0,2019-05-02,True,6.0,5.0,2.0,1.0,False,False,False,False
basf-wheat-diseases|58|2019,reused_development_2019,32,160.0,2019-04-27,True,6.0,5.0,2.0,1.0,False,False,False,False
basf-wheat-diseases|59|2019,reused_development_2019,32,160.0,2019-04-26,True,6.0,5.0,2.0,1.0,False,False,False,False
basf-wheat-diseases|60|2019,reused_development_2019,32,160.0,2019-04-21,True,6.0,5.0,2.0,1.0,False,False,False,False
basf-wheat-diseases|61|2019,reused_development_2019,32,160.0,2019-04-19,True,6.0,5.0,2.0,1.0,False,False,False,False
basf-wheat-diseases|62|2019,reused_development_2019,32,160.0,2019-05-07,True,6.0,5.0,2.0,1.0,False,False,False,False
basf-wheat-diseases|63|2019,reused_development_2019,32,160.0,2019-05-21,True,6.0,5.0,2.0,1.0,False,False,False,False
basf-wheat-diseases|64|2019,reused_development_2019,32,160.0,2019-04-26,True,6.0,5.0,2.0,1.0,False,False,False,False
basf-wheat-diseases|65|2019,reused_development_2019,32,160.0,2019-04-20,True,6.0,5.0,2.0,1.0,False,False,False,False
basf-wheat-diseases|66|2019,reused_development_2019,32,160.0,2019-04-24,True,6.0,5.0,2.0,1.0,False,False,False,False
basf-wheat-diseases|67|2019,reused_development_2019,32,160.0,2019-04-24,True,6.0,5.0,2.0,1.0,False,False,False,False
basf-wheat-diseases|68|2019,reused_development_2019,32,160.0,2019-04-23,True,6.0,5.0,2.0,1.0,False,False,False,False
basf-wheat-diseases|69|2019,reused_development_2019,32,160.0,2019-04-23,True,6.0,5.0,2.0,1.0,False,False,False,False
basf-wheat-diseases|70|2019,reused_development_2019,32,160.0,2019-04-23,True,6.0,5.0,2.0,1.0,False,False,False,False
basf-wheat-diseases|71|2019,reused_development_2019,32,160.0,2019-04-22,True,6.0,5.0,2.0,1.0,False,False,False,False
basf-wheat-diseases|72|2019,reused_development_2019,32,160.0,2019-04-20,True,6.0,5.0,2.0,1.0,False,False,False,False
basf-wheat-diseases|73|2019,reused_development_2019,32,160.0,2019-04-24,True,6.0,5.0,2.0,1.0,False,False,False,False
basf-wheat-diseases|74|2019,reused_development_2019,32,160.0,2019-04-23,True,6.0,5.0,2.0,1.0,False,False,False,False
basf-wheat-diseases|75|2019,reused_development_2019,32,160.0,2019-04-22,True,6.0,5.0,2.0,1.0,False,False,False,False
basf-wheat-diseases|31|2019,reused_development_2019,33,160.0,2019-04-20,True,6.0,6.0,2.0,2.0,False,False,False,False
basf-wheat-diseases|32|2019,reused_development_2019,33,160.0,2019-04-20,True,6.0,6.0,2.0,2.0,False,False,False,False
basf-wheat-diseases|33|2019,reused_development_2019,33,160.0,2019-04-20,True,6.0,6.0,2.0,2.0,False,False,False,False
basf-wheat-diseases|34|2019,reused_development_2019,33,160.0,2019-04-20,True,6.0,6.0,2.0,2.0,False,False,False,False
basf-wheat-diseases|35|2019,reused_development_2019,33,160.0,2019-05-01,True,6.0,6.0,2.0,2.0,False,False,False,False
basf-wheat-diseases|36|2019,reused_development_2019,33,160.0,2019-04-17,True,6.0,6.0,2.0,2.0,False,False,False,False
basf-wheat-diseases|37|2019,reused_development_2019,33,160.0,2019-04-26,True,6.0,6.0,2.0,2.0,False,False,False,False
basf-wheat-diseases|38|2019,reused_development_2019,33,160.0,2019-04-29,True,6.0,6.0,2.0,2.0,False,False,False,False
basf-wheat-diseases|39|2019,reused_development_2019,33,160.0,2019-04-26,True,6.0,6.0,2.0,2.0,False,False,False,False
basf-wheat-diseases|40|2019,reused_development_2019,33,160.0,2019-05-12,True,6.0,6.0,2.0,2.0,False,False,False,False
basf-wheat-diseases|41|2019,reused_development_2019,33,160.0,2019-05-11,True,6.0,6.0,2.0,2.0,False,False,False,False
basf-wheat-diseases|42|2019,reused_development_2019,33,160.0,2019-04-24,True,6.0,6.0,2.0,2.0,False,False,False,False
basf-wheat-diseases|43|2019,reused_development_2019,33,160.0,2019-04-23,True,6.0,6.0,2.0,2.0,False,False,False,False
basf-wheat-diseases|44|2019,reused_development_2019,33,160.0,2019-04-24,True,6.0,6.0,2.0,2.0,False,False,False,False
basf-wheat-diseases|45|2019,reused_development_2019,33,160.0,2019-04-19,True,6.0,6.0,2.0,2.0,False,False,False,False
basf-wheat-diseases|46|2019,reused_development_2019,33,160.0,2019-04-21,True,6.0,6.0,2.0,2.0,False,False,False,False
basf-wheat-diseases|47|2019,reused_development_2019,33,160.0,2019-04-23,True,6.0,6.0,2.0,2.0,False,False,False,False
basf-wheat-diseases|48|2019,reused_development_2019,33,160.0,2019-04-28,True,6.0,6.0,2.0,2.0,False,False,False,False
basf-wheat-diseases|49|2019,reused_development_2019,33,160.0,2019-04-30,True,6.0,6.0,2.0,2.0,False,False,False,False
basf-wheat-diseases|50|2019,reused_development_2019,33,160.0,2019-04-29,True,6.0,6.0,2.0,2.0,False,False,False,False
basf-wheat-diseases|51|2019,reused_development_2019,33,160.0,2019-04-28,True,6.0,6.0,2.0,2.0,False,False,False,False
basf-wheat-diseases|52|2019,reused_development_2019,33,160.0,2019-05-02,True,6.0,6.0,2.0,2.0,False,False,False,False
basf-wheat-diseases|53|2019,reused_development_2019,33,160.0,2019-05-07,True,6.0,6.0,2.0,2.0,False,False,False,False
basf-wheat-diseases|54|2019,reused_development_2019,33,160.0,2019-04-30,True,6.0,6.0,2.0,2.0,False,False,False,False
basf-wheat-diseases|55|2019,reused_development_2019,33,160.0,2019-04-29,True,6.0,6.0,2.0,2.0,False,False,False,False
basf-wheat-diseases|56|2019,reused_development_2019,33,160.0,2019-04-28,True,6.0,6.0,2.0,2.0,False,False,False,False
basf-wheat-diseases|57|2019,reused_development_2019,33,160.0,2019-05-07,True,6.0,6.0,2.0,2.0,False,False,False,False
basf-wheat-diseases|58|2019,reused_development_2019,33,160.0,2019-04-30,True,6.0,6.0,2.0,2.0,False,False,False,False
basf-wheat-diseases|59|2019,reused_development_2019,33,160.0,2019-04-29,True,6.0,6.0,2.0,2.0,False,False,False,False
basf-wheat-diseases|60|2019,reused_development_2019,33,160.0,2019-04-24,True,6.0,6.0,2.0,2.0,False,False,False,False
basf-wheat-diseases|61|2019,reused_development_2019,33,160.0,2019-04-23,True,6.0,6.0,2.0,2.0,False,False,False,False
basf-wheat-diseases|62|2019,reused_development_2019,33,160.0,2019-05-11,True,6.0,6.0,2.0,2.0,False,False,False,False
basf-wheat-diseases|63|2019,reused_development_2019,33,160.0,2019-05-24,True,6.0,6.0,2.0,2.0,False,False,False,False
basf-wheat-diseases|64|2019,reused_development_2019,33,160.0,2019-04-29,True,6.0,6.0,2.0,2.0,False,False,False,False
basf-wheat-diseases|65|2019,reused_development_2019,33,160.0,2019-04-23,True,6.0,6.0,2.0,2.0,False,False,False,False
basf-wheat-diseases|66|2019,reused_development_2019,33,160.0,2019-04-28,True,6.0,6.0,2.0,2.0,False,False,False,False
basf-wheat-diseases|67|2019,reused_development_2019,33,160.0,2019-04-28,True,6.0,6.0,2.0,2.0,False,False,False,False
basf-wheat-diseases|68|2019,reused_development_2019,33,160.0,2019-04-26,True,6.0,6.0,2.0,2.0,False,False,False,False
basf-wheat-diseases|69|2019,reused_development_2019,33,160.0,2019-04-26,True,6.0,6.0,2.0,2.0,False,False,False,False
basf-wheat-diseases|70|2019,reused_development_2019,33,160.0,2019-04-26,True,6.0,6.0,2.0,2.0,False,False,False,False
basf-wheat-diseases|71|2019,reused_development_2019,33,160.0,2019-04-26,True,6.0,6.0,2.0,2.0,False,False,False,False
basf-wheat-diseases|72|2019,reused_development_2019,33,160.0,2019-04-23,True,6.0,6.0,2.0,2.0,False,False,False,False
basf-wheat-diseases|73|2019,reused_development_2019,33,160.0,2019-04-27,True,6.0,6.0,2.0,2.0,False,False,False,False
basf-wheat-diseases|74|2019,reused_development_2019,33,160.0,2019-04-26,True,6.0,6.0,2.0,2.0,False,False,False,False
basf-wheat-diseases|75|2019,reused_development_2019,33,160.0,2019-04-26,True,6.0,6.0,2.0,2.0,False,False,False,False
basf-wheat-diseases|31|2019,reused_development_2019,37,160.0,2019-04-24,True,7.0,6.0,3.0,2.0,True,False,False,False
basf-wheat-diseases|32|2019,reused_development_2019,37,160.0,2019-04-24,True,7.0,6.0,3.0,2.0,True,False,False,False
basf-wheat-diseases|33|2019,reused_development_2019,37,160.0,2019-04-24,True,7.0,6.0,3.0,2.0,True,False,False,False
basf-wheat-diseases|34|2019,reused_development_2019,37,160.0,2019-04-24,True,7.0,6.0,3.0,2.0,True,False,False,False
basf-wheat-diseases|35|2019,reused_development_2019,37,160.0,2019-05-05,True,7.0,6.0,3.0,2.0,True,False,False,False
basf-wheat-diseases|36|2019,reused_development_2019,37,160.0,2019-04-19,True,7.0,6.0,3.0,2.0,True,False,False,False
basf-wheat-diseases|37|2019,reused_development_2019,37,160.0,2019-05-01,True,7.0,6.0,3.0,2.0,True,False,False,False
basf-wheat-diseases|38|2019,reused_development_2019,37,160.0,2019-05-04,True,7.0,6.0,3.0,2.0,True,False,False,False
basf-wheat-diseases|39|2019,reused_development_2019,37,160.0,2019-05-01,True,7.0,6.0,3.0,2.0,True,False,False,False
basf-wheat-diseases|40|2019,reused_development_2019,37,160.0,2019-05-16,True,7.0,6.0,3.0,2.0,True,False,False,False
basf-wheat-diseases|41|2019,reused_development_2019,37,160.0,2019-05-16,True,7.0,6.0,3.0,2.0,True,False,False,False
basf-wheat-diseases|42|2019,reused_development_2019,37,160.0,2019-04-28,True,7.0,6.0,3.0,2.0,True,False,False,False
basf-wheat-diseases|43|2019,reused_development_2019,37,160.0,2019-04-27,True,7.0,6.0,3.0,2.0,True,False,False,False
basf-wheat-diseases|44|2019,reused_development_2019,37,160.0,2019-04-28,True,7.0,6.0,3.0,2.0,True,False,False,False
basf-wheat-diseases|45|2019,reused_development_2019,37,160.0,2019-04-22,True,7.0,6.0,3.0,2.0,True,False,False,False
basf-wheat-diseases|46|2019,reused_development_2019,37,160.0,2019-04-23,True,7.0,6.0,3.0,2.0,True,False,False,False
basf-wheat-diseases|47|2019,reused_development_2019,37,160.0,2019-04-27,True,7.0,6.0,3.0,2.0,True,False,False,False
basf-wheat-diseases|48|2019,reused_development_2019,37,160.0,2019-05-02,True,7.0,6.0,3.0,2.0,True,False,False,False
basf-wheat-diseases|49|2019,reused_development_2019,37,160.0,2019-05-05,True,7.0,6.0,3.0,2.0,True,False,False,False
basf-wheat-diseases|50|2019,reused_development_2019,37,160.0,2019-05-02,True,7.0,6.0,3.0,2.0,True,False,False,False
basf-wheat-diseases|51|2019,reused_development_2019,37,160.0,2019-05-02,True,7.0,6.0,3.0,2.0,True,False,False,False
basf-wheat-diseases|52|2019,reused_development_2019,37,160.0,2019-05-07,True,7.0,6.0,3.0,2.0,True,False,False,False
basf-wheat-diseases|53|2019,reused_development_2019,37,160.0,2019-05-11,True,7.0,6.0,3.0,2.0,True,False,False,False
basf-wheat-diseases|54|2019,reused_development_2019,37,160.0,2019-05-04,True,7.0,6.0,3.0,2.0,True,False,False,False
basf-wheat-diseases|55|2019,reused_development_2019,37,160.0,2019-05-02,True,7.0,6.0,3.0,2.0,True,False,False,False
basf-wheat-diseases|56|2019,reused_development_2019,37,160.0,2019-05-02,True,7.0,6.0,3.0,2.0,True,False,False,False
basf-wheat-diseases|57|2019,reused_development_2019,37,160.0,2019-05-11,True,7.0,6.0,3.0,2.0,True,False,False,False
basf-wheat-diseases|58|2019,reused_development_2019,37,160.0,2019-05-04,True,7.0,6.0,3.0,2.0,True,False,False,False
basf-wheat-diseases|59|2019,reused_development_2019,37,160.0,2019-05-02,True,7.0,6.0,3.0,2.0,True,False,False,False
basf-wheat-diseases|60|2019,reused_development_2019,37,160.0,2019-04-27,True,7.0,6.0,3.0,2.0,True,False,False,False
basf-wheat-diseases|61|2019,reused_development_2019,37,160.0,2019-04-26,True,7.0,6.0,3.0,2.0,True,False,False,False
basf-wheat-diseases|62|2019,reused_development_2019,37,160.0,2019-05-15,True,7.0,6.0,3.0,2.0,True,False,False,False
basf-wheat-diseases|63|2019,reused_development_2019,37,160.0,2019-05-27,True,7.0,6.0,3.0,2.0,True,False,False,False
basf-wheat-diseases|64|2019,reused_development_2019,37,160.0,2019-05-02,True,7.0,6.0,3.0,2.0,True,False,False,False
basf-wheat-diseases|65|2019,reused_development_2019,37,160.0,2019-04-27,True,7.0,6.0,3.0,2.0,True,False,False,False
basf-wheat-diseases|66|2019,reused_development_2019,37,160.0,2019-05-02,True,7.0,6.0,3.0,2.0,True,False,False,False
basf-wheat-diseases|67|2019,reused_development_2019,37,160.0,2019-05-02,True,7.0,6.0,3.0,2.0,True,False,False,False
basf-wheat-diseases|68|2019,reused_development_2019,37,160.0,2019-04-30,True,7.0,6.0,3.0,2.0,True,False,False,False
basf-wheat-diseases|69|2019,reused_development_2019,37,160.0,2019-05-01,True,7.0,6.0,3.0,2.0,True,False,False,False
basf-wheat-diseases|70|2019,reused_development_2019,37,160.0,2019-05-01,True,7.0,6.0,3.0,2.0,True,False,False,False
basf-wheat-diseases|71|2019,reused_development_2019,37,160.0,2019-04-30,True,7.0,6.0,3.0,2.0,True,False,False,False
basf-wheat-diseases|72|2019,reused_development_2019,37,160.0,2019-04-27,True,7.0,6.0,3.0,2.0,True,False,False,False
basf-wheat-diseases|73|2019,reused_development_2019,37,160.0,2019-05-02,True,7.0,6.0,3.0,2.0,True,False,False,False
basf-wheat-diseases|74|2019,reused_development_2019,37,160.0,2019-05-01,True,7.0,6.0,3.0,2.0,True,False,False,False
basf-wheat-diseases|75|2019,reused_development_2019,37,160.0,2019-04-30,True,7.0,6.0,3.0,2.0,True,False,False,False
basf-wheat-diseases|31|2019,reused_development_2019,39,160.0,2019-05-02,True,7.0,7.0,3.0,3.0,True,True,False,False
basf-wheat-diseases|32|2019,reused_development_2019,39,160.0,2019-05-02,True,7.0,7.0,3.0,3.0,True,True,False,False
basf-wheat-diseases|33|2019,reused_development_2019,39,160.0,2019-05-02,True,7.0,7.0,3.0,3.0,True,True,False,False
basf-wheat-diseases|34|2019,reused_development_2019,39,160.0,2019-05-02,True,7.0,7.0,3.0,3.0,True,True,False,False
basf-wheat-diseases|35|2019,reused_development_2019,39,160.0,2019-05-18,True,7.0,7.0,3.0,3.0,True,True,False,False
basf-wheat-diseases|36|2019,reused_development_2019,39,160.0,2019-04-26,True,7.0,7.0,3.0,3.0,True,True,False,False
basf-wheat-diseases|37|2019,reused_development_2019,39,160.0,2019-05-16,True,7.0,7.0,3.0,3.0,True,True,False,False
basf-wheat-diseases|38|2019,reused_development_2019,39,160.0,2019-05-18,True,7.0,7.0,3.0,3.0,True,True,False,False
basf-wheat-diseases|39|2019,reused_development_2019,39,160.0,2019-05-14,True,7.0,7.0,3.0,3.0,True,True,False,False
basf-wheat-diseases|40|2019,reused_development_2019,39,160.0,2019-05-24,True,7.0,7.0,3.0,3.0,True,True,False,False
basf-wheat-diseases|41|2019,reused_development_2019,39,160.0,2019-05-23,True,7.0,7.0,3.0,3.0,True,True,False,False
basf-wheat-diseases|42|2019,reused_development_2019,39,160.0,2019-05-11,True,7.0,7.0,3.0,3.0,True,True,False,False
basf-wheat-diseases|43|2019,reused_development_2019,39,160.0,2019-05-10,True,7.0,7.0,3.0,3.0,True,True,False,False
basf-wheat-diseases|44|2019,reused_development_2019,39,160.0,2019-05-11,True,7.0,7.0,3.0,3.0,True,True,False,False
basf-wheat-diseases|45|2019,reused_development_2019,39,160.0,2019-05-02,True,7.0,7.0,3.0,3.0,True,True,False,False
basf-wheat-diseases|46|2019,reused_development_2019,39,160.0,2019-05-06,True,7.0,7.0,3.0,3.0,True,True,False,False
basf-wheat-diseases|47|2019,reused_development_2019,39,160.0,2019-05-10,True,7.0,7.0,3.0,3.0,True,True,False,False
basf-wheat-diseases|48|2019,reused_development_2019,39,160.0,2019-05-14,True,7.0,7.0,3.0,3.0,True,True,False,False
basf-wheat-diseases|49|2019,reused_development_2019,39,160.0,2019-05-17,True,7.0,7.0,3.0,3.0,True,True,False,False
basf-wheat-diseases|50|2019,reused_development_2019,39,160.0,2019-05-15,True,7.0,7.0,3.0,3.0,True,True,False,False
basf-wheat-diseases|51|2019,reused_development_2019,39,160.0,2019-05-13,True,7.0,7.0,3.0,3.0,True,True,False,False
basf-wheat-diseases|52|2019,reused_development_2019,39,160.0,2019-05-18,True,7.0,7.0,3.0,3.0,True,True,False,False
basf-wheat-diseases|53|2019,reused_development_2019,39,160.0,2019-05-20,True,7.0,7.0,3.0,3.0,True,True,False,False
basf-wheat-diseases|54|2019,reused_development_2019,39,160.0,2019-05-16,True,7.0,7.0,3.0,3.0,True,True,False,False
basf-wheat-diseases|55|2019,reused_development_2019,39,160.0,2019-05-15,True,7.0,7.0,3.0,3.0,True,True,False,False
basf-wheat-diseases|56|2019,reused_development_2019,39,160.0,2019-05-13,True,7.0,7.0,3.0,3.0,True,True,False,False
basf-wheat-diseases|57|2019,reused_development_2019,39,160.0,2019-05-20,True,7.0,7.0,3.0,3.0,True,True,False,False
basf-wheat-diseases|58|2019,reused_development_2019,39,160.0,2019-05-16,True,7.0,7.0,3.0,3.0,True,True,False,False
basf-wheat-diseases|59|2019,reused_development_2019,39,160.0,2019-05-15,True,7.0,7.0,3.0,3.0,True,True,False,False
basf-wheat-diseases|60|2019,reused_development_2019,39,160.0,2019-05-04,True,7.0,7.0,3.0,3.0,True,True,False,False
basf-wheat-diseases|61|2019,reused_development_2019,39,160.0,2019-05-03,True,7.0,7.0,3.0,3.0,True,True,False,False
basf-wheat-diseases|62|2019,reused_development_2019,39,160.0,2019-05-24,True,7.0,7.0,3.0,3.0,True,True,False,False
basf-wheat-diseases|63|2019,reused_development_2019,39,160.0,2019-06-04,True,7.0,7.0,3.0,3.0,True,True,False,False
basf-wheat-diseases|64|2019,reused_development_2019,39,160.0,2019-05-13,True,7.0,7.0,3.0,3.0,True,True,False,False
basf-wheat-diseases|65|2019,reused_development_2019,39,160.0,2019-05-09,True,7.0,7.0,3.0,3.0,True,True,False,False
basf-wheat-diseases|66|2019,reused_development_2019,39,160.0,2019-05-15,True,7.0,7.0,3.0,3.0,True,True,False,False
basf-wheat-diseases|67|2019,reused_development_2019,39,160.0,2019-05-15,True,7.0,7.0,3.0,3.0,True,True,False,False
basf-wheat-diseases|68|2019,reused_development_2019,39,160.0,2019-05-13,True,7.0,7.0,3.0,3.0,True,True,False,False
basf-wheat-diseases|69|2019,reused_development_2019,39,160.0,2019-05-13,True,7.0,7.0,3.0,3.0,True,True,False,False
basf-wheat-diseases|70|2019,reused_development_2019,39,160.0,2019-05-13,True,7.0,7.0,3.0,3.0,True,True,False,False
basf-wheat-diseases|71|2019,reused_development_2019,39,160.0,2019-05-12,True,7.0,7.0,3.0,3.0,True,True,False,False
basf-wheat-diseases|72|2019,reused_development_2019,39,160.0,2019-05-09,True,7.0,7.0,3.0,3.0,True,True,False,False
basf-wheat-diseases|73|2019,reused_development_2019,39,160.0,2019-05-14,True,7.0,7.0,3.0,3.0,True,True,False,False
basf-wheat-diseases|74|2019,reused_development_2019,39,160.0,2019-05-13,True,7.0,7.0,3.0,3.0,True,True,False,False
basf-wheat-diseases|75|2019,reused_development_2019,39,160.0,2019-05-12,True,7.0,7.0,3.0,3.0,True,True,False,False
basf-wheat-diseases|31|2019,reused_development_2019,51,160.0,2019-05-14,True,7.0,7.0,3.0,3.0,True,True,False,False
basf-wheat-diseases|32|2019,reused_development_2019,51,160.0,2019-05-14,True,7.0,7.0,3.0,3.0,True,True,False,False
basf-wheat-diseases|33|2019,reused_development_2019,51,160.0,2019-05-14,True,7.0,7.0,3.0,3.0,True,True,False,False
basf-wheat-diseases|34|2019,reused_development_2019,51,160.0,2019-05-14,True,7.0,7.0,3.0,3.0,True,True,False,False
basf-wheat-diseases|35|2019,reused_development_2019,51,160.0,2019-05-30,True,7.0,7.0,3.0,3.0,True,True,False,False
basf-wheat-diseases|36|2019,reused_development_2019,51,160.0,2019-05-15,True,7.0,7.0,3.0,3.0,True,True,False,False
basf-wheat-diseases|37|2019,reused_development_2019,51,160.0,2019-05-30,True,7.0,7.0,3.0,3.0,True,True,False,False
basf-wheat-diseases|38|2019,reused_development_2019,51,160.0,2019-05-31,True,7.0,7.0,3.0,3.0,True,True,False,False
basf-wheat-diseases|39|2019,reused_development_2019,51,160.0,2019-05-27,True,7.0,7.0,3.0,3.0,True,True,False,False
basf-wheat-diseases|40|2019,reused_development_2019,51,160.0,2019-06-05,True,7.0,7.0,3.0,3.0,True,True,False,False
basf-wheat-diseases|41|2019,reused_development_2019,51,160.0,2019-06-05,True,7.0,7.0,3.0,3.0,True,True,False,False
basf-wheat-diseases|42|2019,reused_development_2019,51,160.0,2019-05-25,True,7.0,7.0,3.0,3.0,True,True,False,False
basf-wheat-diseases|43|2019,reused_development_2019,51,160.0,2019-05-24,True,7.0,7.0,3.0,3.0,True,True,False,False
basf-wheat-diseases|44|2019,reused_development_2019,51,160.0,2019-05-25,True,7.0,7.0,3.0,3.0,True,True,False,False
basf-wheat-diseases|45|2019,reused_development_2019,51,160.0,2019-05-18,True,7.0,7.0,3.0,3.0,True,True,False,False
basf-wheat-diseases|46|2019,reused_development_2019,51,160.0,2019-05-20,True,7.0,7.0,3.0,3.0,True,True,False,False
basf-wheat-diseases|47|2019,reused_development_2019,51,160.0,2019-05-24,True,7.0,7.0,3.0,3.0,True,True,False,False
basf-wheat-diseases|48|2019,reused_development_2019,51,160.0,2019-05-27,True,7.0,7.0,3.0,3.0,True,True,False,False
basf-wheat-diseases|49|2019,reused_development_2019,51,160.0,2019-05-28,True,7.0,7.0,3.0,3.0,True,True,False,False
basf-wheat-diseases|50|2019,reused_development_2019,51,160.0,2019-05-27,True,7.0,7.0,3.0,3.0,True,True,False,False
basf-wheat-diseases|51|2019,reused_development_2019,51,160.0,2019-05-27,True,7.0,7.0,3.0,3.0,True,True,False,False
basf-wheat-diseases|52|2019,reused_development_2019,51,160.0,2019-05-29,True,7.0,7.0,3.0,3.0,True,True,False,False
basf-wheat-diseases|53|2019,reused_development_2019,51,160.0,2019-06-01,True,7.0,7.0,3.0,3.0,True,True,False,False
basf-wheat-diseases|54|2019,reused_development_2019,51,160.0,2019-05-28,True,7.0,7.0,3.0,3.0,True,True,False,False
basf-wheat-diseases|55|2019,reused_development_2019,51,160.0,2019-05-27,True,7.0,7.0,3.0,3.0,True,True,False,False
basf-wheat-diseases|56|2019,reused_development_2019,51,160.0,2019-05-27,True,7.0,7.0,3.0,3.0,True,True,False,False
basf-wheat-diseases|57|2019,reused_development_2019,51,160.0,2019-06-01,True,7.0,7.0,3.0,3.0,True,True,False,False
basf-wheat-diseases|58|2019,reused_development_2019,51,160.0,2019-05-28,True,7.0,7.0,3.0,3.0,True,True,False,False
basf-wheat-diseases|59|2019,reused_development_2019,51,160.0,2019-05-27,True,7.0,7.0,3.0,3.0,True,True,False,False
basf-wheat-diseases|60|2019,reused_development_2019,51,160.0,2019-05-16,True,7.0,7.0,3.0,3.0,True,True,False,False
basf-wheat-diseases|61|2019,reused_development_2019,51,160.0,2019-05-15,True,7.0,7.0,3.0,3.0,True,True,False,False
basf-wheat-diseases|62|2019,reused_development_2019,51,160.0,2019-06-05,True,7.0,7.0,3.0,3.0,True,True,False,False
basf-wheat-diseases|63|2019,reused_development_2019,51,160.0,2019-06-13,True,7.0,7.0,3.0,3.0,True,True,False,False
basf-wheat-diseases|64|2019,reused_development_2019,51,160.0,2019-05-26,True,7.0,7.0,3.0,3.0,True,True,False,False
basf-wheat-diseases|65|2019,reused_development_2019,51,160.0,2019-05-25,True,7.0,7.0,3.0,3.0,True,True,False,False
basf-wheat-diseases|66|2019,reused_development_2019,51,160.0,2019-05-28,True,7.0,7.0,3.0,3.0,True,True,False,False
basf-wheat-diseases|67|2019,reused_development_2019,51,160.0,2019-05-28,True,7.0,7.0,3.0,3.0,True,True,False,False
basf-wheat-diseases|68|2019,reused_development_2019,51,160.0,2019-05-26,True,7.0,7.0,3.0,3.0,True,True,False,False
basf-wheat-diseases|69|2019,reused_development_2019,51,160.0,2019-05-27,True,7.0,7.0,3.0,3.0,True,True,False,False
basf-wheat-diseases|70|2019,reused_development_2019,51,160.0,,False,,,,,,,False,False
basf-wheat-diseases|71|2019,reused_development_2019,51,160.0,2019-05-26,True,7.0,7.0,3.0,3.0,True,True,False,False
basf-wheat-diseases|72|2019,reused_development_2019,51,160.0,2019-05-25,True,7.0,7.0,3.0,3.0,True,True,False,False
basf-wheat-diseases|73|2019,reused_development_2019,51,160.0,2019-05-28,True,7.0,7.0,3.0,3.0,True,True,False,False
basf-wheat-diseases|74|2019,reused_development_2019,51,160.0,2019-05-27,True,7.0,7.0,3.0,3.0,True,True,False,False
basf-wheat-diseases|75|2019,reused_development_2019,51,160.0,2019-05-26,True,7.0,7.0,3.0,3.0,True,True,False,False
basf-wheat-diseases|31|2019,reused_development_2019,65,160.0,2019-05-25,True,7.0,7.0,3.0,3.0,True,True,False,False
basf-wheat-diseases|32|2019,reused_development_2019,65,160.0,2019-05-25,True,7.0,7.0,3.0,3.0,True,True,False,False
basf-wheat-diseases|33|2019,reused_development_2019,65,160.0,2019-05-25,True,7.0,7.0,3.0,3.0,True,True,False,False
basf-wheat-diseases|34|2019,reused_development_2019,65,160.0,2019-05-25,True,7.0,7.0,3.0,3.0,True,True,False,False
basf-wheat-diseases|35|2019,reused_development_2019,65,160.0,2019-06-09,True,7.0,7.0,3.0,3.0,True,True,False,False
basf-wheat-diseases|36|2019,reused_development_2019,65,160.0,2019-05-28,True,7.0,7.0,3.0,3.0,True,True,False,False
basf-wheat-diseases|37|2019,reused_development_2019,65,160.0,2019-06-09,True,7.0,7.0,3.0,3.0,True,True,False,False
basf-wheat-diseases|38|2019,reused_development_2019,65,160.0,2019-06-09,True,7.0,7.0,3.0,3.0,True,True,False,False
basf-wheat-diseases|39|2019,reused_development_2019,65,160.0,2019-06-07,True,7.0,7.0,3.0,3.0,True,True,False,False
basf-wheat-diseases|40|2019,reused_development_2019,65,160.0,2019-06-16,True,7.0,7.0,3.0,3.0,True,True,False,False
basf-wheat-diseases|41|2019,reused_development_2019,65,160.0,2019-06-16,True,7.0,7.0,3.0,3.0,True,True,False,False
basf-wheat-diseases|42|2019,reused_development_2019,65,160.0,2019-06-06,True,7.0,7.0,3.0,3.0,True,True,False,False
basf-wheat-diseases|43|2019,reused_development_2019,65,160.0,2019-06-04,True,7.0,7.0,3.0,3.0,True,True,False,False
basf-wheat-diseases|44|2019,reused_development_2019,65,160.0,2019-06-06,True,7.0,7.0,3.0,3.0,True,True,False,False
basf-wheat-diseases|45|2019,reused_development_2019,65,160.0,2019-05-31,True,7.0,7.0,3.0,3.0,True,True,False,False
basf-wheat-diseases|46|2019,reused_development_2019,65,160.0,2019-06-01,True,7.0,7.0,3.0,3.0,True,True,False,False
basf-wheat-diseases|47|2019,reused_development_2019,65,160.0,2019-06-04,True,7.0,7.0,3.0,3.0,True,True,False,False
basf-wheat-diseases|48|2019,reused_development_2019,65,160.0,2019-06-06,True,7.0,7.0,3.0,3.0,True,True,False,False
basf-wheat-diseases|49|2019,reused_development_2019,65,160.0,2019-06-07,True,7.0,7.0,3.0,3.0,True,True,False,False
basf-wheat-diseases|50|2019,reused_development_2019,65,160.0,2019-06-06,True,7.0,7.0,3.0,3.0,True,True,False,False
basf-wheat-diseases|51|2019,reused_development_2019,65,160.0,2019-06-06,True,7.0,7.0,3.0,3.0,True,True,False,False
basf-wheat-diseases|52|2019,reused_development_2019,65,160.0,2019-06-08,True,7.0,7.0,3.0,3.0,True,True,False,False
basf-wheat-diseases|53|2019,reused_development_2019,65,160.0,2019-06-10,True,7.0,7.0,3.0,3.0,True,True,False,False
basf-wheat-diseases|54|2019,reused_development_2019,65,160.0,2019-06-07,True,7.0,7.0,3.0,3.0,True,True,False,False
basf-wheat-diseases|55|2019,reused_development_2019,65,160.0,2019-06-06,True,7.0,7.0,3.0,3.0,True,True,False,False
basf-wheat-diseases|56|2019,reused_development_2019,65,160.0,2019-06-06,True,7.0,7.0,3.0,3.0,True,True,False,False
basf-wheat-diseases|57|2019,reused_development_2019,65,160.0,2019-06-10,True,7.0,7.0,3.0,3.0,True,True,False,False
basf-wheat-diseases|58|2019,reused_development_2019,65,160.0,2019-06-07,True,7.0,7.0,3.0,3.0,True,True,False,False
basf-wheat-diseases|59|2019,reused_development_2019,65,160.0,2019-06-06,True,7.0,7.0,3.0,3.0,True,True,False,False
basf-wheat-diseases|60|2019,reused_development_2019,65,160.0,2019-05-26,True,7.0,7.0,3.0,3.0,True,True,False,False
basf-wheat-diseases|61|2019,reused_development_2019,65,160.0,2019-05-25,True,7.0,7.0,3.0,3.0,True,True,False,False
basf-wheat-diseases|62|2019,reused_development_2019,65,160.0,2019-06-14,True,7.0,7.0,3.0,3.0,True,True,False,False
basf-wheat-diseases|63|2019,reused_development_2019,65,160.0,2019-06-23,True,7.0,7.0,3.0,3.0,True,True,False,False
basf-wheat-diseases|64|2019,reused_development_2019,65,160.0,2019-06-05,True,7.0,7.0,3.0,3.0,True,True,False,False
basf-wheat-diseases|65|2019,reused_development_2019,65,160.0,2019-06-08,True,7.0,7.0,3.0,3.0,True,True,False,False
basf-wheat-diseases|66|2019,reused_development_2019,65,160.0,2019-06-09,True,7.0,7.0,3.0,3.0,True,True,False,False
basf-wheat-diseases|67|2019,reused_development_2019,65,160.0,2019-06-09,True,7.0,7.0,3.0,3.0,True,True,False,False
basf-wheat-diseases|68|2019,reused_development_2019,65,160.0,2019-06-07,True,7.0,7.0,3.0,3.0,True,True,False,False
basf-wheat-diseases|69|2019,reused_development_2019,65,160.0,,False,,,,,,,False,False
basf-wheat-diseases|70|2019,reused_development_2019,65,160.0,,False,,,,,,,False,False
basf-wheat-diseases|71|2019,reused_development_2019,65,160.0,,False,,,,,,,False,False
basf-wheat-diseases|72|2019,reused_development_2019,65,160.0,2019-06-08,True,7.0,7.0,3.0,3.0,True,True,False,False
basf-wheat-diseases|73|2019,reused_development_2019,65,160.0,2019-06-09,True,7.0,7.0,3.0,3.0,True,True,False,False
basf-wheat-diseases|74|2019,reused_development_2019,65,160.0,2019-06-09,True,7.0,7.0,3.0,3.0,True,True,False,False
basf-wheat-diseases|75|2019,reused_development_2019,65,160.0,2019-06-08,True,7.0,7.0,3.0,3.0,True,True,False,False
basf-wheat-diseases|31|2019,reused_development_2019,85,160.0,,False,,,,,,,False,False
basf-wheat-diseases|32|2019,reused_development_2019,85,160.0,,False,,,,,,,False,False
basf-wheat-diseases|33|2019,reused_development_2019,85,160.0,,False,,,,,,,False,False
basf-wheat-diseases|34|2019,reused_development_2019,85,160.0,,False,,,,,,,False,False
basf-wheat-diseases|35|2019,reused_development_2019,85,160.0,,False,,,,,,,False,False
basf-wheat-diseases|36|2019,reused_development_2019,85,160.0,,False,,,,,,,False,False
basf-wheat-diseases|37|2019,reused_development_2019,85,160.0,,False,,,,,,,False,False
basf-wheat-diseases|38|2019,reused_development_2019,85,160.0,,False,,,,,,,False,False
basf-wheat-diseases|39|2019,reused_development_2019,85,160.0,,False,,,,,,,False,False
basf-wheat-diseases|40|2019,reused_development_2019,85,160.0,,False,,,,,,,False,False
basf-wheat-diseases|41|2019,reused_development_2019,85,160.0,,False,,,,,,,False,False
basf-wheat-diseases|42|2019,reused_development_2019,85,160.0,,False,,,,,,,False,False
basf-wheat-diseases|43|2019,reused_development_2019,85,160.0,,False,,,,,,,False,False
basf-wheat-diseases|44|2019,reused_development_2019,85,160.0,,False,,,,,,,False,False
basf-wheat-diseases|45|2019,reused_development_2019,85,160.0,,False,,,,,,,False,False
basf-wheat-diseases|46|2019,reused_development_2019,85,160.0,,False,,,,,,,False,False
basf-wheat-diseases|47|2019,reused_development_2019,85,160.0,,False,,,,,,,False,False
basf-wheat-diseases|48|2019,reused_development_2019,85,160.0,,False,,,,,,,False,False
basf-wheat-diseases|49|2019,reused_development_2019,85,160.0,,False,,,,,,,False,False
basf-wheat-diseases|50|2019,reused_development_2019,85,160.0,,False,,,,,,,False,False
basf-wheat-diseases|51|2019,reused_development_2019,85,160.0,,False,,,,,,,False,False
basf-wheat-diseases|52|2019,reused_development_2019,85,160.0,,False,,,,,,,False,False
basf-wheat-diseases|53|2019,reused_development_2019,85,160.0,,False,,,,,,,False,False
basf-wheat-diseases|54|2019,reused_development_2019,85,160.0,,False,,,,,,,False,False
basf-wheat-diseases|55|2019,reused_development_2019,85,160.0,,False,,,,,,,False,False
basf-wheat-diseases|56|2019,reused_development_2019,85,160.0,,False,,,,,,,False,False
basf-wheat-diseases|57|2019,reused_development_2019,85,160.0,,False,,,,,,,False,False
basf-wheat-diseases|58|2019,reused_development_2019,85,160.0,,False,,,,,,,False,False
basf-wheat-diseases|59|2019,reused_development_2019,85,160.0,,False,,,,,,,False,False
basf-wheat-diseases|60|2019,reused_development_2019,85,160.0,,False,,,,,,,False,False
basf-wheat-diseases|61|2019,reused_development_2019,85,160.0,,False,,,,,,,False,False
basf-wheat-diseases|62|2019,reused_development_2019,85,160.0,,False,,,,,,,False,False
basf-wheat-diseases|63|2019,reused_development_2019,85,160.0,,False,,,,,,,False,False
basf-wheat-diseases|64|2019,reused_development_2019,85,160.0,,False,,,,,,,False,False
basf-wheat-diseases|65|2019,reused_development_2019,85,160.0,,False,,,,,,,False,False
basf-wheat-diseases|66|2019,reused_development_2019,85,160.0,,False,,,,,,,False,False
basf-wheat-diseases|67|2019,reused_development_2019,85,160.0,,False,,,,,,,False,False
basf-wheat-diseases|68|2019,reused_development_2019,85,160.0,,False,,,,,,,False,False
basf-wheat-diseases|69|2019,reused_development_2019,85,160.0,,False,,,,,,,False,False
basf-wheat-diseases|70|2019,reused_development_2019,85,160.0,,False,,,,,,,False,False
basf-wheat-diseases|71|2019,reused_development_2019,85,160.0,,False,,,,,,,False,False
basf-wheat-diseases|72|2019,reused_development_2019,85,160.0,,False,,,,,,,False,False
basf-wheat-diseases|73|2019,reused_development_2019,85,160.0,,False,,,,,,,False,False
basf-wheat-diseases|74|2019,reused_development_2019,85,160.0,,False,,,,,,,False,False
basf-wheat-diseases|75|2019,reused_development_2019,85,160.0,,False,,,,,,,False,False
corteva-2014-2018-external|2014-1|2014,reused_external_strict,10,80.0,2013-10-14,True,0.0,0.0,0.0,0.0,False,False,False,False
corteva-2014-2018-external|2014-10|2014,reused_external_strict,10,80.0,2013-11-18,True,0.0,0.0,0.0,0.0,False,False,False,False
corteva-2014-2018-external|2014-11|2014,reused_external_strict,10,80.0,2013-10-25,True,0.0,0.0,0.0,0.0,False,False,False,False
corteva-2014-2018-external|2014-12|2014,reused_external_strict,10,80.0,2013-11-18,True,0.0,0.0,0.0,0.0,False,False,False,False
corteva-2014-2018-external|2014-13|2014,reused_external_strict,10,80.0,2013-10-28,True,0.0,0.0,0.0,0.0,False,False,False,False
corteva-2014-2018-external|2014-14|2014,reused_external_strict,10,80.0,2013-11-18,True,0.0,0.0,0.0,0.0,False,False,False,False
corteva-2014-2018-external|2014-15|2014,reused_external_strict,10,80.0,2013-11-18,True,0.0,0.0,0.0,0.0,False,False,False,False
corteva-2014-2018-external|2014-16|2014,reused_external_strict,10,80.0,2013-11-13,True,0.0,0.0,0.0,0.0,False,False,False,False
corteva-2014-2018-external|2014-17|2014,reused_external_strict,10,80.0,2013-11-18,True,0.0,0.0,0.0,0.0,False,False,False,False
corteva-2014-2018-external|2014-2|2014,reused_external_strict,10,80.0,2013-11-13,True,0.0,0.0,0.0,0.0,False,False,False,False
corteva-2014-2018-external|2014-23|2014,reused_external_strict,10,80.0,2013-10-17,True,0.0,0.0,0.0,0.0,False,False,False,False
corteva-2014-2018-external|2014-24|2014,reused_external_strict,10,80.0,2013-10-25,True,0.0,0.0,0.0,0.0,False,False,False,False
corteva-2014-2018-external|2014-25|2014,reused_external_strict,10,80.0,2013-11-13,True,0.0,0.0,0.0,0.0,False,False,False,False
corteva-2014-2018-external|2014-26|2014,reused_external_strict,10,80.0,2013-11-16,True,0.0,0.0,0.0,0.0,False,False,False,False
corteva-2014-2018-external|2014-3|2014,reused_external_strict,10,80.0,2013-11-18,True,0.0,0.0,0.0,0.0,False,False,False,False
corteva-2014-2018-external|2014-34|2014,reused_external_strict,10,80.0,2013-10-17,True,0.0,0.0,0.0,0.0,False,False,False,False
corteva-2014-2018-external|2014-35|2014,reused_external_strict,10,80.0,2013-11-13,True,0.0,0.0,0.0,0.0,False,False,False,False
corteva-2014-2018-external|2014-36|2014,reused_external_strict,10,80.0,2013-10-16,True,0.0,0.0,0.0,0.0,False,False,False,False
corteva-2014-2018-external|2014-37|2014,reused_external_strict,10,80.0,2013-10-25,True,0.0,0.0,0.0,0.0,False,False,False,False
corteva-2014-2018-external|2014-38|2014,reused_external_strict,10,80.0,2013-11-19,True,0.0,0.0,0.0,0.0,False,False,False,False
corteva-2014-2018-external|2014-39|2014,reused_external_strict,10,80.0,2013-10-16,True,0.0,0.0,0.0,0.0,False,False,False,False
corteva-2014-2018-external|2014-4|2014,reused_external_strict,10,80.0,2013-10-15,True,0.0,0.0,0.0,0.0,False,False,False,False
corteva-2014-2018-external|2014-5|2014,reused_external_strict,10,80.0,2013-11-18,True,0.0,0.0,0.0,0.0,False,False,False,False
corteva-2014-2018-external|2014-9|2014,reused_external_strict,10,80.0,2013-10-13,True,0.0,0.0,0.0,0.0,False,False,False,False
corteva-2014-2018-external|2015-41|2015,reused_external_strict,10,80.0,2014-10-11,True,0.0,0.0,0.0,0.0,False,False,False,False
corteva-2014-2018-external|2015-42|2015,reused_external_strict,10,80.0,2014-11-13,True,0.0,0.0,0.0,0.0,False,False,False,False
corteva-2014-2018-external|2015-43|2015,reused_external_strict,10,80.0,2014-10-11,True,0.0,0.0,0.0,0.0,False,False,False,False
corteva-2014-2018-external|2015-44|2015,reused_external_strict,10,80.0,2014-11-15,True,0.0,0.0,0.0,0.0,False,False,False,False
corteva-2014-2018-external|2015-48|2015,reused_external_strict,10,80.0,2014-10-10,True,0.0,0.0,0.0,0.0,False,False,False,False
corteva-2014-2018-external|2015-49|2015,reused_external_strict,10,80.0,2014-11-13,True,0.0,0.0,0.0,0.0,False,False,False,False
corteva-2014-2018-external|2015-50|2015,reused_external_strict,10,80.0,2014-11-14,True,0.0,0.0,0.0,0.0,False,False,False,False
corteva-2014-2018-external|2015-53|2015,reused_external_strict,10,80.0,2014-11-15,True,0.0,0.0,0.0,0.0,False,False,False,False
corteva-2014-2018-external|2015-54|2015,reused_external_strict,10,80.0,2014-11-18,True,0.0,0.0,0.0,0.0,False,False,False,False
corteva-2014-2018-external|2015-55|2015,reused_external_strict,10,80.0,2014-10-28,True,0.0,0.0,0.0,0.0,False,False,False,False
corteva-2014-2018-external|2015-56|2015,reused_external_strict,10,80.0,2014-11-13,True,0.0,0.0,0.0,0.0,False,False,False,False
corteva-2014-2018-external|2015-57|2015,reused_external_strict,10,80.0,2014-10-24,True,0.0,0.0,0.0,0.0,False,False,False,False
corteva-2014-2018-external|2015-58|2015,reused_external_strict,10,80.0,2014-10-27,True,0.0,0.0,0.0,0.0,False,False,False,False
corteva-2014-2018-external|2015-60|2015,reused_external_strict,10,80.0,2014-10-14,True,0.0,0.0,0.0,0.0,False,False,False,False
corteva-2014-2018-external|2015-61|2015,reused_external_strict,10,80.0,2014-10-13,True,0.0,0.0,0.0,0.0,False,False,False,False
corteva-2014-2018-external|2015-62|2015,reused_external_strict,10,80.0,2014-11-14,True,0.0,0.0,0.0,0.0,False,False,False,False
corteva-2014-2018-external|2015-63|2015,reused_external_strict,10,80.0,2014-10-28,True,0.0,0.0,0.0,0.0,False,False,False,False
corteva-2014-2018-external|2015-64|2015,reused_external_strict,10,80.0,2014-11-14,True,0.0,0.0,0.0,0.0,False,False,False,False
corteva-2014-2018-external|2015-65|2015,reused_external_strict,10,80.0,2014-10-10,True,0.0,0.0,0.0,0.0,False,False,False,False
corteva-2014-2018-external|2015-66|2015,reused_external_strict,10,80.0,2014-11-13,True,0.0,0.0,0.0,0.0,False,False,False,False
corteva-2014-2018-external|2015-67|2015,reused_external_strict,10,80.0,2014-11-14,True,0.0,0.0,0.0,0.0,False,False,False,False
corteva-2014-2018-external|2015-68|2015,reused_external_strict,10,80.0,2014-10-11,True,0.0,0.0,0.0,0.0,False,False,False,False
corteva-2014-2018-external|2015-69|2015,reused_external_strict,10,80.0,2014-11-13,True,0.0,0.0,0.0,0.0,False,False,False,False
corteva-2014-2018-external|2015-70|2015,reused_external_strict,10,80.0,2014-10-14,True,0.0,0.0,0.0,0.0,False,False,False,False
corteva-2014-2018-external|2015-71|2015,reused_external_strict,10,80.0,2014-10-14,True,0.0,0.0,0.0,0.0,False,False,False,False
corteva-2014-2018-external|2015-72|2015,reused_external_strict,10,80.0,2014-11-13,True,0.0,0.0,0.0,0.0,False,False,False,False
corteva-2014-2018-external|2015-73|2015,reused_external_strict,10,80.0,2014-10-11,True,0.0,0.0,0.0,0.0,False,False,False,False
corteva-2014-2018-external|2015-74|2015,reused_external_strict,10,80.0,2014-11-13,True,0.0,0.0,0.0,0.0,False,False,False,False
corteva-2014-2018-external|2015-75|2015,reused_external_strict,10,80.0,2014-11-14,True,0.0,0.0,0.0,0.0,False,False,False,False
corteva-2014-2018-external|2015-76|2015,reused_external_strict,10,80.0,2014-10-13,True,0.0,0.0,0.0,0.0,False,False,False,False
corteva-2014-2018-external|2015-77|2015,reused_external_strict,10,80.0,2014-11-14,True,0.0,0.0,0.0,0.0,False,False,False,False
corteva-2014-2018-external|2015-78|2015,reused_external_strict,10,80.0,2014-11-18,True,0.0,0.0,0.0,0.0,False,False,False,False
corteva-2014-2018-external|2016-100|2016,reused_external_strict,10,80.0,2015-11-14,True,0.0,0.0,0.0,0.0,False,False,False,False
corteva-2014-2018-external|2016-101|2016,reused_external_strict,10,80.0,2015-10-20,True,0.0,0.0,0.0,0.0,False,False,False,False
corteva-2014-2018-external|2016-102|2016,reused_external_strict,10,80.0,2015-10-17,True,0.0,0.0,0.0,0.0,False,False,False,False
corteva-2014-2018-external|2016-103|2016,reused_external_strict,10,80.0,2015-11-10,True,0.0,0.0,0.0,0.0,False,False,False,False
corteva-2014-2018-external|2016-104|2016,reused_external_strict,10,80.0,2015-10-21,True,0.0,0.0,0.0,0.0,False,False,False,False
corteva-2014-2018-external|2016-105|2016,reused_external_strict,10,80.0,2015-11-13,True,0.0,0.0,0.0,0.0,False,False,False,False
corteva-2014-2018-external|2016-106|2016,reused_external_strict,10,80.0,2015-11-11,True,0.0,0.0,0.0,0.0,False,False,False,False
corteva-2014-2018-external|2016-107|2016,reused_external_strict,10,80.0,2015-11-12,True,0.0,0.0,0.0,0.0,False,False,False,False
corteva-2014-2018-external|2016-108|2016,reused_external_strict,10,80.0,2015-11-14,True,0.0,0.0,0.0,0.0,False,False,False,False
corteva-2014-2018-external|2016-109|2016,reused_external_strict,10,80.0,2015-11-11,True,0.0,0.0,0.0,0.0,False,False,False,False
corteva-2014-2018-external|2016-110|2016,reused_external_strict,10,80.0,2015-11-11,True,0.0,0.0,0.0,0.0,False,False,False,False
corteva-2014-2018-external|2016-111|2016,reused_external_strict,10,80.0,2015-11-14,True,0.0,0.0,0.0,0.0,False,False,False,False
corteva-2014-2018-external|2016-113|2016,reused_external_strict,10,80.0,2015-10-13,True,0.0,0.0,0.0,0.0,False,False,False,False
corteva-2014-2018-external|2016-115|2016,reused_external_strict,10,80.0,2015-11-11,True,0.0,0.0,0.0,0.0,False,False,False,False
corteva-2014-2018-external|2016-116|2016,reused_external_strict,10,80.0,2015-11-11,True,0.0,0.0,0.0,0.0,False,False,False,False
corteva-2014-2018-external|2016-79|2016,reused_external_strict,10,80.0,2015-11-11,True,0.0,0.0,0.0,0.0,False,False,False,False
corteva-2014-2018-external|2016-80|2016,reused_external_strict,10,80.0,2015-10-15,True,0.0,0.0,0.0,0.0,False,False,False,False
corteva-2014-2018-external|2016-81|2016,reused_external_strict,10,80.0,2015-11-11,True,0.0,0.0,0.0,0.0,False,False,False,False
corteva-2014-2018-external|2016-89|2016,reused_external_strict,10,80.0,2015-10-15,True,0.0,0.0,0.0,0.0,False,False,False,False
corteva-2014-2018-external|2016-90|2016,reused_external_strict,10,80.0,2015-11-10,True,0.0,0.0,0.0,0.0,False,False,False,False
corteva-2014-2018-external|2016-91|2016,reused_external_strict,10,80.0,2015-11-11,True,0.0,0.0,0.0,0.0,False,False,False,False
corteva-2014-2018-external|2016-92|2016,reused_external_strict,10,80.0,2015-11-10,True,0.0,0.0,0.0,0.0,False,False,False,False
corteva-2014-2018-external|2016-93|2016,reused_external_strict,10,80.0,2015-10-14,True,0.0,0.0,0.0,0.0,False,False,False,False
corteva-2014-2018-external|2016-94|2016,reused_external_strict,10,80.0,2015-11-11,True,0.0,0.0,0.0,0.0,False,False,False,False
corteva-2014-2018-external|2016-96|2016,reused_external_strict,10,80.0,2015-11-09,True,0.0,0.0,0.0,0.0,False,False,False,False
corteva-2014-2018-external|2016-97|2016,reused_external_strict,10,80.0,2015-11-11,True,0.0,0.0,0.0,0.0,False,False,False,False
corteva-2014-2018-external|2016-98|2016,reused_external_strict,10,80.0,2015-11-10,True,0.0,0.0,0.0,0.0,False,False,False,False
corteva-2014-2018-external|2016-99|2016,reused_external_strict,10,80.0,2015-11-11,True,0.0,0.0,0.0,0.0,False,False,False,False
corteva-2014-2018-external|2017-117|2017,reused_external_strict,10,80.0,2016-11-16,True,0.0,0.0,0.0,0.0,False,False,False,False
corteva-2014-2018-external|2017-118|2017,reused_external_strict,10,80.0,2016-11-19,True,0.0,0.0,0.0,0.0,False,False,False,False
corteva-2014-2018-external|2017-119|2017,reused_external_strict,10,80.0,2016-11-01,True,0.0,0.0,0.0,0.0,False,False,False,False
corteva-2014-2018-external|2017-121|2017,reused_external_strict,10,80.0,2016-11-15,True,0.0,0.0,0.0,0.0,False,False,False,False
corteva-2014-2018-external|2017-126|2017,reused_external_strict,10,80.0,2016-11-19,True,0.0,0.0,0.0,0.0,False,False,False,False
corteva-2014-2018-external|2017-130|2017,reused_external_strict,10,80.0,2016-10-13,True,0.0,0.0,0.0,0.0,False,False,False,False
corteva-2014-2018-external|2017-131|2017,reused_external_strict,10,80.0,2016-11-16,True,0.0,0.0,0.0,0.0,False,False,False,False
corteva-2014-2018-external|2017-132|2017,reused_external_strict,10,80.0,2016-11-19,True,0.0,0.0,0.0,0.0,False,False,False,False
corteva-2014-2018-external|2017-133|2017,reused_external_strict,10,80.0,2016-10-13,True,0.0,0.0,0.0,0.0,False,False,False,False
corteva-2014-2018-external|2017-141|2017,reused_external_strict,10,80.0,2016-11-19,True,0.0,0.0,0.0,0.0,False,False,False,False
corteva-2014-2018-external|2017-142|2017,reused_external_strict,10,80.0,2016-10-14,True,0.0,0.0,0.0,0.0,False,False,False,False
corteva-2014-2018-external|2017-144|2017,reused_external_strict,10,80.0,2016-11-18,True,0.0,0.0,0.0,0.0,False,False,False,False
corteva-2014-2018-external|2017-145|2017,reused_external_strict,10,80.0,2016-11-17,True,0.0,0.0,0.0,0.0,False,False,False,False
corteva-2014-2018-external|2017-146|2017,reused_external_strict,10,80.0,2016-10-19,True,0.0,0.0,0.0,0.0,False,False,False,False
corteva-2014-2018-external|2017-147|2017,reused_external_strict,10,80.0,2016-10-13,True,0.0,0.0,0.0,0.0,False,False,False,False
corteva-2014-2018-external|2017-148|2017,reused_external_strict,10,80.0,2016-10-27,True,0.0,0.0,0.0,0.0,False,False,False,False
corteva-2014-2018-external|2017-149|2017,reused_external_strict,10,80.0,2016-11-18,True,0.0,0.0,0.0,0.0,False,False,False,False
corteva-2014-2018-external|2017-150|2017,reused_external_strict,10,80.0,2016-11-19,True,0.0,0.0,0.0,0.0,False,False,False,False
corteva-2014-2018-external|2017-151|2017,reused_external_strict,10,80.0,2016-10-27,True,0.0,0.0,0.0,0.0,False,False,False,False
corteva-2014-2018-external|2017-152|2017,reused_external_strict,10,80.0,2016-11-16,True,0.0,0.0,0.0,0.0,False,False,False,False
corteva-2014-2018-external|2017-153|2017,reused_external_strict,10,80.0,2016-11-21,True,0.0,0.0,0.0,0.0,False,False,False,False
corteva-2014-2018-external|2017-154|2017,reused_external_strict,10,80.0,2016-11-24,True,0.0,0.0,0.0,0.0,False,False,False,False
corteva-2014-2018-external|2018-157|2018,reused_external_strict,10,80.0,2017-11-19,True,0.0,0.0,0.0,0.0,False,False,False,False
corteva-2014-2018-external|2018-158|2018,reused_external_strict,10,80.0,2017-10-24,True,0.0,0.0,0.0,0.0,False,False,False,False
corteva-2014-2018-external|2018-159|2018,reused_external_strict,10,80.0,2017-10-13,True,0.0,0.0,0.0,0.0,False,False,False,False
corteva-2014-2018-external|2018-160|2018,reused_external_strict,10,80.0,2017-10-13,True,0.0,0.0,0.0,0.0,False,False,False,False
corteva-2014-2018-external|2018-161|2018,reused_external_strict,10,80.0,2017-11-15,True,0.0,0.0,0.0,0.0,False,False,False,False
corteva-2014-2018-external|2018-162|2018,reused_external_strict,10,80.0,2017-10-12,True,0.0,0.0,0.0,0.0,False,False,False,False
corteva-2014-2018-external|2018-163|2018,reused_external_strict,10,80.0,2017-10-13,True,0.0,0.0,0.0,0.0,False,False,False,False
corteva-2014-2018-external|2018-164|2018,reused_external_strict,10,80.0,2017-10-12,True,0.0,0.0,0.0,0.0,False,False,False,False
corteva-2014-2018-external|2018-165|2018,reused_external_strict,10,80.0,2017-10-12,True,0.0,0.0,0.0,0.0,False,False,False,False
corteva-2014-2018-external|2018-166|2018,reused_external_strict,10,80.0,2017-11-18,True,0.0,0.0,0.0,0.0,False,False,False,False
corteva-2014-2018-external|2018-167|2018,reused_external_strict,10,80.0,2017-11-19,True,0.0,0.0,0.0,0.0,False,False,False,False
corteva-2014-2018-external|2018-168|2018,reused_external_strict,10,80.0,2017-11-19,True,0.0,0.0,0.0,0.0,False,False,False,False
corteva-2014-2018-external|2018-169|2018,reused_external_strict,10,80.0,2017-11-19,True,0.0,0.0,0.0,0.0,False,False,False,False
corteva-2014-2018-external|2018-170|2018,reused_external_strict,10,80.0,2017-11-20,True,0.0,0.0,0.0,0.0,False,False,False,False
corteva-2014-2018-external|2018-171|2018,reused_external_strict,10,80.0,2017-11-17,True,0.0,0.0,0.0,0.0,False,False,False,False
corteva-2014-2018-external|2018-172|2018,reused_external_strict,10,80.0,2017-11-19,True,0.0,0.0,0.0,0.0,False,False,False,False
corteva-2014-2018-external|2018-173|2018,reused_external_strict,10,80.0,2017-11-18,True,0.0,0.0,0.0,0.0,False,False,False,False
corteva-2014-2018-external|2018-174|2018,reused_external_strict,10,80.0,2017-11-11,True,0.0,0.0,0.0,0.0,False,False,False,False
corteva-2014-2018-external|2018-175|2018,reused_external_strict,10,80.0,2017-11-18,True,0.0,0.0,0.0,0.0,False,False,False,False
corteva-2014-2018-external|2018-176|2018,reused_external_strict,10,80.0,2017-10-24,True,0.0,0.0,0.0,0.0,False,False,False,False
corteva-2014-2018-external|2018-177|2018,reused_external_strict,10,80.0,2017-10-16,True,0.0,0.0,0.0,0.0,False,False,False,False
corteva-2014-2018-external|2018-181|2018,reused_external_strict,10,80.0,2017-11-19,True,0.0,0.0,0.0,0.0,False,False,False,False
corteva-2014-2018-external|2018-182|2018,reused_external_strict,10,80.0,2017-11-20,True,0.0,0.0,0.0,0.0,False,False,False,False
corteva-2014-2018-external|2018-183|2018,reused_external_strict,10,80.0,2017-11-20,True,0.0,0.0,0.0,0.0,False,False,False,False
corteva-2014-2018-external|2018-184|2018,reused_external_strict,10,80.0,2017-10-13,True,0.0,0.0,0.0,0.0,False,False,False,False
corteva-2014-2018-external|2018-185|2018,reused_external_strict,10,80.0,2017-11-19,True,0.0,0.0,0.0,0.0,False,False,False,False
corteva-2014-2018-external|2018-186|2018,reused_external_strict,10,80.0,2017-11-18,True,0.0,0.0,0.0,0.0,False,False,False,False
corteva-2014-2018-external|2018-188|2018,reused_external_strict,10,80.0,2017-11-13,True,0.0,0.0,0.0,0.0,False,False,False,False
corteva-2014-2018-external|2018-189|2018,reused_external_strict,10,80.0,2017-11-11,True,0.0,0.0,0.0,0.0,False,False,False,False
corteva-2014-2018-external|2018-190|2018,reused_external_strict,10,80.0,2017-10-12,True,0.0,0.0,0.0,0.0,False,False,False,False
corteva-2014-2018-external|2018-191|2018,reused_external_strict,10,80.0,2017-10-13,True,0.0,0.0,0.0,0.0,False,False,False,False
corteva-2014-2018-external|2018-193|2018,reused_external_strict,10,80.0,2017-11-20,True,0.0,0.0,0.0,0.0,False,False,False,False
corteva-2014-2018-external|2018-194|2018,reused_external_strict,10,80.0,2017-11-19,True,0.0,0.0,0.0,0.0,False,False,False,False
corteva-2014-2018-external|2018-195|2018,reused_external_strict,10,80.0,2017-11-19,True,0.0,0.0,0.0,0.0,False,False,False,False
corteva-2014-2018-external|2018-196|2018,reused_external_strict,10,80.0,2017-10-14,True,0.0,0.0,0.0,0.0,False,False,False,False
corteva-2014-2018-external|2018-197|2018,reused_external_strict,10,80.0,2017-11-20,True,0.0,0.0,0.0,0.0,False,False,False,False
corteva-2014-2018-external|2018-198|2018,reused_external_strict,10,80.0,2017-11-18,True,0.0,0.0,0.0,0.0,False,False,False,False
corteva-2014-2018-external|2014-1|2014,reused_external_strict,31,80.0,2014-04-13,True,5.0,3.0,1.0,0.0,False,False,False,False
corteva-2014-2018-external|2014-10|2014,reused_external_strict,31,80.0,2014-04-13,True,5.0,3.0,1.0,0.0,False,False,False,False
corteva-2014-2018-external|2014-11|2014,reused_external_strict,31,80.0,2014-04-25,True,5.0,3.0,1.0,0.0,False,False,False,False
corteva-2014-2018-external|2014-12|2014,reused_external_strict,31,80.0,2014-04-13,True,5.0,3.0,1.0,0.0,False,False,False,False
corteva-2014-2018-external|2014-13|2014,reused_external_strict,31,80.0,2014-04-20,True,5.0,3.0,1.0,0.0,False,False,False,False
corteva-2014-2018-external|2014-14|2014,reused_external_strict,31,80.0,2014-04-13,True,5.0,3.0,1.0,0.0,False,False,False,False
corteva-2014-2018-external|2014-15|2014,reused_external_strict,31,80.0,2014-04-13,True,5.0,3.0,1.0,0.0,False,False,False,False
corteva-2014-2018-external|2014-16|2014,reused_external_strict,31,80.0,2014-03-31,True,5.0,3.0,1.0,0.0,False,False,False,False
corteva-2014-2018-external|2014-17|2014,reused_external_strict,31,80.0,2014-04-13,True,5.0,3.0,1.0,0.0,False,False,False,False
corteva-2014-2018-external|2014-2|2014,reused_external_strict,31,80.0,2014-03-29,True,5.0,3.0,1.0,0.0,False,False,False,False
corteva-2014-2018-external|2014-23|2014,reused_external_strict,31,80.0,2014-04-20,True,5.0,3.0,1.0,0.0,False,False,False,False
corteva-2014-2018-external|2014-24|2014,reused_external_strict,31,80.0,2014-04-25,True,5.0,3.0,1.0,0.0,False,False,False,False
corteva-2014-2018-external|2014-25|2014,reused_external_strict,31,80.0,2014-03-31,True,5.0,3.0,1.0,0.0,False,False,False,False
corteva-2014-2018-external|2014-26|2014,reused_external_strict,31,80.0,2014-04-06,True,5.0,3.0,1.0,0.0,False,False,False,False
corteva-2014-2018-external|2014-3|2014,reused_external_strict,31,80.0,2014-04-13,True,5.0,3.0,1.0,0.0,False,False,False,False
corteva-2014-2018-external|2014-34|2014,reused_external_strict,31,80.0,2014-04-20,True,5.0,3.0,1.0,0.0,False,False,False,False
corteva-2014-2018-external|2014-35|2014,reused_external_strict,31,80.0,2014-03-31,True,5.0,3.0,1.0,0.0,False,False,False,False
corteva-2014-2018-external|2014-36|2014,reused_external_strict,31,80.0,2014-04-13,True,5.0,3.0,1.0,0.0,False,False,False,False
corteva-2014-2018-external|2014-37|2014,reused_external_strict,31,80.0,2014-04-25,True,5.0,3.0,1.0,0.0,False,False,False,False
corteva-2014-2018-external|2014-38|2014,reused_external_strict,31,80.0,2014-04-16,True,5.0,3.0,1.0,0.0,False,False,False,False
corteva-2014-2018-external|2014-39|2014,reused_external_strict,31,80.0,2014-04-11,True,5.0,3.0,1.0,0.0,False,False,False,False
corteva-2014-2018-external|2014-4|2014,reused_external_strict,31,80.0,2014-04-04,True,5.0,3.0,1.0,0.0,False,False,False,False
corteva-2014-2018-external|2014-5|2014,reused_external_strict,31,80.0,2014-04-13,True,5.0,3.0,1.0,0.0,False,False,False,False
corteva-2014-2018-external|2014-9|2014,reused_external_strict,31,80.0,2014-04-16,True,5.0,3.0,1.0,0.0,False,False,False,False
corteva-2014-2018-external|2015-41|2015,reused_external_strict,31,80.0,2015-04-22,True,5.0,3.0,1.0,0.0,False,False,False,False
corteva-2014-2018-external|2015-42|2015,reused_external_strict,31,80.0,2015-04-11,True,5.0,3.0,1.0,0.0,False,False,False,False
corteva-2014-2018-external|2015-43|2015,reused_external_strict,31,80.0,2015-04-21,True,5.0,3.0,1.0,0.0,False,False,False,False
corteva-2014-2018-external|2015-44|2015,reused_external_strict,31,80.0,2015-04-22,True,5.0,3.0,1.0,0.0,False,False,False,False
corteva-2014-2018-external|2015-48|2015,reused_external_strict,31,80.0,2015-04-24,True,5.0,3.0,1.0,0.0,False,False,False,False
corteva-2014-2018-external|2015-49|2015,reused_external_strict,31,80.0,2015-04-09,True,5.0,3.0,1.0,0.0,False,False,False,False
corteva-2014-2018-external|2015-50|2015,reused_external_strict,31,80.0,2015-04-20,True,5.0,3.0,1.0,0.0,False,False,False,False
corteva-2014-2018-external|2015-53|2015,reused_external_strict,31,80.0,2015-04-22,True,5.0,3.0,1.0,0.0,False,False,False,False
corteva-2014-2018-external|2015-54|2015,reused_external_strict,31,80.0,2015-04-23,True,5.0,3.0,1.0,0.0,False,False,False,False
corteva-2014-2018-external|2015-55|2015,reused_external_strict,31,80.0,2015-04-30,True,5.0,3.0,1.0,0.0,False,False,False,False
corteva-2014-2018-external|2015-56|2015,reused_external_strict,31,80.0,2015-04-19,True,5.0,3.0,1.0,0.0,False,False,False,False
corteva-2014-2018-external|2015-57|2015,reused_external_strict,31,80.0,2015-05-01,True,5.0,3.0,1.0,0.0,False,False,False,False
corteva-2014-2018-external|2015-58|2015,reused_external_strict,31,80.0,2015-05-19,True,5.0,3.0,1.0,0.0,False,False,False,False
corteva-2014-2018-external|2015-60|2015,reused_external_strict,31,80.0,2015-05-14,True,5.0,3.0,1.0,0.0,False,False,False,False
corteva-2014-2018-external|2015-61|2015,reused_external_strict,31,80.0,2015-04-23,True,5.0,3.0,1.0,0.0,False,False,False,False
corteva-2014-2018-external|2015-62|2015,reused_external_strict,31,80.0,2015-04-20,True,5.0,3.0,1.0,0.0,False,False,False,False
corteva-2014-2018-external|2015-63|2015,reused_external_strict,31,80.0,2015-04-30,True,5.0,3.0,1.0,0.0,False,False,False,False
corteva-2014-2018-external|2015-64|2015,reused_external_strict,31,80.0,2015-04-20,True,5.0,3.0,1.0,0.0,False,False,False,False
corteva-2014-2018-external|2015-65|2015,reused_external_strict,31,80.0,2015-04-16,True,5.0,3.0,1.0,0.0,False,False,False,False
corteva-2014-2018-external|2015-66|2015,reused_external_strict,31,80.0,2015-04-09,True,5.0,3.0,1.0,0.0,False,False,False,False
corteva-2014-2018-external|2015-67|2015,reused_external_strict,31,80.0,2015-04-20,True,5.0,3.0,1.0,0.0,False,False,False,False
corteva-2014-2018-external|2015-68|2015,reused_external_strict,31,80.0,2015-04-25,True,5.0,3.0,1.0,0.0,False,False,False,False
corteva-2014-2018-external|2015-69|2015,reused_external_strict,31,80.0,2015-04-18,True,5.0,3.0,1.0,0.0,False,False,False,False
corteva-2014-2018-external|2015-70|2015,reused_external_strict,31,80.0,2015-05-13,True,5.0,3.0,1.0,0.0,False,False,False,False
corteva-2014-2018-external|2015-71|2015,reused_external_strict,31,80.0,2015-05-12,True,5.0,3.0,1.0,0.0,False,False,False,False
corteva-2014-2018-external|2015-72|2015,reused_external_strict,31,80.0,2015-04-19,True,5.0,3.0,1.0,0.0,False,False,False,False
corteva-2014-2018-external|2015-73|2015,reused_external_strict,31,80.0,2015-04-21,True,5.0,3.0,1.0,0.0,False,False,False,False
corteva-2014-2018-external|2015-74|2015,reused_external_strict,31,80.0,2015-04-19,True,5.0,3.0,1.0,0.0,False,False,False,False
corteva-2014-2018-external|2015-75|2015,reused_external_strict,31,80.0,2015-04-21,True,5.0,3.0,1.0,0.0,False,False,False,False
corteva-2014-2018-external|2015-76|2015,reused_external_strict,31,80.0,2015-04-21,True,5.0,3.0,1.0,0.0,False,False,False,False
corteva-2014-2018-external|2015-77|2015,reused_external_strict,31,80.0,2015-04-17,True,5.0,3.0,1.0,0.0,False,False,False,False
corteva-2014-2018-external|2015-78|2015,reused_external_strict,31,80.0,2015-04-23,True,5.0,3.0,1.0,0.0,False,False,False,False
corteva-2014-2018-external|2016-100|2016,reused_external_strict,31,80.0,2016-04-24,True,5.0,3.0,1.0,0.0,False,False,False,False
corteva-2014-2018-external|2016-101|2016,reused_external_strict,31,80.0,2016-04-20,True,5.0,3.0,1.0,0.0,False,False,False,False
corteva-2014-2018-external|2016-102|2016,reused_external_strict,31,80.0,2016-04-17,True,5.0,3.0,1.0,0.0,False,False,False,False
corteva-2014-2018-external|2016-103|2016,reused_external_strict,31,80.0,2016-04-01,True,5.0,3.0,1.0,0.0,False,False,False,False
corteva-2014-2018-external|2016-104|2016,reused_external_strict,31,80.0,2016-04-24,True,5.0,3.0,1.0,0.0,False,False,False,False
corteva-2014-2018-external|2016-105|2016,reused_external_strict,31,80.0,2016-05-03,True,5.0,3.0,1.0,0.0,False,False,False,False
corteva-2014-2018-external|2016-106|2016,reused_external_strict,31,80.0,2016-04-09,True,5.0,3.0,1.0,0.0,False,False,False,False
corteva-2014-2018-external|2016-107|2016,reused_external_strict,31,80.0,2016-04-18,True,5.0,3.0,1.0,0.0,False,False,False,False
corteva-2014-2018-external|2016-108|2016,reused_external_strict,31,80.0,2016-04-21,True,5.0,3.0,1.0,0.0,False,False,False,False
corteva-2014-2018-external|2016-109|2016,reused_external_strict,31,80.0,2016-04-12,True,5.0,3.0,1.0,0.0,False,False,False,False
corteva-2014-2018-external|2016-110|2016,reused_external_strict,31,80.0,2016-04-13,True,5.0,3.0,1.0,0.0,False,False,False,False
corteva-2014-2018-external|2016-111|2016,reused_external_strict,31,80.0,2016-04-22,True,5.0,3.0,1.0,0.0,False,False,False,False
corteva-2014-2018-external|2016-113|2016,reused_external_strict,31,80.0,2016-04-08,True,5.0,3.0,1.0,0.0,False,False,False,False
corteva-2014-2018-external|2016-115|2016,reused_external_strict,31,80.0,2016-04-15,True,5.0,3.0,1.0,0.0,False,False,False,False
corteva-2014-2018-external|2016-116|2016,reused_external_strict,31,80.0,2016-04-16,True,5.0,3.0,1.0,0.0,False,False,False,False
corteva-2014-2018-external|2016-79|2016,reused_external_strict,31,80.0,2016-04-16,True,5.0,3.0,1.0,0.0,False,False,False,False
corteva-2014-2018-external|2016-80|2016,reused_external_strict,31,80.0,2016-04-21,True,5.0,3.0,1.0,0.0,False,False,False,False
corteva-2014-2018-external|2016-81|2016,reused_external_strict,31,80.0,2016-04-16,True,5.0,3.0,1.0,0.0,False,False,False,False
corteva-2014-2018-external|2016-89|2016,reused_external_strict,31,80.0,2016-04-21,True,5.0,3.0,1.0,0.0,False,False,False,False
corteva-2014-2018-external|2016-90|2016,reused_external_strict,31,80.0,2016-04-06,True,5.0,3.0,1.0,0.0,False,False,False,False
corteva-2014-2018-external|2016-91|2016,reused_external_strict,31,80.0,2016-04-16,True,5.0,3.0,1.0,0.0,False,False,False,False
corteva-2014-2018-external|2016-92|2016,reused_external_strict,31,80.0,2016-04-10,True,5.0,3.0,1.0,0.0,False,False,False,False
corteva-2014-2018-external|2016-93|2016,reused_external_strict,31,80.0,2016-04-19,True,5.0,3.0,1.0,0.0,False,False,False,False
corteva-2014-2018-external|2016-94|2016,reused_external_strict,31,80.0,2016-04-16,True,5.0,3.0,1.0,0.0,False,False,False,False
corteva-2014-2018-external|2016-96|2016,reused_external_strict,31,80.0,2016-04-03,True,5.0,3.0,1.0,0.0,False,False,False,False
corteva-2014-2018-external|2016-97|2016,reused_external_strict,31,80.0,2016-04-16,True,5.0,3.0,1.0,0.0,False,False,False,False
corteva-2014-2018-external|2016-98|2016,reused_external_strict,31,80.0,2016-04-04,True,5.0,3.0,1.0,0.0,False,False,False,False
corteva-2014-2018-external|2016-99|2016,reused_external_strict,31,80.0,2016-04-16,True,5.0,3.0,1.0,0.0,False,False,False,False
corteva-2014-2018-external|2017-117|2017,reused_external_strict,31,80.0,2017-04-03,True,5.0,3.0,1.0,0.0,False,False,False,False
corteva-2014-2018-external|2017-118|2017,reused_external_strict,31,80.0,2017-04-13,True,5.0,3.0,1.0,0.0,False,False,False,False
corteva-2014-2018-external|2017-119|2017,reused_external_strict,31,80.0,2017-05-01,True,5.0,3.0,1.0,0.0,False,False,False,False
corteva-2014-2018-external|2017-121|2017,reused_external_strict,31,80.0,2017-04-01,True,5.0,3.0,1.0,0.0,False,False,False,False
corteva-2014-2018-external|2017-126|2017,reused_external_strict,31,80.0,2017-04-13,True,5.0,3.0,1.0,0.0,False,False,False,False
corteva-2014-2018-external|2017-130|2017,reused_external_strict,31,80.0,2017-04-15,True,5.0,3.0,1.0,0.0,False,False,False,False
corteva-2014-2018-external|2017-131|2017,reused_external_strict,31,80.0,2017-04-06,True,5.0,3.0,1.0,0.0,False,False,False,False
corteva-2014-2018-external|2017-132|2017,reused_external_strict,31,80.0,2017-04-13,True,5.0,3.0,1.0,0.0,False,False,False,False
corteva-2014-2018-external|2017-133|2017,reused_external_strict,31,80.0,2017-04-23,True,5.0,3.0,1.0,0.0,False,False,False,False
corteva-2014-2018-external|2017-141|2017,reused_external_strict,31,80.0,2017-04-13,True,5.0,3.0,1.0,0.0,False,False,False,False
corteva-2014-2018-external|2017-142|2017,reused_external_strict,31,80.0,2017-04-15,True,5.0,3.0,1.0,0.0,False,False,False,False
corteva-2014-2018-external|2017-144|2017,reused_external_strict,31,80.0,2017-04-11,True,5.0,3.0,1.0,0.0,False,False,False,False
corteva-2014-2018-external|2017-145|2017,reused_external_strict,31,80.0,2017-04-11,True,5.0,3.0,1.0,0.0,False,False,False,False
corteva-2014-2018-external|2017-146|2017,reused_external_strict,31,80.0,2017-04-29,True,5.0,3.0,1.0,0.0,False,False,False,False
corteva-2014-2018-external|2017-147|2017,reused_external_strict,31,80.0,2017-04-15,True,5.0,3.0,1.0,0.0,False,False,False,False
corteva-2014-2018-external|2017-148|2017,reused_external_strict,31,80.0,2017-05-06,True,5.0,3.0,1.0,0.0,False,False,False,False
corteva-2014-2018-external|2017-149|2017,reused_external_strict,31,80.0,2017-04-12,True,5.0,3.0,1.0,0.0,False,False,False,False
corteva-2014-2018-external|2017-150|2017,reused_external_strict,31,80.0,2017-04-13,True,5.0,3.0,1.0,0.0,False,False,False,False
corteva-2014-2018-external|2017-151|2017,reused_external_strict,31,80.0,2017-05-06,True,5.0,3.0,1.0,0.0,False,False,False,False
corteva-2014-2018-external|2017-152|2017,reused_external_strict,31,80.0,2017-04-08,True,5.0,3.0,1.0,0.0,False,False,False,False
corteva-2014-2018-external|2017-153|2017,reused_external_strict,31,80.0,2017-04-20,True,5.0,3.0,1.0,0.0,False,False,False,False
corteva-2014-2018-external|2017-154|2017,reused_external_strict,31,80.0,2017-04-14,True,5.0,3.0,1.0,0.0,False,False,False,False
corteva-2014-2018-external|2018-157|2018,reused_external_strict,31,80.0,2018-04-18,True,5.0,3.0,1.0,0.0,False,False,False,False
corteva-2014-2018-external|2018-158|2018,reused_external_strict,31,80.0,2018-05-07,True,5.0,3.0,1.0,0.0,False,False,False,False
corteva-2014-2018-external|2018-159|2018,reused_external_strict,31,80.0,2018-04-25,True,5.0,3.0,1.0,0.0,False,False,False,False
corteva-2014-2018-external|2018-160|2018,reused_external_strict,31,80.0,2018-04-25,True,5.0,3.0,1.0,0.0,False,False,False,False
corteva-2014-2018-external|2018-161|2018,reused_external_strict,31,80.0,2018-04-19,True,5.0,3.0,1.0,0.0,False,False,False,False
corteva-2014-2018-external|2018-162|2018,reused_external_strict,31,80.0,2018-04-16,True,5.0,3.0,1.0,0.0,False,False,False,False
corteva-2014-2018-external|2018-163|2018,reused_external_strict,31,80.0,2018-04-20,True,5.0,3.0,1.0,0.0,False,False,False,False
corteva-2014-2018-external|2018-164|2018,reused_external_strict,31,80.0,2018-04-19,True,5.0,3.0,1.0,0.0,False,False,False,False
corteva-2014-2018-external|2018-165|2018,reused_external_strict,31,80.0,2018-04-30,True,5.0,3.0,1.0,0.0,False,False,False,False
corteva-2014-2018-external|2018-166|2018,reused_external_strict,31,80.0,2018-04-22,True,5.0,3.0,1.0,0.0,False,False,False,False
corteva-2014-2018-external|2018-167|2018,reused_external_strict,31,80.0,2018-04-27,True,5.0,3.0,1.0,0.0,False,False,False,False
corteva-2014-2018-external|2018-168|2018,reused_external_strict,31,80.0,2018-04-27,True,5.0,3.0,1.0,0.0,False,False,False,False
corteva-2014-2018-external|2018-169|2018,reused_external_strict,31,80.0,2018-04-23,True,5.0,3.0,1.0,0.0,False,False,False,False
corteva-2014-2018-external|2018-170|2018,reused_external_strict,31,80.0,2018-04-18,True,5.0,3.0,1.0,0.0,False,False,False,False
corteva-2014-2018-external|2018-171|2018,reused_external_strict,31,80.0,2018-04-19,True,5.0,3.0,1.0,0.0,False,False,False,False
corteva-2014-2018-external|2018-172|2018,reused_external_strict,31,80.0,2018-04-27,True,5.0,3.0,1.0,0.0,False,False,False,False
corteva-2014-2018-external|2018-173|2018,reused_external_strict,31,80.0,2018-04-22,True,5.0,3.0,1.0,0.0,False,False,False,False
corteva-2014-2018-external|2018-174|2018,reused_external_strict,31,80.0,2018-03-15,True,5.0,3.0,1.0,0.0,False,False,False,False
corteva-2014-2018-external|2018-175|2018,reused_external_strict,31,80.0,2018-04-25,True,5.0,3.0,1.0,0.0,False,False,False,False
corteva-2014-2018-external|2018-176|2018,reused_external_strict,31,80.0,2018-05-07,True,5.0,3.0,1.0,0.0,False,False,False,False
corteva-2014-2018-external|2018-177|2018,reused_external_strict,31,80.0,2018-04-27,True,5.0,3.0,1.0,0.0,False,False,False,False
corteva-2014-2018-external|2018-181|2018,reused_external_strict,31,80.0,2018-04-19,True,5.0,3.0,1.0,0.0,False,False,False,False
corteva-2014-2018-external|2018-182|2018,reused_external_strict,31,80.0,2018-04-18,True,5.0,3.0,1.0,0.0,False,False,False,False
corteva-2014-2018-external|2018-183|2018,reused_external_strict,31,80.0,2018-04-18,True,5.0,3.0,1.0,0.0,False,False,False,False
corteva-2014-2018-external|2018-184|2018,reused_external_strict,31,80.0,2018-04-25,True,5.0,3.0,1.0,0.0,False,False,False,False
corteva-2014-2018-external|2018-185|2018,reused_external_strict,31,80.0,2018-04-23,True,5.0,3.0,1.0,0.0,False,False,False,False
corteva-2014-2018-external|2018-186|2018,reused_external_strict,31,80.0,2018-04-09,True,5.0,3.0,1.0,0.0,False,False,False,False
corteva-2014-2018-external|2018-188|2018,reused_external_strict,31,80.0,2018-03-28,True,5.0,3.0,1.0,0.0,False,False,False,False
corteva-2014-2018-external|2018-189|2018,reused_external_strict,31,80.0,2018-03-15,True,5.0,3.0,1.0,0.0,False,False,False,False
corteva-2014-2018-external|2018-190|2018,reused_external_strict,31,80.0,2018-04-30,True,5.0,3.0,1.0,0.0,False,False,False,False
corteva-2014-2018-external|2018-191|2018,reused_external_strict,31,80.0,2018-04-20,True,5.0,3.0,1.0,0.0,False,False,False,False
corteva-2014-2018-external|2018-193|2018,reused_external_strict,31,80.0,2018-04-28,True,5.0,3.0,1.0,0.0,False,False,False,False
corteva-2014-2018-external|2018-194|2018,reused_external_strict,31,80.0,2018-04-18,True,5.0,3.0,1.0,0.0,False,False,False,False
corteva-2014-2018-external|2018-195|2018,reused_external_strict,31,80.0,2018-04-23,True,5.0,3.0,1.0,0.0,False,False,False,False
corteva-2014-2018-external|2018-196|2018,reused_external_strict,31,80.0,2018-04-20,True,5.0,3.0,1.0,0.0,False,False,False,False
corteva-2014-2018-external|2018-197|2018,reused_external_strict,31,80.0,2018-04-28,True,5.0,3.0,1.0,0.0,False,False,False,False
corteva-2014-2018-external|2018-198|2018,reused_external_strict,31,80.0,2018-04-20,True,5.0,3.0,1.0,0.0,False,False,False,False
corteva-2014-2018-external|2014-1|2014,reused_external_strict,32,80.0,2014-04-24,True,6.0,4.0,2.0,0.0,False,False,False,False
corteva-2014-2018-external|2014-10|2014,reused_external_strict,32,80.0,2014-04-24,True,6.0,4.0,2.0,0.0,False,False,False,False
corteva-2014-2018-external|2014-11|2014,reused_external_strict,32,80.0,2014-05-05,True,6.0,4.0,2.0,0.0,False,False,False,False
corteva-2014-2018-external|2014-12|2014,reused_external_strict,32,80.0,2014-04-24,True,6.0,4.0,2.0,0.0,False,False,False,False
corteva-2014-2018-external|2014-13|2014,reused_external_strict,32,80.0,2014-04-29,True,6.0,4.0,2.0,0.0,False,False,False,False
corteva-2014-2018-external|2014-14|2014,reused_external_strict,32,80.0,2014-04-24,True,6.0,4.0,2.0,0.0,False,False,False,False
corteva-2014-2018-external|2014-15|2014,reused_external_strict,32,80.0,2014-04-24,True,6.0,4.0,2.0,0.0,False,False,False,False
corteva-2014-2018-external|2014-16|2014,reused_external_strict,32,80.0,2014-04-09,True,6.0,4.0,2.0,0.0,False,False,False,False
corteva-2014-2018-external|2014-17|2014,reused_external_strict,32,80.0,2014-04-24,True,6.0,4.0,2.0,0.0,False,False,False,False
corteva-2014-2018-external|2014-2|2014,reused_external_strict,32,80.0,2014-04-08,True,6.0,4.0,2.0,0.0,False,False,False,False
corteva-2014-2018-external|2014-23|2014,reused_external_strict,32,80.0,2014-04-30,True,6.0,4.0,2.0,0.0,False,False,False,False
corteva-2014-2018-external|2014-24|2014,reused_external_strict,32,80.0,2014-05-05,True,6.0,4.0,2.0,0.0,False,False,False,False
corteva-2014-2018-external|2014-25|2014,reused_external_strict,32,80.0,2014-04-09,True,6.0,4.0,2.0,0.0,False,False,False,False
corteva-2014-2018-external|2014-26|2014,reused_external_strict,32,80.0,2014-04-18,True,6.0,4.0,2.0,0.0,False,False,False,False
corteva-2014-2018-external|2014-3|2014,reused_external_strict,32,80.0,2014-04-24,True,6.0,4.0,2.0,0.0,False,False,False,False
corteva-2014-2018-external|2014-34|2014,reused_external_strict,32,80.0,2014-04-30,True,6.0,4.0,2.0,0.0,False,False,False,False
corteva-2014-2018-external|2014-35|2014,reused_external_strict,32,80.0,2014-04-10,True,6.0,4.0,2.0,0.0,False,False,False,False
corteva-2014-2018-external|2014-36|2014,reused_external_strict,32,80.0,2014-04-26,True,6.0,4.0,2.0,0.0,False,False,False,False
corteva-2014-2018-external|2014-37|2014,reused_external_strict,32,80.0,2014-05-05,True,6.0,4.0,2.0,0.0,False,False,False,False
corteva-2014-2018-external|2014-38|2014,reused_external_strict,32,80.0,2014-04-28,True,6.0,4.0,2.0,0.0,False,False,False,False
corteva-2014-2018-external|2014-39|2014,reused_external_strict,32,80.0,2014-04-23,True,6.0,4.0,2.0,0.0,False,False,False,False
corteva-2014-2018-external|2014-4|2014,reused_external_strict,32,80.0,2014-04-15,True,6.0,4.0,2.0,0.0,False,False,False,False
corteva-2014-2018-external|2014-5|2014,reused_external_strict,32,80.0,2014-04-24,True,6.0,4.0,2.0,0.0,False,False,False,False
corteva-2014-2018-external|2014-9|2014,reused_external_strict,32,80.0,2014-04-27,True,6.0,4.0,2.0,0.0,False,False,False,False
corteva-2014-2018-external|2015-41|2015,reused_external_strict,32,80.0,2015-05-04,True,6.0,4.0,2.0,0.0,False,False,False,False
corteva-2014-2018-external|2015-42|2015,reused_external_strict,32,80.0,2015-04-20,True,6.0,4.0,2.0,0.0,False,False,False,False
corteva-2014-2018-external|2015-43|2015,reused_external_strict,32,80.0,2015-05-01,True,6.0,4.0,2.0,0.0,False,False,False,False
corteva-2014-2018-external|2015-44|2015,reused_external_strict,32,80.0,2015-05-04,True,6.0,4.0,2.0,0.0,False,False,False,False
corteva-2014-2018-external|2015-48|2015,reused_external_strict,32,80.0,2015-05-05,True,6.0,4.0,2.0,0.0,False,False,False,False
corteva-2014-2018-external|2015-49|2015,reused_external_strict,32,80.0,2015-04-17,True,6.0,4.0,2.0,0.0,False,False,False,False
corteva-2014-2018-external|2015-50|2015,reused_external_strict,32,80.0,2015-05-03,True,6.0,4.0,2.0,0.0,False,False,False,False
corteva-2014-2018-external|2015-53|2015,reused_external_strict,32,80.0,2015-05-04,True,6.0,4.0,2.0,0.0,False,False,False,False
corteva-2014-2018-external|2015-54|2015,reused_external_strict,32,80.0,2015-05-07,True,6.0,4.0,2.0,0.0,False,False,False,False
corteva-2014-2018-external|2015-55|2015,reused_external_strict,32,80.0,2015-05-09,True,6.0,4.0,2.0,0.0,False,False,False,False
corteva-2014-2018-external|2015-56|2015,reused_external_strict,32,80.0,2015-04-30,True,6.0,4.0,2.0,0.0,False,False,False,False
corteva-2014-2018-external|2015-57|2015,reused_external_strict,32,80.0,2015-05-10,True,6.0,4.0,2.0,0.0,False,False,False,False
corteva-2014-2018-external|2015-58|2015,reused_external_strict,32,80.0,2015-05-28,True,6.0,4.0,2.0,0.0,False,False,False,False
corteva-2014-2018-external|2015-60|2015,reused_external_strict,32,80.0,2015-05-24,True,6.0,4.0,2.0,0.0,False,False,False,False
corteva-2014-2018-external|2015-61|2015,reused_external_strict,32,80.0,2015-05-01,True,6.0,4.0,2.0,0.0,False,False,False,False
corteva-2014-2018-external|2015-62|2015,reused_external_strict,32,80.0,2015-05-03,True,6.0,4.0,2.0,0.0,False,False,False,False
corteva-2014-2018-external|2015-63|2015,reused_external_strict,32,80.0,2015-05-09,True,6.0,4.0,2.0,0.0,False,False,False,False
corteva-2014-2018-external|2015-64|2015,reused_external_strict,32,80.0,2015-05-02,True,6.0,4.0,2.0,0.0,False,False,False,False
corteva-2014-2018-external|2015-65|2015,reused_external_strict,32,80.0,2015-04-28,True,6.0,4.0,2.0,0.0,False,False,False,False
corteva-2014-2018-external|2015-66|2015,reused_external_strict,32,80.0,2015-04-17,True,6.0,4.0,2.0,0.0,False,False,False,False
corteva-2014-2018-external|2015-67|2015,reused_external_strict,32,80.0,2015-05-03,True,6.0,4.0,2.0,0.0,False,False,False,False
corteva-2014-2018-external|2015-68|2015,reused_external_strict,32,80.0,2015-05-04,True,6.0,4.0,2.0,0.0,False,False,False,False
corteva-2014-2018-external|2015-69|2015,reused_external_strict,32,80.0,2015-04-28,True,6.0,4.0,2.0,0.0,False,False,False,False
corteva-2014-2018-external|2015-70|2015,reused_external_strict,32,80.0,2015-05-24,True,6.0,4.0,2.0,0.0,False,False,False,False
corteva-2014-2018-external|2015-71|2015,reused_external_strict,32,80.0,2015-05-22,True,6.0,4.0,2.0,0.0,False,False,False,False
corteva-2014-2018-external|2015-72|2015,reused_external_strict,32,80.0,2015-04-30,True,6.0,4.0,2.0,0.0,False,False,False,False
corteva-2014-2018-external|2015-73|2015,reused_external_strict,32,80.0,2015-05-01,True,6.0,4.0,2.0,0.0,False,False,False,False
corteva-2014-2018-external|2015-74|2015,reused_external_strict,32,80.0,2015-04-30,True,6.0,4.0,2.0,0.0,False,False,False,False
corteva-2014-2018-external|2015-75|2015,reused_external_strict,32,80.0,2015-05-03,True,6.0,4.0,2.0,0.0,False,False,False,False
corteva-2014-2018-external|2015-76|2015,reused_external_strict,32,80.0,2015-04-30,True,6.0,4.0,2.0,0.0,False,False,False,False
corteva-2014-2018-external|2015-77|2015,reused_external_strict,32,80.0,2015-04-29,True,6.0,4.0,2.0,0.0,False,False,False,False
corteva-2014-2018-external|2015-78|2015,reused_external_strict,32,80.0,2015-05-07,True,6.0,4.0,2.0,0.0,False,False,False,False
corteva-2014-2018-external|2016-100|2016,reused_external_strict,32,80.0,2016-05-07,True,6.0,4.0,2.0,0.0,False,False,False,False
corteva-2014-2018-external|2016-101|2016,reused_external_strict,32,80.0,2016-05-03,True,6.0,4.0,2.0,0.0,False,False,False,False
corteva-2014-2018-external|2016-102|2016,reused_external_strict,32,80.0,2016-05-03,True,6.0,4.0,2.0,0.0,False,False,False,False
corteva-2014-2018-external|2016-103|2016,reused_external_strict,32,80.0,2016-04-14,True,6.0,4.0,2.0,0.0,False,False,False,False
corteva-2014-2018-external|2016-104|2016,reused_external_strict,32,80.0,2016-05-06,True,6.0,4.0,2.0,0.0,False,False,False,False
corteva-2014-2018-external|2016-105|2016,reused_external_strict,32,80.0,2016-05-13,True,6.0,4.0,2.0,0.0,False,False,False,False
corteva-2014-2018-external|2016-106|2016,reused_external_strict,32,80.0,2016-04-21,True,6.0,4.0,2.0,0.0,False,False,False,False
corteva-2014-2018-external|2016-107|2016,reused_external_strict,32,80.0,2016-05-03,True,6.0,4.0,2.0,0.0,False,False,False,False
corteva-2014-2018-external|2016-108|2016,reused_external_strict,32,80.0,2016-05-04,True,6.0,4.0,2.0,0.0,False,False,False,False
corteva-2014-2018-external|2016-109|2016,reused_external_strict,32,80.0,2016-04-26,True,6.0,4.0,2.0,0.0,False,False,False,False
corteva-2014-2018-external|2016-110|2016,reused_external_strict,32,80.0,2016-04-27,True,6.0,4.0,2.0,0.0,False,False,False,False
corteva-2014-2018-external|2016-111|2016,reused_external_strict,32,80.0,2016-05-05,True,6.0,4.0,2.0,0.0,False,False,False,False
corteva-2014-2018-external|2016-113|2016,reused_external_strict,32,80.0,2016-04-20,True,6.0,4.0,2.0,0.0,False,False,False,False
corteva-2014-2018-external|2016-115|2016,reused_external_strict,32,80.0,2016-05-02,True,6.0,4.0,2.0,0.0,False,False,False,False
corteva-2014-2018-external|2016-116|2016,reused_external_strict,32,80.0,2016-05-02,True,6.0,4.0,2.0,0.0,False,False,False,False
corteva-2014-2018-external|2016-79|2016,reused_external_strict,32,80.0,2016-05-02,True,6.0,4.0,2.0,0.0,False,False,False,False
corteva-2014-2018-external|2016-80|2016,reused_external_strict,32,80.0,2016-05-06,True,6.0,4.0,2.0,0.0,False,False,False,False
corteva-2014-2018-external|2016-81|2016,reused_external_strict,32,80.0,2016-05-02,True,6.0,4.0,2.0,0.0,False,False,False,False
corteva-2014-2018-external|2016-89|2016,reused_external_strict,32,80.0,2016-05-06,True,6.0,4.0,2.0,0.0,False,False,False,False
corteva-2014-2018-external|2016-90|2016,reused_external_strict,32,80.0,2016-04-20,True,6.0,4.0,2.0,0.0,False,False,False,False
corteva-2014-2018-external|2016-91|2016,reused_external_strict,32,80.0,2016-05-02,True,6.0,4.0,2.0,0.0,False,False,False,False
corteva-2014-2018-external|2016-92|2016,reused_external_strict,32,80.0,2016-04-21,True,6.0,4.0,2.0,0.0,False,False,False,False
corteva-2014-2018-external|2016-93|2016,reused_external_strict,32,80.0,2016-05-04,True,6.0,4.0,2.0,0.0,False,False,False,False
corteva-2014-2018-external|2016-94|2016,reused_external_strict,32,80.0,2016-05-02,True,6.0,4.0,2.0,0.0,False,False,False,False
corteva-2014-2018-external|2016-96|2016,reused_external_strict,32,80.0,2016-04-15,True,6.0,4.0,2.0,0.0,False,False,False,False
corteva-2014-2018-external|2016-97|2016,reused_external_strict,32,80.0,2016-05-02,True,6.0,4.0,2.0,0.0,False,False,False,False
corteva-2014-2018-external|2016-98|2016,reused_external_strict,32,80.0,2016-04-16,True,6.0,4.0,2.0,0.0,False,False,False,False
corteva-2014-2018-external|2016-99|2016,reused_external_strict,32,80.0,2016-05-02,True,6.0,4.0,2.0,0.0,False,False,False,False
corteva-2014-2018-external|2017-117|2017,reused_external_strict,32,80.0,2017-04-13,True,6.0,4.0,2.0,0.0,False,False,False,False
corteva-2014-2018-external|2017-118|2017,reused_external_strict,32,80.0,2017-04-26,True,6.0,4.0,2.0,0.0,False,False,False,False
corteva-2014-2018-external|2017-119|2017,reused_external_strict,32,80.0,2017-05-12,True,6.0,4.0,2.0,0.0,False,False,False,False
corteva-2014-2018-external|2017-121|2017,reused_external_strict,32,80.0,2017-04-13,True,6.0,4.0,2.0,0.0,False,False,False,False
corteva-2014-2018-external|2017-126|2017,reused_external_strict,32,80.0,2017-04-26,True,6.0,4.0,2.0,0.0,False,False,False,False
corteva-2014-2018-external|2017-130|2017,reused_external_strict,32,80.0,2017-05-02,True,6.0,4.0,2.0,0.0,False,False,False,False
corteva-2014-2018-external|2017-131|2017,reused_external_strict,32,80.0,2017-04-16,True,6.0,4.0,2.0,0.0,False,False,False,False
corteva-2014-2018-external|2017-132|2017,reused_external_strict,32,80.0,2017-04-26,True,6.0,4.0,2.0,0.0,False,False,False,False
corteva-2014-2018-external|2017-133|2017,reused_external_strict,32,80.0,2017-05-07,True,6.0,4.0,2.0,0.0,False,False,False,False
corteva-2014-2018-external|2017-141|2017,reused_external_strict,32,80.0,2017-04-26,True,6.0,4.0,2.0,0.0,False,False,False,False
corteva-2014-2018-external|2017-142|2017,reused_external_strict,32,80.0,2017-05-01,True,6.0,4.0,2.0,0.0,False,False,False,False
corteva-2014-2018-external|2017-144|2017,reused_external_strict,32,80.0,2017-04-25,True,6.0,4.0,2.0,0.0,False,False,False,False
corteva-2014-2018-external|2017-145|2017,reused_external_strict,32,80.0,2017-04-23,True,6.0,4.0,2.0,0.0,False,False,False,False
corteva-2014-2018-external|2017-146|2017,reused_external_strict,32,80.0,2017-05-11,True,6.0,4.0,2.0,0.0,False,False,False,False
corteva-2014-2018-external|2017-147|2017,reused_external_strict,32,80.0,2017-05-02,True,6.0,4.0,2.0,0.0,False,False,False,False
corteva-2014-2018-external|2017-148|2017,reused_external_strict,32,80.0,2017-05-16,True,6.0,4.0,2.0,0.0,False,False,False,False
corteva-2014-2018-external|2017-149|2017,reused_external_strict,32,80.0,2017-04-27,True,6.0,4.0,2.0,0.0,False,False,False,False
corteva-2014-2018-external|2017-150|2017,reused_external_strict,32,80.0,2017-04-26,True,6.0,4.0,2.0,0.0,False,False,False,False
corteva-2014-2018-external|2017-151|2017,reused_external_strict,32,80.0,2017-05-16,True,6.0,4.0,2.0,0.0,False,False,False,False
corteva-2014-2018-external|2017-152|2017,reused_external_strict,32,80.0,2017-04-21,True,6.0,4.0,2.0,0.0,False,False,False,False
corteva-2014-2018-external|2017-153|2017,reused_external_strict,32,80.0,2017-05-03,True,6.0,4.0,2.0,0.0,False,False,False,False
corteva-2014-2018-external|2017-154|2017,reused_external_strict,32,80.0,2017-04-27,True,6.0,4.0,2.0,0.0,False,False,False,False
corteva-2014-2018-external|2018-157|2018,reused_external_strict,32,80.0,2018-04-25,True,6.0,4.0,2.0,0.0,False,False,False,False
corteva-2014-2018-external|2018-158|2018,reused_external_strict,32,80.0,2018-05-14,True,6.0,5.0,2.0,1.0,False,False,False,False
corteva-2014-2018-external|2018-159|2018,reused_external_strict,32,80.0,2018-05-05,True,6.0,4.0,2.0,0.0,False,False,False,False
corteva-2014-2018-external|2018-160|2018,reused_external_strict,32,80.0,2018-05-05,True,6.0,4.0,2.0,0.0,False,False,False,False
corteva-2014-2018-external|2018-161|2018,reused_external_strict,32,80.0,2018-04-30,True,6.0,4.0,2.0,0.0,False,False,False,False
corteva-2014-2018-external|2018-162|2018,reused_external_strict,32,80.0,2018-04-22,True,6.0,4.0,2.0,0.0,False,False,False,False
corteva-2014-2018-external|2018-163|2018,reused_external_strict,32,80.0,2018-04-28,True,6.0,4.0,2.0,0.0,False,False,False,False
corteva-2014-2018-external|2018-164|2018,reused_external_strict,32,80.0,2018-04-27,True,6.0,4.0,2.0,0.0,False,False,False,False
corteva-2014-2018-external|2018-165|2018,reused_external_strict,32,80.0,2018-05-09,True,6.0,4.0,2.0,0.0,False,False,False,False
corteva-2014-2018-external|2018-166|2018,reused_external_strict,32,80.0,2018-05-04,True,6.0,4.0,2.0,0.0,False,False,False,False
corteva-2014-2018-external|2018-167|2018,reused_external_strict,32,80.0,2018-05-07,True,6.0,4.0,2.0,0.0,False,False,False,False
corteva-2014-2018-external|2018-168|2018,reused_external_strict,32,80.0,2018-05-07,True,6.0,4.0,2.0,0.0,False,False,False,False
corteva-2014-2018-external|2018-169|2018,reused_external_strict,32,80.0,2018-05-04,True,6.0,4.0,2.0,0.0,False,False,False,False
corteva-2014-2018-external|2018-170|2018,reused_external_strict,32,80.0,2018-04-25,True,6.0,4.0,2.0,0.0,False,False,False,False
corteva-2014-2018-external|2018-171|2018,reused_external_strict,32,80.0,2018-04-28,True,6.0,4.0,2.0,0.0,False,False,False,False
corteva-2014-2018-external|2018-172|2018,reused_external_strict,32,80.0,2018-05-07,True,6.0,4.0,2.0,0.0,False,False,False,False
corteva-2014-2018-external|2018-173|2018,reused_external_strict,32,80.0,2018-05-02,True,6.0,4.0,2.0,0.0,False,False,False,False
corteva-2014-2018-external|2018-174|2018,reused_external_strict,32,80.0,2018-03-28,True,6.0,4.0,2.0,0.0,False,False,False,False
corteva-2014-2018-external|2018-175|2018,reused_external_strict,32,80.0,2018-05-06,True,6.0,4.0,2.0,0.0,False,False,False,False
corteva-2014-2018-external|2018-176|2018,reused_external_strict,32,80.0,2018-05-14,True,6.0,5.0,2.0,1.0,False,False,False,False
corteva-2014-2018-external|2018-177|2018,reused_external_strict,32,80.0,2018-05-03,True,6.0,5.0,2.0,1.0,False,False,False,False
corteva-2014-2018-external|2018-181|2018,reused_external_strict,32,80.0,2018-04-26,True,6.0,4.0,2.0,0.0,False,False,False,False
corteva-2014-2018-external|2018-182|2018,reused_external_strict,32,80.0,2018-04-25,True,6.0,4.0,2.0,0.0,False,False,False,False
corteva-2014-2018-external|2018-183|2018,reused_external_strict,32,80.0,2018-04-25,True,6.0,4.0,2.0,0.0,False,False,False,False
corteva-2014-2018-external|2018-184|2018,reused_external_strict,32,80.0,2018-05-05,True,6.0,4.0,2.0,0.0,False,False,False,False
corteva-2014-2018-external|2018-185|2018,reused_external_strict,32,80.0,2018-05-04,True,6.0,4.0,2.0,0.0,False,False,False,False
corteva-2014-2018-external|2018-186|2018,reused_external_strict,32,80.0,2018-04-19,True,6.0,4.0,2.0,0.0,False,False,False,False
corteva-2014-2018-external|2018-188|2018,reused_external_strict,32,80.0,2018-04-07,True,6.0,4.0,2.0,0.0,False,False,False,False
corteva-2014-2018-external|2018-189|2018,reused_external_strict,32,80.0,2018-03-28,True,6.0,4.0,2.0,0.0,False,False,False,False
corteva-2014-2018-external|2018-190|2018,reused_external_strict,32,80.0,2018-05-09,True,6.0,4.0,2.0,0.0,False,False,False,False
corteva-2014-2018-external|2018-191|2018,reused_external_strict,32,80.0,2018-04-28,True,6.0,4.0,2.0,0.0,False,False,False,False
corteva-2014-2018-external|2018-193|2018,reused_external_strict,32,80.0,2018-05-08,True,6.0,4.0,2.0,0.0,False,False,False,False
corteva-2014-2018-external|2018-194|2018,reused_external_strict,32,80.0,2018-04-25,True,6.0,4.0,2.0,0.0,False,False,False,False
corteva-2014-2018-external|2018-195|2018,reused_external_strict,32,80.0,2018-05-04,True,6.0,4.0,2.0,0.0,False,False,False,False
corteva-2014-2018-external|2018-196|2018,reused_external_strict,32,80.0,2018-04-28,True,6.0,4.0,2.0,0.0,False,False,False,False
corteva-2014-2018-external|2018-197|2018,reused_external_strict,32,80.0,2018-05-08,True,6.0,4.0,2.0,0.0,False,False,False,False
corteva-2014-2018-external|2018-198|2018,reused_external_strict,32,80.0,2018-04-28,True,6.0,4.0,2.0,0.0,False,False,False,False
corteva-2014-2018-external|2014-1|2014,reused_external_strict,33,80.0,2014-04-27,True,6.0,5.0,2.0,1.0,False,False,False,False
corteva-2014-2018-external|2014-10|2014,reused_external_strict,33,80.0,2014-04-28,True,6.0,5.0,2.0,1.0,False,False,False,False
corteva-2014-2018-external|2014-11|2014,reused_external_strict,33,80.0,2014-05-08,True,6.0,5.0,2.0,1.0,False,False,False,False
corteva-2014-2018-external|2014-12|2014,reused_external_strict,33,80.0,2014-04-28,True,6.0,5.0,2.0,1.0,False,False,False,False
corteva-2014-2018-external|2014-13|2014,reused_external_strict,33,80.0,2014-05-02,True,6.0,5.0,2.0,1.0,False,False,False,False
corteva-2014-2018-external|2014-14|2014,reused_external_strict,33,80.0,2014-04-28,True,6.0,5.0,2.0,1.0,False,False,False,False
corteva-2014-2018-external|2014-15|2014,reused_external_strict,33,80.0,2014-04-28,True,6.0,5.0,2.0,1.0,False,False,False,False
corteva-2014-2018-external|2014-16|2014,reused_external_strict,33,80.0,2014-04-13,True,6.0,5.0,2.0,1.0,False,False,False,False
corteva-2014-2018-external|2014-17|2014,reused_external_strict,33,80.0,2014-04-28,True,6.0,5.0,2.0,1.0,False,False,False,False
corteva-2014-2018-external|2014-2|2014,reused_external_strict,33,80.0,2014-04-12,True,6.0,5.0,2.0,1.0,False,False,False,False
corteva-2014-2018-external|2014-23|2014,reused_external_strict,33,80.0,2014-05-03,True,6.0,5.0,2.0,1.0,False,False,False,False
corteva-2014-2018-external|2014-24|2014,reused_external_strict,33,80.0,2014-05-08,True,6.0,5.0,2.0,1.0,False,False,False,False
corteva-2014-2018-external|2014-25|2014,reused_external_strict,33,80.0,2014-04-13,True,6.0,5.0,2.0,1.0,False,False,False,False
corteva-2014-2018-external|2014-26|2014,reused_external_strict,33,80.0,2014-04-22,True,6.0,5.0,2.0,1.0,False,False,False,False
corteva-2014-2018-external|2014-3|2014,reused_external_strict,33,80.0,2014-04-28,True,6.0,5.0,2.0,1.0,False,False,False,False
corteva-2014-2018-external|2014-34|2014,reused_external_strict,33,80.0,2014-05-03,True,6.0,5.0,2.0,1.0,False,False,False,False
corteva-2014-2018-external|2014-35|2014,reused_external_strict,33,80.0,2014-04-13,True,6.0,5.0,2.0,1.0,False,False,False,False
corteva-2014-2018-external|2014-36|2014,reused_external_strict,33,80.0,2014-04-29,True,6.0,5.0,2.0,1.0,False,False,False,False
corteva-2014-2018-external|2014-37|2014,reused_external_strict,33,80.0,2014-05-08,True,6.0,5.0,2.0,1.0,False,False,False,False
corteva-2014-2018-external|2014-38|2014,reused_external_strict,33,80.0,2014-05-01,True,6.0,5.0,2.0,1.0,False,False,False,False
corteva-2014-2018-external|2014-39|2014,reused_external_strict,33,80.0,2014-04-26,True,6.0,5.0,2.0,1.0,False,False,False,False
corteva-2014-2018-external|2014-4|2014,reused_external_strict,33,80.0,2014-04-20,True,6.0,5.0,2.0,1.0,False,False,False,False
corteva-2014-2018-external|2014-5|2014,reused_external_strict,33,80.0,2014-04-28,True,6.0,5.0,2.0,1.0,False,False,False,False
corteva-2014-2018-external|2014-9|2014,reused_external_strict,33,80.0,2014-04-30,True,6.0,5.0,2.0,1.0,False,False,False,False
corteva-2014-2018-external|2015-41|2015,reused_external_strict,33,80.0,2015-05-06,True,6.0,5.0,2.0,1.0,False,False,False,False
corteva-2014-2018-external|2015-42|2015,reused_external_strict,33,80.0,2015-04-22,True,6.0,5.0,2.0,1.0,False,False,False,False
corteva-2014-2018-external|2015-43|2015,reused_external_strict,33,80.0,2015-05-04,True,6.0,5.0,2.0,1.0,False,False,False,False
corteva-2014-2018-external|2015-44|2015,reused_external_strict,33,80.0,2015-05-08,True,6.0,5.0,2.0,1.0,False,False,False,False
corteva-2014-2018-external|2015-48|2015,reused_external_strict,33,80.0,2015-05-07,True,6.0,5.0,2.0,1.0,False,False,False,False
corteva-2014-2018-external|2015-49|2015,reused_external_strict,33,80.0,2015-04-20,True,6.0,5.0,2.0,1.0,False,False,False,False
corteva-2014-2018-external|2015-50|2015,reused_external_strict,33,80.0,2015-05-05,True,6.0,5.0,2.0,1.0,False,False,False,False
corteva-2014-2018-external|2015-53|2015,reused_external_strict,33,80.0,2015-05-08,True,6.0,5.0,2.0,1.0,False,False,False,False
corteva-2014-2018-external|2015-54|2015,reused_external_strict,33,80.0,2015-05-10,True,6.0,5.0,2.0,1.0,False,False,False,False
corteva-2014-2018-external|2015-55|2015,reused_external_strict,33,80.0,2015-05-11,True,6.0,5.0,2.0,1.0,False,False,False,False
corteva-2014-2018-external|2015-56|2015,reused_external_strict,33,80.0,2015-05-03,True,6.0,5.0,2.0,1.0,False,False,False,False
corteva-2014-2018-external|2015-57|2015,reused_external_strict,33,80.0,2015-05-13,True,6.0,5.0,2.0,1.0,False,False,False,False
corteva-2014-2018-external|2015-58|2015,reused_external_strict,33,80.0,2015-05-31,True,6.0,5.0,2.0,1.0,False,False,False,False
corteva-2014-2018-external|2015-60|2015,reused_external_strict,33,80.0,2015-05-27,True,6.0,5.0,2.0,1.0,False,False,False,False
corteva-2014-2018-external|2015-61|2015,reused_external_strict,33,80.0,2015-05-04,True,6.0,5.0,2.0,1.0,False,False,False,False
corteva-2014-2018-external|2015-62|2015,reused_external_strict,33,80.0,2015-05-05,True,6.0,5.0,2.0,1.0,False,False,False,False
corteva-2014-2018-external|2015-63|2015,reused_external_strict,33,80.0,2015-05-11,True,6.0,5.0,2.0,1.0,False,False,False,False
corteva-2014-2018-external|2015-64|2015,reused_external_strict,33,80.0,2015-05-05,True,6.0,5.0,2.0,1.0,False,False,False,False
corteva-2014-2018-external|2015-65|2015,reused_external_strict,33,80.0,2015-05-02,True,6.0,5.0,2.0,1.0,False,False,False,False
corteva-2014-2018-external|2015-66|2015,reused_external_strict,33,80.0,2015-04-20,True,6.0,5.0,2.0,1.0,False,False,False,False
corteva-2014-2018-external|2015-67|2015,reused_external_strict,33,80.0,2015-05-05,True,6.0,5.0,2.0,1.0,False,False,False,False
corteva-2014-2018-external|2015-68|2015,reused_external_strict,33,80.0,2015-05-07,True,6.0,5.0,2.0,1.0,False,False,False,False
corteva-2014-2018-external|2015-69|2015,reused_external_strict,33,80.0,2015-05-02,True,6.0,5.0,2.0,1.0,False,False,False,False
corteva-2014-2018-external|2015-70|2015,reused_external_strict,33,80.0,2015-05-27,True,6.0,5.0,2.0,1.0,False,False,False,False
corteva-2014-2018-external|2015-71|2015,reused_external_strict,33,80.0,2015-05-25,True,6.0,5.0,2.0,1.0,False,False,False,False
corteva-2014-2018-external|2015-72|2015,reused_external_strict,33,80.0,2015-05-03,True,6.0,5.0,2.0,1.0,False,False,False,False
corteva-2014-2018-external|2015-73|2015,reused_external_strict,33,80.0,2015-05-04,True,6.0,5.0,2.0,1.0,False,False,False,False
corteva-2014-2018-external|2015-74|2015,reused_external_strict,33,80.0,2015-05-03,True,6.0,5.0,2.0,1.0,False,False,False,False
corteva-2014-2018-external|2015-75|2015,reused_external_strict,33,80.0,2015-05-06,True,6.0,5.0,2.0,1.0,False,False,False,False
corteva-2014-2018-external|2015-76|2015,reused_external_strict,33,80.0,2015-05-03,True,6.0,5.0,2.0,1.0,False,False,False,False
corteva-2014-2018-external|2015-77|2015,reused_external_strict,33,80.0,2015-05-03,True,6.0,5.0,2.0,1.0,False,False,False,False
corteva-2014-2018-external|2015-78|2015,reused_external_strict,33,80.0,2015-05-11,True,6.0,5.0,2.0,1.0,False,False,False,False
corteva-2014-2018-external|2016-100|2016,reused_external_strict,33,80.0,2016-05-09,True,6.0,5.0,2.0,1.0,False,False,False,False
corteva-2014-2018-external|2016-101|2016,reused_external_strict,33,80.0,2016-05-06,True,6.0,5.0,2.0,1.0,False,False,False,False
corteva-2014-2018-external|2016-102|2016,reused_external_strict,33,80.0,2016-05-06,True,6.0,5.0,2.0,1.0,False,False,False,False
corteva-2014-2018-external|2016-103|2016,reused_external_strict,33,80.0,2016-04-18,True,6.0,5.0,2.0,1.0,False,False,False,False
corteva-2014-2018-external|2016-104|2016,reused_external_strict,33,80.0,2016-05-08,True,6.0,5.0,2.0,1.0,False,False,False,False
corteva-2014-2018-external|2016-105|2016,reused_external_strict,33,80.0,2016-05-17,True,6.0,5.0,2.0,1.0,False,False,False,False
corteva-2014-2018-external|2016-106|2016,reused_external_strict,33,80.0,2016-04-27,True,6.0,5.0,2.0,1.0,False,False,False,False
corteva-2014-2018-external|2016-107|2016,reused_external_strict,33,80.0,2016-05-06,True,6.0,5.0,2.0,1.0,False,False,False,False
corteva-2014-2018-external|2016-108|2016,reused_external_strict,33,80.0,2016-05-07,True,6.0,5.0,2.0,1.0,False,False,False,False
corteva-2014-2018-external|2016-109|2016,reused_external_strict,33,80.0,2016-05-02,True,6.0,5.0,2.0,1.0,False,False,False,False
corteva-2014-2018-external|2016-110|2016,reused_external_strict,33,80.0,2016-05-02,True,6.0,5.0,2.0,1.0,False,False,False,False
corteva-2014-2018-external|2016-111|2016,reused_external_strict,33,80.0,2016-05-08,True,6.0,5.0,2.0,1.0,False,False,False,False
corteva-2014-2018-external|2016-113|2016,reused_external_strict,33,80.0,2016-04-25,True,6.0,5.0,2.0,1.0,False,False,False,False
corteva-2014-2018-external|2016-115|2016,reused_external_strict,33,80.0,2016-05-05,True,6.0,5.0,2.0,1.0,False,False,False,False
corteva-2014-2018-external|2016-116|2016,reused_external_strict,33,80.0,2016-05-05,True,6.0,5.0,2.0,1.0,False,False,False,False
corteva-2014-2018-external|2016-79|2016,reused_external_strict,33,80.0,2016-05-05,True,6.0,5.0,2.0,1.0,False,False,False,False
corteva-2014-2018-external|2016-80|2016,reused_external_strict,33,80.0,2016-05-08,True,6.0,5.0,2.0,1.0,False,False,False,False
corteva-2014-2018-external|2016-81|2016,reused_external_strict,33,80.0,2016-05-05,True,6.0,5.0,2.0,1.0,False,False,False,False
corteva-2014-2018-external|2016-89|2016,reused_external_strict,33,80.0,2016-05-08,True,6.0,5.0,2.0,1.0,False,False,False,False
corteva-2014-2018-external|2016-90|2016,reused_external_strict,33,80.0,2016-04-23,True,6.0,5.0,2.0,1.0,False,False,False,False
corteva-2014-2018-external|2016-91|2016,reused_external_strict,33,80.0,2016-05-05,True,6.0,5.0,2.0,1.0,False,False,False,False
corteva-2014-2018-external|2016-92|2016,reused_external_strict,33,80.0,2016-04-24,True,6.0,5.0,2.0,1.0,False,False,False,False
corteva-2014-2018-external|2016-93|2016,reused_external_strict,33,80.0,2016-05-07,True,6.0,5.0,2.0,1.0,False,False,False,False
corteva-2014-2018-external|2016-94|2016,reused_external_strict,33,80.0,2016-05-05,True,6.0,5.0,2.0,1.0,False,False,False,False
corteva-2014-2018-external|2016-96|2016,reused_external_strict,33,80.0,2016-04-19,True,6.0,5.0,2.0,1.0,False,False,False,False
corteva-2014-2018-external|2016-97|2016,reused_external_strict,33,80.0,2016-05-05,True,6.0,5.0,2.0,1.0,False,False,False,False
corteva-2014-2018-external|2016-98|2016,reused_external_strict,33,80.0,2016-04-20,True,6.0,5.0,2.0,1.0,False,False,False,False
corteva-2014-2018-external|2016-99|2016,reused_external_strict,33,80.0,2016-05-05,True,6.0,5.0,2.0,1.0,False,False,False,False
corteva-2014-2018-external|2017-117|2017,reused_external_strict,33,80.0,2017-04-17,True,6.0,5.0,2.0,1.0,False,False,False,False
corteva-2014-2018-external|2017-118|2017,reused_external_strict,33,80.0,2017-04-30,True,6.0,5.0,2.0,1.0,False,False,False,False
corteva-2014-2018-external|2017-119|2017,reused_external_strict,33,80.0,2017-05-14,True,6.0,5.0,2.0,1.0,False,False,False,False
corteva-2014-2018-external|2017-121|2017,reused_external_strict,33,80.0,2017-04-17,True,6.0,5.0,2.0,1.0,False,False,False,False
corteva-2014-2018-external|2017-126|2017,reused_external_strict,33,80.0,2017-04-30,True,6.0,5.0,2.0,1.0,False,False,False,False
corteva-2014-2018-external|2017-130|2017,reused_external_strict,33,80.0,2017-05-05,True,6.0,5.0,2.0,1.0,False,False,False,False
corteva-2014-2018-external|2017-131|2017,reused_external_strict,33,80.0,2017-04-21,True,6.0,5.0,2.0,1.0,False,False,False,False
corteva-2014-2018-external|2017-132|2017,reused_external_strict,33,80.0,2017-04-30,True,6.0,5.0,2.0,1.0,False,False,False,False
corteva-2014-2018-external|2017-133|2017,reused_external_strict,33,80.0,2017-05-11,True,6.0,5.0,2.0,1.0,False,False,False,False
corteva-2014-2018-external|2017-141|2017,reused_external_strict,33,80.0,2017-04-30,True,6.0,5.0,2.0,1.0,False,False,False,False
corteva-2014-2018-external|2017-142|2017,reused_external_strict,33,80.0,2017-05-04,True,6.0,5.0,2.0,1.0,False,False,False,False
corteva-2014-2018-external|2017-144|2017,reused_external_strict,33,80.0,2017-04-30,True,6.0,5.0,2.0,1.0,False,False,False,False
corteva-2014-2018-external|2017-145|2017,reused_external_strict,33,80.0,2017-04-28,True,6.0,5.0,2.0,1.0,False,False,False,False
corteva-2014-2018-external|2017-146|2017,reused_external_strict,33,80.0,2017-05-13,True,6.0,5.0,2.0,1.0,False,False,False,False
corteva-2014-2018-external|2017-147|2017,reused_external_strict,33,80.0,2017-05-05,True,6.0,5.0,2.0,1.0,False,False,False,False
corteva-2014-2018-external|2017-148|2017,reused_external_strict,33,80.0,2017-05-18,True,6.0,5.0,2.0,1.0,False,False,False,False
corteva-2014-2018-external|2017-149|2017,reused_external_strict,33,80.0,2017-05-01,True,6.0,5.0,2.0,1.0,False,False,False,False
corteva-2014-2018-external|2017-150|2017,reused_external_strict,33,80.0,2017-04-30,True,6.0,5.0,2.0,1.0,False,False,False,False
corteva-2014-2018-external|2017-151|2017,reused_external_strict,33,80.0,2017-05-18,True,6.0,5.0,2.0,1.0,False,False,False,False
corteva-2014-2018-external|2017-152|2017,reused_external_strict,33,80.0,2017-04-25,True,6.0,5.0,2.0,1.0,False,False,False,False
corteva-2014-2018-external|2017-153|2017,reused_external_strict,33,80.0,2017-05-06,True,6.0,5.0,2.0,1.0,False,False,False,False
corteva-2014-2018-external|2017-154|2017,reused_external_strict,33,80.0,2017-05-01,True,6.0,5.0,2.0,1.0,False,False,False,False
corteva-2014-2018-external|2018-157|2018,reused_external_strict,33,80.0,2018-04-28,True,6.0,5.0,2.0,1.0,False,False,False,False
corteva-2014-2018-external|2018-158|2018,reused_external_strict,33,80.0,2018-05-15,True,6.0,5.0,2.0,1.0,False,False,False,False
corteva-2014-2018-external|2018-159|2018,reused_external_strict,33,80.0,2018-05-07,True,6.0,5.0,2.0,1.0,False,False,False,False
corteva-2014-2018-external|2018-160|2018,reused_external_strict,33,80.0,2018-05-07,True,6.0,5.0,2.0,1.0,False,False,False,False
corteva-2014-2018-external|2018-161|2018,reused_external_strict,33,80.0,2018-05-04,True,6.0,5.0,2.0,1.0,False,False,False,False
corteva-2014-2018-external|2018-162|2018,reused_external_strict,33,80.0,2018-04-24,True,6.0,5.0,2.0,1.0,False,False,False,False
corteva-2014-2018-external|2018-163|2018,reused_external_strict,33,80.0,2018-04-30,True,6.0,5.0,2.0,1.0,False,False,False,False
corteva-2014-2018-external|2018-164|2018,reused_external_strict,33,80.0,2018-04-30,True,6.0,5.0,2.0,1.0,False,False,False,False
corteva-2014-2018-external|2018-165|2018,reused_external_strict,33,80.0,2018-05-11,True,6.0,5.0,2.0,1.0,False,False,False,False
corteva-2014-2018-external|2018-166|2018,reused_external_strict,33,80.0,2018-05-06,True,6.0,5.0,2.0,1.0,False,False,False,False
corteva-2014-2018-external|2018-167|2018,reused_external_strict,33,80.0,2018-05-10,True,6.0,5.0,2.0,1.0,False,False,False,False
corteva-2014-2018-external|2018-168|2018,reused_external_strict,33,80.0,2018-05-10,True,6.0,5.0,2.0,1.0,False,False,False,False
corteva-2014-2018-external|2018-169|2018,reused_external_strict,33,80.0,2018-05-06,True,6.0,5.0,2.0,1.0,False,False,False,False
corteva-2014-2018-external|2018-170|2018,reused_external_strict,33,80.0,2018-04-28,True,6.0,5.0,2.0,1.0,False,False,False,False
corteva-2014-2018-external|2018-171|2018,reused_external_strict,33,80.0,2018-05-02,True,6.0,5.0,2.0,1.0,False,False,False,False
corteva-2014-2018-external|2018-172|2018,reused_external_strict,33,80.0,2018-05-10,True,6.0,5.0,2.0,1.0,False,False,False,False
corteva-2014-2018-external|2018-173|2018,reused_external_strict,33,80.0,2018-05-05,True,6.0,5.0,2.0,1.0,False,False,False,False
corteva-2014-2018-external|2018-174|2018,reused_external_strict,33,80.0,2018-04-01,True,6.0,5.0,2.0,1.0,False,False,False,False
corteva-2014-2018-external|2018-175|2018,reused_external_strict,33,80.0,2018-05-08,True,6.0,5.0,2.0,1.0,False,False,False,False
corteva-2014-2018-external|2018-176|2018,reused_external_strict,33,80.0,2018-05-15,True,6.0,5.0,2.0,1.0,False,False,False,False
corteva-2014-2018-external|2018-177|2018,reused_external_strict,33,80.0,2018-05-04,True,6.0,5.0,2.0,1.0,False,False,False,False
corteva-2014-2018-external|2018-181|2018,reused_external_strict,33,80.0,2018-04-30,True,6.0,5.0,2.0,1.0,False,False,False,False
corteva-2014-2018-external|2018-182|2018,reused_external_strict,33,80.0,2018-04-28,True,6.0,5.0,2.0,1.0,False,False,False,False
corteva-2014-2018-external|2018-183|2018,reused_external_strict,33,80.0,2018-04-28,True,6.0,5.0,2.0,1.0,False,False,False,False
corteva-2014-2018-external|2018-184|2018,reused_external_strict,33,80.0,2018-05-07,True,6.0,5.0,2.0,1.0,False,False,False,False
corteva-2014-2018-external|2018-185|2018,reused_external_strict,33,80.0,2018-05-06,True,6.0,5.0,2.0,1.0,False,False,False,False
corteva-2014-2018-external|2018-186|2018,reused_external_strict,33,80.0,2018-04-21,True,6.0,5.0,2.0,1.0,False,False,False,False
corteva-2014-2018-external|2018-188|2018,reused_external_strict,33,80.0,2018-04-11,True,6.0,5.0,2.0,1.0,False,False,False,False
corteva-2014-2018-external|2018-189|2018,reused_external_strict,33,80.0,2018-04-01,True,6.0,5.0,2.0,1.0,False,False,False,False
corteva-2014-2018-external|2018-190|2018,reused_external_strict,33,80.0,2018-05-11,True,6.0,5.0,2.0,1.0,False,False,False,False
corteva-2014-2018-external|2018-191|2018,reused_external_strict,33,80.0,2018-04-30,True,6.0,5.0,2.0,1.0,False,False,False,False
corteva-2014-2018-external|2018-193|2018,reused_external_strict,33,80.0,2018-05-12,True,6.0,5.0,2.0,1.0,False,False,False,False
corteva-2014-2018-external|2018-194|2018,reused_external_strict,33,80.0,2018-04-28,True,6.0,5.0,2.0,1.0,False,False,False,False
corteva-2014-2018-external|2018-195|2018,reused_external_strict,33,80.0,2018-05-06,True,6.0,5.0,2.0,1.0,False,False,False,False
corteva-2014-2018-external|2018-196|2018,reused_external_strict,33,80.0,2018-04-30,True,6.0,5.0,2.0,1.0,False,False,False,False
corteva-2014-2018-external|2018-197|2018,reused_external_strict,33,80.0,2018-05-12,True,6.0,5.0,2.0,1.0,False,False,False,False
corteva-2014-2018-external|2018-198|2018,reused_external_strict,33,80.0,2018-05-03,True,6.0,5.0,2.0,1.0,False,False,False,False
corteva-2014-2018-external|2014-1|2014,reused_external_strict,37,80.0,2014-04-30,True,7.0,5.0,3.0,1.0,True,False,False,False
corteva-2014-2018-external|2014-10|2014,reused_external_strict,37,80.0,2014-05-02,True,7.0,5.0,3.0,1.0,True,False,False,False
corteva-2014-2018-external|2014-11|2014,reused_external_strict,37,80.0,2014-05-12,True,7.0,5.0,3.0,1.0,True,False,False,False
corteva-2014-2018-external|2014-12|2014,reused_external_strict,37,80.0,2014-05-02,True,7.0,5.0,3.0,1.0,True,False,False,False
corteva-2014-2018-external|2014-13|2014,reused_external_strict,37,80.0,2014-05-07,True,7.0,5.0,3.0,1.0,True,False,False,False
corteva-2014-2018-external|2014-14|2014,reused_external_strict,37,80.0,2014-05-02,True,7.0,5.0,3.0,1.0,True,False,False,False
corteva-2014-2018-external|2014-15|2014,reused_external_strict,37,80.0,2014-05-02,True,7.0,5.0,3.0,1.0,True,False,False,False
corteva-2014-2018-external|2014-16|2014,reused_external_strict,37,80.0,2014-04-17,True,7.0,5.0,3.0,1.0,True,False,False,False
corteva-2014-2018-external|2014-17|2014,reused_external_strict,37,80.0,2014-05-02,True,7.0,5.0,3.0,1.0,True,False,False,False
corteva-2014-2018-external|2014-2|2014,reused_external_strict,37,80.0,2014-04-17,True,7.0,5.0,3.0,1.0,True,False,False,False
corteva-2014-2018-external|2014-23|2014,reused_external_strict,37,80.0,2014-05-08,True,7.0,5.0,3.0,1.0,True,False,False,False
corteva-2014-2018-external|2014-24|2014,reused_external_strict,37,80.0,2014-05-12,True,7.0,5.0,3.0,1.0,True,False,False,False
corteva-2014-2018-external|2014-25|2014,reused_external_strict,37,80.0,2014-04-17,True,7.0,5.0,3.0,1.0,True,False,False,False
corteva-2014-2018-external|2014-26|2014,reused_external_strict,37,80.0,2014-04-25,True,7.0,5.0,3.0,1.0,True,False,False,False
corteva-2014-2018-external|2014-3|2014,reused_external_strict,37,80.0,2014-05-02,True,7.0,5.0,3.0,1.0,True,False,False,False
corteva-2014-2018-external|2014-34|2014,reused_external_strict,37,80.0,2014-05-08,True,7.0,5.0,3.0,1.0,True,False,False,False
corteva-2014-2018-external|2014-35|2014,reused_external_strict,37,80.0,2014-04-17,True,7.0,5.0,3.0,1.0,True,False,False,False
corteva-2014-2018-external|2014-36|2014,reused_external_strict,37,80.0,2014-05-03,True,7.0,5.0,3.0,1.0,True,False,False,False
corteva-2014-2018-external|2014-37|2014,reused_external_strict,37,80.0,2014-05-12,True,7.0,5.0,3.0,1.0,True,False,False,False
corteva-2014-2018-external|2014-38|2014,reused_external_strict,37,80.0,2014-05-05,True,7.0,5.0,3.0,1.0,True,False,False,False
corteva-2014-2018-external|2014-39|2014,reused_external_strict,37,80.0,2014-04-29,True,7.0,5.0,3.0,1.0,True,False,False,False
corteva-2014-2018-external|2014-4|2014,reused_external_strict,37,80.0,2014-04-23,True,7.0,5.0,3.0,1.0,True,False,False,False
corteva-2014-2018-external|2014-5|2014,reused_external_strict,37,80.0,2014-05-02,True,7.0,5.0,3.0,1.0,True,False,False,False
corteva-2014-2018-external|2014-9|2014,reused_external_strict,37,80.0,2014-05-04,True,7.0,5.0,3.0,1.0,True,False,False,False
corteva-2014-2018-external|2015-41|2015,reused_external_strict,37,80.0,2015-05-10,True,7.0,5.0,3.0,1.0,True,False,False,False
corteva-2014-2018-external|2015-42|2015,reused_external_strict,37,80.0,2015-04-26,True,7.0,5.0,3.0,1.0,True,False,False,False
corteva-2014-2018-external|2015-43|2015,reused_external_strict,37,80.0,2015-05-07,True,7.0,5.0,3.0,1.0,True,False,False,False
corteva-2014-2018-external|2015-44|2015,reused_external_strict,37,80.0,2015-05-11,True,7.0,5.0,3.0,1.0,True,False,False,False
corteva-2014-2018-external|2015-48|2015,reused_external_strict,37,80.0,2015-05-11,True,7.0,5.0,3.0,1.0,True,False,False,False
corteva-2014-2018-external|2015-49|2015,reused_external_strict,37,80.0,2015-04-23,True,7.0,5.0,3.0,1.0,True,False,False,False
corteva-2014-2018-external|2015-50|2015,reused_external_strict,37,80.0,2015-05-09,True,7.0,5.0,3.0,1.0,True,False,False,False
corteva-2014-2018-external|2015-53|2015,reused_external_strict,37,80.0,2015-05-11,True,7.0,5.0,3.0,1.0,True,False,False,False
corteva-2014-2018-external|2015-54|2015,reused_external_strict,37,80.0,2015-05-14,True,7.0,5.0,3.0,1.0,True,False,False,False
corteva-2014-2018-external|2015-55|2015,reused_external_strict,37,80.0,2015-05-15,True,7.0,5.0,3.0,1.0,True,False,False,False
corteva-2014-2018-external|2015-56|2015,reused_external_strict,37,80.0,2015-05-07,True,7.0,5.0,3.0,1.0,True,False,False,False
corteva-2014-2018-external|2015-57|2015,reused_external_strict,37,80.0,2015-05-17,True,7.0,5.0,3.0,1.0,True,False,False,False
corteva-2014-2018-external|2015-58|2015,reused_external_strict,37,80.0,2015-06-04,True,7.0,5.0,3.0,1.0,True,False,False,False
corteva-2014-2018-external|2015-60|2015,reused_external_strict,37,80.0,2015-06-01,True,7.0,5.0,3.0,1.0,True,False,False,False
corteva-2014-2018-external|2015-61|2015,reused_external_strict,37,80.0,2015-05-07,True,7.0,5.0,3.0,1.0,True,False,False,False
corteva-2014-2018-external|2015-62|2015,reused_external_strict,37,80.0,2015-05-09,True,7.0,5.0,3.0,1.0,True,False,False,False
corteva-2014-2018-external|2015-63|2015,reused_external_strict,37,80.0,2015-05-15,True,7.0,5.0,3.0,1.0,True,False,False,False
corteva-2014-2018-external|2015-64|2015,reused_external_strict,37,80.0,2015-05-09,True,7.0,5.0,3.0,1.0,True,False,False,False
corteva-2014-2018-external|2015-65|2015,reused_external_strict,37,80.0,2015-05-05,True,7.0,5.0,3.0,1.0,True,False,False,False
corteva-2014-2018-external|2015-66|2015,reused_external_strict,37,80.0,2015-04-23,True,7.0,5.0,3.0,1.0,True,False,False,False
corteva-2014-2018-external|2015-67|2015,reused_external_strict,37,80.0,2015-05-09,True,7.0,5.0,3.0,1.0,True,False,False,False
corteva-2014-2018-external|2015-68|2015,reused_external_strict,37,80.0,2015-05-10,True,7.0,5.0,3.0,1.0,True,False,False,False
corteva-2014-2018-external|2015-69|2015,reused_external_strict,37,80.0,2015-05-05,True,7.0,5.0,3.0,1.0,True,False,False,False
corteva-2014-2018-external|2015-70|2015,reused_external_strict,37,80.0,2015-05-31,True,7.0,5.0,3.0,1.0,True,False,False,False
corteva-2014-2018-external|2015-71|2015,reused_external_strict,37,80.0,2015-05-29,True,7.0,5.0,3.0,1.0,True,False,False,False
corteva-2014-2018-external|2015-72|2015,reused_external_strict,37,80.0,2015-05-07,True,7.0,5.0,3.0,1.0,True,False,False,False
corteva-2014-2018-external|2015-73|2015,reused_external_strict,37,80.0,2015-05-07,True,7.0,5.0,3.0,1.0,True,False,False,False
corteva-2014-2018-external|2015-74|2015,reused_external_strict,37,80.0,2015-05-07,True,7.0,5.0,3.0,1.0,True,False,False,False
corteva-2014-2018-external|2015-75|2015,reused_external_strict,37,80.0,2015-05-10,True,7.0,5.0,3.0,1.0,True,False,False,False
corteva-2014-2018-external|2015-76|2015,reused_external_strict,37,80.0,2015-05-06,True,7.0,5.0,3.0,1.0,True,False,False,False
corteva-2014-2018-external|2015-77|2015,reused_external_strict,37,80.0,2015-05-07,True,7.0,5.0,3.0,1.0,True,False,False,False
corteva-2014-2018-external|2015-78|2015,reused_external_strict,37,80.0,2015-05-14,True,7.0,5.0,3.0,1.0,True,False,False,False
corteva-2014-2018-external|2016-100|2016,reused_external_strict,37,80.0,2016-05-12,True,7.0,5.0,3.0,1.0,True,False,False,False
corteva-2014-2018-external|2016-101|2016,reused_external_strict,37,80.0,2016-05-08,True,7.0,5.0,3.0,1.0,True,False,False,False
corteva-2014-2018-external|2016-102|2016,reused_external_strict,37,80.0,2016-05-09,True,7.0,5.0,3.0,1.0,True,False,False,False
corteva-2014-2018-external|2016-103|2016,reused_external_strict,37,80.0,2016-04-21,True,7.0,5.0,3.0,1.0,True,False,False,False
corteva-2014-2018-external|2016-104|2016,reused_external_strict,37,80.0,2016-05-10,True,7.0,5.0,3.0,1.0,True,False,False,False
corteva-2014-2018-external|2016-105|2016,reused_external_strict,37,80.0,2016-05-20,True,7.0,5.0,3.0,1.0,True,False,False,False
corteva-2014-2018-external|2016-106|2016,reused_external_strict,37,80.0,2016-05-03,True,7.0,5.0,3.0,1.0,True,False,False,False
corteva-2014-2018-external|2016-107|2016,reused_external_strict,37,80.0,2016-05-09,True,7.0,5.0,3.0,1.0,True,False,False,False
corteva-2014-2018-external|2016-108|2016,reused_external_strict,37,80.0,2016-05-10,True,7.0,5.0,3.0,1.0,True,False,False,False
corteva-2014-2018-external|2016-109|2016,reused_external_strict,37,80.0,2016-05-06,True,7.0,5.0,3.0,1.0,True,False,False,False
corteva-2014-2018-external|2016-110|2016,reused_external_strict,37,80.0,2016-05-06,True,7.0,5.0,3.0,1.0,True,False,False,False
corteva-2014-2018-external|2016-111|2016,reused_external_strict,37,80.0,2016-05-11,True,7.0,5.0,3.0,1.0,True,False,False,False
corteva-2014-2018-external|2016-113|2016,reused_external_strict,37,80.0,2016-05-01,True,7.0,5.0,3.0,1.0,True,False,False,False
corteva-2014-2018-external|2016-115|2016,reused_external_strict,37,80.0,2016-05-08,True,7.0,5.0,3.0,1.0,True,False,False,False
corteva-2014-2018-external|2016-116|2016,reused_external_strict,37,80.0,2016-05-08,True,7.0,5.0,3.0,1.0,True,False,False,False
corteva-2014-2018-external|2016-79|2016,reused_external_strict,37,80.0,2016-05-08,True,7.0,5.0,3.0,1.0,True,False,False,False
corteva-2014-2018-external|2016-80|2016,reused_external_strict,37,80.0,2016-05-10,True,7.0,5.0,3.0,1.0,True,False,False,False
corteva-2014-2018-external|2016-81|2016,reused_external_strict,37,80.0,2016-05-08,True,7.0,5.0,3.0,1.0,True,False,False,False
corteva-2014-2018-external|2016-89|2016,reused_external_strict,37,80.0,2016-05-10,True,7.0,5.0,3.0,1.0,True,False,False,False
corteva-2014-2018-external|2016-90|2016,reused_external_strict,37,80.0,2016-04-29,True,7.0,5.0,3.0,1.0,True,False,False,False
corteva-2014-2018-external|2016-91|2016,reused_external_strict,37,80.0,2016-05-08,True,7.0,5.0,3.0,1.0,True,False,False,False
corteva-2014-2018-external|2016-92|2016,reused_external_strict,37,80.0,2016-05-01,True,7.0,5.0,3.0,1.0,True,False,False,False
corteva-2014-2018-external|2016-93|2016,reused_external_strict,37,80.0,2016-05-10,True,7.0,5.0,3.0,1.0,True,False,False,False
corteva-2014-2018-external|2016-94|2016,reused_external_strict,37,80.0,2016-05-08,True,7.0,5.0,3.0,1.0,True,False,False,False
corteva-2014-2018-external|2016-96|2016,reused_external_strict,37,80.0,2016-04-22,True,7.0,5.0,3.0,1.0,True,False,False,False
corteva-2014-2018-external|2016-97|2016,reused_external_strict,37,80.0,2016-05-08,True,7.0,5.0,3.0,1.0,True,False,False,False
corteva-2014-2018-external|2016-98|2016,reused_external_strict,37,80.0,2016-04-25,True,7.0,5.0,3.0,1.0,True,False,False,False
corteva-2014-2018-external|2016-99|2016,reused_external_strict,37,80.0,2016-05-08,True,7.0,5.0,3.0,1.0,True,False,False,False
corteva-2014-2018-external|2017-117|2017,reused_external_strict,37,80.0,2017-04-22,True,7.0,5.0,3.0,1.0,True,False,False,False
corteva-2014-2018-external|2017-118|2017,reused_external_strict,37,80.0,2017-05-04,True,7.0,5.0,3.0,1.0,True,False,False,False
corteva-2014-2018-external|2017-119|2017,reused_external_strict,37,80.0,2017-05-17,True,7.0,5.0,3.0,1.0,True,False,False,False
corteva-2014-2018-external|2017-121|2017,reused_external_strict,37,80.0,2017-04-22,True,7.0,5.0,3.0,1.0,True,False,False,False
corteva-2014-2018-external|2017-126|2017,reused_external_strict,37,80.0,2017-05-04,True,7.0,5.0,3.0,1.0,True,False,False,False
corteva-2014-2018-external|2017-130|2017,reused_external_strict,37,80.0,2017-05-10,True,7.0,5.0,3.0,1.0,True,False,False,False
corteva-2014-2018-external|2017-131|2017,reused_external_strict,37,80.0,2017-04-26,True,7.0,5.0,3.0,1.0,True,False,False,False
corteva-2014-2018-external|2017-132|2017,reused_external_strict,37,80.0,2017-05-04,True,7.0,5.0,3.0,1.0,True,False,False,False
corteva-2014-2018-external|2017-133|2017,reused_external_strict,37,80.0,2017-05-14,True,7.0,5.0,3.0,1.0,True,False,False,False
corteva-2014-2018-external|2017-141|2017,reused_external_strict,37,80.0,2017-05-04,True,7.0,5.0,3.0,1.0,True,False,False,False
corteva-2014-2018-external|2017-142|2017,reused_external_strict,37,80.0,2017-05-08,True,7.0,5.0,3.0,1.0,True,False,False,False
corteva-2014-2018-external|2017-144|2017,reused_external_strict,37,80.0,2017-05-04,True,7.0,5.0,3.0,1.0,True,False,False,False
corteva-2014-2018-external|2017-145|2017,reused_external_strict,37,80.0,2017-05-02,True,7.0,5.0,3.0,1.0,True,False,False,False
corteva-2014-2018-external|2017-146|2017,reused_external_strict,37,80.0,2017-05-16,True,7.0,5.0,3.0,1.0,True,False,False,False
corteva-2014-2018-external|2017-147|2017,reused_external_strict,37,80.0,2017-05-10,True,7.0,5.0,3.0,1.0,True,False,False,False
corteva-2014-2018-external|2017-148|2017,reused_external_strict,37,80.0,2017-05-21,True,7.0,5.0,3.0,1.0,True,False,False,False
corteva-2014-2018-external|2017-149|2017,reused_external_strict,37,80.0,2017-05-05,True,7.0,5.0,3.0,1.0,True,False,False,False
corteva-2014-2018-external|2017-150|2017,reused_external_strict,37,80.0,2017-05-04,True,7.0,5.0,3.0,1.0,True,False,False,False
corteva-2014-2018-external|2017-151|2017,reused_external_strict,37,80.0,2017-05-21,True,7.0,5.0,3.0,1.0,True,False,False,False
corteva-2014-2018-external|2017-152|2017,reused_external_strict,37,80.0,2017-05-01,True,7.0,5.0,3.0,1.0,True,False,False,False
corteva-2014-2018-external|2017-153|2017,reused_external_strict,37,80.0,2017-05-11,True,7.0,5.0,3.0,1.0,True,False,False,False
corteva-2014-2018-external|2017-154|2017,reused_external_strict,37,80.0,2017-05-05,True,7.0,5.0,3.0,1.0,True,False,False,False
corteva-2014-2018-external|2018-157|2018,reused_external_strict,37,80.0,2018-05-03,True,7.0,5.0,3.0,1.0,True,False,False,False
corteva-2014-2018-external|2018-158|2018,reused_external_strict,37,80.0,2018-05-18,True,7.0,5.0,3.0,1.0,True,False,False,False
corteva-2014-2018-external|2018-159|2018,reused_external_strict,37,80.0,2018-05-09,True,7.0,5.0,3.0,1.0,True,False,False,False
corteva-2014-2018-external|2018-160|2018,reused_external_strict,37,80.0,2018-05-09,True,7.0,5.0,3.0,1.0,True,False,False,False
corteva-2014-2018-external|2018-161|2018,reused_external_strict,37,80.0,2018-05-07,True,7.0,5.0,3.0,1.0,True,False,False,False
corteva-2014-2018-external|2018-162|2018,reused_external_strict,37,80.0,2018-04-28,True,7.0,5.0,3.0,1.0,True,False,False,False
corteva-2014-2018-external|2018-163|2018,reused_external_strict,37,80.0,2018-05-04,True,7.0,5.0,3.0,1.0,True,False,False,False
corteva-2014-2018-external|2018-164|2018,reused_external_strict,37,80.0,2018-05-04,True,7.0,5.0,3.0,1.0,True,False,False,False
corteva-2014-2018-external|2018-165|2018,reused_external_strict,37,80.0,2018-05-14,True,7.0,5.0,3.0,1.0,True,False,False,False
corteva-2014-2018-external|2018-166|2018,reused_external_strict,37,80.0,2018-05-09,True,7.0,5.0,3.0,1.0,True,False,False,False
corteva-2014-2018-external|2018-167|2018,reused_external_strict,37,80.0,2018-05-14,True,7.0,5.0,3.0,1.0,True,False,False,False
corteva-2014-2018-external|2018-168|2018,reused_external_strict,37,80.0,2018-05-14,True,7.0,5.0,3.0,1.0,True,False,False,False
corteva-2014-2018-external|2018-169|2018,reused_external_strict,37,80.0,2018-05-09,True,7.0,5.0,3.0,1.0,True,False,False,False
corteva-2014-2018-external|2018-170|2018,reused_external_strict,37,80.0,2018-05-03,True,7.0,5.0,3.0,1.0,True,False,False,False
corteva-2014-2018-external|2018-171|2018,reused_external_strict,37,80.0,2018-05-06,True,7.0,5.0,3.0,1.0,True,False,False,False
corteva-2014-2018-external|2018-172|2018,reused_external_strict,37,80.0,2018-05-14,True,7.0,5.0,3.0,1.0,True,False,False,False
corteva-2014-2018-external|2018-173|2018,reused_external_strict,37,80.0,2018-05-08,True,7.0,5.0,3.0,1.0,True,False,False,False
corteva-2014-2018-external|2018-174|2018,reused_external_strict,37,80.0,2018-04-04,True,7.0,5.0,3.0,1.0,True,False,False,False
corteva-2014-2018-external|2018-175|2018,reused_external_strict,37,80.0,2018-05-12,True,7.0,5.0,3.0,1.0,True,False,False,False
corteva-2014-2018-external|2018-176|2018,reused_external_strict,37,80.0,2018-05-18,True,7.0,5.0,3.0,1.0,True,False,False,False
corteva-2014-2018-external|2018-177|2018,reused_external_strict,37,80.0,2018-05-07,True,7.0,5.0,3.0,1.0,True,False,False,False
corteva-2014-2018-external|2018-181|2018,reused_external_strict,37,80.0,2018-05-05,True,7.0,5.0,3.0,1.0,True,False,False,False
corteva-2014-2018-external|2018-182|2018,reused_external_strict,37,80.0,2018-05-03,True,7.0,5.0,3.0,1.0,True,False,False,False
corteva-2014-2018-external|2018-183|2018,reused_external_strict,37,80.0,2018-05-03,True,7.0,5.0,3.0,1.0,True,False,False,False
corteva-2014-2018-external|2018-184|2018,reused_external_strict,37,80.0,2018-05-09,True,7.0,5.0,3.0,1.0,True,False,False,False
corteva-2014-2018-external|2018-185|2018,reused_external_strict,37,80.0,2018-05-09,True,7.0,5.0,3.0,1.0,True,False,False,False
corteva-2014-2018-external|2018-186|2018,reused_external_strict,37,80.0,2018-04-23,True,7.0,5.0,3.0,1.0,True,False,False,False
corteva-2014-2018-external|2018-188|2018,reused_external_strict,37,80.0,2018-04-15,True,7.0,5.0,3.0,1.0,True,False,False,False
corteva-2014-2018-external|2018-189|2018,reused_external_strict,37,80.0,2018-04-04,True,7.0,5.0,3.0,1.0,True,False,False,False
corteva-2014-2018-external|2018-190|2018,reused_external_strict,37,80.0,2018-05-14,True,7.0,5.0,3.0,1.0,True,False,False,False
corteva-2014-2018-external|2018-191|2018,reused_external_strict,37,80.0,2018-05-04,True,7.0,5.0,3.0,1.0,True,False,False,False
corteva-2014-2018-external|2018-193|2018,reused_external_strict,37,80.0,2018-05-15,True,7.0,5.0,3.0,1.0,True,False,False,False
corteva-2014-2018-external|2018-194|2018,reused_external_strict,37,80.0,2018-05-03,True,7.0,5.0,3.0,1.0,True,False,False,False
corteva-2014-2018-external|2018-195|2018,reused_external_strict,37,80.0,2018-05-09,True,7.0,5.0,3.0,1.0,True,False,False,False
corteva-2014-2018-external|2018-196|2018,reused_external_strict,37,80.0,2018-05-03,True,7.0,5.0,3.0,1.0,True,False,False,False
corteva-2014-2018-external|2018-197|2018,reused_external_strict,37,80.0,2018-05-15,True,7.0,5.0,3.0,1.0,True,False,False,False
corteva-2014-2018-external|2018-198|2018,reused_external_strict,37,80.0,2018-05-06,True,7.0,5.0,3.0,1.0,True,False,False,False
corteva-2014-2018-external|2014-1|2014,reused_external_strict,39,80.0,2014-05-11,True,7.0,7.0,3.0,3.0,True,True,False,False
corteva-2014-2018-external|2014-10|2014,reused_external_strict,39,80.0,2014-05-12,True,7.0,7.0,3.0,3.0,True,True,False,False
corteva-2014-2018-external|2014-11|2014,reused_external_strict,39,80.0,2014-05-21,True,7.0,7.0,3.0,3.0,True,True,False,False
corteva-2014-2018-external|2014-12|2014,reused_external_strict,39,80.0,2014-05-12,True,7.0,7.0,3.0,3.0,True,True,False,False
corteva-2014-2018-external|2014-13|2014,reused_external_strict,39,80.0,2014-05-17,True,7.0,7.0,3.0,3.0,True,True,False,False
corteva-2014-2018-external|2014-14|2014,reused_external_strict,39,80.0,2014-05-12,True,7.0,7.0,3.0,3.0,True,True,False,False
corteva-2014-2018-external|2014-15|2014,reused_external_strict,39,80.0,2014-05-12,True,7.0,7.0,3.0,3.0,True,True,False,False
corteva-2014-2018-external|2014-16|2014,reused_external_strict,39,80.0,2014-04-29,True,7.0,7.0,3.0,3.0,True,True,False,False
corteva-2014-2018-external|2014-17|2014,reused_external_strict,39,80.0,2014-05-12,True,7.0,7.0,3.0,3.0,True,True,False,False
corteva-2014-2018-external|2014-2|2014,reused_external_strict,39,80.0,2014-04-27,True,7.0,7.0,3.0,3.0,True,True,False,False
corteva-2014-2018-external|2014-23|2014,reused_external_strict,39,80.0,2014-05-19,True,7.0,7.0,3.0,3.0,True,True,False,False
corteva-2014-2018-external|2014-24|2014,reused_external_strict,39,80.0,2014-05-21,True,7.0,7.0,3.0,3.0,True,True,False,False
corteva-2014-2018-external|2014-25|2014,reused_external_strict,39,80.0,2014-04-29,True,7.0,7.0,3.0,3.0,True,True,False,False
corteva-2014-2018-external|2014-26|2014,reused_external_strict,39,80.0,2014-05-07,True,7.0,7.0,3.0,3.0,True,True,False,False
corteva-2014-2018-external|2014-3|2014,reused_external_strict,39,80.0,2014-05-12,True,7.0,7.0,3.0,3.0,True,True,False,False
corteva-2014-2018-external|2014-34|2014,reused_external_strict,39,80.0,2014-05-19,True,7.0,7.0,3.0,3.0,True,True,False,False
corteva-2014-2018-external|2014-35|2014,reused_external_strict,39,80.0,2014-04-29,True,7.0,7.0,3.0,3.0,True,True,False,False
corteva-2014-2018-external|2014-36|2014,reused_external_strict,39,80.0,2014-05-13,True,7.0,7.0,3.0,3.0,True,True,False,False
corteva-2014-2018-external|2014-37|2014,reused_external_strict,39,80.0,2014-05-21,True,7.0,7.0,3.0,3.0,True,True,False,False
corteva-2014-2018-external|2014-38|2014,reused_external_strict,39,80.0,2014-05-15,True,7.0,7.0,3.0,3.0,True,True,False,False
corteva-2014-2018-external|2014-39|2014,reused_external_strict,39,80.0,2014-05-09,True,7.0,7.0,3.0,3.0,True,True,False,False
corteva-2014-2018-external|2014-4|2014,reused_external_strict,39,80.0,2014-05-02,True,7.0,7.0,3.0,3.0,True,True,False,False
corteva-2014-2018-external|2014-5|2014,reused_external_strict,39,80.0,2014-05-12,True,7.0,7.0,3.0,3.0,True,True,False,False
corteva-2014-2018-external|2014-9|2014,reused_external_strict,39,80.0,2014-05-14,True,7.0,7.0,3.0,3.0,True,True,False,False
corteva-2014-2018-external|2015-41|2015,reused_external_strict,39,80.0,2015-05-20,True,7.0,7.0,3.0,3.0,True,True,False,False
corteva-2014-2018-external|2015-42|2015,reused_external_strict,39,80.0,2015-05-06,True,7.0,7.0,3.0,3.0,True,True,False,False
corteva-2014-2018-external|2015-43|2015,reused_external_strict,39,80.0,2015-05-14,True,7.0,7.0,3.0,3.0,True,True,False,False
corteva-2014-2018-external|2015-44|2015,reused_external_strict,39,80.0,2015-05-22,True,7.0,7.0,3.0,3.0,True,True,False,False
corteva-2014-2018-external|2015-48|2015,reused_external_strict,39,80.0,2015-05-21,True,7.0,7.0,3.0,3.0,True,True,False,False
corteva-2014-2018-external|2015-49|2015,reused_external_strict,39,80.0,2015-05-03,True,7.0,7.0,3.0,3.0,True,True,False,False
corteva-2014-2018-external|2015-50|2015,reused_external_strict,39,80.0,2015-05-20,True,7.0,7.0,3.0,3.0,True,True,False,False
corteva-2014-2018-external|2015-53|2015,reused_external_strict,39,80.0,2015-05-22,True,7.0,7.0,3.0,3.0,True,True,False,False
corteva-2014-2018-external|2015-54|2015,reused_external_strict,39,80.0,2015-05-25,True,7.0,7.0,3.0,3.0,True,True,False,False
corteva-2014-2018-external|2015-55|2015,reused_external_strict,39,80.0,2015-05-25,True,7.0,7.0,3.0,3.0,True,True,False,False
corteva-2014-2018-external|2015-56|2015,reused_external_strict,39,80.0,2015-05-16,True,7.0,7.0,3.0,3.0,True,True,False,False
corteva-2014-2018-external|2015-57|2015,reused_external_strict,39,80.0,2015-05-27,True,7.0,7.0,3.0,3.0,True,True,False,False
corteva-2014-2018-external|2015-58|2015,reused_external_strict,39,80.0,2015-06-12,True,7.0,7.0,3.0,3.0,True,True,False,False
corteva-2014-2018-external|2015-60|2015,reused_external_strict,39,80.0,2015-06-10,True,7.0,7.0,3.0,3.0,True,True,False,False
corteva-2014-2018-external|2015-61|2015,reused_external_strict,39,80.0,2015-05-15,True,7.0,7.0,3.0,3.0,True,True,False,False
corteva-2014-2018-external|2015-62|2015,reused_external_strict,39,80.0,2015-05-20,True,7.0,7.0,3.0,3.0,True,True,False,False
corteva-2014-2018-external|2015-63|2015,reused_external_strict,39,80.0,2015-05-25,True,7.0,7.0,3.0,3.0,True,True,False,False
corteva-2014-2018-external|2015-64|2015,reused_external_strict,39,80.0,2015-05-20,True,7.0,7.0,3.0,3.0,True,True,False,False
corteva-2014-2018-external|2015-65|2015,reused_external_strict,39,80.0,2015-05-15,True,7.0,7.0,3.0,3.0,True,True,False,False
corteva-2014-2018-external|2015-66|2015,reused_external_strict,39,80.0,2015-05-03,True,7.0,7.0,3.0,3.0,True,True,False,False
corteva-2014-2018-external|2015-67|2015,reused_external_strict,39,80.0,2015-05-20,True,7.0,7.0,3.0,3.0,True,True,False,False
corteva-2014-2018-external|2015-68|2015,reused_external_strict,39,80.0,2015-05-18,True,7.0,7.0,3.0,3.0,True,True,False,False
corteva-2014-2018-external|2015-69|2015,reused_external_strict,39,80.0,2015-05-14,True,7.0,7.0,3.0,3.0,True,True,False,False
corteva-2014-2018-external|2015-70|2015,reused_external_strict,39,80.0,2015-06-09,True,7.0,7.0,3.0,3.0,True,True,False,False
corteva-2014-2018-external|2015-71|2015,reused_external_strict,39,80.0,2015-06-07,True,7.0,7.0,3.0,3.0,True,True,False,False
corteva-2014-2018-external|2015-72|2015,reused_external_strict,39,80.0,2015-05-16,True,7.0,7.0,3.0,3.0,True,True,False,False
corteva-2014-2018-external|2015-73|2015,reused_external_strict,39,80.0,2015-05-14,True,7.0,7.0,3.0,3.0,True,True,False,False
corteva-2014-2018-external|2015-74|2015,reused_external_strict,39,80.0,2015-05-16,True,7.0,7.0,3.0,3.0,True,True,False,False
corteva-2014-2018-external|2015-75|2015,reused_external_strict,39,80.0,2015-05-20,True,7.0,7.0,3.0,3.0,True,True,False,False
corteva-2014-2018-external|2015-76|2015,reused_external_strict,39,80.0,2015-05-14,True,7.0,7.0,3.0,3.0,True,True,False,False
corteva-2014-2018-external|2015-77|2015,reused_external_strict,39,80.0,2015-05-17,True,7.0,7.0,3.0,3.0,True,True,False,False
corteva-2014-2018-external|2015-78|2015,reused_external_strict,39,80.0,2015-05-25,True,7.0,7.0,3.0,3.0,True,True,False,False
corteva-2014-2018-external|2016-100|2016,reused_external_strict,39,80.0,2016-05-22,True,7.0,7.0,3.0,3.0,True,True,False,False
corteva-2014-2018-external|2016-101|2016,reused_external_strict,39,80.0,2016-05-16,True,7.0,7.0,3.0,3.0,True,True,False,False
corteva-2014-2018-external|2016-102|2016,reused_external_strict,39,80.0,2016-05-18,True,7.0,7.0,3.0,3.0,True,True,False,False
corteva-2014-2018-external|2016-103|2016,reused_external_strict,39,80.0,2016-05-03,True,7.0,7.0,3.0,3.0,True,True,False,False
corteva-2014-2018-external|2016-104|2016,reused_external_strict,39,80.0,2016-05-19,True,7.0,7.0,3.0,3.0,True,True,False,False
corteva-2014-2018-external|2016-105|2016,reused_external_strict,39,80.0,2016-05-31,True,7.0,7.0,3.0,3.0,True,True,False,False
corteva-2014-2018-external|2016-106|2016,reused_external_strict,39,80.0,2016-05-10,True,7.0,7.0,3.0,3.0,True,True,False,False
corteva-2014-2018-external|2016-107|2016,reused_external_strict,39,80.0,2016-05-18,True,7.0,7.0,3.0,3.0,True,True,False,False
corteva-2014-2018-external|2016-108|2016,reused_external_strict,39,80.0,2016-05-19,True,7.0,7.0,3.0,3.0,True,True,False,False
corteva-2014-2018-external|2016-109|2016,reused_external_strict,39,80.0,2016-05-12,True,7.0,7.0,3.0,3.0,True,True,False,False
corteva-2014-2018-external|2016-110|2016,reused_external_strict,39,80.0,2016-05-12,True,7.0,7.0,3.0,3.0,True,True,False,False
corteva-2014-2018-external|2016-111|2016,reused_external_strict,39,80.0,2016-05-20,True,7.0,7.0,3.0,3.0,True,True,False,False
corteva-2014-2018-external|2016-113|2016,reused_external_strict,39,80.0,2016-05-09,True,7.0,7.0,3.0,3.0,True,True,False,False
corteva-2014-2018-external|2016-115|2016,reused_external_strict,39,80.0,2016-05-16,True,7.0,7.0,3.0,3.0,True,True,False,False
corteva-2014-2018-external|2016-116|2016,reused_external_strict,39,80.0,2016-05-16,True,7.0,7.0,3.0,3.0,True,True,False,False
corteva-2014-2018-external|2016-79|2016,reused_external_strict,39,80.0,2016-05-16,True,7.0,7.0,3.0,3.0,True,True,False,False
corteva-2014-2018-external|2016-80|2016,reused_external_strict,39,80.0,2016-05-20,True,7.0,7.0,3.0,3.0,True,True,False,False
corteva-2014-2018-external|2016-81|2016,reused_external_strict,39,80.0,2016-05-16,True,7.0,7.0,3.0,3.0,True,True,False,False
corteva-2014-2018-external|2016-89|2016,reused_external_strict,39,80.0,2016-05-20,True,7.0,7.0,3.0,3.0,True,True,False,False
corteva-2014-2018-external|2016-90|2016,reused_external_strict,39,80.0,2016-05-08,True,7.0,7.0,3.0,3.0,True,True,False,False
corteva-2014-2018-external|2016-91|2016,reused_external_strict,39,80.0,2016-05-16,True,7.0,7.0,3.0,3.0,True,True,False,False
corteva-2014-2018-external|2016-92|2016,reused_external_strict,39,80.0,2016-05-09,True,7.0,7.0,3.0,3.0,True,True,False,False
corteva-2014-2018-external|2016-93|2016,reused_external_strict,39,80.0,2016-05-19,True,7.0,7.0,3.0,3.0,True,True,False,False
corteva-2014-2018-external|2016-94|2016,reused_external_strict,39,80.0,2016-05-16,True,7.0,7.0,3.0,3.0,True,True,False,False
corteva-2014-2018-external|2016-96|2016,reused_external_strict,39,80.0,2016-05-04,True,7.0,7.0,3.0,3.0,True,True,False,False
corteva-2014-2018-external|2016-97|2016,reused_external_strict,39,80.0,2016-05-16,True,7.0,7.0,3.0,3.0,True,True,False,False
corteva-2014-2018-external|2016-98|2016,reused_external_strict,39,80.0,2016-05-06,True,7.0,7.0,3.0,3.0,True,True,False,False
corteva-2014-2018-external|2016-99|2016,reused_external_strict,39,80.0,2016-05-16,True,7.0,7.0,3.0,3.0,True,True,False,False
corteva-2014-2018-external|2017-117|2017,reused_external_strict,39,80.0,2017-05-05,True,7.0,7.0,3.0,3.0,True,True,False,False
corteva-2014-2018-external|2017-118|2017,reused_external_strict,39,80.0,2017-05-15,True,7.0,7.0,3.0,3.0,True,True,False,False
corteva-2014-2018-external|2017-119|2017,reused_external_strict,39,80.0,2017-05-23,True,7.0,7.0,3.0,3.0,True,True,False,False
corteva-2014-2018-external|2017-121|2017,reused_external_strict,39,80.0,2017-05-05,True,7.0,7.0,3.0,3.0,True,True,False,False
corteva-2014-2018-external|2017-126|2017,reused_external_strict,39,80.0,2017-05-15,True,7.0,7.0,3.0,3.0,True,True,False,False
corteva-2014-2018-external|2017-130|2017,reused_external_strict,39,80.0,2017-05-17,True,7.0,7.0,3.0,3.0,True,True,False,False
corteva-2014-2018-external|2017-131|2017,reused_external_strict,39,80.0,2017-05-08,True,7.0,7.0,3.0,3.0,True,True,False,False
corteva-2014-2018-external|2017-132|2017,reused_external_strict,39,80.0,2017-05-15,True,7.0,7.0,3.0,3.0,True,True,False,False
corteva-2014-2018-external|2017-133|2017,reused_external_strict,39,80.0,2017-05-21,True,7.0,7.0,3.0,3.0,True,True,False,False
corteva-2014-2018-external|2017-141|2017,reused_external_strict,39,80.0,2017-05-15,True,7.0,7.0,3.0,3.0,True,True,False,False
corteva-2014-2018-external|2017-142|2017,reused_external_strict,39,80.0,2017-05-17,True,7.0,7.0,3.0,3.0,True,True,False,False
corteva-2014-2018-external|2017-144|2017,reused_external_strict,39,80.0,2017-05-14,True,7.0,7.0,3.0,3.0,True,True,False,False
corteva-2014-2018-external|2017-145|2017,reused_external_strict,39,80.0,2017-05-12,True,7.0,7.0,3.0,3.0,True,True,False,False
corteva-2014-2018-external|2017-146|2017,reused_external_strict,39,80.0,2017-05-22,True,7.0,7.0,3.0,3.0,True,True,False,False
corteva-2014-2018-external|2017-147|2017,reused_external_strict,39,80.0,2017-05-17,True,7.0,7.0,3.0,3.0,True,True,False,False
corteva-2014-2018-external|2017-148|2017,reused_external_strict,39,80.0,2017-05-28,True,7.0,7.0,3.0,3.0,True,True,False,False
corteva-2014-2018-external|2017-149|2017,reused_external_strict,39,80.0,2017-05-15,True,7.0,7.0,3.0,3.0,True,True,False,False
corteva-2014-2018-external|2017-150|2017,reused_external_strict,39,80.0,2017-05-15,True,7.0,7.0,3.0,3.0,True,True,False,False
corteva-2014-2018-external|2017-151|2017,reused_external_strict,39,80.0,2017-05-28,True,7.0,7.0,3.0,3.0,True,True,False,False
corteva-2014-2018-external|2017-152|2017,reused_external_strict,39,80.0,2017-05-12,True,7.0,7.0,3.0,3.0,True,True,False,False
corteva-2014-2018-external|2017-153|2017,reused_external_strict,39,80.0,2017-05-21,True,7.0,7.0,3.0,3.0,True,True,False,False
corteva-2014-2018-external|2017-154|2017,reused_external_strict,39,80.0,2017-05-15,True,7.0,7.0,3.0,3.0,True,True,False,False
corteva-2014-2018-external|2018-157|2018,reused_external_strict,39,80.0,2018-05-10,True,7.0,7.0,3.0,3.0,True,True,False,False
corteva-2014-2018-external|2018-158|2018,reused_external_strict,39,80.0,2018-05-25,True,7.0,7.0,3.0,3.0,True,True,False,False
corteva-2014-2018-external|2018-159|2018,reused_external_strict,39,80.0,2018-05-16,True,7.0,7.0,3.0,3.0,True,True,False,False
corteva-2014-2018-external|2018-160|2018,reused_external_strict,39,80.0,2018-05-16,True,7.0,7.0,3.0,3.0,True,True,False,False
corteva-2014-2018-external|2018-161|2018,reused_external_strict,39,80.0,2018-05-18,True,7.0,7.0,3.0,3.0,True,True,False,False
corteva-2014-2018-external|2018-162|2018,reused_external_strict,39,80.0,2018-05-06,True,7.0,7.0,3.0,3.0,True,True,False,False
corteva-2014-2018-external|2018-163|2018,reused_external_strict,39,80.0,2018-05-12,True,7.0,7.0,3.0,3.0,True,True,False,False
corteva-2014-2018-external|2018-164|2018,reused_external_strict,39,80.0,2018-05-11,True,7.0,7.0,3.0,3.0,True,True,False,False
corteva-2014-2018-external|2018-165|2018,reused_external_strict,39,80.0,2018-05-21,True,7.0,7.0,3.0,3.0,True,True,False,False
corteva-2014-2018-external|2018-166|2018,reused_external_strict,39,80.0,2018-05-19,True,7.0,7.0,3.0,3.0,True,True,False,False
corteva-2014-2018-external|2018-167|2018,reused_external_strict,39,80.0,2018-05-23,True,7.0,7.0,3.0,3.0,True,True,False,False
corteva-2014-2018-external|2018-168|2018,reused_external_strict,39,80.0,2018-05-23,True,7.0,7.0,3.0,3.0,True,True,False,False
corteva-2014-2018-external|2018-169|2018,reused_external_strict,39,80.0,2018-05-18,True,7.0,7.0,3.0,3.0,True,True,False,False
corteva-2014-2018-external|2018-170|2018,reused_external_strict,39,80.0,2018-05-10,True,7.0,7.0,3.0,3.0,True,True,False,False
corteva-2014-2018-external|2018-171|2018,reused_external_strict,39,80.0,2018-05-14,True,7.0,7.0,3.0,3.0,True,True,False,False
corteva-2014-2018-external|2018-172|2018,reused_external_strict,39,80.0,2018-05-23,True,7.0,7.0,3.0,3.0,True,True,False,False
corteva-2014-2018-external|2018-173|2018,reused_external_strict,39,80.0,2018-05-16,True,7.0,7.0,3.0,3.0,True,True,False,False
corteva-2014-2018-external|2018-174|2018,reused_external_strict,39,80.0,2018-04-12,True,7.0,7.0,3.0,3.0,True,True,False,False
corteva-2014-2018-external|2018-175|2018,reused_external_strict,39,80.0,2018-05-21,True,7.0,7.0,3.0,3.0,True,True,False,False
corteva-2014-2018-external|2018-176|2018,reused_external_strict,39,80.0,2018-05-25,True,7.0,7.0,3.0,3.0,True,True,False,False
corteva-2014-2018-external|2018-177|2018,reused_external_strict,39,80.0,2018-05-14,True,7.0,7.0,3.0,3.0,True,True,False,False
corteva-2014-2018-external|2018-181|2018,reused_external_strict,39,80.0,2018-05-12,True,7.0,7.0,3.0,3.0,True,True,False,False
corteva-2014-2018-external|2018-182|2018,reused_external_strict,39,80.0,2018-05-10,True,7.0,7.0,3.0,3.0,True,True,False,False
corteva-2014-2018-external|2018-183|2018,reused_external_strict,39,80.0,2018-05-10,True,7.0,7.0,3.0,3.0,True,True,False,False
corteva-2014-2018-external|2018-184|2018,reused_external_strict,39,80.0,2018-05-16,True,7.0,7.0,3.0,3.0,True,True,False,False
corteva-2014-2018-external|2018-185|2018,reused_external_strict,39,80.0,2018-05-18,True,7.0,7.0,3.0,3.0,True,True,False,False
corteva-2014-2018-external|2018-186|2018,reused_external_strict,39,80.0,2018-05-05,True,7.0,7.0,3.0,3.0,True,True,False,False
corteva-2014-2018-external|2018-188|2018,reused_external_strict,39,80.0,2018-04-22,True,7.0,7.0,3.0,3.0,True,True,False,False
corteva-2014-2018-external|2018-189|2018,reused_external_strict,39,80.0,2018-04-12,True,7.0,7.0,3.0,3.0,True,True,False,False
corteva-2014-2018-external|2018-190|2018,reused_external_strict,39,80.0,2018-05-21,True,7.0,7.0,3.0,3.0,True,True,False,False
corteva-2014-2018-external|2018-191|2018,reused_external_strict,39,80.0,2018-05-12,True,7.0,7.0,3.0,3.0,True,True,False,False
corteva-2014-2018-external|2018-193|2018,reused_external_strict,39,80.0,2018-05-24,True,7.0,7.0,3.0,3.0,True,True,False,False
corteva-2014-2018-external|2018-194|2018,reused_external_strict,39,80.0,2018-05-10,True,7.0,7.0,3.0,3.0,True,True,False,False
corteva-2014-2018-external|2018-195|2018,reused_external_strict,39,80.0,2018-05-18,True,7.0,7.0,3.0,3.0,True,True,False,False
corteva-2014-2018-external|2018-196|2018,reused_external_strict,39,80.0,2018-05-11,True,7.0,7.0,3.0,3.0,True,True,False,False
corteva-2014-2018-external|2018-197|2018,reused_external_strict,39,80.0,2018-05-24,True,7.0,7.0,3.0,3.0,True,True,False,False
corteva-2014-2018-external|2018-198|2018,reused_external_strict,39,80.0,2018-05-14,True,7.0,7.0,3.0,3.0,True,True,False,False
corteva-2014-2018-external|2014-1|2014,reused_external_strict,51,80.0,2014-05-24,True,7.0,7.0,3.0,3.0,True,True,False,False
corteva-2014-2018-external|2014-10|2014,reused_external_strict,51,80.0,2014-05-25,True,7.0,7.0,3.0,3.0,True,True,False,False
corteva-2014-2018-external|2014-11|2014,reused_external_strict,51,80.0,2014-06-02,True,7.0,7.0,3.0,3.0,True,True,False,False
corteva-2014-2018-external|2014-12|2014,reused_external_strict,51,80.0,2014-05-25,True,7.0,7.0,3.0,3.0,True,True,False,False
corteva-2014-2018-external|2014-13|2014,reused_external_strict,51,80.0,2014-05-28,True,7.0,7.0,3.0,3.0,True,True,False,False
corteva-2014-2018-external|2014-14|2014,reused_external_strict,51,80.0,2014-05-25,True,7.0,7.0,3.0,3.0,True,True,False,False
corteva-2014-2018-external|2014-15|2014,reused_external_strict,51,80.0,2014-05-25,True,7.0,7.0,3.0,3.0,True,True,False,False
corteva-2014-2018-external|2014-16|2014,reused_external_strict,51,80.0,2014-05-13,True,7.0,7.0,3.0,3.0,True,True,False,False
corteva-2014-2018-external|2014-17|2014,reused_external_strict,51,80.0,2014-05-25,True,7.0,7.0,3.0,3.0,True,True,False,False
corteva-2014-2018-external|2014-2|2014,reused_external_strict,51,80.0,2014-05-12,True,7.0,7.0,3.0,3.0,True,True,False,False
corteva-2014-2018-external|2014-23|2014,reused_external_strict,51,80.0,2014-06-01,True,7.0,7.0,3.0,3.0,True,True,False,False
corteva-2014-2018-external|2014-24|2014,reused_external_strict,51,80.0,2014-06-02,True,7.0,7.0,3.0,3.0,True,True,False,False
corteva-2014-2018-external|2014-25|2014,reused_external_strict,51,80.0,2014-05-13,True,7.0,7.0,3.0,3.0,True,True,False,False
corteva-2014-2018-external|2014-26|2014,reused_external_strict,51,80.0,2014-05-21,True,7.0,7.0,3.0,3.0,True,True,False,False
corteva-2014-2018-external|2014-3|2014,reused_external_strict,51,80.0,2014-05-25,True,7.0,7.0,3.0,3.0,True,True,False,False
corteva-2014-2018-external|2014-34|2014,reused_external_strict,51,80.0,2014-06-01,True,7.0,7.0,3.0,3.0,True,True,False,False
corteva-2014-2018-external|2014-35|2014,reused_external_strict,51,80.0,2014-05-13,True,7.0,7.0,3.0,3.0,True,True,False,False
corteva-2014-2018-external|2014-36|2014,reused_external_strict,51,80.0,2014-05-26,True,7.0,7.0,3.0,3.0,True,True,False,False
corteva-2014-2018-external|2014-37|2014,reused_external_strict,51,80.0,2014-06-02,True,7.0,7.0,3.0,3.0,True,True,False,False
corteva-2014-2018-external|2014-38|2014,reused_external_strict,51,80.0,2014-05-29,True,7.0,7.0,3.0,3.0,True,True,False,False
corteva-2014-2018-external|2014-39|2014,reused_external_strict,51,80.0,2014-05-22,True,7.0,7.0,3.0,3.0,True,True,False,False
corteva-2014-2018-external|2014-4|2014,reused_external_strict,51,80.0,2014-05-17,True,7.0,7.0,3.0,3.0,True,True,False,False
corteva-2014-2018-external|2014-5|2014,reused_external_strict,51,80.0,2014-05-25,True,7.0,7.0,3.0,3.0,True,True,False,False
corteva-2014-2018-external|2014-9|2014,reused_external_strict,51,80.0,2014-05-26,True,7.0,7.0,3.0,3.0,True,True,False,False
corteva-2014-2018-external|2015-41|2015,reused_external_strict,51,80.0,2015-06-05,True,7.0,7.0,3.0,3.0,True,True,False,False
corteva-2014-2018-external|2015-42|2015,reused_external_strict,51,80.0,2015-05-18,True,7.0,7.0,3.0,3.0,True,True,False,False
corteva-2014-2018-external|2015-43|2015,reused_external_strict,51,80.0,2015-05-29,True,7.0,7.0,3.0,3.0,True,True,False,False
corteva-2014-2018-external|2015-44|2015,reused_external_strict,51,80.0,2015-06-07,True,7.0,7.0,3.0,3.0,True,True,False,False
corteva-2014-2018-external|2015-48|2015,reused_external_strict,51,80.0,2015-06-05,True,7.0,7.0,3.0,3.0,True,True,False,False
corteva-2014-2018-external|2015-49|2015,reused_external_strict,51,80.0,2015-05-15,True,7.0,7.0,3.0,3.0,True,True,False,False
corteva-2014-2018-external|2015-50|2015,reused_external_strict,51,80.0,2015-06-04,True,7.0,7.0,3.0,3.0,True,True,False,False
corteva-2014-2018-external|2015-53|2015,reused_external_strict,51,80.0,2015-06-07,True,7.0,7.0,3.0,3.0,True,True,False,False
corteva-2014-2018-external|2015-54|2015,reused_external_strict,51,80.0,2015-06-11,True,7.0,7.0,3.0,3.0,True,True,False,False
corteva-2014-2018-external|2015-55|2015,reused_external_strict,51,80.0,2015-06-08,True,7.0,7.0,3.0,3.0,True,True,False,False
corteva-2014-2018-external|2015-56|2015,reused_external_strict,51,80.0,2015-05-31,True,7.0,7.0,3.0,3.0,True,True,False,False
corteva-2014-2018-external|2015-57|2015,reused_external_strict,51,80.0,2015-06-10,True,7.0,7.0,3.0,3.0,True,True,False,False
corteva-2014-2018-external|2015-58|2015,reused_external_strict,51,80.0,2015-06-25,True,7.0,7.0,3.0,3.0,True,True,False,False
corteva-2014-2018-external|2015-60|2015,reused_external_strict,51,80.0,2015-06-23,True,7.0,7.0,3.0,3.0,True,True,False,False
corteva-2014-2018-external|2015-61|2015,reused_external_strict,51,80.0,2015-05-28,True,7.0,7.0,3.0,3.0,True,True,False,False
corteva-2014-2018-external|2015-62|2015,reused_external_strict,51,80.0,2015-06-04,True,7.0,7.0,3.0,3.0,True,True,False,False
corteva-2014-2018-external|2015-63|2015,reused_external_strict,51,80.0,2015-06-08,True,7.0,7.0,3.0,3.0,True,True,False,False
corteva-2014-2018-external|2015-64|2015,reused_external_strict,51,80.0,2015-06-04,True,7.0,7.0,3.0,3.0,True,True,False,False
corteva-2014-2018-external|2015-65|2015,reused_external_strict,51,80.0,2015-06-01,True,7.0,7.0,3.0,3.0,True,True,False,False
corteva-2014-2018-external|2015-66|2015,reused_external_strict,51,80.0,2015-05-15,True,7.0,7.0,3.0,3.0,True,True,False,False
corteva-2014-2018-external|2015-67|2015,reused_external_strict,51,80.0,2015-06-04,True,7.0,7.0,3.0,3.0,True,True,False,False
corteva-2014-2018-external|2015-68|2015,reused_external_strict,51,80.0,2015-06-02,True,7.0,7.0,3.0,3.0,True,True,False,False
corteva-2014-2018-external|2015-69|2015,reused_external_strict,51,80.0,2015-05-29,True,7.0,7.0,3.0,3.0,True,True,False,False
corteva-2014-2018-external|2015-70|2015,reused_external_strict,51,80.0,2015-06-23,True,7.0,7.0,3.0,3.0,True,True,False,False
corteva-2014-2018-external|2015-71|2015,reused_external_strict,51,80.0,2015-06-20,True,7.0,7.0,3.0,3.0,True,True,False,False
corteva-2014-2018-external|2015-72|2015,reused_external_strict,51,80.0,2015-05-31,True,7.0,7.0,3.0,3.0,True,True,False,False
corteva-2014-2018-external|2015-73|2015,reused_external_strict,51,80.0,2015-05-29,True,7.0,7.0,3.0,3.0,True,True,False,False
corteva-2014-2018-external|2015-74|2015,reused_external_strict,51,80.0,2015-05-31,True,7.0,7.0,3.0,3.0,True,True,False,False
corteva-2014-2018-external|2015-75|2015,reused_external_strict,51,80.0,2015-06-04,True,7.0,7.0,3.0,3.0,True,True,False,False
corteva-2014-2018-external|2015-76|2015,reused_external_strict,51,80.0,2015-05-28,True,7.0,7.0,3.0,3.0,True,True,False,False
corteva-2014-2018-external|2015-77|2015,reused_external_strict,51,80.0,2015-06-01,True,7.0,7.0,3.0,3.0,True,True,False,False
corteva-2014-2018-external|2015-78|2015,reused_external_strict,51,80.0,2015-06-11,True,7.0,7.0,3.0,3.0,True,True,False,False
corteva-2014-2018-external|2016-100|2016,reused_external_strict,51,80.0,2016-06-05,True,7.0,7.0,3.0,3.0,True,True,False,False
corteva-2014-2018-external|2016-101|2016,reused_external_strict,51,80.0,2016-05-27,True,7.0,7.0,3.0,3.0,True,True,False,False
corteva-2014-2018-external|2016-102|2016,reused_external_strict,51,80.0,2016-05-30,True,7.0,7.0,3.0,3.0,True,True,False,False
corteva-2014-2018-external|2016-103|2016,reused_external_strict,51,80.0,2016-05-15,True,7.0,7.0,3.0,3.0,True,True,False,False
corteva-2014-2018-external|2016-104|2016,reused_external_strict,51,80.0,2016-05-29,True,7.0,7.0,3.0,3.0,True,True,False,False
corteva-2014-2018-external|2016-105|2016,reused_external_strict,51,80.0,2016-06-16,True,7.0,7.0,3.0,3.0,True,True,False,False
corteva-2014-2018-external|2016-106|2016,reused_external_strict,51,80.0,2016-05-23,True,7.0,7.0,3.0,3.0,True,True,False,False
corteva-2014-2018-external|2016-107|2016,reused_external_strict,51,80.0,2016-06-02,True,7.0,7.0,3.0,3.0,True,True,False,False
corteva-2014-2018-external|2016-108|2016,reused_external_strict,51,80.0,2016-06-02,True,7.0,7.0,3.0,3.0,True,True,False,False
corteva-2014-2018-external|2016-109|2016,reused_external_strict,51,80.0,2016-05-26,True,7.0,7.0,3.0,3.0,True,True,False,False
corteva-2014-2018-external|2016-110|2016,reused_external_strict,51,80.0,2016-05-27,True,7.0,7.0,3.0,3.0,True,True,False,False
corteva-2014-2018-external|2016-111|2016,reused_external_strict,51,80.0,2016-06-03,True,7.0,7.0,3.0,3.0,True,True,False,False
corteva-2014-2018-external|2016-113|2016,reused_external_strict,51,80.0,2016-05-22,True,7.0,7.0,3.0,3.0,True,True,False,False
corteva-2014-2018-external|2016-115|2016,reused_external_strict,51,80.0,2016-05-31,True,7.0,7.0,3.0,3.0,True,True,False,False
corteva-2014-2018-external|2016-116|2016,reused_external_strict,51,80.0,2016-05-30,True,7.0,7.0,3.0,3.0,True,True,False,False
corteva-2014-2018-external|2016-79|2016,reused_external_strict,51,80.0,2016-05-30,True,7.0,7.0,3.0,3.0,True,True,False,False
corteva-2014-2018-external|2016-80|2016,reused_external_strict,51,80.0,2016-05-31,True,7.0,7.0,3.0,3.0,True,True,False,False
corteva-2014-2018-external|2016-81|2016,reused_external_strict,51,80.0,2016-05-30,True,7.0,7.0,3.0,3.0,True,True,False,False
corteva-2014-2018-external|2016-89|2016,reused_external_strict,51,80.0,2016-05-31,True,7.0,7.0,3.0,3.0,True,True,False,False
corteva-2014-2018-external|2016-90|2016,reused_external_strict,51,80.0,2016-05-21,True,7.0,7.0,3.0,3.0,True,True,False,False
corteva-2014-2018-external|2016-91|2016,reused_external_strict,51,80.0,2016-05-30,True,7.0,7.0,3.0,3.0,True,True,False,False
corteva-2014-2018-external|2016-92|2016,reused_external_strict,51,80.0,2016-05-23,True,7.0,7.0,3.0,3.0,True,True,False,False
corteva-2014-2018-external|2016-93|2016,reused_external_strict,51,80.0,2016-05-31,True,7.0,7.0,3.0,3.0,True,True,False,False
corteva-2014-2018-external|2016-94|2016,reused_external_strict,51,80.0,2016-05-30,True,7.0,7.0,3.0,3.0,True,True,False,False
corteva-2014-2018-external|2016-96|2016,reused_external_strict,51,80.0,2016-05-16,True,7.0,7.0,3.0,3.0,True,True,False,False
corteva-2014-2018-external|2016-97|2016,reused_external_strict,51,80.0,2016-05-30,True,7.0,7.0,3.0,3.0,True,True,False,False
corteva-2014-2018-external|2016-98|2016,reused_external_strict,51,80.0,2016-05-19,True,7.0,7.0,3.0,3.0,True,True,False,False
corteva-2014-2018-external|2016-99|2016,reused_external_strict,51,80.0,2016-05-30,True,7.0,7.0,3.0,3.0,True,True,False,False
corteva-2014-2018-external|2017-117|2017,reused_external_strict,51,80.0,2017-05-17,True,7.0,7.0,3.0,3.0,True,True,False,False
corteva-2014-2018-external|2017-118|2017,reused_external_strict,51,80.0,2017-05-27,True,7.0,7.0,3.0,3.0,True,True,False,False
corteva-2014-2018-external|2017-119|2017,reused_external_strict,51,80.0,2017-06-03,True,7.0,7.0,3.0,3.0,True,True,False,False
corteva-2014-2018-external|2017-121|2017,reused_external_strict,51,80.0,2017-05-17,True,7.0,7.0,3.0,3.0,True,True,False,False
corteva-2014-2018-external|2017-126|2017,reused_external_strict,51,80.0,2017-05-27,True,7.0,7.0,3.0,3.0,True,True,False,False
corteva-2014-2018-external|2017-130|2017,reused_external_strict,51,80.0,2017-05-28,True,7.0,7.0,3.0,3.0,True,True,False,False
corteva-2014-2018-external|2017-131|2017,reused_external_strict,51,80.0,2017-05-21,True,7.0,7.0,3.0,3.0,True,True,False,False
corteva-2014-2018-external|2017-132|2017,reused_external_strict,51,80.0,2017-05-27,True,7.0,7.0,3.0,3.0,True,True,False,False
corteva-2014-2018-external|2017-133|2017,reused_external_strict,51,80.0,2017-06-01,True,7.0,7.0,3.0,3.0,True,True,False,False
corteva-2014-2018-external|2017-141|2017,reused_external_strict,51,80.0,2017-05-27,True,7.0,7.0,3.0,3.0,True,True,False,False
corteva-2014-2018-external|2017-142|2017,reused_external_strict,51,80.0,2017-05-28,True,7.0,7.0,3.0,3.0,True,True,False,False
corteva-2014-2018-external|2017-144|2017,reused_external_strict,51,80.0,2017-05-25,True,7.0,7.0,3.0,3.0,True,True,False,False
corteva-2014-2018-external|2017-145|2017,reused_external_strict,51,80.0,2017-05-25,True,7.0,7.0,3.0,3.0,True,True,False,False
corteva-2014-2018-external|2017-146|2017,reused_external_strict,51,80.0,2017-06-02,True,7.0,7.0,3.0,3.0,True,True,False,False
corteva-2014-2018-external|2017-147|2017,reused_external_strict,51,80.0,2017-05-28,True,7.0,7.0,3.0,3.0,True,True,False,False
corteva-2014-2018-external|2017-148|2017,reused_external_strict,51,80.0,,False,,,,,,,False,False
corteva-2014-2018-external|2017-149|2017,reused_external_strict,51,80.0,2017-05-26,True,7.0,7.0,3.0,3.0,True,True,False,False
corteva-2014-2018-external|2017-150|2017,reused_external_strict,51,80.0,2017-05-27,True,7.0,7.0,3.0,3.0,True,True,False,False
corteva-2014-2018-external|2017-151|2017,reused_external_strict,51,80.0,2017-06-09,True,7.0,7.0,3.0,3.0,True,True,False,False
corteva-2014-2018-external|2017-152|2017,reused_external_strict,51,80.0,2017-05-24,True,7.0,7.0,3.0,3.0,True,True,False,False
corteva-2014-2018-external|2017-153|2017,reused_external_strict,51,80.0,2017-06-01,True,7.0,7.0,3.0,3.0,True,True,False,False
corteva-2014-2018-external|2017-154|2017,reused_external_strict,51,80.0,2017-05-29,True,7.0,7.0,3.0,3.0,True,True,False,False
corteva-2014-2018-external|2018-157|2018,reused_external_strict,51,80.0,2018-05-24,True,7.0,7.0,3.0,3.0,True,True,False,False
corteva-2014-2018-external|2018-158|2018,reused_external_strict,51,80.0,2018-06-03,True,7.0,7.0,3.0,3.0,True,True,False,False
corteva-2014-2018-external|2018-159|2018,reused_external_strict,51,80.0,2018-05-27,True,7.0,7.0,3.0,3.0,True,True,False,False
corteva-2014-2018-external|2018-160|2018,reused_external_strict,51,80.0,,False,,,,,,,False,False
corteva-2014-2018-external|2018-161|2018,reused_external_strict,51,80.0,2018-05-30,True,7.0,7.0,3.0,3.0,True,True,False,False
corteva-2014-2018-external|2018-162|2018,reused_external_strict,51,80.0,2018-05-17,True,7.0,7.0,3.0,3.0,True,True,False,False
corteva-2014-2018-external|2018-163|2018,reused_external_strict,51,80.0,2018-05-24,True,7.0,7.0,3.0,3.0,True,True,False,False
corteva-2014-2018-external|2018-164|2018,reused_external_strict,51,80.0,2018-05-22,True,7.0,7.0,3.0,3.0,True,True,False,False
corteva-2014-2018-external|2018-165|2018,reused_external_strict,51,80.0,2018-05-31,True,7.0,7.0,3.0,3.0,True,True,False,False
corteva-2014-2018-external|2018-166|2018,reused_external_strict,51,80.0,2018-05-31,True,7.0,7.0,3.0,3.0,True,True,False,False
corteva-2014-2018-external|2018-167|2018,reused_external_strict,51,80.0,2018-06-03,True,7.0,7.0,3.0,3.0,True,True,False,False
corteva-2014-2018-external|2018-168|2018,reused_external_strict,51,80.0,2018-06-03,True,7.0,7.0,3.0,3.0,True,True,False,False
corteva-2014-2018-external|2018-169|2018,reused_external_strict,51,80.0,2018-05-31,True,7.0,7.0,3.0,3.0,True,True,False,False
corteva-2014-2018-external|2018-170|2018,reused_external_strict,51,80.0,2018-05-24,True,7.0,7.0,3.0,3.0,True,True,False,False
corteva-2014-2018-external|2018-171|2018,reused_external_strict,51,80.0,2018-05-27,True,7.0,7.0,3.0,3.0,True,True,False,False
corteva-2014-2018-external|2018-172|2018,reused_external_strict,51,80.0,2018-06-03,True,7.0,7.0,3.0,3.0,True,True,False,False
corteva-2014-2018-external|2018-173|2018,reused_external_strict,51,80.0,2018-05-29,True,7.0,7.0,3.0,3.0,True,True,False,False
corteva-2014-2018-external|2018-174|2018,reused_external_strict,51,80.0,2018-04-22,True,7.0,7.0,3.0,3.0,True,True,False,False
corteva-2014-2018-external|2018-175|2018,reused_external_strict,51,80.0,2018-06-02,True,7.0,7.0,3.0,3.0,True,True,False,False
corteva-2014-2018-external|2018-176|2018,reused_external_strict,51,80.0,2018-06-04,True,7.0,7.0,3.0,3.0,True,True,False,False
corteva-2014-2018-external|2018-177|2018,reused_external_strict,51,80.0,2018-05-26,True,7.0,7.0,3.0,3.0,True,True,False,False
corteva-2014-2018-external|2018-181|2018,reused_external_strict,51,80.0,2018-05-26,True,7.0,7.0,3.0,3.0,True,True,False,False
corteva-2014-2018-external|2018-182|2018,reused_external_strict,51,80.0,2018-05-24,True,7.0,7.0,3.0,3.0,True,True,False,False
corteva-2014-2018-external|2018-183|2018,reused_external_strict,51,80.0,2018-05-24,True,7.0,7.0,3.0,3.0,True,True,False,False
corteva-2014-2018-external|2018-184|2018,reused_external_strict,51,80.0,2018-05-27,True,7.0,7.0,3.0,3.0,True,True,False,False
corteva-2014-2018-external|2018-185|2018,reused_external_strict,51,80.0,2018-05-31,True,7.0,7.0,3.0,3.0,True,True,False,False
corteva-2014-2018-external|2018-186|2018,reused_external_strict,51,80.0,2018-05-17,True,7.0,7.0,3.0,3.0,True,True,False,False
corteva-2014-2018-external|2018-188|2018,reused_external_strict,51,80.0,2018-05-05,True,7.0,7.0,3.0,3.0,True,True,False,False
corteva-2014-2018-external|2018-189|2018,reused_external_strict,51,80.0,2018-04-22,True,7.0,7.0,3.0,3.0,True,True,False,False
corteva-2014-2018-external|2018-190|2018,reused_external_strict,51,80.0,2018-05-31,True,7.0,7.0,3.0,3.0,True,True,False,False
corteva-2014-2018-external|2018-191|2018,reused_external_strict,51,80.0,2018-05-24,True,7.0,7.0,3.0,3.0,True,True,False,False
corteva-2014-2018-external|2018-193|2018,reused_external_strict,51,80.0,2018-06-05,True,7.0,7.0,3.0,3.0,True,True,False,False
corteva-2014-2018-external|2018-194|2018,reused_external_strict,51,80.0,2018-05-24,True,7.0,7.0,3.0,3.0,True,True,False,False
corteva-2014-2018-external|2018-195|2018,reused_external_strict,51,80.0,2018-05-31,True,7.0,7.0,3.0,3.0,True,True,False,False
corteva-2014-2018-external|2018-196|2018,reused_external_strict,51,80.0,2018-05-24,True,7.0,7.0,3.0,3.0,True,True,False,False
corteva-2014-2018-external|2018-197|2018,reused_external_strict,51,80.0,2018-06-05,True,7.0,7.0,3.0,3.0,True,True,False,False
corteva-2014-2018-external|2018-198|2018,reused_external_strict,51,80.0,2018-05-27,True,7.0,7.0,3.0,3.0,True,True,False,False
corteva-2014-2018-external|2014-1|2014,reused_external_strict,65,80.0,,False,,,,,,,False,False
corteva-2014-2018-external|2014-10|2014,reused_external_strict,65,80.0,2014-06-08,True,7.0,7.0,3.0,3.0,True,True,False,False
corteva-2014-2018-external|2014-11|2014,reused_external_strict,65,80.0,2014-06-13,True,7.0,7.0,3.0,3.0,True,True,False,False
corteva-2014-2018-external|2014-12|2014,reused_external_strict,65,80.0,2014-06-08,True,7.0,7.0,3.0,3.0,True,True,False,False
corteva-2014-2018-external|2014-13|2014,reused_external_strict,65,80.0,2014-06-09,True,7.0,7.0,3.0,3.0,True,True,False,False
corteva-2014-2018-external|2014-14|2014,reused_external_strict,65,80.0,2014-06-08,True,7.0,7.0,3.0,3.0,True,True,False,False
corteva-2014-2018-external|2014-15|2014,reused_external_strict,65,80.0,2014-06-08,True,7.0,7.0,3.0,3.0,True,True,False,False
corteva-2014-2018-external|2014-16|2014,reused_external_strict,65,80.0,2014-05-26,True,7.0,7.0,3.0,3.0,True,True,False,False
corteva-2014-2018-external|2014-17|2014,reused_external_strict,65,80.0,2014-06-08,True,7.0,7.0,3.0,3.0,True,True,False,False
corteva-2014-2018-external|2014-2|2014,reused_external_strict,65,80.0,2014-05-25,True,7.0,7.0,3.0,3.0,True,True,False,False
corteva-2014-2018-external|2014-23|2014,reused_external_strict,65,80.0,2014-06-11,True,7.0,7.0,3.0,3.0,True,True,False,False
corteva-2014-2018-external|2014-24|2014,reused_external_strict,65,80.0,2014-06-13,True,7.0,7.0,3.0,3.0,True,True,False,False
corteva-2014-2018-external|2014-25|2014,reused_external_strict,65,80.0,2014-05-26,True,7.0,7.0,3.0,3.0,True,True,False,False
corteva-2014-2018-external|2014-26|2014,reused_external_strict,65,80.0,2014-06-03,True,7.0,7.0,3.0,3.0,True,True,False,False
corteva-2014-2018-external|2014-3|2014,reused_external_strict,65,80.0,2014-06-08,True,7.0,7.0,3.0,3.0,True,True,False,False
corteva-2014-2018-external|2014-34|2014,reused_external_strict,65,80.0,2014-06-11,True,7.0,7.0,3.0,3.0,True,True,False,False
corteva-2014-2018-external|2014-35|2014,reused_external_strict,65,80.0,2014-05-26,True,7.0,7.0,3.0,3.0,True,True,False,False
corteva-2014-2018-external|2014-36|2014,reused_external_strict,65,80.0,2014-06-08,True,7.0,7.0,3.0,3.0,True,True,False,False
corteva-2014-2018-external|2014-37|2014,reused_external_strict,65,80.0,2014-06-13,True,7.0,7.0,3.0,3.0,True,True,False,False
corteva-2014-2018-external|2014-38|2014,reused_external_strict,65,80.0,2014-06-11,True,7.0,7.0,3.0,3.0,True,True,False,False
corteva-2014-2018-external|2014-39|2014,reused_external_strict,65,80.0,2014-06-02,True,7.0,7.0,3.0,3.0,True,True,False,False
corteva-2014-2018-external|2014-4|2014,reused_external_strict,65,80.0,2014-05-28,True,7.0,7.0,3.0,3.0,True,True,False,False
corteva-2014-2018-external|2014-5|2014,reused_external_strict,65,80.0,2014-06-08,True,7.0,7.0,3.0,3.0,True,True,False,False
corteva-2014-2018-external|2014-9|2014,reused_external_strict,65,80.0,2014-06-08,True,7.0,7.0,3.0,3.0,True,True,False,False
corteva-2014-2018-external|2015-41|2015,reused_external_strict,65,80.0,2015-06-17,True,7.0,7.0,3.0,3.0,True,True,False,False
corteva-2014-2018-external|2015-42|2015,reused_external_strict,65,80.0,2015-05-31,True,7.0,7.0,3.0,3.0,True,True,False,False
corteva-2014-2018-external|2015-43|2015,reused_external_strict,65,80.0,2015-06-08,True,7.0,7.0,3.0,3.0,True,True,False,False
corteva-2014-2018-external|2015-44|2015,reused_external_strict,65,80.0,2015-06-20,True,7.0,7.0,3.0,3.0,True,True,False,False
corteva-2014-2018-external|2015-48|2015,reused_external_strict,65,80.0,2015-06-18,True,7.0,7.0,3.0,3.0,True,True,False,False
corteva-2014-2018-external|2015-49|2015,reused_external_strict,65,80.0,2015-05-28,True,7.0,7.0,3.0,3.0,True,True,False,False
corteva-2014-2018-external|2015-50|2015,reused_external_strict,65,80.0,2015-06-17,True,7.0,7.0,3.0,3.0,True,True,False,False
corteva-2014-2018-external|2015-53|2015,reused_external_strict,65,80.0,2015-06-20,True,7.0,7.0,3.0,3.0,True,True,False,False
corteva-2014-2018-external|2015-54|2015,reused_external_strict,65,80.0,2015-06-24,True,7.0,7.0,3.0,3.0,True,True,False,False
corteva-2014-2018-external|2015-55|2015,reused_external_strict,65,80.0,2015-06-21,True,7.0,7.0,3.0,3.0,True,True,False,False
corteva-2014-2018-external|2015-56|2015,reused_external_strict,65,80.0,2015-06-12,True,7.0,7.0,3.0,3.0,True,True,False,False
corteva-2014-2018-external|2015-57|2015,reused_external_strict,65,80.0,2015-06-23,True,7.0,7.0,3.0,3.0,True,True,False,False
corteva-2014-2018-external|2015-58|2015,reused_external_strict,65,80.0,2015-07-05,True,7.0,7.0,3.0,3.0,True,True,False,False
corteva-2014-2018-external|2015-60|2015,reused_external_strict,65,80.0,2015-07-04,True,7.0,7.0,3.0,3.0,True,True,False,False
corteva-2014-2018-external|2015-61|2015,reused_external_strict,65,80.0,2015-06-07,True,7.0,7.0,3.0,3.0,True,True,False,False
corteva-2014-2018-external|2015-62|2015,reused_external_strict,65,80.0,2015-06-17,True,7.0,7.0,3.0,3.0,True,True,False,False
corteva-2014-2018-external|2015-63|2015,reused_external_strict,65,80.0,2015-06-21,True,7.0,7.0,3.0,3.0,True,True,False,False
corteva-2014-2018-external|2015-64|2015,reused_external_strict,65,80.0,2015-06-17,True,7.0,7.0,3.0,3.0,True,True,False,False
corteva-2014-2018-external|2015-65|2015,reused_external_strict,65,80.0,2015-06-13,True,7.0,7.0,3.0,3.0,True,True,False,False
corteva-2014-2018-external|2015-66|2015,reused_external_strict,65,80.0,2015-05-28,True,7.0,7.0,3.0,3.0,True,True,False,False
corteva-2014-2018-external|2015-67|2015,reused_external_strict,65,80.0,2015-06-17,True,7.0,7.0,3.0,3.0,True,True,False,False
corteva-2014-2018-external|2015-68|2015,reused_external_strict,65,80.0,2015-06-12,True,7.0,7.0,3.0,3.0,True,True,False,False
corteva-2014-2018-external|2015-69|2015,reused_external_strict,65,80.0,2015-06-11,True,7.0,7.0,3.0,3.0,True,True,False,False
corteva-2014-2018-external|2015-70|2015,reused_external_strict,65,80.0,2015-07-04,True,7.0,7.0,3.0,3.0,True,True,False,False
corteva-2014-2018-external|2015-71|2015,reused_external_strict,65,80.0,2015-07-02,True,7.0,7.0,3.0,3.0,True,True,False,False
corteva-2014-2018-external|2015-72|2015,reused_external_strict,65,80.0,2015-06-12,True,7.0,7.0,3.0,3.0,True,True,False,False
corteva-2014-2018-external|2015-73|2015,reused_external_strict,65,80.0,2015-06-08,True,7.0,7.0,3.0,3.0,True,True,False,False
corteva-2014-2018-external|2015-74|2015,reused_external_strict,65,80.0,2015-06-12,True,7.0,7.0,3.0,3.0,True,True,False,False
corteva-2014-2018-external|2015-75|2015,reused_external_strict,65,80.0,2015-06-18,True,7.0,7.0,3.0,3.0,True,True,False,False
corteva-2014-2018-external|2015-76|2015,reused_external_strict,65,80.0,2015-06-07,True,7.0,7.0,3.0,3.0,True,True,False,False
corteva-2014-2018-external|2015-77|2015,reused_external_strict,65,80.0,2015-06-15,True,7.0,7.0,3.0,3.0,True,True,False,False
corteva-2014-2018-external|2015-78|2015,reused_external_strict,65,80.0,2015-06-24,True,7.0,7.0,3.0,3.0,True,True,False,False
corteva-2014-2018-external|2016-100|2016,reused_external_strict,65,80.0,2016-06-16,True,7.0,7.0,3.0,3.0,True,True,False,False
corteva-2014-2018-external|2016-101|2016,reused_external_strict,65,80.0,2016-06-05,True,7.0,7.0,3.0,3.0,True,True,False,False
corteva-2014-2018-external|2016-102|2016,reused_external_strict,65,80.0,2016-06-10,True,7.0,7.0,3.0,3.0,True,True,False,False
corteva-2014-2018-external|2016-103|2016,reused_external_strict,65,80.0,2016-05-28,True,7.0,7.0,3.0,3.0,True,True,False,False
corteva-2014-2018-external|2016-104|2016,reused_external_strict,65,80.0,2016-06-07,True,7.0,7.0,3.0,3.0,True,True,False,False
corteva-2014-2018-external|2016-105|2016,reused_external_strict,65,80.0,2016-06-30,True,7.0,7.0,3.0,3.0,True,True,False,False
corteva-2014-2018-external|2016-106|2016,reused_external_strict,65,80.0,2016-06-05,True,7.0,7.0,3.0,3.0,True,True,False,False
corteva-2014-2018-external|2016-107|2016,reused_external_strict,65,80.0,2016-06-13,True,7.0,7.0,3.0,3.0,True,True,False,False
corteva-2014-2018-external|2016-108|2016,reused_external_strict,65,80.0,2016-06-13,True,7.0,7.0,3.0,3.0,True,True,False,False
corteva-2014-2018-external|2016-109|2016,reused_external_strict,65,80.0,2016-06-08,True,7.0,7.0,3.0,3.0,True,True,False,False
corteva-2014-2018-external|2016-110|2016,reused_external_strict,65,80.0,2016-06-08,True,7.0,7.0,3.0,3.0,True,True,False,False
corteva-2014-2018-external|2016-111|2016,reused_external_strict,65,80.0,2016-06-15,True,7.0,7.0,3.0,3.0,True,True,False,False
corteva-2014-2018-external|2016-113|2016,reused_external_strict,65,80.0,2016-06-02,True,7.0,7.0,3.0,3.0,True,True,False,False
corteva-2014-2018-external|2016-115|2016,reused_external_strict,65,80.0,2016-06-12,True,7.0,7.0,3.0,3.0,True,True,False,False
corteva-2014-2018-external|2016-116|2016,reused_external_strict,65,80.0,2016-06-11,True,7.0,7.0,3.0,3.0,True,True,False,False
corteva-2014-2018-external|2016-79|2016,reused_external_strict,65,80.0,2016-06-11,True,7.0,7.0,3.0,3.0,True,True,False,False
corteva-2014-2018-external|2016-80|2016,reused_external_strict,65,80.0,2016-06-10,True,7.0,7.0,3.0,3.0,True,True,False,False
corteva-2014-2018-external|2016-81|2016,reused_external_strict,65,80.0,2016-06-11,True,7.0,7.0,3.0,3.0,True,True,False,False
corteva-2014-2018-external|2016-89|2016,reused_external_strict,65,80.0,2016-06-10,True,7.0,7.0,3.0,3.0,True,True,False,False
corteva-2014-2018-external|2016-90|2016,reused_external_strict,65,80.0,2016-06-04,True,7.0,7.0,3.0,3.0,True,True,False,False
corteva-2014-2018-external|2016-91|2016,reused_external_strict,65,80.0,2016-06-11,True,7.0,7.0,3.0,3.0,True,True,False,False
corteva-2014-2018-external|2016-92|2016,reused_external_strict,65,80.0,2016-06-04,True,7.0,7.0,3.0,3.0,True,True,False,False
corteva-2014-2018-external|2016-93|2016,reused_external_strict,65,80.0,2016-06-10,True,7.0,7.0,3.0,3.0,True,True,False,False
corteva-2014-2018-external|2016-94|2016,reused_external_strict,65,80.0,2016-06-11,True,7.0,7.0,3.0,3.0,True,True,False,False
corteva-2014-2018-external|2016-96|2016,reused_external_strict,65,80.0,2016-05-28,True,7.0,7.0,3.0,3.0,True,True,False,False
corteva-2014-2018-external|2016-97|2016,reused_external_strict,65,80.0,2016-06-11,True,7.0,7.0,3.0,3.0,True,True,False,False
corteva-2014-2018-external|2016-98|2016,reused_external_strict,65,80.0,2016-05-31,True,7.0,7.0,3.0,3.0,True,True,False,False
corteva-2014-2018-external|2016-99|2016,reused_external_strict,65,80.0,2016-06-11,True,7.0,7.0,3.0,3.0,True,True,False,False
corteva-2014-2018-external|2017-117|2017,reused_external_strict,65,80.0,2017-05-28,True,7.0,7.0,3.0,3.0,True,True,False,False
corteva-2014-2018-external|2017-118|2017,reused_external_strict,65,80.0,2017-06-08,True,7.0,7.0,3.0,3.0,True,True,False,False
corteva-2014-2018-external|2017-119|2017,reused_external_strict,65,80.0,2017-06-14,True,7.0,7.0,3.0,3.0,True,True,False,False
corteva-2014-2018-external|2017-121|2017,reused_external_strict,65,80.0,2017-05-28,True,7.0,7.0,3.0,3.0,True,True,False,False
corteva-2014-2018-external|2017-126|2017,reused_external_strict,65,80.0,2017-06-08,True,7.0,7.0,3.0,3.0,True,True,False,False
corteva-2014-2018-external|2017-130|2017,reused_external_strict,65,80.0,2017-06-09,True,7.0,7.0,3.0,3.0,True,True,False,False
corteva-2014-2018-external|2017-131|2017,reused_external_strict,65,80.0,2017-05-30,True,7.0,7.0,3.0,3.0,True,True,False,False
corteva-2014-2018-external|2017-132|2017,reused_external_strict,65,80.0,2017-06-08,True,7.0,7.0,3.0,3.0,True,True,False,False
corteva-2014-2018-external|2017-133|2017,reused_external_strict,65,80.0,2017-06-12,True,7.0,7.0,3.0,3.0,True,True,False,False
corteva-2014-2018-external|2017-141|2017,reused_external_strict,65,80.0,2017-06-08,True,7.0,7.0,3.0,3.0,True,True,False,False
corteva-2014-2018-external|2017-142|2017,reused_external_strict,65,80.0,2017-06-06,True,7.0,7.0,3.0,3.0,True,True,False,False
corteva-2014-2018-external|2017-144|2017,reused_external_strict,65,80.0,2017-06-04,True,7.0,7.0,3.0,3.0,True,True,False,False
corteva-2014-2018-external|2017-145|2017,reused_external_strict,65,80.0,2017-06-06,True,7.0,7.0,3.0,3.0,True,True,False,False
corteva-2014-2018-external|2017-146|2017,reused_external_strict,65,80.0,2017-06-12,True,7.0,7.0,3.0,3.0,True,True,False,False
corteva-2014-2018-external|2017-147|2017,reused_external_strict,65,80.0,2017-06-09,True,7.0,7.0,3.0,3.0,True,True,False,False
corteva-2014-2018-external|2017-148|2017,reused_external_strict,65,80.0,,False,,,,,,,False,False
corteva-2014-2018-external|2017-149|2017,reused_external_strict,65,80.0,2017-06-05,True,7.0,7.0,3.0,3.0,True,True,False,False
corteva-2014-2018-external|2017-150|2017,reused_external_strict,65,80.0,2017-06-08,True,7.0,7.0,3.0,3.0,True,True,False,False
corteva-2014-2018-external|2017-151|2017,reused_external_strict,65,80.0,2017-06-20,True,7.0,7.0,3.0,3.0,True,True,False,False
corteva-2014-2018-external|2017-152|2017,reused_external_strict,65,80.0,2017-06-03,True,7.0,7.0,3.0,3.0,True,True,False,False
corteva-2014-2018-external|2017-153|2017,reused_external_strict,65,80.0,2017-06-15,True,7.0,7.0,3.0,3.0,True,True,False,False
corteva-2014-2018-external|2017-154|2017,reused_external_strict,65,80.0,2017-06-12,True,7.0,7.0,3.0,3.0,True,True,False,False
corteva-2014-2018-external|2018-157|2018,reused_external_strict,65,80.0,2018-06-02,True,7.0,7.0,3.0,3.0,True,True,False,False
corteva-2014-2018-external|2018-158|2018,reused_external_strict,65,80.0,2018-06-14,True,7.0,7.0,3.0,3.0,True,True,False,False
corteva-2014-2018-external|2018-159|2018,reused_external_strict,65,80.0,,False,,,,,,,False,False
corteva-2014-2018-external|2018-160|2018,reused_external_strict,65,80.0,,False,,,,,,,False,False
corteva-2014-2018-external|2018-161|2018,reused_external_strict,65,80.0,2018-06-10,True,7.0,7.0,3.0,3.0,True,True,False,False
corteva-2014-2018-external|2018-162|2018,reused_external_strict,65,80.0,2018-05-28,True,7.0,7.0,3.0,3.0,True,True,False,False
corteva-2014-2018-external|2018-163|2018,reused_external_strict,65,80.0,2018-06-02,True,7.0,7.0,3.0,3.0,True,True,False,False
corteva-2014-2018-external|2018-164|2018,reused_external_strict,65,80.0,2018-05-31,True,7.0,7.0,3.0,3.0,True,True,False,False
corteva-2014-2018-external|2018-165|2018,reused_external_strict,65,80.0,2018-06-10,True,7.0,7.0,3.0,3.0,True,True,False,False
corteva-2014-2018-external|2018-166|2018,reused_external_strict,65,80.0,2018-06-11,True,7.0,7.0,3.0,3.0,True,True,False,False
corteva-2014-2018-external|2018-167|2018,reused_external_strict,65,80.0,2018-06-15,True,7.0,7.0,3.0,3.0,True,True,False,False
corteva-2014-2018-external|2018-168|2018,reused_external_strict,65,80.0,2018-06-15,True,7.0,7.0,3.0,3.0,True,True,False,False
corteva-2014-2018-external|2018-169|2018,reused_external_strict,65,80.0,2018-06-12,True,7.0,7.0,3.0,3.0,True,True,False,False
corteva-2014-2018-external|2018-170|2018,reused_external_strict,65,80.0,2018-06-02,True,7.0,7.0,3.0,3.0,True,True,False,False
corteva-2014-2018-external|2018-171|2018,reused_external_strict,65,80.0,2018-06-07,True,7.0,7.0,3.0,3.0,True,True,False,False
corteva-2014-2018-external|2018-172|2018,reused_external_strict,65,80.0,2018-06-15,True,7.0,7.0,3.0,3.0,True,True,False,False
corteva-2014-2018-external|2018-173|2018,reused_external_strict,65,80.0,2018-06-10,True,7.0,7.0,3.0,3.0,True,True,False,False
corteva-2014-2018-external|2018-174|2018,reused_external_strict,65,80.0,2018-05-03,True,7.0,7.0,3.0,3.0,True,True,False,False
corteva-2014-2018-external|2018-175|2018,reused_external_strict,65,80.0,2018-06-13,True,7.0,7.0,3.0,3.0,True,True,False,False
corteva-2014-2018-external|2018-176|2018,reused_external_strict,65,80.0,2018-06-14,True,7.0,7.0,3.0,3.0,True,True,False,False
corteva-2014-2018-external|2018-177|2018,reused_external_strict,65,80.0,2018-06-04,True,7.0,7.0,3.0,3.0,True,True,False,False
corteva-2014-2018-external|2018-181|2018,reused_external_strict,65,80.0,2018-06-04,True,7.0,7.0,3.0,3.0,True,True,False,False
corteva-2014-2018-external|2018-182|2018,reused_external_strict,65,80.0,2018-06-02,True,7.0,7.0,3.0,3.0,True,True,False,False
corteva-2014-2018-external|2018-183|2018,reused_external_strict,65,80.0,2018-06-02,True,7.0,7.0,3.0,3.0,True,True,False,False
corteva-2014-2018-external|2018-184|2018,reused_external_strict,65,80.0,2018-06-05,True,7.0,7.0,3.0,3.0,True,True,False,False
corteva-2014-2018-external|2018-185|2018,reused_external_strict,65,80.0,2018-06-12,True,7.0,7.0,3.0,3.0,True,True,False,False
corteva-2014-2018-external|2018-186|2018,reused_external_strict,65,80.0,2018-05-27,True,7.0,7.0,3.0,3.0,True,True,False,False
corteva-2014-2018-external|2018-188|2018,reused_external_strict,65,80.0,2018-05-18,True,7.0,7.0,3.0,3.0,True,True,False,False
corteva-2014-2018-external|2018-189|2018,reused_external_strict,65,80.0,2018-05-03,True,7.0,7.0,3.0,3.0,True,True,False,False
corteva-2014-2018-external|2018-190|2018,reused_external_strict,65,80.0,2018-06-10,True,7.0,7.0,3.0,3.0,True,True,False,False
corteva-2014-2018-external|2018-191|2018,reused_external_strict,65,80.0,2018-06-02,True,7.0,7.0,3.0,3.0,True,True,False,False
corteva-2014-2018-external|2018-193|2018,reused_external_strict,65,80.0,2018-06-16,True,7.0,7.0,3.0,3.0,True,True,False,False
corteva-2014-2018-external|2018-194|2018,reused_external_strict,65,80.0,2018-06-02,True,7.0,7.0,3.0,3.0,True,True,False,False
corteva-2014-2018-external|2018-195|2018,reused_external_strict,65,80.0,,False,,,,,,,False,False
corteva-2014-2018-external|2018-196|2018,reused_external_strict,65,80.0,2018-06-02,True,7.0,7.0,3.0,3.0,True,True,False,False
corteva-2014-2018-external|2018-197|2018,reused_external_strict,65,80.0,2018-06-16,True,7.0,7.0,3.0,3.0,True,True,False,False
corteva-2014-2018-external|2018-198|2018,reused_external_strict,65,80.0,2018-06-06,True,7.0,7.0,3.0,3.0,True,True,False,False
corteva-2014-2018-external|2014-1|2014,reused_external_strict,85,80.0,,False,,,,,,,False,False
corteva-2014-2018-external|2014-10|2014,reused_external_strict,85,80.0,,False,,,,,,,False,False
corteva-2014-2018-external|2014-11|2014,reused_external_strict,85,80.0,,False,,,,,,,False,False
corteva-2014-2018-external|2014-12|2014,reused_external_strict,85,80.0,,False,,,,,,,False,False
corteva-2014-2018-external|2014-13|2014,reused_external_strict,85,80.0,,False,,,,,,,False,False
corteva-2014-2018-external|2014-14|2014,reused_external_strict,85,80.0,,False,,,,,,,False,False
corteva-2014-2018-external|2014-15|2014,reused_external_strict,85,80.0,,False,,,,,,,False,False
corteva-2014-2018-external|2014-16|2014,reused_external_strict,85,80.0,,False,,,,,,,False,False
corteva-2014-2018-external|2014-17|2014,reused_external_strict,85,80.0,,False,,,,,,,False,False
corteva-2014-2018-external|2014-2|2014,reused_external_strict,85,80.0,,False,,,,,,,False,False
corteva-2014-2018-external|2014-23|2014,reused_external_strict,85,80.0,,False,,,,,,,False,False
corteva-2014-2018-external|2014-24|2014,reused_external_strict,85,80.0,,False,,,,,,,False,False
corteva-2014-2018-external|2014-25|2014,reused_external_strict,85,80.0,,False,,,,,,,False,False
corteva-2014-2018-external|2014-26|2014,reused_external_strict,85,80.0,,False,,,,,,,False,False
corteva-2014-2018-external|2014-3|2014,reused_external_strict,85,80.0,,False,,,,,,,False,False
corteva-2014-2018-external|2014-34|2014,reused_external_strict,85,80.0,,False,,,,,,,False,False
corteva-2014-2018-external|2014-35|2014,reused_external_strict,85,80.0,,False,,,,,,,False,False
corteva-2014-2018-external|2014-36|2014,reused_external_strict,85,80.0,,False,,,,,,,False,False
corteva-2014-2018-external|2014-37|2014,reused_external_strict,85,80.0,,False,,,,,,,False,False
corteva-2014-2018-external|2014-38|2014,reused_external_strict,85,80.0,,False,,,,,,,False,False
corteva-2014-2018-external|2014-39|2014,reused_external_strict,85,80.0,,False,,,,,,,False,False
corteva-2014-2018-external|2014-4|2014,reused_external_strict,85,80.0,2014-07-02,True,7.0,7.0,3.0,3.0,True,True,False,False
corteva-2014-2018-external|2014-5|2014,reused_external_strict,85,80.0,,False,,,,,,,False,False
corteva-2014-2018-external|2014-9|2014,reused_external_strict,85,80.0,,False,,,,,,,False,False
corteva-2014-2018-external|2015-41|2015,reused_external_strict,85,80.0,,False,,,,,,,False,False
corteva-2014-2018-external|2015-42|2015,reused_external_strict,85,80.0,,False,,,,,,,False,False
corteva-2014-2018-external|2015-43|2015,reused_external_strict,85,80.0,,False,,,,,,,False,False
corteva-2014-2018-external|2015-44|2015,reused_external_strict,85,80.0,,False,,,,,,,False,False
corteva-2014-2018-external|2015-48|2015,reused_external_strict,85,80.0,,False,,,,,,,False,False
corteva-2014-2018-external|2015-49|2015,reused_external_strict,85,80.0,,False,,,,,,,False,False
corteva-2014-2018-external|2015-50|2015,reused_external_strict,85,80.0,,False,,,,,,,False,False
corteva-2014-2018-external|2015-53|2015,reused_external_strict,85,80.0,,False,,,,,,,False,False
corteva-2014-2018-external|2015-54|2015,reused_external_strict,85,80.0,,False,,,,,,,False,False
corteva-2014-2018-external|2015-55|2015,reused_external_strict,85,80.0,,False,,,,,,,False,False
corteva-2014-2018-external|2015-56|2015,reused_external_strict,85,80.0,,False,,,,,,,False,False
corteva-2014-2018-external|2015-57|2015,reused_external_strict,85,80.0,,False,,,,,,,False,False
corteva-2014-2018-external|2015-58|2015,reused_external_strict,85,80.0,2015-08-12,True,7.0,7.0,3.0,3.0,True,True,False,False
corteva-2014-2018-external|2015-60|2015,reused_external_strict,85,80.0,,False,,,,,,,False,False
corteva-2014-2018-external|2015-61|2015,reused_external_strict,85,80.0,,False,,,,,,,False,False
corteva-2014-2018-external|2015-62|2015,reused_external_strict,85,80.0,,False,,,,,,,False,False
corteva-2014-2018-external|2015-63|2015,reused_external_strict,85,80.0,,False,,,,,,,False,False
corteva-2014-2018-external|2015-64|2015,reused_external_strict,85,80.0,,False,,,,,,,False,False
corteva-2014-2018-external|2015-65|2015,reused_external_strict,85,80.0,,False,,,,,,,False,False
corteva-2014-2018-external|2015-66|2015,reused_external_strict,85,80.0,,False,,,,,,,False,False
corteva-2014-2018-external|2015-67|2015,reused_external_strict,85,80.0,,False,,,,,,,False,False
corteva-2014-2018-external|2015-68|2015,reused_external_strict,85,80.0,,False,,,,,,,False,False
corteva-2014-2018-external|2015-69|2015,reused_external_strict,85,80.0,,False,,,,,,,False,False
corteva-2014-2018-external|2015-70|2015,reused_external_strict,85,80.0,,False,,,,,,,False,False
corteva-2014-2018-external|2015-71|2015,reused_external_strict,85,80.0,,False,,,,,,,False,False
corteva-2014-2018-external|2015-72|2015,reused_external_strict,85,80.0,,False,,,,,,,False,False
corteva-2014-2018-external|2015-73|2015,reused_external_strict,85,80.0,,False,,,,,,,False,False
corteva-2014-2018-external|2015-74|2015,reused_external_strict,85,80.0,,False,,,,,,,False,False
corteva-2014-2018-external|2015-75|2015,reused_external_strict,85,80.0,,False,,,,,,,False,False
corteva-2014-2018-external|2015-76|2015,reused_external_strict,85,80.0,,False,,,,,,,False,False
corteva-2014-2018-external|2015-77|2015,reused_external_strict,85,80.0,,False,,,,,,,False,False
corteva-2014-2018-external|2015-78|2015,reused_external_strict,85,80.0,,False,,,,,,,False,False
corteva-2014-2018-external|2016-100|2016,reused_external_strict,85,80.0,,False,,,,,,,False,False
corteva-2014-2018-external|2016-101|2016,reused_external_strict,85,80.0,2016-07-09,True,7.0,7.0,3.0,3.0,True,True,False,False
corteva-2014-2018-external|2016-102|2016,reused_external_strict,85,80.0,,False,,,,,,,False,False
corteva-2014-2018-external|2016-103|2016,reused_external_strict,85,80.0,,False,,,,,,,False,False
corteva-2014-2018-external|2016-104|2016,reused_external_strict,85,80.0,,False,,,,,,,False,False
corteva-2014-2018-external|2016-105|2016,reused_external_strict,85,80.0,,False,,,,,,,False,False
corteva-2014-2018-external|2016-106|2016,reused_external_strict,85,80.0,,False,,,,,,,False,False
corteva-2014-2018-external|2016-107|2016,reused_external_strict,85,80.0,,False,,,,,,,False,False
corteva-2014-2018-external|2016-108|2016,reused_external_strict,85,80.0,,False,,,,,,,False,False
corteva-2014-2018-external|2016-109|2016,reused_external_strict,85,80.0,,False,,,,,,,False,False
corteva-2014-2018-external|2016-110|2016,reused_external_strict,85,80.0,,False,,,,,,,False,False
corteva-2014-2018-external|2016-111|2016,reused_external_strict,85,80.0,,False,,,,,,,False,False
corteva-2014-2018-external|2016-113|2016,reused_external_strict,85,80.0,,False,,,,,,,False,False
corteva-2014-2018-external|2016-115|2016,reused_external_strict,85,80.0,,False,,,,,,,False,False
corteva-2014-2018-external|2016-116|2016,reused_external_strict,85,80.0,,False,,,,,,,False,False
corteva-2014-2018-external|2016-79|2016,reused_external_strict,85,80.0,,False,,,,,,,False,False
corteva-2014-2018-external|2016-80|2016,reused_external_strict,85,80.0,,False,,,,,,,False,False
corteva-2014-2018-external|2016-81|2016,reused_external_strict,85,80.0,,False,,,,,,,False,False
corteva-2014-2018-external|2016-89|2016,reused_external_strict,85,80.0,,False,,,,,,,False,False
corteva-2014-2018-external|2016-90|2016,reused_external_strict,85,80.0,,False,,,,,,,False,False
corteva-2014-2018-external|2016-91|2016,reused_external_strict,85,80.0,,False,,,,,,,False,False
corteva-2014-2018-external|2016-92|2016,reused_external_strict,85,80.0,,False,,,,,,,False,False
corteva-2014-2018-external|2016-93|2016,reused_external_strict,85,80.0,,False,,,,,,,False,False
corteva-2014-2018-external|2016-94|2016,reused_external_strict,85,80.0,,False,,,,,,,False,False
corteva-2014-2018-external|2016-96|2016,reused_external_strict,85,80.0,,False,,,,,,,False,False
corteva-2014-2018-external|2016-97|2016,reused_external_strict,85,80.0,,False,,,,,,,False,False
corteva-2014-2018-external|2016-98|2016,reused_external_strict,85,80.0,,False,,,,,,,False,False
corteva-2014-2018-external|2016-99|2016,reused_external_strict,85,80.0,,False,,,,,,,False,False
corteva-2014-2018-external|2017-117|2017,reused_external_strict,85,80.0,,False,,,,,,,False,False
corteva-2014-2018-external|2017-118|2017,reused_external_strict,85,80.0,,False,,,,,,,False,False
corteva-2014-2018-external|2017-119|2017,reused_external_strict,85,80.0,,False,,,,,,,False,False
corteva-2014-2018-external|2017-121|2017,reused_external_strict,85,80.0,,False,,,,,,,False,False
corteva-2014-2018-external|2017-126|2017,reused_external_strict,85,80.0,,False,,,,,,,False,False
corteva-2014-2018-external|2017-130|2017,reused_external_strict,85,80.0,,False,,,,,,,False,False
corteva-2014-2018-external|2017-131|2017,reused_external_strict,85,80.0,,False,,,,,,,False,False
corteva-2014-2018-external|2017-132|2017,reused_external_strict,85,80.0,,False,,,,,,,False,False
corteva-2014-2018-external|2017-133|2017,reused_external_strict,85,80.0,,False,,,,,,,False,False
corteva-2014-2018-external|2017-141|2017,reused_external_strict,85,80.0,,False,,,,,,,False,False
corteva-2014-2018-external|2017-142|2017,reused_external_strict,85,80.0,2017-07-08,True,7.0,7.0,3.0,3.0,True,True,False,False
corteva-2014-2018-external|2017-144|2017,reused_external_strict,85,80.0,,False,,,,,,,False,False
corteva-2014-2018-external|2017-145|2017,reused_external_strict,85,80.0,,False,,,,,,,False,False
corteva-2014-2018-external|2017-146|2017,reused_external_strict,85,80.0,,False,,,,,,,False,False
corteva-2014-2018-external|2017-147|2017,reused_external_strict,85,80.0,,False,,,,,,,False,False
corteva-2014-2018-external|2017-148|2017,reused_external_strict,85,80.0,,False,,,,,,,False,False
corteva-2014-2018-external|2017-149|2017,reused_external_strict,85,80.0,,False,,,,,,,False,False
corteva-2014-2018-external|2017-150|2017,reused_external_strict,85,80.0,,False,,,,,,,False,False
corteva-2014-2018-external|2017-151|2017,reused_external_strict,85,80.0,,False,,,,,,,False,False
corteva-2014-2018-external|2017-152|2017,reused_external_strict,85,80.0,,False,,,,,,,False,False
corteva-2014-2018-external|2017-153|2017,reused_external_strict,85,80.0,,False,,,,,,,False,False
corteva-2014-2018-external|2017-154|2017,reused_external_strict,85,80.0,,False,,,,,,,False,False
corteva-2014-2018-external|2018-157|2018,reused_external_strict,85,80.0,,False,,,,,,,False,False
corteva-2014-2018-external|2018-158|2018,reused_external_strict,85,80.0,,False,,,,,,,False,False
corteva-2014-2018-external|2018-159|2018,reused_external_strict,85,80.0,,False,,,,,,,False,False
corteva-2014-2018-external|2018-160|2018,reused_external_strict,85,80.0,,False,,,,,,,False,False
corteva-2014-2018-external|2018-161|2018,reused_external_strict,85,80.0,,False,,,,,,,False,False
corteva-2014-2018-external|2018-162|2018,reused_external_strict,85,80.0,,False,,,,,,,False,False
corteva-2014-2018-external|2018-163|2018,reused_external_strict,85,80.0,,False,,,,,,,False,False
corteva-2014-2018-external|2018-164|2018,reused_external_strict,85,80.0,,False,,,,,,,False,False
corteva-2014-2018-external|2018-165|2018,reused_external_strict,85,80.0,,False,,,,,,,False,False
corteva-2014-2018-external|2018-166|2018,reused_external_strict,85,80.0,,False,,,,,,,False,False
corteva-2014-2018-external|2018-167|2018,reused_external_strict,85,80.0,,False,,,,,,,False,False
corteva-2014-2018-external|2018-168|2018,reused_external_strict,85,80.0,,False,,,,,,,False,False
corteva-2014-2018-external|2018-169|2018,reused_external_strict,85,80.0,,False,,,,,,,False,False
corteva-2014-2018-external|2018-170|2018,reused_external_strict,85,80.0,,False,,,,,,,False,False
corteva-2014-2018-external|2018-171|2018,reused_external_strict,85,80.0,,False,,,,,,,False,False
corteva-2014-2018-external|2018-172|2018,reused_external_strict,85,80.0,,False,,,,,,,False,False
corteva-2014-2018-external|2018-173|2018,reused_external_strict,85,80.0,,False,,,,,,,False,False
corteva-2014-2018-external|2018-174|2018,reused_external_strict,85,80.0,2018-06-04,True,7.0,7.0,3.0,3.0,True,True,False,False
corteva-2014-2018-external|2018-175|2018,reused_external_strict,85,80.0,,False,,,,,,,False,False
corteva-2014-2018-external|2018-176|2018,reused_external_strict,85,80.0,,False,,,,,,,False,False
corteva-2014-2018-external|2018-177|2018,reused_external_strict,85,80.0,,False,,,,,,,False,False
corteva-2014-2018-external|2018-181|2018,reused_external_strict,85,80.0,,False,,,,,,,False,False
corteva-2014-2018-external|2018-182|2018,reused_external_strict,85,80.0,,False,,,,,,,False,False
corteva-2014-2018-external|2018-183|2018,reused_external_strict,85,80.0,,False,,,,,,,False,False
corteva-2014-2018-external|2018-184|2018,reused_external_strict,85,80.0,,False,,,,,,,False,False
corteva-2014-2018-external|2018-185|2018,reused_external_strict,85,80.0,,False,,,,,,,False,False
corteva-2014-2018-external|2018-186|2018,reused_external_strict,85,80.0,,False,,,,,,,False,False
corteva-2014-2018-external|2018-188|2018,reused_external_strict,85,80.0,,False,,,,,,,False,False
corteva-2014-2018-external|2018-189|2018,reused_external_strict,85,80.0,2018-06-04,True,7.0,7.0,3.0,3.0,True,True,False,False
corteva-2014-2018-external|2018-190|2018,reused_external_strict,85,80.0,,False,,,,,,,False,False
corteva-2014-2018-external|2018-191|2018,reused_external_strict,85,80.0,,False,,,,,,,False,False
corteva-2014-2018-external|2018-193|2018,reused_external_strict,85,80.0,,False,,,,,,,False,False
corteva-2014-2018-external|2018-194|2018,reused_external_strict,85,80.0,,False,,,,,,,False,False
corteva-2014-2018-external|2018-195|2018,reused_external_strict,85,80.0,,False,,,,,,,False,False
corteva-2014-2018-external|2018-196|2018,reused_external_strict,85,80.0,,False,,,,,,,False,False
corteva-2014-2018-external|2018-197|2018,reused_external_strict,85,80.0,,False,,,,,,,False,False
corteva-2014-2018-external|2018-198|2018,reused_external_strict,85,80.0,,False,,,,,,,False,False
corteva-2014-2018-external|2014-1|2014,reused_external_strict,10,120.0,2013-10-14,True,2.0,0.0,0.0,0.0,False,False,False,False
corteva-2014-2018-external|2014-10|2014,reused_external_strict,10,120.0,2013-11-18,True,2.0,0.0,0.0,0.0,False,False,False,False
corteva-2014-2018-external|2014-11|2014,reused_external_strict,10,120.0,2013-10-25,True,2.0,0.0,0.0,0.0,False,False,False,False
corteva-2014-2018-external|2014-12|2014,reused_external_strict,10,120.0,2013-11-18,True,2.0,0.0,0.0,0.0,False,False,False,False
corteva-2014-2018-external|2014-13|2014,reused_external_strict,10,120.0,2013-10-28,True,2.0,0.0,0.0,0.0,False,False,False,False
corteva-2014-2018-external|2014-14|2014,reused_external_strict,10,120.0,2013-11-18,True,2.0,0.0,0.0,0.0,False,False,False,False
corteva-2014-2018-external|2014-15|2014,reused_external_strict,10,120.0,2013-11-18,True,2.0,0.0,0.0,0.0,False,False,False,False
corteva-2014-2018-external|2014-16|2014,reused_external_strict,10,120.0,2013-11-13,True,2.0,0.0,0.0,0.0,False,False,False,False
corteva-2014-2018-external|2014-17|2014,reused_external_strict,10,120.0,2013-11-18,True,2.0,0.0,0.0,0.0,False,False,False,False
corteva-2014-2018-external|2014-2|2014,reused_external_strict,10,120.0,2013-11-13,True,2.0,0.0,0.0,0.0,False,False,False,False
corteva-2014-2018-external|2014-23|2014,reused_external_strict,10,120.0,2013-10-17,True,2.0,0.0,0.0,0.0,False,False,False,False
corteva-2014-2018-external|2014-24|2014,reused_external_strict,10,120.0,2013-10-25,True,2.0,0.0,0.0,0.0,False,False,False,False
corteva-2014-2018-external|2014-25|2014,reused_external_strict,10,120.0,2013-11-13,True,2.0,0.0,0.0,0.0,False,False,False,False
corteva-2014-2018-external|2014-26|2014,reused_external_strict,10,120.0,2013-11-16,True,2.0,0.0,0.0,0.0,False,False,False,False
corteva-2014-2018-external|2014-3|2014,reused_external_strict,10,120.0,2013-11-18,True,2.0,0.0,0.0,0.0,False,False,False,False
corteva-2014-2018-external|2014-34|2014,reused_external_strict,10,120.0,2013-10-17,True,2.0,0.0,0.0,0.0,False,False,False,False
corteva-2014-2018-external|2014-35|2014,reused_external_strict,10,120.0,2013-11-13,True,2.0,0.0,0.0,0.0,False,False,False,False
corteva-2014-2018-external|2014-36|2014,reused_external_strict,10,120.0,2013-10-16,True,2.0,0.0,0.0,0.0,False,False,False,False
corteva-2014-2018-external|2014-37|2014,reused_external_strict,10,120.0,2013-10-25,True,2.0,0.0,0.0,0.0,False,False,False,False
corteva-2014-2018-external|2014-38|2014,reused_external_strict,10,120.0,2013-11-19,True,2.0,0.0,0.0,0.0,False,False,False,False
corteva-2014-2018-external|2014-39|2014,reused_external_strict,10,120.0,2013-10-16,True,2.0,0.0,0.0,0.0,False,False,False,False
corteva-2014-2018-external|2014-4|2014,reused_external_strict,10,120.0,2013-10-15,True,2.0,0.0,0.0,0.0,False,False,False,False
corteva-2014-2018-external|2014-5|2014,reused_external_strict,10,120.0,2013-11-18,True,2.0,0.0,0.0,0.0,False,False,False,False
corteva-2014-2018-external|2014-9|2014,reused_external_strict,10,120.0,2013-10-13,True,2.0,0.0,0.0,0.0,False,False,False,False
corteva-2014-2018-external|2015-41|2015,reused_external_strict,10,120.0,2014-10-11,True,2.0,0.0,0.0,0.0,False,False,False,False
corteva-2014-2018-external|2015-42|2015,reused_external_strict,10,120.0,2014-11-13,True,2.0,0.0,0.0,0.0,False,False,False,False
corteva-2014-2018-external|2015-43|2015,reused_external_strict,10,120.0,2014-10-11,True,2.0,0.0,0.0,0.0,False,False,False,False
corteva-2014-2018-external|2015-44|2015,reused_external_strict,10,120.0,2014-11-15,True,2.0,0.0,0.0,0.0,False,False,False,False
corteva-2014-2018-external|2015-48|2015,reused_external_strict,10,120.0,2014-10-10,True,2.0,0.0,0.0,0.0,False,False,False,False
corteva-2014-2018-external|2015-49|2015,reused_external_strict,10,120.0,2014-11-13,True,2.0,0.0,0.0,0.0,False,False,False,False
corteva-2014-2018-external|2015-50|2015,reused_external_strict,10,120.0,2014-11-14,True,2.0,0.0,0.0,0.0,False,False,False,False
corteva-2014-2018-external|2015-53|2015,reused_external_strict,10,120.0,2014-11-15,True,2.0,0.0,0.0,0.0,False,False,False,False
corteva-2014-2018-external|2015-54|2015,reused_external_strict,10,120.0,2014-11-18,True,2.0,0.0,0.0,0.0,False,False,False,False
corteva-2014-2018-external|2015-55|2015,reused_external_strict,10,120.0,2014-10-28,True,2.0,0.0,0.0,0.0,False,False,False,False
corteva-2014-2018-external|2015-56|2015,reused_external_strict,10,120.0,2014-11-13,True,2.0,0.0,0.0,0.0,False,False,False,False
corteva-2014-2018-external|2015-57|2015,reused_external_strict,10,120.0,2014-10-24,True,2.0,0.0,0.0,0.0,False,False,False,False
corteva-2014-2018-external|2015-58|2015,reused_external_strict,10,120.0,2014-10-27,True,2.0,0.0,0.0,0.0,False,False,False,False
corteva-2014-2018-external|2015-60|2015,reused_external_strict,10,120.0,2014-10-14,True,2.0,0.0,0.0,0.0,False,False,False,False
corteva-2014-2018-external|2015-61|2015,reused_external_strict,10,120.0,2014-10-13,True,2.0,0.0,0.0,0.0,False,False,False,False
corteva-2014-2018-external|2015-62|2015,reused_external_strict,10,120.0,2014-11-14,True,2.0,0.0,0.0,0.0,False,False,False,False
corteva-2014-2018-external|2015-63|2015,reused_external_strict,10,120.0,2014-10-28,True,2.0,0.0,0.0,0.0,False,False,False,False
corteva-2014-2018-external|2015-64|2015,reused_external_strict,10,120.0,2014-11-14,True,2.0,0.0,0.0,0.0,False,False,False,False
corteva-2014-2018-external|2015-65|2015,reused_external_strict,10,120.0,2014-10-10,True,2.0,0.0,0.0,0.0,False,False,False,False
corteva-2014-2018-external|2015-66|2015,reused_external_strict,10,120.0,2014-11-13,True,2.0,0.0,0.0,0.0,False,False,False,False
corteva-2014-2018-external|2015-67|2015,reused_external_strict,10,120.0,2014-11-14,True,2.0,0.0,0.0,0.0,False,False,False,False
corteva-2014-2018-external|2015-68|2015,reused_external_strict,10,120.0,2014-10-11,True,2.0,0.0,0.0,0.0,False,False,False,False
corteva-2014-2018-external|2015-69|2015,reused_external_strict,10,120.0,2014-11-13,True,2.0,0.0,0.0,0.0,False,False,False,False
corteva-2014-2018-external|2015-70|2015,reused_external_strict,10,120.0,2014-10-14,True,2.0,0.0,0.0,0.0,False,False,False,False
corteva-2014-2018-external|2015-71|2015,reused_external_strict,10,120.0,2014-10-14,True,2.0,0.0,0.0,0.0,False,False,False,False
corteva-2014-2018-external|2015-72|2015,reused_external_strict,10,120.0,2014-11-13,True,2.0,0.0,0.0,0.0,False,False,False,False
corteva-2014-2018-external|2015-73|2015,reused_external_strict,10,120.0,2014-10-11,True,2.0,0.0,0.0,0.0,False,False,False,False
corteva-2014-2018-external|2015-74|2015,reused_external_strict,10,120.0,2014-11-13,True,2.0,0.0,0.0,0.0,False,False,False,False
corteva-2014-2018-external|2015-75|2015,reused_external_strict,10,120.0,2014-11-14,True,2.0,0.0,0.0,0.0,False,False,False,False
corteva-2014-2018-external|2015-76|2015,reused_external_strict,10,120.0,2014-10-13,True,2.0,0.0,0.0,0.0,False,False,False,False
corteva-2014-2018-external|2015-77|2015,reused_external_strict,10,120.0,2014-11-14,True,2.0,0.0,0.0,0.0,False,False,False,False
corteva-2014-2018-external|2015-78|2015,reused_external_strict,10,120.0,2014-11-18,True,2.0,0.0,0.0,0.0,False,False,False,False
corteva-2014-2018-external|2016-100|2016,reused_external_strict,10,120.0,2015-11-14,True,2.0,0.0,0.0,0.0,False,False,False,False
corteva-2014-2018-external|2016-101|2016,reused_external_strict,10,120.0,2015-10-20,True,2.0,0.0,0.0,0.0,False,False,False,False
corteva-2014-2018-external|2016-102|2016,reused_external_strict,10,120.0,2015-10-17,True,2.0,0.0,0.0,0.0,False,False,False,False
corteva-2014-2018-external|2016-103|2016,reused_external_strict,10,120.0,2015-11-10,True,2.0,0.0,0.0,0.0,False,False,False,False
corteva-2014-2018-external|2016-104|2016,reused_external_strict,10,120.0,2015-10-21,True,2.0,0.0,0.0,0.0,False,False,False,False
corteva-2014-2018-external|2016-105|2016,reused_external_strict,10,120.0,2015-11-13,True,2.0,0.0,0.0,0.0,False,False,False,False
corteva-2014-2018-external|2016-106|2016,reused_external_strict,10,120.0,2015-11-11,True,2.0,0.0,0.0,0.0,False,False,False,False
corteva-2014-2018-external|2016-107|2016,reused_external_strict,10,120.0,2015-11-12,True,2.0,0.0,0.0,0.0,False,False,False,False
corteva-2014-2018-external|2016-108|2016,reused_external_strict,10,120.0,2015-11-14,True,2.0,0.0,0.0,0.0,False,False,False,False
corteva-2014-2018-external|2016-109|2016,reused_external_strict,10,120.0,2015-11-11,True,2.0,0.0,0.0,0.0,False,False,False,False
corteva-2014-2018-external|2016-110|2016,reused_external_strict,10,120.0,2015-11-11,True,2.0,0.0,0.0,0.0,False,False,False,False
corteva-2014-2018-external|2016-111|2016,reused_external_strict,10,120.0,2015-11-14,True,2.0,0.0,0.0,0.0,False,False,False,False
corteva-2014-2018-external|2016-113|2016,reused_external_strict,10,120.0,2015-10-13,True,2.0,0.0,0.0,0.0,False,False,False,False
corteva-2014-2018-external|2016-115|2016,reused_external_strict,10,120.0,2015-11-11,True,2.0,0.0,0.0,0.0,False,False,False,False
corteva-2014-2018-external|2016-116|2016,reused_external_strict,10,120.0,2015-11-11,True,2.0,0.0,0.0,0.0,False,False,False,False
corteva-2014-2018-external|2016-79|2016,reused_external_strict,10,120.0,2015-11-11,True,2.0,0.0,0.0,0.0,False,False,False,False
corteva-2014-2018-external|2016-80|2016,reused_external_strict,10,120.0,2015-10-15,True,2.0,0.0,0.0,0.0,False,False,False,False
corteva-2014-2018-external|2016-81|2016,reused_external_strict,10,120.0,2015-11-11,True,2.0,0.0,0.0,0.0,False,False,False,False
corteva-2014-2018-external|2016-89|2016,reused_external_strict,10,120.0,2015-10-15,True,2.0,0.0,0.0,0.0,False,False,False,False
corteva-2014-2018-external|2016-90|2016,reused_external_strict,10,120.0,2015-11-10,True,2.0,0.0,0.0,0.0,False,False,False,False
corteva-2014-2018-external|2016-91|2016,reused_external_strict,10,120.0,2015-11-11,True,2.0,0.0,0.0,0.0,False,False,False,False
corteva-2014-2018-external|2016-92|2016,reused_external_strict,10,120.0,2015-11-10,True,2.0,0.0,0.0,0.0,False,False,False,False
corteva-2014-2018-external|2016-93|2016,reused_external_strict,10,120.0,2015-10-14,True,2.0,0.0,0.0,0.0,False,False,False,False
corteva-2014-2018-external|2016-94|2016,reused_external_strict,10,120.0,2015-11-11,True,2.0,0.0,0.0,0.0,False,False,False,False
corteva-2014-2018-external|2016-96|2016,reused_external_strict,10,120.0,2015-11-09,True,2.0,0.0,0.0,0.0,False,False,False,False
corteva-2014-2018-external|2016-97|2016,reused_external_strict,10,120.0,2015-11-11,True,2.0,0.0,0.0,0.0,False,False,False,False
corteva-2014-2018-external|2016-98|2016,reused_external_strict,10,120.0,2015-11-10,True,2.0,0.0,0.0,0.0,False,False,False,False
corteva-2014-2018-external|2016-99|2016,reused_external_strict,10,120.0,2015-11-11,True,2.0,0.0,0.0,0.0,False,False,False,False
corteva-2014-2018-external|2017-117|2017,reused_external_strict,10,120.0,2016-11-16,True,2.0,0.0,0.0,0.0,False,False,False,False
corteva-2014-2018-external|2017-118|2017,reused_external_strict,10,120.0,2016-11-19,True,2.0,0.0,0.0,0.0,False,False,False,False
corteva-2014-2018-external|2017-119|2017,reused_external_strict,10,120.0,2016-11-01,True,2.0,0.0,0.0,0.0,False,False,False,False
corteva-2014-2018-external|2017-121|2017,reused_external_strict,10,120.0,2016-11-15,True,2.0,0.0,0.0,0.0,False,False,False,False
corteva-2014-2018-external|2017-126|2017,reused_external_strict,10,120.0,2016-11-19,True,2.0,0.0,0.0,0.0,False,False,False,False
corteva-2014-2018-external|2017-130|2017,reused_external_strict,10,120.0,2016-10-13,True,2.0,0.0,0.0,0.0,False,False,False,False
corteva-2014-2018-external|2017-131|2017,reused_external_strict,10,120.0,2016-11-16,True,2.0,0.0,0.0,0.0,False,False,False,False
corteva-2014-2018-external|2017-132|2017,reused_external_strict,10,120.0,2016-11-19,True,2.0,0.0,0.0,0.0,False,False,False,False
corteva-2014-2018-external|2017-133|2017,reused_external_strict,10,120.0,2016-10-13,True,2.0,0.0,0.0,0.0,False,False,False,False
corteva-2014-2018-external|2017-141|2017,reused_external_strict,10,120.0,2016-11-19,True,2.0,0.0,0.0,0.0,False,False,False,False
corteva-2014-2018-external|2017-142|2017,reused_external_strict,10,120.0,2016-10-14,True,2.0,0.0,0.0,0.0,False,False,False,False
corteva-2014-2018-external|2017-144|2017,reused_external_strict,10,120.0,2016-11-18,True,2.0,0.0,0.0,0.0,False,False,False,False
corteva-2014-2018-external|2017-145|2017,reused_external_strict,10,120.0,2016-11-17,True,2.0,0.0,0.0,0.0,False,False,False,False
corteva-2014-2018-external|2017-146|2017,reused_external_strict,10,120.0,2016-10-19,True,2.0,0.0,0.0,0.0,False,False,False,False
corteva-2014-2018-external|2017-147|2017,reused_external_strict,10,120.0,2016-10-13,True,2.0,0.0,0.0,0.0,False,False,False,False
corteva-2014-2018-external|2017-148|2017,reused_external_strict,10,120.0,2016-10-27,True,2.0,0.0,0.0,0.0,False,False,False,False
corteva-2014-2018-external|2017-149|2017,reused_external_strict,10,120.0,2016-11-18,True,2.0,0.0,0.0,0.0,False,False,False,False
corteva-2014-2018-external|2017-150|2017,reused_external_strict,10,120.0,2016-11-19,True,2.0,0.0,0.0,0.0,False,False,False,False
corteva-2014-2018-external|2017-151|2017,reused_external_strict,10,120.0,2016-10-27,True,2.0,0.0,0.0,0.0,False,False,False,False
corteva-2014-2018-external|2017-152|2017,reused_external_strict,10,120.0,2016-11-16,True,2.0,0.0,0.0,0.0,False,False,False,False
corteva-2014-2018-external|2017-153|2017,reused_external_strict,10,120.0,2016-11-21,True,2.0,0.0,0.0,0.0,False,False,False,False
corteva-2014-2018-external|2017-154|2017,reused_external_strict,10,120.0,2016-11-24,True,2.0,0.0,0.0,0.0,False,False,False,False
corteva-2014-2018-external|2018-157|2018,reused_external_strict,10,120.0,2017-11-19,True,2.0,0.0,0.0,0.0,False,False,False,False
corteva-2014-2018-external|2018-158|2018,reused_external_strict,10,120.0,2017-10-24,True,2.0,0.0,0.0,0.0,False,False,False,False
corteva-2014-2018-external|2018-159|2018,reused_external_strict,10,120.0,2017-10-13,True,2.0,0.0,0.0,0.0,False,False,False,False
corteva-2014-2018-external|2018-160|2018,reused_external_strict,10,120.0,2017-10-13,True,2.0,0.0,0.0,0.0,False,False,False,False
corteva-2014-2018-external|2018-161|2018,reused_external_strict,10,120.0,2017-11-15,True,2.0,0.0,0.0,0.0,False,False,False,False
corteva-2014-2018-external|2018-162|2018,reused_external_strict,10,120.0,2017-10-12,True,2.0,0.0,0.0,0.0,False,False,False,False
corteva-2014-2018-external|2018-163|2018,reused_external_strict,10,120.0,2017-10-13,True,2.0,0.0,0.0,0.0,False,False,False,False
corteva-2014-2018-external|2018-164|2018,reused_external_strict,10,120.0,2017-10-12,True,2.0,0.0,0.0,0.0,False,False,False,False
corteva-2014-2018-external|2018-165|2018,reused_external_strict,10,120.0,2017-10-12,True,2.0,0.0,0.0,0.0,False,False,False,False
corteva-2014-2018-external|2018-166|2018,reused_external_strict,10,120.0,2017-11-18,True,2.0,0.0,0.0,0.0,False,False,False,False
corteva-2014-2018-external|2018-167|2018,reused_external_strict,10,120.0,2017-11-19,True,2.0,0.0,0.0,0.0,False,False,False,False
corteva-2014-2018-external|2018-168|2018,reused_external_strict,10,120.0,2017-11-19,True,2.0,0.0,0.0,0.0,False,False,False,False
corteva-2014-2018-external|2018-169|2018,reused_external_strict,10,120.0,2017-11-19,True,2.0,0.0,0.0,0.0,False,False,False,False
corteva-2014-2018-external|2018-170|2018,reused_external_strict,10,120.0,2017-11-20,True,2.0,0.0,0.0,0.0,False,False,False,False
corteva-2014-2018-external|2018-171|2018,reused_external_strict,10,120.0,2017-11-17,True,2.0,0.0,0.0,0.0,False,False,False,False
corteva-2014-2018-external|2018-172|2018,reused_external_strict,10,120.0,2017-11-19,True,2.0,0.0,0.0,0.0,False,False,False,False
corteva-2014-2018-external|2018-173|2018,reused_external_strict,10,120.0,2017-11-18,True,2.0,0.0,0.0,0.0,False,False,False,False
corteva-2014-2018-external|2018-174|2018,reused_external_strict,10,120.0,2017-11-11,True,2.0,0.0,0.0,0.0,False,False,False,False
corteva-2014-2018-external|2018-175|2018,reused_external_strict,10,120.0,2017-11-18,True,2.0,0.0,0.0,0.0,False,False,False,False
corteva-2014-2018-external|2018-176|2018,reused_external_strict,10,120.0,2017-10-24,True,2.0,0.0,0.0,0.0,False,False,False,False
corteva-2014-2018-external|2018-177|2018,reused_external_strict,10,120.0,2017-10-16,True,2.0,0.0,0.0,0.0,False,False,False,False
corteva-2014-2018-external|2018-181|2018,reused_external_strict,10,120.0,2017-11-19,True,2.0,0.0,0.0,0.0,False,False,False,False
corteva-2014-2018-external|2018-182|2018,reused_external_strict,10,120.0,2017-11-20,True,2.0,0.0,0.0,0.0,False,False,False,False
corteva-2014-2018-external|2018-183|2018,reused_external_strict,10,120.0,2017-11-20,True,2.0,0.0,0.0,0.0,False,False,False,False
corteva-2014-2018-external|2018-184|2018,reused_external_strict,10,120.0,2017-10-13,True,2.0,0.0,0.0,0.0,False,False,False,False
corteva-2014-2018-external|2018-185|2018,reused_external_strict,10,120.0,2017-11-19,True,2.0,0.0,0.0,0.0,False,False,False,False
corteva-2014-2018-external|2018-186|2018,reused_external_strict,10,120.0,2017-11-18,True,2.0,0.0,0.0,0.0,False,False,False,False
corteva-2014-2018-external|2018-188|2018,reused_external_strict,10,120.0,2017-11-13,True,2.0,0.0,0.0,0.0,False,False,False,False
corteva-2014-2018-external|2018-189|2018,reused_external_strict,10,120.0,2017-11-11,True,2.0,0.0,0.0,0.0,False,False,False,False
corteva-2014-2018-external|2018-190|2018,reused_external_strict,10,120.0,2017-10-12,True,2.0,0.0,0.0,0.0,False,False,False,False
corteva-2014-2018-external|2018-191|2018,reused_external_strict,10,120.0,2017-10-13,True,2.0,0.0,0.0,0.0,False,False,False,False
corteva-2014-2018-external|2018-193|2018,reused_external_strict,10,120.0,2017-11-20,True,2.0,0.0,0.0,0.0,False,False,False,False
corteva-2014-2018-external|2018-194|2018,reused_external_strict,10,120.0,2017-11-19,True,2.0,0.0,0.0,0.0,False,False,False,False
corteva-2014-2018-external|2018-195|2018,reused_external_strict,10,120.0,2017-11-19,True,2.0,0.0,0.0,0.0,False,False,False,False
corteva-2014-2018-external|2018-196|2018,reused_external_strict,10,120.0,2017-10-14,True,2.0,0.0,0.0,0.0,False,False,False,False
corteva-2014-2018-external|2018-197|2018,reused_external_strict,10,120.0,2017-11-20,True,2.0,0.0,0.0,0.0,False,False,False,False
corteva-2014-2018-external|2018-198|2018,reused_external_strict,10,120.0,2017-11-18,True,2.0,0.0,0.0,0.0,False,False,False,False
corteva-2014-2018-external|2014-1|2014,reused_external_strict,31,120.0,2014-04-13,True,5.0,4.0,1.0,0.0,False,False,False,False
corteva-2014-2018-external|2014-10|2014,reused_external_strict,31,120.0,2014-04-13,True,5.0,4.0,1.0,0.0,False,False,False,False
corteva-2014-2018-external|2014-11|2014,reused_external_strict,31,120.0,2014-04-25,True,5.0,4.0,1.0,0.0,False,False,False,False
corteva-2014-2018-external|2014-12|2014,reused_external_strict,31,120.0,2014-04-13,True,5.0,4.0,1.0,0.0,False,False,False,False
corteva-2014-2018-external|2014-13|2014,reused_external_strict,31,120.0,2014-04-20,True,5.0,4.0,1.0,0.0,False,False,False,False
corteva-2014-2018-external|2014-14|2014,reused_external_strict,31,120.0,2014-04-13,True,5.0,4.0,1.0,0.0,False,False,False,False
corteva-2014-2018-external|2014-15|2014,reused_external_strict,31,120.0,2014-04-13,True,5.0,4.0,1.0,0.0,False,False,False,False
corteva-2014-2018-external|2014-16|2014,reused_external_strict,31,120.0,2014-03-31,True,5.0,4.0,1.0,0.0,False,False,False,False
corteva-2014-2018-external|2014-17|2014,reused_external_strict,31,120.0,2014-04-13,True,5.0,4.0,1.0,0.0,False,False,False,False
corteva-2014-2018-external|2014-2|2014,reused_external_strict,31,120.0,2014-03-29,True,5.0,4.0,1.0,0.0,False,False,False,False
corteva-2014-2018-external|2014-23|2014,reused_external_strict,31,120.0,2014-04-20,True,5.0,4.0,1.0,0.0,False,False,False,False
corteva-2014-2018-external|2014-24|2014,reused_external_strict,31,120.0,2014-04-25,True,5.0,4.0,1.0,0.0,False,False,False,False
corteva-2014-2018-external|2014-25|2014,reused_external_strict,31,120.0,2014-03-31,True,5.0,4.0,1.0,0.0,False,False,False,False
corteva-2014-2018-external|2014-26|2014,reused_external_strict,31,120.0,2014-04-06,True,5.0,4.0,1.0,0.0,False,False,False,False
corteva-2014-2018-external|2014-3|2014,reused_external_strict,31,120.0,2014-04-13,True,5.0,4.0,1.0,0.0,False,False,False,False
corteva-2014-2018-external|2014-34|2014,reused_external_strict,31,120.0,2014-04-20,True,5.0,4.0,1.0,0.0,False,False,False,False
corteva-2014-2018-external|2014-35|2014,reused_external_strict,31,120.0,2014-03-31,True,5.0,4.0,1.0,0.0,False,False,False,False
corteva-2014-2018-external|2014-36|2014,reused_external_strict,31,120.0,2014-04-13,True,5.0,4.0,1.0,0.0,False,False,False,False
corteva-2014-2018-external|2014-37|2014,reused_external_strict,31,120.0,2014-04-25,True,5.0,4.0,1.0,0.0,False,False,False,False
corteva-2014-2018-external|2014-38|2014,reused_external_strict,31,120.0,2014-04-16,True,5.0,4.0,1.0,0.0,False,False,False,False
corteva-2014-2018-external|2014-39|2014,reused_external_strict,31,120.0,2014-04-11,True,5.0,4.0,1.0,0.0,False,False,False,False
corteva-2014-2018-external|2014-4|2014,reused_external_strict,31,120.0,2014-04-04,True,5.0,4.0,1.0,0.0,False,False,False,False
corteva-2014-2018-external|2014-5|2014,reused_external_strict,31,120.0,2014-04-13,True,5.0,4.0,1.0,0.0,False,False,False,False
corteva-2014-2018-external|2014-9|2014,reused_external_strict,31,120.0,2014-04-16,True,5.0,4.0,1.0,0.0,False,False,False,False
corteva-2014-2018-external|2015-41|2015,reused_external_strict,31,120.0,2015-04-22,True,5.0,4.0,1.0,0.0,False,False,False,False
corteva-2014-2018-external|2015-42|2015,reused_external_strict,31,120.0,2015-04-11,True,5.0,4.0,1.0,0.0,False,False,False,False
corteva-2014-2018-external|2015-43|2015,reused_external_strict,31,120.0,2015-04-21,True,5.0,4.0,1.0,0.0,False,False,False,False
corteva-2014-2018-external|2015-44|2015,reused_external_strict,31,120.0,2015-04-22,True,5.0,4.0,1.0,0.0,False,False,False,False
corteva-2014-2018-external|2015-48|2015,reused_external_strict,31,120.0,2015-04-24,True,5.0,4.0,1.0,0.0,False,False,False,False
corteva-2014-2018-external|2015-49|2015,reused_external_strict,31,120.0,2015-04-09,True,5.0,4.0,1.0,0.0,False,False,False,False
corteva-2014-2018-external|2015-50|2015,reused_external_strict,31,120.0,2015-04-20,True,5.0,4.0,1.0,0.0,False,False,False,False
corteva-2014-2018-external|2015-53|2015,reused_external_strict,31,120.0,2015-04-22,True,5.0,4.0,1.0,0.0,False,False,False,False
corteva-2014-2018-external|2015-54|2015,reused_external_strict,31,120.0,2015-04-23,True,5.0,4.0,1.0,0.0,False,False,False,False
corteva-2014-2018-external|2015-55|2015,reused_external_strict,31,120.0,2015-04-30,True,5.0,4.0,1.0,0.0,False,False,False,False
corteva-2014-2018-external|2015-56|2015,reused_external_strict,31,120.0,2015-04-19,True,5.0,4.0,1.0,0.0,False,False,False,False
corteva-2014-2018-external|2015-57|2015,reused_external_strict,31,120.0,2015-05-01,True,5.0,4.0,1.0,0.0,False,False,False,False
corteva-2014-2018-external|2015-58|2015,reused_external_strict,31,120.0,2015-05-19,True,5.0,4.0,1.0,0.0,False,False,False,False
corteva-2014-2018-external|2015-60|2015,reused_external_strict,31,120.0,2015-05-14,True,5.0,4.0,1.0,0.0,False,False,False,False
corteva-2014-2018-external|2015-61|2015,reused_external_strict,31,120.0,2015-04-23,True,5.0,4.0,1.0,0.0,False,False,False,False
corteva-2014-2018-external|2015-62|2015,reused_external_strict,31,120.0,2015-04-20,True,5.0,4.0,1.0,0.0,False,False,False,False
corteva-2014-2018-external|2015-63|2015,reused_external_strict,31,120.0,2015-04-30,True,5.0,4.0,1.0,0.0,False,False,False,False
corteva-2014-2018-external|2015-64|2015,reused_external_strict,31,120.0,2015-04-20,True,5.0,4.0,1.0,0.0,False,False,False,False
corteva-2014-2018-external|2015-65|2015,reused_external_strict,31,120.0,2015-04-16,True,5.0,4.0,1.0,0.0,False,False,False,False
corteva-2014-2018-external|2015-66|2015,reused_external_strict,31,120.0,2015-04-09,True,5.0,4.0,1.0,0.0,False,False,False,False
corteva-2014-2018-external|2015-67|2015,reused_external_strict,31,120.0,2015-04-20,True,5.0,4.0,1.0,0.0,False,False,False,False
corteva-2014-2018-external|2015-68|2015,reused_external_strict,31,120.0,2015-04-25,True,5.0,4.0,1.0,0.0,False,False,False,False
corteva-2014-2018-external|2015-69|2015,reused_external_strict,31,120.0,2015-04-18,True,5.0,4.0,1.0,0.0,False,False,False,False
corteva-2014-2018-external|2015-70|2015,reused_external_strict,31,120.0,2015-05-13,True,5.0,4.0,1.0,0.0,False,False,False,False
corteva-2014-2018-external|2015-71|2015,reused_external_strict,31,120.0,2015-05-12,True,5.0,4.0,1.0,0.0,False,False,False,False
corteva-2014-2018-external|2015-72|2015,reused_external_strict,31,120.0,2015-04-19,True,5.0,4.0,1.0,0.0,False,False,False,False
corteva-2014-2018-external|2015-73|2015,reused_external_strict,31,120.0,2015-04-21,True,5.0,4.0,1.0,0.0,False,False,False,False
corteva-2014-2018-external|2015-74|2015,reused_external_strict,31,120.0,2015-04-19,True,5.0,4.0,1.0,0.0,False,False,False,False
corteva-2014-2018-external|2015-75|2015,reused_external_strict,31,120.0,2015-04-21,True,5.0,4.0,1.0,0.0,False,False,False,False
corteva-2014-2018-external|2015-76|2015,reused_external_strict,31,120.0,2015-04-21,True,5.0,4.0,1.0,0.0,False,False,False,False
corteva-2014-2018-external|2015-77|2015,reused_external_strict,31,120.0,2015-04-17,True,5.0,4.0,1.0,0.0,False,False,False,False
corteva-2014-2018-external|2015-78|2015,reused_external_strict,31,120.0,2015-04-23,True,5.0,4.0,1.0,0.0,False,False,False,False
corteva-2014-2018-external|2016-100|2016,reused_external_strict,31,120.0,2016-04-24,True,5.0,4.0,1.0,0.0,False,False,False,False
corteva-2014-2018-external|2016-101|2016,reused_external_strict,31,120.0,2016-04-20,True,5.0,4.0,1.0,0.0,False,False,False,False
corteva-2014-2018-external|2016-102|2016,reused_external_strict,31,120.0,2016-04-17,True,5.0,4.0,1.0,0.0,False,False,False,False
corteva-2014-2018-external|2016-103|2016,reused_external_strict,31,120.0,2016-04-01,True,5.0,4.0,1.0,0.0,False,False,False,False
corteva-2014-2018-external|2016-104|2016,reused_external_strict,31,120.0,2016-04-24,True,5.0,4.0,1.0,0.0,False,False,False,False
corteva-2014-2018-external|2016-105|2016,reused_external_strict,31,120.0,2016-05-03,True,5.0,4.0,1.0,0.0,False,False,False,False
corteva-2014-2018-external|2016-106|2016,reused_external_strict,31,120.0,2016-04-09,True,5.0,4.0,1.0,0.0,False,False,False,False
corteva-2014-2018-external|2016-107|2016,reused_external_strict,31,120.0,2016-04-18,True,5.0,4.0,1.0,0.0,False,False,False,False
corteva-2014-2018-external|2016-108|2016,reused_external_strict,31,120.0,2016-04-21,True,5.0,4.0,1.0,0.0,False,False,False,False
corteva-2014-2018-external|2016-109|2016,reused_external_strict,31,120.0,2016-04-12,True,5.0,4.0,1.0,0.0,False,False,False,False
corteva-2014-2018-external|2016-110|2016,reused_external_strict,31,120.0,2016-04-13,True,5.0,4.0,1.0,0.0,False,False,False,False
corteva-2014-2018-external|2016-111|2016,reused_external_strict,31,120.0,2016-04-22,True,5.0,4.0,1.0,0.0,False,False,False,False
corteva-2014-2018-external|2016-113|2016,reused_external_strict,31,120.0,2016-04-08,True,5.0,4.0,1.0,0.0,False,False,False,False
corteva-2014-2018-external|2016-115|2016,reused_external_strict,31,120.0,2016-04-15,True,5.0,4.0,1.0,0.0,False,False,False,False
corteva-2014-2018-external|2016-116|2016,reused_external_strict,31,120.0,2016-04-16,True,5.0,4.0,1.0,0.0,False,False,False,False
corteva-2014-2018-external|2016-79|2016,reused_external_strict,31,120.0,2016-04-16,True,5.0,4.0,1.0,0.0,False,False,False,False
corteva-2014-2018-external|2016-80|2016,reused_external_strict,31,120.0,2016-04-21,True,5.0,4.0,1.0,0.0,False,False,False,False
corteva-2014-2018-external|2016-81|2016,reused_external_strict,31,120.0,2016-04-16,True,5.0,4.0,1.0,0.0,False,False,False,False
corteva-2014-2018-external|2016-89|2016,reused_external_strict,31,120.0,2016-04-21,True,5.0,4.0,1.0,0.0,False,False,False,False
corteva-2014-2018-external|2016-90|2016,reused_external_strict,31,120.0,2016-04-06,True,5.0,4.0,1.0,0.0,False,False,False,False
corteva-2014-2018-external|2016-91|2016,reused_external_strict,31,120.0,2016-04-16,True,5.0,4.0,1.0,0.0,False,False,False,False
corteva-2014-2018-external|2016-92|2016,reused_external_strict,31,120.0,2016-04-10,True,5.0,4.0,1.0,0.0,False,False,False,False
corteva-2014-2018-external|2016-93|2016,reused_external_strict,31,120.0,2016-04-19,True,5.0,4.0,1.0,0.0,False,False,False,False
corteva-2014-2018-external|2016-94|2016,reused_external_strict,31,120.0,2016-04-16,True,5.0,4.0,1.0,0.0,False,False,False,False
corteva-2014-2018-external|2016-96|2016,reused_external_strict,31,120.0,2016-04-03,True,5.0,4.0,1.0,0.0,False,False,False,False
corteva-2014-2018-external|2016-97|2016,reused_external_strict,31,120.0,2016-04-16,True,5.0,4.0,1.0,0.0,False,False,False,False
corteva-2014-2018-external|2016-98|2016,reused_external_strict,31,120.0,2016-04-04,True,5.0,4.0,1.0,0.0,False,False,False,False
corteva-2014-2018-external|2016-99|2016,reused_external_strict,31,120.0,2016-04-16,True,5.0,4.0,1.0,0.0,False,False,False,False
corteva-2014-2018-external|2017-117|2017,reused_external_strict,31,120.0,2017-04-03,True,5.0,4.0,1.0,0.0,False,False,False,False
corteva-2014-2018-external|2017-118|2017,reused_external_strict,31,120.0,2017-04-13,True,5.0,4.0,1.0,0.0,False,False,False,False
corteva-2014-2018-external|2017-119|2017,reused_external_strict,31,120.0,2017-05-01,True,5.0,4.0,1.0,0.0,False,False,False,False
corteva-2014-2018-external|2017-121|2017,reused_external_strict,31,120.0,2017-04-01,True,5.0,4.0,1.0,0.0,False,False,False,False
corteva-2014-2018-external|2017-126|2017,reused_external_strict,31,120.0,2017-04-13,True,5.0,4.0,1.0,0.0,False,False,False,False
corteva-2014-2018-external|2017-130|2017,reused_external_strict,31,120.0,2017-04-15,True,5.0,4.0,1.0,0.0,False,False,False,False
corteva-2014-2018-external|2017-131|2017,reused_external_strict,31,120.0,2017-04-06,True,5.0,4.0,1.0,0.0,False,False,False,False
corteva-2014-2018-external|2017-132|2017,reused_external_strict,31,120.0,2017-04-13,True,5.0,4.0,1.0,0.0,False,False,False,False
corteva-2014-2018-external|2017-133|2017,reused_external_strict,31,120.0,2017-04-23,True,5.0,4.0,1.0,0.0,False,False,False,False
corteva-2014-2018-external|2017-141|2017,reused_external_strict,31,120.0,2017-04-13,True,5.0,4.0,1.0,0.0,False,False,False,False
corteva-2014-2018-external|2017-142|2017,reused_external_strict,31,120.0,2017-04-15,True,5.0,4.0,1.0,0.0,False,False,False,False
corteva-2014-2018-external|2017-144|2017,reused_external_strict,31,120.0,2017-04-11,True,5.0,4.0,1.0,0.0,False,False,False,False
corteva-2014-2018-external|2017-145|2017,reused_external_strict,31,120.0,2017-04-11,True,5.0,4.0,1.0,0.0,False,False,False,False
corteva-2014-2018-external|2017-146|2017,reused_external_strict,31,120.0,2017-04-29,True,5.0,4.0,1.0,0.0,False,False,False,False
corteva-2014-2018-external|2017-147|2017,reused_external_strict,31,120.0,2017-04-15,True,5.0,4.0,1.0,0.0,False,False,False,False
corteva-2014-2018-external|2017-148|2017,reused_external_strict,31,120.0,2017-05-06,True,5.0,4.0,1.0,0.0,False,False,False,False
corteva-2014-2018-external|2017-149|2017,reused_external_strict,31,120.0,2017-04-12,True,5.0,4.0,1.0,0.0,False,False,False,False
corteva-2014-2018-external|2017-150|2017,reused_external_strict,31,120.0,2017-04-13,True,5.0,4.0,1.0,0.0,False,False,False,False
corteva-2014-2018-external|2017-151|2017,reused_external_strict,31,120.0,2017-05-06,True,5.0,4.0,1.0,0.0,False,False,False,False
corteva-2014-2018-external|2017-152|2017,reused_external_strict,31,120.0,2017-04-08,True,5.0,4.0,1.0,0.0,False,False,False,False
corteva-2014-2018-external|2017-153|2017,reused_external_strict,31,120.0,2017-04-20,True,5.0,4.0,1.0,0.0,False,False,False,False
corteva-2014-2018-external|2017-154|2017,reused_external_strict,31,120.0,2017-04-14,True,5.0,4.0,1.0,0.0,False,False,False,False
corteva-2014-2018-external|2018-157|2018,reused_external_strict,31,120.0,2018-04-18,True,5.0,4.0,1.0,0.0,False,False,False,False
corteva-2014-2018-external|2018-158|2018,reused_external_strict,31,120.0,2018-05-07,True,5.0,4.0,1.0,0.0,False,False,False,False
corteva-2014-2018-external|2018-159|2018,reused_external_strict,31,120.0,2018-04-25,True,5.0,4.0,1.0,0.0,False,False,False,False
corteva-2014-2018-external|2018-160|2018,reused_external_strict,31,120.0,2018-04-25,True,5.0,4.0,1.0,0.0,False,False,False,False
corteva-2014-2018-external|2018-161|2018,reused_external_strict,31,120.0,2018-04-19,True,5.0,4.0,1.0,0.0,False,False,False,False
corteva-2014-2018-external|2018-162|2018,reused_external_strict,31,120.0,2018-04-16,True,5.0,4.0,1.0,0.0,False,False,False,False
corteva-2014-2018-external|2018-163|2018,reused_external_strict,31,120.0,2018-04-20,True,5.0,4.0,1.0,0.0,False,False,False,False
corteva-2014-2018-external|2018-164|2018,reused_external_strict,31,120.0,2018-04-19,True,5.0,4.0,1.0,0.0,False,False,False,False
corteva-2014-2018-external|2018-165|2018,reused_external_strict,31,120.0,2018-04-30,True,5.0,4.0,1.0,0.0,False,False,False,False
corteva-2014-2018-external|2018-166|2018,reused_external_strict,31,120.0,2018-04-22,True,5.0,4.0,1.0,0.0,False,False,False,False
corteva-2014-2018-external|2018-167|2018,reused_external_strict,31,120.0,2018-04-27,True,5.0,4.0,1.0,0.0,False,False,False,False
corteva-2014-2018-external|2018-168|2018,reused_external_strict,31,120.0,2018-04-27,True,5.0,4.0,1.0,0.0,False,False,False,False
corteva-2014-2018-external|2018-169|2018,reused_external_strict,31,120.0,2018-04-23,True,5.0,4.0,1.0,0.0,False,False,False,False
corteva-2014-2018-external|2018-170|2018,reused_external_strict,31,120.0,2018-04-18,True,5.0,4.0,1.0,0.0,False,False,False,False
corteva-2014-2018-external|2018-171|2018,reused_external_strict,31,120.0,2018-04-19,True,5.0,4.0,1.0,0.0,False,False,False,False
corteva-2014-2018-external|2018-172|2018,reused_external_strict,31,120.0,2018-04-27,True,5.0,4.0,1.0,0.0,False,False,False,False
corteva-2014-2018-external|2018-173|2018,reused_external_strict,31,120.0,2018-04-22,True,5.0,4.0,1.0,0.0,False,False,False,False
corteva-2014-2018-external|2018-174|2018,reused_external_strict,31,120.0,2018-03-15,True,5.0,4.0,1.0,0.0,False,False,False,False
corteva-2014-2018-external|2018-175|2018,reused_external_strict,31,120.0,2018-04-25,True,5.0,4.0,1.0,0.0,False,False,False,False
corteva-2014-2018-external|2018-176|2018,reused_external_strict,31,120.0,2018-05-07,True,5.0,4.0,1.0,0.0,False,False,False,False
corteva-2014-2018-external|2018-177|2018,reused_external_strict,31,120.0,2018-04-27,True,5.0,4.0,1.0,0.0,False,False,False,False
corteva-2014-2018-external|2018-181|2018,reused_external_strict,31,120.0,2018-04-19,True,5.0,4.0,1.0,0.0,False,False,False,False
corteva-2014-2018-external|2018-182|2018,reused_external_strict,31,120.0,2018-04-18,True,5.0,4.0,1.0,0.0,False,False,False,False
corteva-2014-2018-external|2018-183|2018,reused_external_strict,31,120.0,2018-04-18,True,5.0,4.0,1.0,0.0,False,False,False,False
corteva-2014-2018-external|2018-184|2018,reused_external_strict,31,120.0,2018-04-25,True,5.0,4.0,1.0,0.0,False,False,False,False
corteva-2014-2018-external|2018-185|2018,reused_external_strict,31,120.0,2018-04-23,True,5.0,4.0,1.0,0.0,False,False,False,False
corteva-2014-2018-external|2018-186|2018,reused_external_strict,31,120.0,2018-04-09,True,5.0,4.0,1.0,0.0,False,False,False,False
corteva-2014-2018-external|2018-188|2018,reused_external_strict,31,120.0,2018-03-28,True,5.0,4.0,1.0,0.0,False,False,False,False
corteva-2014-2018-external|2018-189|2018,reused_external_strict,31,120.0,2018-03-15,True,5.0,4.0,1.0,0.0,False,False,False,False
corteva-2014-2018-external|2018-190|2018,reused_external_strict,31,120.0,2018-04-30,True,5.0,4.0,1.0,0.0,False,False,False,False
corteva-2014-2018-external|2018-191|2018,reused_external_strict,31,120.0,2018-04-20,True,5.0,4.0,1.0,0.0,False,False,False,False
corteva-2014-2018-external|2018-193|2018,reused_external_strict,31,120.0,2018-04-28,True,5.0,4.0,1.0,0.0,False,False,False,False
corteva-2014-2018-external|2018-194|2018,reused_external_strict,31,120.0,2018-04-18,True,5.0,4.0,1.0,0.0,False,False,False,False
corteva-2014-2018-external|2018-195|2018,reused_external_strict,31,120.0,2018-04-23,True,5.0,4.0,1.0,0.0,False,False,False,False
corteva-2014-2018-external|2018-196|2018,reused_external_strict,31,120.0,2018-04-20,True,5.0,4.0,1.0,0.0,False,False,False,False
corteva-2014-2018-external|2018-197|2018,reused_external_strict,31,120.0,2018-04-28,True,5.0,4.0,1.0,0.0,False,False,False,False
corteva-2014-2018-external|2018-198|2018,reused_external_strict,31,120.0,2018-04-20,True,5.0,4.0,1.0,0.0,False,False,False,False
corteva-2014-2018-external|2014-1|2014,reused_external_strict,32,120.0,2014-04-24,True,6.0,5.0,2.0,1.0,False,False,False,False
corteva-2014-2018-external|2014-10|2014,reused_external_strict,32,120.0,2014-04-24,True,6.0,5.0,2.0,1.0,False,False,False,False
corteva-2014-2018-external|2014-11|2014,reused_external_strict,32,120.0,2014-05-05,True,6.0,5.0,2.0,1.0,False,False,False,False
corteva-2014-2018-external|2014-12|2014,reused_external_strict,32,120.0,2014-04-24,True,6.0,5.0,2.0,1.0,False,False,False,False
corteva-2014-2018-external|2014-13|2014,reused_external_strict,32,120.0,2014-04-29,True,6.0,5.0,2.0,1.0,False,False,False,False
corteva-2014-2018-external|2014-14|2014,reused_external_strict,32,120.0,2014-04-24,True,6.0,5.0,2.0,1.0,False,False,False,False
corteva-2014-2018-external|2014-15|2014,reused_external_strict,32,120.0,2014-04-24,True,6.0,5.0,2.0,1.0,False,False,False,False
corteva-2014-2018-external|2014-16|2014,reused_external_strict,32,120.0,2014-04-09,True,6.0,5.0,2.0,1.0,False,False,False,False
corteva-2014-2018-external|2014-17|2014,reused_external_strict,32,120.0,2014-04-24,True,6.0,5.0,2.0,1.0,False,False,False,False
corteva-2014-2018-external|2014-2|2014,reused_external_strict,32,120.0,2014-04-08,True,6.0,5.0,2.0,1.0,False,False,False,False
corteva-2014-2018-external|2014-23|2014,reused_external_strict,32,120.0,2014-04-30,True,6.0,5.0,2.0,1.0,False,False,False,False
corteva-2014-2018-external|2014-24|2014,reused_external_strict,32,120.0,2014-05-05,True,6.0,5.0,2.0,1.0,False,False,False,False
corteva-2014-2018-external|2014-25|2014,reused_external_strict,32,120.0,2014-04-09,True,6.0,5.0,2.0,1.0,False,False,False,False
corteva-2014-2018-external|2014-26|2014,reused_external_strict,32,120.0,2014-04-18,True,6.0,5.0,2.0,1.0,False,False,False,False
corteva-2014-2018-external|2014-3|2014,reused_external_strict,32,120.0,2014-04-24,True,6.0,5.0,2.0,1.0,False,False,False,False
corteva-2014-2018-external|2014-34|2014,reused_external_strict,32,120.0,2014-04-30,True,6.0,5.0,2.0,1.0,False,False,False,False
corteva-2014-2018-external|2014-35|2014,reused_external_strict,32,120.0,2014-04-10,True,6.0,5.0,2.0,1.0,False,False,False,False
corteva-2014-2018-external|2014-36|2014,reused_external_strict,32,120.0,2014-04-26,True,6.0,5.0,2.0,1.0,False,False,False,False
corteva-2014-2018-external|2014-37|2014,reused_external_strict,32,120.0,2014-05-05,True,6.0,5.0,2.0,1.0,False,False,False,False
corteva-2014-2018-external|2014-38|2014,reused_external_strict,32,120.0,2014-04-28,True,6.0,5.0,2.0,1.0,False,False,False,False
corteva-2014-2018-external|2014-39|2014,reused_external_strict,32,120.0,2014-04-23,True,6.0,5.0,2.0,1.0,False,False,False,False
corteva-2014-2018-external|2014-4|2014,reused_external_strict,32,120.0,2014-04-15,True,6.0,5.0,2.0,1.0,False,False,False,False
corteva-2014-2018-external|2014-5|2014,reused_external_strict,32,120.0,2014-04-24,True,6.0,5.0,2.0,1.0,False,False,False,False
corteva-2014-2018-external|2014-9|2014,reused_external_strict,32,120.0,2014-04-27,True,6.0,5.0,2.0,1.0,False,False,False,False
corteva-2014-2018-external|2015-41|2015,reused_external_strict,32,120.0,2015-05-04,True,6.0,5.0,2.0,1.0,False,False,False,False
corteva-2014-2018-external|2015-42|2015,reused_external_strict,32,120.0,2015-04-20,True,6.0,5.0,2.0,1.0,False,False,False,False
corteva-2014-2018-external|2015-43|2015,reused_external_strict,32,120.0,2015-05-01,True,6.0,5.0,2.0,1.0,False,False,False,False
corteva-2014-2018-external|2015-44|2015,reused_external_strict,32,120.0,2015-05-04,True,6.0,5.0,2.0,1.0,False,False,False,False
corteva-2014-2018-external|2015-48|2015,reused_external_strict,32,120.0,2015-05-05,True,6.0,5.0,2.0,1.0,False,False,False,False
corteva-2014-2018-external|2015-49|2015,reused_external_strict,32,120.0,2015-04-17,True,6.0,5.0,2.0,1.0,False,False,False,False
corteva-2014-2018-external|2015-50|2015,reused_external_strict,32,120.0,2015-05-03,True,6.0,5.0,2.0,1.0,False,False,False,False
corteva-2014-2018-external|2015-53|2015,reused_external_strict,32,120.0,2015-05-04,True,6.0,5.0,2.0,1.0,False,False,False,False
corteva-2014-2018-external|2015-54|2015,reused_external_strict,32,120.0,2015-05-07,True,6.0,5.0,2.0,1.0,False,False,False,False
corteva-2014-2018-external|2015-55|2015,reused_external_strict,32,120.0,2015-05-09,True,6.0,5.0,2.0,1.0,False,False,False,False
corteva-2014-2018-external|2015-56|2015,reused_external_strict,32,120.0,2015-04-30,True,6.0,5.0,2.0,1.0,False,False,False,False
corteva-2014-2018-external|2015-57|2015,reused_external_strict,32,120.0,2015-05-10,True,6.0,5.0,2.0,1.0,False,False,False,False
corteva-2014-2018-external|2015-58|2015,reused_external_strict,32,120.0,2015-05-28,True,6.0,5.0,2.0,1.0,False,False,False,False
corteva-2014-2018-external|2015-60|2015,reused_external_strict,32,120.0,2015-05-24,True,6.0,5.0,2.0,1.0,False,False,False,False
corteva-2014-2018-external|2015-61|2015,reused_external_strict,32,120.0,2015-05-01,True,6.0,5.0,2.0,1.0,False,False,False,False
corteva-2014-2018-external|2015-62|2015,reused_external_strict,32,120.0,2015-05-03,True,6.0,5.0,2.0,1.0,False,False,False,False
corteva-2014-2018-external|2015-63|2015,reused_external_strict,32,120.0,2015-05-09,True,6.0,5.0,2.0,1.0,False,False,False,False
corteva-2014-2018-external|2015-64|2015,reused_external_strict,32,120.0,2015-05-02,True,6.0,5.0,2.0,1.0,False,False,False,False
corteva-2014-2018-external|2015-65|2015,reused_external_strict,32,120.0,2015-04-28,True,6.0,5.0,2.0,1.0,False,False,False,False
corteva-2014-2018-external|2015-66|2015,reused_external_strict,32,120.0,2015-04-17,True,6.0,5.0,2.0,1.0,False,False,False,False
corteva-2014-2018-external|2015-67|2015,reused_external_strict,32,120.0,2015-05-03,True,6.0,5.0,2.0,1.0,False,False,False,False
corteva-2014-2018-external|2015-68|2015,reused_external_strict,32,120.0,2015-05-04,True,6.0,5.0,2.0,1.0,False,False,False,False
corteva-2014-2018-external|2015-69|2015,reused_external_strict,32,120.0,2015-04-28,True,6.0,5.0,2.0,1.0,False,False,False,False
corteva-2014-2018-external|2015-70|2015,reused_external_strict,32,120.0,2015-05-24,True,6.0,5.0,2.0,1.0,False,False,False,False
corteva-2014-2018-external|2015-71|2015,reused_external_strict,32,120.0,2015-05-22,True,6.0,5.0,2.0,1.0,False,False,False,False
corteva-2014-2018-external|2015-72|2015,reused_external_strict,32,120.0,2015-04-30,True,6.0,5.0,2.0,1.0,False,False,False,False
corteva-2014-2018-external|2015-73|2015,reused_external_strict,32,120.0,2015-05-01,True,6.0,5.0,2.0,1.0,False,False,False,False
corteva-2014-2018-external|2015-74|2015,reused_external_strict,32,120.0,2015-04-30,True,6.0,5.0,2.0,1.0,False,False,False,False
corteva-2014-2018-external|2015-75|2015,reused_external_strict,32,120.0,2015-05-03,True,6.0,5.0,2.0,1.0,False,False,False,False
corteva-2014-2018-external|2015-76|2015,reused_external_strict,32,120.0,2015-04-30,True,6.0,5.0,2.0,1.0,False,False,False,False
corteva-2014-2018-external|2015-77|2015,reused_external_strict,32,120.0,2015-04-29,True,6.0,5.0,2.0,1.0,False,False,False,False
corteva-2014-2018-external|2015-78|2015,reused_external_strict,32,120.0,2015-05-07,True,6.0,5.0,2.0,1.0,False,False,False,False
corteva-2014-2018-external|2016-100|2016,reused_external_strict,32,120.0,2016-05-07,True,6.0,5.0,2.0,1.0,False,False,False,False
corteva-2014-2018-external|2016-101|2016,reused_external_strict,32,120.0,2016-05-03,True,6.0,5.0,2.0,1.0,False,False,False,False
corteva-2014-2018-external|2016-102|2016,reused_external_strict,32,120.0,2016-05-03,True,6.0,5.0,2.0,1.0,False,False,False,False
corteva-2014-2018-external|2016-103|2016,reused_external_strict,32,120.0,2016-04-14,True,6.0,5.0,2.0,1.0,False,False,False,False
corteva-2014-2018-external|2016-104|2016,reused_external_strict,32,120.0,2016-05-06,True,6.0,5.0,2.0,1.0,False,False,False,False
corteva-2014-2018-external|2016-105|2016,reused_external_strict,32,120.0,2016-05-13,True,6.0,5.0,2.0,1.0,False,False,False,False
corteva-2014-2018-external|2016-106|2016,reused_external_strict,32,120.0,2016-04-21,True,6.0,5.0,2.0,1.0,False,False,False,False
corteva-2014-2018-external|2016-107|2016,reused_external_strict,32,120.0,2016-05-03,True,6.0,5.0,2.0,1.0,False,False,False,False
corteva-2014-2018-external|2016-108|2016,reused_external_strict,32,120.0,2016-05-04,True,6.0,5.0,2.0,1.0,False,False,False,False
corteva-2014-2018-external|2016-109|2016,reused_external_strict,32,120.0,2016-04-26,True,6.0,5.0,2.0,1.0,False,False,False,False
corteva-2014-2018-external|2016-110|2016,reused_external_strict,32,120.0,2016-04-27,True,6.0,5.0,2.0,1.0,False,False,False,False
corteva-2014-2018-external|2016-111|2016,reused_external_strict,32,120.0,2016-05-05,True,6.0,5.0,2.0,1.0,False,False,False,False
corteva-2014-2018-external|2016-113|2016,reused_external_strict,32,120.0,2016-04-20,True,6.0,5.0,2.0,1.0,False,False,False,False
corteva-2014-2018-external|2016-115|2016,reused_external_strict,32,120.0,2016-05-02,True,6.0,5.0,2.0,1.0,False,False,False,False
corteva-2014-2018-external|2016-116|2016,reused_external_strict,32,120.0,2016-05-02,True,6.0,5.0,2.0,1.0,False,False,False,False
corteva-2014-2018-external|2016-79|2016,reused_external_strict,32,120.0,2016-05-02,True,6.0,5.0,2.0,1.0,False,False,False,False
corteva-2014-2018-external|2016-80|2016,reused_external_strict,32,120.0,2016-05-06,True,6.0,5.0,2.0,1.0,False,False,False,False
corteva-2014-2018-external|2016-81|2016,reused_external_strict,32,120.0,2016-05-02,True,6.0,5.0,2.0,1.0,False,False,False,False
corteva-2014-2018-external|2016-89|2016,reused_external_strict,32,120.0,2016-05-06,True,6.0,5.0,2.0,1.0,False,False,False,False
corteva-2014-2018-external|2016-90|2016,reused_external_strict,32,120.0,2016-04-20,True,6.0,5.0,2.0,1.0,False,False,False,False
corteva-2014-2018-external|2016-91|2016,reused_external_strict,32,120.0,2016-05-02,True,6.0,5.0,2.0,1.0,False,False,False,False
corteva-2014-2018-external|2016-92|2016,reused_external_strict,32,120.0,2016-04-21,True,6.0,5.0,2.0,1.0,False,False,False,False
corteva-2014-2018-external|2016-93|2016,reused_external_strict,32,120.0,2016-05-04,True,6.0,5.0,2.0,1.0,False,False,False,False
corteva-2014-2018-external|2016-94|2016,reused_external_strict,32,120.0,2016-05-02,True,6.0,5.0,2.0,1.0,False,False,False,False
corteva-2014-2018-external|2016-96|2016,reused_external_strict,32,120.0,2016-04-15,True,6.0,5.0,2.0,1.0,False,False,False,False
corteva-2014-2018-external|2016-97|2016,reused_external_strict,32,120.0,2016-05-02,True,6.0,5.0,2.0,1.0,False,False,False,False
corteva-2014-2018-external|2016-98|2016,reused_external_strict,32,120.0,2016-04-16,True,6.0,5.0,2.0,1.0,False,False,False,False
corteva-2014-2018-external|2016-99|2016,reused_external_strict,32,120.0,2016-05-02,True,6.0,5.0,2.0,1.0,False,False,False,False
corteva-2014-2018-external|2017-117|2017,reused_external_strict,32,120.0,2017-04-13,True,6.0,5.0,2.0,1.0,False,False,False,False
corteva-2014-2018-external|2017-118|2017,reused_external_strict,32,120.0,2017-04-26,True,6.0,5.0,2.0,1.0,False,False,False,False
corteva-2014-2018-external|2017-119|2017,reused_external_strict,32,120.0,2017-05-12,True,6.0,5.0,2.0,1.0,False,False,False,False
corteva-2014-2018-external|2017-121|2017,reused_external_strict,32,120.0,2017-04-13,True,6.0,5.0,2.0,1.0,False,False,False,False
corteva-2014-2018-external|2017-126|2017,reused_external_strict,32,120.0,2017-04-26,True,6.0,5.0,2.0,1.0,False,False,False,False
corteva-2014-2018-external|2017-130|2017,reused_external_strict,32,120.0,2017-05-02,True,6.0,5.0,2.0,1.0,False,False,False,False
corteva-2014-2018-external|2017-131|2017,reused_external_strict,32,120.0,2017-04-16,True,6.0,5.0,2.0,1.0,False,False,False,False
corteva-2014-2018-external|2017-132|2017,reused_external_strict,32,120.0,2017-04-26,True,6.0,5.0,2.0,1.0,False,False,False,False
corteva-2014-2018-external|2017-133|2017,reused_external_strict,32,120.0,2017-05-07,True,6.0,5.0,2.0,1.0,False,False,False,False
corteva-2014-2018-external|2017-141|2017,reused_external_strict,32,120.0,2017-04-26,True,6.0,5.0,2.0,1.0,False,False,False,False
corteva-2014-2018-external|2017-142|2017,reused_external_strict,32,120.0,2017-05-01,True,6.0,5.0,2.0,1.0,False,False,False,False
corteva-2014-2018-external|2017-144|2017,reused_external_strict,32,120.0,2017-04-25,True,6.0,5.0,2.0,1.0,False,False,False,False
corteva-2014-2018-external|2017-145|2017,reused_external_strict,32,120.0,2017-04-23,True,6.0,5.0,2.0,1.0,False,False,False,False
corteva-2014-2018-external|2017-146|2017,reused_external_strict,32,120.0,2017-05-11,True,6.0,5.0,2.0,1.0,False,False,False,False
corteva-2014-2018-external|2017-147|2017,reused_external_strict,32,120.0,2017-05-02,True,6.0,5.0,2.0,1.0,False,False,False,False
corteva-2014-2018-external|2017-148|2017,reused_external_strict,32,120.0,2017-05-16,True,6.0,5.0,2.0,1.0,False,False,False,False
corteva-2014-2018-external|2017-149|2017,reused_external_strict,32,120.0,2017-04-27,True,6.0,5.0,2.0,1.0,False,False,False,False
corteva-2014-2018-external|2017-150|2017,reused_external_strict,32,120.0,2017-04-26,True,6.0,5.0,2.0,1.0,False,False,False,False
corteva-2014-2018-external|2017-151|2017,reused_external_strict,32,120.0,2017-05-16,True,6.0,5.0,2.0,1.0,False,False,False,False
corteva-2014-2018-external|2017-152|2017,reused_external_strict,32,120.0,2017-04-21,True,6.0,5.0,2.0,1.0,False,False,False,False
corteva-2014-2018-external|2017-153|2017,reused_external_strict,32,120.0,2017-05-03,True,6.0,5.0,2.0,1.0,False,False,False,False
corteva-2014-2018-external|2017-154|2017,reused_external_strict,32,120.0,2017-04-27,True,6.0,5.0,2.0,1.0,False,False,False,False
corteva-2014-2018-external|2018-157|2018,reused_external_strict,32,120.0,2018-04-25,True,6.0,5.0,2.0,1.0,False,False,False,False
corteva-2014-2018-external|2018-158|2018,reused_external_strict,32,120.0,2018-05-14,True,6.0,5.0,2.0,1.0,False,False,False,False
corteva-2014-2018-external|2018-159|2018,reused_external_strict,32,120.0,2018-05-05,True,6.0,5.0,2.0,1.0,False,False,False,False
corteva-2014-2018-external|2018-160|2018,reused_external_strict,32,120.0,2018-05-05,True,6.0,5.0,2.0,1.0,False,False,False,False
corteva-2014-2018-external|2018-161|2018,reused_external_strict,32,120.0,2018-04-30,True,6.0,5.0,2.0,1.0,False,False,False,False
corteva-2014-2018-external|2018-162|2018,reused_external_strict,32,120.0,2018-04-22,True,6.0,5.0,2.0,1.0,False,False,False,False
corteva-2014-2018-external|2018-163|2018,reused_external_strict,32,120.0,2018-04-28,True,6.0,5.0,2.0,1.0,False,False,False,False
corteva-2014-2018-external|2018-164|2018,reused_external_strict,32,120.0,2018-04-27,True,6.0,5.0,2.0,1.0,False,False,False,False
corteva-2014-2018-external|2018-165|2018,reused_external_strict,32,120.0,2018-05-09,True,6.0,5.0,2.0,1.0,False,False,False,False
corteva-2014-2018-external|2018-166|2018,reused_external_strict,32,120.0,2018-05-04,True,6.0,5.0,2.0,1.0,False,False,False,False
corteva-2014-2018-external|2018-167|2018,reused_external_strict,32,120.0,2018-05-07,True,6.0,5.0,2.0,1.0,False,False,False,False
corteva-2014-2018-external|2018-168|2018,reused_external_strict,32,120.0,2018-05-07,True,6.0,5.0,2.0,1.0,False,False,False,False
corteva-2014-2018-external|2018-169|2018,reused_external_strict,32,120.0,2018-05-04,True,6.0,5.0,2.0,1.0,False,False,False,False
corteva-2014-2018-external|2018-170|2018,reused_external_strict,32,120.0,2018-04-25,True,6.0,5.0,2.0,1.0,False,False,False,False
corteva-2014-2018-external|2018-171|2018,reused_external_strict,32,120.0,2018-04-28,True,6.0,5.0,2.0,1.0,False,False,False,False
corteva-2014-2018-external|2018-172|2018,reused_external_strict,32,120.0,2018-05-07,True,6.0,5.0,2.0,1.0,False,False,False,False
corteva-2014-2018-external|2018-173|2018,reused_external_strict,32,120.0,2018-05-02,True,6.0,5.0,2.0,1.0,False,False,False,False
corteva-2014-2018-external|2018-174|2018,reused_external_strict,32,120.0,2018-03-28,True,6.0,5.0,2.0,1.0,False,False,False,False
corteva-2014-2018-external|2018-175|2018,reused_external_strict,32,120.0,2018-05-06,True,6.0,5.0,2.0,1.0,False,False,False,False
corteva-2014-2018-external|2018-176|2018,reused_external_strict,32,120.0,2018-05-14,True,6.0,5.0,2.0,1.0,False,False,False,False
corteva-2014-2018-external|2018-177|2018,reused_external_strict,32,120.0,2018-05-03,True,6.0,5.0,2.0,1.0,False,False,False,False
corteva-2014-2018-external|2018-181|2018,reused_external_strict,32,120.0,2018-04-26,True,6.0,5.0,2.0,1.0,False,False,False,False
corteva-2014-2018-external|2018-182|2018,reused_external_strict,32,120.0,2018-04-25,True,6.0,5.0,2.0,1.0,False,False,False,False
corteva-2014-2018-external|2018-183|2018,reused_external_strict,32,120.0,2018-04-25,True,6.0,5.0,2.0,1.0,False,False,False,False
corteva-2014-2018-external|2018-184|2018,reused_external_strict,32,120.0,2018-05-05,True,6.0,5.0,2.0,1.0,False,False,False,False
corteva-2014-2018-external|2018-185|2018,reused_external_strict,32,120.0,2018-05-04,True,6.0,5.0,2.0,1.0,False,False,False,False
corteva-2014-2018-external|2018-186|2018,reused_external_strict,32,120.0,2018-04-19,True,6.0,5.0,2.0,1.0,False,False,False,False
corteva-2014-2018-external|2018-188|2018,reused_external_strict,32,120.0,2018-04-07,True,6.0,5.0,2.0,1.0,False,False,False,False
corteva-2014-2018-external|2018-189|2018,reused_external_strict,32,120.0,2018-03-28,True,6.0,5.0,2.0,1.0,False,False,False,False
corteva-2014-2018-external|2018-190|2018,reused_external_strict,32,120.0,2018-05-09,True,6.0,5.0,2.0,1.0,False,False,False,False
corteva-2014-2018-external|2018-191|2018,reused_external_strict,32,120.0,2018-04-28,True,6.0,5.0,2.0,1.0,False,False,False,False
corteva-2014-2018-external|2018-193|2018,reused_external_strict,32,120.0,2018-05-08,True,6.0,5.0,2.0,1.0,False,False,False,False
corteva-2014-2018-external|2018-194|2018,reused_external_strict,32,120.0,2018-04-25,True,6.0,5.0,2.0,1.0,False,False,False,False
corteva-2014-2018-external|2018-195|2018,reused_external_strict,32,120.0,2018-05-04,True,6.0,5.0,2.0,1.0,False,False,False,False
corteva-2014-2018-external|2018-196|2018,reused_external_strict,32,120.0,2018-04-28,True,6.0,5.0,2.0,1.0,False,False,False,False
corteva-2014-2018-external|2018-197|2018,reused_external_strict,32,120.0,2018-05-08,True,6.0,5.0,2.0,1.0,False,False,False,False
corteva-2014-2018-external|2018-198|2018,reused_external_strict,32,120.0,2018-04-28,True,6.0,5.0,2.0,1.0,False,False,False,False
corteva-2014-2018-external|2014-1|2014,reused_external_strict,33,120.0,2014-04-27,True,6.0,5.0,2.0,1.0,False,False,False,False
corteva-2014-2018-external|2014-10|2014,reused_external_strict,33,120.0,2014-04-28,True,6.0,5.0,2.0,1.0,False,False,False,False
corteva-2014-2018-external|2014-11|2014,reused_external_strict,33,120.0,2014-05-08,True,6.0,5.0,2.0,1.0,False,False,False,False
corteva-2014-2018-external|2014-12|2014,reused_external_strict,33,120.0,2014-04-28,True,6.0,5.0,2.0,1.0,False,False,False,False
corteva-2014-2018-external|2014-13|2014,reused_external_strict,33,120.0,2014-05-02,True,6.0,5.0,2.0,1.0,False,False,False,False
corteva-2014-2018-external|2014-14|2014,reused_external_strict,33,120.0,2014-04-28,True,6.0,5.0,2.0,1.0,False,False,False,False
corteva-2014-2018-external|2014-15|2014,reused_external_strict,33,120.0,2014-04-28,True,6.0,5.0,2.0,1.0,False,False,False,False
corteva-2014-2018-external|2014-16|2014,reused_external_strict,33,120.0,2014-04-13,True,6.0,5.0,2.0,1.0,False,False,False,False
corteva-2014-2018-external|2014-17|2014,reused_external_strict,33,120.0,2014-04-28,True,6.0,5.0,2.0,1.0,False,False,False,False
corteva-2014-2018-external|2014-2|2014,reused_external_strict,33,120.0,2014-04-12,True,6.0,5.0,2.0,1.0,False,False,False,False
corteva-2014-2018-external|2014-23|2014,reused_external_strict,33,120.0,2014-05-03,True,6.0,5.0,2.0,1.0,False,False,False,False
corteva-2014-2018-external|2014-24|2014,reused_external_strict,33,120.0,2014-05-08,True,6.0,5.0,2.0,1.0,False,False,False,False
corteva-2014-2018-external|2014-25|2014,reused_external_strict,33,120.0,2014-04-13,True,6.0,5.0,2.0,1.0,False,False,False,False
corteva-2014-2018-external|2014-26|2014,reused_external_strict,33,120.0,2014-04-22,True,6.0,5.0,2.0,1.0,False,False,False,False
corteva-2014-2018-external|2014-3|2014,reused_external_strict,33,120.0,2014-04-28,True,6.0,5.0,2.0,1.0,False,False,False,False
corteva-2014-2018-external|2014-34|2014,reused_external_strict,33,120.0,2014-05-03,True,6.0,5.0,2.0,1.0,False,False,False,False
corteva-2014-2018-external|2014-35|2014,reused_external_strict,33,120.0,2014-04-13,True,6.0,5.0,2.0,1.0,False,False,False,False
corteva-2014-2018-external|2014-36|2014,reused_external_strict,33,120.0,2014-04-29,True,6.0,5.0,2.0,1.0,False,False,False,False
corteva-2014-2018-external|2014-37|2014,reused_external_strict,33,120.0,2014-05-08,True,6.0,5.0,2.0,1.0,False,False,False,False
corteva-2014-2018-external|2014-38|2014,reused_external_strict,33,120.0,2014-05-01,True,6.0,5.0,2.0,1.0,False,False,False,False
corteva-2014-2018-external|2014-39|2014,reused_external_strict,33,120.0,2014-04-26,True,6.0,5.0,2.0,1.0,False,False,False,False
corteva-2014-2018-external|2014-4|2014,reused_external_strict,33,120.0,2014-04-20,True,6.0,5.0,2.0,1.0,False,False,False,False
corteva-2014-2018-external|2014-5|2014,reused_external_strict,33,120.0,2014-04-28,True,6.0,5.0,2.0,1.0,False,False,False,False
corteva-2014-2018-external|2014-9|2014,reused_external_strict,33,120.0,2014-04-30,True,6.0,5.0,2.0,1.0,False,False,False,False
corteva-2014-2018-external|2015-41|2015,reused_external_strict,33,120.0,2015-05-06,True,6.0,5.0,2.0,1.0,False,False,False,False
corteva-2014-2018-external|2015-42|2015,reused_external_strict,33,120.0,2015-04-22,True,6.0,5.0,2.0,1.0,False,False,False,False
corteva-2014-2018-external|2015-43|2015,reused_external_strict,33,120.0,2015-05-04,True,6.0,5.0,2.0,1.0,False,False,False,False
corteva-2014-2018-external|2015-44|2015,reused_external_strict,33,120.0,2015-05-08,True,6.0,5.0,2.0,1.0,False,False,False,False
corteva-2014-2018-external|2015-48|2015,reused_external_strict,33,120.0,2015-05-07,True,6.0,5.0,2.0,1.0,False,False,False,False
corteva-2014-2018-external|2015-49|2015,reused_external_strict,33,120.0,2015-04-20,True,6.0,5.0,2.0,1.0,False,False,False,False
corteva-2014-2018-external|2015-50|2015,reused_external_strict,33,120.0,2015-05-05,True,6.0,5.0,2.0,1.0,False,False,False,False
corteva-2014-2018-external|2015-53|2015,reused_external_strict,33,120.0,2015-05-08,True,6.0,5.0,2.0,1.0,False,False,False,False
corteva-2014-2018-external|2015-54|2015,reused_external_strict,33,120.0,2015-05-10,True,6.0,5.0,2.0,1.0,False,False,False,False
corteva-2014-2018-external|2015-55|2015,reused_external_strict,33,120.0,2015-05-11,True,6.0,5.0,2.0,1.0,False,False,False,False
corteva-2014-2018-external|2015-56|2015,reused_external_strict,33,120.0,2015-05-03,True,6.0,5.0,2.0,1.0,False,False,False,False
corteva-2014-2018-external|2015-57|2015,reused_external_strict,33,120.0,2015-05-13,True,6.0,5.0,2.0,1.0,False,False,False,False
corteva-2014-2018-external|2015-58|2015,reused_external_strict,33,120.0,2015-05-31,True,6.0,5.0,2.0,1.0,False,False,False,False
corteva-2014-2018-external|2015-60|2015,reused_external_strict,33,120.0,2015-05-27,True,6.0,5.0,2.0,1.0,False,False,False,False
corteva-2014-2018-external|2015-61|2015,reused_external_strict,33,120.0,2015-05-04,True,6.0,5.0,2.0,1.0,False,False,False,False
corteva-2014-2018-external|2015-62|2015,reused_external_strict,33,120.0,2015-05-05,True,6.0,5.0,2.0,1.0,False,False,False,False
corteva-2014-2018-external|2015-63|2015,reused_external_strict,33,120.0,2015-05-11,True,6.0,5.0,2.0,1.0,False,False,False,False
corteva-2014-2018-external|2015-64|2015,reused_external_strict,33,120.0,2015-05-05,True,6.0,5.0,2.0,1.0,False,False,False,False
corteva-2014-2018-external|2015-65|2015,reused_external_strict,33,120.0,2015-05-02,True,6.0,5.0,2.0,1.0,False,False,False,False
corteva-2014-2018-external|2015-66|2015,reused_external_strict,33,120.0,2015-04-20,True,6.0,5.0,2.0,1.0,False,False,False,False
corteva-2014-2018-external|2015-67|2015,reused_external_strict,33,120.0,2015-05-05,True,6.0,5.0,2.0,1.0,False,False,False,False
corteva-2014-2018-external|2015-68|2015,reused_external_strict,33,120.0,2015-05-07,True,6.0,5.0,2.0,1.0,False,False,False,False
corteva-2014-2018-external|2015-69|2015,reused_external_strict,33,120.0,2015-05-02,True,6.0,5.0,2.0,1.0,False,False,False,False
corteva-2014-2018-external|2015-70|2015,reused_external_strict,33,120.0,2015-05-27,True,6.0,5.0,2.0,1.0,False,False,False,False
corteva-2014-2018-external|2015-71|2015,reused_external_strict,33,120.0,2015-05-25,True,6.0,5.0,2.0,1.0,False,False,False,False
corteva-2014-2018-external|2015-72|2015,reused_external_strict,33,120.0,2015-05-03,True,6.0,5.0,2.0,1.0,False,False,False,False
corteva-2014-2018-external|2015-73|2015,reused_external_strict,33,120.0,2015-05-04,True,6.0,5.0,2.0,1.0,False,False,False,False
corteva-2014-2018-external|2015-74|2015,reused_external_strict,33,120.0,2015-05-03,True,6.0,5.0,2.0,1.0,False,False,False,False
corteva-2014-2018-external|2015-75|2015,reused_external_strict,33,120.0,2015-05-06,True,6.0,5.0,2.0,1.0,False,False,False,False
corteva-2014-2018-external|2015-76|2015,reused_external_strict,33,120.0,2015-05-03,True,6.0,5.0,2.0,1.0,False,False,False,False
corteva-2014-2018-external|2015-77|2015,reused_external_strict,33,120.0,2015-05-03,True,6.0,5.0,2.0,1.0,False,False,False,False
corteva-2014-2018-external|2015-78|2015,reused_external_strict,33,120.0,2015-05-11,True,6.0,5.0,2.0,1.0,False,False,False,False
corteva-2014-2018-external|2016-100|2016,reused_external_strict,33,120.0,2016-05-09,True,6.0,5.0,2.0,1.0,False,False,False,False
corteva-2014-2018-external|2016-101|2016,reused_external_strict,33,120.0,2016-05-06,True,6.0,5.0,2.0,1.0,False,False,False,False
corteva-2014-2018-external|2016-102|2016,reused_external_strict,33,120.0,2016-05-06,True,6.0,5.0,2.0,1.0,False,False,False,False
corteva-2014-2018-external|2016-103|2016,reused_external_strict,33,120.0,2016-04-18,True,6.0,5.0,2.0,1.0,False,False,False,False
corteva-2014-2018-external|2016-104|2016,reused_external_strict,33,120.0,2016-05-08,True,6.0,5.0,2.0,1.0,False,False,False,False
corteva-2014-2018-external|2016-105|2016,reused_external_strict,33,120.0,2016-05-17,True,6.0,5.0,2.0,1.0,False,False,False,False
corteva-2014-2018-external|2016-106|2016,reused_external_strict,33,120.0,2016-04-27,True,6.0,5.0,2.0,1.0,False,False,False,False
corteva-2014-2018-external|2016-107|2016,reused_external_strict,33,120.0,2016-05-06,True,6.0,5.0,2.0,1.0,False,False,False,False
corteva-2014-2018-external|2016-108|2016,reused_external_strict,33,120.0,2016-05-07,True,6.0,5.0,2.0,1.0,False,False,False,False
corteva-2014-2018-external|2016-109|2016,reused_external_strict,33,120.0,2016-05-02,True,6.0,5.0,2.0,1.0,False,False,False,False
corteva-2014-2018-external|2016-110|2016,reused_external_strict,33,120.0,2016-05-02,True,6.0,5.0,2.0,1.0,False,False,False,False
corteva-2014-2018-external|2016-111|2016,reused_external_strict,33,120.0,2016-05-08,True,6.0,5.0,2.0,1.0,False,False,False,False
corteva-2014-2018-external|2016-113|2016,reused_external_strict,33,120.0,2016-04-25,True,6.0,5.0,2.0,1.0,False,False,False,False
corteva-2014-2018-external|2016-115|2016,reused_external_strict,33,120.0,2016-05-05,True,6.0,5.0,2.0,1.0,False,False,False,False
corteva-2014-2018-external|2016-116|2016,reused_external_strict,33,120.0,2016-05-05,True,6.0,5.0,2.0,1.0,False,False,False,False
corteva-2014-2018-external|2016-79|2016,reused_external_strict,33,120.0,2016-05-05,True,6.0,5.0,2.0,1.0,False,False,False,False
corteva-2014-2018-external|2016-80|2016,reused_external_strict,33,120.0,2016-05-08,True,6.0,5.0,2.0,1.0,False,False,False,False
corteva-2014-2018-external|2016-81|2016,reused_external_strict,33,120.0,2016-05-05,True,6.0,5.0,2.0,1.0,False,False,False,False
corteva-2014-2018-external|2016-89|2016,reused_external_strict,33,120.0,2016-05-08,True,6.0,5.0,2.0,1.0,False,False,False,False
corteva-2014-2018-external|2016-90|2016,reused_external_strict,33,120.0,2016-04-23,True,6.0,5.0,2.0,1.0,False,False,False,False
corteva-2014-2018-external|2016-91|2016,reused_external_strict,33,120.0,2016-05-05,True,6.0,5.0,2.0,1.0,False,False,False,False
corteva-2014-2018-external|2016-92|2016,reused_external_strict,33,120.0,2016-04-24,True,6.0,5.0,2.0,1.0,False,False,False,False
corteva-2014-2018-external|2016-93|2016,reused_external_strict,33,120.0,2016-05-07,True,6.0,5.0,2.0,1.0,False,False,False,False
corteva-2014-2018-external|2016-94|2016,reused_external_strict,33,120.0,2016-05-05,True,6.0,5.0,2.0,1.0,False,False,False,False
corteva-2014-2018-external|2016-96|2016,reused_external_strict,33,120.0,2016-04-19,True,6.0,5.0,2.0,1.0,False,False,False,False
corteva-2014-2018-external|2016-97|2016,reused_external_strict,33,120.0,2016-05-05,True,6.0,5.0,2.0,1.0,False,False,False,False
corteva-2014-2018-external|2016-98|2016,reused_external_strict,33,120.0,2016-04-20,True,6.0,5.0,2.0,1.0,False,False,False,False
corteva-2014-2018-external|2016-99|2016,reused_external_strict,33,120.0,2016-05-05,True,6.0,5.0,2.0,1.0,False,False,False,False
corteva-2014-2018-external|2017-117|2017,reused_external_strict,33,120.0,2017-04-17,True,6.0,5.0,2.0,1.0,False,False,False,False
corteva-2014-2018-external|2017-118|2017,reused_external_strict,33,120.0,2017-04-30,True,6.0,5.0,2.0,1.0,False,False,False,False
corteva-2014-2018-external|2017-119|2017,reused_external_strict,33,120.0,2017-05-14,True,6.0,5.0,2.0,1.0,False,False,False,False
corteva-2014-2018-external|2017-121|2017,reused_external_strict,33,120.0,2017-04-17,True,6.0,5.0,2.0,1.0,False,False,False,False
corteva-2014-2018-external|2017-126|2017,reused_external_strict,33,120.0,2017-04-30,True,6.0,5.0,2.0,1.0,False,False,False,False
corteva-2014-2018-external|2017-130|2017,reused_external_strict,33,120.0,2017-05-05,True,6.0,5.0,2.0,1.0,False,False,False,False
corteva-2014-2018-external|2017-131|2017,reused_external_strict,33,120.0,2017-04-21,True,6.0,5.0,2.0,1.0,False,False,False,False
corteva-2014-2018-external|2017-132|2017,reused_external_strict,33,120.0,2017-04-30,True,6.0,5.0,2.0,1.0,False,False,False,False
corteva-2014-2018-external|2017-133|2017,reused_external_strict,33,120.0,2017-05-11,True,6.0,5.0,2.0,1.0,False,False,False,False
corteva-2014-2018-external|2017-141|2017,reused_external_strict,33,120.0,2017-04-30,True,6.0,5.0,2.0,1.0,False,False,False,False
corteva-2014-2018-external|2017-142|2017,reused_external_strict,33,120.0,2017-05-04,True,6.0,5.0,2.0,1.0,False,False,False,False
corteva-2014-2018-external|2017-144|2017,reused_external_strict,33,120.0,2017-04-30,True,6.0,5.0,2.0,1.0,False,False,False,False
corteva-2014-2018-external|2017-145|2017,reused_external_strict,33,120.0,2017-04-28,True,6.0,5.0,2.0,1.0,False,False,False,False
corteva-2014-2018-external|2017-146|2017,reused_external_strict,33,120.0,2017-05-13,True,6.0,5.0,2.0,1.0,False,False,False,False
corteva-2014-2018-external|2017-147|2017,reused_external_strict,33,120.0,2017-05-05,True,6.0,5.0,2.0,1.0,False,False,False,False
corteva-2014-2018-external|2017-148|2017,reused_external_strict,33,120.0,2017-05-18,True,6.0,5.0,2.0,1.0,False,False,False,False
corteva-2014-2018-external|2017-149|2017,reused_external_strict,33,120.0,2017-05-01,True,6.0,5.0,2.0,1.0,False,False,False,False
corteva-2014-2018-external|2017-150|2017,reused_external_strict,33,120.0,2017-04-30,True,6.0,5.0,2.0,1.0,False,False,False,False
corteva-2014-2018-external|2017-151|2017,reused_external_strict,33,120.0,2017-05-18,True,6.0,5.0,2.0,1.0,False,False,False,False
corteva-2014-2018-external|2017-152|2017,reused_external_strict,33,120.0,2017-04-25,True,6.0,5.0,2.0,1.0,False,False,False,False
corteva-2014-2018-external|2017-153|2017,reused_external_strict,33,120.0,2017-05-06,True,6.0,5.0,2.0,1.0,False,False,False,False
corteva-2014-2018-external|2017-154|2017,reused_external_strict,33,120.0,2017-05-01,True,6.0,5.0,2.0,1.0,False,False,False,False
corteva-2014-2018-external|2018-157|2018,reused_external_strict,33,120.0,2018-04-28,True,6.0,5.0,2.0,1.0,False,False,False,False
corteva-2014-2018-external|2018-158|2018,reused_external_strict,33,120.0,2018-05-15,True,6.0,5.0,2.0,1.0,False,False,False,False
corteva-2014-2018-external|2018-159|2018,reused_external_strict,33,120.0,2018-05-07,True,6.0,5.0,2.0,1.0,False,False,False,False
corteva-2014-2018-external|2018-160|2018,reused_external_strict,33,120.0,2018-05-07,True,6.0,5.0,2.0,1.0,False,False,False,False
corteva-2014-2018-external|2018-161|2018,reused_external_strict,33,120.0,2018-05-04,True,6.0,5.0,2.0,1.0,False,False,False,False
corteva-2014-2018-external|2018-162|2018,reused_external_strict,33,120.0,2018-04-24,True,6.0,5.0,2.0,1.0,False,False,False,False
corteva-2014-2018-external|2018-163|2018,reused_external_strict,33,120.0,2018-04-30,True,6.0,5.0,2.0,1.0,False,False,False,False
corteva-2014-2018-external|2018-164|2018,reused_external_strict,33,120.0,2018-04-30,True,6.0,5.0,2.0,1.0,False,False,False,False
corteva-2014-2018-external|2018-165|2018,reused_external_strict,33,120.0,2018-05-11,True,6.0,5.0,2.0,1.0,False,False,False,False
corteva-2014-2018-external|2018-166|2018,reused_external_strict,33,120.0,2018-05-06,True,6.0,5.0,2.0,1.0,False,False,False,False
corteva-2014-2018-external|2018-167|2018,reused_external_strict,33,120.0,2018-05-10,True,6.0,5.0,2.0,1.0,False,False,False,False
corteva-2014-2018-external|2018-168|2018,reused_external_strict,33,120.0,2018-05-10,True,6.0,5.0,2.0,1.0,False,False,False,False
corteva-2014-2018-external|2018-169|2018,reused_external_strict,33,120.0,2018-05-06,True,6.0,5.0,2.0,1.0,False,False,False,False
corteva-2014-2018-external|2018-170|2018,reused_external_strict,33,120.0,2018-04-28,True,6.0,5.0,2.0,1.0,False,False,False,False
corteva-2014-2018-external|2018-171|2018,reused_external_strict,33,120.0,2018-05-02,True,6.0,5.0,2.0,1.0,False,False,False,False
corteva-2014-2018-external|2018-172|2018,reused_external_strict,33,120.0,2018-05-10,True,6.0,5.0,2.0,1.0,False,False,False,False
corteva-2014-2018-external|2018-173|2018,reused_external_strict,33,120.0,2018-05-05,True,6.0,5.0,2.0,1.0,False,False,False,False
corteva-2014-2018-external|2018-174|2018,reused_external_strict,33,120.0,2018-04-01,True,6.0,5.0,2.0,1.0,False,False,False,False
corteva-2014-2018-external|2018-175|2018,reused_external_strict,33,120.0,2018-05-08,True,6.0,5.0,2.0,1.0,False,False,False,False
corteva-2014-2018-external|2018-176|2018,reused_external_strict,33,120.0,2018-05-15,True,6.0,5.0,2.0,1.0,False,False,False,False
corteva-2014-2018-external|2018-177|2018,reused_external_strict,33,120.0,2018-05-04,True,6.0,5.0,2.0,1.0,False,False,False,False
corteva-2014-2018-external|2018-181|2018,reused_external_strict,33,120.0,2018-04-30,True,6.0,5.0,2.0,1.0,False,False,False,False
corteva-2014-2018-external|2018-182|2018,reused_external_strict,33,120.0,2018-04-28,True,6.0,5.0,2.0,1.0,False,False,False,False
corteva-2014-2018-external|2018-183|2018,reused_external_strict,33,120.0,2018-04-28,True,6.0,5.0,2.0,1.0,False,False,False,False
corteva-2014-2018-external|2018-184|2018,reused_external_strict,33,120.0,2018-05-07,True,6.0,5.0,2.0,1.0,False,False,False,False
corteva-2014-2018-external|2018-185|2018,reused_external_strict,33,120.0,2018-05-06,True,6.0,5.0,2.0,1.0,False,False,False,False
corteva-2014-2018-external|2018-186|2018,reused_external_strict,33,120.0,2018-04-21,True,6.0,5.0,2.0,1.0,False,False,False,False
corteva-2014-2018-external|2018-188|2018,reused_external_strict,33,120.0,2018-04-11,True,6.0,5.0,2.0,1.0,False,False,False,False
corteva-2014-2018-external|2018-189|2018,reused_external_strict,33,120.0,2018-04-01,True,6.0,5.0,2.0,1.0,False,False,False,False
corteva-2014-2018-external|2018-190|2018,reused_external_strict,33,120.0,2018-05-11,True,6.0,5.0,2.0,1.0,False,False,False,False
corteva-2014-2018-external|2018-191|2018,reused_external_strict,33,120.0,2018-04-30,True,6.0,5.0,2.0,1.0,False,False,False,False
corteva-2014-2018-external|2018-193|2018,reused_external_strict,33,120.0,2018-05-12,True,6.0,5.0,2.0,1.0,False,False,False,False
corteva-2014-2018-external|2018-194|2018,reused_external_strict,33,120.0,2018-04-28,True,6.0,5.0,2.0,1.0,False,False,False,False
corteva-2014-2018-external|2018-195|2018,reused_external_strict,33,120.0,2018-05-06,True,6.0,5.0,2.0,1.0,False,False,False,False
corteva-2014-2018-external|2018-196|2018,reused_external_strict,33,120.0,2018-04-30,True,6.0,5.0,2.0,1.0,False,False,False,False
corteva-2014-2018-external|2018-197|2018,reused_external_strict,33,120.0,2018-05-12,True,6.0,5.0,2.0,1.0,False,False,False,False
corteva-2014-2018-external|2018-198|2018,reused_external_strict,33,120.0,2018-05-03,True,6.0,5.0,2.0,1.0,False,False,False,False
corteva-2014-2018-external|2014-1|2014,reused_external_strict,37,120.0,2014-04-30,True,7.0,6.0,3.0,2.0,True,False,False,False
corteva-2014-2018-external|2014-10|2014,reused_external_strict,37,120.0,2014-05-02,True,7.0,6.0,3.0,2.0,True,False,False,False
corteva-2014-2018-external|2014-11|2014,reused_external_strict,37,120.0,2014-05-12,True,7.0,6.0,3.0,2.0,True,False,False,False
corteva-2014-2018-external|2014-12|2014,reused_external_strict,37,120.0,2014-05-02,True,7.0,6.0,3.0,2.0,True,False,False,False
corteva-2014-2018-external|2014-13|2014,reused_external_strict,37,120.0,2014-05-07,True,7.0,6.0,3.0,2.0,True,False,False,False
corteva-2014-2018-external|2014-14|2014,reused_external_strict,37,120.0,2014-05-02,True,7.0,6.0,3.0,2.0,True,False,False,False
corteva-2014-2018-external|2014-15|2014,reused_external_strict,37,120.0,2014-05-02,True,7.0,6.0,3.0,2.0,True,False,False,False
corteva-2014-2018-external|2014-16|2014,reused_external_strict,37,120.0,2014-04-17,True,7.0,6.0,3.0,2.0,True,False,False,False
corteva-2014-2018-external|2014-17|2014,reused_external_strict,37,120.0,2014-05-02,True,7.0,6.0,3.0,2.0,True,False,False,False
corteva-2014-2018-external|2014-2|2014,reused_external_strict,37,120.0,2014-04-17,True,7.0,6.0,3.0,2.0,True,False,False,False
corteva-2014-2018-external|2014-23|2014,reused_external_strict,37,120.0,2014-05-08,True,7.0,6.0,3.0,2.0,True,False,False,False
corteva-2014-2018-external|2014-24|2014,reused_external_strict,37,120.0,2014-05-12,True,7.0,6.0,3.0,2.0,True,False,False,False
corteva-2014-2018-external|2014-25|2014,reused_external_strict,37,120.0,2014-04-17,True,7.0,6.0,3.0,2.0,True,False,False,False
corteva-2014-2018-external|2014-26|2014,reused_external_strict,37,120.0,2014-04-25,True,7.0,6.0,3.0,2.0,True,False,False,False
corteva-2014-2018-external|2014-3|2014,reused_external_strict,37,120.0,2014-05-02,True,7.0,6.0,3.0,2.0,True,False,False,False
corteva-2014-2018-external|2014-34|2014,reused_external_strict,37,120.0,2014-05-08,True,7.0,6.0,3.0,2.0,True,False,False,False
corteva-2014-2018-external|2014-35|2014,reused_external_strict,37,120.0,2014-04-17,True,7.0,6.0,3.0,2.0,True,False,False,False
corteva-2014-2018-external|2014-36|2014,reused_external_strict,37,120.0,2014-05-03,True,7.0,6.0,3.0,2.0,True,False,False,False
corteva-2014-2018-external|2014-37|2014,reused_external_strict,37,120.0,2014-05-12,True,7.0,6.0,3.0,2.0,True,False,False,False
corteva-2014-2018-external|2014-38|2014,reused_external_strict,37,120.0,2014-05-05,True,7.0,6.0,3.0,2.0,True,False,False,False
corteva-2014-2018-external|2014-39|2014,reused_external_strict,37,120.0,2014-04-29,True,7.0,6.0,3.0,2.0,True,False,False,False
corteva-2014-2018-external|2014-4|2014,reused_external_strict,37,120.0,2014-04-23,True,7.0,6.0,3.0,2.0,True,False,False,False
corteva-2014-2018-external|2014-5|2014,reused_external_strict,37,120.0,2014-05-02,True,7.0,6.0,3.0,2.0,True,False,False,False
corteva-2014-2018-external|2014-9|2014,reused_external_strict,37,120.0,2014-05-04,True,7.0,6.0,3.0,2.0,True,False,False,False
corteva-2014-2018-external|2015-41|2015,reused_external_strict,37,120.0,2015-05-10,True,7.0,6.0,3.0,2.0,True,False,False,False
corteva-2014-2018-external|2015-42|2015,reused_external_strict,37,120.0,2015-04-26,True,7.0,6.0,3.0,2.0,True,False,False,False
corteva-2014-2018-external|2015-43|2015,reused_external_strict,37,120.0,2015-05-07,True,7.0,6.0,3.0,2.0,True,False,False,False
corteva-2014-2018-external|2015-44|2015,reused_external_strict,37,120.0,2015-05-11,True,7.0,6.0,3.0,2.0,True,False,False,False
corteva-2014-2018-external|2015-48|2015,reused_external_strict,37,120.0,2015-05-11,True,7.0,6.0,3.0,2.0,True,False,False,False
corteva-2014-2018-external|2015-49|2015,reused_external_strict,37,120.0,2015-04-23,True,7.0,6.0,3.0,2.0,True,False,False,False
corteva-2014-2018-external|2015-50|2015,reused_external_strict,37,120.0,2015-05-09,True,7.0,6.0,3.0,2.0,True,False,False,False
corteva-2014-2018-external|2015-53|2015,reused_external_strict,37,120.0,2015-05-11,True,7.0,6.0,3.0,2.0,True,False,False,False
corteva-2014-2018-external|2015-54|2015,reused_external_strict,37,120.0,2015-05-14,True,7.0,6.0,3.0,2.0,True,False,False,False
corteva-2014-2018-external|2015-55|2015,reused_external_strict,37,120.0,2015-05-15,True,7.0,6.0,3.0,2.0,True,False,False,False
corteva-2014-2018-external|2015-56|2015,reused_external_strict,37,120.0,2015-05-07,True,7.0,6.0,3.0,2.0,True,False,False,False
corteva-2014-2018-external|2015-57|2015,reused_external_strict,37,120.0,2015-05-17,True,7.0,6.0,3.0,2.0,True,False,False,False
corteva-2014-2018-external|2015-58|2015,reused_external_strict,37,120.0,2015-06-04,True,7.0,6.0,3.0,2.0,True,False,False,False
corteva-2014-2018-external|2015-60|2015,reused_external_strict,37,120.0,2015-06-01,True,7.0,6.0,3.0,2.0,True,False,False,False
corteva-2014-2018-external|2015-61|2015,reused_external_strict,37,120.0,2015-05-07,True,7.0,6.0,3.0,2.0,True,False,False,False
corteva-2014-2018-external|2015-62|2015,reused_external_strict,37,120.0,2015-05-09,True,7.0,6.0,3.0,2.0,True,False,False,False
corteva-2014-2018-external|2015-63|2015,reused_external_strict,37,120.0,2015-05-15,True,7.0,6.0,3.0,2.0,True,False,False,False
corteva-2014-2018-external|2015-64|2015,reused_external_strict,37,120.0,2015-05-09,True,7.0,6.0,3.0,2.0,True,False,False,False
corteva-2014-2018-external|2015-65|2015,reused_external_strict,37,120.0,2015-05-05,True,7.0,6.0,3.0,2.0,True,False,False,False
corteva-2014-2018-external|2015-66|2015,reused_external_strict,37,120.0,2015-04-23,True,7.0,6.0,3.0,2.0,True,False,False,False
corteva-2014-2018-external|2015-67|2015,reused_external_strict,37,120.0,2015-05-09,True,7.0,6.0,3.0,2.0,True,False,False,False
corteva-2014-2018-external|2015-68|2015,reused_external_strict,37,120.0,2015-05-10,True,7.0,6.0,3.0,2.0,True,False,False,False
corteva-2014-2018-external|2015-69|2015,reused_external_strict,37,120.0,2015-05-05,True,7.0,6.0,3.0,2.0,True,False,False,False
corteva-2014-2018-external|2015-70|2015,reused_external_strict,37,120.0,2015-05-31,True,7.0,6.0,3.0,2.0,True,False,False,False
corteva-2014-2018-external|2015-71|2015,reused_external_strict,37,120.0,2015-05-29,True,7.0,6.0,3.0,2.0,True,False,False,False
corteva-2014-2018-external|2015-72|2015,reused_external_strict,37,120.0,2015-05-07,True,7.0,6.0,3.0,2.0,True,False,False,False
corteva-2014-2018-external|2015-73|2015,reused_external_strict,37,120.0,2015-05-07,True,7.0,6.0,3.0,2.0,True,False,False,False
corteva-2014-2018-external|2015-74|2015,reused_external_strict,37,120.0,2015-05-07,True,7.0,6.0,3.0,2.0,True,False,False,False
corteva-2014-2018-external|2015-75|2015,reused_external_strict,37,120.0,2015-05-10,True,7.0,6.0,3.0,2.0,True,False,False,False
corteva-2014-2018-external|2015-76|2015,reused_external_strict,37,120.0,2015-05-06,True,7.0,6.0,3.0,2.0,True,False,False,False
corteva-2014-2018-external|2015-77|2015,reused_external_strict,37,120.0,2015-05-07,True,7.0,6.0,3.0,2.0,True,False,False,False
corteva-2014-2018-external|2015-78|2015,reused_external_strict,37,120.0,2015-05-14,True,7.0,6.0,3.0,2.0,True,False,False,False
corteva-2014-2018-external|2016-100|2016,reused_external_strict,37,120.0,2016-05-12,True,7.0,6.0,3.0,2.0,True,False,False,False
corteva-2014-2018-external|2016-101|2016,reused_external_strict,37,120.0,2016-05-08,True,7.0,6.0,3.0,2.0,True,False,False,False
corteva-2014-2018-external|2016-102|2016,reused_external_strict,37,120.0,2016-05-09,True,7.0,6.0,3.0,2.0,True,False,False,False
corteva-2014-2018-external|2016-103|2016,reused_external_strict,37,120.0,2016-04-21,True,7.0,6.0,3.0,2.0,True,False,False,False
corteva-2014-2018-external|2016-104|2016,reused_external_strict,37,120.0,2016-05-10,True,7.0,6.0,3.0,2.0,True,False,False,False
corteva-2014-2018-external|2016-105|2016,reused_external_strict,37,120.0,2016-05-20,True,7.0,6.0,3.0,2.0,True,False,False,False
corteva-2014-2018-external|2016-106|2016,reused_external_strict,37,120.0,2016-05-03,True,7.0,6.0,3.0,2.0,True,False,False,False
corteva-2014-2018-external|2016-107|2016,reused_external_strict,37,120.0,2016-05-09,True,7.0,6.0,3.0,2.0,True,False,False,False
corteva-2014-2018-external|2016-108|2016,reused_external_strict,37,120.0,2016-05-10,True,7.0,6.0,3.0,2.0,True,False,False,False
corteva-2014-2018-external|2016-109|2016,reused_external_strict,37,120.0,2016-05-06,True,7.0,6.0,3.0,2.0,True,False,False,False
corteva-2014-2018-external|2016-110|2016,reused_external_strict,37,120.0,2016-05-06,True,7.0,6.0,3.0,2.0,True,False,False,False
corteva-2014-2018-external|2016-111|2016,reused_external_strict,37,120.0,2016-05-11,True,7.0,6.0,3.0,2.0,True,False,False,False
corteva-2014-2018-external|2016-113|2016,reused_external_strict,37,120.0,2016-05-01,True,7.0,6.0,3.0,2.0,True,False,False,False
corteva-2014-2018-external|2016-115|2016,reused_external_strict,37,120.0,2016-05-08,True,7.0,6.0,3.0,2.0,True,False,False,False
corteva-2014-2018-external|2016-116|2016,reused_external_strict,37,120.0,2016-05-08,True,7.0,6.0,3.0,2.0,True,False,False,False
corteva-2014-2018-external|2016-79|2016,reused_external_strict,37,120.0,2016-05-08,True,7.0,6.0,3.0,2.0,True,False,False,False
corteva-2014-2018-external|2016-80|2016,reused_external_strict,37,120.0,2016-05-10,True,7.0,6.0,3.0,2.0,True,False,False,False
corteva-2014-2018-external|2016-81|2016,reused_external_strict,37,120.0,2016-05-08,True,7.0,6.0,3.0,2.0,True,False,False,False
corteva-2014-2018-external|2016-89|2016,reused_external_strict,37,120.0,2016-05-10,True,7.0,6.0,3.0,2.0,True,False,False,False
corteva-2014-2018-external|2016-90|2016,reused_external_strict,37,120.0,2016-04-29,True,7.0,6.0,3.0,2.0,True,False,False,False
corteva-2014-2018-external|2016-91|2016,reused_external_strict,37,120.0,2016-05-08,True,7.0,6.0,3.0,2.0,True,False,False,False
corteva-2014-2018-external|2016-92|2016,reused_external_strict,37,120.0,2016-05-01,True,7.0,6.0,3.0,2.0,True,False,False,False
corteva-2014-2018-external|2016-93|2016,reused_external_strict,37,120.0,2016-05-10,True,7.0,6.0,3.0,2.0,True,False,False,False
corteva-2014-2018-external|2016-94|2016,reused_external_strict,37,120.0,2016-05-08,True,7.0,6.0,3.0,2.0,True,False,False,False
corteva-2014-2018-external|2016-96|2016,reused_external_strict,37,120.0,2016-04-22,True,7.0,6.0,3.0,2.0,True,False,False,False
corteva-2014-2018-external|2016-97|2016,reused_external_strict,37,120.0,2016-05-08,True,7.0,6.0,3.0,2.0,True,False,False,False
corteva-2014-2018-external|2016-98|2016,reused_external_strict,37,120.0,2016-04-25,True,7.0,6.0,3.0,2.0,True,False,False,False
corteva-2014-2018-external|2016-99|2016,reused_external_strict,37,120.0,2016-05-08,True,7.0,6.0,3.0,2.0,True,False,False,False
corteva-2014-2018-external|2017-117|2017,reused_external_strict,37,120.0,2017-04-22,True,7.0,6.0,3.0,2.0,True,False,False,False
corteva-2014-2018-external|2017-118|2017,reused_external_strict,37,120.0,2017-05-04,True,7.0,6.0,3.0,2.0,True,False,False,False
corteva-2014-2018-external|2017-119|2017,reused_external_strict,37,120.0,2017-05-17,True,7.0,6.0,3.0,2.0,True,False,False,False
corteva-2014-2018-external|2017-121|2017,reused_external_strict,37,120.0,2017-04-22,True,7.0,6.0,3.0,2.0,True,False,False,False
corteva-2014-2018-external|2017-126|2017,reused_external_strict,37,120.0,2017-05-04,True,7.0,6.0,3.0,2.0,True,False,False,False
corteva-2014-2018-external|2017-130|2017,reused_external_strict,37,120.0,2017-05-10,True,7.0,6.0,3.0,2.0,True,False,False,False
corteva-2014-2018-external|2017-131|2017,reused_external_strict,37,120.0,2017-04-26,True,7.0,6.0,3.0,2.0,True,False,False,False
corteva-2014-2018-external|2017-132|2017,reused_external_strict,37,120.0,2017-05-04,True,7.0,6.0,3.0,2.0,True,False,False,False
corteva-2014-2018-external|2017-133|2017,reused_external_strict,37,120.0,2017-05-14,True,7.0,6.0,3.0,2.0,True,False,False,False
corteva-2014-2018-external|2017-141|2017,reused_external_strict,37,120.0,2017-05-04,True,7.0,6.0,3.0,2.0,True,False,False,False
corteva-2014-2018-external|2017-142|2017,reused_external_strict,37,120.0,2017-05-08,True,7.0,6.0,3.0,2.0,True,False,False,False
corteva-2014-2018-external|2017-144|2017,reused_external_strict,37,120.0,2017-05-04,True,7.0,6.0,3.0,2.0,True,False,False,False
corteva-2014-2018-external|2017-145|2017,reused_external_strict,37,120.0,2017-05-02,True,7.0,6.0,3.0,2.0,True,False,False,False
corteva-2014-2018-external|2017-146|2017,reused_external_strict,37,120.0,2017-05-16,True,7.0,6.0,3.0,2.0,True,False,False,False
corteva-2014-2018-external|2017-147|2017,reused_external_strict,37,120.0,2017-05-10,True,7.0,6.0,3.0,2.0,True,False,False,False
corteva-2014-2018-external|2017-148|2017,reused_external_strict,37,120.0,2017-05-21,True,7.0,6.0,3.0,2.0,True,False,False,False
corteva-2014-2018-external|2017-149|2017,reused_external_strict,37,120.0,2017-05-05,True,7.0,6.0,3.0,2.0,True,False,False,False
corteva-2014-2018-external|2017-150|2017,reused_external_strict,37,120.0,2017-05-04,True,7.0,6.0,3.0,2.0,True,False,False,False
corteva-2014-2018-external|2017-151|2017,reused_external_strict,37,120.0,2017-05-21,True,7.0,6.0,3.0,2.0,True,False,False,False
corteva-2014-2018-external|2017-152|2017,reused_external_strict,37,120.0,2017-05-01,True,7.0,6.0,3.0,2.0,True,False,False,False
corteva-2014-2018-external|2017-153|2017,reused_external_strict,37,120.0,2017-05-11,True,7.0,6.0,3.0,2.0,True,False,False,False
corteva-2014-2018-external|2017-154|2017,reused_external_strict,37,120.0,2017-05-05,True,7.0,6.0,3.0,2.0,True,False,False,False
corteva-2014-2018-external|2018-157|2018,reused_external_strict,37,120.0,2018-05-03,True,7.0,6.0,3.0,2.0,True,False,False,False
corteva-2014-2018-external|2018-158|2018,reused_external_strict,37,120.0,2018-05-18,True,7.0,6.0,3.0,2.0,True,False,False,False
corteva-2014-2018-external|2018-159|2018,reused_external_strict,37,120.0,2018-05-09,True,7.0,6.0,3.0,2.0,True,False,False,False
corteva-2014-2018-external|2018-160|2018,reused_external_strict,37,120.0,2018-05-09,True,7.0,6.0,3.0,2.0,True,False,False,False
corteva-2014-2018-external|2018-161|2018,reused_external_strict,37,120.0,2018-05-07,True,7.0,6.0,3.0,2.0,True,False,False,False
corteva-2014-2018-external|2018-162|2018,reused_external_strict,37,120.0,2018-04-28,True,7.0,6.0,3.0,2.0,True,False,False,False
corteva-2014-2018-external|2018-163|2018,reused_external_strict,37,120.0,2018-05-04,True,7.0,6.0,3.0,2.0,True,False,False,False
corteva-2014-2018-external|2018-164|2018,reused_external_strict,37,120.0,2018-05-04,True,7.0,6.0,3.0,2.0,True,False,False,False
corteva-2014-2018-external|2018-165|2018,reused_external_strict,37,120.0,2018-05-14,True,7.0,6.0,3.0,2.0,True,False,False,False
corteva-2014-2018-external|2018-166|2018,reused_external_strict,37,120.0,2018-05-09,True,7.0,6.0,3.0,2.0,True,False,False,False
corteva-2014-2018-external|2018-167|2018,reused_external_strict,37,120.0,2018-05-14,True,7.0,6.0,3.0,2.0,True,False,False,False
corteva-2014-2018-external|2018-168|2018,reused_external_strict,37,120.0,2018-05-14,True,7.0,6.0,3.0,2.0,True,False,False,False
corteva-2014-2018-external|2018-169|2018,reused_external_strict,37,120.0,2018-05-09,True,7.0,6.0,3.0,2.0,True,False,False,False
corteva-2014-2018-external|2018-170|2018,reused_external_strict,37,120.0,2018-05-03,True,7.0,6.0,3.0,2.0,True,False,False,False
corteva-2014-2018-external|2018-171|2018,reused_external_strict,37,120.0,2018-05-06,True,7.0,6.0,3.0,2.0,True,False,False,False
corteva-2014-2018-external|2018-172|2018,reused_external_strict,37,120.0,2018-05-14,True,7.0,6.0,3.0,2.0,True,False,False,False
corteva-2014-2018-external|2018-173|2018,reused_external_strict,37,120.0,2018-05-08,True,7.0,6.0,3.0,2.0,True,False,False,False
corteva-2014-2018-external|2018-174|2018,reused_external_strict,37,120.0,2018-04-04,True,7.0,6.0,3.0,2.0,True,False,False,False
corteva-2014-2018-external|2018-175|2018,reused_external_strict,37,120.0,2018-05-12,True,7.0,6.0,3.0,2.0,True,False,False,False
corteva-2014-2018-external|2018-176|2018,reused_external_strict,37,120.0,2018-05-18,True,7.0,6.0,3.0,2.0,True,False,False,False
corteva-2014-2018-external|2018-177|2018,reused_external_strict,37,120.0,2018-05-07,True,7.0,6.0,3.0,2.0,True,False,False,False
corteva-2014-2018-external|2018-181|2018,reused_external_strict,37,120.0,2018-05-05,True,7.0,6.0,3.0,2.0,True,False,False,False
corteva-2014-2018-external|2018-182|2018,reused_external_strict,37,120.0,2018-05-03,True,7.0,6.0,3.0,2.0,True,False,False,False
corteva-2014-2018-external|2018-183|2018,reused_external_strict,37,120.0,2018-05-03,True,7.0,6.0,3.0,2.0,True,False,False,False
corteva-2014-2018-external|2018-184|2018,reused_external_strict,37,120.0,2018-05-09,True,7.0,6.0,3.0,2.0,True,False,False,False
corteva-2014-2018-external|2018-185|2018,reused_external_strict,37,120.0,2018-05-09,True,7.0,6.0,3.0,2.0,True,False,False,False
corteva-2014-2018-external|2018-186|2018,reused_external_strict,37,120.0,2018-04-23,True,7.0,6.0,3.0,2.0,True,False,False,False
corteva-2014-2018-external|2018-188|2018,reused_external_strict,37,120.0,2018-04-15,True,7.0,6.0,3.0,2.0,True,False,False,False
corteva-2014-2018-external|2018-189|2018,reused_external_strict,37,120.0,2018-04-04,True,7.0,6.0,3.0,2.0,True,False,False,False
corteva-2014-2018-external|2018-190|2018,reused_external_strict,37,120.0,2018-05-14,True,7.0,6.0,3.0,2.0,True,False,False,False
corteva-2014-2018-external|2018-191|2018,reused_external_strict,37,120.0,2018-05-04,True,7.0,6.0,3.0,2.0,True,False,False,False
corteva-2014-2018-external|2018-193|2018,reused_external_strict,37,120.0,2018-05-15,True,7.0,6.0,3.0,2.0,True,False,False,False
corteva-2014-2018-external|2018-194|2018,reused_external_strict,37,120.0,2018-05-03,True,7.0,6.0,3.0,2.0,True,False,False,False
corteva-2014-2018-external|2018-195|2018,reused_external_strict,37,120.0,2018-05-09,True,7.0,6.0,3.0,2.0,True,False,False,False
corteva-2014-2018-external|2018-196|2018,reused_external_strict,37,120.0,2018-05-03,True,7.0,6.0,3.0,2.0,True,False,False,False
corteva-2014-2018-external|2018-197|2018,reused_external_strict,37,120.0,2018-05-15,True,7.0,6.0,3.0,2.0,True,False,False,False
corteva-2014-2018-external|2018-198|2018,reused_external_strict,37,120.0,2018-05-06,True,7.0,6.0,3.0,2.0,True,False,False,False
corteva-2014-2018-external|2014-1|2014,reused_external_strict,39,120.0,2014-05-11,True,7.0,7.0,3.0,3.0,True,True,False,False
corteva-2014-2018-external|2014-10|2014,reused_external_strict,39,120.0,2014-05-12,True,7.0,7.0,3.0,3.0,True,True,False,False
corteva-2014-2018-external|2014-11|2014,reused_external_strict,39,120.0,2014-05-21,True,7.0,7.0,3.0,3.0,True,True,False,False
corteva-2014-2018-external|2014-12|2014,reused_external_strict,39,120.0,2014-05-12,True,7.0,7.0,3.0,3.0,True,True,False,False
corteva-2014-2018-external|2014-13|2014,reused_external_strict,39,120.0,2014-05-17,True,7.0,7.0,3.0,3.0,True,True,False,False
corteva-2014-2018-external|2014-14|2014,reused_external_strict,39,120.0,2014-05-12,True,7.0,7.0,3.0,3.0,True,True,False,False
corteva-2014-2018-external|2014-15|2014,reused_external_strict,39,120.0,2014-05-12,True,7.0,7.0,3.0,3.0,True,True,False,False
corteva-2014-2018-external|2014-16|2014,reused_external_strict,39,120.0,2014-04-29,True,7.0,7.0,3.0,3.0,True,True,False,False
corteva-2014-2018-external|2014-17|2014,reused_external_strict,39,120.0,2014-05-12,True,7.0,7.0,3.0,3.0,True,True,False,False
corteva-2014-2018-external|2014-2|2014,reused_external_strict,39,120.0,2014-04-27,True,7.0,7.0,3.0,3.0,True,True,False,False
corteva-2014-2018-external|2014-23|2014,reused_external_strict,39,120.0,2014-05-19,True,7.0,7.0,3.0,3.0,True,True,False,False
corteva-2014-2018-external|2014-24|2014,reused_external_strict,39,120.0,2014-05-21,True,7.0,7.0,3.0,3.0,True,True,False,False
corteva-2014-2018-external|2014-25|2014,reused_external_strict,39,120.0,2014-04-29,True,7.0,7.0,3.0,3.0,True,True,False,False
corteva-2014-2018-external|2014-26|2014,reused_external_strict,39,120.0,2014-05-07,True,7.0,7.0,3.0,3.0,True,True,False,False
corteva-2014-2018-external|2014-3|2014,reused_external_strict,39,120.0,2014-05-12,True,7.0,7.0,3.0,3.0,True,True,False,False
corteva-2014-2018-external|2014-34|2014,reused_external_strict,39,120.0,2014-05-19,True,7.0,7.0,3.0,3.0,True,True,False,False
corteva-2014-2018-external|2014-35|2014,reused_external_strict,39,120.0,2014-04-29,True,7.0,7.0,3.0,3.0,True,True,False,False
corteva-2014-2018-external|2014-36|2014,reused_external_strict,39,120.0,2014-05-13,True,7.0,7.0,3.0,3.0,True,True,False,False
corteva-2014-2018-external|2014-37|2014,reused_external_strict,39,120.0,2014-05-21,True,7.0,7.0,3.0,3.0,True,True,False,False
corteva-2014-2018-external|2014-38|2014,reused_external_strict,39,120.0,2014-05-15,True,7.0,7.0,3.0,3.0,True,True,False,False
corteva-2014-2018-external|2014-39|2014,reused_external_strict,39,120.0,2014-05-09,True,7.0,7.0,3.0,3.0,True,True,False,False
corteva-2014-2018-external|2014-4|2014,reused_external_strict,39,120.0,2014-05-02,True,7.0,7.0,3.0,3.0,True,True,False,False
corteva-2014-2018-external|2014-5|2014,reused_external_strict,39,120.0,2014-05-12,True,7.0,7.0,3.0,3.0,True,True,False,False
corteva-2014-2018-external|2014-9|2014,reused_external_strict,39,120.0,2014-05-14,True,7.0,7.0,3.0,3.0,True,True,False,False
corteva-2014-2018-external|2015-41|2015,reused_external_strict,39,120.0,2015-05-20,True,7.0,7.0,3.0,3.0,True,True,False,False
corteva-2014-2018-external|2015-42|2015,reused_external_strict,39,120.0,2015-05-06,True,7.0,7.0,3.0,3.0,True,True,False,False
corteva-2014-2018-external|2015-43|2015,reused_external_strict,39,120.0,2015-05-14,True,7.0,7.0,3.0,3.0,True,True,False,False
corteva-2014-2018-external|2015-44|2015,reused_external_strict,39,120.0,2015-05-22,True,7.0,7.0,3.0,3.0,True,True,False,False
corteva-2014-2018-external|2015-48|2015,reused_external_strict,39,120.0,2015-05-21,True,7.0,7.0,3.0,3.0,True,True,False,False
corteva-2014-2018-external|2015-49|2015,reused_external_strict,39,120.0,2015-05-03,True,7.0,7.0,3.0,3.0,True,True,False,False
corteva-2014-2018-external|2015-50|2015,reused_external_strict,39,120.0,2015-05-20,True,7.0,7.0,3.0,3.0,True,True,False,False
corteva-2014-2018-external|2015-53|2015,reused_external_strict,39,120.0,2015-05-22,True,7.0,7.0,3.0,3.0,True,True,False,False
corteva-2014-2018-external|2015-54|2015,reused_external_strict,39,120.0,2015-05-25,True,7.0,7.0,3.0,3.0,True,True,False,False
corteva-2014-2018-external|2015-55|2015,reused_external_strict,39,120.0,2015-05-25,True,7.0,7.0,3.0,3.0,True,True,False,False
corteva-2014-2018-external|2015-56|2015,reused_external_strict,39,120.0,2015-05-16,True,7.0,7.0,3.0,3.0,True,True,False,False
corteva-2014-2018-external|2015-57|2015,reused_external_strict,39,120.0,2015-05-27,True,7.0,7.0,3.0,3.0,True,True,False,False
corteva-2014-2018-external|2015-58|2015,reused_external_strict,39,120.0,2015-06-12,True,7.0,7.0,3.0,3.0,True,True,False,False
corteva-2014-2018-external|2015-60|2015,reused_external_strict,39,120.0,2015-06-10,True,7.0,7.0,3.0,3.0,True,True,False,False
corteva-2014-2018-external|2015-61|2015,reused_external_strict,39,120.0,2015-05-15,True,7.0,7.0,3.0,3.0,True,True,False,False
corteva-2014-2018-external|2015-62|2015,reused_external_strict,39,120.0,2015-05-20,True,7.0,7.0,3.0,3.0,True,True,False,False
corteva-2014-2018-external|2015-63|2015,reused_external_strict,39,120.0,2015-05-25,True,7.0,7.0,3.0,3.0,True,True,False,False
corteva-2014-2018-external|2015-64|2015,reused_external_strict,39,120.0,2015-05-20,True,7.0,7.0,3.0,3.0,True,True,False,False
corteva-2014-2018-external|2015-65|2015,reused_external_strict,39,120.0,2015-05-15,True,7.0,7.0,3.0,3.0,True,True,False,False
corteva-2014-2018-external|2015-66|2015,reused_external_strict,39,120.0,2015-05-03,True,7.0,7.0,3.0,3.0,True,True,False,False
corteva-2014-2018-external|2015-67|2015,reused_external_strict,39,120.0,2015-05-20,True,7.0,7.0,3.0,3.0,True,True,False,False
corteva-2014-2018-external|2015-68|2015,reused_external_strict,39,120.0,2015-05-18,True,7.0,7.0,3.0,3.0,True,True,False,False
corteva-2014-2018-external|2015-69|2015,reused_external_strict,39,120.0,2015-05-14,True,7.0,7.0,3.0,3.0,True,True,False,False
corteva-2014-2018-external|2015-70|2015,reused_external_strict,39,120.0,2015-06-09,True,7.0,7.0,3.0,3.0,True,True,False,False
corteva-2014-2018-external|2015-71|2015,reused_external_strict,39,120.0,2015-06-07,True,7.0,7.0,3.0,3.0,True,True,False,False
corteva-2014-2018-external|2015-72|2015,reused_external_strict,39,120.0,2015-05-16,True,7.0,7.0,3.0,3.0,True,True,False,False
corteva-2014-2018-external|2015-73|2015,reused_external_strict,39,120.0,2015-05-14,True,7.0,7.0,3.0,3.0,True,True,False,False
corteva-2014-2018-external|2015-74|2015,reused_external_strict,39,120.0,2015-05-16,True,7.0,7.0,3.0,3.0,True,True,False,False
corteva-2014-2018-external|2015-75|2015,reused_external_strict,39,120.0,2015-05-20,True,7.0,7.0,3.0,3.0,True,True,False,False
corteva-2014-2018-external|2015-76|2015,reused_external_strict,39,120.0,2015-05-14,True,7.0,7.0,3.0,3.0,True,True,False,False
corteva-2014-2018-external|2015-77|2015,reused_external_strict,39,120.0,2015-05-17,True,7.0,7.0,3.0,3.0,True,True,False,False
corteva-2014-2018-external|2015-78|2015,reused_external_strict,39,120.0,2015-05-25,True,7.0,7.0,3.0,3.0,True,True,False,False
corteva-2014-2018-external|2016-100|2016,reused_external_strict,39,120.0,2016-05-22,True,7.0,7.0,3.0,3.0,True,True,False,False
corteva-2014-2018-external|2016-101|2016,reused_external_strict,39,120.0,2016-05-16,True,7.0,7.0,3.0,3.0,True,True,False,False
corteva-2014-2018-external|2016-102|2016,reused_external_strict,39,120.0,2016-05-18,True,7.0,7.0,3.0,3.0,True,True,False,False
corteva-2014-2018-external|2016-103|2016,reused_external_strict,39,120.0,2016-05-03,True,7.0,7.0,3.0,3.0,True,True,False,False
corteva-2014-2018-external|2016-104|2016,reused_external_strict,39,120.0,2016-05-19,True,7.0,7.0,3.0,3.0,True,True,False,False
corteva-2014-2018-external|2016-105|2016,reused_external_strict,39,120.0,2016-05-31,True,7.0,7.0,3.0,3.0,True,True,False,False
corteva-2014-2018-external|2016-106|2016,reused_external_strict,39,120.0,2016-05-10,True,7.0,7.0,3.0,3.0,True,True,False,False
corteva-2014-2018-external|2016-107|2016,reused_external_strict,39,120.0,2016-05-18,True,7.0,7.0,3.0,3.0,True,True,False,False
corteva-2014-2018-external|2016-108|2016,reused_external_strict,39,120.0,2016-05-19,True,7.0,7.0,3.0,3.0,True,True,False,False
corteva-2014-2018-external|2016-109|2016,reused_external_strict,39,120.0,2016-05-12,True,7.0,7.0,3.0,3.0,True,True,False,False
corteva-2014-2018-external|2016-110|2016,reused_external_strict,39,120.0,2016-05-12,True,7.0,7.0,3.0,3.0,True,True,False,False
corteva-2014-2018-external|2016-111|2016,reused_external_strict,39,120.0,2016-05-20,True,7.0,7.0,3.0,3.0,True,True,False,False
corteva-2014-2018-external|2016-113|2016,reused_external_strict,39,120.0,2016-05-09,True,7.0,7.0,3.0,3.0,True,True,False,False
corteva-2014-2018-external|2016-115|2016,reused_external_strict,39,120.0,2016-05-16,True,7.0,7.0,3.0,3.0,True,True,False,False
corteva-2014-2018-external|2016-116|2016,reused_external_strict,39,120.0,2016-05-16,True,7.0,7.0,3.0,3.0,True,True,False,False
corteva-2014-2018-external|2016-79|2016,reused_external_strict,39,120.0,2016-05-16,True,7.0,7.0,3.0,3.0,True,True,False,False
corteva-2014-2018-external|2016-80|2016,reused_external_strict,39,120.0,2016-05-20,True,7.0,7.0,3.0,3.0,True,True,False,False
corteva-2014-2018-external|2016-81|2016,reused_external_strict,39,120.0,2016-05-16,True,7.0,7.0,3.0,3.0,True,True,False,False
corteva-2014-2018-external|2016-89|2016,reused_external_strict,39,120.0,2016-05-20,True,7.0,7.0,3.0,3.0,True,True,False,False
corteva-2014-2018-external|2016-90|2016,reused_external_strict,39,120.0,2016-05-08,True,7.0,7.0,3.0,3.0,True,True,False,False
corteva-2014-2018-external|2016-91|2016,reused_external_strict,39,120.0,2016-05-16,True,7.0,7.0,3.0,3.0,True,True,False,False
corteva-2014-2018-external|2016-92|2016,reused_external_strict,39,120.0,2016-05-09,True,7.0,7.0,3.0,3.0,True,True,False,False
corteva-2014-2018-external|2016-93|2016,reused_external_strict,39,120.0,2016-05-19,True,7.0,7.0,3.0,3.0,True,True,False,False
corteva-2014-2018-external|2016-94|2016,reused_external_strict,39,120.0,2016-05-16,True,7.0,7.0,3.0,3.0,True,True,False,False
corteva-2014-2018-external|2016-96|2016,reused_external_strict,39,120.0,2016-05-04,True,7.0,7.0,3.0,3.0,True,True,False,False
corteva-2014-2018-external|2016-97|2016,reused_external_strict,39,120.0,2016-05-16,True,7.0,7.0,3.0,3.0,True,True,False,False
corteva-2014-2018-external|2016-98|2016,reused_external_strict,39,120.0,2016-05-06,True,7.0,7.0,3.0,3.0,True,True,False,False
corteva-2014-2018-external|2016-99|2016,reused_external_strict,39,120.0,2016-05-16,True,7.0,7.0,3.0,3.0,True,True,False,False
corteva-2014-2018-external|2017-117|2017,reused_external_strict,39,120.0,2017-05-05,True,7.0,7.0,3.0,3.0,True,True,False,False
corteva-2014-2018-external|2017-118|2017,reused_external_strict,39,120.0,2017-05-15,True,7.0,7.0,3.0,3.0,True,True,False,False
corteva-2014-2018-external|2017-119|2017,reused_external_strict,39,120.0,2017-05-23,True,7.0,7.0,3.0,3.0,True,True,False,False
corteva-2014-2018-external|2017-121|2017,reused_external_strict,39,120.0,2017-05-05,True,7.0,7.0,3.0,3.0,True,True,False,False
corteva-2014-2018-external|2017-126|2017,reused_external_strict,39,120.0,2017-05-15,True,7.0,7.0,3.0,3.0,True,True,False,False
corteva-2014-2018-external|2017-130|2017,reused_external_strict,39,120.0,2017-05-17,True,7.0,7.0,3.0,3.0,True,True,False,False
corteva-2014-2018-external|2017-131|2017,reused_external_strict,39,120.0,2017-05-08,True,7.0,7.0,3.0,3.0,True,True,False,False
corteva-2014-2018-external|2017-132|2017,reused_external_strict,39,120.0,2017-05-15,True,7.0,7.0,3.0,3.0,True,True,False,False
corteva-2014-2018-external|2017-133|2017,reused_external_strict,39,120.0,2017-05-21,True,7.0,7.0,3.0,3.0,True,True,False,False
corteva-2014-2018-external|2017-141|2017,reused_external_strict,39,120.0,2017-05-15,True,7.0,7.0,3.0,3.0,True,True,False,False
corteva-2014-2018-external|2017-142|2017,reused_external_strict,39,120.0,2017-05-17,True,7.0,7.0,3.0,3.0,True,True,False,False
corteva-2014-2018-external|2017-144|2017,reused_external_strict,39,120.0,2017-05-14,True,7.0,7.0,3.0,3.0,True,True,False,False
corteva-2014-2018-external|2017-145|2017,reused_external_strict,39,120.0,2017-05-12,True,7.0,7.0,3.0,3.0,True,True,False,False
corteva-2014-2018-external|2017-146|2017,reused_external_strict,39,120.0,2017-05-22,True,7.0,7.0,3.0,3.0,True,True,False,False
corteva-2014-2018-external|2017-147|2017,reused_external_strict,39,120.0,2017-05-17,True,7.0,7.0,3.0,3.0,True,True,False,False
corteva-2014-2018-external|2017-148|2017,reused_external_strict,39,120.0,2017-05-28,True,7.0,7.0,3.0,3.0,True,True,False,False
corteva-2014-2018-external|2017-149|2017,reused_external_strict,39,120.0,2017-05-15,True,7.0,7.0,3.0,3.0,True,True,False,False
corteva-2014-2018-external|2017-150|2017,reused_external_strict,39,120.0,2017-05-15,True,7.0,7.0,3.0,3.0,True,True,False,False
corteva-2014-2018-external|2017-151|2017,reused_external_strict,39,120.0,2017-05-28,True,7.0,7.0,3.0,3.0,True,True,False,False
corteva-2014-2018-external|2017-152|2017,reused_external_strict,39,120.0,2017-05-12,True,7.0,7.0,3.0,3.0,True,True,False,False
corteva-2014-2018-external|2017-153|2017,reused_external_strict,39,120.0,2017-05-21,True,7.0,7.0,3.0,3.0,True,True,False,False
corteva-2014-2018-external|2017-154|2017,reused_external_strict,39,120.0,2017-05-15,True,7.0,7.0,3.0,3.0,True,True,False,False
corteva-2014-2018-external|2018-157|2018,reused_external_strict,39,120.0,2018-05-10,True,7.0,7.0,3.0,3.0,True,True,False,False
corteva-2014-2018-external|2018-158|2018,reused_external_strict,39,120.0,2018-05-25,True,7.0,7.0,3.0,3.0,True,True,False,False
corteva-2014-2018-external|2018-159|2018,reused_external_strict,39,120.0,2018-05-16,True,7.0,7.0,3.0,3.0,True,True,False,False
corteva-2014-2018-external|2018-160|2018,reused_external_strict,39,120.0,2018-05-16,True,7.0,7.0,3.0,3.0,True,True,False,False
corteva-2014-2018-external|2018-161|2018,reused_external_strict,39,120.0,2018-05-18,True,7.0,7.0,3.0,3.0,True,True,False,False
corteva-2014-2018-external|2018-162|2018,reused_external_strict,39,120.0,2018-05-06,True,7.0,7.0,3.0,3.0,True,True,False,False
corteva-2014-2018-external|2018-163|2018,reused_external_strict,39,120.0,2018-05-12,True,7.0,7.0,3.0,3.0,True,True,False,False
corteva-2014-2018-external|2018-164|2018,reused_external_strict,39,120.0,2018-05-11,True,7.0,7.0,3.0,3.0,True,True,False,False
corteva-2014-2018-external|2018-165|2018,reused_external_strict,39,120.0,2018-05-21,True,7.0,7.0,3.0,3.0,True,True,False,False
corteva-2014-2018-external|2018-166|2018,reused_external_strict,39,120.0,2018-05-19,True,7.0,7.0,3.0,3.0,True,True,False,False
corteva-2014-2018-external|2018-167|2018,reused_external_strict,39,120.0,2018-05-23,True,7.0,7.0,3.0,3.0,True,True,False,False
corteva-2014-2018-external|2018-168|2018,reused_external_strict,39,120.0,2018-05-23,True,7.0,7.0,3.0,3.0,True,True,False,False
corteva-2014-2018-external|2018-169|2018,reused_external_strict,39,120.0,2018-05-18,True,7.0,7.0,3.0,3.0,True,True,False,False
corteva-2014-2018-external|2018-170|2018,reused_external_strict,39,120.0,2018-05-10,True,7.0,7.0,3.0,3.0,True,True,False,False
corteva-2014-2018-external|2018-171|2018,reused_external_strict,39,120.0,2018-05-14,True,7.0,7.0,3.0,3.0,True,True,False,False
corteva-2014-2018-external|2018-172|2018,reused_external_strict,39,120.0,2018-05-23,True,7.0,7.0,3.0,3.0,True,True,False,False
corteva-2014-2018-external|2018-173|2018,reused_external_strict,39,120.0,2018-05-16,True,7.0,7.0,3.0,3.0,True,True,False,False
corteva-2014-2018-external|2018-174|2018,reused_external_strict,39,120.0,2018-04-12,True,7.0,7.0,3.0,3.0,True,True,False,False
corteva-2014-2018-external|2018-175|2018,reused_external_strict,39,120.0,2018-05-21,True,7.0,7.0,3.0,3.0,True,True,False,False
corteva-2014-2018-external|2018-176|2018,reused_external_strict,39,120.0,2018-05-25,True,7.0,7.0,3.0,3.0,True,True,False,False
corteva-2014-2018-external|2018-177|2018,reused_external_strict,39,120.0,2018-05-14,True,7.0,7.0,3.0,3.0,True,True,False,False
corteva-2014-2018-external|2018-181|2018,reused_external_strict,39,120.0,2018-05-12,True,7.0,7.0,3.0,3.0,True,True,False,False
corteva-2014-2018-external|2018-182|2018,reused_external_strict,39,120.0,2018-05-10,True,7.0,7.0,3.0,3.0,True,True,False,False
corteva-2014-2018-external|2018-183|2018,reused_external_strict,39,120.0,2018-05-10,True,7.0,7.0,3.0,3.0,True,True,False,False
corteva-2014-2018-external|2018-184|2018,reused_external_strict,39,120.0,2018-05-16,True,7.0,7.0,3.0,3.0,True,True,False,False
corteva-2014-2018-external|2018-185|2018,reused_external_strict,39,120.0,2018-05-18,True,7.0,7.0,3.0,3.0,True,True,False,False
corteva-2014-2018-external|2018-186|2018,reused_external_strict,39,120.0,2018-05-05,True,7.0,7.0,3.0,3.0,True,True,False,False
corteva-2014-2018-external|2018-188|2018,reused_external_strict,39,120.0,2018-04-22,True,7.0,7.0,3.0,3.0,True,True,False,False
corteva-2014-2018-external|2018-189|2018,reused_external_strict,39,120.0,2018-04-12,True,7.0,7.0,3.0,3.0,True,True,False,False
corteva-2014-2018-external|2018-190|2018,reused_external_strict,39,120.0,2018-05-21,True,7.0,7.0,3.0,3.0,True,True,False,False
corteva-2014-2018-external|2018-191|2018,reused_external_strict,39,120.0,2018-05-12,True,7.0,7.0,3.0,3.0,True,True,False,False
corteva-2014-2018-external|2018-193|2018,reused_external_strict,39,120.0,2018-05-24,True,7.0,7.0,3.0,3.0,True,True,False,False
corteva-2014-2018-external|2018-194|2018,reused_external_strict,39,120.0,2018-05-10,True,7.0,7.0,3.0,3.0,True,True,False,False
corteva-2014-2018-external|2018-195|2018,reused_external_strict,39,120.0,2018-05-18,True,7.0,7.0,3.0,3.0,True,True,False,False
corteva-2014-2018-external|2018-196|2018,reused_external_strict,39,120.0,2018-05-11,True,7.0,7.0,3.0,3.0,True,True,False,False
corteva-2014-2018-external|2018-197|2018,reused_external_strict,39,120.0,2018-05-24,True,7.0,7.0,3.0,3.0,True,True,False,False
corteva-2014-2018-external|2018-198|2018,reused_external_strict,39,120.0,2018-05-14,True,7.0,7.0,3.0,3.0,True,True,False,False
corteva-2014-2018-external|2014-1|2014,reused_external_strict,51,120.0,2014-05-24,True,7.0,7.0,3.0,3.0,True,True,False,False
corteva-2014-2018-external|2014-10|2014,reused_external_strict,51,120.0,2014-05-25,True,7.0,7.0,3.0,3.0,True,True,False,False
corteva-2014-2018-external|2014-11|2014,reused_external_strict,51,120.0,2014-06-02,True,7.0,7.0,3.0,3.0,True,True,False,False
corteva-2014-2018-external|2014-12|2014,reused_external_strict,51,120.0,2014-05-25,True,7.0,7.0,3.0,3.0,True,True,False,False
corteva-2014-2018-external|2014-13|2014,reused_external_strict,51,120.0,2014-05-28,True,7.0,7.0,3.0,3.0,True,True,False,False
corteva-2014-2018-external|2014-14|2014,reused_external_strict,51,120.0,2014-05-25,True,7.0,7.0,3.0,3.0,True,True,False,False
corteva-2014-2018-external|2014-15|2014,reused_external_strict,51,120.0,2014-05-25,True,7.0,7.0,3.0,3.0,True,True,False,False
corteva-2014-2018-external|2014-16|2014,reused_external_strict,51,120.0,2014-05-13,True,7.0,7.0,3.0,3.0,True,True,False,False
corteva-2014-2018-external|2014-17|2014,reused_external_strict,51,120.0,2014-05-25,True,7.0,7.0,3.0,3.0,True,True,False,False
corteva-2014-2018-external|2014-2|2014,reused_external_strict,51,120.0,2014-05-12,True,7.0,7.0,3.0,3.0,True,True,False,False
corteva-2014-2018-external|2014-23|2014,reused_external_strict,51,120.0,2014-06-01,True,7.0,7.0,3.0,3.0,True,True,False,False
corteva-2014-2018-external|2014-24|2014,reused_external_strict,51,120.0,2014-06-02,True,7.0,7.0,3.0,3.0,True,True,False,False
corteva-2014-2018-external|2014-25|2014,reused_external_strict,51,120.0,2014-05-13,True,7.0,7.0,3.0,3.0,True,True,False,False
corteva-2014-2018-external|2014-26|2014,reused_external_strict,51,120.0,2014-05-21,True,7.0,7.0,3.0,3.0,True,True,False,False
corteva-2014-2018-external|2014-3|2014,reused_external_strict,51,120.0,2014-05-25,True,7.0,7.0,3.0,3.0,True,True,False,False
corteva-2014-2018-external|2014-34|2014,reused_external_strict,51,120.0,2014-06-01,True,7.0,7.0,3.0,3.0,True,True,False,False
corteva-2014-2018-external|2014-35|2014,reused_external_strict,51,120.0,2014-05-13,True,7.0,7.0,3.0,3.0,True,True,False,False
corteva-2014-2018-external|2014-36|2014,reused_external_strict,51,120.0,2014-05-26,True,7.0,7.0,3.0,3.0,True,True,False,False
corteva-2014-2018-external|2014-37|2014,reused_external_strict,51,120.0,2014-06-02,True,7.0,7.0,3.0,3.0,True,True,False,False
corteva-2014-2018-external|2014-38|2014,reused_external_strict,51,120.0,2014-05-29,True,7.0,7.0,3.0,3.0,True,True,False,False
corteva-2014-2018-external|2014-39|2014,reused_external_strict,51,120.0,2014-05-22,True,7.0,7.0,3.0,3.0,True,True,False,False
corteva-2014-2018-external|2014-4|2014,reused_external_strict,51,120.0,2014-05-17,True,7.0,7.0,3.0,3.0,True,True,False,False
corteva-2014-2018-external|2014-5|2014,reused_external_strict,51,120.0,2014-05-25,True,7.0,7.0,3.0,3.0,True,True,False,False
corteva-2014-2018-external|2014-9|2014,reused_external_strict,51,120.0,2014-05-26,True,7.0,7.0,3.0,3.0,True,True,False,False
corteva-2014-2018-external|2015-41|2015,reused_external_strict,51,120.0,2015-06-05,True,7.0,7.0,3.0,3.0,True,True,False,False
corteva-2014-2018-external|2015-42|2015,reused_external_strict,51,120.0,2015-05-18,True,7.0,7.0,3.0,3.0,True,True,False,False
corteva-2014-2018-external|2015-43|2015,reused_external_strict,51,120.0,2015-05-29,True,7.0,7.0,3.0,3.0,True,True,False,False
corteva-2014-2018-external|2015-44|2015,reused_external_strict,51,120.0,2015-06-07,True,7.0,7.0,3.0,3.0,True,True,False,False
corteva-2014-2018-external|2015-48|2015,reused_external_strict,51,120.0,2015-06-05,True,7.0,7.0,3.0,3.0,True,True,False,False
corteva-2014-2018-external|2015-49|2015,reused_external_strict,51,120.0,2015-05-15,True,7.0,7.0,3.0,3.0,True,True,False,False
corteva-2014-2018-external|2015-50|2015,reused_external_strict,51,120.0,2015-06-04,True,7.0,7.0,3.0,3.0,True,True,False,False
corteva-2014-2018-external|2015-53|2015,reused_external_strict,51,120.0,2015-06-07,True,7.0,7.0,3.0,3.0,True,True,False,False
corteva-2014-2018-external|2015-54|2015,reused_external_strict,51,120.0,2015-06-11,True,7.0,7.0,3.0,3.0,True,True,False,False
corteva-2014-2018-external|2015-55|2015,reused_external_strict,51,120.0,2015-06-08,True,7.0,7.0,3.0,3.0,True,True,False,False
corteva-2014-2018-external|2015-56|2015,reused_external_strict,51,120.0,2015-05-31,True,7.0,7.0,3.0,3.0,True,True,False,False
corteva-2014-2018-external|2015-57|2015,reused_external_strict,51,120.0,2015-06-10,True,7.0,7.0,3.0,3.0,True,True,False,False
corteva-2014-2018-external|2015-58|2015,reused_external_strict,51,120.0,2015-06-25,True,7.0,7.0,3.0,3.0,True,True,False,False
corteva-2014-2018-external|2015-60|2015,reused_external_strict,51,120.0,2015-06-23,True,7.0,7.0,3.0,3.0,True,True,False,False
corteva-2014-2018-external|2015-61|2015,reused_external_strict,51,120.0,2015-05-28,True,7.0,7.0,3.0,3.0,True,True,False,False
corteva-2014-2018-external|2015-62|2015,reused_external_strict,51,120.0,2015-06-04,True,7.0,7.0,3.0,3.0,True,True,False,False
corteva-2014-2018-external|2015-63|2015,reused_external_strict,51,120.0,2015-06-08,True,7.0,7.0,3.0,3.0,True,True,False,False
corteva-2014-2018-external|2015-64|2015,reused_external_strict,51,120.0,2015-06-04,True,7.0,7.0,3.0,3.0,True,True,False,False
corteva-2014-2018-external|2015-65|2015,reused_external_strict,51,120.0,2015-06-01,True,7.0,7.0,3.0,3.0,True,True,False,False
corteva-2014-2018-external|2015-66|2015,reused_external_strict,51,120.0,2015-05-15,True,7.0,7.0,3.0,3.0,True,True,False,False
corteva-2014-2018-external|2015-67|2015,reused_external_strict,51,120.0,2015-06-04,True,7.0,7.0,3.0,3.0,True,True,False,False
corteva-2014-2018-external|2015-68|2015,reused_external_strict,51,120.0,2015-06-02,True,7.0,7.0,3.0,3.0,True,True,False,False
corteva-2014-2018-external|2015-69|2015,reused_external_strict,51,120.0,2015-05-29,True,7.0,7.0,3.0,3.0,True,True,False,False
corteva-2014-2018-external|2015-70|2015,reused_external_strict,51,120.0,2015-06-23,True,7.0,7.0,3.0,3.0,True,True,False,False
corteva-2014-2018-external|2015-71|2015,reused_external_strict,51,120.0,2015-06-20,True,7.0,7.0,3.0,3.0,True,True,False,False
corteva-2014-2018-external|2015-72|2015,reused_external_strict,51,120.0,2015-05-31,True,7.0,7.0,3.0,3.0,True,True,False,False
corteva-2014-2018-external|2015-73|2015,reused_external_strict,51,120.0,2015-05-29,True,7.0,7.0,3.0,3.0,True,True,False,False
corteva-2014-2018-external|2015-74|2015,reused_external_strict,51,120.0,2015-05-31,True,7.0,7.0,3.0,3.0,True,True,False,False
corteva-2014-2018-external|2015-75|2015,reused_external_strict,51,120.0,2015-06-04,True,7.0,7.0,3.0,3.0,True,True,False,False
corteva-2014-2018-external|2015-76|2015,reused_external_strict,51,120.0,2015-05-28,True,7.0,7.0,3.0,3.0,True,True,False,False
corteva-2014-2018-external|2015-77|2015,reused_external_strict,51,120.0,2015-06-01,True,7.0,7.0,3.0,3.0,True,True,False,False
corteva-2014-2018-external|2015-78|2015,reused_external_strict,51,120.0,2015-06-11,True,7.0,7.0,3.0,3.0,True,True,False,False
corteva-2014-2018-external|2016-100|2016,reused_external_strict,51,120.0,2016-06-05,True,7.0,7.0,3.0,3.0,True,True,False,False
corteva-2014-2018-external|2016-101|2016,reused_external_strict,51,120.0,2016-05-27,True,7.0,7.0,3.0,3.0,True,True,False,False
corteva-2014-2018-external|2016-102|2016,reused_external_strict,51,120.0,2016-05-30,True,7.0,7.0,3.0,3.0,True,True,False,False
corteva-2014-2018-external|2016-103|2016,reused_external_strict,51,120.0,2016-05-15,True,7.0,7.0,3.0,3.0,True,True,False,False
corteva-2014-2018-external|2016-104|2016,reused_external_strict,51,120.0,2016-05-29,True,7.0,7.0,3.0,3.0,True,True,False,False
corteva-2014-2018-external|2016-105|2016,reused_external_strict,51,120.0,2016-06-16,True,7.0,7.0,3.0,3.0,True,True,False,False
corteva-2014-2018-external|2016-106|2016,reused_external_strict,51,120.0,2016-05-23,True,7.0,7.0,3.0,3.0,True,True,False,False
corteva-2014-2018-external|2016-107|2016,reused_external_strict,51,120.0,2016-06-02,True,7.0,7.0,3.0,3.0,True,True,False,False
corteva-2014-2018-external|2016-108|2016,reused_external_strict,51,120.0,2016-06-02,True,7.0,7.0,3.0,3.0,True,True,False,False
corteva-2014-2018-external|2016-109|2016,reused_external_strict,51,120.0,2016-05-26,True,7.0,7.0,3.0,3.0,True,True,False,False
corteva-2014-2018-external|2016-110|2016,reused_external_strict,51,120.0,2016-05-27,True,7.0,7.0,3.0,3.0,True,True,False,False
corteva-2014-2018-external|2016-111|2016,reused_external_strict,51,120.0,2016-06-03,True,7.0,7.0,3.0,3.0,True,True,False,False
corteva-2014-2018-external|2016-113|2016,reused_external_strict,51,120.0,2016-05-22,True,7.0,7.0,3.0,3.0,True,True,False,False
corteva-2014-2018-external|2016-115|2016,reused_external_strict,51,120.0,2016-05-31,True,7.0,7.0,3.0,3.0,True,True,False,False
corteva-2014-2018-external|2016-116|2016,reused_external_strict,51,120.0,2016-05-30,True,7.0,7.0,3.0,3.0,True,True,False,False
corteva-2014-2018-external|2016-79|2016,reused_external_strict,51,120.0,2016-05-30,True,7.0,7.0,3.0,3.0,True,True,False,False
corteva-2014-2018-external|2016-80|2016,reused_external_strict,51,120.0,2016-05-31,True,7.0,7.0,3.0,3.0,True,True,False,False
corteva-2014-2018-external|2016-81|2016,reused_external_strict,51,120.0,2016-05-30,True,7.0,7.0,3.0,3.0,True,True,False,False
corteva-2014-2018-external|2016-89|2016,reused_external_strict,51,120.0,2016-05-31,True,7.0,7.0,3.0,3.0,True,True,False,False
corteva-2014-2018-external|2016-90|2016,reused_external_strict,51,120.0,2016-05-21,True,7.0,7.0,3.0,3.0,True,True,False,False
corteva-2014-2018-external|2016-91|2016,reused_external_strict,51,120.0,2016-05-30,True,7.0,7.0,3.0,3.0,True,True,False,False
corteva-2014-2018-external|2016-92|2016,reused_external_strict,51,120.0,2016-05-23,True,7.0,7.0,3.0,3.0,True,True,False,False
corteva-2014-2018-external|2016-93|2016,reused_external_strict,51,120.0,2016-05-31,True,7.0,7.0,3.0,3.0,True,True,False,False
corteva-2014-2018-external|2016-94|2016,reused_external_strict,51,120.0,2016-05-30,True,7.0,7.0,3.0,3.0,True,True,False,False
corteva-2014-2018-external|2016-96|2016,reused_external_strict,51,120.0,2016-05-16,True,7.0,7.0,3.0,3.0,True,True,False,False
corteva-2014-2018-external|2016-97|2016,reused_external_strict,51,120.0,2016-05-30,True,7.0,7.0,3.0,3.0,True,True,False,False
corteva-2014-2018-external|2016-98|2016,reused_external_strict,51,120.0,2016-05-19,True,7.0,7.0,3.0,3.0,True,True,False,False
corteva-2014-2018-external|2016-99|2016,reused_external_strict,51,120.0,2016-05-30,True,7.0,7.0,3.0,3.0,True,True,False,False
corteva-2014-2018-external|2017-117|2017,reused_external_strict,51,120.0,2017-05-17,True,7.0,7.0,3.0,3.0,True,True,False,False
corteva-2014-2018-external|2017-118|2017,reused_external_strict,51,120.0,2017-05-27,True,7.0,7.0,3.0,3.0,True,True,False,False
corteva-2014-2018-external|2017-119|2017,reused_external_strict,51,120.0,2017-06-03,True,7.0,7.0,3.0,3.0,True,True,False,False
corteva-2014-2018-external|2017-121|2017,reused_external_strict,51,120.0,2017-05-17,True,7.0,7.0,3.0,3.0,True,True,False,False
corteva-2014-2018-external|2017-126|2017,reused_external_strict,51,120.0,2017-05-27,True,7.0,7.0,3.0,3.0,True,True,False,False
corteva-2014-2018-external|2017-130|2017,reused_external_strict,51,120.0,2017-05-28,True,7.0,7.0,3.0,3.0,True,True,False,False
corteva-2014-2018-external|2017-131|2017,reused_external_strict,51,120.0,2017-05-21,True,7.0,7.0,3.0,3.0,True,True,False,False
corteva-2014-2018-external|2017-132|2017,reused_external_strict,51,120.0,2017-05-27,True,7.0,7.0,3.0,3.0,True,True,False,False
corteva-2014-2018-external|2017-133|2017,reused_external_strict,51,120.0,2017-06-01,True,7.0,7.0,3.0,3.0,True,True,False,False
corteva-2014-2018-external|2017-141|2017,reused_external_strict,51,120.0,2017-05-27,True,7.0,7.0,3.0,3.0,True,True,False,False
corteva-2014-2018-external|2017-142|2017,reused_external_strict,51,120.0,2017-05-28,True,7.0,7.0,3.0,3.0,True,True,False,False
corteva-2014-2018-external|2017-144|2017,reused_external_strict,51,120.0,2017-05-25,True,7.0,7.0,3.0,3.0,True,True,False,False
corteva-2014-2018-external|2017-145|2017,reused_external_strict,51,120.0,2017-05-25,True,7.0,7.0,3.0,3.0,True,True,False,False
corteva-2014-2018-external|2017-146|2017,reused_external_strict,51,120.0,2017-06-02,True,7.0,7.0,3.0,3.0,True,True,False,False
corteva-2014-2018-external|2017-147|2017,reused_external_strict,51,120.0,2017-05-28,True,7.0,7.0,3.0,3.0,True,True,False,False
corteva-2014-2018-external|2017-148|2017,reused_external_strict,51,120.0,,False,,,,,,,False,False
corteva-2014-2018-external|2017-149|2017,reused_external_strict,51,120.0,2017-05-26,True,7.0,7.0,3.0,3.0,True,True,False,False
corteva-2014-2018-external|2017-150|2017,reused_external_strict,51,120.0,2017-05-27,True,7.0,7.0,3.0,3.0,True,True,False,False
corteva-2014-2018-external|2017-151|2017,reused_external_strict,51,120.0,2017-06-09,True,7.0,7.0,3.0,3.0,True,True,False,False
corteva-2014-2018-external|2017-152|2017,reused_external_strict,51,120.0,2017-05-24,True,7.0,7.0,3.0,3.0,True,True,False,False
corteva-2014-2018-external|2017-153|2017,reused_external_strict,51,120.0,2017-06-01,True,7.0,7.0,3.0,3.0,True,True,False,False
corteva-2014-2018-external|2017-154|2017,reused_external_strict,51,120.0,2017-05-29,True,7.0,7.0,3.0,3.0,True,True,False,False
corteva-2014-2018-external|2018-157|2018,reused_external_strict,51,120.0,2018-05-24,True,7.0,7.0,3.0,3.0,True,True,False,False
corteva-2014-2018-external|2018-158|2018,reused_external_strict,51,120.0,2018-06-03,True,7.0,7.0,3.0,3.0,True,True,False,False
corteva-2014-2018-external|2018-159|2018,reused_external_strict,51,120.0,2018-05-27,True,7.0,7.0,3.0,3.0,True,True,False,False
corteva-2014-2018-external|2018-160|2018,reused_external_strict,51,120.0,,False,,,,,,,False,False
corteva-2014-2018-external|2018-161|2018,reused_external_strict,51,120.0,2018-05-30,True,7.0,7.0,3.0,3.0,True,True,False,False
corteva-2014-2018-external|2018-162|2018,reused_external_strict,51,120.0,2018-05-17,True,7.0,7.0,3.0,3.0,True,True,False,False
corteva-2014-2018-external|2018-163|2018,reused_external_strict,51,120.0,2018-05-24,True,7.0,7.0,3.0,3.0,True,True,False,False
corteva-2014-2018-external|2018-164|2018,reused_external_strict,51,120.0,2018-05-22,True,7.0,7.0,3.0,3.0,True,True,False,False
corteva-2014-2018-external|2018-165|2018,reused_external_strict,51,120.0,2018-05-31,True,7.0,7.0,3.0,3.0,True,True,False,False
corteva-2014-2018-external|2018-166|2018,reused_external_strict,51,120.0,2018-05-31,True,7.0,7.0,3.0,3.0,True,True,False,False
corteva-2014-2018-external|2018-167|2018,reused_external_strict,51,120.0,2018-06-03,True,7.0,7.0,3.0,3.0,True,True,False,False
corteva-2014-2018-external|2018-168|2018,reused_external_strict,51,120.0,2018-06-03,True,7.0,7.0,3.0,3.0,True,True,False,False
corteva-2014-2018-external|2018-169|2018,reused_external_strict,51,120.0,2018-05-31,True,7.0,7.0,3.0,3.0,True,True,False,False
corteva-2014-2018-external|2018-170|2018,reused_external_strict,51,120.0,2018-05-24,True,7.0,7.0,3.0,3.0,True,True,False,False
corteva-2014-2018-external|2018-171|2018,reused_external_strict,51,120.0,2018-05-27,True,7.0,7.0,3.0,3.0,True,True,False,False
corteva-2014-2018-external|2018-172|2018,reused_external_strict,51,120.0,2018-06-03,True,7.0,7.0,3.0,3.0,True,True,False,False
corteva-2014-2018-external|2018-173|2018,reused_external_strict,51,120.0,2018-05-29,True,7.0,7.0,3.0,3.0,True,True,False,False
corteva-2014-2018-external|2018-174|2018,reused_external_strict,51,120.0,2018-04-22,True,7.0,7.0,3.0,3.0,True,True,False,False
corteva-2014-2018-external|2018-175|2018,reused_external_strict,51,120.0,2018-06-02,True,7.0,7.0,3.0,3.0,True,True,False,False
corteva-2014-2018-external|2018-176|2018,reused_external_strict,51,120.0,2018-06-04,True,7.0,7.0,3.0,3.0,True,True,False,False
corteva-2014-2018-external|2018-177|2018,reused_external_strict,51,120.0,2018-05-26,True,7.0,7.0,3.0,3.0,True,True,False,False
corteva-2014-2018-external|2018-181|2018,reused_external_strict,51,120.0,2018-05-26,True,7.0,7.0,3.0,3.0,True,True,False,False
corteva-2014-2018-external|2018-182|2018,reused_external_strict,51,120.0,2018-05-24,True,7.0,7.0,3.0,3.0,True,True,False,False
corteva-2014-2018-external|2018-183|2018,reused_external_strict,51,120.0,2018-05-24,True,7.0,7.0,3.0,3.0,True,True,False,False
corteva-2014-2018-external|2018-184|2018,reused_external_strict,51,120.0,2018-05-27,True,7.0,7.0,3.0,3.0,True,True,False,False
corteva-2014-2018-external|2018-185|2018,reused_external_strict,51,120.0,2018-05-31,True,7.0,7.0,3.0,3.0,True,True,False,False
corteva-2014-2018-external|2018-186|2018,reused_external_strict,51,120.0,2018-05-17,True,7.0,7.0,3.0,3.0,True,True,False,False
corteva-2014-2018-external|2018-188|2018,reused_external_strict,51,120.0,2018-05-05,True,7.0,7.0,3.0,3.0,True,True,False,False
corteva-2014-2018-external|2018-189|2018,reused_external_strict,51,120.0,2018-04-22,True,7.0,7.0,3.0,3.0,True,True,False,False
corteva-2014-2018-external|2018-190|2018,reused_external_strict,51,120.0,2018-05-31,True,7.0,7.0,3.0,3.0,True,True,False,False
corteva-2014-2018-external|2018-191|2018,reused_external_strict,51,120.0,2018-05-24,True,7.0,7.0,3.0,3.0,True,True,False,False
corteva-2014-2018-external|2018-193|2018,reused_external_strict,51,120.0,2018-06-05,True,7.0,7.0,3.0,3.0,True,True,False,False
corteva-2014-2018-external|2018-194|2018,reused_external_strict,51,120.0,2018-05-24,True,7.0,7.0,3.0,3.0,True,True,False,False
corteva-2014-2018-external|2018-195|2018,reused_external_strict,51,120.0,2018-05-31,True,7.0,7.0,3.0,3.0,True,True,False,False
corteva-2014-2018-external|2018-196|2018,reused_external_strict,51,120.0,2018-05-24,True,7.0,7.0,3.0,3.0,True,True,False,False
corteva-2014-2018-external|2018-197|2018,reused_external_strict,51,120.0,2018-06-05,True,7.0,7.0,3.0,3.0,True,True,False,False
corteva-2014-2018-external|2018-198|2018,reused_external_strict,51,120.0,2018-05-27,True,7.0,7.0,3.0,3.0,True,True,False,False
corteva-2014-2018-external|2014-1|2014,reused_external_strict,65,120.0,,False,,,,,,,False,False
corteva-2014-2018-external|2014-10|2014,reused_external_strict,65,120.0,2014-06-08,True,7.0,7.0,3.0,3.0,True,True,False,False
corteva-2014-2018-external|2014-11|2014,reused_external_strict,65,120.0,2014-06-13,True,7.0,7.0,3.0,3.0,True,True,False,False
corteva-2014-2018-external|2014-12|2014,reused_external_strict,65,120.0,2014-06-08,True,7.0,7.0,3.0,3.0,True,True,False,False
corteva-2014-2018-external|2014-13|2014,reused_external_strict,65,120.0,2014-06-09,True,7.0,7.0,3.0,3.0,True,True,False,False
corteva-2014-2018-external|2014-14|2014,reused_external_strict,65,120.0,2014-06-08,True,7.0,7.0,3.0,3.0,True,True,False,False
corteva-2014-2018-external|2014-15|2014,reused_external_strict,65,120.0,2014-06-08,True,7.0,7.0,3.0,3.0,True,True,False,False
corteva-2014-2018-external|2014-16|2014,reused_external_strict,65,120.0,2014-05-26,True,7.0,7.0,3.0,3.0,True,True,False,False
corteva-2014-2018-external|2014-17|2014,reused_external_strict,65,120.0,2014-06-08,True,7.0,7.0,3.0,3.0,True,True,False,False
corteva-2014-2018-external|2014-2|2014,reused_external_strict,65,120.0,2014-05-25,True,7.0,7.0,3.0,3.0,True,True,False,False
corteva-2014-2018-external|2014-23|2014,reused_external_strict,65,120.0,2014-06-11,True,7.0,7.0,3.0,3.0,True,True,False,False
corteva-2014-2018-external|2014-24|2014,reused_external_strict,65,120.0,2014-06-13,True,7.0,7.0,3.0,3.0,True,True,False,False
corteva-2014-2018-external|2014-25|2014,reused_external_strict,65,120.0,2014-05-26,True,7.0,7.0,3.0,3.0,True,True,False,False
corteva-2014-2018-external|2014-26|2014,reused_external_strict,65,120.0,2014-06-03,True,7.0,7.0,3.0,3.0,True,True,False,False
corteva-2014-2018-external|2014-3|2014,reused_external_strict,65,120.0,2014-06-08,True,7.0,7.0,3.0,3.0,True,True,False,False
corteva-2014-2018-external|2014-34|2014,reused_external_strict,65,120.0,2014-06-11,True,7.0,7.0,3.0,3.0,True,True,False,False
corteva-2014-2018-external|2014-35|2014,reused_external_strict,65,120.0,2014-05-26,True,7.0,7.0,3.0,3.0,True,True,False,False
corteva-2014-2018-external|2014-36|2014,reused_external_strict,65,120.0,2014-06-08,True,7.0,7.0,3.0,3.0,True,True,False,False
corteva-2014-2018-external|2014-37|2014,reused_external_strict,65,120.0,2014-06-13,True,7.0,7.0,3.0,3.0,True,True,False,False
corteva-2014-2018-external|2014-38|2014,reused_external_strict,65,120.0,2014-06-11,True,7.0,7.0,3.0,3.0,True,True,False,False
corteva-2014-2018-external|2014-39|2014,reused_external_strict,65,120.0,2014-06-02,True,7.0,7.0,3.0,3.0,True,True,False,False
corteva-2014-2018-external|2014-4|2014,reused_external_strict,65,120.0,2014-05-28,True,7.0,7.0,3.0,3.0,True,True,False,False
corteva-2014-2018-external|2014-5|2014,reused_external_strict,65,120.0,2014-06-08,True,7.0,7.0,3.0,3.0,True,True,False,False
corteva-2014-2018-external|2014-9|2014,reused_external_strict,65,120.0,2014-06-08,True,7.0,7.0,3.0,3.0,True,True,False,False
corteva-2014-2018-external|2015-41|2015,reused_external_strict,65,120.0,2015-06-17,True,7.0,7.0,3.0,3.0,True,True,False,False
corteva-2014-2018-external|2015-42|2015,reused_external_strict,65,120.0,2015-05-31,True,7.0,7.0,3.0,3.0,True,True,False,False
corteva-2014-2018-external|2015-43|2015,reused_external_strict,65,120.0,2015-06-08,True,7.0,7.0,3.0,3.0,True,True,False,False
corteva-2014-2018-external|2015-44|2015,reused_external_strict,65,120.0,2015-06-20,True,7.0,7.0,3.0,3.0,True,True,False,False
corteva-2014-2018-external|2015-48|2015,reused_external_strict,65,120.0,2015-06-18,True,7.0,7.0,3.0,3.0,True,True,False,False
corteva-2014-2018-external|2015-49|2015,reused_external_strict,65,120.0,2015-05-28,True,7.0,7.0,3.0,3.0,True,True,False,False
corteva-2014-2018-external|2015-50|2015,reused_external_strict,65,120.0,2015-06-17,True,7.0,7.0,3.0,3.0,True,True,False,False
corteva-2014-2018-external|2015-53|2015,reused_external_strict,65,120.0,2015-06-20,True,7.0,7.0,3.0,3.0,True,True,False,False
corteva-2014-2018-external|2015-54|2015,reused_external_strict,65,120.0,2015-06-24,True,7.0,7.0,3.0,3.0,True,True,False,False
corteva-2014-2018-external|2015-55|2015,reused_external_strict,65,120.0,2015-06-21,True,7.0,7.0,3.0,3.0,True,True,False,False
corteva-2014-2018-external|2015-56|2015,reused_external_strict,65,120.0,2015-06-12,True,7.0,7.0,3.0,3.0,True,True,False,False
corteva-2014-2018-external|2015-57|2015,reused_external_strict,65,120.0,2015-06-23,True,7.0,7.0,3.0,3.0,True,True,False,False
corteva-2014-2018-external|2015-58|2015,reused_external_strict,65,120.0,2015-07-05,True,7.0,7.0,3.0,3.0,True,True,False,False
corteva-2014-2018-external|2015-60|2015,reused_external_strict,65,120.0,2015-07-04,True,7.0,7.0,3.0,3.0,True,True,False,False
corteva-2014-2018-external|2015-61|2015,reused_external_strict,65,120.0,2015-06-07,True,7.0,7.0,3.0,3.0,True,True,False,False
corteva-2014-2018-external|2015-62|2015,reused_external_strict,65,120.0,2015-06-17,True,7.0,7.0,3.0,3.0,True,True,False,False
corteva-2014-2018-external|2015-63|2015,reused_external_strict,65,120.0,2015-06-21,True,7.0,7.0,3.0,3.0,True,True,False,False
corteva-2014-2018-external|2015-64|2015,reused_external_strict,65,120.0,2015-06-17,True,7.0,7.0,3.0,3.0,True,True,False,False
corteva-2014-2018-external|2015-65|2015,reused_external_strict,65,120.0,2015-06-13,True,7.0,7.0,3.0,3.0,True,True,False,False
corteva-2014-2018-external|2015-66|2015,reused_external_strict,65,120.0,2015-05-28,True,7.0,7.0,3.0,3.0,True,True,False,False
corteva-2014-2018-external|2015-67|2015,reused_external_strict,65,120.0,2015-06-17,True,7.0,7.0,3.0,3.0,True,True,False,False
corteva-2014-2018-external|2015-68|2015,reused_external_strict,65,120.0,2015-06-12,True,7.0,7.0,3.0,3.0,True,True,False,False
corteva-2014-2018-external|2015-69|2015,reused_external_strict,65,120.0,2015-06-11,True,7.0,7.0,3.0,3.0,True,True,False,False
corteva-2014-2018-external|2015-70|2015,reused_external_strict,65,120.0,2015-07-04,True,7.0,7.0,3.0,3.0,True,True,False,False
corteva-2014-2018-external|2015-71|2015,reused_external_strict,65,120.0,2015-07-02,True,7.0,7.0,3.0,3.0,True,True,False,False
corteva-2014-2018-external|2015-72|2015,reused_external_strict,65,120.0,2015-06-12,True,7.0,7.0,3.0,3.0,True,True,False,False
corteva-2014-2018-external|2015-73|2015,reused_external_strict,65,120.0,2015-06-08,True,7.0,7.0,3.0,3.0,True,True,False,False
corteva-2014-2018-external|2015-74|2015,reused_external_strict,65,120.0,2015-06-12,True,7.0,7.0,3.0,3.0,True,True,False,False
corteva-2014-2018-external|2015-75|2015,reused_external_strict,65,120.0,2015-06-18,True,7.0,7.0,3.0,3.0,True,True,False,False
corteva-2014-2018-external|2015-76|2015,reused_external_strict,65,120.0,2015-06-07,True,7.0,7.0,3.0,3.0,True,True,False,False
corteva-2014-2018-external|2015-77|2015,reused_external_strict,65,120.0,2015-06-15,True,7.0,7.0,3.0,3.0,True,True,False,False
corteva-2014-2018-external|2015-78|2015,reused_external_strict,65,120.0,2015-06-24,True,7.0,7.0,3.0,3.0,True,True,False,False
corteva-2014-2018-external|2016-100|2016,reused_external_strict,65,120.0,2016-06-16,True,7.0,7.0,3.0,3.0,True,True,False,False
corteva-2014-2018-external|2016-101|2016,reused_external_strict,65,120.0,2016-06-05,True,7.0,7.0,3.0,3.0,True,True,False,False
corteva-2014-2018-external|2016-102|2016,reused_external_strict,65,120.0,2016-06-10,True,7.0,7.0,3.0,3.0,True,True,False,False
corteva-2014-2018-external|2016-103|2016,reused_external_strict,65,120.0,2016-05-28,True,7.0,7.0,3.0,3.0,True,True,False,False
corteva-2014-2018-external|2016-104|2016,reused_external_strict,65,120.0,2016-06-07,True,7.0,7.0,3.0,3.0,True,True,False,False
corteva-2014-2018-external|2016-105|2016,reused_external_strict,65,120.0,2016-06-30,True,7.0,7.0,3.0,3.0,True,True,False,False
corteva-2014-2018-external|2016-106|2016,reused_external_strict,65,120.0,2016-06-05,True,7.0,7.0,3.0,3.0,True,True,False,False
corteva-2014-2018-external|2016-107|2016,reused_external_strict,65,120.0,2016-06-13,True,7.0,7.0,3.0,3.0,True,True,False,False
corteva-2014-2018-external|2016-108|2016,reused_external_strict,65,120.0,2016-06-13,True,7.0,7.0,3.0,3.0,True,True,False,False
corteva-2014-2018-external|2016-109|2016,reused_external_strict,65,120.0,2016-06-08,True,7.0,7.0,3.0,3.0,True,True,False,False
corteva-2014-2018-external|2016-110|2016,reused_external_strict,65,120.0,2016-06-08,True,7.0,7.0,3.0,3.0,True,True,False,False
corteva-2014-2018-external|2016-111|2016,reused_external_strict,65,120.0,2016-06-15,True,7.0,7.0,3.0,3.0,True,True,False,False
corteva-2014-2018-external|2016-113|2016,reused_external_strict,65,120.0,2016-06-02,True,7.0,7.0,3.0,3.0,True,True,False,False
corteva-2014-2018-external|2016-115|2016,reused_external_strict,65,120.0,2016-06-12,True,7.0,7.0,3.0,3.0,True,True,False,False
corteva-2014-2018-external|2016-116|2016,reused_external_strict,65,120.0,2016-06-11,True,7.0,7.0,3.0,3.0,True,True,False,False
corteva-2014-2018-external|2016-79|2016,reused_external_strict,65,120.0,2016-06-11,True,7.0,7.0,3.0,3.0,True,True,False,False
corteva-2014-2018-external|2016-80|2016,reused_external_strict,65,120.0,2016-06-10,True,7.0,7.0,3.0,3.0,True,True,False,False
corteva-2014-2018-external|2016-81|2016,reused_external_strict,65,120.0,2016-06-11,True,7.0,7.0,3.0,3.0,True,True,False,False
corteva-2014-2018-external|2016-89|2016,reused_external_strict,65,120.0,2016-06-10,True,7.0,7.0,3.0,3.0,True,True,False,False
corteva-2014-2018-external|2016-90|2016,reused_external_strict,65,120.0,2016-06-04,True,7.0,7.0,3.0,3.0,True,True,False,False
corteva-2014-2018-external|2016-91|2016,reused_external_strict,65,120.0,2016-06-11,True,7.0,7.0,3.0,3.0,True,True,False,False
corteva-2014-2018-external|2016-92|2016,reused_external_strict,65,120.0,2016-06-04,True,7.0,7.0,3.0,3.0,True,True,False,False
corteva-2014-2018-external|2016-93|2016,reused_external_strict,65,120.0,2016-06-10,True,7.0,7.0,3.0,3.0,True,True,False,False
corteva-2014-2018-external|2016-94|2016,reused_external_strict,65,120.0,2016-06-11,True,7.0,7.0,3.0,3.0,True,True,False,False
corteva-2014-2018-external|2016-96|2016,reused_external_strict,65,120.0,2016-05-28,True,7.0,7.0,3.0,3.0,True,True,False,False
corteva-2014-2018-external|2016-97|2016,reused_external_strict,65,120.0,2016-06-11,True,7.0,7.0,3.0,3.0,True,True,False,False
corteva-2014-2018-external|2016-98|2016,reused_external_strict,65,120.0,2016-05-31,True,7.0,7.0,3.0,3.0,True,True,False,False
corteva-2014-2018-external|2016-99|2016,reused_external_strict,65,120.0,2016-06-11,True,7.0,7.0,3.0,3.0,True,True,False,False
corteva-2014-2018-external|2017-117|2017,reused_external_strict,65,120.0,2017-05-28,True,7.0,7.0,3.0,3.0,True,True,False,False
corteva-2014-2018-external|2017-118|2017,reused_external_strict,65,120.0,2017-06-08,True,7.0,7.0,3.0,3.0,True,True,False,False
corteva-2014-2018-external|2017-119|2017,reused_external_strict,65,120.0,2017-06-14,True,7.0,7.0,3.0,3.0,True,True,False,False
corteva-2014-2018-external|2017-121|2017,reused_external_strict,65,120.0,2017-05-28,True,7.0,7.0,3.0,3.0,True,True,False,False
corteva-2014-2018-external|2017-126|2017,reused_external_strict,65,120.0,2017-06-08,True,7.0,7.0,3.0,3.0,True,True,False,False
corteva-2014-2018-external|2017-130|2017,reused_external_strict,65,120.0,2017-06-09,True,7.0,7.0,3.0,3.0,True,True,False,False
corteva-2014-2018-external|2017-131|2017,reused_external_strict,65,120.0,2017-05-30,True,7.0,7.0,3.0,3.0,True,True,False,False
corteva-2014-2018-external|2017-132|2017,reused_external_strict,65,120.0,2017-06-08,True,7.0,7.0,3.0,3.0,True,True,False,False
corteva-2014-2018-external|2017-133|2017,reused_external_strict,65,120.0,2017-06-12,True,7.0,7.0,3.0,3.0,True,True,False,False
corteva-2014-2018-external|2017-141|2017,reused_external_strict,65,120.0,2017-06-08,True,7.0,7.0,3.0,3.0,True,True,False,False
corteva-2014-2018-external|2017-142|2017,reused_external_strict,65,120.0,2017-06-06,True,7.0,7.0,3.0,3.0,True,True,False,False
corteva-2014-2018-external|2017-144|2017,reused_external_strict,65,120.0,2017-06-04,True,7.0,7.0,3.0,3.0,True,True,False,False
corteva-2014-2018-external|2017-145|2017,reused_external_strict,65,120.0,2017-06-06,True,7.0,7.0,3.0,3.0,True,True,False,False
corteva-2014-2018-external|2017-146|2017,reused_external_strict,65,120.0,2017-06-12,True,7.0,7.0,3.0,3.0,True,True,False,False
corteva-2014-2018-external|2017-147|2017,reused_external_strict,65,120.0,2017-06-09,True,7.0,7.0,3.0,3.0,True,True,False,False
corteva-2014-2018-external|2017-148|2017,reused_external_strict,65,120.0,,False,,,,,,,False,False
corteva-2014-2018-external|2017-149|2017,reused_external_strict,65,120.0,2017-06-05,True,7.0,7.0,3.0,3.0,True,True,False,False
corteva-2014-2018-external|2017-150|2017,reused_external_strict,65,120.0,2017-06-08,True,7.0,7.0,3.0,3.0,True,True,False,False
corteva-2014-2018-external|2017-151|2017,reused_external_strict,65,120.0,2017-06-20,True,7.0,7.0,3.0,3.0,True,True,False,False
corteva-2014-2018-external|2017-152|2017,reused_external_strict,65,120.0,2017-06-03,True,7.0,7.0,3.0,3.0,True,True,False,False
corteva-2014-2018-external|2017-153|2017,reused_external_strict,65,120.0,2017-06-15,True,7.0,7.0,3.0,3.0,True,True,False,False
corteva-2014-2018-external|2017-154|2017,reused_external_strict,65,120.0,2017-06-12,True,7.0,7.0,3.0,3.0,True,True,False,False
corteva-2014-2018-external|2018-157|2018,reused_external_strict,65,120.0,2018-06-02,True,7.0,7.0,3.0,3.0,True,True,False,False
corteva-2014-2018-external|2018-158|2018,reused_external_strict,65,120.0,2018-06-14,True,7.0,7.0,3.0,3.0,True,True,False,False
corteva-2014-2018-external|2018-159|2018,reused_external_strict,65,120.0,,False,,,,,,,False,False
corteva-2014-2018-external|2018-160|2018,reused_external_strict,65,120.0,,False,,,,,,,False,False
corteva-2014-2018-external|2018-161|2018,reused_external_strict,65,120.0,2018-06-10,True,7.0,7.0,3.0,3.0,True,True,False,False
corteva-2014-2018-external|2018-162|2018,reused_external_strict,65,120.0,2018-05-28,True,7.0,7.0,3.0,3.0,True,True,False,False
corteva-2014-2018-external|2018-163|2018,reused_external_strict,65,120.0,2018-06-02,True,7.0,7.0,3.0,3.0,True,True,False,False
corteva-2014-2018-external|2018-164|2018,reused_external_strict,65,120.0,2018-05-31,True,7.0,7.0,3.0,3.0,True,True,False,False
corteva-2014-2018-external|2018-165|2018,reused_external_strict,65,120.0,2018-06-10,True,7.0,7.0,3.0,3.0,True,True,False,False
corteva-2014-2018-external|2018-166|2018,reused_external_strict,65,120.0,2018-06-11,True,7.0,7.0,3.0,3.0,True,True,False,False
corteva-2014-2018-external|2018-167|2018,reused_external_strict,65,120.0,2018-06-15,True,7.0,7.0,3.0,3.0,True,True,False,False
corteva-2014-2018-external|2018-168|2018,reused_external_strict,65,120.0,2018-06-15,True,7.0,7.0,3.0,3.0,True,True,False,False
corteva-2014-2018-external|2018-169|2018,reused_external_strict,65,120.0,2018-06-12,True,7.0,7.0,3.0,3.0,True,True,False,False
corteva-2014-2018-external|2018-170|2018,reused_external_strict,65,120.0,2018-06-02,True,7.0,7.0,3.0,3.0,True,True,False,False
corteva-2014-2018-external|2018-171|2018,reused_external_strict,65,120.0,2018-06-07,True,7.0,7.0,3.0,3.0,True,True,False,False
corteva-2014-2018-external|2018-172|2018,reused_external_strict,65,120.0,2018-06-15,True,7.0,7.0,3.0,3.0,True,True,False,False
corteva-2014-2018-external|2018-173|2018,reused_external_strict,65,120.0,2018-06-10,True,7.0,7.0,3.0,3.0,True,True,False,False
corteva-2014-2018-external|2018-174|2018,reused_external_strict,65,120.0,2018-05-03,True,7.0,7.0,3.0,3.0,True,True,False,False
corteva-2014-2018-external|2018-175|2018,reused_external_strict,65,120.0,2018-06-13,True,7.0,7.0,3.0,3.0,True,True,False,False
corteva-2014-2018-external|2018-176|2018,reused_external_strict,65,120.0,2018-06-14,True,7.0,7.0,3.0,3.0,True,True,False,False
corteva-2014-2018-external|2018-177|2018,reused_external_strict,65,120.0,2018-06-04,True,7.0,7.0,3.0,3.0,True,True,False,False
corteva-2014-2018-external|2018-181|2018,reused_external_strict,65,120.0,2018-06-04,True,7.0,7.0,3.0,3.0,True,True,False,False
corteva-2014-2018-external|2018-182|2018,reused_external_strict,65,120.0,2018-06-02,True,7.0,7.0,3.0,3.0,True,True,False,False
corteva-2014-2018-external|2018-183|2018,reused_external_strict,65,120.0,2018-06-02,True,7.0,7.0,3.0,3.0,True,True,False,False
corteva-2014-2018-external|2018-184|2018,reused_external_strict,65,120.0,2018-06-05,True,7.0,7.0,3.0,3.0,True,True,False,False
corteva-2014-2018-external|2018-185|2018,reused_external_strict,65,120.0,2018-06-12,True,7.0,7.0,3.0,3.0,True,True,False,False
corteva-2014-2018-external|2018-186|2018,reused_external_strict,65,120.0,2018-05-27,True,7.0,7.0,3.0,3.0,True,True,False,False
corteva-2014-2018-external|2018-188|2018,reused_external_strict,65,120.0,2018-05-18,True,7.0,7.0,3.0,3.0,True,True,False,False
corteva-2014-2018-external|2018-189|2018,reused_external_strict,65,120.0,2018-05-03,True,7.0,7.0,3.0,3.0,True,True,False,False
corteva-2014-2018-external|2018-190|2018,reused_external_strict,65,120.0,2018-06-10,True,7.0,7.0,3.0,3.0,True,True,False,False
corteva-2014-2018-external|2018-191|2018,reused_external_strict,65,120.0,2018-06-02,True,7.0,7.0,3.0,3.0,True,True,False,False
corteva-2014-2018-external|2018-193|2018,reused_external_strict,65,120.0,2018-06-16,True,7.0,7.0,3.0,3.0,True,True,False,False
corteva-2014-2018-external|2018-194|2018,reused_external_strict,65,120.0,2018-06-02,True,7.0,7.0,3.0,3.0,True,True,False,False
corteva-2014-2018-external|2018-195|2018,reused_external_strict,65,120.0,,False,,,,,,,False,False
corteva-2014-2018-external|2018-196|2018,reused_external_strict,65,120.0,2018-06-02,True,7.0,7.0,3.0,3.0,True,True,False,False
corteva-2014-2018-external|2018-197|2018,reused_external_strict,65,120.0,2018-06-16,True,7.0,7.0,3.0,3.0,True,True,False,False
corteva-2014-2018-external|2018-198|2018,reused_external_strict,65,120.0,2018-06-06,True,7.0,7.0,3.0,3.0,True,True,False,False
corteva-2014-2018-external|2014-1|2014,reused_external_strict,85,120.0,,False,,,,,,,False,False
corteva-2014-2018-external|2014-10|2014,reused_external_strict,85,120.0,,False,,,,,,,False,False
corteva-2014-2018-external|2014-11|2014,reused_external_strict,85,120.0,,False,,,,,,,False,False
corteva-2014-2018-external|2014-12|2014,reused_external_strict,85,120.0,,False,,,,,,,False,False
corteva-2014-2018-external|2014-13|2014,reused_external_strict,85,120.0,,False,,,,,,,False,False
corteva-2014-2018-external|2014-14|2014,reused_external_strict,85,120.0,,False,,,,,,,False,False
corteva-2014-2018-external|2014-15|2014,reused_external_strict,85,120.0,,False,,,,,,,False,False
corteva-2014-2018-external|2014-16|2014,reused_external_strict,85,120.0,,False,,,,,,,False,False
corteva-2014-2018-external|2014-17|2014,reused_external_strict,85,120.0,,False,,,,,,,False,False
corteva-2014-2018-external|2014-2|2014,reused_external_strict,85,120.0,,False,,,,,,,False,False
corteva-2014-2018-external|2014-23|2014,reused_external_strict,85,120.0,,False,,,,,,,False,False
corteva-2014-2018-external|2014-24|2014,reused_external_strict,85,120.0,,False,,,,,,,False,False
corteva-2014-2018-external|2014-25|2014,reused_external_strict,85,120.0,,False,,,,,,,False,False
corteva-2014-2018-external|2014-26|2014,reused_external_strict,85,120.0,,False,,,,,,,False,False
corteva-2014-2018-external|2014-3|2014,reused_external_strict,85,120.0,,False,,,,,,,False,False
corteva-2014-2018-external|2014-34|2014,reused_external_strict,85,120.0,,False,,,,,,,False,False
corteva-2014-2018-external|2014-35|2014,reused_external_strict,85,120.0,,False,,,,,,,False,False
corteva-2014-2018-external|2014-36|2014,reused_external_strict,85,120.0,,False,,,,,,,False,False
corteva-2014-2018-external|2014-37|2014,reused_external_strict,85,120.0,,False,,,,,,,False,False
corteva-2014-2018-external|2014-38|2014,reused_external_strict,85,120.0,,False,,,,,,,False,False
corteva-2014-2018-external|2014-39|2014,reused_external_strict,85,120.0,,False,,,,,,,False,False
corteva-2014-2018-external|2014-4|2014,reused_external_strict,85,120.0,2014-07-02,True,7.0,7.0,3.0,3.0,True,True,False,False
corteva-2014-2018-external|2014-5|2014,reused_external_strict,85,120.0,,False,,,,,,,False,False
corteva-2014-2018-external|2014-9|2014,reused_external_strict,85,120.0,,False,,,,,,,False,False
corteva-2014-2018-external|2015-41|2015,reused_external_strict,85,120.0,,False,,,,,,,False,False
corteva-2014-2018-external|2015-42|2015,reused_external_strict,85,120.0,,False,,,,,,,False,False
corteva-2014-2018-external|2015-43|2015,reused_external_strict,85,120.0,,False,,,,,,,False,False
corteva-2014-2018-external|2015-44|2015,reused_external_strict,85,120.0,,False,,,,,,,False,False
corteva-2014-2018-external|2015-48|2015,reused_external_strict,85,120.0,,False,,,,,,,False,False
corteva-2014-2018-external|2015-49|2015,reused_external_strict,85,120.0,,False,,,,,,,False,False
corteva-2014-2018-external|2015-50|2015,reused_external_strict,85,120.0,,False,,,,,,,False,False
corteva-2014-2018-external|2015-53|2015,reused_external_strict,85,120.0,,False,,,,,,,False,False
corteva-2014-2018-external|2015-54|2015,reused_external_strict,85,120.0,,False,,,,,,,False,False
corteva-2014-2018-external|2015-55|2015,reused_external_strict,85,120.0,,False,,,,,,,False,False
corteva-2014-2018-external|2015-56|2015,reused_external_strict,85,120.0,,False,,,,,,,False,False
corteva-2014-2018-external|2015-57|2015,reused_external_strict,85,120.0,,False,,,,,,,False,False
corteva-2014-2018-external|2015-58|2015,reused_external_strict,85,120.0,2015-08-12,True,7.0,7.0,3.0,3.0,True,True,False,False
corteva-2014-2018-external|2015-60|2015,reused_external_strict,85,120.0,,False,,,,,,,False,False
corteva-2014-2018-external|2015-61|2015,reused_external_strict,85,120.0,,False,,,,,,,False,False
corteva-2014-2018-external|2015-62|2015,reused_external_strict,85,120.0,,False,,,,,,,False,False
corteva-2014-2018-external|2015-63|2015,reused_external_strict,85,120.0,,False,,,,,,,False,False
corteva-2014-2018-external|2015-64|2015,reused_external_strict,85,120.0,,False,,,,,,,False,False
corteva-2014-2018-external|2015-65|2015,reused_external_strict,85,120.0,,False,,,,,,,False,False
corteva-2014-2018-external|2015-66|2015,reused_external_strict,85,120.0,,False,,,,,,,False,False
corteva-2014-2018-external|2015-67|2015,reused_external_strict,85,120.0,,False,,,,,,,False,False
corteva-2014-2018-external|2015-68|2015,reused_external_strict,85,120.0,,False,,,,,,,False,False
corteva-2014-2018-external|2015-69|2015,reused_external_strict,85,120.0,,False,,,,,,,False,False
corteva-2014-2018-external|2015-70|2015,reused_external_strict,85,120.0,,False,,,,,,,False,False
corteva-2014-2018-external|2015-71|2015,reused_external_strict,85,120.0,,False,,,,,,,False,False
corteva-2014-2018-external|2015-72|2015,reused_external_strict,85,120.0,,False,,,,,,,False,False
corteva-2014-2018-external|2015-73|2015,reused_external_strict,85,120.0,,False,,,,,,,False,False
corteva-2014-2018-external|2015-74|2015,reused_external_strict,85,120.0,,False,,,,,,,False,False
corteva-2014-2018-external|2015-75|2015,reused_external_strict,85,120.0,,False,,,,,,,False,False
corteva-2014-2018-external|2015-76|2015,reused_external_strict,85,120.0,,False,,,,,,,False,False
corteva-2014-2018-external|2015-77|2015,reused_external_strict,85,120.0,,False,,,,,,,False,False
corteva-2014-2018-external|2015-78|2015,reused_external_strict,85,120.0,,False,,,,,,,False,False
corteva-2014-2018-external|2016-100|2016,reused_external_strict,85,120.0,,False,,,,,,,False,False
corteva-2014-2018-external|2016-101|2016,reused_external_strict,85,120.0,2016-07-09,True,7.0,7.0,3.0,3.0,True,True,False,False
corteva-2014-2018-external|2016-102|2016,reused_external_strict,85,120.0,,False,,,,,,,False,False
corteva-2014-2018-external|2016-103|2016,reused_external_strict,85,120.0,,False,,,,,,,False,False
corteva-2014-2018-external|2016-104|2016,reused_external_strict,85,120.0,,False,,,,,,,False,False
corteva-2014-2018-external|2016-105|2016,reused_external_strict,85,120.0,,False,,,,,,,False,False
corteva-2014-2018-external|2016-106|2016,reused_external_strict,85,120.0,,False,,,,,,,False,False
corteva-2014-2018-external|2016-107|2016,reused_external_strict,85,120.0,,False,,,,,,,False,False
corteva-2014-2018-external|2016-108|2016,reused_external_strict,85,120.0,,False,,,,,,,False,False
corteva-2014-2018-external|2016-109|2016,reused_external_strict,85,120.0,,False,,,,,,,False,False
corteva-2014-2018-external|2016-110|2016,reused_external_strict,85,120.0,,False,,,,,,,False,False
corteva-2014-2018-external|2016-111|2016,reused_external_strict,85,120.0,,False,,,,,,,False,False
corteva-2014-2018-external|2016-113|2016,reused_external_strict,85,120.0,,False,,,,,,,False,False
corteva-2014-2018-external|2016-115|2016,reused_external_strict,85,120.0,,False,,,,,,,False,False
corteva-2014-2018-external|2016-116|2016,reused_external_strict,85,120.0,,False,,,,,,,False,False
corteva-2014-2018-external|2016-79|2016,reused_external_strict,85,120.0,,False,,,,,,,False,False
corteva-2014-2018-external|2016-80|2016,reused_external_strict,85,120.0,,False,,,,,,,False,False
corteva-2014-2018-external|2016-81|2016,reused_external_strict,85,120.0,,False,,,,,,,False,False
corteva-2014-2018-external|2016-89|2016,reused_external_strict,85,120.0,,False,,,,,,,False,False
corteva-2014-2018-external|2016-90|2016,reused_external_strict,85,120.0,,False,,,,,,,False,False
corteva-2014-2018-external|2016-91|2016,reused_external_strict,85,120.0,,False,,,,,,,False,False
corteva-2014-2018-external|2016-92|2016,reused_external_strict,85,120.0,,False,,,,,,,False,False
corteva-2014-2018-external|2016-93|2016,reused_external_strict,85,120.0,,False,,,,,,,False,False
corteva-2014-2018-external|2016-94|2016,reused_external_strict,85,120.0,,False,,,,,,,False,False
corteva-2014-2018-external|2016-96|2016,reused_external_strict,85,120.0,,False,,,,,,,False,False
corteva-2014-2018-external|2016-97|2016,reused_external_strict,85,120.0,,False,,,,,,,False,False
corteva-2014-2018-external|2016-98|2016,reused_external_strict,85,120.0,,False,,,,,,,False,False
corteva-2014-2018-external|2016-99|2016,reused_external_strict,85,120.0,,False,,,,,,,False,False
corteva-2014-2018-external|2017-117|2017,reused_external_strict,85,120.0,,False,,,,,,,False,False
corteva-2014-2018-external|2017-118|2017,reused_external_strict,85,120.0,,False,,,,,,,False,False
corteva-2014-2018-external|2017-119|2017,reused_external_strict,85,120.0,,False,,,,,,,False,False
corteva-2014-2018-external|2017-121|2017,reused_external_strict,85,120.0,,False,,,,,,,False,False
corteva-2014-2018-external|2017-126|2017,reused_external_strict,85,120.0,,False,,,,,,,False,False
corteva-2014-2018-external|2017-130|2017,reused_external_strict,85,120.0,,False,,,,,,,False,False
corteva-2014-2018-external|2017-131|2017,reused_external_strict,85,120.0,,False,,,,,,,False,False
corteva-2014-2018-external|2017-132|2017,reused_external_strict,85,120.0,,False,,,,,,,False,False
corteva-2014-2018-external|2017-133|2017,reused_external_strict,85,120.0,,False,,,,,,,False,False
corteva-2014-2018-external|2017-141|2017,reused_external_strict,85,120.0,,False,,,,,,,False,False
corteva-2014-2018-external|2017-142|2017,reused_external_strict,85,120.0,2017-07-08,True,7.0,7.0,3.0,3.0,True,True,False,False
corteva-2014-2018-external|2017-144|2017,reused_external_strict,85,120.0,,False,,,,,,,False,False
corteva-2014-2018-external|2017-145|2017,reused_external_strict,85,120.0,,False,,,,,,,False,False
corteva-2014-2018-external|2017-146|2017,reused_external_strict,85,120.0,,False,,,,,,,False,False
corteva-2014-2018-external|2017-147|2017,reused_external_strict,85,120.0,,False,,,,,,,False,False
corteva-2014-2018-external|2017-148|2017,reused_external_strict,85,120.0,,False,,,,,,,False,False
corteva-2014-2018-external|2017-149|2017,reused_external_strict,85,120.0,,False,,,,,,,False,False
corteva-2014-2018-external|2017-150|2017,reused_external_strict,85,120.0,,False,,,,,,,False,False
corteva-2014-2018-external|2017-151|2017,reused_external_strict,85,120.0,,False,,,,,,,False,False
corteva-2014-2018-external|2017-152|2017,reused_external_strict,85,120.0,,False,,,,,,,False,False
corteva-2014-2018-external|2017-153|2017,reused_external_strict,85,120.0,,False,,,,,,,False,False
corteva-2014-2018-external|2017-154|2017,reused_external_strict,85,120.0,,False,,,,,,,False,False
corteva-2014-2018-external|2018-157|2018,reused_external_strict,85,120.0,,False,,,,,,,False,False
corteva-2014-2018-external|2018-158|2018,reused_external_strict,85,120.0,,False,,,,,,,False,False
corteva-2014-2018-external|2018-159|2018,reused_external_strict,85,120.0,,False,,,,,,,False,False
corteva-2014-2018-external|2018-160|2018,reused_external_strict,85,120.0,,False,,,,,,,False,False
corteva-2014-2018-external|2018-161|2018,reused_external_strict,85,120.0,,False,,,,,,,False,False
corteva-2014-2018-external|2018-162|2018,reused_external_strict,85,120.0,,False,,,,,,,False,False
corteva-2014-2018-external|2018-163|2018,reused_external_strict,85,120.0,,False,,,,,,,False,False
corteva-2014-2018-external|2018-164|2018,reused_external_strict,85,120.0,,False,,,,,,,False,False
corteva-2014-2018-external|2018-165|2018,reused_external_strict,85,120.0,,False,,,,,,,False,False
corteva-2014-2018-external|2018-166|2018,reused_external_strict,85,120.0,,False,,,,,,,False,False
corteva-2014-2018-external|2018-167|2018,reused_external_strict,85,120.0,,False,,,,,,,False,False
corteva-2014-2018-external|2018-168|2018,reused_external_strict,85,120.0,,False,,,,,,,False,False
corteva-2014-2018-external|2018-169|2018,reused_external_strict,85,120.0,,False,,,,,,,False,False
corteva-2014-2018-external|2018-170|2018,reused_external_strict,85,120.0,,False,,,,,,,False,False
corteva-2014-2018-external|2018-171|2018,reused_external_strict,85,120.0,,False,,,,,,,False,False
corteva-2014-2018-external|2018-172|2018,reused_external_strict,85,120.0,,False,,,,,,,False,False
corteva-2014-2018-external|2018-173|2018,reused_external_strict,85,120.0,,False,,,,,,,False,False
corteva-2014-2018-external|2018-174|2018,reused_external_strict,85,120.0,2018-06-04,True,7.0,7.0,3.0,3.0,True,True,False,False
corteva-2014-2018-external|2018-175|2018,reused_external_strict,85,120.0,,False,,,,,,,False,False
corteva-2014-2018-external|2018-176|2018,reused_external_strict,85,120.0,,False,,,,,,,False,False
corteva-2014-2018-external|2018-177|2018,reused_external_strict,85,120.0,,False,,,,,,,False,False
corteva-2014-2018-external|2018-181|2018,reused_external_strict,85,120.0,,False,,,,,,,False,False
corteva-2014-2018-external|2018-182|2018,reused_external_strict,85,120.0,,False,,,,,,,False,False
corteva-2014-2018-external|2018-183|2018,reused_external_strict,85,120.0,,False,,,,,,,False,False
corteva-2014-2018-external|2018-184|2018,reused_external_strict,85,120.0,,False,,,,,,,False,False
corteva-2014-2018-external|2018-185|2018,reused_external_strict,85,120.0,,False,,,,,,,False,False
corteva-2014-2018-external|2018-186|2018,reused_external_strict,85,120.0,,False,,,,,,,False,False
corteva-2014-2018-external|2018-188|2018,reused_external_strict,85,120.0,,False,,,,,,,False,False
corteva-2014-2018-external|2018-189|2018,reused_external_strict,85,120.0,2018-06-04,True,7.0,7.0,3.0,3.0,True,True,False,False
corteva-2014-2018-external|2018-190|2018,reused_external_strict,85,120.0,,False,,,,,,,False,False
corteva-2014-2018-external|2018-191|2018,reused_external_strict,85,120.0,,False,,,,,,,False,False
corteva-2014-2018-external|2018-193|2018,reused_external_strict,85,120.0,,False,,,,,,,False,False
corteva-2014-2018-external|2018-194|2018,reused_external_strict,85,120.0,,False,,,,,,,False,False
corteva-2014-2018-external|2018-195|2018,reused_external_strict,85,120.0,,False,,,,,,,False,False
corteva-2014-2018-external|2018-196|2018,reused_external_strict,85,120.0,,False,,,,,,,False,False
corteva-2014-2018-external|2018-197|2018,reused_external_strict,85,120.0,,False,,,,,,,False,False
corteva-2014-2018-external|2018-198|2018,reused_external_strict,85,120.0,,False,,,,,,,False,False
corteva-2014-2018-external|2014-1|2014,reused_external_strict,10,160.0,2013-10-14,True,3.0,0.0,0.0,0.0,False,False,False,False
corteva-2014-2018-external|2014-10|2014,reused_external_strict,10,160.0,2013-11-18,True,3.0,0.0,0.0,0.0,False,False,False,False
corteva-2014-2018-external|2014-11|2014,reused_external_strict,10,160.0,2013-10-25,True,3.0,0.0,0.0,0.0,False,False,False,False
corteva-2014-2018-external|2014-12|2014,reused_external_strict,10,160.0,2013-11-18,True,3.0,0.0,0.0,0.0,False,False,False,False
corteva-2014-2018-external|2014-13|2014,reused_external_strict,10,160.0,2013-10-28,True,3.0,0.0,0.0,0.0,False,False,False,False
corteva-2014-2018-external|2014-14|2014,reused_external_strict,10,160.0,2013-11-18,True,3.0,0.0,0.0,0.0,False,False,False,False
corteva-2014-2018-external|2014-15|2014,reused_external_strict,10,160.0,2013-11-18,True,3.0,0.0,0.0,0.0,False,False,False,False
corteva-2014-2018-external|2014-16|2014,reused_external_strict,10,160.0,2013-11-13,True,3.0,0.0,0.0,0.0,False,False,False,False
corteva-2014-2018-external|2014-17|2014,reused_external_strict,10,160.0,2013-11-18,True,3.0,0.0,0.0,0.0,False,False,False,False
corteva-2014-2018-external|2014-2|2014,reused_external_strict,10,160.0,2013-11-13,True,3.0,0.0,0.0,0.0,False,False,False,False
corteva-2014-2018-external|2014-23|2014,reused_external_strict,10,160.0,2013-10-17,True,3.0,0.0,0.0,0.0,False,False,False,False
corteva-2014-2018-external|2014-24|2014,reused_external_strict,10,160.0,2013-10-25,True,3.0,0.0,0.0,0.0,False,False,False,False
corteva-2014-2018-external|2014-25|2014,reused_external_strict,10,160.0,2013-11-13,True,3.0,0.0,0.0,0.0,False,False,False,False
corteva-2014-2018-external|2014-26|2014,reused_external_strict,10,160.0,2013-11-16,True,3.0,0.0,0.0,0.0,False,False,False,False
corteva-2014-2018-external|2014-3|2014,reused_external_strict,10,160.0,2013-11-18,True,3.0,0.0,0.0,0.0,False,False,False,False
corteva-2014-2018-external|2014-34|2014,reused_external_strict,10,160.0,2013-10-17,True,3.0,0.0,0.0,0.0,False,False,False,False
corteva-2014-2018-external|2014-35|2014,reused_external_strict,10,160.0,2013-11-13,True,3.0,0.0,0.0,0.0,False,False,False,False
corteva-2014-2018-external|2014-36|2014,reused_external_strict,10,160.0,2013-10-16,True,3.0,0.0,0.0,0.0,False,False,False,False
corteva-2014-2018-external|2014-37|2014,reused_external_strict,10,160.0,2013-10-25,True,3.0,0.0,0.0,0.0,False,False,False,False
corteva-2014-2018-external|2014-38|2014,reused_external_strict,10,160.0,2013-11-19,True,3.0,0.0,0.0,0.0,False,False,False,False
corteva-2014-2018-external|2014-39|2014,reused_external_strict,10,160.0,2013-10-16,True,3.0,0.0,0.0,0.0,False,False,False,False
corteva-2014-2018-external|2014-4|2014,reused_external_strict,10,160.0,2013-10-15,True,3.0,0.0,0.0,0.0,False,False,False,False
corteva-2014-2018-external|2014-5|2014,reused_external_strict,10,160.0,2013-11-18,True,3.0,0.0,0.0,0.0,False,False,False,False
corteva-2014-2018-external|2014-9|2014,reused_external_strict,10,160.0,2013-10-13,True,3.0,0.0,0.0,0.0,False,False,False,False
corteva-2014-2018-external|2015-41|2015,reused_external_strict,10,160.0,2014-10-11,True,3.0,0.0,0.0,0.0,False,False,False,False
corteva-2014-2018-external|2015-42|2015,reused_external_strict,10,160.0,2014-11-13,True,3.0,0.0,0.0,0.0,False,False,False,False
corteva-2014-2018-external|2015-43|2015,reused_external_strict,10,160.0,2014-10-11,True,3.0,0.0,0.0,0.0,False,False,False,False
corteva-2014-2018-external|2015-44|2015,reused_external_strict,10,160.0,2014-11-15,True,3.0,0.0,0.0,0.0,False,False,False,False
corteva-2014-2018-external|2015-48|2015,reused_external_strict,10,160.0,2014-10-10,True,3.0,0.0,0.0,0.0,False,False,False,False
corteva-2014-2018-external|2015-49|2015,reused_external_strict,10,160.0,2014-11-13,True,3.0,0.0,0.0,0.0,False,False,False,False
corteva-2014-2018-external|2015-50|2015,reused_external_strict,10,160.0,2014-11-14,True,3.0,0.0,0.0,0.0,False,False,False,False
corteva-2014-2018-external|2015-53|2015,reused_external_strict,10,160.0,2014-11-15,True,3.0,0.0,0.0,0.0,False,False,False,False
corteva-2014-2018-external|2015-54|2015,reused_external_strict,10,160.0,2014-11-18,True,3.0,0.0,0.0,0.0,False,False,False,False
corteva-2014-2018-external|2015-55|2015,reused_external_strict,10,160.0,2014-10-28,True,3.0,0.0,0.0,0.0,False,False,False,False
corteva-2014-2018-external|2015-56|2015,reused_external_strict,10,160.0,2014-11-13,True,3.0,0.0,0.0,0.0,False,False,False,False
corteva-2014-2018-external|2015-57|2015,reused_external_strict,10,160.0,2014-10-24,True,3.0,0.0,0.0,0.0,False,False,False,False
corteva-2014-2018-external|2015-58|2015,reused_external_strict,10,160.0,2014-10-27,True,3.0,0.0,0.0,0.0,False,False,False,False
corteva-2014-2018-external|2015-60|2015,reused_external_strict,10,160.0,2014-10-14,True,3.0,0.0,0.0,0.0,False,False,False,False
corteva-2014-2018-external|2015-61|2015,reused_external_strict,10,160.0,2014-10-13,True,3.0,0.0,0.0,0.0,False,False,False,False
corteva-2014-2018-external|2015-62|2015,reused_external_strict,10,160.0,2014-11-14,True,3.0,0.0,0.0,0.0,False,False,False,False
corteva-2014-2018-external|2015-63|2015,reused_external_strict,10,160.0,2014-10-28,True,3.0,0.0,0.0,0.0,False,False,False,False
corteva-2014-2018-external|2015-64|2015,reused_external_strict,10,160.0,2014-11-14,True,3.0,0.0,0.0,0.0,False,False,False,False
corteva-2014-2018-external|2015-65|2015,reused_external_strict,10,160.0,2014-10-10,True,3.0,0.0,0.0,0.0,False,False,False,False
corteva-2014-2018-external|2015-66|2015,reused_external_strict,10,160.0,2014-11-13,True,3.0,0.0,0.0,0.0,False,False,False,False
corteva-2014-2018-external|2015-67|2015,reused_external_strict,10,160.0,2014-11-14,True,3.0,0.0,0.0,0.0,False,False,False,False
corteva-2014-2018-external|2015-68|2015,reused_external_strict,10,160.0,2014-10-11,True,3.0,0.0,0.0,0.0,False,False,False,False
corteva-2014-2018-external|2015-69|2015,reused_external_strict,10,160.0,2014-11-13,True,3.0,0.0,0.0,0.0,False,False,False,False
corteva-2014-2018-external|2015-70|2015,reused_external_strict,10,160.0,2014-10-14,True,3.0,0.0,0.0,0.0,False,False,False,False
corteva-2014-2018-external|2015-71|2015,reused_external_strict,10,160.0,2014-10-14,True,3.0,0.0,0.0,0.0,False,False,False,False
corteva-2014-2018-external|2015-72|2015,reused_external_strict,10,160.0,2014-11-13,True,3.0,0.0,0.0,0.0,False,False,False,False
corteva-2014-2018-external|2015-73|2015,reused_external_strict,10,160.0,2014-10-11,True,3.0,0.0,0.0,0.0,False,False,False,False
corteva-2014-2018-external|2015-74|2015,reused_external_strict,10,160.0,2014-11-13,True,3.0,0.0,0.0,0.0,False,False,False,False
corteva-2014-2018-external|2015-75|2015,reused_external_strict,10,160.0,2014-11-14,True,3.0,0.0,0.0,0.0,False,False,False,False
corteva-2014-2018-external|2015-76|2015,reused_external_strict,10,160.0,2014-10-13,True,3.0,0.0,0.0,0.0,False,False,False,False
corteva-2014-2018-external|2015-77|2015,reused_external_strict,10,160.0,2014-11-14,True,3.0,0.0,0.0,0.0,False,False,False,False
corteva-2014-2018-external|2015-78|2015,reused_external_strict,10,160.0,2014-11-18,True,3.0,0.0,0.0,0.0,False,False,False,False
corteva-2014-2018-external|2016-100|2016,reused_external_strict,10,160.0,2015-11-14,True,3.0,0.0,0.0,0.0,False,False,False,False
corteva-2014-2018-external|2016-101|2016,reused_external_strict,10,160.0,2015-10-20,True,3.0,0.0,0.0,0.0,False,False,False,False
corteva-2014-2018-external|2016-102|2016,reused_external_strict,10,160.0,2015-10-17,True,3.0,0.0,0.0,0.0,False,False,False,False
corteva-2014-2018-external|2016-103|2016,reused_external_strict,10,160.0,2015-11-10,True,3.0,0.0,0.0,0.0,False,False,False,False
corteva-2014-2018-external|2016-104|2016,reused_external_strict,10,160.0,2015-10-21,True,3.0,0.0,0.0,0.0,False,False,False,False
corteva-2014-2018-external|2016-105|2016,reused_external_strict,10,160.0,2015-11-13,True,3.0,0.0,0.0,0.0,False,False,False,False
corteva-2014-2018-external|2016-106|2016,reused_external_strict,10,160.0,2015-11-11,True,3.0,0.0,0.0,0.0,False,False,False,False
corteva-2014-2018-external|2016-107|2016,reused_external_strict,10,160.0,2015-11-12,True,3.0,0.0,0.0,0.0,False,False,False,False
corteva-2014-2018-external|2016-108|2016,reused_external_strict,10,160.0,2015-11-14,True,3.0,0.0,0.0,0.0,False,False,False,False
corteva-2014-2018-external|2016-109|2016,reused_external_strict,10,160.0,2015-11-11,True,3.0,0.0,0.0,0.0,False,False,False,False
corteva-2014-2018-external|2016-110|2016,reused_external_strict,10,160.0,2015-11-11,True,3.0,0.0,0.0,0.0,False,False,False,False
corteva-2014-2018-external|2016-111|2016,reused_external_strict,10,160.0,2015-11-14,True,3.0,0.0,0.0,0.0,False,False,False,False
corteva-2014-2018-external|2016-113|2016,reused_external_strict,10,160.0,2015-10-13,True,3.0,0.0,0.0,0.0,False,False,False,False
corteva-2014-2018-external|2016-115|2016,reused_external_strict,10,160.0,2015-11-11,True,3.0,0.0,0.0,0.0,False,False,False,False
corteva-2014-2018-external|2016-116|2016,reused_external_strict,10,160.0,2015-11-11,True,3.0,0.0,0.0,0.0,False,False,False,False
corteva-2014-2018-external|2016-79|2016,reused_external_strict,10,160.0,2015-11-11,True,3.0,0.0,0.0,0.0,False,False,False,False
corteva-2014-2018-external|2016-80|2016,reused_external_strict,10,160.0,2015-10-15,True,3.0,0.0,0.0,0.0,False,False,False,False
corteva-2014-2018-external|2016-81|2016,reused_external_strict,10,160.0,2015-11-11,True,3.0,0.0,0.0,0.0,False,False,False,False
corteva-2014-2018-external|2016-89|2016,reused_external_strict,10,160.0,2015-10-15,True,3.0,0.0,0.0,0.0,False,False,False,False
corteva-2014-2018-external|2016-90|2016,reused_external_strict,10,160.0,2015-11-10,True,3.0,0.0,0.0,0.0,False,False,False,False
corteva-2014-2018-external|2016-91|2016,reused_external_strict,10,160.0,2015-11-11,True,3.0,0.0,0.0,0.0,False,False,False,False
corteva-2014-2018-external|2016-92|2016,reused_external_strict,10,160.0,2015-11-10,True,3.0,0.0,0.0,0.0,False,False,False,False
corteva-2014-2018-external|2016-93|2016,reused_external_strict,10,160.0,2015-10-14,True,3.0,0.0,0.0,0.0,False,False,False,False
corteva-2014-2018-external|2016-94|2016,reused_external_strict,10,160.0,2015-11-11,True,3.0,0.0,0.0,0.0,False,False,False,False
corteva-2014-2018-external|2016-96|2016,reused_external_strict,10,160.0,2015-11-09,True,3.0,0.0,0.0,0.0,False,False,False,False
corteva-2014-2018-external|2016-97|2016,reused_external_strict,10,160.0,2015-11-11,True,3.0,0.0,0.0,0.0,False,False,False,False
corteva-2014-2018-external|2016-98|2016,reused_external_strict,10,160.0,2015-11-10,True,3.0,0.0,0.0,0.0,False,False,False,False
corteva-2014-2018-external|2016-99|2016,reused_external_strict,10,160.0,2015-11-11,True,3.0,0.0,0.0,0.0,False,False,False,False
corteva-2014-2018-external|2017-117|2017,reused_external_strict,10,160.0,2016-11-16,True,3.0,0.0,0.0,0.0,False,False,False,False
corteva-2014-2018-external|2017-118|2017,reused_external_strict,10,160.0,2016-11-19,True,3.0,0.0,0.0,0.0,False,False,False,False
corteva-2014-2018-external|2017-119|2017,reused_external_strict,10,160.0,2016-11-01,True,3.0,0.0,0.0,0.0,False,False,False,False
corteva-2014-2018-external|2017-121|2017,reused_external_strict,10,160.0,2016-11-15,True,3.0,0.0,0.0,0.0,False,False,False,False
corteva-2014-2018-external|2017-126|2017,reused_external_strict,10,160.0,2016-11-19,True,3.0,0.0,0.0,0.0,False,False,False,False
corteva-2014-2018-external|2017-130|2017,reused_external_strict,10,160.0,2016-10-13,True,3.0,0.0,0.0,0.0,False,False,False,False
corteva-2014-2018-external|2017-131|2017,reused_external_strict,10,160.0,2016-11-16,True,3.0,0.0,0.0,0.0,False,False,False,False
corteva-2014-2018-external|2017-132|2017,reused_external_strict,10,160.0,2016-11-19,True,3.0,0.0,0.0,0.0,False,False,False,False
corteva-2014-2018-external|2017-133|2017,reused_external_strict,10,160.0,2016-10-13,True,3.0,0.0,0.0,0.0,False,False,False,False
corteva-2014-2018-external|2017-141|2017,reused_external_strict,10,160.0,2016-11-19,True,3.0,0.0,0.0,0.0,False,False,False,False
corteva-2014-2018-external|2017-142|2017,reused_external_strict,10,160.0,2016-10-14,True,3.0,0.0,0.0,0.0,False,False,False,False
corteva-2014-2018-external|2017-144|2017,reused_external_strict,10,160.0,2016-11-18,True,3.0,0.0,0.0,0.0,False,False,False,False
corteva-2014-2018-external|2017-145|2017,reused_external_strict,10,160.0,2016-11-17,True,3.0,0.0,0.0,0.0,False,False,False,False
corteva-2014-2018-external|2017-146|2017,reused_external_strict,10,160.0,2016-10-19,True,3.0,0.0,0.0,0.0,False,False,False,False
corteva-2014-2018-external|2017-147|2017,reused_external_strict,10,160.0,2016-10-13,True,3.0,0.0,0.0,0.0,False,False,False,False
corteva-2014-2018-external|2017-148|2017,reused_external_strict,10,160.0,2016-10-27,True,3.0,0.0,0.0,0.0,False,False,False,False
corteva-2014-2018-external|2017-149|2017,reused_external_strict,10,160.0,2016-11-18,True,3.0,0.0,0.0,0.0,False,False,False,False
corteva-2014-2018-external|2017-150|2017,reused_external_strict,10,160.0,2016-11-19,True,3.0,0.0,0.0,0.0,False,False,False,False
corteva-2014-2018-external|2017-151|2017,reused_external_strict,10,160.0,2016-10-27,True,3.0,0.0,0.0,0.0,False,False,False,False
corteva-2014-2018-external|2017-152|2017,reused_external_strict,10,160.0,2016-11-16,True,3.0,0.0,0.0,0.0,False,False,False,False
corteva-2014-2018-external|2017-153|2017,reused_external_strict,10,160.0,2016-11-21,True,3.0,0.0,0.0,0.0,False,False,False,False
corteva-2014-2018-external|2017-154|2017,reused_external_strict,10,160.0,2016-11-24,True,3.0,0.0,0.0,0.0,False,False,False,False
corteva-2014-2018-external|2018-157|2018,reused_external_strict,10,160.0,2017-11-19,True,3.0,0.0,0.0,0.0,False,False,False,False
corteva-2014-2018-external|2018-158|2018,reused_external_strict,10,160.0,2017-10-24,True,3.0,0.0,0.0,0.0,False,False,False,False
corteva-2014-2018-external|2018-159|2018,reused_external_strict,10,160.0,2017-10-13,True,3.0,0.0,0.0,0.0,False,False,False,False
corteva-2014-2018-external|2018-160|2018,reused_external_strict,10,160.0,2017-10-13,True,3.0,0.0,0.0,0.0,False,False,False,False
corteva-2014-2018-external|2018-161|2018,reused_external_strict,10,160.0,2017-11-15,True,3.0,0.0,0.0,0.0,False,False,False,False
corteva-2014-2018-external|2018-162|2018,reused_external_strict,10,160.0,2017-10-12,True,3.0,0.0,0.0,0.0,False,False,False,False
corteva-2014-2018-external|2018-163|2018,reused_external_strict,10,160.0,2017-10-13,True,3.0,0.0,0.0,0.0,False,False,False,False
corteva-2014-2018-external|2018-164|2018,reused_external_strict,10,160.0,2017-10-12,True,3.0,0.0,0.0,0.0,False,False,False,False
corteva-2014-2018-external|2018-165|2018,reused_external_strict,10,160.0,2017-10-12,True,3.0,0.0,0.0,0.0,False,False,False,False
corteva-2014-2018-external|2018-166|2018,reused_external_strict,10,160.0,2017-11-18,True,3.0,0.0,0.0,0.0,False,False,False,False
corteva-2014-2018-external|2018-167|2018,reused_external_strict,10,160.0,2017-11-19,True,3.0,0.0,0.0,0.0,False,False,False,False
corteva-2014-2018-external|2018-168|2018,reused_external_strict,10,160.0,2017-11-19,True,3.0,0.0,0.0,0.0,False,False,False,False
corteva-2014-2018-external|2018-169|2018,reused_external_strict,10,160.0,2017-11-19,True,3.0,0.0,0.0,0.0,False,False,False,False
corteva-2014-2018-external|2018-170|2018,reused_external_strict,10,160.0,2017-11-20,True,3.0,0.0,0.0,0.0,False,False,False,False
corteva-2014-2018-external|2018-171|2018,reused_external_strict,10,160.0,2017-11-17,True,3.0,0.0,0.0,0.0,False,False,False,False
corteva-2014-2018-external|2018-172|2018,reused_external_strict,10,160.0,2017-11-19,True,3.0,0.0,0.0,0.0,False,False,False,False
corteva-2014-2018-external|2018-173|2018,reused_external_strict,10,160.0,2017-11-18,True,3.0,0.0,0.0,0.0,False,False,False,False
corteva-2014-2018-external|2018-174|2018,reused_external_strict,10,160.0,2017-11-11,True,3.0,0.0,0.0,0.0,False,False,False,False
corteva-2014-2018-external|2018-175|2018,reused_external_strict,10,160.0,2017-11-18,True,3.0,0.0,0.0,0.0,False,False,False,False
corteva-2014-2018-external|2018-176|2018,reused_external_strict,10,160.0,2017-10-24,True,3.0,0.0,0.0,0.0,False,False,False,False
corteva-2014-2018-external|2018-177|2018,reused_external_strict,10,160.0,2017-10-16,True,3.0,0.0,0.0,0.0,False,False,False,False
corteva-2014-2018-external|2018-181|2018,reused_external_strict,10,160.0,2017-11-19,True,3.0,0.0,0.0,0.0,False,False,False,False
corteva-2014-2018-external|2018-182|2018,reused_external_strict,10,160.0,2017-11-20,True,3.0,0.0,0.0,0.0,False,False,False,False
corteva-2014-2018-external|2018-183|2018,reused_external_strict,10,160.0,2017-11-20,True,3.0,0.0,0.0,0.0,False,False,False,False
corteva-2014-2018-external|2018-184|2018,reused_external_strict,10,160.0,2017-10-13,True,3.0,0.0,0.0,0.0,False,False,False,False
corteva-2014-2018-external|2018-185|2018,reused_external_strict,10,160.0,2017-11-19,True,3.0,0.0,0.0,0.0,False,False,False,False
corteva-2014-2018-external|2018-186|2018,reused_external_strict,10,160.0,2017-11-18,True,3.0,0.0,0.0,0.0,False,False,False,False
corteva-2014-2018-external|2018-188|2018,reused_external_strict,10,160.0,2017-11-13,True,3.0,0.0,0.0,0.0,False,False,False,False
corteva-2014-2018-external|2018-189|2018,reused_external_strict,10,160.0,2017-11-11,True,3.0,0.0,0.0,0.0,False,False,False,False
corteva-2014-2018-external|2018-190|2018,reused_external_strict,10,160.0,2017-10-12,True,3.0,0.0,0.0,0.0,False,False,False,False
corteva-2014-2018-external|2018-191|2018,reused_external_strict,10,160.0,2017-10-13,True,3.0,0.0,0.0,0.0,False,False,False,False
corteva-2014-2018-external|2018-193|2018,reused_external_strict,10,160.0,2017-11-20,True,3.0,0.0,0.0,0.0,False,False,False,False
corteva-2014-2018-external|2018-194|2018,reused_external_strict,10,160.0,2017-11-19,True,3.0,0.0,0.0,0.0,False,False,False,False
corteva-2014-2018-external|2018-195|2018,reused_external_strict,10,160.0,2017-11-19,True,3.0,0.0,0.0,0.0,False,False,False,False
corteva-2014-2018-external|2018-196|2018,reused_external_strict,10,160.0,2017-10-14,True,3.0,0.0,0.0,0.0,False,False,False,False
corteva-2014-2018-external|2018-197|2018,reused_external_strict,10,160.0,2017-11-20,True,3.0,0.0,0.0,0.0,False,False,False,False
corteva-2014-2018-external|2018-198|2018,reused_external_strict,10,160.0,2017-11-18,True,3.0,0.0,0.0,0.0,False,False,False,False
corteva-2014-2018-external|2014-1|2014,reused_external_strict,31,160.0,2014-04-13,True,6.0,5.0,2.0,1.0,False,False,False,False
corteva-2014-2018-external|2014-10|2014,reused_external_strict,31,160.0,2014-04-13,True,6.0,5.0,2.0,1.0,False,False,False,False
corteva-2014-2018-external|2014-11|2014,reused_external_strict,31,160.0,2014-04-25,True,6.0,5.0,2.0,1.0,False,False,False,False
corteva-2014-2018-external|2014-12|2014,reused_external_strict,31,160.0,2014-04-13,True,6.0,5.0,2.0,1.0,False,False,False,False
corteva-2014-2018-external|2014-13|2014,reused_external_strict,31,160.0,2014-04-20,True,6.0,5.0,2.0,1.0,False,False,False,False
corteva-2014-2018-external|2014-14|2014,reused_external_strict,31,160.0,2014-04-13,True,6.0,5.0,2.0,1.0,False,False,False,False
corteva-2014-2018-external|2014-15|2014,reused_external_strict,31,160.0,2014-04-13,True,6.0,5.0,2.0,1.0,False,False,False,False
corteva-2014-2018-external|2014-16|2014,reused_external_strict,31,160.0,2014-03-31,True,6.0,5.0,2.0,1.0,False,False,False,False
corteva-2014-2018-external|2014-17|2014,reused_external_strict,31,160.0,2014-04-13,True,6.0,5.0,2.0,1.0,False,False,False,False
corteva-2014-2018-external|2014-2|2014,reused_external_strict,31,160.0,2014-03-29,True,6.0,5.0,2.0,1.0,False,False,False,False
corteva-2014-2018-external|2014-23|2014,reused_external_strict,31,160.0,2014-04-20,True,6.0,5.0,2.0,1.0,False,False,False,False
corteva-2014-2018-external|2014-24|2014,reused_external_strict,31,160.0,2014-04-25,True,6.0,5.0,2.0,1.0,False,False,False,False
corteva-2014-2018-external|2014-25|2014,reused_external_strict,31,160.0,2014-03-31,True,6.0,5.0,2.0,1.0,False,False,False,False
corteva-2014-2018-external|2014-26|2014,reused_external_strict,31,160.0,2014-04-06,True,6.0,5.0,2.0,1.0,False,False,False,False
corteva-2014-2018-external|2014-3|2014,reused_external_strict,31,160.0,2014-04-13,True,6.0,5.0,2.0,1.0,False,False,False,False
corteva-2014-2018-external|2014-34|2014,reused_external_strict,31,160.0,2014-04-20,True,6.0,5.0,2.0,1.0,False,False,False,False
corteva-2014-2018-external|2014-35|2014,reused_external_strict,31,160.0,2014-03-31,True,6.0,5.0,2.0,1.0,False,False,False,False
corteva-2014-2018-external|2014-36|2014,reused_external_strict,31,160.0,2014-04-13,True,6.0,5.0,2.0,1.0,False,False,False,False
corteva-2014-2018-external|2014-37|2014,reused_external_strict,31,160.0,2014-04-25,True,6.0,5.0,2.0,1.0,False,False,False,False
corteva-2014-2018-external|2014-38|2014,reused_external_strict,31,160.0,2014-04-16,True,6.0,5.0,2.0,1.0,False,False,False,False
corteva-2014-2018-external|2014-39|2014,reused_external_strict,31,160.0,2014-04-11,True,6.0,5.0,2.0,1.0,False,False,False,False
corteva-2014-2018-external|2014-4|2014,reused_external_strict,31,160.0,2014-04-04,True,6.0,5.0,2.0,1.0,False,False,False,False
corteva-2014-2018-external|2014-5|2014,reused_external_strict,31,160.0,2014-04-13,True,6.0,5.0,2.0,1.0,False,False,False,False
corteva-2014-2018-external|2014-9|2014,reused_external_strict,31,160.0,2014-04-16,True,6.0,5.0,2.0,1.0,False,False,False,False
corteva-2014-2018-external|2015-41|2015,reused_external_strict,31,160.0,2015-04-22,True,6.0,5.0,2.0,1.0,False,False,False,False
corteva-2014-2018-external|2015-42|2015,reused_external_strict,31,160.0,2015-04-11,True,6.0,5.0,2.0,1.0,False,False,False,False
corteva-2014-2018-external|2015-43|2015,reused_external_strict,31,160.0,2015-04-21,True,6.0,5.0,2.0,1.0,False,False,False,False
corteva-2014-2018-external|2015-44|2015,reused_external_strict,31,160.0,2015-04-22,True,6.0,5.0,2.0,1.0,False,False,False,False
corteva-2014-2018-external|2015-48|2015,reused_external_strict,31,160.0,2015-04-24,True,6.0,5.0,2.0,1.0,False,False,False,False
corteva-2014-2018-external|2015-49|2015,reused_external_strict,31,160.0,2015-04-09,True,6.0,5.0,2.0,1.0,False,False,False,False
corteva-2014-2018-external|2015-50|2015,reused_external_strict,31,160.0,2015-04-20,True,6.0,5.0,2.0,1.0,False,False,False,False
corteva-2014-2018-external|2015-53|2015,reused_external_strict,31,160.0,2015-04-22,True,6.0,5.0,2.0,1.0,False,False,False,False
corteva-2014-2018-external|2015-54|2015,reused_external_strict,31,160.0,2015-04-23,True,6.0,5.0,2.0,1.0,False,False,False,False
corteva-2014-2018-external|2015-55|2015,reused_external_strict,31,160.0,2015-04-30,True,6.0,5.0,2.0,1.0,False,False,False,False
corteva-2014-2018-external|2015-56|2015,reused_external_strict,31,160.0,2015-04-19,True,6.0,5.0,2.0,1.0,False,False,False,False
corteva-2014-2018-external|2015-57|2015,reused_external_strict,31,160.0,2015-05-01,True,6.0,5.0,2.0,1.0,False,False,False,False
corteva-2014-2018-external|2015-58|2015,reused_external_strict,31,160.0,2015-05-19,True,6.0,5.0,2.0,1.0,False,False,False,False
corteva-2014-2018-external|2015-60|2015,reused_external_strict,31,160.0,2015-05-14,True,6.0,5.0,2.0,1.0,False,False,False,False
corteva-2014-2018-external|2015-61|2015,reused_external_strict,31,160.0,2015-04-23,True,6.0,5.0,2.0,1.0,False,False,False,False
corteva-2014-2018-external|2015-62|2015,reused_external_strict,31,160.0,2015-04-20,True,6.0,5.0,2.0,1.0,False,False,False,False
corteva-2014-2018-external|2015-63|2015,reused_external_strict,31,160.0,2015-04-30,True,6.0,5.0,2.0,1.0,False,False,False,False
corteva-2014-2018-external|2015-64|2015,reused_external_strict,31,160.0,2015-04-20,True,6.0,5.0,2.0,1.0,False,False,False,False
corteva-2014-2018-external|2015-65|2015,reused_external_strict,31,160.0,2015-04-16,True,6.0,5.0,2.0,1.0,False,False,False,False
corteva-2014-2018-external|2015-66|2015,reused_external_strict,31,160.0,2015-04-09,True,6.0,5.0,2.0,1.0,False,False,False,False
corteva-2014-2018-external|2015-67|2015,reused_external_strict,31,160.0,2015-04-20,True,6.0,5.0,2.0,1.0,False,False,False,False
corteva-2014-2018-external|2015-68|2015,reused_external_strict,31,160.0,2015-04-25,True,6.0,5.0,2.0,1.0,False,False,False,False
corteva-2014-2018-external|2015-69|2015,reused_external_strict,31,160.0,2015-04-18,True,6.0,5.0,2.0,1.0,False,False,False,False
corteva-2014-2018-external|2015-70|2015,reused_external_strict,31,160.0,2015-05-13,True,6.0,5.0,2.0,1.0,False,False,False,False
corteva-2014-2018-external|2015-71|2015,reused_external_strict,31,160.0,2015-05-12,True,6.0,5.0,2.0,1.0,False,False,False,False
corteva-2014-2018-external|2015-72|2015,reused_external_strict,31,160.0,2015-04-19,True,6.0,5.0,2.0,1.0,False,False,False,False
corteva-2014-2018-external|2015-73|2015,reused_external_strict,31,160.0,2015-04-21,True,6.0,5.0,2.0,1.0,False,False,False,False
corteva-2014-2018-external|2015-74|2015,reused_external_strict,31,160.0,2015-04-19,True,6.0,5.0,2.0,1.0,False,False,False,False
corteva-2014-2018-external|2015-75|2015,reused_external_strict,31,160.0,2015-04-21,True,6.0,5.0,2.0,1.0,False,False,False,False
corteva-2014-2018-external|2015-76|2015,reused_external_strict,31,160.0,2015-04-21,True,6.0,5.0,2.0,1.0,False,False,False,False
corteva-2014-2018-external|2015-77|2015,reused_external_strict,31,160.0,2015-04-17,True,6.0,5.0,2.0,1.0,False,False,False,False
corteva-2014-2018-external|2015-78|2015,reused_external_strict,31,160.0,2015-04-23,True,6.0,5.0,2.0,1.0,False,False,False,False
corteva-2014-2018-external|2016-100|2016,reused_external_strict,31,160.0,2016-04-24,True,6.0,5.0,2.0,1.0,False,False,False,False
corteva-2014-2018-external|2016-101|2016,reused_external_strict,31,160.0,2016-04-20,True,6.0,5.0,2.0,1.0,False,False,False,False
corteva-2014-2018-external|2016-102|2016,reused_external_strict,31,160.0,2016-04-17,True,6.0,5.0,2.0,1.0,False,False,False,False
corteva-2014-2018-external|2016-103|2016,reused_external_strict,31,160.0,2016-04-01,True,6.0,5.0,2.0,1.0,False,False,False,False
corteva-2014-2018-external|2016-104|2016,reused_external_strict,31,160.0,2016-04-24,True,6.0,5.0,2.0,1.0,False,False,False,False
corteva-2014-2018-external|2016-105|2016,reused_external_strict,31,160.0,2016-05-03,True,6.0,5.0,2.0,1.0,False,False,False,False
corteva-2014-2018-external|2016-106|2016,reused_external_strict,31,160.0,2016-04-09,True,6.0,5.0,2.0,1.0,False,False,False,False
corteva-2014-2018-external|2016-107|2016,reused_external_strict,31,160.0,2016-04-18,True,6.0,5.0,2.0,1.0,False,False,False,False
corteva-2014-2018-external|2016-108|2016,reused_external_strict,31,160.0,2016-04-21,True,6.0,5.0,2.0,1.0,False,False,False,False
corteva-2014-2018-external|2016-109|2016,reused_external_strict,31,160.0,2016-04-12,True,6.0,5.0,2.0,1.0,False,False,False,False
corteva-2014-2018-external|2016-110|2016,reused_external_strict,31,160.0,2016-04-13,True,6.0,5.0,2.0,1.0,False,False,False,False
corteva-2014-2018-external|2016-111|2016,reused_external_strict,31,160.0,2016-04-22,True,6.0,5.0,2.0,1.0,False,False,False,False
corteva-2014-2018-external|2016-113|2016,reused_external_strict,31,160.0,2016-04-08,True,6.0,5.0,2.0,1.0,False,False,False,False
corteva-2014-2018-external|2016-115|2016,reused_external_strict,31,160.0,2016-04-15,True,6.0,5.0,2.0,1.0,False,False,False,False
corteva-2014-2018-external|2016-116|2016,reused_external_strict,31,160.0,2016-04-16,True,6.0,5.0,2.0,1.0,False,False,False,False
corteva-2014-2018-external|2016-79|2016,reused_external_strict,31,160.0,2016-04-16,True,6.0,5.0,2.0,1.0,False,False,False,False
corteva-2014-2018-external|2016-80|2016,reused_external_strict,31,160.0,2016-04-21,True,6.0,5.0,2.0,1.0,False,False,False,False
corteva-2014-2018-external|2016-81|2016,reused_external_strict,31,160.0,2016-04-16,True,6.0,5.0,2.0,1.0,False,False,False,False
corteva-2014-2018-external|2016-89|2016,reused_external_strict,31,160.0,2016-04-21,True,6.0,5.0,2.0,1.0,False,False,False,False
corteva-2014-2018-external|2016-90|2016,reused_external_strict,31,160.0,2016-04-06,True,6.0,5.0,2.0,1.0,False,False,False,False
corteva-2014-2018-external|2016-91|2016,reused_external_strict,31,160.0,2016-04-16,True,6.0,5.0,2.0,1.0,False,False,False,False
corteva-2014-2018-external|2016-92|2016,reused_external_strict,31,160.0,2016-04-10,True,6.0,5.0,2.0,1.0,False,False,False,False
corteva-2014-2018-external|2016-93|2016,reused_external_strict,31,160.0,2016-04-19,True,6.0,5.0,2.0,1.0,False,False,False,False
corteva-2014-2018-external|2016-94|2016,reused_external_strict,31,160.0,2016-04-16,True,6.0,5.0,2.0,1.0,False,False,False,False
corteva-2014-2018-external|2016-96|2016,reused_external_strict,31,160.0,2016-04-03,True,6.0,5.0,2.0,1.0,False,False,False,False
corteva-2014-2018-external|2016-97|2016,reused_external_strict,31,160.0,2016-04-16,True,6.0,5.0,2.0,1.0,False,False,False,False
corteva-2014-2018-external|2016-98|2016,reused_external_strict,31,160.0,2016-04-04,True,6.0,5.0,2.0,1.0,False,False,False,False
corteva-2014-2018-external|2016-99|2016,reused_external_strict,31,160.0,2016-04-16,True,6.0,5.0,2.0,1.0,False,False,False,False
corteva-2014-2018-external|2017-117|2017,reused_external_strict,31,160.0,2017-04-03,True,6.0,5.0,2.0,1.0,False,False,False,False
corteva-2014-2018-external|2017-118|2017,reused_external_strict,31,160.0,2017-04-13,True,6.0,5.0,2.0,1.0,False,False,False,False
corteva-2014-2018-external|2017-119|2017,reused_external_strict,31,160.0,2017-05-01,True,6.0,5.0,2.0,1.0,False,False,False,False
corteva-2014-2018-external|2017-121|2017,reused_external_strict,31,160.0,2017-04-01,True,6.0,5.0,2.0,1.0,False,False,False,False
corteva-2014-2018-external|2017-126|2017,reused_external_strict,31,160.0,2017-04-13,True,6.0,5.0,2.0,1.0,False,False,False,False
corteva-2014-2018-external|2017-130|2017,reused_external_strict,31,160.0,2017-04-15,True,6.0,5.0,2.0,1.0,False,False,False,False
corteva-2014-2018-external|2017-131|2017,reused_external_strict,31,160.0,2017-04-06,True,6.0,5.0,2.0,1.0,False,False,False,False
corteva-2014-2018-external|2017-132|2017,reused_external_strict,31,160.0,2017-04-13,True,6.0,5.0,2.0,1.0,False,False,False,False
corteva-2014-2018-external|2017-133|2017,reused_external_strict,31,160.0,2017-04-23,True,6.0,5.0,2.0,1.0,False,False,False,False
corteva-2014-2018-external|2017-141|2017,reused_external_strict,31,160.0,2017-04-13,True,6.0,5.0,2.0,1.0,False,False,False,False
corteva-2014-2018-external|2017-142|2017,reused_external_strict,31,160.0,2017-04-15,True,6.0,5.0,2.0,1.0,False,False,False,False
corteva-2014-2018-external|2017-144|2017,reused_external_strict,31,160.0,2017-04-11,True,6.0,5.0,2.0,1.0,False,False,False,False
corteva-2014-2018-external|2017-145|2017,reused_external_strict,31,160.0,2017-04-11,True,6.0,5.0,2.0,1.0,False,False,False,False
corteva-2014-2018-external|2017-146|2017,reused_external_strict,31,160.0,2017-04-29,True,6.0,5.0,2.0,1.0,False,False,False,False
corteva-2014-2018-external|2017-147|2017,reused_external_strict,31,160.0,2017-04-15,True,6.0,5.0,2.0,1.0,False,False,False,False
corteva-2014-2018-external|2017-148|2017,reused_external_strict,31,160.0,2017-05-06,True,6.0,5.0,2.0,1.0,False,False,False,False
corteva-2014-2018-external|2017-149|2017,reused_external_strict,31,160.0,2017-04-12,True,6.0,5.0,2.0,1.0,False,False,False,False
corteva-2014-2018-external|2017-150|2017,reused_external_strict,31,160.0,2017-04-13,True,6.0,5.0,2.0,1.0,False,False,False,False
corteva-2014-2018-external|2017-151|2017,reused_external_strict,31,160.0,2017-05-06,True,6.0,5.0,2.0,1.0,False,False,False,False
corteva-2014-2018-external|2017-152|2017,reused_external_strict,31,160.0,2017-04-08,True,6.0,5.0,2.0,1.0,False,False,False,False
corteva-2014-2018-external|2017-153|2017,reused_external_strict,31,160.0,2017-04-20,True,6.0,5.0,2.0,1.0,False,False,False,False
corteva-2014-2018-external|2017-154|2017,reused_external_strict,31,160.0,2017-04-14,True,6.0,5.0,2.0,1.0,False,False,False,False
corteva-2014-2018-external|2018-157|2018,reused_external_strict,31,160.0,2018-04-18,True,6.0,5.0,2.0,1.0,False,False,False,False
corteva-2014-2018-external|2018-158|2018,reused_external_strict,31,160.0,2018-05-07,True,6.0,5.0,2.0,1.0,False,False,False,False
corteva-2014-2018-external|2018-159|2018,reused_external_strict,31,160.0,2018-04-25,True,6.0,5.0,2.0,1.0,False,False,False,False
corteva-2014-2018-external|2018-160|2018,reused_external_strict,31,160.0,2018-04-25,True,6.0,5.0,2.0,1.0,False,False,False,False
corteva-2014-2018-external|2018-161|2018,reused_external_strict,31,160.0,2018-04-19,True,6.0,5.0,2.0,1.0,False,False,False,False
corteva-2014-2018-external|2018-162|2018,reused_external_strict,31,160.0,2018-04-16,True,6.0,5.0,2.0,1.0,False,False,False,False
corteva-2014-2018-external|2018-163|2018,reused_external_strict,31,160.0,2018-04-20,True,6.0,5.0,2.0,1.0,False,False,False,False
corteva-2014-2018-external|2018-164|2018,reused_external_strict,31,160.0,2018-04-19,True,6.0,5.0,2.0,1.0,False,False,False,False
corteva-2014-2018-external|2018-165|2018,reused_external_strict,31,160.0,2018-04-30,True,6.0,5.0,2.0,1.0,False,False,False,False
corteva-2014-2018-external|2018-166|2018,reused_external_strict,31,160.0,2018-04-22,True,6.0,5.0,2.0,1.0,False,False,False,False
corteva-2014-2018-external|2018-167|2018,reused_external_strict,31,160.0,2018-04-27,True,6.0,5.0,2.0,1.0,False,False,False,False
corteva-2014-2018-external|2018-168|2018,reused_external_strict,31,160.0,2018-04-27,True,6.0,5.0,2.0,1.0,False,False,False,False
corteva-2014-2018-external|2018-169|2018,reused_external_strict,31,160.0,2018-04-23,True,6.0,5.0,2.0,1.0,False,False,False,False
corteva-2014-2018-external|2018-170|2018,reused_external_strict,31,160.0,2018-04-18,True,6.0,5.0,2.0,1.0,False,False,False,False
corteva-2014-2018-external|2018-171|2018,reused_external_strict,31,160.0,2018-04-19,True,6.0,5.0,2.0,1.0,False,False,False,False
corteva-2014-2018-external|2018-172|2018,reused_external_strict,31,160.0,2018-04-27,True,6.0,5.0,2.0,1.0,False,False,False,False
corteva-2014-2018-external|2018-173|2018,reused_external_strict,31,160.0,2018-04-22,True,6.0,5.0,2.0,1.0,False,False,False,False
corteva-2014-2018-external|2018-174|2018,reused_external_strict,31,160.0,2018-03-15,True,6.0,5.0,2.0,1.0,False,False,False,False
corteva-2014-2018-external|2018-175|2018,reused_external_strict,31,160.0,2018-04-25,True,6.0,5.0,2.0,1.0,False,False,False,False
corteva-2014-2018-external|2018-176|2018,reused_external_strict,31,160.0,2018-05-07,True,6.0,5.0,2.0,1.0,False,False,False,False
corteva-2014-2018-external|2018-177|2018,reused_external_strict,31,160.0,2018-04-27,True,6.0,5.0,2.0,1.0,False,False,False,False
corteva-2014-2018-external|2018-181|2018,reused_external_strict,31,160.0,2018-04-19,True,6.0,5.0,2.0,1.0,False,False,False,False
corteva-2014-2018-external|2018-182|2018,reused_external_strict,31,160.0,2018-04-18,True,6.0,5.0,2.0,1.0,False,False,False,False
corteva-2014-2018-external|2018-183|2018,reused_external_strict,31,160.0,2018-04-18,True,6.0,5.0,2.0,1.0,False,False,False,False
corteva-2014-2018-external|2018-184|2018,reused_external_strict,31,160.0,2018-04-25,True,6.0,5.0,2.0,1.0,False,False,False,False
corteva-2014-2018-external|2018-185|2018,reused_external_strict,31,160.0,2018-04-23,True,6.0,5.0,2.0,1.0,False,False,False,False
corteva-2014-2018-external|2018-186|2018,reused_external_strict,31,160.0,2018-04-09,True,6.0,5.0,2.0,1.0,False,False,False,False
corteva-2014-2018-external|2018-188|2018,reused_external_strict,31,160.0,2018-03-28,True,6.0,5.0,2.0,1.0,False,False,False,False
corteva-2014-2018-external|2018-189|2018,reused_external_strict,31,160.0,2018-03-15,True,6.0,5.0,2.0,1.0,False,False,False,False
corteva-2014-2018-external|2018-190|2018,reused_external_strict,31,160.0,2018-04-30,True,6.0,5.0,2.0,1.0,False,False,False,False
corteva-2014-2018-external|2018-191|2018,reused_external_strict,31,160.0,2018-04-20,True,6.0,5.0,2.0,1.0,False,False,False,False
corteva-2014-2018-external|2018-193|2018,reused_external_strict,31,160.0,2018-04-28,True,6.0,5.0,2.0,1.0,False,False,False,False
corteva-2014-2018-external|2018-194|2018,reused_external_strict,31,160.0,2018-04-18,True,6.0,5.0,2.0,1.0,False,False,False,False
corteva-2014-2018-external|2018-195|2018,reused_external_strict,31,160.0,2018-04-23,True,6.0,5.0,2.0,1.0,False,False,False,False
corteva-2014-2018-external|2018-196|2018,reused_external_strict,31,160.0,2018-04-20,True,6.0,5.0,2.0,1.0,False,False,False,False
corteva-2014-2018-external|2018-197|2018,reused_external_strict,31,160.0,2018-04-28,True,6.0,5.0,2.0,1.0,False,False,False,False
corteva-2014-2018-external|2018-198|2018,reused_external_strict,31,160.0,2018-04-20,True,6.0,5.0,2.0,1.0,False,False,False,False
corteva-2014-2018-external|2014-1|2014,reused_external_strict,32,160.0,2014-04-24,True,6.0,5.0,2.0,1.0,False,False,False,False
corteva-2014-2018-external|2014-10|2014,reused_external_strict,32,160.0,2014-04-24,True,6.0,5.0,2.0,1.0,False,False,False,False
corteva-2014-2018-external|2014-11|2014,reused_external_strict,32,160.0,2014-05-05,True,6.0,5.0,2.0,1.0,False,False,False,False
corteva-2014-2018-external|2014-12|2014,reused_external_strict,32,160.0,2014-04-24,True,6.0,5.0,2.0,1.0,False,False,False,False
corteva-2014-2018-external|2014-13|2014,reused_external_strict,32,160.0,2014-04-29,True,6.0,5.0,2.0,1.0,False,False,False,False
corteva-2014-2018-external|2014-14|2014,reused_external_strict,32,160.0,2014-04-24,True,6.0,5.0,2.0,1.0,False,False,False,False
corteva-2014-2018-external|2014-15|2014,reused_external_strict,32,160.0,2014-04-24,True,6.0,5.0,2.0,1.0,False,False,False,False
corteva-2014-2018-external|2014-16|2014,reused_external_strict,32,160.0,2014-04-09,True,6.0,5.0,2.0,1.0,False,False,False,False
corteva-2014-2018-external|2014-17|2014,reused_external_strict,32,160.0,2014-04-24,True,6.0,5.0,2.0,1.0,False,False,False,False
corteva-2014-2018-external|2014-2|2014,reused_external_strict,32,160.0,2014-04-08,True,6.0,5.0,2.0,1.0,False,False,False,False
corteva-2014-2018-external|2014-23|2014,reused_external_strict,32,160.0,2014-04-30,True,6.0,5.0,2.0,1.0,False,False,False,False
corteva-2014-2018-external|2014-24|2014,reused_external_strict,32,160.0,2014-05-05,True,6.0,5.0,2.0,1.0,False,False,False,False
corteva-2014-2018-external|2014-25|2014,reused_external_strict,32,160.0,2014-04-09,True,6.0,5.0,2.0,1.0,False,False,False,False
corteva-2014-2018-external|2014-26|2014,reused_external_strict,32,160.0,2014-04-18,True,6.0,5.0,2.0,1.0,False,False,False,False
corteva-2014-2018-external|2014-3|2014,reused_external_strict,32,160.0,2014-04-24,True,6.0,5.0,2.0,1.0,False,False,False,False
corteva-2014-2018-external|2014-34|2014,reused_external_strict,32,160.0,2014-04-30,True,6.0,5.0,2.0,1.0,False,False,False,False
corteva-2014-2018-external|2014-35|2014,reused_external_strict,32,160.0,2014-04-10,True,6.0,5.0,2.0,1.0,False,False,False,False
corteva-2014-2018-external|2014-36|2014,reused_external_strict,32,160.0,2014-04-26,True,6.0,5.0,2.0,1.0,False,False,False,False
corteva-2014-2018-external|2014-37|2014,reused_external_strict,32,160.0,2014-05-05,True,6.0,5.0,2.0,1.0,False,False,False,False
corteva-2014-2018-external|2014-38|2014,reused_external_strict,32,160.0,2014-04-28,True,6.0,5.0,2.0,1.0,False,False,False,False
corteva-2014-2018-external|2014-39|2014,reused_external_strict,32,160.0,2014-04-23,True,6.0,5.0,2.0,1.0,False,False,False,False
corteva-2014-2018-external|2014-4|2014,reused_external_strict,32,160.0,2014-04-15,True,6.0,5.0,2.0,1.0,False,False,False,False
corteva-2014-2018-external|2014-5|2014,reused_external_strict,32,160.0,2014-04-24,True,6.0,5.0,2.0,1.0,False,False,False,False
corteva-2014-2018-external|2014-9|2014,reused_external_strict,32,160.0,2014-04-27,True,6.0,5.0,2.0,1.0,False,False,False,False
corteva-2014-2018-external|2015-41|2015,reused_external_strict,32,160.0,2015-05-04,True,6.0,5.0,2.0,1.0,False,False,False,False
corteva-2014-2018-external|2015-42|2015,reused_external_strict,32,160.0,2015-04-20,True,6.0,5.0,2.0,1.0,False,False,False,False
corteva-2014-2018-external|2015-43|2015,reused_external_strict,32,160.0,2015-05-01,True,6.0,5.0,2.0,1.0,False,False,False,False
corteva-2014-2018-external|2015-44|2015,reused_external_strict,32,160.0,2015-05-04,True,6.0,5.0,2.0,1.0,False,False,False,False
corteva-2014-2018-external|2015-48|2015,reused_external_strict,32,160.0,2015-05-05,True,6.0,5.0,2.0,1.0,False,False,False,False
corteva-2014-2018-external|2015-49|2015,reused_external_strict,32,160.0,2015-04-17,True,6.0,5.0,2.0,1.0,False,False,False,False
corteva-2014-2018-external|2015-50|2015,reused_external_strict,32,160.0,2015-05-03,True,6.0,5.0,2.0,1.0,False,False,False,False
corteva-2014-2018-external|2015-53|2015,reused_external_strict,32,160.0,2015-05-04,True,6.0,5.0,2.0,1.0,False,False,False,False
corteva-2014-2018-external|2015-54|2015,reused_external_strict,32,160.0,2015-05-07,True,6.0,5.0,2.0,1.0,False,False,False,False
corteva-2014-2018-external|2015-55|2015,reused_external_strict,32,160.0,2015-05-09,True,6.0,5.0,2.0,1.0,False,False,False,False
corteva-2014-2018-external|2015-56|2015,reused_external_strict,32,160.0,2015-04-30,True,6.0,5.0,2.0,1.0,False,False,False,False
corteva-2014-2018-external|2015-57|2015,reused_external_strict,32,160.0,2015-05-10,True,6.0,5.0,2.0,1.0,False,False,False,False
corteva-2014-2018-external|2015-58|2015,reused_external_strict,32,160.0,2015-05-28,True,6.0,5.0,2.0,1.0,False,False,False,False
corteva-2014-2018-external|2015-60|2015,reused_external_strict,32,160.0,2015-05-24,True,6.0,5.0,2.0,1.0,False,False,False,False
corteva-2014-2018-external|2015-61|2015,reused_external_strict,32,160.0,2015-05-01,True,6.0,5.0,2.0,1.0,False,False,False,False
corteva-2014-2018-external|2015-62|2015,reused_external_strict,32,160.0,2015-05-03,True,6.0,5.0,2.0,1.0,False,False,False,False
corteva-2014-2018-external|2015-63|2015,reused_external_strict,32,160.0,2015-05-09,True,6.0,5.0,2.0,1.0,False,False,False,False
corteva-2014-2018-external|2015-64|2015,reused_external_strict,32,160.0,2015-05-02,True,6.0,5.0,2.0,1.0,False,False,False,False
corteva-2014-2018-external|2015-65|2015,reused_external_strict,32,160.0,2015-04-28,True,6.0,5.0,2.0,1.0,False,False,False,False
corteva-2014-2018-external|2015-66|2015,reused_external_strict,32,160.0,2015-04-17,True,6.0,5.0,2.0,1.0,False,False,False,False
corteva-2014-2018-external|2015-67|2015,reused_external_strict,32,160.0,2015-05-03,True,6.0,5.0,2.0,1.0,False,False,False,False
corteva-2014-2018-external|2015-68|2015,reused_external_strict,32,160.0,2015-05-04,True,6.0,5.0,2.0,1.0,False,False,False,False
corteva-2014-2018-external|2015-69|2015,reused_external_strict,32,160.0,2015-04-28,True,6.0,5.0,2.0,1.0,False,False,False,False
corteva-2014-2018-external|2015-70|2015,reused_external_strict,32,160.0,2015-05-24,True,6.0,5.0,2.0,1.0,False,False,False,False
corteva-2014-2018-external|2015-71|2015,reused_external_strict,32,160.0,2015-05-22,True,6.0,5.0,2.0,1.0,False,False,False,False
corteva-2014-2018-external|2015-72|2015,reused_external_strict,32,160.0,2015-04-30,True,6.0,5.0,2.0,1.0,False,False,False,False
corteva-2014-2018-external|2015-73|2015,reused_external_strict,32,160.0,2015-05-01,True,6.0,5.0,2.0,1.0,False,False,False,False
corteva-2014-2018-external|2015-74|2015,reused_external_strict,32,160.0,2015-04-30,True,6.0,5.0,2.0,1.0,False,False,False,False
corteva-2014-2018-external|2015-75|2015,reused_external_strict,32,160.0,2015-05-03,True,6.0,5.0,2.0,1.0,False,False,False,False
corteva-2014-2018-external|2015-76|2015,reused_external_strict,32,160.0,2015-04-30,True,6.0,5.0,2.0,1.0,False,False,False,False
corteva-2014-2018-external|2015-77|2015,reused_external_strict,32,160.0,2015-04-29,True,6.0,5.0,2.0,1.0,False,False,False,False
corteva-2014-2018-external|2015-78|2015,reused_external_strict,32,160.0,2015-05-07,True,6.0,5.0,2.0,1.0,False,False,False,False
corteva-2014-2018-external|2016-100|2016,reused_external_strict,32,160.0,2016-05-07,True,6.0,5.0,2.0,1.0,False,False,False,False
corteva-2014-2018-external|2016-101|2016,reused_external_strict,32,160.0,2016-05-03,True,6.0,5.0,2.0,1.0,False,False,False,False
corteva-2014-2018-external|2016-102|2016,reused_external_strict,32,160.0,2016-05-03,True,6.0,5.0,2.0,1.0,False,False,False,False
corteva-2014-2018-external|2016-103|2016,reused_external_strict,32,160.0,2016-04-14,True,6.0,5.0,2.0,1.0,False,False,False,False
corteva-2014-2018-external|2016-104|2016,reused_external_strict,32,160.0,2016-05-06,True,6.0,5.0,2.0,1.0,False,False,False,False
corteva-2014-2018-external|2016-105|2016,reused_external_strict,32,160.0,2016-05-13,True,6.0,5.0,2.0,1.0,False,False,False,False
corteva-2014-2018-external|2016-106|2016,reused_external_strict,32,160.0,2016-04-21,True,6.0,5.0,2.0,1.0,False,False,False,False
corteva-2014-2018-external|2016-107|2016,reused_external_strict,32,160.0,2016-05-03,True,6.0,5.0,2.0,1.0,False,False,False,False
corteva-2014-2018-external|2016-108|2016,reused_external_strict,32,160.0,2016-05-04,True,6.0,5.0,2.0,1.0,False,False,False,False
corteva-2014-2018-external|2016-109|2016,reused_external_strict,32,160.0,2016-04-26,True,6.0,5.0,2.0,1.0,False,False,False,False
corteva-2014-2018-external|2016-110|2016,reused_external_strict,32,160.0,2016-04-27,True,6.0,5.0,2.0,1.0,False,False,False,False
corteva-2014-2018-external|2016-111|2016,reused_external_strict,32,160.0,2016-05-05,True,6.0,5.0,2.0,1.0,False,False,False,False
corteva-2014-2018-external|2016-113|2016,reused_external_strict,32,160.0,2016-04-20,True,6.0,5.0,2.0,1.0,False,False,False,False
corteva-2014-2018-external|2016-115|2016,reused_external_strict,32,160.0,2016-05-02,True,6.0,5.0,2.0,1.0,False,False,False,False
corteva-2014-2018-external|2016-116|2016,reused_external_strict,32,160.0,2016-05-02,True,6.0,5.0,2.0,1.0,False,False,False,False
corteva-2014-2018-external|2016-79|2016,reused_external_strict,32,160.0,2016-05-02,True,6.0,5.0,2.0,1.0,False,False,False,False
corteva-2014-2018-external|2016-80|2016,reused_external_strict,32,160.0,2016-05-06,True,6.0,5.0,2.0,1.0,False,False,False,False
corteva-2014-2018-external|2016-81|2016,reused_external_strict,32,160.0,2016-05-02,True,6.0,5.0,2.0,1.0,False,False,False,False
corteva-2014-2018-external|2016-89|2016,reused_external_strict,32,160.0,2016-05-06,True,6.0,5.0,2.0,1.0,False,False,False,False
corteva-2014-2018-external|2016-90|2016,reused_external_strict,32,160.0,2016-04-20,True,6.0,5.0,2.0,1.0,False,False,False,False
corteva-2014-2018-external|2016-91|2016,reused_external_strict,32,160.0,2016-05-02,True,6.0,5.0,2.0,1.0,False,False,False,False
corteva-2014-2018-external|2016-92|2016,reused_external_strict,32,160.0,2016-04-21,True,6.0,5.0,2.0,1.0,False,False,False,False
corteva-2014-2018-external|2016-93|2016,reused_external_strict,32,160.0,2016-05-04,True,6.0,5.0,2.0,1.0,False,False,False,False
corteva-2014-2018-external|2016-94|2016,reused_external_strict,32,160.0,2016-05-02,True,6.0,5.0,2.0,1.0,False,False,False,False
corteva-2014-2018-external|2016-96|2016,reused_external_strict,32,160.0,2016-04-15,True,6.0,5.0,2.0,1.0,False,False,False,False
corteva-2014-2018-external|2016-97|2016,reused_external_strict,32,160.0,2016-05-02,True,6.0,5.0,2.0,1.0,False,False,False,False
corteva-2014-2018-external|2016-98|2016,reused_external_strict,32,160.0,2016-04-16,True,6.0,5.0,2.0,1.0,False,False,False,False
corteva-2014-2018-external|2016-99|2016,reused_external_strict,32,160.0,2016-05-02,True,6.0,5.0,2.0,1.0,False,False,False,False
corteva-2014-2018-external|2017-117|2017,reused_external_strict,32,160.0,2017-04-13,True,6.0,5.0,2.0,1.0,False,False,False,False
corteva-2014-2018-external|2017-118|2017,reused_external_strict,32,160.0,2017-04-26,True,6.0,5.0,2.0,1.0,False,False,False,False
corteva-2014-2018-external|2017-119|2017,reused_external_strict,32,160.0,2017-05-12,True,6.0,5.0,2.0,1.0,False,False,False,False
corteva-2014-2018-external|2017-121|2017,reused_external_strict,32,160.0,2017-04-13,True,6.0,5.0,2.0,1.0,False,False,False,False
corteva-2014-2018-external|2017-126|2017,reused_external_strict,32,160.0,2017-04-26,True,6.0,5.0,2.0,1.0,False,False,False,False
corteva-2014-2018-external|2017-130|2017,reused_external_strict,32,160.0,2017-05-02,True,6.0,5.0,2.0,1.0,False,False,False,False
corteva-2014-2018-external|2017-131|2017,reused_external_strict,32,160.0,2017-04-16,True,6.0,5.0,2.0,1.0,False,False,False,False
corteva-2014-2018-external|2017-132|2017,reused_external_strict,32,160.0,2017-04-26,True,6.0,5.0,2.0,1.0,False,False,False,False
corteva-2014-2018-external|2017-133|2017,reused_external_strict,32,160.0,2017-05-07,True,6.0,5.0,2.0,1.0,False,False,False,False
corteva-2014-2018-external|2017-141|2017,reused_external_strict,32,160.0,2017-04-26,True,6.0,5.0,2.0,1.0,False,False,False,False
corteva-2014-2018-external|2017-142|2017,reused_external_strict,32,160.0,2017-05-01,True,6.0,5.0,2.0,1.0,False,False,False,False
corteva-2014-2018-external|2017-144|2017,reused_external_strict,32,160.0,2017-04-25,True,6.0,5.0,2.0,1.0,False,False,False,False
corteva-2014-2018-external|2017-145|2017,reused_external_strict,32,160.0,2017-04-23,True,6.0,5.0,2.0,1.0,False,False,False,False
corteva-2014-2018-external|2017-146|2017,reused_external_strict,32,160.0,2017-05-11,True,6.0,5.0,2.0,1.0,False,False,False,False
corteva-2014-2018-external|2017-147|2017,reused_external_strict,32,160.0,2017-05-02,True,6.0,5.0,2.0,1.0,False,False,False,False
corteva-2014-2018-external|2017-148|2017,reused_external_strict,32,160.0,2017-05-16,True,6.0,5.0,2.0,1.0,False,False,False,False
corteva-2014-2018-external|2017-149|2017,reused_external_strict,32,160.0,2017-04-27,True,6.0,5.0,2.0,1.0,False,False,False,False
corteva-2014-2018-external|2017-150|2017,reused_external_strict,32,160.0,2017-04-26,True,6.0,5.0,2.0,1.0,False,False,False,False
corteva-2014-2018-external|2017-151|2017,reused_external_strict,32,160.0,2017-05-16,True,6.0,5.0,2.0,1.0,False,False,False,False
corteva-2014-2018-external|2017-152|2017,reused_external_strict,32,160.0,2017-04-21,True,6.0,5.0,2.0,1.0,False,False,False,False
corteva-2014-2018-external|2017-153|2017,reused_external_strict,32,160.0,2017-05-03,True,6.0,5.0,2.0,1.0,False,False,False,False
corteva-2014-2018-external|2017-154|2017,reused_external_strict,32,160.0,2017-04-27,True,6.0,5.0,2.0,1.0,False,False,False,False
corteva-2014-2018-external|2018-157|2018,reused_external_strict,32,160.0,2018-04-25,True,6.0,5.0,2.0,1.0,False,False,False,False
corteva-2014-2018-external|2018-158|2018,reused_external_strict,32,160.0,2018-05-14,True,6.0,6.0,2.0,2.0,False,False,False,False
corteva-2014-2018-external|2018-159|2018,reused_external_strict,32,160.0,2018-05-05,True,6.0,5.0,2.0,1.0,False,False,False,False
corteva-2014-2018-external|2018-160|2018,reused_external_strict,32,160.0,2018-05-05,True,6.0,5.0,2.0,1.0,False,False,False,False
corteva-2014-2018-external|2018-161|2018,reused_external_strict,32,160.0,2018-04-30,True,6.0,5.0,2.0,1.0,False,False,False,False
corteva-2014-2018-external|2018-162|2018,reused_external_strict,32,160.0,2018-04-22,True,6.0,5.0,2.0,1.0,False,False,False,False
corteva-2014-2018-external|2018-163|2018,reused_external_strict,32,160.0,2018-04-28,True,6.0,5.0,2.0,1.0,False,False,False,False
corteva-2014-2018-external|2018-164|2018,reused_external_strict,32,160.0,2018-04-27,True,6.0,5.0,2.0,1.0,False,False,False,False
corteva-2014-2018-external|2018-165|2018,reused_external_strict,32,160.0,2018-05-09,True,6.0,5.0,2.0,1.0,False,False,False,False
corteva-2014-2018-external|2018-166|2018,reused_external_strict,32,160.0,2018-05-04,True,6.0,5.0,2.0,1.0,False,False,False,False
corteva-2014-2018-external|2018-167|2018,reused_external_strict,32,160.0,2018-05-07,True,6.0,5.0,2.0,1.0,False,False,False,False
corteva-2014-2018-external|2018-168|2018,reused_external_strict,32,160.0,2018-05-07,True,6.0,5.0,2.0,1.0,False,False,False,False
corteva-2014-2018-external|2018-169|2018,reused_external_strict,32,160.0,2018-05-04,True,6.0,5.0,2.0,1.0,False,False,False,False
corteva-2014-2018-external|2018-170|2018,reused_external_strict,32,160.0,2018-04-25,True,6.0,5.0,2.0,1.0,False,False,False,False
corteva-2014-2018-external|2018-171|2018,reused_external_strict,32,160.0,2018-04-28,True,6.0,5.0,2.0,1.0,False,False,False,False
corteva-2014-2018-external|2018-172|2018,reused_external_strict,32,160.0,2018-05-07,True,6.0,5.0,2.0,1.0,False,False,False,False
corteva-2014-2018-external|2018-173|2018,reused_external_strict,32,160.0,2018-05-02,True,6.0,5.0,2.0,1.0,False,False,False,False
corteva-2014-2018-external|2018-174|2018,reused_external_strict,32,160.0,2018-03-28,True,6.0,5.0,2.0,1.0,False,False,False,False
corteva-2014-2018-external|2018-175|2018,reused_external_strict,32,160.0,2018-05-06,True,6.0,5.0,2.0,1.0,False,False,False,False
corteva-2014-2018-external|2018-176|2018,reused_external_strict,32,160.0,2018-05-14,True,6.0,6.0,2.0,2.0,False,False,False,False
corteva-2014-2018-external|2018-177|2018,reused_external_strict,32,160.0,2018-05-03,True,6.0,6.0,2.0,2.0,False,False,False,False
corteva-2014-2018-external|2018-181|2018,reused_external_strict,32,160.0,2018-04-26,True,6.0,5.0,2.0,1.0,False,False,False,False
corteva-2014-2018-external|2018-182|2018,reused_external_strict,32,160.0,2018-04-25,True,6.0,5.0,2.0,1.0,False,False,False,False
corteva-2014-2018-external|2018-183|2018,reused_external_strict,32,160.0,2018-04-25,True,6.0,5.0,2.0,1.0,False,False,False,False
corteva-2014-2018-external|2018-184|2018,reused_external_strict,32,160.0,2018-05-05,True,6.0,5.0,2.0,1.0,False,False,False,False
corteva-2014-2018-external|2018-185|2018,reused_external_strict,32,160.0,2018-05-04,True,6.0,5.0,2.0,1.0,False,False,False,False
corteva-2014-2018-external|2018-186|2018,reused_external_strict,32,160.0,2018-04-19,True,6.0,5.0,2.0,1.0,False,False,False,False
corteva-2014-2018-external|2018-188|2018,reused_external_strict,32,160.0,2018-04-07,True,6.0,5.0,2.0,1.0,False,False,False,False
corteva-2014-2018-external|2018-189|2018,reused_external_strict,32,160.0,2018-03-28,True,6.0,5.0,2.0,1.0,False,False,False,False
corteva-2014-2018-external|2018-190|2018,reused_external_strict,32,160.0,2018-05-09,True,6.0,5.0,2.0,1.0,False,False,False,False
corteva-2014-2018-external|2018-191|2018,reused_external_strict,32,160.0,2018-04-28,True,6.0,5.0,2.0,1.0,False,False,False,False
corteva-2014-2018-external|2018-193|2018,reused_external_strict,32,160.0,2018-05-08,True,6.0,5.0,2.0,1.0,False,False,False,False
corteva-2014-2018-external|2018-194|2018,reused_external_strict,32,160.0,2018-04-25,True,6.0,5.0,2.0,1.0,False,False,False,False
corteva-2014-2018-external|2018-195|2018,reused_external_strict,32,160.0,2018-05-04,True,6.0,5.0,2.0,1.0,False,False,False,False
corteva-2014-2018-external|2018-196|2018,reused_external_strict,32,160.0,2018-04-28,True,6.0,5.0,2.0,1.0,False,False,False,False
corteva-2014-2018-external|2018-197|2018,reused_external_strict,32,160.0,2018-05-08,True,6.0,5.0,2.0,1.0,False,False,False,False
corteva-2014-2018-external|2018-198|2018,reused_external_strict,32,160.0,2018-04-28,True,6.0,5.0,2.0,1.0,False,False,False,False
corteva-2014-2018-external|2014-1|2014,reused_external_strict,33,160.0,2014-04-27,True,6.0,6.0,2.0,2.0,False,False,False,False
corteva-2014-2018-external|2014-10|2014,reused_external_strict,33,160.0,2014-04-28,True,6.0,6.0,2.0,2.0,False,False,False,False
corteva-2014-2018-external|2014-11|2014,reused_external_strict,33,160.0,2014-05-08,True,6.0,6.0,2.0,2.0,False,False,False,False
corteva-2014-2018-external|2014-12|2014,reused_external_strict,33,160.0,2014-04-28,True,6.0,6.0,2.0,2.0,False,False,False,False
corteva-2014-2018-external|2014-13|2014,reused_external_strict,33,160.0,2014-05-02,True,6.0,6.0,2.0,2.0,False,False,False,False
corteva-2014-2018-external|2014-14|2014,reused_external_strict,33,160.0,2014-04-28,True,6.0,6.0,2.0,2.0,False,False,False,False
corteva-2014-2018-external|2014-15|2014,reused_external_strict,33,160.0,2014-04-28,True,6.0,6.0,2.0,2.0,False,False,False,False
corteva-2014-2018-external|2014-16|2014,reused_external_strict,33,160.0,2014-04-13,True,6.0,6.0,2.0,2.0,False,False,False,False
corteva-2014-2018-external|2014-17|2014,reused_external_strict,33,160.0,2014-04-28,True,6.0,6.0,2.0,2.0,False,False,False,False
corteva-2014-2018-external|2014-2|2014,reused_external_strict,33,160.0,2014-04-12,True,6.0,6.0,2.0,2.0,False,False,False,False
corteva-2014-2018-external|2014-23|2014,reused_external_strict,33,160.0,2014-05-03,True,6.0,6.0,2.0,2.0,False,False,False,False
corteva-2014-2018-external|2014-24|2014,reused_external_strict,33,160.0,2014-05-08,True,6.0,6.0,2.0,2.0,False,False,False,False
corteva-2014-2018-external|2014-25|2014,reused_external_strict,33,160.0,2014-04-13,True,6.0,6.0,2.0,2.0,False,False,False,False
corteva-2014-2018-external|2014-26|2014,reused_external_strict,33,160.0,2014-04-22,True,6.0,6.0,2.0,2.0,False,False,False,False
corteva-2014-2018-external|2014-3|2014,reused_external_strict,33,160.0,2014-04-28,True,6.0,6.0,2.0,2.0,False,False,False,False
corteva-2014-2018-external|2014-34|2014,reused_external_strict,33,160.0,2014-05-03,True,6.0,6.0,2.0,2.0,False,False,False,False
corteva-2014-2018-external|2014-35|2014,reused_external_strict,33,160.0,2014-04-13,True,6.0,6.0,2.0,2.0,False,False,False,False
corteva-2014-2018-external|2014-36|2014,reused_external_strict,33,160.0,2014-04-29,True,6.0,6.0,2.0,2.0,False,False,False,False
corteva-2014-2018-external|2014-37|2014,reused_external_strict,33,160.0,2014-05-08,True,6.0,6.0,2.0,2.0,False,False,False,False
corteva-2014-2018-external|2014-38|2014,reused_external_strict,33,160.0,2014-05-01,True,6.0,6.0,2.0,2.0,False,False,False,False
corteva-2014-2018-external|2014-39|2014,reused_external_strict,33,160.0,2014-04-26,True,6.0,6.0,2.0,2.0,False,False,False,False
corteva-2014-2018-external|2014-4|2014,reused_external_strict,33,160.0,2014-04-20,True,6.0,6.0,2.0,2.0,False,False,False,False
corteva-2014-2018-external|2014-5|2014,reused_external_strict,33,160.0,2014-04-28,True,6.0,6.0,2.0,2.0,False,False,False,False
corteva-2014-2018-external|2014-9|2014,reused_external_strict,33,160.0,2014-04-30,True,6.0,6.0,2.0,2.0,False,False,False,False
corteva-2014-2018-external|2015-41|2015,reused_external_strict,33,160.0,2015-05-06,True,6.0,6.0,2.0,2.0,False,False,False,False
corteva-2014-2018-external|2015-42|2015,reused_external_strict,33,160.0,2015-04-22,True,6.0,6.0,2.0,2.0,False,False,False,False
corteva-2014-2018-external|2015-43|2015,reused_external_strict,33,160.0,2015-05-04,True,6.0,6.0,2.0,2.0,False,False,False,False
corteva-2014-2018-external|2015-44|2015,reused_external_strict,33,160.0,2015-05-08,True,6.0,6.0,2.0,2.0,False,False,False,False
corteva-2014-2018-external|2015-48|2015,reused_external_strict,33,160.0,2015-05-07,True,6.0,6.0,2.0,2.0,False,False,False,False
corteva-2014-2018-external|2015-49|2015,reused_external_strict,33,160.0,2015-04-20,True,6.0,6.0,2.0,2.0,False,False,False,False
corteva-2014-2018-external|2015-50|2015,reused_external_strict,33,160.0,2015-05-05,True,6.0,6.0,2.0,2.0,False,False,False,False
corteva-2014-2018-external|2015-53|2015,reused_external_strict,33,160.0,2015-05-08,True,6.0,6.0,2.0,2.0,False,False,False,False
corteva-2014-2018-external|2015-54|2015,reused_external_strict,33,160.0,2015-05-10,True,6.0,6.0,2.0,2.0,False,False,False,False
corteva-2014-2018-external|2015-55|2015,reused_external_strict,33,160.0,2015-05-11,True,6.0,6.0,2.0,2.0,False,False,False,False
corteva-2014-2018-external|2015-56|2015,reused_external_strict,33,160.0,2015-05-03,True,6.0,6.0,2.0,2.0,False,False,False,False
corteva-2014-2018-external|2015-57|2015,reused_external_strict,33,160.0,2015-05-13,True,6.0,6.0,2.0,2.0,False,False,False,False
corteva-2014-2018-external|2015-58|2015,reused_external_strict,33,160.0,2015-05-31,True,6.0,6.0,2.0,2.0,False,False,False,False
corteva-2014-2018-external|2015-60|2015,reused_external_strict,33,160.0,2015-05-27,True,6.0,6.0,2.0,2.0,False,False,False,False
corteva-2014-2018-external|2015-61|2015,reused_external_strict,33,160.0,2015-05-04,True,6.0,6.0,2.0,2.0,False,False,False,False
corteva-2014-2018-external|2015-62|2015,reused_external_strict,33,160.0,2015-05-05,True,6.0,6.0,2.0,2.0,False,False,False,False
corteva-2014-2018-external|2015-63|2015,reused_external_strict,33,160.0,2015-05-11,True,6.0,6.0,2.0,2.0,False,False,False,False
corteva-2014-2018-external|2015-64|2015,reused_external_strict,33,160.0,2015-05-05,True,6.0,6.0,2.0,2.0,False,False,False,False
corteva-2014-2018-external|2015-65|2015,reused_external_strict,33,160.0,2015-05-02,True,6.0,6.0,2.0,2.0,False,False,False,False
corteva-2014-2018-external|2015-66|2015,reused_external_strict,33,160.0,2015-04-20,True,6.0,6.0,2.0,2.0,False,False,False,False
corteva-2014-2018-external|2015-67|2015,reused_external_strict,33,160.0,2015-05-05,True,6.0,6.0,2.0,2.0,False,False,False,False
corteva-2014-2018-external|2015-68|2015,reused_external_strict,33,160.0,2015-05-07,True,6.0,6.0,2.0,2.0,False,False,False,False
corteva-2014-2018-external|2015-69|2015,reused_external_strict,33,160.0,2015-05-02,True,6.0,6.0,2.0,2.0,False,False,False,False
corteva-2014-2018-external|2015-70|2015,reused_external_strict,33,160.0,2015-05-27,True,6.0,6.0,2.0,2.0,False,False,False,False
corteva-2014-2018-external|2015-71|2015,reused_external_strict,33,160.0,2015-05-25,True,6.0,6.0,2.0,2.0,False,False,False,False
corteva-2014-2018-external|2015-72|2015,reused_external_strict,33,160.0,2015-05-03,True,6.0,6.0,2.0,2.0,False,False,False,False
corteva-2014-2018-external|2015-73|2015,reused_external_strict,33,160.0,2015-05-04,True,6.0,6.0,2.0,2.0,False,False,False,False
corteva-2014-2018-external|2015-74|2015,reused_external_strict,33,160.0,2015-05-03,True,6.0,6.0,2.0,2.0,False,False,False,False
corteva-2014-2018-external|2015-75|2015,reused_external_strict,33,160.0,2015-05-06,True,6.0,6.0,2.0,2.0,False,False,False,False
corteva-2014-2018-external|2015-76|2015,reused_external_strict,33,160.0,2015-05-03,True,6.0,6.0,2.0,2.0,False,False,False,False
corteva-2014-2018-external|2015-77|2015,reused_external_strict,33,160.0,2015-05-03,True,6.0,6.0,2.0,2.0,False,False,False,False
corteva-2014-2018-external|2015-78|2015,reused_external_strict,33,160.0,2015-05-11,True,6.0,6.0,2.0,2.0,False,False,False,False
corteva-2014-2018-external|2016-100|2016,reused_external_strict,33,160.0,2016-05-09,True,6.0,6.0,2.0,2.0,False,False,False,False
corteva-2014-2018-external|2016-101|2016,reused_external_strict,33,160.0,2016-05-06,True,6.0,6.0,2.0,2.0,False,False,False,False
corteva-2014-2018-external|2016-102|2016,reused_external_strict,33,160.0,2016-05-06,True,6.0,6.0,2.0,2.0,False,False,False,False
corteva-2014-2018-external|2016-103|2016,reused_external_strict,33,160.0,2016-04-18,True,6.0,6.0,2.0,2.0,False,False,False,False
corteva-2014-2018-external|2016-104|2016,reused_external_strict,33,160.0,2016-05-08,True,6.0,6.0,2.0,2.0,False,False,False,False
corteva-2014-2018-external|2016-105|2016,reused_external_strict,33,160.0,2016-05-17,True,6.0,6.0,2.0,2.0,False,False,False,False
corteva-2014-2018-external|2016-106|2016,reused_external_strict,33,160.0,2016-04-27,True,6.0,6.0,2.0,2.0,False,False,False,False
corteva-2014-2018-external|2016-107|2016,reused_external_strict,33,160.0,2016-05-06,True,6.0,6.0,2.0,2.0,False,False,False,False
corteva-2014-2018-external|2016-108|2016,reused_external_strict,33,160.0,2016-05-07,True,6.0,6.0,2.0,2.0,False,False,False,False
corteva-2014-2018-external|2016-109|2016,reused_external_strict,33,160.0,2016-05-02,True,6.0,6.0,2.0,2.0,False,False,False,False
corteva-2014-2018-external|2016-110|2016,reused_external_strict,33,160.0,2016-05-02,True,6.0,6.0,2.0,2.0,False,False,False,False
corteva-2014-2018-external|2016-111|2016,reused_external_strict,33,160.0,2016-05-08,True,6.0,6.0,2.0,2.0,False,False,False,False
corteva-2014-2018-external|2016-113|2016,reused_external_strict,33,160.0,2016-04-25,True,6.0,6.0,2.0,2.0,False,False,False,False
corteva-2014-2018-external|2016-115|2016,reused_external_strict,33,160.0,2016-05-05,True,6.0,6.0,2.0,2.0,False,False,False,False
corteva-2014-2018-external|2016-116|2016,reused_external_strict,33,160.0,2016-05-05,True,6.0,6.0,2.0,2.0,False,False,False,False
corteva-2014-2018-external|2016-79|2016,reused_external_strict,33,160.0,2016-05-05,True,6.0,6.0,2.0,2.0,False,False,False,False
corteva-2014-2018-external|2016-80|2016,reused_external_strict,33,160.0,2016-05-08,True,6.0,6.0,2.0,2.0,False,False,False,False
corteva-2014-2018-external|2016-81|2016,reused_external_strict,33,160.0,2016-05-05,True,6.0,6.0,2.0,2.0,False,False,False,False
corteva-2014-2018-external|2016-89|2016,reused_external_strict,33,160.0,2016-05-08,True,6.0,6.0,2.0,2.0,False,False,False,False
corteva-2014-2018-external|2016-90|2016,reused_external_strict,33,160.0,2016-04-23,True,6.0,6.0,2.0,2.0,False,False,False,False
corteva-2014-2018-external|2016-91|2016,reused_external_strict,33,160.0,2016-05-05,True,6.0,6.0,2.0,2.0,False,False,False,False
corteva-2014-2018-external|2016-92|2016,reused_external_strict,33,160.0,2016-04-24,True,6.0,6.0,2.0,2.0,False,False,False,False
corteva-2014-2018-external|2016-93|2016,reused_external_strict,33,160.0,2016-05-07,True,6.0,6.0,2.0,2.0,False,False,False,False
corteva-2014-2018-external|2016-94|2016,reused_external_strict,33,160.0,2016-05-05,True,6.0,6.0,2.0,2.0,False,False,False,False
corteva-2014-2018-external|2016-96|2016,reused_external_strict,33,160.0,2016-04-19,True,6.0,6.0,2.0,2.0,False,False,False,False
corteva-2014-2018-external|2016-97|2016,reused_external_strict,33,160.0,2016-05-05,True,6.0,6.0,2.0,2.0,False,False,False,False
corteva-2014-2018-external|2016-98|2016,reused_external_strict,33,160.0,2016-04-20,True,6.0,6.0,2.0,2.0,False,False,False,False
corteva-2014-2018-external|2016-99|2016,reused_external_strict,33,160.0,2016-05-05,True,6.0,6.0,2.0,2.0,False,False,False,False
corteva-2014-2018-external|2017-117|2017,reused_external_strict,33,160.0,2017-04-17,True,6.0,6.0,2.0,2.0,False,False,False,False
corteva-2014-2018-external|2017-118|2017,reused_external_strict,33,160.0,2017-04-30,True,6.0,6.0,2.0,2.0,False,False,False,False
corteva-2014-2018-external|2017-119|2017,reused_external_strict,33,160.0,2017-05-14,True,6.0,6.0,2.0,2.0,False,False,False,False
corteva-2014-2018-external|2017-121|2017,reused_external_strict,33,160.0,2017-04-17,True,6.0,6.0,2.0,2.0,False,False,False,False
corteva-2014-2018-external|2017-126|2017,reused_external_strict,33,160.0,2017-04-30,True,6.0,6.0,2.0,2.0,False,False,False,False
corteva-2014-2018-external|2017-130|2017,reused_external_strict,33,160.0,2017-05-05,True,6.0,6.0,2.0,2.0,False,False,False,False
corteva-2014-2018-external|2017-131|2017,reused_external_strict,33,160.0,2017-04-21,True,6.0,6.0,2.0,2.0,False,False,False,False
corteva-2014-2018-external|2017-132|2017,reused_external_strict,33,160.0,2017-04-30,True,6.0,6.0,2.0,2.0,False,False,False,False
corteva-2014-2018-external|2017-133|2017,reused_external_strict,33,160.0,2017-05-11,True,6.0,6.0,2.0,2.0,False,False,False,False
corteva-2014-2018-external|2017-141|2017,reused_external_strict,33,160.0,2017-04-30,True,6.0,6.0,2.0,2.0,False,False,False,False
corteva-2014-2018-external|2017-142|2017,reused_external_strict,33,160.0,2017-05-04,True,6.0,6.0,2.0,2.0,False,False,False,False
corteva-2014-2018-external|2017-144|2017,reused_external_strict,33,160.0,2017-04-30,True,6.0,6.0,2.0,2.0,False,False,False,False
corteva-2014-2018-external|2017-145|2017,reused_external_strict,33,160.0,2017-04-28,True,6.0,6.0,2.0,2.0,False,False,False,False
corteva-2014-2018-external|2017-146|2017,reused_external_strict,33,160.0,2017-05-13,True,6.0,6.0,2.0,2.0,False,False,False,False
corteva-2014-2018-external|2017-147|2017,reused_external_strict,33,160.0,2017-05-05,True,6.0,6.0,2.0,2.0,False,False,False,False
corteva-2014-2018-external|2017-148|2017,reused_external_strict,33,160.0,2017-05-18,True,6.0,6.0,2.0,2.0,False,False,False,False
corteva-2014-2018-external|2017-149|2017,reused_external_strict,33,160.0,2017-05-01,True,6.0,6.0,2.0,2.0,False,False,False,False
corteva-2014-2018-external|2017-150|2017,reused_external_strict,33,160.0,2017-04-30,True,6.0,6.0,2.0,2.0,False,False,False,False
corteva-2014-2018-external|2017-151|2017,reused_external_strict,33,160.0,2017-05-18,True,6.0,6.0,2.0,2.0,False,False,False,False
corteva-2014-2018-external|2017-152|2017,reused_external_strict,33,160.0,2017-04-25,True,6.0,6.0,2.0,2.0,False,False,False,False
corteva-2014-2018-external|2017-153|2017,reused_external_strict,33,160.0,2017-05-06,True,6.0,6.0,2.0,2.0,False,False,False,False
corteva-2014-2018-external|2017-154|2017,reused_external_strict,33,160.0,2017-05-01,True,6.0,6.0,2.0,2.0,False,False,False,False
corteva-2014-2018-external|2018-157|2018,reused_external_strict,33,160.0,2018-04-28,True,6.0,6.0,2.0,2.0,False,False,False,False
corteva-2014-2018-external|2018-158|2018,reused_external_strict,33,160.0,2018-05-15,True,6.0,6.0,2.0,2.0,False,False,False,False
corteva-2014-2018-external|2018-159|2018,reused_external_strict,33,160.0,2018-05-07,True,6.0,6.0,2.0,2.0,False,False,False,False
corteva-2014-2018-external|2018-160|2018,reused_external_strict,33,160.0,2018-05-07,True,6.0,6.0,2.0,2.0,False,False,False,False
corteva-2014-2018-external|2018-161|2018,reused_external_strict,33,160.0,2018-05-04,True,6.0,6.0,2.0,2.0,False,False,False,False
corteva-2014-2018-external|2018-162|2018,reused_external_strict,33,160.0,2018-04-24,True,6.0,6.0,2.0,2.0,False,False,False,False
corteva-2014-2018-external|2018-163|2018,reused_external_strict,33,160.0,2018-04-30,True,6.0,6.0,2.0,2.0,False,False,False,False
corteva-2014-2018-external|2018-164|2018,reused_external_strict,33,160.0,2018-04-30,True,6.0,6.0,2.0,2.0,False,False,False,False
corteva-2014-2018-external|2018-165|2018,reused_external_strict,33,160.0,2018-05-11,True,6.0,6.0,2.0,2.0,False,False,False,False
corteva-2014-2018-external|2018-166|2018,reused_external_strict,33,160.0,2018-05-06,True,6.0,6.0,2.0,2.0,False,False,False,False
corteva-2014-2018-external|2018-167|2018,reused_external_strict,33,160.0,2018-05-10,True,6.0,6.0,2.0,2.0,False,False,False,False
corteva-2014-2018-external|2018-168|2018,reused_external_strict,33,160.0,2018-05-10,True,6.0,6.0,2.0,2.0,False,False,False,False
corteva-2014-2018-external|2018-169|2018,reused_external_strict,33,160.0,2018-05-06,True,6.0,6.0,2.0,2.0,False,False,False,False
corteva-2014-2018-external|2018-170|2018,reused_external_strict,33,160.0,2018-04-28,True,6.0,6.0,2.0,2.0,False,False,False,False
corteva-2014-2018-external|2018-171|2018,reused_external_strict,33,160.0,2018-05-02,True,6.0,6.0,2.0,2.0,False,False,False,False
corteva-2014-2018-external|2018-172|2018,reused_external_strict,33,160.0,2018-05-10,True,6.0,6.0,2.0,2.0,False,False,False,False
corteva-2014-2018-external|2018-173|2018,reused_external_strict,33,160.0,2018-05-05,True,6.0,6.0,2.0,2.0,False,False,False,False
corteva-2014-2018-external|2018-174|2018,reused_external_strict,33,160.0,2018-04-01,True,6.0,6.0,2.0,2.0,False,False,False,False
corteva-2014-2018-external|2018-175|2018,reused_external_strict,33,160.0,2018-05-08,True,6.0,6.0,2.0,2.0,False,False,False,False
corteva-2014-2018-external|2018-176|2018,reused_external_strict,33,160.0,2018-05-15,True,6.0,6.0,2.0,2.0,False,False,False,False
corteva-2014-2018-external|2018-177|2018,reused_external_strict,33,160.0,2018-05-04,True,6.0,6.0,2.0,2.0,False,False,False,False
corteva-2014-2018-external|2018-181|2018,reused_external_strict,33,160.0,2018-04-30,True,6.0,6.0,2.0,2.0,False,False,False,False
corteva-2014-2018-external|2018-182|2018,reused_external_strict,33,160.0,2018-04-28,True,6.0,6.0,2.0,2.0,False,False,False,False
corteva-2014-2018-external|2018-183|2018,reused_external_strict,33,160.0,2018-04-28,True,6.0,6.0,2.0,2.0,False,False,False,False
corteva-2014-2018-external|2018-184|2018,reused_external_strict,33,160.0,2018-05-07,True,6.0,6.0,2.0,2.0,False,False,False,False
corteva-2014-2018-external|2018-185|2018,reused_external_strict,33,160.0,2018-05-06,True,6.0,6.0,2.0,2.0,False,False,False,False
corteva-2014-2018-external|2018-186|2018,reused_external_strict,33,160.0,2018-04-21,True,6.0,6.0,2.0,2.0,False,False,False,False
corteva-2014-2018-external|2018-188|2018,reused_external_strict,33,160.0,2018-04-11,True,6.0,6.0,2.0,2.0,False,False,False,False
corteva-2014-2018-external|2018-189|2018,reused_external_strict,33,160.0,2018-04-01,True,6.0,6.0,2.0,2.0,False,False,False,False
corteva-2014-2018-external|2018-190|2018,reused_external_strict,33,160.0,2018-05-11,True,6.0,6.0,2.0,2.0,False,False,False,False
corteva-2014-2018-external|2018-191|2018,reused_external_strict,33,160.0,2018-04-30,True,6.0,6.0,2.0,2.0,False,False,False,False
corteva-2014-2018-external|2018-193|2018,reused_external_strict,33,160.0,2018-05-12,True,6.0,6.0,2.0,2.0,False,False,False,False
corteva-2014-2018-external|2018-194|2018,reused_external_strict,33,160.0,2018-04-28,True,6.0,6.0,2.0,2.0,False,False,False,False
corteva-2014-2018-external|2018-195|2018,reused_external_strict,33,160.0,2018-05-06,True,6.0,6.0,2.0,2.0,False,False,False,False
corteva-2014-2018-external|2018-196|2018,reused_external_strict,33,160.0,2018-04-30,True,6.0,6.0,2.0,2.0,False,False,False,False
corteva-2014-2018-external|2018-197|2018,reused_external_strict,33,160.0,2018-05-12,True,6.0,6.0,2.0,2.0,False,False,False,False
corteva-2014-2018-external|2018-198|2018,reused_external_strict,33,160.0,2018-05-03,True,6.0,6.0,2.0,2.0,False,False,False,False
corteva-2014-2018-external|2014-1|2014,reused_external_strict,37,160.0,2014-04-30,True,7.0,6.0,3.0,2.0,True,False,False,False
corteva-2014-2018-external|2014-10|2014,reused_external_strict,37,160.0,2014-05-02,True,7.0,6.0,3.0,2.0,True,False,False,False
corteva-2014-2018-external|2014-11|2014,reused_external_strict,37,160.0,2014-05-12,True,7.0,6.0,3.0,2.0,True,False,False,False
corteva-2014-2018-external|2014-12|2014,reused_external_strict,37,160.0,2014-05-02,True,7.0,6.0,3.0,2.0,True,False,False,False
corteva-2014-2018-external|2014-13|2014,reused_external_strict,37,160.0,2014-05-07,True,7.0,6.0,3.0,2.0,True,False,False,False
corteva-2014-2018-external|2014-14|2014,reused_external_strict,37,160.0,2014-05-02,True,7.0,6.0,3.0,2.0,True,False,False,False
corteva-2014-2018-external|2014-15|2014,reused_external_strict,37,160.0,2014-05-02,True,7.0,6.0,3.0,2.0,True,False,False,False
corteva-2014-2018-external|2014-16|2014,reused_external_strict,37,160.0,2014-04-17,True,7.0,6.0,3.0,2.0,True,False,False,False
corteva-2014-2018-external|2014-17|2014,reused_external_strict,37,160.0,2014-05-02,True,7.0,6.0,3.0,2.0,True,False,False,False
corteva-2014-2018-external|2014-2|2014,reused_external_strict,37,160.0,2014-04-17,True,7.0,6.0,3.0,2.0,True,False,False,False
corteva-2014-2018-external|2014-23|2014,reused_external_strict,37,160.0,2014-05-08,True,7.0,6.0,3.0,2.0,True,False,False,False
corteva-2014-2018-external|2014-24|2014,reused_external_strict,37,160.0,2014-05-12,True,7.0,6.0,3.0,2.0,True,False,False,False
corteva-2014-2018-external|2014-25|2014,reused_external_strict,37,160.0,2014-04-17,True,7.0,6.0,3.0,2.0,True,False,False,False
corteva-2014-2018-external|2014-26|2014,reused_external_strict,37,160.0,2014-04-25,True,7.0,6.0,3.0,2.0,True,False,False,False
corteva-2014-2018-external|2014-3|2014,reused_external_strict,37,160.0,2014-05-02,True,7.0,6.0,3.0,2.0,True,False,False,False
corteva-2014-2018-external|2014-34|2014,reused_external_strict,37,160.0,2014-05-08,True,7.0,6.0,3.0,2.0,True,False,False,False
corteva-2014-2018-external|2014-35|2014,reused_external_strict,37,160.0,2014-04-17,True,7.0,6.0,3.0,2.0,True,False,False,False
corteva-2014-2018-external|2014-36|2014,reused_external_strict,37,160.0,2014-05-03,True,7.0,6.0,3.0,2.0,True,False,False,False
corteva-2014-2018-external|2014-37|2014,reused_external_strict,37,160.0,2014-05-12,True,7.0,6.0,3.0,2.0,True,False,False,False
corteva-2014-2018-external|2014-38|2014,reused_external_strict,37,160.0,2014-05-05,True,7.0,6.0,3.0,2.0,True,False,False,False
corteva-2014-2018-external|2014-39|2014,reused_external_strict,37,160.0,2014-04-29,True,7.0,6.0,3.0,2.0,True,False,False,False
corteva-2014-2018-external|2014-4|2014,reused_external_strict,37,160.0,2014-04-23,True,7.0,6.0,3.0,2.0,True,False,False,False
corteva-2014-2018-external|2014-5|2014,reused_external_strict,37,160.0,2014-05-02,True,7.0,6.0,3.0,2.0,True,False,False,False
corteva-2014-2018-external|2014-9|2014,reused_external_strict,37,160.0,2014-05-04,True,7.0,6.0,3.0,2.0,True,False,False,False
corteva-2014-2018-external|2015-41|2015,reused_external_strict,37,160.0,2015-05-10,True,7.0,6.0,3.0,2.0,True,False,False,False
corteva-2014-2018-external|2015-42|2015,reused_external_strict,37,160.0,2015-04-26,True,7.0,6.0,3.0,2.0,True,False,False,False
corteva-2014-2018-external|2015-43|2015,reused_external_strict,37,160.0,2015-05-07,True,7.0,6.0,3.0,2.0,True,False,False,False
corteva-2014-2018-external|2015-44|2015,reused_external_strict,37,160.0,2015-05-11,True,7.0,6.0,3.0,2.0,True,False,False,False
corteva-2014-2018-external|2015-48|2015,reused_external_strict,37,160.0,2015-05-11,True,7.0,6.0,3.0,2.0,True,False,False,False
corteva-2014-2018-external|2015-49|2015,reused_external_strict,37,160.0,2015-04-23,True,7.0,6.0,3.0,2.0,True,False,False,False
corteva-2014-2018-external|2015-50|2015,reused_external_strict,37,160.0,2015-05-09,True,7.0,6.0,3.0,2.0,True,False,False,False
corteva-2014-2018-external|2015-53|2015,reused_external_strict,37,160.0,2015-05-11,True,7.0,6.0,3.0,2.0,True,False,False,False
corteva-2014-2018-external|2015-54|2015,reused_external_strict,37,160.0,2015-05-14,True,7.0,6.0,3.0,2.0,True,False,False,False
corteva-2014-2018-external|2015-55|2015,reused_external_strict,37,160.0,2015-05-15,True,7.0,6.0,3.0,2.0,True,False,False,False
corteva-2014-2018-external|2015-56|2015,reused_external_strict,37,160.0,2015-05-07,True,7.0,6.0,3.0,2.0,True,False,False,False
corteva-2014-2018-external|2015-57|2015,reused_external_strict,37,160.0,2015-05-17,True,7.0,6.0,3.0,2.0,True,False,False,False
corteva-2014-2018-external|2015-58|2015,reused_external_strict,37,160.0,2015-06-04,True,7.0,6.0,3.0,2.0,True,False,False,False
corteva-2014-2018-external|2015-60|2015,reused_external_strict,37,160.0,2015-06-01,True,7.0,6.0,3.0,2.0,True,False,False,False
corteva-2014-2018-external|2015-61|2015,reused_external_strict,37,160.0,2015-05-07,True,7.0,6.0,3.0,2.0,True,False,False,False
corteva-2014-2018-external|2015-62|2015,reused_external_strict,37,160.0,2015-05-09,True,7.0,6.0,3.0,2.0,True,False,False,False
corteva-2014-2018-external|2015-63|2015,reused_external_strict,37,160.0,2015-05-15,True,7.0,6.0,3.0,2.0,True,False,False,False
corteva-2014-2018-external|2015-64|2015,reused_external_strict,37,160.0,2015-05-09,True,7.0,6.0,3.0,2.0,True,False,False,False
corteva-2014-2018-external|2015-65|2015,reused_external_strict,37,160.0,2015-05-05,True,7.0,6.0,3.0,2.0,True,False,False,False
corteva-2014-2018-external|2015-66|2015,reused_external_strict,37,160.0,2015-04-23,True,7.0,6.0,3.0,2.0,True,False,False,False
corteva-2014-2018-external|2015-67|2015,reused_external_strict,37,160.0,2015-05-09,True,7.0,6.0,3.0,2.0,True,False,False,False
corteva-2014-2018-external|2015-68|2015,reused_external_strict,37,160.0,2015-05-10,True,7.0,6.0,3.0,2.0,True,False,False,False
corteva-2014-2018-external|2015-69|2015,reused_external_strict,37,160.0,2015-05-05,True,7.0,6.0,3.0,2.0,True,False,False,False
corteva-2014-2018-external|2015-70|2015,reused_external_strict,37,160.0,2015-05-31,True,7.0,6.0,3.0,2.0,True,False,False,False
corteva-2014-2018-external|2015-71|2015,reused_external_strict,37,160.0,2015-05-29,True,7.0,6.0,3.0,2.0,True,False,False,False
corteva-2014-2018-external|2015-72|2015,reused_external_strict,37,160.0,2015-05-07,True,7.0,6.0,3.0,2.0,True,False,False,False
corteva-2014-2018-external|2015-73|2015,reused_external_strict,37,160.0,2015-05-07,True,7.0,6.0,3.0,2.0,True,False,False,False
corteva-2014-2018-external|2015-74|2015,reused_external_strict,37,160.0,2015-05-07,True,7.0,6.0,3.0,2.0,True,False,False,False
corteva-2014-2018-external|2015-75|2015,reused_external_strict,37,160.0,2015-05-10,True,7.0,6.0,3.0,2.0,True,False,False,False
corteva-2014-2018-external|2015-76|2015,reused_external_strict,37,160.0,2015-05-06,True,7.0,6.0,3.0,2.0,True,False,False,False
corteva-2014-2018-external|2015-77|2015,reused_external_strict,37,160.0,2015-05-07,True,7.0,6.0,3.0,2.0,True,False,False,False
corteva-2014-2018-external|2015-78|2015,reused_external_strict,37,160.0,2015-05-14,True,7.0,6.0,3.0,2.0,True,False,False,False
corteva-2014-2018-external|2016-100|2016,reused_external_strict,37,160.0,2016-05-12,True,7.0,6.0,3.0,2.0,True,False,False,False
corteva-2014-2018-external|2016-101|2016,reused_external_strict,37,160.0,2016-05-08,True,7.0,6.0,3.0,2.0,True,False,False,False
corteva-2014-2018-external|2016-102|2016,reused_external_strict,37,160.0,2016-05-09,True,7.0,6.0,3.0,2.0,True,False,False,False
corteva-2014-2018-external|2016-103|2016,reused_external_strict,37,160.0,2016-04-21,True,7.0,6.0,3.0,2.0,True,False,False,False
corteva-2014-2018-external|2016-104|2016,reused_external_strict,37,160.0,2016-05-10,True,7.0,6.0,3.0,2.0,True,False,False,False
corteva-2014-2018-external|2016-105|2016,reused_external_strict,37,160.0,2016-05-20,True,7.0,6.0,3.0,2.0,True,False,False,False
corteva-2014-2018-external|2016-106|2016,reused_external_strict,37,160.0,2016-05-03,True,7.0,6.0,3.0,2.0,True,False,False,False
corteva-2014-2018-external|2016-107|2016,reused_external_strict,37,160.0,2016-05-09,True,7.0,6.0,3.0,2.0,True,False,False,False
corteva-2014-2018-external|2016-108|2016,reused_external_strict,37,160.0,2016-05-10,True,7.0,6.0,3.0,2.0,True,False,False,False
corteva-2014-2018-external|2016-109|2016,reused_external_strict,37,160.0,2016-05-06,True,7.0,6.0,3.0,2.0,True,False,False,False
corteva-2014-2018-external|2016-110|2016,reused_external_strict,37,160.0,2016-05-06,True,7.0,6.0,3.0,2.0,True,False,False,False
corteva-2014-2018-external|2016-111|2016,reused_external_strict,37,160.0,2016-05-11,True,7.0,6.0,3.0,2.0,True,False,False,False
corteva-2014-2018-external|2016-113|2016,reused_external_strict,37,160.0,2016-05-01,True,7.0,6.0,3.0,2.0,True,False,False,False
corteva-2014-2018-external|2016-115|2016,reused_external_strict,37,160.0,2016-05-08,True,7.0,6.0,3.0,2.0,True,False,False,False
corteva-2014-2018-external|2016-116|2016,reused_external_strict,37,160.0,2016-05-08,True,7.0,6.0,3.0,2.0,True,False,False,False
corteva-2014-2018-external|2016-79|2016,reused_external_strict,37,160.0,2016-05-08,True,7.0,6.0,3.0,2.0,True,False,False,False
corteva-2014-2018-external|2016-80|2016,reused_external_strict,37,160.0,2016-05-10,True,7.0,6.0,3.0,2.0,True,False,False,False
corteva-2014-2018-external|2016-81|2016,reused_external_strict,37,160.0,2016-05-08,True,7.0,6.0,3.0,2.0,True,False,False,False
corteva-2014-2018-external|2016-89|2016,reused_external_strict,37,160.0,2016-05-10,True,7.0,6.0,3.0,2.0,True,False,False,False
corteva-2014-2018-external|2016-90|2016,reused_external_strict,37,160.0,2016-04-29,True,7.0,6.0,3.0,2.0,True,False,False,False
corteva-2014-2018-external|2016-91|2016,reused_external_strict,37,160.0,2016-05-08,True,7.0,6.0,3.0,2.0,True,False,False,False
corteva-2014-2018-external|2016-92|2016,reused_external_strict,37,160.0,2016-05-01,True,7.0,6.0,3.0,2.0,True,False,False,False
corteva-2014-2018-external|2016-93|2016,reused_external_strict,37,160.0,2016-05-10,True,7.0,6.0,3.0,2.0,True,False,False,False
corteva-2014-2018-external|2016-94|2016,reused_external_strict,37,160.0,2016-05-08,True,7.0,6.0,3.0,2.0,True,False,False,False
corteva-2014-2018-external|2016-96|2016,reused_external_strict,37,160.0,2016-04-22,True,7.0,6.0,3.0,2.0,True,False,False,False
corteva-2014-2018-external|2016-97|2016,reused_external_strict,37,160.0,2016-05-08,True,7.0,6.0,3.0,2.0,True,False,False,False
corteva-2014-2018-external|2016-98|2016,reused_external_strict,37,160.0,2016-04-25,True,7.0,6.0,3.0,2.0,True,False,False,False
corteva-2014-2018-external|2016-99|2016,reused_external_strict,37,160.0,2016-05-08,True,7.0,6.0,3.0,2.0,True,False,False,False
corteva-2014-2018-external|2017-117|2017,reused_external_strict,37,160.0,2017-04-22,True,7.0,6.0,3.0,2.0,True,False,False,False
corteva-2014-2018-external|2017-118|2017,reused_external_strict,37,160.0,2017-05-04,True,7.0,6.0,3.0,2.0,True,False,False,False
corteva-2014-2018-external|2017-119|2017,reused_external_strict,37,160.0,2017-05-17,True,7.0,6.0,3.0,2.0,True,False,False,False
corteva-2014-2018-external|2017-121|2017,reused_external_strict,37,160.0,2017-04-22,True,7.0,6.0,3.0,2.0,True,False,False,False
corteva-2014-2018-external|2017-126|2017,reused_external_strict,37,160.0,2017-05-04,True,7.0,6.0,3.0,2.0,True,False,False,False
corteva-2014-2018-external|2017-130|2017,reused_external_strict,37,160.0,2017-05-10,True,7.0,6.0,3.0,2.0,True,False,False,False
corteva-2014-2018-external|2017-131|2017,reused_external_strict,37,160.0,2017-04-26,True,7.0,6.0,3.0,2.0,True,False,False,False
corteva-2014-2018-external|2017-132|2017,reused_external_strict,37,160.0,2017-05-04,True,7.0,6.0,3.0,2.0,True,False,False,False
corteva-2014-2018-external|2017-133|2017,reused_external_strict,37,160.0,2017-05-14,True,7.0,6.0,3.0,2.0,True,False,False,False
corteva-2014-2018-external|2017-141|2017,reused_external_strict,37,160.0,2017-05-04,True,7.0,6.0,3.0,2.0,True,False,False,False
corteva-2014-2018-external|2017-142|2017,reused_external_strict,37,160.0,2017-05-08,True,7.0,6.0,3.0,2.0,True,False,False,False
corteva-2014-2018-external|2017-144|2017,reused_external_strict,37,160.0,2017-05-04,True,7.0,6.0,3.0,2.0,True,False,False,False
corteva-2014-2018-external|2017-145|2017,reused_external_strict,37,160.0,2017-05-02,True,7.0,6.0,3.0,2.0,True,False,False,False
corteva-2014-2018-external|2017-146|2017,reused_external_strict,37,160.0,2017-05-16,True,7.0,6.0,3.0,2.0,True,False,False,False
corteva-2014-2018-external|2017-147|2017,reused_external_strict,37,160.0,2017-05-10,True,7.0,6.0,3.0,2.0,True,False,False,False
corteva-2014-2018-external|2017-148|2017,reused_external_strict,37,160.0,2017-05-21,True,7.0,6.0,3.0,2.0,True,False,False,False
corteva-2014-2018-external|2017-149|2017,reused_external_strict,37,160.0,2017-05-05,True,7.0,6.0,3.0,2.0,True,False,False,False
corteva-2014-2018-external|2017-150|2017,reused_external_strict,37,160.0,2017-05-04,True,7.0,6.0,3.0,2.0,True,False,False,False
corteva-2014-2018-external|2017-151|2017,reused_external_strict,37,160.0,2017-05-21,True,7.0,6.0,3.0,2.0,True,False,False,False
corteva-2014-2018-external|2017-152|2017,reused_external_strict,37,160.0,2017-05-01,True,7.0,6.0,3.0,2.0,True,False,False,False
corteva-2014-2018-external|2017-153|2017,reused_external_strict,37,160.0,2017-05-11,True,7.0,6.0,3.0,2.0,True,False,False,False
corteva-2014-2018-external|2017-154|2017,reused_external_strict,37,160.0,2017-05-05,True,7.0,6.0,3.0,2.0,True,False,False,False
corteva-2014-2018-external|2018-157|2018,reused_external_strict,37,160.0,2018-05-03,True,7.0,6.0,3.0,2.0,True,False,False,False
corteva-2014-2018-external|2018-158|2018,reused_external_strict,37,160.0,2018-05-18,True,7.0,6.0,3.0,2.0,True,False,False,False
corteva-2014-2018-external|2018-159|2018,reused_external_strict,37,160.0,2018-05-09,True,7.0,6.0,3.0,2.0,True,False,False,False
corteva-2014-2018-external|2018-160|2018,reused_external_strict,37,160.0,2018-05-09,True,7.0,6.0,3.0,2.0,True,False,False,False
corteva-2014-2018-external|2018-161|2018,reused_external_strict,37,160.0,2018-05-07,True,7.0,6.0,3.0,2.0,True,False,False,False
corteva-2014-2018-external|2018-162|2018,reused_external_strict,37,160.0,2018-04-28,True,7.0,6.0,3.0,2.0,True,False,False,False
corteva-2014-2018-external|2018-163|2018,reused_external_strict,37,160.0,2018-05-04,True,7.0,6.0,3.0,2.0,True,False,False,False
corteva-2014-2018-external|2018-164|2018,reused_external_strict,37,160.0,2018-05-04,True,7.0,6.0,3.0,2.0,True,False,False,False
corteva-2014-2018-external|2018-165|2018,reused_external_strict,37,160.0,2018-05-14,True,7.0,6.0,3.0,2.0,True,False,False,False
corteva-2014-2018-external|2018-166|2018,reused_external_strict,37,160.0,2018-05-09,True,7.0,6.0,3.0,2.0,True,False,False,False
corteva-2014-2018-external|2018-167|2018,reused_external_strict,37,160.0,2018-05-14,True,7.0,6.0,3.0,2.0,True,False,False,False
corteva-2014-2018-external|2018-168|2018,reused_external_strict,37,160.0,2018-05-14,True,7.0,6.0,3.0,2.0,True,False,False,False
corteva-2014-2018-external|2018-169|2018,reused_external_strict,37,160.0,2018-05-09,True,7.0,6.0,3.0,2.0,True,False,False,False
corteva-2014-2018-external|2018-170|2018,reused_external_strict,37,160.0,2018-05-03,True,7.0,6.0,3.0,2.0,True,False,False,False
corteva-2014-2018-external|2018-171|2018,reused_external_strict,37,160.0,2018-05-06,True,7.0,6.0,3.0,2.0,True,False,False,False
corteva-2014-2018-external|2018-172|2018,reused_external_strict,37,160.0,2018-05-14,True,7.0,6.0,3.0,2.0,True,False,False,False
corteva-2014-2018-external|2018-173|2018,reused_external_strict,37,160.0,2018-05-08,True,7.0,6.0,3.0,2.0,True,False,False,False
corteva-2014-2018-external|2018-174|2018,reused_external_strict,37,160.0,2018-04-04,True,7.0,6.0,3.0,2.0,True,False,False,False
corteva-2014-2018-external|2018-175|2018,reused_external_strict,37,160.0,2018-05-12,True,7.0,6.0,3.0,2.0,True,False,False,False
corteva-2014-2018-external|2018-176|2018,reused_external_strict,37,160.0,2018-05-18,True,7.0,6.0,3.0,2.0,True,False,False,False
corteva-2014-2018-external|2018-177|2018,reused_external_strict,37,160.0,2018-05-07,True,7.0,6.0,3.0,2.0,True,False,False,False
corteva-2014-2018-external|2018-181|2018,reused_external_strict,37,160.0,2018-05-05,True,7.0,6.0,3.0,2.0,True,False,False,False
corteva-2014-2018-external|2018-182|2018,reused_external_strict,37,160.0,2018-05-03,True,7.0,6.0,3.0,2.0,True,False,False,False
corteva-2014-2018-external|2018-183|2018,reused_external_strict,37,160.0,2018-05-03,True,7.0,6.0,3.0,2.0,True,False,False,False
corteva-2014-2018-external|2018-184|2018,reused_external_strict,37,160.0,2018-05-09,True,7.0,6.0,3.0,2.0,True,False,False,False
corteva-2014-2018-external|2018-185|2018,reused_external_strict,37,160.0,2018-05-09,True,7.0,6.0,3.0,2.0,True,False,False,False
corteva-2014-2018-external|2018-186|2018,reused_external_strict,37,160.0,2018-04-23,True,7.0,6.0,3.0,2.0,True,False,False,False
corteva-2014-2018-external|2018-188|2018,reused_external_strict,37,160.0,2018-04-15,True,7.0,6.0,3.0,2.0,True,False,False,False
corteva-2014-2018-external|2018-189|2018,reused_external_strict,37,160.0,2018-04-04,True,7.0,6.0,3.0,2.0,True,False,False,False
corteva-2014-2018-external|2018-190|2018,reused_external_strict,37,160.0,2018-05-14,True,7.0,6.0,3.0,2.0,True,False,False,False
corteva-2014-2018-external|2018-191|2018,reused_external_strict,37,160.0,2018-05-04,True,7.0,6.0,3.0,2.0,True,False,False,False
corteva-2014-2018-external|2018-193|2018,reused_external_strict,37,160.0,2018-05-15,True,7.0,6.0,3.0,2.0,True,False,False,False
corteva-2014-2018-external|2018-194|2018,reused_external_strict,37,160.0,2018-05-03,True,7.0,6.0,3.0,2.0,True,False,False,False
corteva-2014-2018-external|2018-195|2018,reused_external_strict,37,160.0,2018-05-09,True,7.0,6.0,3.0,2.0,True,False,False,False
corteva-2014-2018-external|2018-196|2018,reused_external_strict,37,160.0,2018-05-03,True,7.0,6.0,3.0,2.0,True,False,False,False
corteva-2014-2018-external|2018-197|2018,reused_external_strict,37,160.0,2018-05-15,True,7.0,6.0,3.0,2.0,True,False,False,False
corteva-2014-2018-external|2018-198|2018,reused_external_strict,37,160.0,2018-05-06,True,7.0,6.0,3.0,2.0,True,False,False,False
corteva-2014-2018-external|2014-1|2014,reused_external_strict,39,160.0,2014-05-11,True,7.0,7.0,3.0,3.0,True,True,False,False
corteva-2014-2018-external|2014-10|2014,reused_external_strict,39,160.0,2014-05-12,True,7.0,7.0,3.0,3.0,True,True,False,False
corteva-2014-2018-external|2014-11|2014,reused_external_strict,39,160.0,2014-05-21,True,7.0,7.0,3.0,3.0,True,True,False,False
corteva-2014-2018-external|2014-12|2014,reused_external_strict,39,160.0,2014-05-12,True,7.0,7.0,3.0,3.0,True,True,False,False
corteva-2014-2018-external|2014-13|2014,reused_external_strict,39,160.0,2014-05-17,True,7.0,7.0,3.0,3.0,True,True,False,False
corteva-2014-2018-external|2014-14|2014,reused_external_strict,39,160.0,2014-05-12,True,7.0,7.0,3.0,3.0,True,True,False,False
corteva-2014-2018-external|2014-15|2014,reused_external_strict,39,160.0,2014-05-12,True,7.0,7.0,3.0,3.0,True,True,False,False
corteva-2014-2018-external|2014-16|2014,reused_external_strict,39,160.0,2014-04-29,True,7.0,7.0,3.0,3.0,True,True,False,False
corteva-2014-2018-external|2014-17|2014,reused_external_strict,39,160.0,2014-05-12,True,7.0,7.0,3.0,3.0,True,True,False,False
corteva-2014-2018-external|2014-2|2014,reused_external_strict,39,160.0,2014-04-27,True,7.0,7.0,3.0,3.0,True,True,False,False
corteva-2014-2018-external|2014-23|2014,reused_external_strict,39,160.0,2014-05-19,True,7.0,7.0,3.0,3.0,True,True,False,False
corteva-2014-2018-external|2014-24|2014,reused_external_strict,39,160.0,2014-05-21,True,7.0,7.0,3.0,3.0,True,True,False,False
corteva-2014-2018-external|2014-25|2014,reused_external_strict,39,160.0,2014-04-29,True,7.0,7.0,3.0,3.0,True,True,False,False
corteva-2014-2018-external|2014-26|2014,reused_external_strict,39,160.0,2014-05-07,True,7.0,7.0,3.0,3.0,True,True,False,False
corteva-2014-2018-external|2014-3|2014,reused_external_strict,39,160.0,2014-05-12,True,7.0,7.0,3.0,3.0,True,True,False,False
corteva-2014-2018-external|2014-34|2014,reused_external_strict,39,160.0,2014-05-19,True,7.0,7.0,3.0,3.0,True,True,False,False
corteva-2014-2018-external|2014-35|2014,reused_external_strict,39,160.0,2014-04-29,True,7.0,7.0,3.0,3.0,True,True,False,False
corteva-2014-2018-external|2014-36|2014,reused_external_strict,39,160.0,2014-05-13,True,7.0,7.0,3.0,3.0,True,True,False,False
corteva-2014-2018-external|2014-37|2014,reused_external_strict,39,160.0,2014-05-21,True,7.0,7.0,3.0,3.0,True,True,False,False
corteva-2014-2018-external|2014-38|2014,reused_external_strict,39,160.0,2014-05-15,True,7.0,7.0,3.0,3.0,True,True,False,False
corteva-2014-2018-external|2014-39|2014,reused_external_strict,39,160.0,2014-05-09,True,7.0,7.0,3.0,3.0,True,True,False,False
corteva-2014-2018-external|2014-4|2014,reused_external_strict,39,160.0,2014-05-02,True,7.0,7.0,3.0,3.0,True,True,False,False
corteva-2014-2018-external|2014-5|2014,reused_external_strict,39,160.0,2014-05-12,True,7.0,7.0,3.0,3.0,True,True,False,False
corteva-2014-2018-external|2014-9|2014,reused_external_strict,39,160.0,2014-05-14,True,7.0,7.0,3.0,3.0,True,True,False,False
corteva-2014-2018-external|2015-41|2015,reused_external_strict,39,160.0,2015-05-20,True,7.0,7.0,3.0,3.0,True,True,False,False
corteva-2014-2018-external|2015-42|2015,reused_external_strict,39,160.0,2015-05-06,True,7.0,7.0,3.0,3.0,True,True,False,False
corteva-2014-2018-external|2015-43|2015,reused_external_strict,39,160.0,2015-05-14,True,7.0,7.0,3.0,3.0,True,True,False,False
corteva-2014-2018-external|2015-44|2015,reused_external_strict,39,160.0,2015-05-22,True,7.0,7.0,3.0,3.0,True,True,False,False
corteva-2014-2018-external|2015-48|2015,reused_external_strict,39,160.0,2015-05-21,True,7.0,7.0,3.0,3.0,True,True,False,False
corteva-2014-2018-external|2015-49|2015,reused_external_strict,39,160.0,2015-05-03,True,7.0,7.0,3.0,3.0,True,True,False,False
corteva-2014-2018-external|2015-50|2015,reused_external_strict,39,160.0,2015-05-20,True,7.0,7.0,3.0,3.0,True,True,False,False
corteva-2014-2018-external|2015-53|2015,reused_external_strict,39,160.0,2015-05-22,True,7.0,7.0,3.0,3.0,True,True,False,False
corteva-2014-2018-external|2015-54|2015,reused_external_strict,39,160.0,2015-05-25,True,7.0,7.0,3.0,3.0,True,True,False,False
corteva-2014-2018-external|2015-55|2015,reused_external_strict,39,160.0,2015-05-25,True,7.0,7.0,3.0,3.0,True,True,False,False
corteva-2014-2018-external|2015-56|2015,reused_external_strict,39,160.0,2015-05-16,True,7.0,7.0,3.0,3.0,True,True,False,False
corteva-2014-2018-external|2015-57|2015,reused_external_strict,39,160.0,2015-05-27,True,7.0,7.0,3.0,3.0,True,True,False,False
corteva-2014-2018-external|2015-58|2015,reused_external_strict,39,160.0,2015-06-12,True,7.0,7.0,3.0,3.0,True,True,False,False
corteva-2014-2018-external|2015-60|2015,reused_external_strict,39,160.0,2015-06-10,True,7.0,7.0,3.0,3.0,True,True,False,False
corteva-2014-2018-external|2015-61|2015,reused_external_strict,39,160.0,2015-05-15,True,7.0,7.0,3.0,3.0,True,True,False,False
corteva-2014-2018-external|2015-62|2015,reused_external_strict,39,160.0,2015-05-20,True,7.0,7.0,3.0,3.0,True,True,False,False
corteva-2014-2018-external|2015-63|2015,reused_external_strict,39,160.0,2015-05-25,True,7.0,7.0,3.0,3.0,True,True,False,False
corteva-2014-2018-external|2015-64|2015,reused_external_strict,39,160.0,2015-05-20,True,7.0,7.0,3.0,3.0,True,True,False,False
corteva-2014-2018-external|2015-65|2015,reused_external_strict,39,160.0,2015-05-15,True,7.0,7.0,3.0,3.0,True,True,False,False
corteva-2014-2018-external|2015-66|2015,reused_external_strict,39,160.0,2015-05-03,True,7.0,7.0,3.0,3.0,True,True,False,False
corteva-2014-2018-external|2015-67|2015,reused_external_strict,39,160.0,2015-05-20,True,7.0,7.0,3.0,3.0,True,True,False,False
corteva-2014-2018-external|2015-68|2015,reused_external_strict,39,160.0,2015-05-18,True,7.0,7.0,3.0,3.0,True,True,False,False
corteva-2014-2018-external|2015-69|2015,reused_external_strict,39,160.0,2015-05-14,True,7.0,7.0,3.0,3.0,True,True,False,False
corteva-2014-2018-external|2015-70|2015,reused_external_strict,39,160.0,2015-06-09,True,7.0,7.0,3.0,3.0,True,True,False,False
corteva-2014-2018-external|2015-71|2015,reused_external_strict,39,160.0,2015-06-07,True,7.0,7.0,3.0,3.0,True,True,False,False
corteva-2014-2018-external|2015-72|2015,reused_external_strict,39,160.0,2015-05-16,True,7.0,7.0,3.0,3.0,True,True,False,False
corteva-2014-2018-external|2015-73|2015,reused_external_strict,39,160.0,2015-05-14,True,7.0,7.0,3.0,3.0,True,True,False,False
corteva-2014-2018-external|2015-74|2015,reused_external_strict,39,160.0,2015-05-16,True,7.0,7.0,3.0,3.0,True,True,False,False
corteva-2014-2018-external|2015-75|2015,reused_external_strict,39,160.0,2015-05-20,True,7.0,7.0,3.0,3.0,True,True,False,False
corteva-2014-2018-external|2015-76|2015,reused_external_strict,39,160.0,2015-05-14,True,7.0,7.0,3.0,3.0,True,True,False,False
corteva-2014-2018-external|2015-77|2015,reused_external_strict,39,160.0,2015-05-17,True,7.0,7.0,3.0,3.0,True,True,False,False
corteva-2014-2018-external|2015-78|2015,reused_external_strict,39,160.0,2015-05-25,True,7.0,7.0,3.0,3.0,True,True,False,False
corteva-2014-2018-external|2016-100|2016,reused_external_strict,39,160.0,2016-05-22,True,7.0,7.0,3.0,3.0,True,True,False,False
corteva-2014-2018-external|2016-101|2016,reused_external_strict,39,160.0,2016-05-16,True,7.0,7.0,3.0,3.0,True,True,False,False
corteva-2014-2018-external|2016-102|2016,reused_external_strict,39,160.0,2016-05-18,True,7.0,7.0,3.0,3.0,True,True,False,False
corteva-2014-2018-external|2016-103|2016,reused_external_strict,39,160.0,2016-05-03,True,7.0,7.0,3.0,3.0,True,True,False,False
corteva-2014-2018-external|2016-104|2016,reused_external_strict,39,160.0,2016-05-19,True,7.0,7.0,3.0,3.0,True,True,False,False
corteva-2014-2018-external|2016-105|2016,reused_external_strict,39,160.0,2016-05-31,True,7.0,7.0,3.0,3.0,True,True,False,False
corteva-2014-2018-external|2016-106|2016,reused_external_strict,39,160.0,2016-05-10,True,7.0,7.0,3.0,3.0,True,True,False,False
corteva-2014-2018-external|2016-107|2016,reused_external_strict,39,160.0,2016-05-18,True,7.0,7.0,3.0,3.0,True,True,False,False
corteva-2014-2018-external|2016-108|2016,reused_external_strict,39,160.0,2016-05-19,True,7.0,7.0,3.0,3.0,True,True,False,False
corteva-2014-2018-external|2016-109|2016,reused_external_strict,39,160.0,2016-05-12,True,7.0,7.0,3.0,3.0,True,True,False,False
corteva-2014-2018-external|2016-110|2016,reused_external_strict,39,160.0,2016-05-12,True,7.0,7.0,3.0,3.0,True,True,False,False
corteva-2014-2018-external|2016-111|2016,reused_external_strict,39,160.0,2016-05-20,True,7.0,7.0,3.0,3.0,True,True,False,False
corteva-2014-2018-external|2016-113|2016,reused_external_strict,39,160.0,2016-05-09,True,7.0,7.0,3.0,3.0,True,True,False,False
corteva-2014-2018-external|2016-115|2016,reused_external_strict,39,160.0,2016-05-16,True,7.0,7.0,3.0,3.0,True,True,False,False
corteva-2014-2018-external|2016-116|2016,reused_external_strict,39,160.0,2016-05-16,True,7.0,7.0,3.0,3.0,True,True,False,False
corteva-2014-2018-external|2016-79|2016,reused_external_strict,39,160.0,2016-05-16,True,7.0,7.0,3.0,3.0,True,True,False,False
corteva-2014-2018-external|2016-80|2016,reused_external_strict,39,160.0,2016-05-20,True,7.0,7.0,3.0,3.0,True,True,False,False
corteva-2014-2018-external|2016-81|2016,reused_external_strict,39,160.0,2016-05-16,True,7.0,7.0,3.0,3.0,True,True,False,False
corteva-2014-2018-external|2016-89|2016,reused_external_strict,39,160.0,2016-05-20,True,7.0,7.0,3.0,3.0,True,True,False,False
corteva-2014-2018-external|2016-90|2016,reused_external_strict,39,160.0,2016-05-08,True,7.0,7.0,3.0,3.0,True,True,False,False
corteva-2014-2018-external|2016-91|2016,reused_external_strict,39,160.0,2016-05-16,True,7.0,7.0,3.0,3.0,True,True,False,False
corteva-2014-2018-external|2016-92|2016,reused_external_strict,39,160.0,2016-05-09,True,7.0,7.0,3.0,3.0,True,True,False,False
corteva-2014-2018-external|2016-93|2016,reused_external_strict,39,160.0,2016-05-19,True,7.0,7.0,3.0,3.0,True,True,False,False
corteva-2014-2018-external|2016-94|2016,reused_external_strict,39,160.0,2016-05-16,True,7.0,7.0,3.0,3.0,True,True,False,False
corteva-2014-2018-external|2016-96|2016,reused_external_strict,39,160.0,2016-05-04,True,7.0,7.0,3.0,3.0,True,True,False,False
corteva-2014-2018-external|2016-97|2016,reused_external_strict,39,160.0,2016-05-16,True,7.0,7.0,3.0,3.0,True,True,False,False
corteva-2014-2018-external|2016-98|2016,reused_external_strict,39,160.0,2016-05-06,True,7.0,7.0,3.0,3.0,True,True,False,False
corteva-2014-2018-external|2016-99|2016,reused_external_strict,39,160.0,2016-05-16,True,7.0,7.0,3.0,3.0,True,True,False,False
corteva-2014-2018-external|2017-117|2017,reused_external_strict,39,160.0,2017-05-05,True,7.0,7.0,3.0,3.0,True,True,False,False
corteva-2014-2018-external|2017-118|2017,reused_external_strict,39,160.0,2017-05-15,True,7.0,7.0,3.0,3.0,True,True,False,False
corteva-2014-2018-external|2017-119|2017,reused_external_strict,39,160.0,2017-05-23,True,7.0,7.0,3.0,3.0,True,True,False,False
corteva-2014-2018-external|2017-121|2017,reused_external_strict,39,160.0,2017-05-05,True,7.0,7.0,3.0,3.0,True,True,False,False
corteva-2014-2018-external|2017-126|2017,reused_external_strict,39,160.0,2017-05-15,True,7.0,7.0,3.0,3.0,True,True,False,False
corteva-2014-2018-external|2017-130|2017,reused_external_strict,39,160.0,2017-05-17,True,7.0,7.0,3.0,3.0,True,True,False,False
corteva-2014-2018-external|2017-131|2017,reused_external_strict,39,160.0,2017-05-08,True,7.0,7.0,3.0,3.0,True,True,False,False
corteva-2014-2018-external|2017-132|2017,reused_external_strict,39,160.0,2017-05-15,True,7.0,7.0,3.0,3.0,True,True,False,False
corteva-2014-2018-external|2017-133|2017,reused_external_strict,39,160.0,2017-05-21,True,7.0,7.0,3.0,3.0,True,True,False,False
corteva-2014-2018-external|2017-141|2017,reused_external_strict,39,160.0,2017-05-15,True,7.0,7.0,3.0,3.0,True,True,False,False
corteva-2014-2018-external|2017-142|2017,reused_external_strict,39,160.0,2017-05-17,True,7.0,7.0,3.0,3.0,True,True,False,False
corteva-2014-2018-external|2017-144|2017,reused_external_strict,39,160.0,2017-05-14,True,7.0,7.0,3.0,3.0,True,True,False,False
corteva-2014-2018-external|2017-145|2017,reused_external_strict,39,160.0,2017-05-12,True,7.0,7.0,3.0,3.0,True,True,False,False
corteva-2014-2018-external|2017-146|2017,reused_external_strict,39,160.0,2017-05-22,True,7.0,7.0,3.0,3.0,True,True,False,False
corteva-2014-2018-external|2017-147|2017,reused_external_strict,39,160.0,2017-05-17,True,7.0,7.0,3.0,3.0,True,True,False,False
corteva-2014-2018-external|2017-148|2017,reused_external_strict,39,160.0,2017-05-28,True,7.0,7.0,3.0,3.0,True,True,False,False
corteva-2014-2018-external|2017-149|2017,reused_external_strict,39,160.0,2017-05-15,True,7.0,7.0,3.0,3.0,True,True,False,False
corteva-2014-2018-external|2017-150|2017,reused_external_strict,39,160.0,2017-05-15,True,7.0,7.0,3.0,3.0,True,True,False,False
corteva-2014-2018-external|2017-151|2017,reused_external_strict,39,160.0,2017-05-28,True,7.0,7.0,3.0,3.0,True,True,False,False
corteva-2014-2018-external|2017-152|2017,reused_external_strict,39,160.0,2017-05-12,True,7.0,7.0,3.0,3.0,True,True,False,False
corteva-2014-2018-external|2017-153|2017,reused_external_strict,39,160.0,2017-05-21,True,7.0,7.0,3.0,3.0,True,True,False,False
corteva-2014-2018-external|2017-154|2017,reused_external_strict,39,160.0,2017-05-15,True,7.0,7.0,3.0,3.0,True,True,False,False
corteva-2014-2018-external|2018-157|2018,reused_external_strict,39,160.0,2018-05-10,True,7.0,7.0,3.0,3.0,True,True,False,False
corteva-2014-2018-external|2018-158|2018,reused_external_strict,39,160.0,2018-05-25,True,7.0,7.0,3.0,3.0,True,True,False,False
corteva-2014-2018-external|2018-159|2018,reused_external_strict,39,160.0,2018-05-16,True,7.0,7.0,3.0,3.0,True,True,False,False
corteva-2014-2018-external|2018-160|2018,reused_external_strict,39,160.0,2018-05-16,True,7.0,7.0,3.0,3.0,True,True,False,False
corteva-2014-2018-external|2018-161|2018,reused_external_strict,39,160.0,2018-05-18,True,7.0,7.0,3.0,3.0,True,True,False,False
corteva-2014-2018-external|2018-162|2018,reused_external_strict,39,160.0,2018-05-06,True,7.0,7.0,3.0,3.0,True,True,False,False
corteva-2014-2018-external|2018-163|2018,reused_external_strict,39,160.0,2018-05-12,True,7.0,7.0,3.0,3.0,True,True,False,False
corteva-2014-2018-external|2018-164|2018,reused_external_strict,39,160.0,2018-05-11,True,7.0,7.0,3.0,3.0,True,True,False,False
corteva-2014-2018-external|2018-165|2018,reused_external_strict,39,160.0,2018-05-21,True,7.0,7.0,3.0,3.0,True,True,False,False
corteva-2014-2018-external|2018-166|2018,reused_external_strict,39,160.0,2018-05-19,True,7.0,7.0,3.0,3.0,True,True,False,False
corteva-2014-2018-external|2018-167|2018,reused_external_strict,39,160.0,2018-05-23,True,7.0,7.0,3.0,3.0,True,True,False,False
corteva-2014-2018-external|2018-168|2018,reused_external_strict,39,160.0,2018-05-23,True,7.0,7.0,3.0,3.0,True,True,False,False
corteva-2014-2018-external|2018-169|2018,reused_external_strict,39,160.0,2018-05-18,True,7.0,7.0,3.0,3.0,True,True,False,False
corteva-2014-2018-external|2018-170|2018,reused_external_strict,39,160.0,2018-05-10,True,7.0,7.0,3.0,3.0,True,True,False,False
corteva-2014-2018-external|2018-171|2018,reused_external_strict,39,160.0,2018-05-14,True,7.0,7.0,3.0,3.0,True,True,False,False
corteva-2014-2018-external|2018-172|2018,reused_external_strict,39,160.0,2018-05-23,True,7.0,7.0,3.0,3.0,True,True,False,False
corteva-2014-2018-external|2018-173|2018,reused_external_strict,39,160.0,2018-05-16,True,7.0,7.0,3.0,3.0,True,True,False,False
corteva-2014-2018-external|2018-174|2018,reused_external_strict,39,160.0,2018-04-12,True,7.0,7.0,3.0,3.0,True,True,False,False
corteva-2014-2018-external|2018-175|2018,reused_external_strict,39,160.0,2018-05-21,True,7.0,7.0,3.0,3.0,True,True,False,False
corteva-2014-2018-external|2018-176|2018,reused_external_strict,39,160.0,2018-05-25,True,7.0,7.0,3.0,3.0,True,True,False,False
corteva-2014-2018-external|2018-177|2018,reused_external_strict,39,160.0,2018-05-14,True,7.0,7.0,3.0,3.0,True,True,False,False
corteva-2014-2018-external|2018-181|2018,reused_external_strict,39,160.0,2018-05-12,True,7.0,7.0,3.0,3.0,True,True,False,False
corteva-2014-2018-external|2018-182|2018,reused_external_strict,39,160.0,2018-05-10,True,7.0,7.0,3.0,3.0,True,True,False,False
corteva-2014-2018-external|2018-183|2018,reused_external_strict,39,160.0,2018-05-10,True,7.0,7.0,3.0,3.0,True,True,False,False
corteva-2014-2018-external|2018-184|2018,reused_external_strict,39,160.0,2018-05-16,True,7.0,7.0,3.0,3.0,True,True,False,False
corteva-2014-2018-external|2018-185|2018,reused_external_strict,39,160.0,2018-05-18,True,7.0,7.0,3.0,3.0,True,True,False,False
corteva-2014-2018-external|2018-186|2018,reused_external_strict,39,160.0,2018-05-05,True,7.0,7.0,3.0,3.0,True,True,False,False
corteva-2014-2018-external|2018-188|2018,reused_external_strict,39,160.0,2018-04-22,True,7.0,7.0,3.0,3.0,True,True,False,False
corteva-2014-2018-external|2018-189|2018,reused_external_strict,39,160.0,2018-04-12,True,7.0,7.0,3.0,3.0,True,True,False,False
corteva-2014-2018-external|2018-190|2018,reused_external_strict,39,160.0,2018-05-21,True,7.0,7.0,3.0,3.0,True,True,False,False
corteva-2014-2018-external|2018-191|2018,reused_external_strict,39,160.0,2018-05-12,True,7.0,7.0,3.0,3.0,True,True,False,False
corteva-2014-2018-external|2018-193|2018,reused_external_strict,39,160.0,2018-05-24,True,7.0,7.0,3.0,3.0,True,True,False,False
corteva-2014-2018-external|2018-194|2018,reused_external_strict,39,160.0,2018-05-10,True,7.0,7.0,3.0,3.0,True,True,False,False
corteva-2014-2018-external|2018-195|2018,reused_external_strict,39,160.0,2018-05-18,True,7.0,7.0,3.0,3.0,True,True,False,False
corteva-2014-2018-external|2018-196|2018,reused_external_strict,39,160.0,2018-05-11,True,7.0,7.0,3.0,3.0,True,True,False,False
corteva-2014-2018-external|2018-197|2018,reused_external_strict,39,160.0,2018-05-24,True,7.0,7.0,3.0,3.0,True,True,False,False
corteva-2014-2018-external|2018-198|2018,reused_external_strict,39,160.0,2018-05-14,True,7.0,7.0,3.0,3.0,True,True,False,False
corteva-2014-2018-external|2014-1|2014,reused_external_strict,51,160.0,2014-05-24,True,7.0,7.0,3.0,3.0,True,True,False,False
corteva-2014-2018-external|2014-10|2014,reused_external_strict,51,160.0,2014-05-25,True,7.0,7.0,3.0,3.0,True,True,False,False
corteva-2014-2018-external|2014-11|2014,reused_external_strict,51,160.0,2014-06-02,True,7.0,7.0,3.0,3.0,True,True,False,False
corteva-2014-2018-external|2014-12|2014,reused_external_strict,51,160.0,2014-05-25,True,7.0,7.0,3.0,3.0,True,True,False,False
corteva-2014-2018-external|2014-13|2014,reused_external_strict,51,160.0,2014-05-28,True,7.0,7.0,3.0,3.0,True,True,False,False
corteva-2014-2018-external|2014-14|2014,reused_external_strict,51,160.0,2014-05-25,True,7.0,7.0,3.0,3.0,True,True,False,False
corteva-2014-2018-external|2014-15|2014,reused_external_strict,51,160.0,2014-05-25,True,7.0,7.0,3.0,3.0,True,True,False,False
corteva-2014-2018-external|2014-16|2014,reused_external_strict,51,160.0,2014-05-13,True,7.0,7.0,3.0,3.0,True,True,False,False
corteva-2014-2018-external|2014-17|2014,reused_external_strict,51,160.0,2014-05-25,True,7.0,7.0,3.0,3.0,True,True,False,False
corteva-2014-2018-external|2014-2|2014,reused_external_strict,51,160.0,2014-05-12,True,7.0,7.0,3.0,3.0,True,True,False,False
corteva-2014-2018-external|2014-23|2014,reused_external_strict,51,160.0,2014-06-01,True,7.0,7.0,3.0,3.0,True,True,False,False
corteva-2014-2018-external|2014-24|2014,reused_external_strict,51,160.0,2014-06-02,True,7.0,7.0,3.0,3.0,True,True,False,False
corteva-2014-2018-external|2014-25|2014,reused_external_strict,51,160.0,2014-05-13,True,7.0,7.0,3.0,3.0,True,True,False,False
corteva-2014-2018-external|2014-26|2014,reused_external_strict,51,160.0,2014-05-21,True,7.0,7.0,3.0,3.0,True,True,False,False
corteva-2014-2018-external|2014-3|2014,reused_external_strict,51,160.0,2014-05-25,True,7.0,7.0,3.0,3.0,True,True,False,False
corteva-2014-2018-external|2014-34|2014,reused_external_strict,51,160.0,2014-06-01,True,7.0,7.0,3.0,3.0,True,True,False,False
corteva-2014-2018-external|2014-35|2014,reused_external_strict,51,160.0,2014-05-13,True,7.0,7.0,3.0,3.0,True,True,False,False
corteva-2014-2018-external|2014-36|2014,reused_external_strict,51,160.0,2014-05-26,True,7.0,7.0,3.0,3.0,True,True,False,False
corteva-2014-2018-external|2014-37|2014,reused_external_strict,51,160.0,2014-06-02,True,7.0,7.0,3.0,3.0,True,True,False,False
corteva-2014-2018-external|2014-38|2014,reused_external_strict,51,160.0,2014-05-29,True,7.0,7.0,3.0,3.0,True,True,False,False
corteva-2014-2018-external|2014-39|2014,reused_external_strict,51,160.0,2014-05-22,True,7.0,7.0,3.0,3.0,True,True,False,False
corteva-2014-2018-external|2014-4|2014,reused_external_strict,51,160.0,2014-05-17,True,7.0,7.0,3.0,3.0,True,True,False,False
corteva-2014-2018-external|2014-5|2014,reused_external_strict,51,160.0,2014-05-25,True,7.0,7.0,3.0,3.0,True,True,False,False
corteva-2014-2018-external|2014-9|2014,reused_external_strict,51,160.0,2014-05-26,True,7.0,7.0,3.0,3.0,True,True,False,False
corteva-2014-2018-external|2015-41|2015,reused_external_strict,51,160.0,2015-06-05,True,7.0,7.0,3.0,3.0,True,True,False,False
corteva-2014-2018-external|2015-42|2015,reused_external_strict,51,160.0,2015-05-18,True,7.0,7.0,3.0,3.0,True,True,False,False
corteva-2014-2018-external|2015-43|2015,reused_external_strict,51,160.0,2015-05-29,True,7.0,7.0,3.0,3.0,True,True,False,False
corteva-2014-2018-external|2015-44|2015,reused_external_strict,51,160.0,2015-06-07,True,7.0,7.0,3.0,3.0,True,True,False,False
corteva-2014-2018-external|2015-48|2015,reused_external_strict,51,160.0,2015-06-05,True,7.0,7.0,3.0,3.0,True,True,False,False
corteva-2014-2018-external|2015-49|2015,reused_external_strict,51,160.0,2015-05-15,True,7.0,7.0,3.0,3.0,True,True,False,False
corteva-2014-2018-external|2015-50|2015,reused_external_strict,51,160.0,2015-06-04,True,7.0,7.0,3.0,3.0,True,True,False,False
corteva-2014-2018-external|2015-53|2015,reused_external_strict,51,160.0,2015-06-07,True,7.0,7.0,3.0,3.0,True,True,False,False
corteva-2014-2018-external|2015-54|2015,reused_external_strict,51,160.0,2015-06-11,True,7.0,7.0,3.0,3.0,True,True,False,False
corteva-2014-2018-external|2015-55|2015,reused_external_strict,51,160.0,2015-06-08,True,7.0,7.0,3.0,3.0,True,True,False,False
corteva-2014-2018-external|2015-56|2015,reused_external_strict,51,160.0,2015-05-31,True,7.0,7.0,3.0,3.0,True,True,False,False
corteva-2014-2018-external|2015-57|2015,reused_external_strict,51,160.0,2015-06-10,True,7.0,7.0,3.0,3.0,True,True,False,False
corteva-2014-2018-external|2015-58|2015,reused_external_strict,51,160.0,2015-06-25,True,7.0,7.0,3.0,3.0,True,True,False,False
corteva-2014-2018-external|2015-60|2015,reused_external_strict,51,160.0,2015-06-23,True,7.0,7.0,3.0,3.0,True,True,False,False
corteva-2014-2018-external|2015-61|2015,reused_external_strict,51,160.0,2015-05-28,True,7.0,7.0,3.0,3.0,True,True,False,False
corteva-2014-2018-external|2015-62|2015,reused_external_strict,51,160.0,2015-06-04,True,7.0,7.0,3.0,3.0,True,True,False,False
corteva-2014-2018-external|2015-63|2015,reused_external_strict,51,160.0,2015-06-08,True,7.0,7.0,3.0,3.0,True,True,False,False
corteva-2014-2018-external|2015-64|2015,reused_external_strict,51,160.0,2015-06-04,True,7.0,7.0,3.0,3.0,True,True,False,False
corteva-2014-2018-external|2015-65|2015,reused_external_strict,51,160.0,2015-06-01,True,7.0,7.0,3.0,3.0,True,True,False,False
corteva-2014-2018-external|2015-66|2015,reused_external_strict,51,160.0,2015-05-15,True,7.0,7.0,3.0,3.0,True,True,False,False
corteva-2014-2018-external|2015-67|2015,reused_external_strict,51,160.0,2015-06-04,True,7.0,7.0,3.0,3.0,True,True,False,False
corteva-2014-2018-external|2015-68|2015,reused_external_strict,51,160.0,2015-06-02,True,7.0,7.0,3.0,3.0,True,True,False,False
corteva-2014-2018-external|2015-69|2015,reused_external_strict,51,160.0,2015-05-29,True,7.0,7.0,3.0,3.0,True,True,False,False
corteva-2014-2018-external|2015-70|2015,reused_external_strict,51,160.0,2015-06-23,True,7.0,7.0,3.0,3.0,True,True,False,False
corteva-2014-2018-external|2015-71|2015,reused_external_strict,51,160.0,2015-06-20,True,7.0,7.0,3.0,3.0,True,True,False,False
corteva-2014-2018-external|2015-72|2015,reused_external_strict,51,160.0,2015-05-31,True,7.0,7.0,3.0,3.0,True,True,False,False
corteva-2014-2018-external|2015-73|2015,reused_external_strict,51,160.0,2015-05-29,True,7.0,7.0,3.0,3.0,True,True,False,False
corteva-2014-2018-external|2015-74|2015,reused_external_strict,51,160.0,2015-05-31,True,7.0,7.0,3.0,3.0,True,True,False,False
corteva-2014-2018-external|2015-75|2015,reused_external_strict,51,160.0,2015-06-04,True,7.0,7.0,3.0,3.0,True,True,False,False
corteva-2014-2018-external|2015-76|2015,reused_external_strict,51,160.0,2015-05-28,True,7.0,7.0,3.0,3.0,True,True,False,False
corteva-2014-2018-external|2015-77|2015,reused_external_strict,51,160.0,2015-06-01,True,7.0,7.0,3.0,3.0,True,True,False,False
corteva-2014-2018-external|2015-78|2015,reused_external_strict,51,160.0,2015-06-11,True,7.0,7.0,3.0,3.0,True,True,False,False
corteva-2014-2018-external|2016-100|2016,reused_external_strict,51,160.0,2016-06-05,True,7.0,7.0,3.0,3.0,True,True,False,False
corteva-2014-2018-external|2016-101|2016,reused_external_strict,51,160.0,2016-05-27,True,7.0,7.0,3.0,3.0,True,True,False,False
corteva-2014-2018-external|2016-102|2016,reused_external_strict,51,160.0,2016-05-30,True,7.0,7.0,3.0,3.0,True,True,False,False
corteva-2014-2018-external|2016-103|2016,reused_external_strict,51,160.0,2016-05-15,True,7.0,7.0,3.0,3.0,True,True,False,False
corteva-2014-2018-external|2016-104|2016,reused_external_strict,51,160.0,2016-05-29,True,7.0,7.0,3.0,3.0,True,True,False,False
corteva-2014-2018-external|2016-105|2016,reused_external_strict,51,160.0,2016-06-16,True,7.0,7.0,3.0,3.0,True,True,False,False
corteva-2014-2018-external|2016-106|2016,reused_external_strict,51,160.0,2016-05-23,True,7.0,7.0,3.0,3.0,True,True,False,False
corteva-2014-2018-external|2016-107|2016,reused_external_strict,51,160.0,2016-06-02,True,7.0,7.0,3.0,3.0,True,True,False,False
corteva-2014-2018-external|2016-108|2016,reused_external_strict,51,160.0,2016-06-02,True,7.0,7.0,3.0,3.0,True,True,False,False
corteva-2014-2018-external|2016-109|2016,reused_external_strict,51,160.0,2016-05-26,True,7.0,7.0,3.0,3.0,True,True,False,False
corteva-2014-2018-external|2016-110|2016,reused_external_strict,51,160.0,2016-05-27,True,7.0,7.0,3.0,3.0,True,True,False,False
corteva-2014-2018-external|2016-111|2016,reused_external_strict,51,160.0,2016-06-03,True,7.0,7.0,3.0,3.0,True,True,False,False
corteva-2014-2018-external|2016-113|2016,reused_external_strict,51,160.0,2016-05-22,True,7.0,7.0,3.0,3.0,True,True,False,False
corteva-2014-2018-external|2016-115|2016,reused_external_strict,51,160.0,2016-05-31,True,7.0,7.0,3.0,3.0,True,True,False,False
corteva-2014-2018-external|2016-116|2016,reused_external_strict,51,160.0,2016-05-30,True,7.0,7.0,3.0,3.0,True,True,False,False
corteva-2014-2018-external|2016-79|2016,reused_external_strict,51,160.0,2016-05-30,True,7.0,7.0,3.0,3.0,True,True,False,False
corteva-2014-2018-external|2016-80|2016,reused_external_strict,51,160.0,2016-05-31,True,7.0,7.0,3.0,3.0,True,True,False,False
corteva-2014-2018-external|2016-81|2016,reused_external_strict,51,160.0,2016-05-30,True,7.0,7.0,3.0,3.0,True,True,False,False
corteva-2014-2018-external|2016-89|2016,reused_external_strict,51,160.0,2016-05-31,True,7.0,7.0,3.0,3.0,True,True,False,False
corteva-2014-2018-external|2016-90|2016,reused_external_strict,51,160.0,2016-05-21,True,7.0,7.0,3.0,3.0,True,True,False,False
corteva-2014-2018-external|2016-91|2016,reused_external_strict,51,160.0,2016-05-30,True,7.0,7.0,3.0,3.0,True,True,False,False
corteva-2014-2018-external|2016-92|2016,reused_external_strict,51,160.0,2016-05-23,True,7.0,7.0,3.0,3.0,True,True,False,False
corteva-2014-2018-external|2016-93|2016,reused_external_strict,51,160.0,2016-05-31,True,7.0,7.0,3.0,3.0,True,True,False,False
corteva-2014-2018-external|2016-94|2016,reused_external_strict,51,160.0,2016-05-30,True,7.0,7.0,3.0,3.0,True,True,False,False
corteva-2014-2018-external|2016-96|2016,reused_external_strict,51,160.0,2016-05-16,True,7.0,7.0,3.0,3.0,True,True,False,False
corteva-2014-2018-external|2016-97|2016,reused_external_strict,51,160.0,2016-05-30,True,7.0,7.0,3.0,3.0,True,True,False,False
corteva-2014-2018-external|2016-98|2016,reused_external_strict,51,160.0,2016-05-19,True,7.0,7.0,3.0,3.0,True,True,False,False
corteva-2014-2018-external|2016-99|2016,reused_external_strict,51,160.0,2016-05-30,True,7.0,7.0,3.0,3.0,True,True,False,False
corteva-2014-2018-external|2017-117|2017,reused_external_strict,51,160.0,2017-05-17,True,7.0,7.0,3.0,3.0,True,True,False,False
corteva-2014-2018-external|2017-118|2017,reused_external_strict,51,160.0,2017-05-27,True,7.0,7.0,3.0,3.0,True,True,False,False
corteva-2014-2018-external|2017-119|2017,reused_external_strict,51,160.0,2017-06-03,True,7.0,7.0,3.0,3.0,True,True,False,False
corteva-2014-2018-external|2017-121|2017,reused_external_strict,51,160.0,2017-05-17,True,7.0,7.0,3.0,3.0,True,True,False,False
corteva-2014-2018-external|2017-126|2017,reused_external_strict,51,160.0,2017-05-27,True,7.0,7.0,3.0,3.0,True,True,False,False
corteva-2014-2018-external|2017-130|2017,reused_external_strict,51,160.0,2017-05-28,True,7.0,7.0,3.0,3.0,True,True,False,False
corteva-2014-2018-external|2017-131|2017,reused_external_strict,51,160.0,2017-05-21,True,7.0,7.0,3.0,3.0,True,True,False,False
corteva-2014-2018-external|2017-132|2017,reused_external_strict,51,160.0,2017-05-27,True,7.0,7.0,3.0,3.0,True,True,False,False
corteva-2014-2018-external|2017-133|2017,reused_external_strict,51,160.0,2017-06-01,True,7.0,7.0,3.0,3.0,True,True,False,False
corteva-2014-2018-external|2017-141|2017,reused_external_strict,51,160.0,2017-05-27,True,7.0,7.0,3.0,3.0,True,True,False,False
corteva-2014-2018-external|2017-142|2017,reused_external_strict,51,160.0,2017-05-28,True,7.0,7.0,3.0,3.0,True,True,False,False
corteva-2014-2018-external|2017-144|2017,reused_external_strict,51,160.0,2017-05-25,True,7.0,7.0,3.0,3.0,True,True,False,False
corteva-2014-2018-external|2017-145|2017,reused_external_strict,51,160.0,2017-05-25,True,7.0,7.0,3.0,3.0,True,True,False,False
corteva-2014-2018-external|2017-146|2017,reused_external_strict,51,160.0,2017-06-02,True,7.0,7.0,3.0,3.0,True,True,False,False
corteva-2014-2018-external|2017-147|2017,reused_external_strict,51,160.0,2017-05-28,True,7.0,7.0,3.0,3.0,True,True,False,False
corteva-2014-2018-external|2017-148|2017,reused_external_strict,51,160.0,,False,,,,,,,False,False
corteva-2014-2018-external|2017-149|2017,reused_external_strict,51,160.0,2017-05-26,True,7.0,7.0,3.0,3.0,True,True,False,False
corteva-2014-2018-external|2017-150|2017,reused_external_strict,51,160.0,2017-05-27,True,7.0,7.0,3.0,3.0,True,True,False,False
corteva-2014-2018-external|2017-151|2017,reused_external_strict,51,160.0,2017-06-09,True,7.0,7.0,3.0,3.0,True,True,False,False
corteva-2014-2018-external|2017-152|2017,reused_external_strict,51,160.0,2017-05-24,True,7.0,7.0,3.0,3.0,True,True,False,False
corteva-2014-2018-external|2017-153|2017,reused_external_strict,51,160.0,2017-06-01,True,7.0,7.0,3.0,3.0,True,True,False,False
corteva-2014-2018-external|2017-154|2017,reused_external_strict,51,160.0,2017-05-29,True,7.0,7.0,3.0,3.0,True,True,False,False
corteva-2014-2018-external|2018-157|2018,reused_external_strict,51,160.0,2018-05-24,True,7.0,7.0,3.0,3.0,True,True,False,False
corteva-2014-2018-external|2018-158|2018,reused_external_strict,51,160.0,2018-06-03,True,7.0,7.0,3.0,3.0,True,True,False,False
corteva-2014-2018-external|2018-159|2018,reused_external_strict,51,160.0,2018-05-27,True,7.0,7.0,3.0,3.0,True,True,False,False
corteva-2014-2018-external|2018-160|2018,reused_external_strict,51,160.0,,False,,,,,,,False,False
corteva-2014-2018-external|2018-161|2018,reused_external_strict,51,160.0,2018-05-30,True,7.0,7.0,3.0,3.0,True,True,False,False
corteva-2014-2018-external|2018-162|2018,reused_external_strict,51,160.0,2018-05-17,True,7.0,7.0,3.0,3.0,True,True,False,False
corteva-2014-2018-external|2018-163|2018,reused_external_strict,51,160.0,2018-05-24,True,7.0,7.0,3.0,3.0,True,True,False,False
corteva-2014-2018-external|2018-164|2018,reused_external_strict,51,160.0,2018-05-22,True,7.0,7.0,3.0,3.0,True,True,False,False
corteva-2014-2018-external|2018-165|2018,reused_external_strict,51,160.0,2018-05-31,True,7.0,7.0,3.0,3.0,True,True,False,False
corteva-2014-2018-external|2018-166|2018,reused_external_strict,51,160.0,2018-05-31,True,7.0,7.0,3.0,3.0,True,True,False,False
corteva-2014-2018-external|2018-167|2018,reused_external_strict,51,160.0,2018-06-03,True,7.0,7.0,3.0,3.0,True,True,False,False
corteva-2014-2018-external|2018-168|2018,reused_external_strict,51,160.0,2018-06-03,True,7.0,7.0,3.0,3.0,True,True,False,False
corteva-2014-2018-external|2018-169|2018,reused_external_strict,51,160.0,2018-05-31,True,7.0,7.0,3.0,3.0,True,True,False,False
corteva-2014-2018-external|2018-170|2018,reused_external_strict,51,160.0,2018-05-24,True,7.0,7.0,3.0,3.0,True,True,False,False
corteva-2014-2018-external|2018-171|2018,reused_external_strict,51,160.0,2018-05-27,True,7.0,7.0,3.0,3.0,True,True,False,False
corteva-2014-2018-external|2018-172|2018,reused_external_strict,51,160.0,2018-06-03,True,7.0,7.0,3.0,3.0,True,True,False,False
corteva-2014-2018-external|2018-173|2018,reused_external_strict,51,160.0,2018-05-29,True,7.0,7.0,3.0,3.0,True,True,False,False
corteva-2014-2018-external|2018-174|2018,reused_external_strict,51,160.0,2018-04-22,True,7.0,7.0,3.0,3.0,True,True,False,False
corteva-2014-2018-external|2018-175|2018,reused_external_strict,51,160.0,2018-06-02,True,7.0,7.0,3.0,3.0,True,True,False,False
corteva-2014-2018-external|2018-176|2018,reused_external_strict,51,160.0,2018-06-04,True,7.0,7.0,3.0,3.0,True,True,False,False
corteva-2014-2018-external|2018-177|2018,reused_external_strict,51,160.0,2018-05-26,True,7.0,7.0,3.0,3.0,True,True,False,False
corteva-2014-2018-external|2018-181|2018,reused_external_strict,51,160.0,2018-05-26,True,7.0,7.0,3.0,3.0,True,True,False,False
corteva-2014-2018-external|2018-182|2018,reused_external_strict,51,160.0,2018-05-24,True,7.0,7.0,3.0,3.0,True,True,False,False
corteva-2014-2018-external|2018-183|2018,reused_external_strict,51,160.0,2018-05-24,True,7.0,7.0,3.0,3.0,True,True,False,False
corteva-2014-2018-external|2018-184|2018,reused_external_strict,51,160.0,2018-05-27,True,7.0,7.0,3.0,3.0,True,True,False,False
corteva-2014-2018-external|2018-185|2018,reused_external_strict,51,160.0,2018-05-31,True,7.0,7.0,3.0,3.0,True,True,False,False
corteva-2014-2018-external|2018-186|2018,reused_external_strict,51,160.0,2018-05-17,True,7.0,7.0,3.0,3.0,True,True,False,False
corteva-2014-2018-external|2018-188|2018,reused_external_strict,51,160.0,2018-05-05,True,7.0,7.0,3.0,3.0,True,True,False,False
corteva-2014-2018-external|2018-189|2018,reused_external_strict,51,160.0,2018-04-22,True,7.0,7.0,3.0,3.0,True,True,False,False
corteva-2014-2018-external|2018-190|2018,reused_external_strict,51,160.0,2018-05-31,True,7.0,7.0,3.0,3.0,True,True,False,False
corteva-2014-2018-external|2018-191|2018,reused_external_strict,51,160.0,2018-05-24,True,7.0,7.0,3.0,3.0,True,True,False,False
corteva-2014-2018-external|2018-193|2018,reused_external_strict,51,160.0,2018-06-05,True,7.0,7.0,3.0,3.0,True,True,False,False
corteva-2014-2018-external|2018-194|2018,reused_external_strict,51,160.0,2018-05-24,True,7.0,7.0,3.0,3.0,True,True,False,False
corteva-2014-2018-external|2018-195|2018,reused_external_strict,51,160.0,2018-05-31,True,7.0,7.0,3.0,3.0,True,True,False,False
corteva-2014-2018-external|2018-196|2018,reused_external_strict,51,160.0,2018-05-24,True,7.0,7.0,3.0,3.0,True,True,False,False
corteva-2014-2018-external|2018-197|2018,reused_external_strict,51,160.0,2018-06-05,True,7.0,7.0,3.0,3.0,True,True,False,False
corteva-2014-2018-external|2018-198|2018,reused_external_strict,51,160.0,2018-05-27,True,7.0,7.0,3.0,3.0,True,True,False,False
corteva-2014-2018-external|2014-1|2014,reused_external_strict,65,160.0,,False,,,,,,,False,False
corteva-2014-2018-external|2014-10|2014,reused_external_strict,65,160.0,2014-06-08,True,7.0,7.0,3.0,3.0,True,True,False,False
corteva-2014-2018-external|2014-11|2014,reused_external_strict,65,160.0,2014-06-13,True,7.0,7.0,3.0,3.0,True,True,False,False
corteva-2014-2018-external|2014-12|2014,reused_external_strict,65,160.0,2014-06-08,True,7.0,7.0,3.0,3.0,True,True,False,False
corteva-2014-2018-external|2014-13|2014,reused_external_strict,65,160.0,2014-06-09,True,7.0,7.0,3.0,3.0,True,True,False,False
corteva-2014-2018-external|2014-14|2014,reused_external_strict,65,160.0,2014-06-08,True,7.0,7.0,3.0,3.0,True,True,False,False
corteva-2014-2018-external|2014-15|2014,reused_external_strict,65,160.0,2014-06-08,True,7.0,7.0,3.0,3.0,True,True,False,False
corteva-2014-2018-external|2014-16|2014,reused_external_strict,65,160.0,2014-05-26,True,7.0,7.0,3.0,3.0,True,True,False,False
corteva-2014-2018-external|2014-17|2014,reused_external_strict,65,160.0,2014-06-08,True,7.0,7.0,3.0,3.0,True,True,False,False
corteva-2014-2018-external|2014-2|2014,reused_external_strict,65,160.0,2014-05-25,True,7.0,7.0,3.0,3.0,True,True,False,False
corteva-2014-2018-external|2014-23|2014,reused_external_strict,65,160.0,2014-06-11,True,7.0,7.0,3.0,3.0,True,True,False,False
corteva-2014-2018-external|2014-24|2014,reused_external_strict,65,160.0,2014-06-13,True,7.0,7.0,3.0,3.0,True,True,False,False
corteva-2014-2018-external|2014-25|2014,reused_external_strict,65,160.0,2014-05-26,True,7.0,7.0,3.0,3.0,True,True,False,False
corteva-2014-2018-external|2014-26|2014,reused_external_strict,65,160.0,2014-06-03,True,7.0,7.0,3.0,3.0,True,True,False,False
corteva-2014-2018-external|2014-3|2014,reused_external_strict,65,160.0,2014-06-08,True,7.0,7.0,3.0,3.0,True,True,False,False
corteva-2014-2018-external|2014-34|2014,reused_external_strict,65,160.0,2014-06-11,True,7.0,7.0,3.0,3.0,True,True,False,False
corteva-2014-2018-external|2014-35|2014,reused_external_strict,65,160.0,2014-05-26,True,7.0,7.0,3.0,3.0,True,True,False,False
corteva-2014-2018-external|2014-36|2014,reused_external_strict,65,160.0,2014-06-08,True,7.0,7.0,3.0,3.0,True,True,False,False
corteva-2014-2018-external|2014-37|2014,reused_external_strict,65,160.0,2014-06-13,True,7.0,7.0,3.0,3.0,True,True,False,False
corteva-2014-2018-external|2014-38|2014,reused_external_strict,65,160.0,2014-06-11,True,7.0,7.0,3.0,3.0,True,True,False,False
corteva-2014-2018-external|2014-39|2014,reused_external_strict,65,160.0,2014-06-02,True,7.0,7.0,3.0,3.0,True,True,False,False
corteva-2014-2018-external|2014-4|2014,reused_external_strict,65,160.0,2014-05-28,True,7.0,7.0,3.0,3.0,True,True,False,False
corteva-2014-2018-external|2014-5|2014,reused_external_strict,65,160.0,2014-06-08,True,7.0,7.0,3.0,3.0,True,True,False,False
corteva-2014-2018-external|2014-9|2014,reused_external_strict,65,160.0,2014-06-08,True,7.0,7.0,3.0,3.0,True,True,False,False
corteva-2014-2018-external|2015-41|2015,reused_external_strict,65,160.0,2015-06-17,True,7.0,7.0,3.0,3.0,True,True,False,False
corteva-2014-2018-external|2015-42|2015,reused_external_strict,65,160.0,2015-05-31,True,7.0,7.0,3.0,3.0,True,True,False,False
corteva-2014-2018-external|2015-43|2015,reused_external_strict,65,160.0,2015-06-08,True,7.0,7.0,3.0,3.0,True,True,False,False
corteva-2014-2018-external|2015-44|2015,reused_external_strict,65,160.0,2015-06-20,True,7.0,7.0,3.0,3.0,True,True,False,False
corteva-2014-2018-external|2015-48|2015,reused_external_strict,65,160.0,2015-06-18,True,7.0,7.0,3.0,3.0,True,True,False,False
corteva-2014-2018-external|2015-49|2015,reused_external_strict,65,160.0,2015-05-28,True,7.0,7.0,3.0,3.0,True,True,False,False
corteva-2014-2018-external|2015-50|2015,reused_external_strict,65,160.0,2015-06-17,True,7.0,7.0,3.0,3.0,True,True,False,False
corteva-2014-2018-external|2015-53|2015,reused_external_strict,65,160.0,2015-06-20,True,7.0,7.0,3.0,3.0,True,True,False,False
corteva-2014-2018-external|2015-54|2015,reused_external_strict,65,160.0,2015-06-24,True,7.0,7.0,3.0,3.0,True,True,False,False
corteva-2014-2018-external|2015-55|2015,reused_external_strict,65,160.0,2015-06-21,True,7.0,7.0,3.0,3.0,True,True,False,False
corteva-2014-2018-external|2015-56|2015,reused_external_strict,65,160.0,2015-06-12,True,7.0,7.0,3.0,3.0,True,True,False,False
corteva-2014-2018-external|2015-57|2015,reused_external_strict,65,160.0,2015-06-23,True,7.0,7.0,3.0,3.0,True,True,False,False
corteva-2014-2018-external|2015-58|2015,reused_external_strict,65,160.0,2015-07-05,True,7.0,7.0,3.0,3.0,True,True,False,False
corteva-2014-2018-external|2015-60|2015,reused_external_strict,65,160.0,2015-07-04,True,7.0,7.0,3.0,3.0,True,True,False,False
corteva-2014-2018-external|2015-61|2015,reused_external_strict,65,160.0,2015-06-07,True,7.0,7.0,3.0,3.0,True,True,False,False
corteva-2014-2018-external|2015-62|2015,reused_external_strict,65,160.0,2015-06-17,True,7.0,7.0,3.0,3.0,True,True,False,False
corteva-2014-2018-external|2015-63|2015,reused_external_strict,65,160.0,2015-06-21,True,7.0,7.0,3.0,3.0,True,True,False,False
corteva-2014-2018-external|2015-64|2015,reused_external_strict,65,160.0,2015-06-17,True,7.0,7.0,3.0,3.0,True,True,False,False
corteva-2014-2018-external|2015-65|2015,reused_external_strict,65,160.0,2015-06-13,True,7.0,7.0,3.0,3.0,True,True,False,False
corteva-2014-2018-external|2015-66|2015,reused_external_strict,65,160.0,2015-05-28,True,7.0,7.0,3.0,3.0,True,True,False,False
corteva-2014-2018-external|2015-67|2015,reused_external_strict,65,160.0,2015-06-17,True,7.0,7.0,3.0,3.0,True,True,False,False
corteva-2014-2018-external|2015-68|2015,reused_external_strict,65,160.0,2015-06-12,True,7.0,7.0,3.0,3.0,True,True,False,False
corteva-2014-2018-external|2015-69|2015,reused_external_strict,65,160.0,2015-06-11,True,7.0,7.0,3.0,3.0,True,True,False,False
corteva-2014-2018-external|2015-70|2015,reused_external_strict,65,160.0,2015-07-04,True,7.0,7.0,3.0,3.0,True,True,False,False
corteva-2014-2018-external|2015-71|2015,reused_external_strict,65,160.0,2015-07-02,True,7.0,7.0,3.0,3.0,True,True,False,False
corteva-2014-2018-external|2015-72|2015,reused_external_strict,65,160.0,2015-06-12,True,7.0,7.0,3.0,3.0,True,True,False,False
corteva-2014-2018-external|2015-73|2015,reused_external_strict,65,160.0,2015-06-08,True,7.0,7.0,3.0,3.0,True,True,False,False
corteva-2014-2018-external|2015-74|2015,reused_external_strict,65,160.0,2015-06-12,True,7.0,7.0,3.0,3.0,True,True,False,False
corteva-2014-2018-external|2015-75|2015,reused_external_strict,65,160.0,2015-06-18,True,7.0,7.0,3.0,3.0,True,True,False,False
corteva-2014-2018-external|2015-76|2015,reused_external_strict,65,160.0,2015-06-07,True,7.0,7.0,3.0,3.0,True,True,False,False
corteva-2014-2018-external|2015-77|2015,reused_external_strict,65,160.0,2015-06-15,True,7.0,7.0,3.0,3.0,True,True,False,False
corteva-2014-2018-external|2015-78|2015,reused_external_strict,65,160.0,2015-06-24,True,7.0,7.0,3.0,3.0,True,True,False,False
corteva-2014-2018-external|2016-100|2016,reused_external_strict,65,160.0,2016-06-16,True,7.0,7.0,3.0,3.0,True,True,False,False
corteva-2014-2018-external|2016-101|2016,reused_external_strict,65,160.0,2016-06-05,True,7.0,7.0,3.0,3.0,True,True,False,False
corteva-2014-2018-external|2016-102|2016,reused_external_strict,65,160.0,2016-06-10,True,7.0,7.0,3.0,3.0,True,True,False,False
corteva-2014-2018-external|2016-103|2016,reused_external_strict,65,160.0,2016-05-28,True,7.0,7.0,3.0,3.0,True,True,False,False
corteva-2014-2018-external|2016-104|2016,reused_external_strict,65,160.0,2016-06-07,True,7.0,7.0,3.0,3.0,True,True,False,False
corteva-2014-2018-external|2016-105|2016,reused_external_strict,65,160.0,2016-06-30,True,7.0,7.0,3.0,3.0,True,True,False,False
corteva-2014-2018-external|2016-106|2016,reused_external_strict,65,160.0,2016-06-05,True,7.0,7.0,3.0,3.0,True,True,False,False
corteva-2014-2018-external|2016-107|2016,reused_external_strict,65,160.0,2016-06-13,True,7.0,7.0,3.0,3.0,True,True,False,False
corteva-2014-2018-external|2016-108|2016,reused_external_strict,65,160.0,2016-06-13,True,7.0,7.0,3.0,3.0,True,True,False,False
corteva-2014-2018-external|2016-109|2016,reused_external_strict,65,160.0,2016-06-08,True,7.0,7.0,3.0,3.0,True,True,False,False
corteva-2014-2018-external|2016-110|2016,reused_external_strict,65,160.0,2016-06-08,True,7.0,7.0,3.0,3.0,True,True,False,False
corteva-2014-2018-external|2016-111|2016,reused_external_strict,65,160.0,2016-06-15,True,7.0,7.0,3.0,3.0,True,True,False,False
corteva-2014-2018-external|2016-113|2016,reused_external_strict,65,160.0,2016-06-02,True,7.0,7.0,3.0,3.0,True,True,False,False
corteva-2014-2018-external|2016-115|2016,reused_external_strict,65,160.0,2016-06-12,True,7.0,7.0,3.0,3.0,True,True,False,False
corteva-2014-2018-external|2016-116|2016,reused_external_strict,65,160.0,2016-06-11,True,7.0,7.0,3.0,3.0,True,True,False,False
corteva-2014-2018-external|2016-79|2016,reused_external_strict,65,160.0,2016-06-11,True,7.0,7.0,3.0,3.0,True,True,False,False
corteva-2014-2018-external|2016-80|2016,reused_external_strict,65,160.0,2016-06-10,True,7.0,7.0,3.0,3.0,True,True,False,False
corteva-2014-2018-external|2016-81|2016,reused_external_strict,65,160.0,2016-06-11,True,7.0,7.0,3.0,3.0,True,True,False,False
corteva-2014-2018-external|2016-89|2016,reused_external_strict,65,160.0,2016-06-10,True,7.0,7.0,3.0,3.0,True,True,False,False
corteva-2014-2018-external|2016-90|2016,reused_external_strict,65,160.0,2016-06-04,True,7.0,7.0,3.0,3.0,True,True,False,False
corteva-2014-2018-external|2016-91|2016,reused_external_strict,65,160.0,2016-06-11,True,7.0,7.0,3.0,3.0,True,True,False,False
corteva-2014-2018-external|2016-92|2016,reused_external_strict,65,160.0,2016-06-04,True,7.0,7.0,3.0,3.0,True,True,False,False
corteva-2014-2018-external|2016-93|2016,reused_external_strict,65,160.0,2016-06-10,True,7.0,7.0,3.0,3.0,True,True,False,False
corteva-2014-2018-external|2016-94|2016,reused_external_strict,65,160.0,2016-06-11,True,7.0,7.0,3.0,3.0,True,True,False,False
corteva-2014-2018-external|2016-96|2016,reused_external_strict,65,160.0,2016-05-28,True,7.0,7.0,3.0,3.0,True,True,False,False
corteva-2014-2018-external|2016-97|2016,reused_external_strict,65,160.0,2016-06-11,True,7.0,7.0,3.0,3.0,True,True,False,False
corteva-2014-2018-external|2016-98|2016,reused_external_strict,65,160.0,2016-05-31,True,7.0,7.0,3.0,3.0,True,True,False,False
corteva-2014-2018-external|2016-99|2016,reused_external_strict,65,160.0,2016-06-11,True,7.0,7.0,3.0,3.0,True,True,False,False
corteva-2014-2018-external|2017-117|2017,reused_external_strict,65,160.0,2017-05-28,True,7.0,7.0,3.0,3.0,True,True,False,False
corteva-2014-2018-external|2017-118|2017,reused_external_strict,65,160.0,2017-06-08,True,7.0,7.0,3.0,3.0,True,True,False,False
corteva-2014-2018-external|2017-119|2017,reused_external_strict,65,160.0,2017-06-14,True,7.0,7.0,3.0,3.0,True,True,False,False
corteva-2014-2018-external|2017-121|2017,reused_external_strict,65,160.0,2017-05-28,True,7.0,7.0,3.0,3.0,True,True,False,False
corteva-2014-2018-external|2017-126|2017,reused_external_strict,65,160.0,2017-06-08,True,7.0,7.0,3.0,3.0,True,True,False,False
corteva-2014-2018-external|2017-130|2017,reused_external_strict,65,160.0,2017-06-09,True,7.0,7.0,3.0,3.0,True,True,False,False
corteva-2014-2018-external|2017-131|2017,reused_external_strict,65,160.0,2017-05-30,True,7.0,7.0,3.0,3.0,True,True,False,False
corteva-2014-2018-external|2017-132|2017,reused_external_strict,65,160.0,2017-06-08,True,7.0,7.0,3.0,3.0,True,True,False,False
corteva-2014-2018-external|2017-133|2017,reused_external_strict,65,160.0,2017-06-12,True,7.0,7.0,3.0,3.0,True,True,False,False
corteva-2014-2018-external|2017-141|2017,reused_external_strict,65,160.0,2017-06-08,True,7.0,7.0,3.0,3.0,True,True,False,False
corteva-2014-2018-external|2017-142|2017,reused_external_strict,65,160.0,2017-06-06,True,7.0,7.0,3.0,3.0,True,True,False,False
corteva-2014-2018-external|2017-144|2017,reused_external_strict,65,160.0,2017-06-04,True,7.0,7.0,3.0,3.0,True,True,False,False
corteva-2014-2018-external|2017-145|2017,reused_external_strict,65,160.0,2017-06-06,True,7.0,7.0,3.0,3.0,True,True,False,False
corteva-2014-2018-external|2017-146|2017,reused_external_strict,65,160.0,2017-06-12,True,7.0,7.0,3.0,3.0,True,True,False,False
corteva-2014-2018-external|2017-147|2017,reused_external_strict,65,160.0,2017-06-09,True,7.0,7.0,3.0,3.0,True,True,False,False
corteva-2014-2018-external|2017-148|2017,reused_external_strict,65,160.0,,False,,,,,,,False,False
corteva-2014-2018-external|2017-149|2017,reused_external_strict,65,160.0,2017-06-05,True,7.0,7.0,3.0,3.0,True,True,False,False
corteva-2014-2018-external|2017-150|2017,reused_external_strict,65,160.0,2017-06-08,True,7.0,7.0,3.0,3.0,True,True,False,False
corteva-2014-2018-external|2017-151|2017,reused_external_strict,65,160.0,2017-06-20,True,7.0,7.0,3.0,3.0,True,True,False,False
corteva-2014-2018-external|2017-152|2017,reused_external_strict,65,160.0,2017-06-03,True,7.0,7.0,3.0,3.0,True,True,False,False
corteva-2014-2018-external|2017-153|2017,reused_external_strict,65,160.0,2017-06-15,True,7.0,7.0,3.0,3.0,True,True,False,False
corteva-2014-2018-external|2017-154|2017,reused_external_strict,65,160.0,2017-06-12,True,7.0,7.0,3.0,3.0,True,True,False,False
corteva-2014-2018-external|2018-157|2018,reused_external_strict,65,160.0,2018-06-02,True,7.0,7.0,3.0,3.0,True,True,False,False
corteva-2014-2018-external|2018-158|2018,reused_external_strict,65,160.0,2018-06-14,True,7.0,7.0,3.0,3.0,True,True,False,False
corteva-2014-2018-external|2018-159|2018,reused_external_strict,65,160.0,,False,,,,,,,False,False
corteva-2014-2018-external|2018-160|2018,reused_external_strict,65,160.0,,False,,,,,,,False,False
corteva-2014-2018-external|2018-161|2018,reused_external_strict,65,160.0,2018-06-10,True,7.0,7.0,3.0,3.0,True,True,False,False
corteva-2014-2018-external|2018-162|2018,reused_external_strict,65,160.0,2018-05-28,True,7.0,7.0,3.0,3.0,True,True,False,False
corteva-2014-2018-external|2018-163|2018,reused_external_strict,65,160.0,2018-06-02,True,7.0,7.0,3.0,3.0,True,True,False,False
corteva-2014-2018-external|2018-164|2018,reused_external_strict,65,160.0,2018-05-31,True,7.0,7.0,3.0,3.0,True,True,False,False
corteva-2014-2018-external|2018-165|2018,reused_external_strict,65,160.0,2018-06-10,True,7.0,7.0,3.0,3.0,True,True,False,False
corteva-2014-2018-external|2018-166|2018,reused_external_strict,65,160.0,2018-06-11,True,7.0,7.0,3.0,3.0,True,True,False,False
corteva-2014-2018-external|2018-167|2018,reused_external_strict,65,160.0,2018-06-15,True,7.0,7.0,3.0,3.0,True,True,False,False
corteva-2014-2018-external|2018-168|2018,reused_external_strict,65,160.0,2018-06-15,True,7.0,7.0,3.0,3.0,True,True,False,False
corteva-2014-2018-external|2018-169|2018,reused_external_strict,65,160.0,2018-06-12,True,7.0,7.0,3.0,3.0,True,True,False,False
corteva-2014-2018-external|2018-170|2018,reused_external_strict,65,160.0,2018-06-02,True,7.0,7.0,3.0,3.0,True,True,False,False
corteva-2014-2018-external|2018-171|2018,reused_external_strict,65,160.0,2018-06-07,True,7.0,7.0,3.0,3.0,True,True,False,False
corteva-2014-2018-external|2018-172|2018,reused_external_strict,65,160.0,2018-06-15,True,7.0,7.0,3.0,3.0,True,True,False,False
corteva-2014-2018-external|2018-173|2018,reused_external_strict,65,160.0,2018-06-10,True,7.0,7.0,3.0,3.0,True,True,False,False
corteva-2014-2018-external|2018-174|2018,reused_external_strict,65,160.0,2018-05-03,True,7.0,7.0,3.0,3.0,True,True,False,False
corteva-2014-2018-external|2018-175|2018,reused_external_strict,65,160.0,2018-06-13,True,7.0,7.0,3.0,3.0,True,True,False,False
corteva-2014-2018-external|2018-176|2018,reused_external_strict,65,160.0,2018-06-14,True,7.0,7.0,3.0,3.0,True,True,False,False
corteva-2014-2018-external|2018-177|2018,reused_external_strict,65,160.0,2018-06-04,True,7.0,7.0,3.0,3.0,True,True,False,False
corteva-2014-2018-external|2018-181|2018,reused_external_strict,65,160.0,2018-06-04,True,7.0,7.0,3.0,3.0,True,True,False,False
corteva-2014-2018-external|2018-182|2018,reused_external_strict,65,160.0,2018-06-02,True,7.0,7.0,3.0,3.0,True,True,False,False
corteva-2014-2018-external|2018-183|2018,reused_external_strict,65,160.0,2018-06-02,True,7.0,7.0,3.0,3.0,True,True,False,False
corteva-2014-2018-external|2018-184|2018,reused_external_strict,65,160.0,2018-06-05,True,7.0,7.0,3.0,3.0,True,True,False,False
corteva-2014-2018-external|2018-185|2018,reused_external_strict,65,160.0,2018-06-12,True,7.0,7.0,3.0,3.0,True,True,False,False
corteva-2014-2018-external|2018-186|2018,reused_external_strict,65,160.0,2018-05-27,True,7.0,7.0,3.0,3.0,True,True,False,False
corteva-2014-2018-external|2018-188|2018,reused_external_strict,65,160.0,2018-05-18,True,7.0,7.0,3.0,3.0,True,True,False,False
corteva-2014-2018-external|2018-189|2018,reused_external_strict,65,160.0,2018-05-03,True,7.0,7.0,3.0,3.0,True,True,False,False
corteva-2014-2018-external|2018-190|2018,reused_external_strict,65,160.0,2018-06-10,True,7.0,7.0,3.0,3.0,True,True,False,False
corteva-2014-2018-external|2018-191|2018,reused_external_strict,65,160.0,2018-06-02,True,7.0,7.0,3.0,3.0,True,True,False,False
corteva-2014-2018-external|2018-193|2018,reused_external_strict,65,160.0,2018-06-16,True,7.0,7.0,3.0,3.0,True,True,False,False
corteva-2014-2018-external|2018-194|2018,reused_external_strict,65,160.0,2018-06-02,True,7.0,7.0,3.0,3.0,True,True,False,False
corteva-2014-2018-external|2018-195|2018,reused_external_strict,65,160.0,,False,,,,,,,False,False
corteva-2014-2018-external|2018-196|2018,reused_external_strict,65,160.0,2018-06-02,True,7.0,7.0,3.0,3.0,True,True,False,False
corteva-2014-2018-external|2018-197|2018,reused_external_strict,65,160.0,2018-06-16,True,7.0,7.0,3.0,3.0,True,True,False,False
corteva-2014-2018-external|2018-198|2018,reused_external_strict,65,160.0,2018-06-06,True,7.0,7.0,3.0,3.0,True,True,False,False
corteva-2014-2018-external|2014-1|2014,reused_external_strict,85,160.0,,False,,,,,,,False,False
corteva-2014-2018-external|2014-10|2014,reused_external_strict,85,160.0,,False,,,,,,,False,False
corteva-2014-2018-external|2014-11|2014,reused_external_strict,85,160.0,,False,,,,,,,False,False
corteva-2014-2018-external|2014-12|2014,reused_external_strict,85,160.0,,False,,,,,,,False,False
corteva-2014-2018-external|2014-13|2014,reused_external_strict,85,160.0,,False,,,,,,,False,False
corteva-2014-2018-external|2014-14|2014,reused_external_strict,85,160.0,,False,,,,,,,False,False
corteva-2014-2018-external|2014-15|2014,reused_external_strict,85,160.0,,False,,,,,,,False,False
corteva-2014-2018-external|2014-16|2014,reused_external_strict,85,160.0,,False,,,,,,,False,False
corteva-2014-2018-external|2014-17|2014,reused_external_strict,85,160.0,,False,,,,,,,False,False
corteva-2014-2018-external|2014-2|2014,reused_external_strict,85,160.0,,False,,,,,,,False,False
corteva-2014-2018-external|2014-23|2014,reused_external_strict,85,160.0,,False,,,,,,,False,False
corteva-2014-2018-external|2014-24|2014,reused_external_strict,85,160.0,,False,,,,,,,False,False
corteva-2014-2018-external|2014-25|2014,reused_external_strict,85,160.0,,False,,,,,,,False,False
corteva-2014-2018-external|2014-26|2014,reused_external_strict,85,160.0,,False,,,,,,,False,False
corteva-2014-2018-external|2014-3|2014,reused_external_strict,85,160.0,,False,,,,,,,False,False
corteva-2014-2018-external|2014-34|2014,reused_external_strict,85,160.0,,False,,,,,,,False,False
corteva-2014-2018-external|2014-35|2014,reused_external_strict,85,160.0,,False,,,,,,,False,False
corteva-2014-2018-external|2014-36|2014,reused_external_strict,85,160.0,,False,,,,,,,False,False
corteva-2014-2018-external|2014-37|2014,reused_external_strict,85,160.0,,False,,,,,,,False,False
corteva-2014-2018-external|2014-38|2014,reused_external_strict,85,160.0,,False,,,,,,,False,False
corteva-2014-2018-external|2014-39|2014,reused_external_strict,85,160.0,,False,,,,,,,False,False
corteva-2014-2018-external|2014-4|2014,reused_external_strict,85,160.0,2014-07-02,True,7.0,7.0,3.0,3.0,True,True,False,False
corteva-2014-2018-external|2014-5|2014,reused_external_strict,85,160.0,,False,,,,,,,False,False
corteva-2014-2018-external|2014-9|2014,reused_external_strict,85,160.0,,False,,,,,,,False,False
corteva-2014-2018-external|2015-41|2015,reused_external_strict,85,160.0,,False,,,,,,,False,False
corteva-2014-2018-external|2015-42|2015,reused_external_strict,85,160.0,,False,,,,,,,False,False
corteva-2014-2018-external|2015-43|2015,reused_external_strict,85,160.0,,False,,,,,,,False,False
corteva-2014-2018-external|2015-44|2015,reused_external_strict,85,160.0,,False,,,,,,,False,False
corteva-2014-2018-external|2015-48|2015,reused_external_strict,85,160.0,,False,,,,,,,False,False
corteva-2014-2018-external|2015-49|2015,reused_external_strict,85,160.0,,False,,,,,,,False,False
corteva-2014-2018-external|2015-50|2015,reused_external_strict,85,160.0,,False,,,,,,,False,False
corteva-2014-2018-external|2015-53|2015,reused_external_strict,85,160.0,,False,,,,,,,False,False
corteva-2014-2018-external|2015-54|2015,reused_external_strict,85,160.0,,False,,,,,,,False,False
corteva-2014-2018-external|2015-55|2015,reused_external_strict,85,160.0,,False,,,,,,,False,False
corteva-2014-2018-external|2015-56|2015,reused_external_strict,85,160.0,,False,,,,,,,False,False
corteva-2014-2018-external|2015-57|2015,reused_external_strict,85,160.0,,False,,,,,,,False,False
corteva-2014-2018-external|2015-58|2015,reused_external_strict,85,160.0,2015-08-12,True,7.0,7.0,3.0,3.0,True,True,False,False
corteva-2014-2018-external|2015-60|2015,reused_external_strict,85,160.0,,False,,,,,,,False,False
corteva-2014-2018-external|2015-61|2015,reused_external_strict,85,160.0,,False,,,,,,,False,False
corteva-2014-2018-external|2015-62|2015,reused_external_strict,85,160.0,,False,,,,,,,False,False
corteva-2014-2018-external|2015-63|2015,reused_external_strict,85,160.0,,False,,,,,,,False,False
corteva-2014-2018-external|2015-64|2015,reused_external_strict,85,160.0,,False,,,,,,,False,False
corteva-2014-2018-external|2015-65|2015,reused_external_strict,85,160.0,,False,,,,,,,False,False
corteva-2014-2018-external|2015-66|2015,reused_external_strict,85,160.0,,False,,,,,,,False,False
corteva-2014-2018-external|2015-67|2015,reused_external_strict,85,160.0,,False,,,,,,,False,False
corteva-2014-2018-external|2015-68|2015,reused_external_strict,85,160.0,,False,,,,,,,False,False
corteva-2014-2018-external|2015-69|2015,reused_external_strict,85,160.0,,False,,,,,,,False,False
corteva-2014-2018-external|2015-70|2015,reused_external_strict,85,160.0,,False,,,,,,,False,False
corteva-2014-2018-external|2015-71|2015,reused_external_strict,85,160.0,,False,,,,,,,False,False
corteva-2014-2018-external|2015-72|2015,reused_external_strict,85,160.0,,False,,,,,,,False,False
corteva-2014-2018-external|2015-73|2015,reused_external_strict,85,160.0,,False,,,,,,,False,False
corteva-2014-2018-external|2015-74|2015,reused_external_strict,85,160.0,,False,,,,,,,False,False
corteva-2014-2018-external|2015-75|2015,reused_external_strict,85,160.0,,False,,,,,,,False,False
corteva-2014-2018-external|2015-76|2015,reused_external_strict,85,160.0,,False,,,,,,,False,False
corteva-2014-2018-external|2015-77|2015,reused_external_strict,85,160.0,,False,,,,,,,False,False
corteva-2014-2018-external|2015-78|2015,reused_external_strict,85,160.0,,False,,,,,,,False,False
corteva-2014-2018-external|2016-100|2016,reused_external_strict,85,160.0,,False,,,,,,,False,False
corteva-2014-2018-external|2016-101|2016,reused_external_strict,85,160.0,2016-07-09,True,7.0,7.0,3.0,3.0,True,True,False,False
corteva-2014-2018-external|2016-102|2016,reused_external_strict,85,160.0,,False,,,,,,,False,False
corteva-2014-2018-external|2016-103|2016,reused_external_strict,85,160.0,,False,,,,,,,False,False
corteva-2014-2018-external|2016-104|2016,reused_external_strict,85,160.0,,False,,,,,,,False,False
corteva-2014-2018-external|2016-105|2016,reused_external_strict,85,160.0,,False,,,,,,,False,False
corteva-2014-2018-external|2016-106|2016,reused_external_strict,85,160.0,,False,,,,,,,False,False
corteva-2014-2018-external|2016-107|2016,reused_external_strict,85,160.0,,False,,,,,,,False,False
corteva-2014-2018-external|2016-108|2016,reused_external_strict,85,160.0,,False,,,,,,,False,False
corteva-2014-2018-external|2016-109|2016,reused_external_strict,85,160.0,,False,,,,,,,False,False
corteva-2014-2018-external|2016-110|2016,reused_external_strict,85,160.0,,False,,,,,,,False,False
corteva-2014-2018-external|2016-111|2016,reused_external_strict,85,160.0,,False,,,,,,,False,False
corteva-2014-2018-external|2016-113|2016,reused_external_strict,85,160.0,,False,,,,,,,False,False
corteva-2014-2018-external|2016-115|2016,reused_external_strict,85,160.0,,False,,,,,,,False,False
corteva-2014-2018-external|2016-116|2016,reused_external_strict,85,160.0,,False,,,,,,,False,False
corteva-2014-2018-external|2016-79|2016,reused_external_strict,85,160.0,,False,,,,,,,False,False
corteva-2014-2018-external|2016-80|2016,reused_external_strict,85,160.0,,False,,,,,,,False,False
corteva-2014-2018-external|2016-81|2016,reused_external_strict,85,160.0,,False,,,,,,,False,False
corteva-2014-2018-external|2016-89|2016,reused_external_strict,85,160.0,,False,,,,,,,False,False
corteva-2014-2018-external|2016-90|2016,reused_external_strict,85,160.0,,False,,,,,,,False,False
corteva-2014-2018-external|2016-91|2016,reused_external_strict,85,160.0,,False,,,,,,,False,False
corteva-2014-2018-external|2016-92|2016,reused_external_strict,85,160.0,,False,,,,,,,False,False
corteva-2014-2018-external|2016-93|2016,reused_external_strict,85,160.0,,False,,,,,,,False,False
corteva-2014-2018-external|2016-94|2016,reused_external_strict,85,160.0,,False,,,,,,,False,False
corteva-2014-2018-external|2016-96|2016,reused_external_strict,85,160.0,,False,,,,,,,False,False
corteva-2014-2018-external|2016-97|2016,reused_external_strict,85,160.0,,False,,,,,,,False,False
corteva-2014-2018-external|2016-98|2016,reused_external_strict,85,160.0,,False,,,,,,,False,False
corteva-2014-2018-external|2016-99|2016,reused_external_strict,85,160.0,,False,,,,,,,False,False
corteva-2014-2018-external|2017-117|2017,reused_external_strict,85,160.0,,False,,,,,,,False,False
corteva-2014-2018-external|2017-118|2017,reused_external_strict,85,160.0,,False,,,,,,,False,False
corteva-2014-2018-external|2017-119|2017,reused_external_strict,85,160.0,,False,,,,,,,False,False
corteva-2014-2018-external|2017-121|2017,reused_external_strict,85,160.0,,False,,,,,,,False,False
corteva-2014-2018-external|2017-126|2017,reused_external_strict,85,160.0,,False,,,,,,,False,False
corteva-2014-2018-external|2017-130|2017,reused_external_strict,85,160.0,,False,,,,,,,False,False
corteva-2014-2018-external|2017-131|2017,reused_external_strict,85,160.0,,False,,,,,,,False,False
corteva-2014-2018-external|2017-132|2017,reused_external_strict,85,160.0,,False,,,,,,,False,False
corteva-2014-2018-external|2017-133|2017,reused_external_strict,85,160.0,,False,,,,,,,False,False
corteva-2014-2018-external|2017-141|2017,reused_external_strict,85,160.0,,False,,,,,,,False,False
corteva-2014-2018-external|2017-142|2017,reused_external_strict,85,160.0,2017-07-08,True,7.0,7.0,3.0,3.0,True,True,False,False
corteva-2014-2018-external|2017-144|2017,reused_external_strict,85,160.0,,False,,,,,,,False,False
corteva-2014-2018-external|2017-145|2017,reused_external_strict,85,160.0,,False,,,,,,,False,False
corteva-2014-2018-external|2017-146|2017,reused_external_strict,85,160.0,,False,,,,,,,False,False
corteva-2014-2018-external|2017-147|2017,reused_external_strict,85,160.0,,False,,,,,,,False,False
corteva-2014-2018-external|2017-148|2017,reused_external_strict,85,160.0,,False,,,,,,,False,False
corteva-2014-2018-external|2017-149|2017,reused_external_strict,85,160.0,,False,,,,,,,False,False
corteva-2014-2018-external|2017-150|2017,reused_external_strict,85,160.0,,False,,,,,,,False,False
corteva-2014-2018-external|2017-151|2017,reused_external_strict,85,160.0,,False,,,,,,,False,False
corteva-2014-2018-external|2017-152|2017,reused_external_strict,85,160.0,,False,,,,,,,False,False
corteva-2014-2018-external|2017-153|2017,reused_external_strict,85,160.0,,False,,,,,,,False,False
corteva-2014-2018-external|2017-154|2017,reused_external_strict,85,160.0,,False,,,,,,,False,False
corteva-2014-2018-external|2018-157|2018,reused_external_strict,85,160.0,,False,,,,,,,False,False
corteva-2014-2018-external|2018-158|2018,reused_external_strict,85,160.0,,False,,,,,,,False,False
corteva-2014-2018-external|2018-159|2018,reused_external_strict,85,160.0,,False,,,,,,,False,False
corteva-2014-2018-external|2018-160|2018,reused_external_strict,85,160.0,,False,,,,,,,False,False
corteva-2014-2018-external|2018-161|2018,reused_external_strict,85,160.0,,False,,,,,,,False,False
corteva-2014-2018-external|2018-162|2018,reused_external_strict,85,160.0,,False,,,,,,,False,False
corteva-2014-2018-external|2018-163|2018,reused_external_strict,85,160.0,,False,,,,,,,False,False
corteva-2014-2018-external|2018-164|2018,reused_external_strict,85,160.0,,False,,,,,,,False,False
corteva-2014-2018-external|2018-165|2018,reused_external_strict,85,160.0,,False,,,,,,,False,False
corteva-2014-2018-external|2018-166|2018,reused_external_strict,85,160.0,,False,,,,,,,False,False
corteva-2014-2018-external|2018-167|2018,reused_external_strict,85,160.0,,False,,,,,,,False,False
corteva-2014-2018-external|2018-168|2018,reused_external_strict,85,160.0,,False,,,,,,,False,False
corteva-2014-2018-external|2018-169|2018,reused_external_strict,85,160.0,,False,,,,,,,False,False
corteva-2014-2018-external|2018-170|2018,reused_external_strict,85,160.0,,False,,,,,,,False,False
corteva-2014-2018-external|2018-171|2018,reused_external_strict,85,160.0,,False,,,,,,,False,False
corteva-2014-2018-external|2018-172|2018,reused_external_strict,85,160.0,,False,,,,,,,False,False
corteva-2014-2018-external|2018-173|2018,reused_external_strict,85,160.0,,False,,,,,,,False,False
corteva-2014-2018-external|2018-174|2018,reused_external_strict,85,160.0,2018-06-04,True,7.0,7.0,3.0,3.0,True,True,False,False
corteva-2014-2018-external|2018-175|2018,reused_external_strict,85,160.0,,False,,,,,,,False,False
corteva-2014-2018-external|2018-176|2018,reused_external_strict,85,160.0,,False,,,,,,,False,False
corteva-2014-2018-external|2018-177|2018,reused_external_strict,85,160.0,,False,,,,,,,False,False
corteva-2014-2018-external|2018-181|2018,reused_external_strict,85,160.0,,False,,,,,,,False,False
corteva-2014-2018-external|2018-182|2018,reused_external_strict,85,160.0,,False,,,,,,,False,False
corteva-2014-2018-external|2018-183|2018,reused_external_strict,85,160.0,,False,,,,,,,False,False
corteva-2014-2018-external|2018-184|2018,reused_external_strict,85,160.0,,False,,,,,,,False,False
corteva-2014-2018-external|2018-185|2018,reused_external_strict,85,160.0,,False,,,,,,,False,False
corteva-2014-2018-external|2018-186|2018,reused_external_strict,85,160.0,,False,,,,,,,False,False
corteva-2014-2018-external|2018-188|2018,reused_external_strict,85,160.0,,False,,,,,,,False,False
corteva-2014-2018-external|2018-189|2018,reused_external_strict,85,160.0,2018-06-04,True,7.0,7.0,3.0,3.0,True,True,False,False
corteva-2014-2018-external|2018-190|2018,reused_external_strict,85,160.0,,False,,,,,,,False,False
corteva-2014-2018-external|2018-191|2018,reused_external_strict,85,160.0,,False,,,,,,,False,False
corteva-2014-2018-external|2018-193|2018,reused_external_strict,85,160.0,,False,,,,,,,False,False
corteva-2014-2018-external|2018-194|2018,reused_external_strict,85,160.0,,False,,,,,,,False,False
corteva-2014-2018-external|2018-195|2018,reused_external_strict,85,160.0,,False,,,,,,,False,False
corteva-2014-2018-external|2018-196|2018,reused_external_strict,85,160.0,,False,,,,,,,False,False
corteva-2014-2018-external|2018-197|2018,reused_external_strict,85,160.0,,False,,,,,,,False,False
corteva-2014-2018-external|2018-198|2018,reused_external_strict,85,160.0,,False,,,,,,,False,False
