source,partition,field_id,coordinate_year,dataset_id,physical_unit,season_year,site_id,country,latitude,longitude,date,stage_from,stage_to,source_row_count,unique_source_stage_intervals,n_complete_rows,n_stage_from_only_rows,n_stage_to_only_rows,stage_order_valid
BASF,calibration,basf-wheat-diseases|10|2017,era5loc_d6117aa4523b|2017,basf-wheat-diseases,10,2017,era5loc_d6117aa4523b,FRANCE,48.0,1.8,2017-05-11,39.0,39.0,3,1,3,0,0,True
BASF,calibration,basf-wheat-diseases|10|2017,era5loc_d6117aa4523b|2017,basf-wheat-diseases,10,2017,era5loc_d6117aa4523b,FRANCE,48.0,1.8,2017-06-02,69.0,69.0,2,1,2,0,0,True
BASF,calibration,basf-wheat-diseases|10|2017,era5loc_d6117aa4523b|2017,basf-wheat-diseases,10,2017,era5loc_d6117aa4523b,FRANCE,48.0,1.8,2017-06-08,71.0,73.0,3,1,3,0,0,True
BASF,calibration,basf-wheat-diseases|10|2017,era5loc_d6117aa4523b|2017,basf-wheat-diseases,10,2017,era5loc_d6117aa4523b,FRANCE,48.0,1.8,2017-06-22,79.0,79.0,2,1,2,0,0,True
BASF,calibration,basf-wheat-diseases|11|2017,era5loc_c36c557e4afc|2017,basf-wheat-diseases,11,2017,era5loc_c36c557e4afc,NETHERLANDS,53.4,6.7,2017-05-22,39.0,39.0,3,1,3,0,0,True
BASF,calibration,basf-wheat-diseases|11|2017,era5loc_c36c557e4afc|2017,basf-wheat-diseases,11,2017,era5loc_c36c557e4afc,NETHERLANDS,53.4,6.7,2017-06-14,65.0,67.0,3,1,3,0,0,True
BASF,calibration,basf-wheat-diseases|11|2017,era5loc_c36c557e4afc|2017,basf-wheat-diseases,11,2017,era5loc_c36c557e4afc,NETHERLANDS,53.4,6.7,2017-06-21,69.0,81.0,3,1,3,0,0,True
BASF,calibration,basf-wheat-diseases|11|2017,era5loc_c36c557e4afc|2017,basf-wheat-diseases,11,2017,era5loc_c36c557e4afc,NETHERLANDS,53.4,6.7,2017-06-30,83.0,83.0,2,1,2,0,0,True
BASF,calibration,basf-wheat-diseases|12|2017,era5loc_1db395a204c4|2017,basf-wheat-diseases,12,2017,era5loc_1db395a204c4,POLAND,52.2,17.2,2017-05-22,37.0,39.0,2,1,2,0,0,True
BASF,calibration,basf-wheat-diseases|12|2017,era5loc_1db395a204c4|2017,basf-wheat-diseases,12,2017,era5loc_1db395a204c4,POLAND,52.2,17.2,2017-06-01,51.0,55.0,2,1,2,0,0,True
BASF,calibration,basf-wheat-diseases|12|2017,era5loc_1db395a204c4|2017,basf-wheat-diseases,12,2017,era5loc_1db395a204c4,POLAND,52.2,17.2,2017-06-12,63.0,65.0,2,1,2,0,0,True
BASF,calibration,basf-wheat-diseases|12|2017,era5loc_1db395a204c4|2017,basf-wheat-diseases,12,2017,era5loc_1db395a204c4,POLAND,52.2,17.2,2017-06-21,73.0,75.0,2,1,2,0,0,True
BASF,calibration,basf-wheat-diseases|13|2017,era5loc_8b7743800935|2017,basf-wheat-diseases,13,2017,era5loc_8b7743800935,POLAND,51.0,17.8,2017-06-02,37.0,39.0,2,1,2,0,0,True
BASF,calibration,basf-wheat-diseases|13|2017,era5loc_8b7743800935|2017,basf-wheat-diseases,13,2017,era5loc_8b7743800935,POLAND,51.0,17.8,2017-06-12,45.0,55.0,2,1,2,0,0,True
BASF,calibration,basf-wheat-diseases|13|2017,era5loc_8b7743800935|2017,basf-wheat-diseases,13,2017,era5loc_8b7743800935,POLAND,51.0,17.8,2017-06-26,75.0,75.0,2,1,2,0,0,True
BASF,calibration,basf-wheat-diseases|14|2017,era5loc_b4c23217b405|2017,basf-wheat-diseases,14,2017,era5loc_b4c23217b405,POLAND,52.1,17.3,2017-06-11,59.0,59.0,1,1,1,0,0,True
BASF,calibration,basf-wheat-diseases|14|2017,era5loc_b4c23217b405|2017,basf-wheat-diseases,14,2017,era5loc_b4c23217b405,POLAND,52.1,17.3,2017-06-21,73.0,75.0,1,1,1,0,0,True
BASF,calibration,basf-wheat-diseases|15|2017,era5loc_01117578be52|2017,basf-wheat-diseases,15,2017,era5loc_01117578be52,POLAND,54.0,18.8,2017-07-03,71.0,73.0,1,1,1,0,0,True
BASF,calibration,basf-wheat-diseases|15|2017,era5loc_01117578be52|2017,basf-wheat-diseases,15,2017,era5loc_01117578be52,POLAND,54.0,18.8,2017-07-13,77.0,77.0,1,1,1,0,0,True
BASF,calibration,basf-wheat-diseases|16|2017,era5loc_bedbc80cc600|2017,basf-wheat-diseases,16,2017,era5loc_bedbc80cc600,POLAND,52.2,16.6,2017-05-05,30.0,31.0,1,1,1,0,0,True
BASF,calibration,basf-wheat-diseases|16|2017,era5loc_bedbc80cc600|2017,basf-wheat-diseases,16,2017,era5loc_bedbc80cc600,POLAND,52.2,16.6,2017-05-16,32.0,33.0,1,1,1,0,0,True
BASF,calibration,basf-wheat-diseases|16|2017,era5loc_bedbc80cc600|2017,basf-wheat-diseases,16,2017,era5loc_bedbc80cc600,POLAND,52.2,16.6,2017-05-26,37.0,39.0,2,1,2,0,0,True
BASF,calibration,basf-wheat-diseases|16|2017,era5loc_bedbc80cc600|2017,basf-wheat-diseases,16,2017,era5loc_bedbc80cc600,POLAND,52.2,16.6,2017-06-08,61.0,63.0,1,1,1,0,0,True
BASF,calibration,basf-wheat-diseases|16|2017,era5loc_bedbc80cc600|2017,basf-wheat-diseases,16,2017,era5loc_bedbc80cc600,POLAND,52.2,16.6,2017-06-20,71.0,75.0,2,1,2,0,0,True
BASF,calibration,basf-wheat-diseases|16|2017,era5loc_bedbc80cc600|2017,basf-wheat-diseases,16,2017,era5loc_bedbc80cc600,POLAND,52.2,16.6,2017-06-26,75.0,75.0,1,1,1,0,0,True
BASF,calibration,basf-wheat-diseases|17|2017,era5loc_c273764268e2|2017,basf-wheat-diseases,17,2017,era5loc_c273764268e2,UNITED KINGDOM,52.7,0.9,2017-06-10,65.0,65.0,1,1,1,0,0,True
BASF,calibration,basf-wheat-diseases|18|2017,era5loc_6687f40ce729|2017,basf-wheat-diseases,18,2017,era5loc_6687f40ce729,UNITED KINGDOM,51.7,-1.9,2017-05-19,39.0,39.0,3,1,3,0,0,True
BASF,calibration,basf-wheat-diseases|18|2017,era5loc_6687f40ce729|2017,basf-wheat-diseases,18,2017,era5loc_6687f40ce729,UNITED KINGDOM,51.7,-1.9,2017-05-26,39.0,41.0,2,1,2,0,0,True
BASF,calibration,basf-wheat-diseases|18|2017,era5loc_6687f40ce729|2017,basf-wheat-diseases,18,2017,era5loc_6687f40ce729,UNITED KINGDOM,51.7,-1.9,2017-06-06,58.0,61.0,2,1,2,0,0,True
BASF,calibration,basf-wheat-diseases|18|2017,era5loc_6687f40ce729|2017,basf-wheat-diseases,18,2017,era5loc_6687f40ce729,UNITED KINGDOM,51.7,-1.9,2017-06-21,72.0,73.0,2,1,2,0,0,True
BASF,calibration,basf-wheat-diseases|18|2017,era5loc_6687f40ce729|2017,basf-wheat-diseases,18,2017,era5loc_6687f40ce729,UNITED KINGDOM,51.7,-1.9,2017-07-04,75.0,75.0,2,1,2,0,0,True
BASF,calibration,basf-wheat-diseases|19|2017,era5loc_ff52f903fe18|2017,basf-wheat-diseases,19,2017,era5loc_ff52f903fe18,UNITED KINGDOM,51.9,0.2,2017-04-21,31.0,32.0,3,1,3,0,0,True
BASF,calibration,basf-wheat-diseases|19|2017,era5loc_ff52f903fe18|2017,basf-wheat-diseases,19,2017,era5loc_ff52f903fe18,UNITED KINGDOM,51.9,0.2,2017-04-29,32.0,33.0,3,1,3,0,0,True
BASF,calibration,basf-wheat-diseases|19|2017,era5loc_ff52f903fe18|2017,basf-wheat-diseases,19,2017,era5loc_ff52f903fe18,UNITED KINGDOM,51.9,0.2,2017-05-12,33.0,37.0,2,1,2,0,0,True
BASF,calibration,basf-wheat-diseases|19|2017,era5loc_ff52f903fe18|2017,basf-wheat-diseases,19,2017,era5loc_ff52f903fe18,UNITED KINGDOM,51.9,0.2,2017-05-31,51.0,59.0,1,1,1,0,0,True
BASF,calibration,basf-wheat-diseases|19|2017,era5loc_ff52f903fe18|2017,basf-wheat-diseases,19,2017,era5loc_ff52f903fe18,UNITED KINGDOM,51.9,0.2,2017-06-08,61.0,69.0,2,1,2,0,0,True
BASF,calibration,basf-wheat-diseases|1|2017,era5loc_dd89cccfc605|2017,basf-wheat-diseases,1,2017,era5loc_dd89cccfc605,GERMANY,48.3,12.0,2017-05-18,37.0,39.0,2,1,2,0,0,True
BASF,calibration,basf-wheat-diseases|1|2017,era5loc_dd89cccfc605|2017,basf-wheat-diseases,1,2017,era5loc_dd89cccfc605,GERMANY,48.3,12.0,2017-05-29,49.0,49.0,3,1,3,0,0,True
BASF,calibration,basf-wheat-diseases|1|2017,era5loc_dd89cccfc605|2017,basf-wheat-diseases,1,2017,era5loc_dd89cccfc605,GERMANY,48.3,12.0,2017-06-06,65.0,65.0,3,1,3,0,0,True
BASF,calibration,basf-wheat-diseases|1|2017,era5loc_dd89cccfc605|2017,basf-wheat-diseases,1,2017,era5loc_dd89cccfc605,GERMANY,48.3,12.0,2017-06-13,71.0,71.0,3,1,3,0,0,True
BASF,calibration,basf-wheat-diseases|1|2017,era5loc_dd89cccfc605|2017,basf-wheat-diseases,1,2017,era5loc_dd89cccfc605,GERMANY,48.3,12.0,2017-06-26,75.0,75.0,2,1,2,0,0,True
BASF,calibration,basf-wheat-diseases|20|2017,era5loc_5ab5ca0b5fe3|2017,basf-wheat-diseases,20,2017,era5loc_5ab5ca0b5fe3,UNITED KINGDOM,52.1,1.0,2017-04-29,32.0,33.0,3,1,3,0,0,True
BASF,calibration,basf-wheat-diseases|20|2017,era5loc_5ab5ca0b5fe3|2017,basf-wheat-diseases,20,2017,era5loc_5ab5ca0b5fe3,UNITED KINGDOM,52.1,1.0,2017-05-19,39.0,39.0,4,1,4,0,0,True
BASF,calibration,basf-wheat-diseases|20|2017,era5loc_5ab5ca0b5fe3|2017,basf-wheat-diseases,20,2017,era5loc_5ab5ca0b5fe3,UNITED KINGDOM,52.1,1.0,2017-06-01,59.0,65.0,4,1,4,0,0,True
BASF,calibration,basf-wheat-diseases|20|2017,era5loc_5ab5ca0b5fe3|2017,basf-wheat-diseases,20,2017,era5loc_5ab5ca0b5fe3,UNITED KINGDOM,52.1,1.0,2017-06-09,61.0,66.0,4,1,4,0,0,True
BASF,calibration,basf-wheat-diseases|23|2018,era5loc_d6117aa4523b|2018,basf-wheat-diseases,23,2018,era5loc_d6117aa4523b,FRANCE,48.0,1.8,2018-05-02,37.0,39.0,3,1,3,0,0,True
BASF,calibration,basf-wheat-diseases|23|2018,era5loc_d6117aa4523b|2018,basf-wheat-diseases,23,2018,era5loc_d6117aa4523b,FRANCE,48.0,1.8,2018-05-22,65.0,69.0,2,1,2,0,0,True
BASF,calibration,basf-wheat-diseases|23|2018,era5loc_d6117aa4523b|2018,basf-wheat-diseases,23,2018,era5loc_d6117aa4523b,FRANCE,48.0,1.8,2018-06-05,75.0,,2,1,0,2,0,True
BASF,calibration,basf-wheat-diseases|23|2018,era5loc_d6117aa4523b|2018,basf-wheat-diseases,23,2018,era5loc_d6117aa4523b,FRANCE,48.0,1.8,2018-06-12,77.0,,2,1,0,2,0,True
BASF,calibration,basf-wheat-diseases|25|2018,era5loc_2daae74efc65|2018,basf-wheat-diseases,25,2018,era5loc_2daae74efc65,POLAND,51.1,17.6,2018-05-14,35.0,37.0,2,1,2,0,0,True
BASF,calibration,basf-wheat-diseases|25|2018,era5loc_2daae74efc65|2018,basf-wheat-diseases,25,2018,era5loc_2daae74efc65,POLAND,51.1,17.6,2018-05-24,39.0,41.0,2,1,2,0,0,True
BASF,calibration,basf-wheat-diseases|25|2018,era5loc_2daae74efc65|2018,basf-wheat-diseases,25,2018,era5loc_2daae74efc65,POLAND,51.1,17.6,2018-06-01,39.0,41.0,4,1,4,0,0,True
BASF,calibration,basf-wheat-diseases|25|2018,era5loc_2daae74efc65|2018,basf-wheat-diseases,25,2018,era5loc_2daae74efc65,POLAND,51.1,17.6,2018-06-15,75.0,75.0,2,1,2,0,0,True
BASF,calibration,basf-wheat-diseases|26|2018,era5loc_cd0793ddaa5d|2018,basf-wheat-diseases,26,2018,era5loc_cd0793ddaa5d,POLAND,50.3,18.5,2018-05-16,37.0,37.0,1,1,1,0,0,True
BASF,calibration,basf-wheat-diseases|26|2018,era5loc_cd0793ddaa5d|2018,basf-wheat-diseases,26,2018,era5loc_cd0793ddaa5d,POLAND,50.3,18.5,2018-05-26,55.0,55.0,2,1,2,0,0,True
BASF,calibration,basf-wheat-diseases|26|2018,era5loc_cd0793ddaa5d|2018,basf-wheat-diseases,26,2018,era5loc_cd0793ddaa5d,POLAND,50.3,18.5,2018-06-05,65.0,65.0,2,1,2,0,0,True
BASF,calibration,basf-wheat-diseases|26|2018,era5loc_cd0793ddaa5d|2018,basf-wheat-diseases,26,2018,era5loc_cd0793ddaa5d,POLAND,50.3,18.5,2018-06-15,75.0,75.0,2,1,2,0,0,True
BASF,calibration,basf-wheat-diseases|27|2018,era5loc_1fa43db2787c|2018,basf-wheat-diseases,27,2018,era5loc_1fa43db2787c,POLAND,53.7,20.2,2018-05-16,32.0,37.0,2,1,2,0,0,True
BASF,calibration,basf-wheat-diseases|27|2018,era5loc_1fa43db2787c|2018,basf-wheat-diseases,27,2018,era5loc_1fa43db2787c,POLAND,53.7,20.2,2018-05-26,51.0,59.0,2,1,2,0,0,True
BASF,calibration,basf-wheat-diseases|27|2018,era5loc_1fa43db2787c|2018,basf-wheat-diseases,27,2018,era5loc_1fa43db2787c,POLAND,53.7,20.2,2018-06-05,65.0,67.0,2,1,2,0,0,True
BASF,calibration,basf-wheat-diseases|27|2018,era5loc_1fa43db2787c|2018,basf-wheat-diseases,27,2018,era5loc_1fa43db2787c,POLAND,53.7,20.2,2018-06-15,73.0,75.0,2,1,2,0,0,True
BASF,calibration,basf-wheat-diseases|27|2018,era5loc_1fa43db2787c|2018,basf-wheat-diseases,27,2018,era5loc_1fa43db2787c,POLAND,53.7,20.2,2018-06-25,83.0,85.0,2,1,2,0,0,True
BASF,calibration,basf-wheat-diseases|28|2018,era5loc_b103a5cbfed5|2018,basf-wheat-diseases,28,2018,era5loc_b103a5cbfed5,UNITED KINGDOM,51.7,-2.0,2018-05-01,31.0,32.0,3,1,3,0,0,True
BASF,calibration,basf-wheat-diseases|28|2018,era5loc_b103a5cbfed5|2018,basf-wheat-diseases,28,2018,era5loc_b103a5cbfed5,UNITED KINGDOM,51.7,-2.0,2018-05-11,33.0,37.0,3,1,3,0,0,True
BASF,calibration,basf-wheat-diseases|28|2018,era5loc_b103a5cbfed5|2018,basf-wheat-diseases,28,2018,era5loc_b103a5cbfed5,UNITED KINGDOM,51.7,-2.0,2018-05-21,37.0,39.0,2,1,2,0,0,True
BASF,calibration,basf-wheat-diseases|28|2018,era5loc_b103a5cbfed5|2018,basf-wheat-diseases,28,2018,era5loc_b103a5cbfed5,UNITED KINGDOM,51.7,-2.0,2018-06-01,49.0,55.0,3,1,3,0,0,True
BASF,calibration,basf-wheat-diseases|28|2018,era5loc_b103a5cbfed5|2018,basf-wheat-diseases,28,2018,era5loc_b103a5cbfed5,UNITED KINGDOM,51.7,-2.0,2018-06-14,61.0,65.0,3,1,3,0,0,True
BASF,calibration,basf-wheat-diseases|28|2018,era5loc_b103a5cbfed5|2018,basf-wheat-diseases,28,2018,era5loc_b103a5cbfed5,UNITED KINGDOM,51.7,-2.0,2018-06-23,71.0,73.0,3,1,3,0,0,True
BASF,calibration,basf-wheat-diseases|29|2018,era5loc_c273764268e2|2018,basf-wheat-diseases,29,2018,era5loc_c273764268e2,UNITED KINGDOM,52.7,0.9,2018-05-01,31.0,32.0,2,1,2,0,0,True
BASF,calibration,basf-wheat-diseases|29|2018,era5loc_c273764268e2|2018,basf-wheat-diseases,29,2018,era5loc_c273764268e2,UNITED KINGDOM,52.7,0.9,2018-05-11,37.0,39.0,2,1,2,0,0,True
BASF,calibration,basf-wheat-diseases|29|2018,era5loc_c273764268e2|2018,basf-wheat-diseases,29,2018,era5loc_c273764268e2,UNITED KINGDOM,52.7,0.9,2018-05-22,39.0,39.0,2,1,2,0,0,True
BASF,calibration,basf-wheat-diseases|2|2017,era5loc_98874af9c8d8|2017,basf-wheat-diseases,2,2017,era5loc_98874af9c8d8,GERMANY,54.0,12.6,2017-05-22,35.0,39.0,3,1,3,0,0,True
BASF,calibration,basf-wheat-diseases|2|2017,era5loc_98874af9c8d8|2017,basf-wheat-diseases,2,2017,era5loc_98874af9c8d8,GERMANY,54.0,12.6,2017-06-10,55.0,61.0,3,1,3,0,0,True
BASF,calibration,basf-wheat-diseases|2|2017,era5loc_98874af9c8d8|2017,basf-wheat-diseases,2,2017,era5loc_98874af9c8d8,GERMANY,54.0,12.6,2017-06-20,69.0,71.0,3,1,3,0,0,True
BASF,calibration,basf-wheat-diseases|2|2017,era5loc_98874af9c8d8|2017,basf-wheat-diseases,2,2017,era5loc_98874af9c8d8,GERMANY,54.0,12.6,2017-07-03,73.0,76.0,2,1,2,0,0,True
BASF,calibration,basf-wheat-diseases|30|2018,era5loc_300f965a2c3d|2018,basf-wheat-diseases,30,2018,era5loc_300f965a2c3d,UNITED KINGDOM,52.2,0.1,2018-06-01,39.0,45.0,1,1,1,0,0,True
BASF,calibration,basf-wheat-diseases|30|2018,era5loc_300f965a2c3d|2018,basf-wheat-diseases,30,2018,era5loc_300f965a2c3d,UNITED KINGDOM,52.2,0.1,2018-06-13,61.0,61.0,2,1,2,0,0,True
BASF,calibration,basf-wheat-diseases|30|2018,era5loc_300f965a2c3d|2018,basf-wheat-diseases,30,2018,era5loc_300f965a2c3d,UNITED KINGDOM,52.2,0.1,2018-06-20,69.0,69.0,2,1,2,0,0,True
BASF,calibration,basf-wheat-diseases|30|2018,era5loc_300f965a2c3d|2018,basf-wheat-diseases,30,2018,era5loc_300f965a2c3d,UNITED KINGDOM,52.2,0.1,2018-06-27,71.0,71.0,2,1,2,0,0,True
BASF,calibration,basf-wheat-diseases|4|2017,era5loc_a3b551fcca14|2017,basf-wheat-diseases,4,2017,era5loc_a3b551fcca14,GERMANY,51.7,12.1,2017-05-15,37.0,39.0,3,1,3,0,0,True
BASF,calibration,basf-wheat-diseases|4|2017,era5loc_a3b551fcca14|2017,basf-wheat-diseases,4,2017,era5loc_a3b551fcca14,GERMANY,51.7,12.1,2017-05-25,39.0,49.0,3,1,3,0,0,True
BASF,calibration,basf-wheat-diseases|4|2017,era5loc_a3b551fcca14|2017,basf-wheat-diseases,4,2017,era5loc_a3b551fcca14,GERMANY,51.7,12.1,2017-06-06,65.0,65.0,3,1,3,0,0,True
BASF,calibration,basf-wheat-diseases|5|2017,era5loc_d4b920707d9f|2017,basf-wheat-diseases,5,2017,era5loc_d4b920707d9f,GERMANY,52.4,9.6,2017-04-20,31.0,32.0,2,1,2,0,0,True
BASF,calibration,basf-wheat-diseases|5|2017,era5loc_d4b920707d9f|2017,basf-wheat-diseases,5,2017,era5loc_d4b920707d9f,GERMANY,52.4,9.6,2017-05-03,32.0,34.0,2,1,2,0,0,True
BASF,calibration,basf-wheat-diseases|5|2017,era5loc_d4b920707d9f|2017,basf-wheat-diseases,5,2017,era5loc_d4b920707d9f,GERMANY,52.4,9.6,2017-05-10,34.0,37.0,2,1,2,0,0,True
BASF,calibration,basf-wheat-diseases|5|2017,era5loc_d4b920707d9f|2017,basf-wheat-diseases,5,2017,era5loc_d4b920707d9f,GERMANY,52.4,9.6,2017-05-19,37.0,39.0,3,1,3,0,0,True
BASF,calibration,basf-wheat-diseases|5|2017,era5loc_d4b920707d9f|2017,basf-wheat-diseases,5,2017,era5loc_d4b920707d9f,GERMANY,52.4,9.6,2017-05-30,55.0,59.0,4,1,4,0,0,True
BASF,calibration,basf-wheat-diseases|5|2017,era5loc_d4b920707d9f|2017,basf-wheat-diseases,5,2017,era5loc_d4b920707d9f,GERMANY,52.4,9.6,2017-06-09,55.0,59.0,3,1,3,0,0,True
BASF,calibration,basf-wheat-diseases|5|2017,era5loc_d4b920707d9f|2017,basf-wheat-diseases,5,2017,era5loc_d4b920707d9f,GERMANY,52.4,9.6,2017-06-28,75.0,75.0,1,1,1,0,0,True
BASF,calibration,basf-wheat-diseases|6|2017,era5loc_374089cedfa0|2017,basf-wheat-diseases,6,2017,era5loc_374089cedfa0,FRANCE,46.9,-1.1,2017-04-20,37.0,39.0,3,1,3,0,0,True
BASF,calibration,basf-wheat-diseases|6|2017,era5loc_374089cedfa0|2017,basf-wheat-diseases,6,2017,era5loc_374089cedfa0,FRANCE,46.9,-1.1,2017-05-03,41.0,45.0,2,1,2,0,0,True
BASF,calibration,basf-wheat-diseases|6|2017,era5loc_374089cedfa0|2017,basf-wheat-diseases,6,2017,era5loc_374089cedfa0,FRANCE,46.9,-1.1,2017-05-11,51.0,55.0,2,1,2,0,0,True
BASF,calibration,basf-wheat-diseases|6|2017,era5loc_374089cedfa0|2017,basf-wheat-diseases,6,2017,era5loc_374089cedfa0,FRANCE,46.9,-1.1,2017-06-09,75.0,75.0,2,1,2,0,0,True
BASF,calibration,basf-wheat-diseases|76|2017,era5loc_6687f40ce729|2017,basf-wheat-diseases,76,2017,era5loc_6687f40ce729,UNITED KINGDOM,51.7,-1.9,2017-06-01,53.0,57.0,2,1,2,0,0,True
BASF,calibration,basf-wheat-diseases|76|2017,era5loc_6687f40ce729|2017,basf-wheat-diseases,76,2017,era5loc_6687f40ce729,UNITED KINGDOM,51.7,-1.9,2017-06-22,65.0,69.0,2,1,2,0,0,True
BASF,calibration,basf-wheat-diseases|7|2017,era5loc_fc0f9359f228|2017,basf-wheat-diseases,7,2017,era5loc_fc0f9359f228,FRANCE,47.9,1.6,2017-05-15,47.0,,3,1,0,3,0,True
BASF,calibration,basf-wheat-diseases|7|2017,era5loc_fc0f9359f228|2017,basf-wheat-diseases,7,2017,era5loc_fc0f9359f228,FRANCE,47.9,1.6,2017-06-06,71.0,75.0,2,1,2,0,0,True
BASF,calibration,basf-wheat-diseases|7|2017,era5loc_fc0f9359f228|2017,basf-wheat-diseases,7,2017,era5loc_fc0f9359f228,FRANCE,47.9,1.6,2017-06-13,75.0,,2,1,0,2,0,True
BASF,calibration,basf-wheat-diseases|8|2017,era5loc_d6117aa4523b|2017,basf-wheat-diseases,8,2017,era5loc_d6117aa4523b,FRANCE,48.0,1.8,2017-05-24,65.0,,2,1,0,2,0,True
BASF,calibration,basf-wheat-diseases|8|2017,era5loc_d6117aa4523b|2017,basf-wheat-diseases,8,2017,era5loc_d6117aa4523b,FRANCE,48.0,1.8,2017-05-31,65.0,69.0,2,2,1,1,0,True
BASF,calibration,basf-wheat-diseases|8|2017,era5loc_d6117aa4523b|2017,basf-wheat-diseases,8,2017,era5loc_d6117aa4523b,FRANCE,48.0,1.8,2017-06-07,71.0,,2,1,0,2,0,True
BASF,calibration,basf-wheat-diseases|8|2017,era5loc_d6117aa4523b|2017,basf-wheat-diseases,8,2017,era5loc_d6117aa4523b,FRANCE,48.0,1.8,2017-06-14,75.0,,2,1,0,2,0,True
BASF,calibration,basf-wheat-diseases|9|2017,era5loc_23eef231ea98|2017,basf-wheat-diseases,9,2017,era5loc_23eef231ea98,FRANCE,49.8,2.9,2017-05-23,45.0,49.0,3,1,3,0,0,True
BASF,calibration,basf-wheat-diseases|9|2017,era5loc_23eef231ea98|2017,basf-wheat-diseases,9,2017,era5loc_23eef231ea98,FRANCE,49.8,2.9,2017-06-07,69.0,69.0,2,1,2,0,0,True
BASF,calibration,basf-wheat-diseases|9|2017,era5loc_23eef231ea98|2017,basf-wheat-diseases,9,2017,era5loc_23eef231ea98,FRANCE,49.8,2.9,2017-06-16,73.0,,2,1,0,2,0,True
BASF,calibration,basf-wheat-diseases|9|2017,era5loc_23eef231ea98|2017,basf-wheat-diseases,9,2017,era5loc_23eef231ea98,FRANCE,49.8,2.9,2017-06-28,75.0,,1,1,0,1,0,True
BASF,reused_development_2019,basf-wheat-diseases|31|2019,era5loc_fd369bfefe0b|2019,basf-wheat-diseases,31,2019,era5loc_fd369bfefe0b,BULGARIA,43.3,25.0,2019-05-02,38.0,40.0,1,1,1,0,0,True
BASF,reused_development_2019,basf-wheat-diseases|31|2019,era5loc_fd369bfefe0b|2019,basf-wheat-diseases,31,2019,era5loc_fd369bfefe0b,BULGARIA,43.3,25.0,2019-05-12,49.0,55.0,2,1,2,0,0,True
BASF,reused_development_2019,basf-wheat-diseases|31|2019,era5loc_fd369bfefe0b|2019,basf-wheat-diseases,31,2019,era5loc_fd369bfefe0b,BULGARIA,43.3,25.0,2019-05-22,64.0,66.0,2,1,2,0,0,True
BASF,reused_development_2019,basf-wheat-diseases|31|2019,era5loc_fd369bfefe0b|2019,basf-wheat-diseases,31,2019,era5loc_fd369bfefe0b,BULGARIA,43.3,25.0,2019-06-01,69.0,72.0,2,1,2,0,0,True
BASF,reused_development_2019,basf-wheat-diseases|31|2019,era5loc_fd369bfefe0b|2019,basf-wheat-diseases,31,2019,era5loc_fd369bfefe0b,BULGARIA,43.3,25.0,2019-06-07,74.0,76.0,2,1,2,0,0,True
BASF,reused_development_2019,basf-wheat-diseases|31|2019,era5loc_fd369bfefe0b|2019,basf-wheat-diseases,31,2019,era5loc_fd369bfefe0b,BULGARIA,43.3,25.0,2019-06-11,75.0,77.0,2,1,2,0,0,True
BASF,reused_development_2019,basf-wheat-diseases|32|2019,era5loc_fd369bfefe0b|2019,basf-wheat-diseases,32,2019,era5loc_fd369bfefe0b,BULGARIA,43.3,25.0,2019-05-02,38.0,40.0,1,1,1,0,0,True
BASF,reused_development_2019,basf-wheat-diseases|32|2019,era5loc_fd369bfefe0b|2019,basf-wheat-diseases,32,2019,era5loc_fd369bfefe0b,BULGARIA,43.3,25.0,2019-05-12,49.0,55.0,2,1,2,0,0,True
BASF,reused_development_2019,basf-wheat-diseases|32|2019,era5loc_fd369bfefe0b|2019,basf-wheat-diseases,32,2019,era5loc_fd369bfefe0b,BULGARIA,43.3,25.0,2019-05-22,64.0,66.0,2,1,2,0,0,True
BASF,reused_development_2019,basf-wheat-diseases|32|2019,era5loc_fd369bfefe0b|2019,basf-wheat-diseases,32,2019,era5loc_fd369bfefe0b,BULGARIA,43.3,25.0,2019-06-01,69.0,72.0,2,1,2,0,0,True
BASF,reused_development_2019,basf-wheat-diseases|32|2019,era5loc_fd369bfefe0b|2019,basf-wheat-diseases,32,2019,era5loc_fd369bfefe0b,BULGARIA,43.3,25.0,2019-06-07,74.0,76.0,2,1,2,0,0,True
BASF,reused_development_2019,basf-wheat-diseases|32|2019,era5loc_fd369bfefe0b|2019,basf-wheat-diseases,32,2019,era5loc_fd369bfefe0b,BULGARIA,43.3,25.0,2019-06-10,74.0,76.0,1,1,1,0,0,True
BASF,reused_development_2019,basf-wheat-diseases|33|2019,era5loc_fd369bfefe0b|2019,basf-wheat-diseases,33,2019,era5loc_fd369bfefe0b,BULGARIA,43.3,25.0,2019-05-15,55.0,60.0,2,1,2,0,0,True
BASF,reused_development_2019,basf-wheat-diseases|33|2019,era5loc_fd369bfefe0b|2019,basf-wheat-diseases,33,2019,era5loc_fd369bfefe0b,BULGARIA,43.3,25.0,2019-05-25,66.0,69.0,3,1,3,0,0,True
BASF,reused_development_2019,basf-wheat-diseases|33|2019,era5loc_fd369bfefe0b|2019,basf-wheat-diseases,33,2019,era5loc_fd369bfefe0b,BULGARIA,43.3,25.0,2019-06-04,69.0,72.0,2,1,2,0,0,True
BASF,reused_development_2019,basf-wheat-diseases|33|2019,era5loc_fd369bfefe0b|2019,basf-wheat-diseases,33,2019,era5loc_fd369bfefe0b,BULGARIA,43.3,25.0,2019-06-11,74.0,76.0,2,1,2,0,0,True
BASF,reused_development_2019,basf-wheat-diseases|34|2019,era5loc_fd369bfefe0b|2019,basf-wheat-diseases,34,2019,era5loc_fd369bfefe0b,BULGARIA,43.3,25.0,2019-05-15,55.0,60.0,2,1,2,0,0,True
BASF,reused_development_2019,basf-wheat-diseases|34|2019,era5loc_fd369bfefe0b|2019,basf-wheat-diseases,34,2019,era5loc_fd369bfefe0b,BULGARIA,43.3,25.0,2019-05-25,66.0,69.0,3,1,3,0,0,True
BASF,reused_development_2019,basf-wheat-diseases|34|2019,era5loc_fd369bfefe0b|2019,basf-wheat-diseases,34,2019,era5loc_fd369bfefe0b,BULGARIA,43.3,25.0,2019-06-04,69.0,72.0,3,1,3,0,0,True
BASF,reused_development_2019,basf-wheat-diseases|34|2019,era5loc_fd369bfefe0b|2019,basf-wheat-diseases,34,2019,era5loc_fd369bfefe0b,BULGARIA,43.3,25.0,2019-06-11,74.0,76.0,2,1,2,0,0,True
BASF,reused_development_2019,basf-wheat-diseases|35|2019,era5loc_cb5f84b33b84|2019,basf-wheat-diseases,35,2019,era5loc_cb5f84b33b84,CZECH REPUBLIC,49.5,17.4,2019-05-17,37.0,39.0,3,1,3,0,0,True
BASF,reused_development_2019,basf-wheat-diseases|35|2019,era5loc_cb5f84b33b84|2019,basf-wheat-diseases,35,2019,era5loc_cb5f84b33b84,CZECH REPUBLIC,49.5,17.4,2019-05-27,43.0,51.0,3,1,3,0,0,True
BASF,reused_development_2019,basf-wheat-diseases|35|2019,era5loc_cb5f84b33b84|2019,basf-wheat-diseases,35,2019,era5loc_cb5f84b33b84,CZECH REPUBLIC,49.5,17.4,2019-06-06,65.0,67.0,3,1,3,0,0,True
BASF,reused_development_2019,basf-wheat-diseases|35|2019,era5loc_cb5f84b33b84|2019,basf-wheat-diseases,35,2019,era5loc_cb5f84b33b84,CZECH REPUBLIC,49.5,17.4,2019-06-14,71.0,73.0,2,1,2,0,0,True
BASF,reused_development_2019,basf-wheat-diseases|35|2019,era5loc_cb5f84b33b84|2019,basf-wheat-diseases,35,2019,era5loc_cb5f84b33b84,CZECH REPUBLIC,49.5,17.4,2019-06-24,75.0,75.0,2,1,2,0,0,True
BASF,reused_development_2019,basf-wheat-diseases|36|2019,era5loc_db02c17f88dd|2019,basf-wheat-diseases,36,2019,era5loc_db02c17f88dd,GERMANY,51.0,6.6,2019-06-10,61.0,61.0,1,1,1,0,0,True
BASF,reused_development_2019,basf-wheat-diseases|36|2019,era5loc_db02c17f88dd|2019,basf-wheat-diseases,36,2019,era5loc_db02c17f88dd,GERMANY,51.0,6.6,2019-06-19,69.0,71.0,2,1,2,0,0,True
BASF,reused_development_2019,basf-wheat-diseases|36|2019,era5loc_db02c17f88dd|2019,basf-wheat-diseases,36,2019,era5loc_db02c17f88dd,GERMANY,51.0,6.6,2019-06-28,75.0,75.0,1,1,1,0,0,True
BASF,reused_development_2019,basf-wheat-diseases|37|2019,era5loc_9133f3b467ce|2019,basf-wheat-diseases,37,2019,era5loc_9133f3b467ce,GERMANY,51.6,8.2,2019-05-17,37.0,39.0,4,1,4,0,0,True
BASF,reused_development_2019,basf-wheat-diseases|37|2019,era5loc_9133f3b467ce|2019,basf-wheat-diseases,37,2019,era5loc_9133f3b467ce,GERMANY,51.6,8.2,2019-06-05,65.0,65.0,3,1,3,0,0,True
BASF,reused_development_2019,basf-wheat-diseases|37|2019,era5loc_9133f3b467ce|2019,basf-wheat-diseases,37,2019,era5loc_9133f3b467ce,GERMANY,51.6,8.2,2019-06-24,75.0,75.0,3,1,3,0,0,True
BASF,reused_development_2019,basf-wheat-diseases|38|2019,era5loc_760a53435625|2019,basf-wheat-diseases,38,2019,era5loc_760a53435625,GERMANY,49.6,10.9,2019-05-24,49.0,51.0,4,1,4,0,0,True
BASF,reused_development_2019,basf-wheat-diseases|38|2019,era5loc_760a53435625|2019,basf-wheat-diseases,38,2019,era5loc_760a53435625,GERMANY,49.6,10.9,2019-06-11,69.0,70.0,3,1,3,0,0,True
BASF,reused_development_2019,basf-wheat-diseases|38|2019,era5loc_760a53435625|2019,basf-wheat-diseases,38,2019,era5loc_760a53435625,GERMANY,49.6,10.9,2019-06-17,70.0,72.0,2,1,2,0,0,True
BASF,reused_development_2019,basf-wheat-diseases|39|2019,era5loc_9bab3d8b45e2|2019,basf-wheat-diseases,39,2019,era5loc_9bab3d8b45e2,GERMANY,52.8,8.2,2019-06-20,69.0,71.0,3,1,3,0,0,True
BASF,reused_development_2019,basf-wheat-diseases|40|2019,era5loc_4377e8a5ddaf|2019,basf-wheat-diseases,40,2019,era5loc_4377e8a5ddaf,DENMARK,55.6,11.7,2019-05-31,49.0,53.0,1,1,1,0,0,True
BASF,reused_development_2019,basf-wheat-diseases|40|2019,era5loc_4377e8a5ddaf|2019,basf-wheat-diseases,40,2019,era5loc_4377e8a5ddaf,DENMARK,55.6,11.7,2019-06-10,63.0,67.0,2,1,2,0,0,True
BASF,reused_development_2019,basf-wheat-diseases|40|2019,era5loc_4377e8a5ddaf|2019,basf-wheat-diseases,40,2019,era5loc_4377e8a5ddaf,DENMARK,55.6,11.7,2019-06-21,69.0,71.0,3,1,3,0,0,True
BASF,reused_development_2019,basf-wheat-diseases|40|2019,era5loc_4377e8a5ddaf|2019,basf-wheat-diseases,40,2019,era5loc_4377e8a5ddaf,DENMARK,55.6,11.7,2019-07-01,73.0,75.0,2,1,2,0,0,True
BASF,reused_development_2019,basf-wheat-diseases|41|2019,era5loc_4c053f3e1d9b|2019,basf-wheat-diseases,41,2019,era5loc_4c053f3e1d9b,DENMARK,55.7,11.7,2019-05-24,47.0,51.0,1,1,1,0,0,True
BASF,reused_development_2019,basf-wheat-diseases|41|2019,era5loc_4c053f3e1d9b|2019,basf-wheat-diseases,41,2019,era5loc_4c053f3e1d9b,DENMARK,55.7,11.7,2019-06-03,57.0,59.0,1,1,1,0,0,True
BASF,reused_development_2019,basf-wheat-diseases|41|2019,era5loc_4c053f3e1d9b|2019,basf-wheat-diseases,41,2019,era5loc_4c053f3e1d9b,DENMARK,55.7,11.7,2019-06-19,69.0,71.0,2,1,2,0,0,True
BASF,reused_development_2019,basf-wheat-diseases|41|2019,era5loc_4c053f3e1d9b|2019,basf-wheat-diseases,41,2019,era5loc_4c053f3e1d9b,DENMARK,55.7,11.7,2019-06-28,75.0,77.0,2,1,2,0,0,True
BASF,reused_development_2019,basf-wheat-diseases|42|2019,era5loc_2510b95b8598|2019,basf-wheat-diseases,42,2019,era5loc_2510b95b8598,FRANCE,50.5,2.5,2019-05-24,45.0,,3,1,0,3,0,True
BASF,reused_development_2019,basf-wheat-diseases|42|2019,era5loc_2510b95b8598|2019,basf-wheat-diseases,42,2019,era5loc_2510b95b8598,FRANCE,50.5,2.5,2019-06-28,75.0,,2,1,0,2,0,True
BASF,reused_development_2019,basf-wheat-diseases|43|2019,era5loc_23eef231ea98|2019,basf-wheat-diseases,43,2019,era5loc_23eef231ea98,FRANCE,49.8,2.9,2019-05-13,39.0,39.0,3,1,3,0,0,True
BASF,reused_development_2019,basf-wheat-diseases|43|2019,era5loc_23eef231ea98|2019,basf-wheat-diseases,43,2019,era5loc_23eef231ea98,FRANCE,49.8,2.9,2019-06-03,61.0,65.0,2,1,2,0,0,True
BASF,reused_development_2019,basf-wheat-diseases|43|2019,era5loc_23eef231ea98|2019,basf-wheat-diseases,43,2019,era5loc_23eef231ea98,FRANCE,49.8,2.9,2019-06-20,75.0,,2,1,0,2,0,True
BASF,reused_development_2019,basf-wheat-diseases|44|2019,era5loc_4d66a38d70e0|2019,basf-wheat-diseases,44,2019,era5loc_4d66a38d70e0,FRANCE,50.4,2.6,2019-05-21,39.0,41.0,3,1,3,0,0,True
BASF,reused_development_2019,basf-wheat-diseases|44|2019,era5loc_4d66a38d70e0|2019,basf-wheat-diseases,44,2019,era5loc_4d66a38d70e0,FRANCE,50.4,2.6,2019-06-04,61.0,63.0,2,1,2,0,0,True
BASF,reused_development_2019,basf-wheat-diseases|44|2019,era5loc_4d66a38d70e0|2019,basf-wheat-diseases,44,2019,era5loc_4d66a38d70e0,FRANCE,50.4,2.6,2019-06-14,69.0,73.0,2,1,2,0,0,True
BASF,reused_development_2019,basf-wheat-diseases|44|2019,era5loc_4d66a38d70e0|2019,basf-wheat-diseases,44,2019,era5loc_4d66a38d70e0,FRANCE,50.4,2.6,2019-07-02,75.0,79.0,2,1,2,0,0,True
BASF,reused_development_2019,basf-wheat-diseases|45|2019,era5loc_9df6a8624376|2019,basf-wheat-diseases,45,2019,era5loc_9df6a8624376,FRANCE,48.0,-2.4,2019-04-29,41.0,43.0,4,1,4,0,0,True
BASF,reused_development_2019,basf-wheat-diseases|45|2019,era5loc_9df6a8624376|2019,basf-wheat-diseases,45,2019,era5loc_9df6a8624376,FRANCE,48.0,-2.4,2019-05-13,55.0,57.0,4,1,4,0,0,True
BASF,reused_development_2019,basf-wheat-diseases|45|2019,era5loc_9df6a8624376|2019,basf-wheat-diseases,45,2019,era5loc_9df6a8624376,FRANCE,48.0,-2.4,2019-05-23,65.0,65.0,4,1,4,0,0,True
BASF,reused_development_2019,basf-wheat-diseases|45|2019,era5loc_9df6a8624376|2019,basf-wheat-diseases,45,2019,era5loc_9df6a8624376,FRANCE,48.0,-2.4,2019-06-14,75.0,77.0,3,1,3,0,0,True
BASF,reused_development_2019,basf-wheat-diseases|45|2019,era5loc_9df6a8624376|2019,basf-wheat-diseases,45,2019,era5loc_9df6a8624376,FRANCE,48.0,-2.4,2019-06-24,77.0,80.0,2,1,2,0,0,True
BASF,reused_development_2019,basf-wheat-diseases|46|2019,era5loc_d6117aa4523b|2019,basf-wheat-diseases,46,2019,era5loc_d6117aa4523b,FRANCE,48.0,1.8,2019-06-24,75.0,,2,1,0,2,0,True
BASF,reused_development_2019,basf-wheat-diseases|47|2019,era5loc_23eef231ea98|2019,basf-wheat-diseases,47,2019,era5loc_23eef231ea98,FRANCE,49.8,2.9,2019-06-14,69.0,,2,1,0,2,0,True
BASF,reused_development_2019,basf-wheat-diseases|47|2019,era5loc_23eef231ea98|2019,basf-wheat-diseases,47,2019,era5loc_23eef231ea98,FRANCE,49.8,2.9,2019-06-26,75.0,,2,1,0,2,0,True
BASF,reused_development_2019,basf-wheat-diseases|48|2019,era5loc_2daae74efc65|2019,basf-wheat-diseases,48,2019,era5loc_2daae74efc65,POLAND,51.1,17.6,2019-05-16,37.0,39.0,2,1,2,0,0,True
BASF,reused_development_2019,basf-wheat-diseases|48|2019,era5loc_2daae74efc65|2019,basf-wheat-diseases,48,2019,era5loc_2daae74efc65,POLAND,51.1,17.6,2019-05-27,39.0,47.0,4,1,4,0,0,True
BASF,reused_development_2019,basf-wheat-diseases|48|2019,era5loc_2daae74efc65|2019,basf-wheat-diseases,48,2019,era5loc_2daae74efc65,POLAND,51.1,17.6,2019-06-07,64.0,66.0,3,1,3,0,0,True
BASF,reused_development_2019,basf-wheat-diseases|48|2019,era5loc_2daae74efc65|2019,basf-wheat-diseases,48,2019,era5loc_2daae74efc65,POLAND,51.1,17.6,2019-06-20,75.0,75.0,2,1,2,0,0,True
BASF,reused_development_2019,basf-wheat-diseases|49|2019,era5loc_9fdbe521e986|2019,basf-wheat-diseases,49,2019,era5loc_9fdbe521e986,POLAND,52.5,16.7,2019-05-17,37.0,39.0,1,1,1,0,0,True
BASF,reused_development_2019,basf-wheat-diseases|49|2019,era5loc_9fdbe521e986|2019,basf-wheat-diseases,49,2019,era5loc_9fdbe521e986,POLAND,52.5,16.7,2019-05-27,39.0,49.0,1,1,1,0,0,True
BASF,reused_development_2019,basf-wheat-diseases|49|2019,era5loc_9fdbe521e986|2019,basf-wheat-diseases,49,2019,era5loc_9fdbe521e986,POLAND,52.5,16.7,2019-06-06,61.0,63.0,2,1,2,0,0,True
BASF,reused_development_2019,basf-wheat-diseases|49|2019,era5loc_9fdbe521e986|2019,basf-wheat-diseases,49,2019,era5loc_9fdbe521e986,POLAND,52.5,16.7,2019-06-17,67.0,71.0,2,1,2,0,0,True
BASF,reused_development_2019,basf-wheat-diseases|49|2019,era5loc_9fdbe521e986|2019,basf-wheat-diseases,49,2019,era5loc_9fdbe521e986,POLAND,52.5,16.7,2019-06-21,75.0,77.0,2,1,2,0,0,True
BASF,reused_development_2019,basf-wheat-diseases|50|2019,era5loc_9d13b5d9fd0b|2019,basf-wheat-diseases,50,2019,era5loc_9d13b5d9fd0b,POLAND,52.1,17.2,2019-05-24,41.0,41.0,1,1,1,0,0,True
BASF,reused_development_2019,basf-wheat-diseases|50|2019,era5loc_9d13b5d9fd0b|2019,basf-wheat-diseases,50,2019,era5loc_9d13b5d9fd0b,POLAND,52.1,17.2,2019-06-03,65.0,65.0,1,1,1,0,0,True
BASF,reused_development_2019,basf-wheat-diseases|50|2019,era5loc_9d13b5d9fd0b|2019,basf-wheat-diseases,50,2019,era5loc_9d13b5d9fd0b,POLAND,52.1,17.2,2019-06-13,75.0,75.0,1,1,1,0,0,True
BASF,reused_development_2019,basf-wheat-diseases|51|2019,era5loc_cd0793ddaa5d|2019,basf-wheat-diseases,51,2019,era5loc_cd0793ddaa5d,POLAND,50.3,18.5,2019-06-03,51.0,55.0,2,1,2,0,0,True
BASF,reused_development_2019,basf-wheat-diseases|51|2019,era5loc_cd0793ddaa5d|2019,basf-wheat-diseases,51,2019,era5loc_cd0793ddaa5d,POLAND,50.3,18.5,2019-06-13,67.0,71.0,2,1,2,0,0,True
BASF,reused_development_2019,basf-wheat-diseases|51|2019,era5loc_cd0793ddaa5d|2019,basf-wheat-diseases,51,2019,era5loc_cd0793ddaa5d,POLAND,50.3,18.5,2019-06-23,75.0,75.0,1,1,1,0,0,True
BASF,reused_development_2019,basf-wheat-diseases|52|2019,era5loc_78c989c1d3e9|2019,basf-wheat-diseases,52,2019,era5loc_78c989c1d3e9,POLAND,52.8,16.9,2019-05-21,55.0,59.0,1,1,1,0,0,True
BASF,reused_development_2019,basf-wheat-diseases|52|2019,era5loc_78c989c1d3e9|2019,basf-wheat-diseases,52,2019,era5loc_78c989c1d3e9,POLAND,52.8,16.9,2019-05-31,61.0,69.0,2,1,2,0,0,True
BASF,reused_development_2019,basf-wheat-diseases|52|2019,era5loc_78c989c1d3e9|2019,basf-wheat-diseases,52,2019,era5loc_78c989c1d3e9,POLAND,52.8,16.9,2019-06-10,71.0,73.0,2,1,2,0,0,True
BASF,reused_development_2019,basf-wheat-diseases|52|2019,era5loc_78c989c1d3e9|2019,basf-wheat-diseases,52,2019,era5loc_78c989c1d3e9,POLAND,52.8,16.9,2019-06-20,75.0,77.0,2,1,2,0,0,True
BASF,reused_development_2019,basf-wheat-diseases|53|2019,era5loc_9d012f0ef4a2|2019,basf-wheat-diseases,53,2019,era5loc_9d012f0ef4a2,POLAND,53.2,17.7,2019-05-30,47.0,49.0,1,1,1,0,0,True
BASF,reused_development_2019,basf-wheat-diseases|53|2019,era5loc_9d012f0ef4a2|2019,basf-wheat-diseases,53,2019,era5loc_9d012f0ef4a2,POLAND,53.2,17.7,2019-06-10,59.0,65.0,1,1,1,0,0,True
BASF,reused_development_2019,basf-wheat-diseases|53|2019,era5loc_9d012f0ef4a2|2019,basf-wheat-diseases,53,2019,era5loc_9d012f0ef4a2,POLAND,53.2,17.7,2019-06-20,71.0,75.0,1,1,1,0,0,True
BASF,reused_development_2019,basf-wheat-diseases|54|2019,era5loc_c56b2d917d25|2019,basf-wheat-diseases,54,2019,era5loc_c56b2d917d25,POLAND,52.6,16.4,2019-06-13,71.0,71.0,2,2,2,0,0,True
BASF,reused_development_2019,basf-wheat-diseases|55|2019,era5loc_9d13b5d9fd0b|2019,basf-wheat-diseases,55,2019,era5loc_9d13b5d9fd0b,POLAND,52.1,17.2,2019-05-21,30.0,49.0,1,1,1,0,0,True
BASF,reused_development_2019,basf-wheat-diseases|55|2019,era5loc_9d13b5d9fd0b|2019,basf-wheat-diseases,55,2019,era5loc_9d13b5d9fd0b,POLAND,52.1,17.2,2019-05-31,59.0,61.0,1,1,1,0,0,True
BASF,reused_development_2019,basf-wheat-diseases|55|2019,era5loc_9d13b5d9fd0b|2019,basf-wheat-diseases,55,2019,era5loc_9d13b5d9fd0b,POLAND,52.1,17.2,2019-06-11,73.0,73.0,1,1,1,0,0,True
BASF,reused_development_2019,basf-wheat-diseases|55|2019,era5loc_9d13b5d9fd0b|2019,basf-wheat-diseases,55,2019,era5loc_9d13b5d9fd0b,POLAND,52.1,17.2,2019-06-17,75.0,75.0,1,1,1,0,0,True
BASF,reused_development_2019,basf-wheat-diseases|56|2019,era5loc_cd0793ddaa5d|2019,basf-wheat-diseases,56,2019,era5loc_cd0793ddaa5d,POLAND,50.3,18.5,2019-05-30,49.0,49.0,1,1,1,0,0,True
BASF,reused_development_2019,basf-wheat-diseases|56|2019,era5loc_cd0793ddaa5d|2019,basf-wheat-diseases,56,2019,era5loc_cd0793ddaa5d,POLAND,50.3,18.5,2019-06-09,61.0,61.0,2,1,2,0,0,True
BASF,reused_development_2019,basf-wheat-diseases|56|2019,era5loc_cd0793ddaa5d|2019,basf-wheat-diseases,56,2019,era5loc_cd0793ddaa5d,POLAND,50.3,18.5,2019-06-19,69.0,69.0,2,1,2,0,0,True
BASF,reused_development_2019,basf-wheat-diseases|56|2019,era5loc_cd0793ddaa5d|2019,basf-wheat-diseases,56,2019,era5loc_cd0793ddaa5d,POLAND,50.3,18.5,2019-06-28,75.0,75.0,1,1,1,0,0,True
BASF,reused_development_2019,basf-wheat-diseases|57|2019,era5loc_9d012f0ef4a2|2019,basf-wheat-diseases,57,2019,era5loc_9d012f0ef4a2,POLAND,53.2,17.7,2019-05-30,47.0,49.0,1,1,1,0,0,True
BASF,reused_development_2019,basf-wheat-diseases|57|2019,era5loc_9d012f0ef4a2|2019,basf-wheat-diseases,57,2019,era5loc_9d012f0ef4a2,POLAND,53.2,17.7,2019-06-10,59.0,65.0,1,1,1,0,0,True
BASF,reused_development_2019,basf-wheat-diseases|57|2019,era5loc_9d012f0ef4a2|2019,basf-wheat-diseases,57,2019,era5loc_9d012f0ef4a2,POLAND,53.2,17.7,2019-06-20,71.0,75.0,1,1,1,0,0,True
BASF,reused_development_2019,basf-wheat-diseases|58|2019,era5loc_19510a54e230|2019,basf-wheat-diseases,58,2019,era5loc_19510a54e230,POLAND,52.5,16.6,2019-06-17,75.0,75.0,2,1,2,0,0,True
BASF,reused_development_2019,basf-wheat-diseases|59|2019,era5loc_b4c23217b405|2019,basf-wheat-diseases,59,2019,era5loc_b4c23217b405,POLAND,52.1,17.3,2019-05-24,41.0,41.0,1,1,1,0,0,True
BASF,reused_development_2019,basf-wheat-diseases|59|2019,era5loc_b4c23217b405|2019,basf-wheat-diseases,59,2019,era5loc_b4c23217b405,POLAND,52.1,17.3,2019-06-03,65.0,65.0,1,1,1,0,0,True
BASF,reused_development_2019,basf-wheat-diseases|59|2019,era5loc_b4c23217b405|2019,basf-wheat-diseases,59,2019,era5loc_b4c23217b405,POLAND,52.1,17.3,2019-06-13,75.0,75.0,1,1,1,0,0,True
BASF,reused_development_2019,basf-wheat-diseases|60|2019,era5loc_9ed293651491|2019,basf-wheat-diseases,60,2019,era5loc_9ed293651491,ROMANIA,44.5,26.6,2019-05-04,49.0,51.0,4,1,4,0,0,True
BASF,reused_development_2019,basf-wheat-diseases|60|2019,era5loc_9ed293651491|2019,basf-wheat-diseases,60,2019,era5loc_9ed293651491,ROMANIA,44.5,26.6,2019-05-14,61.0,63.0,3,1,3,0,0,True
BASF,reused_development_2019,basf-wheat-diseases|60|2019,era5loc_9ed293651491|2019,basf-wheat-diseases,60,2019,era5loc_9ed293651491,ROMANIA,44.5,26.6,2019-05-24,67.0,69.0,3,1,3,0,0,True
BASF,reused_development_2019,basf-wheat-diseases|60|2019,era5loc_9ed293651491|2019,basf-wheat-diseases,60,2019,era5loc_9ed293651491,ROMANIA,44.5,26.6,2019-06-03,75.0,75.0,2,1,2,0,0,True
BASF,reused_development_2019,basf-wheat-diseases|61|2019,era5loc_593fa6c9da77|2019,basf-wheat-diseases,61,2019,era5loc_593fa6c9da77,ROMANIA,44.2,26.4,2019-05-15,53.0,55.0,4,1,4,0,0,True
BASF,reused_development_2019,basf-wheat-diseases|61|2019,era5loc_593fa6c9da77|2019,basf-wheat-diseases,61,2019,era5loc_593fa6c9da77,ROMANIA,44.2,26.4,2019-05-25,63.0,65.0,3,1,3,0,0,True
BASF,reused_development_2019,basf-wheat-diseases|61|2019,era5loc_593fa6c9da77|2019,basf-wheat-diseases,61,2019,era5loc_593fa6c9da77,ROMANIA,44.2,26.4,2019-06-05,71.0,73.0,3,1,3,0,0,True
BASF,reused_development_2019,basf-wheat-diseases|62|2019,era5loc_4a011e9da15d|2019,basf-wheat-diseases,62,2019,era5loc_4a011e9da15d,SLOWAKIA,48.6,19.3,2019-05-15,41.0,43.0,1,1,1,0,0,True
BASF,reused_development_2019,basf-wheat-diseases|62|2019,era5loc_4a011e9da15d|2019,basf-wheat-diseases,62,2019,era5loc_4a011e9da15d,SLOWAKIA,48.6,19.3,2019-05-24,51.0,51.0,1,1,1,0,0,True
BASF,reused_development_2019,basf-wheat-diseases|62|2019,era5loc_4a011e9da15d|2019,basf-wheat-diseases,62,2019,era5loc_4a011e9da15d,SLOWAKIA,48.6,19.3,2019-06-04,69.0,69.0,1,1,1,0,0,True
BASF,reused_development_2019,basf-wheat-diseases|62|2019,era5loc_4a011e9da15d|2019,basf-wheat-diseases,62,2019,era5loc_4a011e9da15d,SLOWAKIA,48.6,19.3,2019-06-14,71.0,71.0,3,1,3,0,0,True
BASF,reused_development_2019,basf-wheat-diseases|62|2019,era5loc_4a011e9da15d|2019,basf-wheat-diseases,62,2019,era5loc_4a011e9da15d,SLOWAKIA,48.6,19.3,2019-06-24,75.0,75.0,1,1,1,0,0,True
BASF,reused_development_2019,basf-wheat-diseases|63|2019,era5loc_9361a9333e61|2019,basf-wheat-diseases,63,2019,era5loc_9361a9333e61,SLOWAKIA,49.2,20.5,2019-07-10,73.0,75.0,1,1,1,0,0,True
BASF,reused_development_2019,basf-wheat-diseases|64|2019,era5loc_06e6805bbcce|2019,basf-wheat-diseases,64,2019,era5loc_06e6805bbcce,SLOWAKIA,48.8,21.4,2019-05-27,57.0,59.0,2,1,2,0,0,True
BASF,reused_development_2019,basf-wheat-diseases|64|2019,era5loc_06e6805bbcce|2019,basf-wheat-diseases,64,2019,era5loc_06e6805bbcce,SLOWAKIA,48.8,21.4,2019-06-08,69.0,69.0,1,1,1,0,0,True
BASF,reused_development_2019,basf-wheat-diseases|64|2019,era5loc_06e6805bbcce|2019,basf-wheat-diseases,64,2019,era5loc_06e6805bbcce,SLOWAKIA,48.8,21.4,2019-06-16,72.0,74.0,1,1,1,0,0,True
BASF,reused_development_2019,basf-wheat-diseases|64|2019,era5loc_06e6805bbcce|2019,basf-wheat-diseases,64,2019,era5loc_06e6805bbcce,SLOWAKIA,48.8,21.4,2019-06-24,75.0,77.0,2,1,2,0,0,True
BASF,reused_development_2019,basf-wheat-diseases|65|2019,era5loc_6cb369f67eca|2019,basf-wheat-diseases,65,2019,era5loc_6cb369f67eca,IRELAND,51.9,-8.3,2019-04-23,32.0,35.0,2,1,2,0,0,True
BASF,reused_development_2019,basf-wheat-diseases|65|2019,era5loc_6cb369f67eca|2019,basf-wheat-diseases,65,2019,era5loc_6cb369f67eca,IRELAND,51.9,-8.3,2019-05-13,40.0,45.0,1,1,1,0,0,True
BASF,reused_development_2019,basf-wheat-diseases|65|2019,era5loc_6cb369f67eca|2019,basf-wheat-diseases,65,2019,era5loc_6cb369f67eca,IRELAND,51.9,-8.3,2019-05-22,45.0,53.0,1,1,1,0,0,True
BASF,reused_development_2019,basf-wheat-diseases|65|2019,era5loc_6cb369f67eca|2019,basf-wheat-diseases,65,2019,era5loc_6cb369f67eca,IRELAND,51.9,-8.3,2019-06-03,60.0,62.0,2,1,2,0,0,True
BASF,reused_development_2019,basf-wheat-diseases|65|2019,era5loc_6cb369f67eca|2019,basf-wheat-diseases,65,2019,era5loc_6cb369f67eca,IRELAND,51.9,-8.3,2019-06-12,62.0,65.0,2,1,2,0,0,True
BASF,reused_development_2019,basf-wheat-diseases|65|2019,era5loc_6cb369f67eca|2019,basf-wheat-diseases,65,2019,era5loc_6cb369f67eca,IRELAND,51.9,-8.3,2019-06-22,70.0,75.0,2,1,2,0,0,True
BASF,reused_development_2019,basf-wheat-diseases|65|2019,era5loc_6cb369f67eca|2019,basf-wheat-diseases,65,2019,era5loc_6cb369f67eca,IRELAND,51.9,-8.3,2019-07-02,80.0,82.0,2,1,2,0,0,True
BASF,reused_development_2019,basf-wheat-diseases|66|2019,era5loc_da90f16ecea0|2019,basf-wheat-diseases,66,2019,era5loc_da90f16ecea0,UNITED KINGDOM,52.2,1.0,2019-05-30,51.0,59.0,4,1,4,0,0,True
BASF,reused_development_2019,basf-wheat-diseases|66|2019,era5loc_da90f16ecea0|2019,basf-wheat-diseases,66,2019,era5loc_da90f16ecea0,UNITED KINGDOM,52.2,1.0,2019-06-10,65.0,71.0,3,1,3,0,0,True
BASF,reused_development_2019,basf-wheat-diseases|66|2019,era5loc_da90f16ecea0|2019,basf-wheat-diseases,66,2019,era5loc_da90f16ecea0,UNITED KINGDOM,52.2,1.0,2019-06-21,69.0,75.0,2,1,2,0,0,True
BASF,reused_development_2019,basf-wheat-diseases|66|2019,era5loc_da90f16ecea0|2019,basf-wheat-diseases,66,2019,era5loc_da90f16ecea0,UNITED KINGDOM,52.2,1.0,2019-07-01,73.0,75.0,1,1,1,0,0,True
BASF,reused_development_2019,basf-wheat-diseases|67|2019,era5loc_4c9918325b45|2019,basf-wheat-diseases,67,2019,era5loc_4c9918325b45,UNITED KINGDOM,52.2,0.9,2019-06-11,55.0,61.0,1,1,1,0,0,True
BASF,reused_development_2019,basf-wheat-diseases|67|2019,era5loc_4c9918325b45|2019,basf-wheat-diseases,67,2019,era5loc_4c9918325b45,UNITED KINGDOM,52.2,0.9,2019-06-21,65.0,69.0,1,1,1,0,0,True
BASF,reused_development_2019,basf-wheat-diseases|67|2019,era5loc_4c9918325b45|2019,basf-wheat-diseases,67,2019,era5loc_4c9918325b45,UNITED KINGDOM,52.2,0.9,2019-07-02,73.0,76.0,2,1,2,0,0,True
BASF,reused_development_2019,basf-wheat-diseases|68|2019,era5loc_c6e10fbf2c60|2019,basf-wheat-diseases,68,2019,era5loc_c6e10fbf2c60,UNITED KINGDOM,52.2,0.3,2019-06-04,49.0,49.0,1,1,1,0,0,True
BASF,reused_development_2019,basf-wheat-diseases|68|2019,era5loc_c6e10fbf2c60|2019,basf-wheat-diseases,68,2019,era5loc_c6e10fbf2c60,UNITED KINGDOM,52.2,0.3,2019-06-14,66.0,66.0,1,1,1,0,0,True
BASF,reused_development_2019,basf-wheat-diseases|68|2019,era5loc_c6e10fbf2c60|2019,basf-wheat-diseases,68,2019,era5loc_c6e10fbf2c60,UNITED KINGDOM,52.2,0.3,2019-06-24,66.0,66.0,2,1,2,0,0,True
BASF,reused_development_2019,basf-wheat-diseases|68|2019,era5loc_c6e10fbf2c60|2019,basf-wheat-diseases,68,2019,era5loc_c6e10fbf2c60,UNITED KINGDOM,52.2,0.3,2019-07-03,75.0,75.0,2,1,2,0,0,True
BASF,reused_development_2019,basf-wheat-diseases|69|2019,era5loc_9eac90744974|2019,basf-wheat-diseases,69,2019,era5loc_9eac90744974,UNITED KINGDOM,51.5,-1.7,2019-05-02,31.0,32.0,3,1,3,0,0,True
BASF,reused_development_2019,basf-wheat-diseases|69|2019,era5loc_9eac90744974|2019,basf-wheat-diseases,69,2019,era5loc_9eac90744974,UNITED KINGDOM,51.5,-1.7,2019-05-10,32.0,33.0,2,1,2,0,0,True
BASF,reused_development_2019,basf-wheat-diseases|69|2019,era5loc_9eac90744974|2019,basf-wheat-diseases,69,2019,era5loc_9eac90744974,UNITED KINGDOM,51.5,-1.7,2019-05-24,39.0,39.0,2,1,2,0,0,True
BASF,reused_development_2019,basf-wheat-diseases|69|2019,era5loc_9eac90744974|2019,basf-wheat-diseases,69,2019,era5loc_9eac90744974,UNITED KINGDOM,51.5,-1.7,2019-05-31,45.0,51.0,2,1,2,0,0,True
BASF,reused_development_2019,basf-wheat-diseases|70|2019,era5loc_6687f40ce729|2019,basf-wheat-diseases,70,2019,era5loc_6687f40ce729,UNITED KINGDOM,51.7,-1.9,2019-04-23,31.0,32.0,2,1,2,0,0,True
BASF,reused_development_2019,basf-wheat-diseases|70|2019,era5loc_6687f40ce729|2019,basf-wheat-diseases,70,2019,era5loc_6687f40ce729,UNITED KINGDOM,51.7,-1.9,2019-05-02,33.0,33.0,2,1,2,0,0,True
BASF,reused_development_2019,basf-wheat-diseases|70|2019,era5loc_6687f40ce729|2019,basf-wheat-diseases,70,2019,era5loc_6687f40ce729,UNITED KINGDOM,51.7,-1.9,2019-05-13,33.0,37.0,2,1,2,0,0,True
BASF,reused_development_2019,basf-wheat-diseases|71|2019,era5loc_3c84c4c5c802|2019,basf-wheat-diseases,71,2019,era5loc_3c84c4c5c802,UNITED KINGDOM,52.0,-2.2,2019-04-30,33.0,33.0,1,1,1,0,0,True
BASF,reused_development_2019,basf-wheat-diseases|71|2019,era5loc_3c84c4c5c802|2019,basf-wheat-diseases,71,2019,era5loc_3c84c4c5c802,UNITED KINGDOM,52.0,-2.2,2019-05-09,37.0,37.0,2,1,2,0,0,True
BASF,reused_development_2019,basf-wheat-diseases|71|2019,era5loc_3c84c4c5c802|2019,basf-wheat-diseases,71,2019,era5loc_3c84c4c5c802,UNITED KINGDOM,52.0,-2.2,2019-05-22,41.0,47.0,1,1,1,0,0,True
BASF,reused_development_2019,basf-wheat-diseases|71|2019,era5loc_3c84c4c5c802|2019,basf-wheat-diseases,71,2019,era5loc_3c84c4c5c802,UNITED KINGDOM,52.0,-2.2,2019-05-31,59.0,61.0,2,1,2,0,0,True
BASF,reused_development_2019,basf-wheat-diseases|71|2019,era5loc_3c84c4c5c802|2019,basf-wheat-diseases,71,2019,era5loc_3c84c4c5c802,UNITED KINGDOM,52.0,-2.2,2019-06-07,61.0,65.0,1,1,1,0,0,True
BASF,reused_development_2019,basf-wheat-diseases|72|2019,era5loc_6cb369f67eca|2019,basf-wheat-diseases,72,2019,era5loc_6cb369f67eca,IRELAND,51.9,-8.3,2019-05-10,35.0,38.0,2,1,2,0,0,True
BASF,reused_development_2019,basf-wheat-diseases|72|2019,era5loc_6cb369f67eca|2019,basf-wheat-diseases,72,2019,era5loc_6cb369f67eca,IRELAND,51.9,-8.3,2019-05-20,45.0,49.0,2,1,2,0,0,True
BASF,reused_development_2019,basf-wheat-diseases|72|2019,era5loc_6cb369f67eca|2019,basf-wheat-diseases,72,2019,era5loc_6cb369f67eca,IRELAND,51.9,-8.3,2019-05-30,53.0,59.0,1,1,1,0,0,True
BASF,reused_development_2019,basf-wheat-diseases|72|2019,era5loc_6cb369f67eca|2019,basf-wheat-diseases,72,2019,era5loc_6cb369f67eca,IRELAND,51.9,-8.3,2019-06-10,60.0,63.0,2,1,2,0,0,True
BASF,reused_development_2019,basf-wheat-diseases|72|2019,era5loc_6cb369f67eca|2019,basf-wheat-diseases,72,2019,era5loc_6cb369f67eca,IRELAND,51.9,-8.3,2019-06-20,65.0,68.0,2,1,2,0,0,True
BASF,reused_development_2019,basf-wheat-diseases|72|2019,era5loc_6cb369f67eca|2019,basf-wheat-diseases,72,2019,era5loc_6cb369f67eca,IRELAND,51.9,-8.3,2019-06-30,72.0,76.0,2,1,2,0,0,True
BASF,reused_development_2019,basf-wheat-diseases|73|2019,era5loc_5a873c55d610|2019,basf-wheat-diseases,73,2019,era5loc_5a873c55d610,UNITED KINGDOM,52.2,0.8,2019-05-17,39.0,39.0,3,1,3,0,0,True
BASF,reused_development_2019,basf-wheat-diseases|73|2019,era5loc_5a873c55d610|2019,basf-wheat-diseases,73,2019,era5loc_5a873c55d610,UNITED KINGDOM,52.2,0.8,2019-05-24,39.0,45.0,3,1,3,0,0,True
BASF,reused_development_2019,basf-wheat-diseases|73|2019,era5loc_5a873c55d610|2019,basf-wheat-diseases,73,2019,era5loc_5a873c55d610,UNITED KINGDOM,52.2,0.8,2019-06-04,51.0,61.0,2,1,2,0,0,True
BASF,reused_development_2019,basf-wheat-diseases|73|2019,era5loc_5a873c55d610|2019,basf-wheat-diseases,73,2019,era5loc_5a873c55d610,UNITED KINGDOM,52.2,0.8,2019-06-14,65.0,65.0,3,1,3,0,0,True
BASF,reused_development_2019,basf-wheat-diseases|73|2019,era5loc_5a873c55d610|2019,basf-wheat-diseases,73,2019,era5loc_5a873c55d610,UNITED KINGDOM,52.2,0.8,2019-06-21,71.0,71.0,3,1,3,0,0,True
BASF,reused_development_2019,basf-wheat-diseases|73|2019,era5loc_5a873c55d610|2019,basf-wheat-diseases,73,2019,era5loc_5a873c55d610,UNITED KINGDOM,52.2,0.8,2019-07-02,75.0,75.0,2,1,2,0,0,True
BASF,reused_development_2019,basf-wheat-diseases|74|2019,era5loc_518b93a72002|2019,basf-wheat-diseases,74,2019,era5loc_518b93a72002,UNITED KINGDOM,51.4,-2.0,2019-05-16,37.0,39.0,3,1,3,0,0,True
BASF,reused_development_2019,basf-wheat-diseases|74|2019,era5loc_518b93a72002|2019,basf-wheat-diseases,74,2019,era5loc_518b93a72002,UNITED KINGDOM,51.4,-2.0,2019-05-23,39.0,51.0,3,1,3,0,0,True
BASF,reused_development_2019,basf-wheat-diseases|74|2019,era5loc_518b93a72002|2019,basf-wheat-diseases,74,2019,era5loc_518b93a72002,UNITED KINGDOM,51.4,-2.0,2019-06-03,65.0,69.0,2,1,2,0,0,True
BASF,reused_development_2019,basf-wheat-diseases|74|2019,era5loc_518b93a72002|2019,basf-wheat-diseases,74,2019,era5loc_518b93a72002,UNITED KINGDOM,51.4,-2.0,2019-06-15,65.0,69.0,2,1,2,0,0,True
BASF,reused_development_2019,basf-wheat-diseases|74|2019,era5loc_518b93a72002|2019,basf-wheat-diseases,74,2019,era5loc_518b93a72002,UNITED KINGDOM,51.4,-2.0,2019-06-26,65.0,70.0,2,1,2,0,0,True
BASF,reused_development_2019,basf-wheat-diseases|75|2019,era5loc_3c84c4c5c802|2019,basf-wheat-diseases,75,2019,era5loc_3c84c4c5c802,UNITED KINGDOM,52.0,-2.2,2019-05-13,37.0,39.0,2,1,2,0,0,True
BASF,reused_development_2019,basf-wheat-diseases|75|2019,era5loc_3c84c4c5c802|2019,basf-wheat-diseases,75,2019,era5loc_3c84c4c5c802,UNITED KINGDOM,52.0,-2.2,2019-05-23,41.0,45.0,3,1,3,0,0,True
BASF,reused_development_2019,basf-wheat-diseases|75|2019,era5loc_3c84c4c5c802|2019,basf-wheat-diseases,75,2019,era5loc_3c84c4c5c802,UNITED KINGDOM,52.0,-2.2,2019-06-04,61.0,61.0,3,1,3,0,0,True
BASF,reused_development_2019,basf-wheat-diseases|75|2019,era5loc_3c84c4c5c802|2019,basf-wheat-diseases,75,2019,era5loc_3c84c4c5c802,UNITED KINGDOM,52.0,-2.2,2019-06-13,61.0,65.0,2,1,2,0,0,True
BASF,reused_development_2019,basf-wheat-diseases|75|2019,era5loc_3c84c4c5c802|2019,basf-wheat-diseases,75,2019,era5loc_3c84c4c5c802,UNITED KINGDOM,52.0,-2.2,2019-06-25,71.0,73.0,2,1,2,0,0,True
Corteva,reused_external_strict,corteva-2014-2018-external|2014-10|2014,era5loc_10922b9e995a|2014,corteva-2014-2018-external,2014-10,2014,era5loc_10922b9e995a,UNITED KINGDOM,52.2,-1.6,2014-05-07,37.0,37.0,6,1,6,0,0,True
Corteva,reused_external_strict,corteva-2014-2018-external|2014-10|2014,era5loc_10922b9e995a|2014,corteva-2014-2018-external,2014-10,2014,era5loc_10922b9e995a,UNITED KINGDOM,52.2,-1.6,2014-05-22,41.0,41.0,4,1,4,0,0,True
Corteva,reused_external_strict,corteva-2014-2018-external|2014-10|2014,era5loc_10922b9e995a|2014,corteva-2014-2018-external,2014-10,2014,era5loc_10922b9e995a,UNITED KINGDOM,52.2,-1.6,2014-05-30,47.0,47.0,4,1,4,0,0,True
Corteva,reused_external_strict,corteva-2014-2018-external|2014-10|2014,era5loc_10922b9e995a|2014,corteva-2014-2018-external,2014-10,2014,era5loc_10922b9e995a,UNITED KINGDOM,52.2,-1.6,2014-06-12,58.0,58.0,4,1,4,0,0,True
Corteva,reused_external_strict,corteva-2014-2018-external|2014-10|2014,era5loc_10922b9e995a|2014,corteva-2014-2018-external,2014-10,2014,era5loc_10922b9e995a,UNITED KINGDOM,52.2,-1.6,2014-06-18,69.0,69.0,2,1,2,0,0,True
Corteva,reused_external_strict,corteva-2014-2018-external|2014-12|2014,era5loc_58196cd23b74|2014,corteva-2014-2018-external,2014-12,2014,era5loc_58196cd23b74,UNITED KINGDOM,52.3,-1.6,2014-05-09,33.0,33.0,4,1,4,0,0,True
Corteva,reused_external_strict,corteva-2014-2018-external|2014-12|2014,era5loc_58196cd23b74|2014,corteva-2014-2018-external,2014-12,2014,era5loc_58196cd23b74,UNITED KINGDOM,52.3,-1.6,2014-05-22,41.0,41.0,4,1,4,0,0,True
Corteva,reused_external_strict,corteva-2014-2018-external|2014-14|2014,era5loc_10922b9e995a|2014,corteva-2014-2018-external,2014-14,2014,era5loc_10922b9e995a,UNITED KINGDOM,52.2,-1.6,2014-06-03,39.0,55.0,3,1,3,0,0,True
Corteva,reused_external_strict,corteva-2014-2018-external|2014-14|2014,era5loc_10922b9e995a|2014,corteva-2014-2018-external,2014-14,2014,era5loc_10922b9e995a,UNITED KINGDOM,52.2,-1.6,2014-06-18,65.0,65.0,2,1,2,0,0,True
Corteva,reused_external_strict,corteva-2014-2018-external|2014-15|2014,era5loc_10922b9e995a|2014,corteva-2014-2018-external,2014-15,2014,era5loc_10922b9e995a,UNITED KINGDOM,52.2,-1.6,2014-05-07,33.0,33.0,3,1,3,0,0,True
Corteva,reused_external_strict,corteva-2014-2018-external|2014-15|2014,era5loc_10922b9e995a|2014,corteva-2014-2018-external,2014-15,2014,era5loc_10922b9e995a,UNITED KINGDOM,52.2,-1.6,2014-06-03,55.0,55.0,3,1,3,0,0,True
Corteva,reused_external_strict,corteva-2014-2018-external|2014-15|2014,era5loc_10922b9e995a|2014,corteva-2014-2018-external,2014-15,2014,era5loc_10922b9e995a,UNITED KINGDOM,52.2,-1.6,2014-06-18,65.0,65.0,2,1,2,0,0,True
Corteva,reused_external_strict,corteva-2014-2018-external|2014-16|2014,era5loc_44b51b0afbf4|2014,corteva-2014-2018-external,2014-16,2014,era5loc_44b51b0afbf4,FRANCE,47.5,0.8,2014-06-17,77.0,77.0,2,1,2,0,0,True
Corteva,reused_external_strict,corteva-2014-2018-external|2014-17|2014,era5loc_10922b9e995a|2014,corteva-2014-2018-external,2014-17,2014,era5loc_10922b9e995a,UNITED KINGDOM,52.2,-1.6,2014-05-07,33.0,33.0,3,1,3,0,0,True
Corteva,reused_external_strict,corteva-2014-2018-external|2014-17|2014,era5loc_10922b9e995a|2014,corteva-2014-2018-external,2014-17,2014,era5loc_10922b9e995a,UNITED KINGDOM,52.2,-1.6,2014-05-23,41.0,41.0,3,1,3,0,0,True
Corteva,reused_external_strict,corteva-2014-2018-external|2014-17|2014,era5loc_10922b9e995a|2014,corteva-2014-2018-external,2014-17,2014,era5loc_10922b9e995a,UNITED KINGDOM,52.2,-1.6,2014-06-02,57.0,57.0,3,1,3,0,0,True
Corteva,reused_external_strict,corteva-2014-2018-external|2014-17|2014,era5loc_10922b9e995a|2014,corteva-2014-2018-external,2014-17,2014,era5loc_10922b9e995a,UNITED KINGDOM,52.2,-1.6,2014-06-12,61.0,61.0,3,1,3,0,0,True
Corteva,reused_external_strict,corteva-2014-2018-external|2014-17|2014,era5loc_10922b9e995a|2014,corteva-2014-2018-external,2014-17,2014,era5loc_10922b9e995a,UNITED KINGDOM,52.2,-1.6,2014-06-20,73.0,73.0,2,1,2,0,0,True
Corteva,reused_external_strict,corteva-2014-2018-external|2014-1|2014,era5loc_34ddf36c3b3a|2014,corteva-2014-2018-external,2014-1,2014,era5loc_34ddf36c3b3a,GERMANY,53.8,10.3,2014-05-19,39.0,39.0,4,1,4,0,0,True
Corteva,reused_external_strict,corteva-2014-2018-external|2014-1|2014,era5loc_34ddf36c3b3a|2014,corteva-2014-2018-external,2014-1,2014,era5loc_34ddf36c3b3a,GERMANY,53.8,10.3,2014-05-26,57.0,57.0,4,1,4,0,0,True
Corteva,reused_external_strict,corteva-2014-2018-external|2014-1|2014,era5loc_34ddf36c3b3a|2014,corteva-2014-2018-external,2014-1,2014,era5loc_34ddf36c3b3a,GERMANY,53.8,10.3,2014-06-02,65.0,65.0,4,1,4,0,0,True
Corteva,reused_external_strict,corteva-2014-2018-external|2014-23|2014,era5loc_a3c14cb7ff62|2014,corteva-2014-2018-external,2014-23,2014,era5loc_a3c14cb7ff62,GERMANY,48.1,10.9,2014-06-18,69.0,69.0,3,1,3,0,0,True
Corteva,reused_external_strict,corteva-2014-2018-external|2014-23|2014,era5loc_a3c14cb7ff62|2014,corteva-2014-2018-external,2014-23,2014,era5loc_a3c14cb7ff62,GERMANY,48.1,10.9,2014-07-01,73.0,73.0,2,1,2,0,0,True
Corteva,reused_external_strict,corteva-2014-2018-external|2014-24|2014,era5loc_9ec703701638|2014,corteva-2014-2018-external,2014-24,2014,era5loc_9ec703701638,DENMARK,55.3,11.4,2014-06-19,73.0,73.0,2,1,2,0,0,True
Corteva,reused_external_strict,corteva-2014-2018-external|2014-25|2014,era5loc_44b51b0afbf4|2014,corteva-2014-2018-external,2014-25,2014,era5loc_44b51b0afbf4,FRANCE,47.5,0.8,2014-06-05,75.0,75.0,2,1,2,0,0,True
Corteva,reused_external_strict,corteva-2014-2018-external|2014-2|2014,era5loc_552fc1bf2ed1|2014,corteva-2014-2018-external,2014-2,2014,era5loc_552fc1bf2ed1,FRANCE,49.2,-0.5,2014-06-10,69.0,69.0,3,1,3,0,0,True
Corteva,reused_external_strict,corteva-2014-2018-external|2014-2|2014,era5loc_552fc1bf2ed1|2014,corteva-2014-2018-external,2014-2,2014,era5loc_552fc1bf2ed1,FRANCE,49.2,-0.5,2014-07-01,77.0,77.0,2,1,2,0,0,True
Corteva,reused_external_strict,corteva-2014-2018-external|2014-34|2014,era5loc_a3c14cb7ff62|2014,corteva-2014-2018-external,2014-34,2014,era5loc_a3c14cb7ff62,GERMANY,48.1,10.9,2014-06-26,71.0,71.0,2,1,2,0,0,True
Corteva,reused_external_strict,corteva-2014-2018-external|2014-35|2014,era5loc_6d5acc6b6792|2014,corteva-2014-2018-external,2014-35,2014,era5loc_6d5acc6b6792,FRANCE,47.6,1.0,2014-06-20,77.0,77.0,2,1,2,0,0,True
Corteva,reused_external_strict,corteva-2014-2018-external|2014-36|2014,era5loc_2bec8c4d1d1c|2014,corteva-2014-2018-external,2014-36,2014,era5loc_2bec8c4d1d1c,GERMANY,48.2,11.3,2014-06-16,69.0,69.0,2,1,2,0,0,True
Corteva,reused_external_strict,corteva-2014-2018-external|2014-37|2014,era5loc_9ec703701638|2014,corteva-2014-2018-external,2014-37,2014,era5loc_9ec703701638,DENMARK,55.3,11.4,2014-05-23,45.0,45.0,2,1,2,0,0,True
Corteva,reused_external_strict,corteva-2014-2018-external|2014-37|2014,era5loc_9ec703701638|2014,corteva-2014-2018-external,2014-37,2014,era5loc_9ec703701638,DENMARK,55.3,11.4,2014-06-04,65.0,65.0,3,1,3,0,0,True
Corteva,reused_external_strict,corteva-2014-2018-external|2014-37|2014,era5loc_9ec703701638|2014,corteva-2014-2018-external,2014-37,2014,era5loc_9ec703701638,DENMARK,55.3,11.4,2014-06-17,71.0,71.0,2,1,2,0,0,True
Corteva,reused_external_strict,corteva-2014-2018-external|2014-37|2014,era5loc_9ec703701638|2014,corteva-2014-2018-external,2014-37,2014,era5loc_9ec703701638,DENMARK,55.3,11.4,2014-06-26,73.0,73.0,2,1,2,0,0,True
Corteva,reused_external_strict,corteva-2014-2018-external|2014-38|2014,era5loc_8c3d66928dac|2014,corteva-2014-2018-external,2014-38,2014,era5loc_8c3d66928dac,UNITED KINGDOM,52.2,-2.8,2014-04-24,31.0,31.0,3,1,3,0,0,True
Corteva,reused_external_strict,corteva-2014-2018-external|2014-38|2014,era5loc_8c3d66928dac|2014,corteva-2014-2018-external,2014-38,2014,era5loc_8c3d66928dac,UNITED KINGDOM,52.2,-2.8,2014-05-09,37.0,37.0,3,1,3,0,0,True
Corteva,reused_external_strict,corteva-2014-2018-external|2014-38|2014,era5loc_8c3d66928dac|2014,corteva-2014-2018-external,2014-38,2014,era5loc_8c3d66928dac,UNITED KINGDOM,52.2,-2.8,2014-05-30,45.0,45.0,3,1,3,0,0,True
Corteva,reused_external_strict,corteva-2014-2018-external|2014-38|2014,era5loc_8c3d66928dac|2014,corteva-2014-2018-external,2014-38,2014,era5loc_8c3d66928dac,UNITED KINGDOM,52.2,-2.8,2014-06-13,65.0,65.0,3,1,3,0,0,True
Corteva,reused_external_strict,corteva-2014-2018-external|2014-38|2014,era5loc_8c3d66928dac|2014,corteva-2014-2018-external,2014-38,2014,era5loc_8c3d66928dac,UNITED KINGDOM,52.2,-2.8,2014-07-01,75.0,75.0,1,1,1,0,0,True
Corteva,reused_external_strict,corteva-2014-2018-external|2014-39|2014,era5loc_5bc9f026f451|2014,corteva-2014-2018-external,2014-39,2014,era5loc_5bc9f026f451,POLAND,50.3,18.6,2014-06-11,69.0,69.0,3,1,3,0,0,True
Corteva,reused_external_strict,corteva-2014-2018-external|2014-39|2014,era5loc_5bc9f026f451|2014,corteva-2014-2018-external,2014-39,2014,era5loc_5bc9f026f451,POLAND,50.3,18.6,2014-06-25,75.0,75.0,1,1,1,0,0,True
Corteva,reused_external_strict,corteva-2014-2018-external|2014-3|2014,era5loc_10922b9e995a|2014,corteva-2014-2018-external,2014-3,2014,era5loc_10922b9e995a,UNITED KINGDOM,52.2,-1.6,2014-06-03,61.0,61.0,3,1,3,0,0,True
Corteva,reused_external_strict,corteva-2014-2018-external|2014-3|2014,era5loc_10922b9e995a|2014,corteva-2014-2018-external,2014-3,2014,era5loc_10922b9e995a,UNITED KINGDOM,52.2,-1.6,2014-06-20,71.0,71.0,3,1,3,0,0,True
Corteva,reused_external_strict,corteva-2014-2018-external|2014-3|2014,era5loc_10922b9e995a|2014,corteva-2014-2018-external,2014-3,2014,era5loc_10922b9e995a,UNITED KINGDOM,52.2,-1.6,2014-07-02,75.0,75.0,1,1,1,0,0,True
Corteva,reused_external_strict,corteva-2014-2018-external|2014-4|2014,era5loc_16ba87a73e20|2014,corteva-2014-2018-external,2014-4,2014,era5loc_16ba87a73e20,GERMANY,48.9,9.3,2014-06-05,65.0,65.0,5,1,5,0,0,True
Corteva,reused_external_strict,corteva-2014-2018-external|2014-4|2014,era5loc_16ba87a73e20|2014,corteva-2014-2018-external,2014-4,2014,era5loc_16ba87a73e20,GERMANY,48.9,9.3,2014-06-21,75.0,75.0,4,1,4,0,0,True
Corteva,reused_external_strict,corteva-2014-2018-external|2014-4|2014,era5loc_16ba87a73e20|2014,corteva-2014-2018-external,2014-4,2014,era5loc_16ba87a73e20,GERMANY,48.9,9.3,2014-07-03,77.0,77.0,3,1,3,0,0,True
Corteva,reused_external_strict,corteva-2014-2018-external|2014-5|2014,era5loc_10922b9e995a|2014,corteva-2014-2018-external,2014-5,2014,era5loc_10922b9e995a,UNITED KINGDOM,52.2,-1.6,2014-05-07,33.0,33.0,5,1,5,0,0,True
Corteva,reused_external_strict,corteva-2014-2018-external|2014-5|2014,era5loc_10922b9e995a|2014,corteva-2014-2018-external,2014-5,2014,era5loc_10922b9e995a,UNITED KINGDOM,52.2,-1.6,2014-05-23,41.0,41.0,4,1,4,0,0,True
Corteva,reused_external_strict,corteva-2014-2018-external|2014-5|2014,era5loc_10922b9e995a|2014,corteva-2014-2018-external,2014-5,2014,era5loc_10922b9e995a,UNITED KINGDOM,52.2,-1.6,2014-06-02,59.0,59.0,4,1,4,0,0,True
Corteva,reused_external_strict,corteva-2014-2018-external|2014-5|2014,era5loc_10922b9e995a|2014,corteva-2014-2018-external,2014-5,2014,era5loc_10922b9e995a,UNITED KINGDOM,52.2,-1.6,2014-06-19,59.0,73.0,3,1,3,0,0,True
Corteva,reused_external_strict,corteva-2014-2018-external|2015-42|2015,era5loc_4a01bdc540c8|2015,corteva-2014-2018-external,2015-42,2015,era5loc_4a01bdc540c8,FRANCE,47.7,1.0,2015-06-22,77.0,77.0,2,1,2,0,0,True
Corteva,reused_external_strict,corteva-2014-2018-external|2015-43|2015,era5loc_271e389189e2|2015,corteva-2014-2018-external,2015-43,2015,era5loc_271e389189e2,GERMANY,48.3,11.5,2015-05-18,37.0,37.0,3,1,3,0,0,True
Corteva,reused_external_strict,corteva-2014-2018-external|2015-43|2015,era5loc_271e389189e2|2015,corteva-2014-2018-external,2015-43,2015,era5loc_271e389189e2,GERMANY,48.3,11.5,2015-06-08,61.0,61.0,3,1,3,0,0,True
Corteva,reused_external_strict,corteva-2014-2018-external|2015-43|2015,era5loc_271e389189e2|2015,corteva-2014-2018-external,2015-43,2015,era5loc_271e389189e2,GERMANY,48.3,11.5,2015-06-17,71.0,71.0,3,1,3,0,0,True
Corteva,reused_external_strict,corteva-2014-2018-external|2015-43|2015,era5loc_271e389189e2|2015,corteva-2014-2018-external,2015-43,2015,era5loc_271e389189e2,GERMANY,48.3,11.5,2015-07-01,77.0,77.0,3,1,3,0,0,True
Corteva,reused_external_strict,corteva-2014-2018-external|2015-44|2015,era5loc_8c3d66928dac|2015,corteva-2014-2018-external,2015-44,2015,era5loc_8c3d66928dac,UNITED KINGDOM,52.2,-2.8,2015-05-01,31.0,31.0,3,1,3,0,0,True
Corteva,reused_external_strict,corteva-2014-2018-external|2015-44|2015,era5loc_8c3d66928dac|2015,corteva-2014-2018-external,2015-44,2015,era5loc_8c3d66928dac,UNITED KINGDOM,52.2,-2.8,2015-05-28,45.0,45.0,4,1,4,0,0,True
Corteva,reused_external_strict,corteva-2014-2018-external|2015-44|2015,era5loc_8c3d66928dac|2015,corteva-2014-2018-external,2015-44,2015,era5loc_8c3d66928dac,UNITED KINGDOM,52.2,-2.8,2015-06-13,65.0,65.0,4,1,4,0,0,True
Corteva,reused_external_strict,corteva-2014-2018-external|2015-44|2015,era5loc_8c3d66928dac|2015,corteva-2014-2018-external,2015-44,2015,era5loc_8c3d66928dac,UNITED KINGDOM,52.2,-2.8,2015-06-22,69.0,69.0,4,1,4,0,0,True
Corteva,reused_external_strict,corteva-2014-2018-external|2015-44|2015,era5loc_8c3d66928dac|2015,corteva-2014-2018-external,2015-44,2015,era5loc_8c3d66928dac,UNITED KINGDOM,52.2,-2.8,2015-07-01,75.0,75.0,3,1,3,0,0,True
Corteva,reused_external_strict,corteva-2014-2018-external|2015-49|2015,era5loc_44b51b0afbf4|2015,corteva-2014-2018-external,2015-49,2015,era5loc_44b51b0afbf4,FRANCE,47.5,0.8,2015-05-18,65.0,65.0,4,1,4,0,0,True
Corteva,reused_external_strict,corteva-2014-2018-external|2015-49|2015,era5loc_44b51b0afbf4|2015,corteva-2014-2018-external,2015-49,2015,era5loc_44b51b0afbf4,FRANCE,47.5,0.8,2015-06-16,83.0,83.0,2,1,2,0,0,True
Corteva,reused_external_strict,corteva-2014-2018-external|2015-50|2015,era5loc_10922b9e995a|2015,corteva-2014-2018-external,2015-50,2015,era5loc_10922b9e995a,UNITED KINGDOM,52.2,-1.6,2015-06-02,58.0,58.0,4,1,4,0,0,True
Corteva,reused_external_strict,corteva-2014-2018-external|2015-50|2015,era5loc_10922b9e995a|2015,corteva-2014-2018-external,2015-50,2015,era5loc_10922b9e995a,UNITED KINGDOM,52.2,-1.6,2015-06-16,61.0,61.0,4,1,4,0,0,True
Corteva,reused_external_strict,corteva-2014-2018-external|2015-50|2015,era5loc_10922b9e995a|2015,corteva-2014-2018-external,2015-50,2015,era5loc_10922b9e995a,UNITED KINGDOM,52.2,-1.6,2015-06-29,71.0,71.0,4,1,4,0,0,True
Corteva,reused_external_strict,corteva-2014-2018-external|2015-50|2015,era5loc_10922b9e995a|2015,corteva-2014-2018-external,2015-50,2015,era5loc_10922b9e995a,UNITED KINGDOM,52.2,-1.6,2015-07-08,73.0,73.0,3,1,3,0,0,True
Corteva,reused_external_strict,corteva-2014-2018-external|2015-53|2015,era5loc_a897dfaa7acf|2015,corteva-2014-2018-external,2015-53,2015,era5loc_a897dfaa7acf,UNITED KINGDOM,52.2,-2.7,2015-04-22,32.0,32.0,3,1,3,0,0,True
Corteva,reused_external_strict,corteva-2014-2018-external|2015-53|2015,era5loc_a897dfaa7acf|2015,corteva-2014-2018-external,2015-53,2015,era5loc_a897dfaa7acf,UNITED KINGDOM,52.2,-2.7,2015-05-22,39.0,39.0,2,1,2,0,0,True
Corteva,reused_external_strict,corteva-2014-2018-external|2015-53|2015,era5loc_a897dfaa7acf|2015,corteva-2014-2018-external,2015-53,2015,era5loc_a897dfaa7acf,UNITED KINGDOM,52.2,-2.7,2015-06-05,59.0,59.0,5,1,5,0,0,True
Corteva,reused_external_strict,corteva-2014-2018-external|2015-53|2015,era5loc_a897dfaa7acf|2015,corteva-2014-2018-external,2015-53,2015,era5loc_a897dfaa7acf,UNITED KINGDOM,52.2,-2.7,2015-06-20,65.0,65.0,5,1,5,0,0,True
Corteva,reused_external_strict,corteva-2014-2018-external|2015-53|2015,era5loc_a897dfaa7acf|2015,corteva-2014-2018-external,2015-53,2015,era5loc_a897dfaa7acf,UNITED KINGDOM,52.2,-2.7,2015-07-02,75.0,75.0,3,1,3,0,0,True
Corteva,reused_external_strict,corteva-2014-2018-external|2015-55|2015,era5loc_564939414644|2015,corteva-2014-2018-external,2015-55,2015,era5loc_564939414644,GERMANY,53.8,10.6,2015-06-08,53.0,53.0,4,1,4,0,0,True
Corteva,reused_external_strict,corteva-2014-2018-external|2015-55|2015,era5loc_564939414644|2015,corteva-2014-2018-external,2015-55,2015,era5loc_564939414644,GERMANY,53.8,10.6,2015-06-26,53.0,65.0,3,1,3,0,0,True
Corteva,reused_external_strict,corteva-2014-2018-external|2015-57|2015,era5loc_9ec703701638|2015,corteva-2014-2018-external,2015-57,2015,era5loc_9ec703701638,DENMARK,55.3,11.4,2015-05-25,37.0,37.0,1,1,1,0,0,True
Corteva,reused_external_strict,corteva-2014-2018-external|2015-57|2015,era5loc_9ec703701638|2015,corteva-2014-2018-external,2015-57,2015,era5loc_9ec703701638,DENMARK,55.3,11.4,2015-06-08,47.0,47.0,2,1,2,0,0,True
Corteva,reused_external_strict,corteva-2014-2018-external|2015-57|2015,era5loc_9ec703701638|2015,corteva-2014-2018-external,2015-57,2015,era5loc_9ec703701638,DENMARK,55.3,11.4,2015-06-22,61.0,61.0,3,1,3,0,0,True
Corteva,reused_external_strict,corteva-2014-2018-external|2015-57|2015,era5loc_9ec703701638|2015,corteva-2014-2018-external,2015-57,2015,era5loc_9ec703701638,DENMARK,55.3,11.4,2015-07-03,69.0,69.0,3,1,3,0,0,True
Corteva,reused_external_strict,corteva-2014-2018-external|2015-57|2015,era5loc_9ec703701638|2015,corteva-2014-2018-external,2015-57,2015,era5loc_9ec703701638,DENMARK,55.3,11.4,2015-07-15,75.0,75.0,2,1,2,0,0,True
Corteva,reused_external_strict,corteva-2014-2018-external|2015-58|2015,era5loc_147e0282030a|2015,corteva-2014-2018-external,2015-58,2015,era5loc_147e0282030a,SWEDEN,58.3,14.8,2015-06-15,45.0,45.0,1,1,1,0,0,True
Corteva,reused_external_strict,corteva-2014-2018-external|2015-58|2015,era5loc_147e0282030a|2015,corteva-2014-2018-external,2015-58,2015,era5loc_147e0282030a,SWEDEN,58.3,14.8,2015-06-22,51.0,51.0,1,1,1,0,0,True
Corteva,reused_external_strict,corteva-2014-2018-external|2015-58|2015,era5loc_147e0282030a|2015,corteva-2014-2018-external,2015-58,2015,era5loc_147e0282030a,SWEDEN,58.3,14.8,2015-07-06,69.0,69.0,2,1,2,0,0,True
Corteva,reused_external_strict,corteva-2014-2018-external|2015-58|2015,era5loc_147e0282030a|2015,corteva-2014-2018-external,2015-58,2015,era5loc_147e0282030a,SWEDEN,58.3,14.8,2015-07-31,85.0,85.0,1,1,1,0,0,True
Corteva,reused_external_strict,corteva-2014-2018-external|2015-60|2015,era5loc_efa0b1c20b7e|2015,corteva-2014-2018-external,2015-60,2015,era5loc_efa0b1c20b7e,SWEDEN,58.5,15.1,2015-06-16,57.0,57.0,3,1,3,0,0,True
Corteva,reused_external_strict,corteva-2014-2018-external|2015-60|2015,era5loc_efa0b1c20b7e|2015,corteva-2014-2018-external,2015-60,2015,era5loc_efa0b1c20b7e,SWEDEN,58.5,15.1,2015-06-29,61.0,61.0,2,1,2,0,0,True
Corteva,reused_external_strict,corteva-2014-2018-external|2015-60|2015,era5loc_efa0b1c20b7e|2015,corteva-2014-2018-external,2015-60,2015,era5loc_efa0b1c20b7e,SWEDEN,58.5,15.1,2015-07-10,75.0,75.0,2,1,2,0,0,True
Corteva,reused_external_strict,corteva-2014-2018-external|2015-60|2015,era5loc_efa0b1c20b7e|2015,corteva-2014-2018-external,2015-60,2015,era5loc_efa0b1c20b7e,SWEDEN,58.5,15.1,2015-07-17,75.0,75.0,2,1,2,0,0,True
Corteva,reused_external_strict,corteva-2014-2018-external|2015-62|2015,era5loc_10922b9e995a|2015,corteva-2014-2018-external,2015-62,2015,era5loc_10922b9e995a,UNITED KINGDOM,52.2,-1.6,2015-06-02,58.0,58.0,4,1,4,0,0,True
Corteva,reused_external_strict,corteva-2014-2018-external|2015-62|2015,era5loc_10922b9e995a|2015,corteva-2014-2018-external,2015-62,2015,era5loc_10922b9e995a,UNITED KINGDOM,52.2,-1.6,2015-06-17,65.0,65.0,4,1,4,0,0,True
Corteva,reused_external_strict,corteva-2014-2018-external|2015-62|2015,era5loc_10922b9e995a|2015,corteva-2014-2018-external,2015-62,2015,era5loc_10922b9e995a,UNITED KINGDOM,52.2,-1.6,2015-06-26,71.0,71.0,4,1,4,0,0,True
Corteva,reused_external_strict,corteva-2014-2018-external|2015-63|2015,era5loc_564939414644|2015,corteva-2014-2018-external,2015-63,2015,era5loc_564939414644,GERMANY,53.8,10.6,2015-04-27,31.0,31.0,4,1,4,0,0,True
Corteva,reused_external_strict,corteva-2014-2018-external|2015-63|2015,era5loc_564939414644|2015,corteva-2014-2018-external,2015-63,2015,era5loc_564939414644,GERMANY,53.8,10.6,2015-05-22,37.0,39.0,3,1,3,0,0,True
Corteva,reused_external_strict,corteva-2014-2018-external|2015-63|2015,era5loc_564939414644|2015,corteva-2014-2018-external,2015-63,2015,era5loc_564939414644,GERMANY,53.8,10.6,2015-06-05,37.0,39.0,3,1,3,0,0,True
Corteva,reused_external_strict,corteva-2014-2018-external|2015-63|2015,era5loc_564939414644|2015,corteva-2014-2018-external,2015-63,2015,era5loc_564939414644,GERMANY,53.8,10.6,2015-06-21,51.0,51.0,3,1,3,0,0,True
Corteva,reused_external_strict,corteva-2014-2018-external|2015-63|2015,era5loc_564939414644|2015,corteva-2014-2018-external,2015-63,2015,era5loc_564939414644,GERMANY,53.8,10.6,2015-07-03,71.0,71.0,3,1,3,0,0,True
Corteva,reused_external_strict,corteva-2014-2018-external|2015-64|2015,era5loc_2fb425fa23bb|2015,corteva-2014-2018-external,2015-64,2015,era5loc_2fb425fa23bb,UNITED KINGDOM,52.2,-2.6,2015-04-20,30.0,30.0,3,1,3,0,0,True
Corteva,reused_external_strict,corteva-2014-2018-external|2015-64|2015,era5loc_2fb425fa23bb|2015,corteva-2014-2018-external,2015-64,2015,era5loc_2fb425fa23bb,UNITED KINGDOM,52.2,-2.6,2015-05-22,39.0,39.0,3,1,3,0,0,True
Corteva,reused_external_strict,corteva-2014-2018-external|2015-64|2015,era5loc_2fb425fa23bb|2015,corteva-2014-2018-external,2015-64,2015,era5loc_2fb425fa23bb,UNITED KINGDOM,52.2,-2.6,2015-06-22,65.0,65.0,4,1,4,0,0,True
Corteva,reused_external_strict,corteva-2014-2018-external|2015-65|2015,era5loc_86c70f7f7a55|2015,corteva-2014-2018-external,2015-65,2015,era5loc_86c70f7f7a55,GERMANY,53.7,7.9,2015-05-14,39.0,39.0,4,1,4,0,0,True
Corteva,reused_external_strict,corteva-2014-2018-external|2015-65|2015,era5loc_86c70f7f7a55|2015,corteva-2014-2018-external,2015-65,2015,era5loc_86c70f7f7a55,GERMANY,53.7,7.9,2015-06-03,56.0,56.0,4,1,4,0,0,True
Corteva,reused_external_strict,corteva-2014-2018-external|2015-65|2015,era5loc_86c70f7f7a55|2015,corteva-2014-2018-external,2015-65,2015,era5loc_86c70f7f7a55,GERMANY,53.7,7.9,2015-07-06,75.0,75.0,2,1,2,0,0,True
Corteva,reused_external_strict,corteva-2014-2018-external|2015-67|2015,era5loc_10922b9e995a|2015,corteva-2014-2018-external,2015-67,2015,era5loc_10922b9e995a,UNITED KINGDOM,52.2,-1.6,2015-06-16,65.0,65.0,4,1,4,0,0,True
Corteva,reused_external_strict,corteva-2014-2018-external|2015-67|2015,era5loc_10922b9e995a|2015,corteva-2014-2018-external,2015-67,2015,era5loc_10922b9e995a,UNITED KINGDOM,52.2,-1.6,2015-06-29,71.0,71.0,4,1,4,0,0,True
Corteva,reused_external_strict,corteva-2014-2018-external|2015-67|2015,era5loc_10922b9e995a|2015,corteva-2014-2018-external,2015-67,2015,era5loc_10922b9e995a,UNITED KINGDOM,52.2,-1.6,2015-07-08,77.0,77.0,2,1,2,0,0,True
Corteva,reused_external_strict,corteva-2014-2018-external|2015-68|2015,era5loc_a3c14cb7ff62|2015,corteva-2014-2018-external,2015-68,2015,era5loc_a3c14cb7ff62,GERMANY,48.1,10.9,2015-06-01,39.0,39.0,3,1,3,0,0,True
Corteva,reused_external_strict,corteva-2014-2018-external|2015-68|2015,era5loc_a3c14cb7ff62|2015,corteva-2014-2018-external,2015-68,2015,era5loc_a3c14cb7ff62,GERMANY,48.1,10.9,2015-06-17,65.0,65.0,3,1,3,0,0,True
Corteva,reused_external_strict,corteva-2014-2018-external|2015-68|2015,era5loc_a3c14cb7ff62|2015,corteva-2014-2018-external,2015-68,2015,era5loc_a3c14cb7ff62,GERMANY,48.1,10.9,2015-07-02,71.0,71.0,3,1,3,0,0,True
Corteva,reused_external_strict,corteva-2014-2018-external|2015-69|2015,era5loc_75bcfbe45580|2015,corteva-2014-2018-external,2015-69,2015,era5loc_75bcfbe45580,FRANCE,50.2,3.0,2015-06-09,69.0,69.0,3,1,3,0,0,True
Corteva,reused_external_strict,corteva-2014-2018-external|2015-70|2015,era5loc_3a61f47c1c68|2015,corteva-2014-2018-external,2015-70,2015,era5loc_3a61f47c1c68,SWEDEN,58.5,15.2,2015-06-26,65.0,65.0,3,1,3,0,0,True
Corteva,reused_external_strict,corteva-2014-2018-external|2015-70|2015,era5loc_3a61f47c1c68|2015,corteva-2014-2018-external,2015-70,2015,era5loc_3a61f47c1c68,SWEDEN,58.5,15.2,2015-07-15,73.0,73.0,2,1,2,0,0,True
Corteva,reused_external_strict,corteva-2014-2018-external|2015-71|2015,era5loc_d0526892c13b|2015,corteva-2014-2018-external,2015-71,2015,era5loc_d0526892c13b,SWEDEN,58.5,15.6,2015-06-22,61.0,61.0,4,1,4,0,0,True
Corteva,reused_external_strict,corteva-2014-2018-external|2015-71|2015,era5loc_d0526892c13b|2015,corteva-2014-2018-external,2015-71,2015,era5loc_d0526892c13b,SWEDEN,58.5,15.6,2015-07-07,73.0,73.0,2,1,2,0,0,True
Corteva,reused_external_strict,corteva-2014-2018-external|2015-71|2015,era5loc_d0526892c13b|2015,corteva-2014-2018-external,2015-71,2015,era5loc_d0526892c13b,SWEDEN,58.5,15.6,2015-07-23,85.0,85.0,1,1,1,0,0,True
Corteva,reused_external_strict,corteva-2014-2018-external|2015-73|2015,era5loc_172a8482b77b|2015,corteva-2014-2018-external,2015-73,2015,era5loc_172a8482b77b,GERMANY,48.2,11.4,2015-05-21,39.0,39.0,4,1,4,0,0,True
Corteva,reused_external_strict,corteva-2014-2018-external|2015-73|2015,era5loc_172a8482b77b|2015,corteva-2014-2018-external,2015-73,2015,era5loc_172a8482b77b,GERMANY,48.2,11.4,2015-06-01,55.0,55.0,3,1,3,0,0,True
Corteva,reused_external_strict,corteva-2014-2018-external|2015-73|2015,era5loc_172a8482b77b|2015,corteva-2014-2018-external,2015-73,2015,era5loc_172a8482b77b,GERMANY,48.2,11.4,2015-06-16,69.0,69.0,3,1,3,0,0,True
Corteva,reused_external_strict,corteva-2014-2018-external|2015-73|2015,era5loc_172a8482b77b|2015,corteva-2014-2018-external,2015-73,2015,era5loc_172a8482b77b,GERMANY,48.2,11.4,2015-06-25,71.0,71.0,3,1,3,0,0,True
Corteva,reused_external_strict,corteva-2014-2018-external|2015-74|2015,era5loc_ac3e32c77013|2015,corteva-2014-2018-external,2015-74,2015,era5loc_ac3e32c77013,FRANCE,50.2,2.4,2015-05-26,39.0,39.0,4,1,4,0,0,True
Corteva,reused_external_strict,corteva-2014-2018-external|2015-74|2015,era5loc_ac3e32c77013|2015,corteva-2014-2018-external,2015-74,2015,era5loc_ac3e32c77013,FRANCE,50.2,2.4,2015-06-15,51.0,51.0,3,1,3,0,0,True
Corteva,reused_external_strict,corteva-2014-2018-external|2015-75|2015,era5loc_b78a3047c055|2015,corteva-2014-2018-external,2015-75,2015,era5loc_b78a3047c055,UNITED KINGDOM,52.4,-1.4,2015-05-16,37.0,37.0,6,1,6,0,0,True
Corteva,reused_external_strict,corteva-2014-2018-external|2015-75|2015,era5loc_b78a3047c055|2015,corteva-2014-2018-external,2015-75,2015,era5loc_b78a3047c055,UNITED KINGDOM,52.4,-1.4,2015-06-12,61.0,61.0,5,1,5,0,0,True
Corteva,reused_external_strict,corteva-2014-2018-external|2015-75|2015,era5loc_b78a3047c055|2015,corteva-2014-2018-external,2015-75,2015,era5loc_b78a3047c055,UNITED KINGDOM,52.4,-1.4,2015-06-25,69.0,69.0,4,1,4,0,0,True
Corteva,reused_external_strict,corteva-2014-2018-external|2015-76|2015,era5loc_5bc9f026f451|2015,corteva-2014-2018-external,2015-76,2015,era5loc_5bc9f026f451,POLAND,50.3,18.6,2015-05-18,37.0,37.0,4,1,4,0,0,True
Corteva,reused_external_strict,corteva-2014-2018-external|2015-76|2015,era5loc_5bc9f026f451|2015,corteva-2014-2018-external,2015-76,2015,era5loc_5bc9f026f451,POLAND,50.3,18.6,2015-06-03,55.0,55.0,4,1,4,0,0,True
Corteva,reused_external_strict,corteva-2014-2018-external|2015-76|2015,era5loc_5bc9f026f451|2015,corteva-2014-2018-external,2015-76,2015,era5loc_5bc9f026f451,POLAND,50.3,18.6,2015-06-30,75.0,75.0,1,1,1,0,0,True
Corteva,reused_external_strict,corteva-2014-2018-external|2015-77|2015,era5loc_444826b8a178|2015,corteva-2014-2018-external,2015-77,2015,era5loc_444826b8a178,UNITED KINGDOM,52.1,-2.6,2015-04-10,31.0,31.0,3,1,3,0,0,True
Corteva,reused_external_strict,corteva-2014-2018-external|2015-77|2015,era5loc_444826b8a178|2015,corteva-2014-2018-external,2015-77,2015,era5loc_444826b8a178,UNITED KINGDOM,52.1,-2.6,2015-05-04,32.0,32.0,3,1,3,0,0,True
Corteva,reused_external_strict,corteva-2014-2018-external|2015-77|2015,era5loc_444826b8a178|2015,corteva-2014-2018-external,2015-77,2015,era5loc_444826b8a178,UNITED KINGDOM,52.1,-2.6,2015-05-28,45.0,45.0,4,1,4,0,0,True
Corteva,reused_external_strict,corteva-2014-2018-external|2015-77|2015,era5loc_444826b8a178|2015,corteva-2014-2018-external,2015-77,2015,era5loc_444826b8a178,UNITED KINGDOM,52.1,-2.6,2015-06-10,59.0,59.0,4,1,4,0,0,True
Corteva,reused_external_strict,corteva-2014-2018-external|2015-77|2015,era5loc_444826b8a178|2015,corteva-2014-2018-external,2015-77,2015,era5loc_444826b8a178,UNITED KINGDOM,52.1,-2.6,2015-06-23,69.0,69.0,4,1,4,0,0,True
Corteva,reused_external_strict,corteva-2014-2018-external|2015-77|2015,era5loc_444826b8a178|2015,corteva-2014-2018-external,2015-77,2015,era5loc_444826b8a178,UNITED KINGDOM,52.1,-2.6,2015-07-13,83.0,83.0,3,1,3,0,0,True
Corteva,reused_external_strict,corteva-2014-2018-external|2015-78|2015,era5loc_06b87a47fb78|2015,corteva-2014-2018-external,2015-78,2015,era5loc_06b87a47fb78,IRELAND,52.9,-6.9,2015-04-27,32.0,32.0,2,1,2,0,0,True
Corteva,reused_external_strict,corteva-2014-2018-external|2015-78|2015,era5loc_06b87a47fb78|2015,corteva-2014-2018-external,2015-78,2015,era5loc_06b87a47fb78,IRELAND,52.9,-6.9,2015-06-10,49.0,49.0,5,1,5,0,0,True
Corteva,reused_external_strict,corteva-2014-2018-external|2015-78|2015,era5loc_06b87a47fb78|2015,corteva-2014-2018-external,2015-78,2015,era5loc_06b87a47fb78,IRELAND,52.9,-6.9,2015-06-22,59.0,59.0,3,1,3,0,0,True
Corteva,reused_external_strict,corteva-2014-2018-external|2015-78|2015,era5loc_06b87a47fb78|2015,corteva-2014-2018-external,2015-78,2015,era5loc_06b87a47fb78,IRELAND,52.9,-6.9,2015-07-13,69.0,69.0,2,1,2,0,0,True
Corteva,reused_external_strict,corteva-2014-2018-external|2016-100|2016,era5loc_d0e22e1571cb|2016,corteva-2014-2018-external,2016-100,2016,era5loc_d0e22e1571cb,IRELAND,52.9,-6.7,2016-06-07,45.0,45.0,2,1,2,0,0,True
Corteva,reused_external_strict,corteva-2014-2018-external|2016-100|2016,era5loc_d0e22e1571cb|2016,corteva-2014-2018-external,2016-100,2016,era5loc_d0e22e1571cb,IRELAND,52.9,-6.7,2016-07-07,77.0,77.0,4,1,4,0,0,True
Corteva,reused_external_strict,corteva-2014-2018-external|2016-100|2016,era5loc_d0e22e1571cb|2016,corteva-2014-2018-external,2016-100,2016,era5loc_d0e22e1571cb,IRELAND,52.9,-6.7,2016-07-18,77.0,77.0,2,1,2,0,0,True
Corteva,reused_external_strict,corteva-2014-2018-external|2016-102|2016,era5loc_00eea7e0108c|2016,corteva-2014-2018-external,2016-102,2016,era5loc_00eea7e0108c,GERMANY,50.4,8.2,2016-05-17,37.0,37.0,3,1,3,0,0,True
Corteva,reused_external_strict,corteva-2014-2018-external|2016-102|2016,era5loc_00eea7e0108c|2016,corteva-2014-2018-external,2016-102,2016,era5loc_00eea7e0108c,GERMANY,50.4,8.2,2016-05-30,51.0,51.0,4,1,4,0,0,True
Corteva,reused_external_strict,corteva-2014-2018-external|2016-102|2016,era5loc_00eea7e0108c|2016,corteva-2014-2018-external,2016-102,2016,era5loc_00eea7e0108c,GERMANY,50.4,8.2,2016-06-10,51.0,51.0,4,1,4,0,0,True
Corteva,reused_external_strict,corteva-2014-2018-external|2016-102|2016,era5loc_00eea7e0108c|2016,corteva-2014-2018-external,2016-102,2016,era5loc_00eea7e0108c,GERMANY,50.4,8.2,2016-06-17,69.0,69.0,4,1,4,0,0,True
Corteva,reused_external_strict,corteva-2014-2018-external|2016-102|2016,era5loc_00eea7e0108c|2016,corteva-2014-2018-external,2016-102,2016,era5loc_00eea7e0108c,GERMANY,50.4,8.2,2016-07-06,77.0,77.0,3,1,3,0,0,True
Corteva,reused_external_strict,corteva-2014-2018-external|2016-103|2016,era5loc_552fc1bf2ed1|2016,corteva-2014-2018-external,2016-103,2016,era5loc_552fc1bf2ed1,FRANCE,49.2,-0.5,2016-06-30,83.0,83.0,2,1,2,0,0,True
Corteva,reused_external_strict,corteva-2014-2018-external|2016-104|2016,era5loc_7d2651d26912|2016,corteva-2014-2018-external,2016-104,2016,era5loc_7d2651d26912,POLAND,53.0,17.2,2016-06-23,75.0,75.0,2,1,2,0,0,True
Corteva,reused_external_strict,corteva-2014-2018-external|2016-105|2016,era5loc_a0cd83c309f8|2016,corteva-2014-2018-external,2016-105,2016,era5loc_a0cd83c309f8,UNITED KINGDOM,55.9,-2.8,2016-04-25,30.0,30.0,1,1,1,0,0,True
Corteva,reused_external_strict,corteva-2014-2018-external|2016-105|2016,era5loc_a0cd83c309f8|2016,corteva-2014-2018-external,2016-105,2016,era5loc_a0cd83c309f8,UNITED KINGDOM,55.9,-2.8,2016-06-03,39.0,39.0,5,1,5,0,0,True
Corteva,reused_external_strict,corteva-2014-2018-external|2016-105|2016,era5loc_a0cd83c309f8|2016,corteva-2014-2018-external,2016-105,2016,era5loc_a0cd83c309f8,UNITED KINGDOM,55.9,-2.8,2016-06-21,55.0,55.0,4,1,4,0,0,True
Corteva,reused_external_strict,corteva-2014-2018-external|2016-105|2016,era5loc_a0cd83c309f8|2016,corteva-2014-2018-external,2016-105,2016,era5loc_a0cd83c309f8,UNITED KINGDOM,55.9,-2.8,2016-07-04,65.0,65.0,4,1,4,0,0,True
Corteva,reused_external_strict,corteva-2014-2018-external|2016-105|2016,era5loc_a0cd83c309f8|2016,corteva-2014-2018-external,2016-105,2016,era5loc_a0cd83c309f8,UNITED KINGDOM,55.9,-2.8,2016-07-14,69.0,69.0,3,1,3,0,0,True
Corteva,reused_external_strict,corteva-2014-2018-external|2016-106|2016,era5loc_0da14fe6a2dd|2016,corteva-2014-2018-external,2016-106,2016,era5loc_0da14fe6a2dd,FRANCE,49.9,2.1,2016-05-12,37.0,37.0,5,1,5,0,0,True
Corteva,reused_external_strict,corteva-2014-2018-external|2016-106|2016,era5loc_0da14fe6a2dd|2016,corteva-2014-2018-external,2016-106,2016,era5loc_0da14fe6a2dd,FRANCE,49.9,2.1,2016-05-27,49.0,49.0,3,1,3,0,0,True
Corteva,reused_external_strict,corteva-2014-2018-external|2016-106|2016,era5loc_0da14fe6a2dd|2016,corteva-2014-2018-external,2016-106,2016,era5loc_0da14fe6a2dd,FRANCE,49.9,2.1,2016-06-24,73.0,73.0,2,1,2,0,0,True
Corteva,reused_external_strict,corteva-2014-2018-external|2016-107|2016,era5loc_c6c2c622a0ea|2016,corteva-2014-2018-external,2016-107,2016,era5loc_c6c2c622a0ea,UNITED KINGDOM,52.7,-1.6,2016-05-05,31.0,31.0,4,1,4,0,0,True
Corteva,reused_external_strict,corteva-2014-2018-external|2016-107|2016,era5loc_c6c2c622a0ea|2016,corteva-2014-2018-external,2016-107,2016,era5loc_c6c2c622a0ea,UNITED KINGDOM,52.7,-1.6,2016-05-26,39.0,39.0,5,1,5,0,0,True
Corteva,reused_external_strict,corteva-2014-2018-external|2016-107|2016,era5loc_c6c2c622a0ea|2016,corteva-2014-2018-external,2016-107,2016,era5loc_c6c2c622a0ea,UNITED KINGDOM,52.7,-1.6,2016-06-08,49.0,49.0,4,1,4,0,0,True
Corteva,reused_external_strict,corteva-2014-2018-external|2016-107|2016,era5loc_c6c2c622a0ea|2016,corteva-2014-2018-external,2016-107,2016,era5loc_c6c2c622a0ea,UNITED KINGDOM,52.7,-1.6,2016-06-27,65.0,65.0,3,1,3,0,0,True
Corteva,reused_external_strict,corteva-2014-2018-external|2016-107|2016,era5loc_c6c2c622a0ea|2016,corteva-2014-2018-external,2016-107,2016,era5loc_c6c2c622a0ea,UNITED KINGDOM,52.7,-1.6,2016-07-16,73.0,73.0,2,1,2,0,0,True
Corteva,reused_external_strict,corteva-2014-2018-external|2016-110|2016,era5loc_444826b8a178|2016,corteva-2014-2018-external,2016-110,2016,era5loc_444826b8a178,UNITED KINGDOM,52.1,-2.6,2016-06-01,51.0,51.0,4,1,4,0,0,True
Corteva,reused_external_strict,corteva-2014-2018-external|2016-110|2016,era5loc_444826b8a178|2016,corteva-2014-2018-external,2016-110,2016,era5loc_444826b8a178,UNITED KINGDOM,52.1,-2.6,2016-06-13,61.0,61.0,4,1,4,0,0,True
Corteva,reused_external_strict,corteva-2014-2018-external|2016-110|2016,era5loc_444826b8a178|2016,corteva-2014-2018-external,2016-110,2016,era5loc_444826b8a178,UNITED KINGDOM,52.1,-2.6,2016-06-25,69.0,69.0,4,1,4,0,0,True
Corteva,reused_external_strict,corteva-2014-2018-external|2016-110|2016,era5loc_444826b8a178|2016,corteva-2014-2018-external,2016-110,2016,era5loc_444826b8a178,UNITED KINGDOM,52.1,-2.6,2016-07-06,85.0,85.0,3,1,3,0,0,True
Corteva,reused_external_strict,corteva-2014-2018-external|2016-111|2016,era5loc_badf6a0c8408|2016,corteva-2014-2018-external,2016-111,2016,era5loc_badf6a0c8408,IRELAND,53.0,-6.9,2016-05-18,39.0,39.0,3,1,3,0,0,True
Corteva,reused_external_strict,corteva-2014-2018-external|2016-111|2016,era5loc_badf6a0c8408|2016,corteva-2014-2018-external,2016-111,2016,era5loc_badf6a0c8408,IRELAND,53.0,-6.9,2016-06-03,55.0,55.0,3,1,3,0,0,True
Corteva,reused_external_strict,corteva-2014-2018-external|2016-111|2016,era5loc_badf6a0c8408|2016,corteva-2014-2018-external,2016-111,2016,era5loc_badf6a0c8408,IRELAND,53.0,-6.9,2016-06-17,65.0,65.0,3,1,3,0,0,True
Corteva,reused_external_strict,corteva-2014-2018-external|2016-111|2016,era5loc_badf6a0c8408|2016,corteva-2014-2018-external,2016-111,2016,era5loc_badf6a0c8408,IRELAND,53.0,-6.9,2016-07-07,77.0,77.0,2,1,2,0,0,True
Corteva,reused_external_strict,corteva-2014-2018-external|2016-113|2016,era5loc_b1851c4862e8|2016,corteva-2014-2018-external,2016-113,2016,era5loc_b1851c4862e8,GERMANY,50.3,8.8,2016-05-20,37.0,37.0,3,1,3,0,0,True
Corteva,reused_external_strict,corteva-2014-2018-external|2016-113|2016,era5loc_b1851c4862e8|2016,corteva-2014-2018-external,2016-113,2016,era5loc_b1851c4862e8,GERMANY,50.3,8.8,2016-06-06,55.0,55.0,3,1,3,0,0,True
Corteva,reused_external_strict,corteva-2014-2018-external|2016-113|2016,era5loc_b1851c4862e8|2016,corteva-2014-2018-external,2016-113,2016,era5loc_b1851c4862e8,GERMANY,50.3,8.8,2016-06-21,69.0,71.0,4,1,4,0,0,True
Corteva,reused_external_strict,corteva-2014-2018-external|2016-113|2016,era5loc_b1851c4862e8|2016,corteva-2014-2018-external,2016-113,2016,era5loc_b1851c4862e8,GERMANY,50.3,8.8,2016-07-05,77.0,77.0,2,1,2,0,0,True
Corteva,reused_external_strict,corteva-2014-2018-external|2016-116|2016,era5loc_10922b9e995a|2016,corteva-2014-2018-external,2016-116,2016,era5loc_10922b9e995a,UNITED KINGDOM,52.2,-1.6,2016-05-30,59.0,59.0,4,1,4,0,0,True
Corteva,reused_external_strict,corteva-2014-2018-external|2016-116|2016,era5loc_10922b9e995a|2016,corteva-2014-2018-external,2016-116,2016,era5loc_10922b9e995a,UNITED KINGDOM,52.2,-1.6,2016-06-13,65.0,65.0,3,1,3,0,0,True
Corteva,reused_external_strict,corteva-2014-2018-external|2016-116|2016,era5loc_10922b9e995a|2016,corteva-2014-2018-external,2016-116,2016,era5loc_10922b9e995a,UNITED KINGDOM,52.2,-1.6,2016-06-27,71.0,71.0,4,1,4,0,0,True
Corteva,reused_external_strict,corteva-2014-2018-external|2016-116|2016,era5loc_10922b9e995a|2016,corteva-2014-2018-external,2016-116,2016,era5loc_10922b9e995a,UNITED KINGDOM,52.2,-1.6,2016-07-05,73.0,73.0,4,1,4,0,0,True
Corteva,reused_external_strict,corteva-2014-2018-external|2016-116|2016,era5loc_10922b9e995a|2016,corteva-2014-2018-external,2016-116,2016,era5loc_10922b9e995a,UNITED KINGDOM,52.2,-1.6,2016-07-11,75.0,75.0,4,1,4,0,0,True
Corteva,reused_external_strict,corteva-2014-2018-external|2016-79|2016,era5loc_10922b9e995a|2016,corteva-2014-2018-external,2016-79,2016,era5loc_10922b9e995a,UNITED KINGDOM,52.2,-1.6,2016-05-17,39.0,39.0,5,1,5,0,0,True
Corteva,reused_external_strict,corteva-2014-2018-external|2016-79|2016,era5loc_10922b9e995a|2016,corteva-2014-2018-external,2016-79,2016,era5loc_10922b9e995a,UNITED KINGDOM,52.2,-1.6,2016-06-01,39.0,39.0,4,1,4,0,0,True
Corteva,reused_external_strict,corteva-2014-2018-external|2016-79|2016,era5loc_10922b9e995a|2016,corteva-2014-2018-external,2016-79,2016,era5loc_10922b9e995a,UNITED KINGDOM,52.2,-1.6,2016-06-13,61.0,61.0,4,1,4,0,0,True
Corteva,reused_external_strict,corteva-2014-2018-external|2016-79|2016,era5loc_10922b9e995a|2016,corteva-2014-2018-external,2016-79,2016,era5loc_10922b9e995a,UNITED KINGDOM,52.2,-1.6,2016-06-22,69.0,69.0,3,1,3,0,0,True
Corteva,reused_external_strict,corteva-2014-2018-external|2016-81|2016,era5loc_10922b9e995a|2016,corteva-2014-2018-external,2016-81,2016,era5loc_10922b9e995a,UNITED KINGDOM,52.2,-1.6,2016-05-20,41.0,41.0,2,1,2,0,0,True
Corteva,reused_external_strict,corteva-2014-2018-external|2016-81|2016,era5loc_10922b9e995a|2016,corteva-2014-2018-external,2016-81,2016,era5loc_10922b9e995a,UNITED KINGDOM,52.2,-1.6,2016-05-31,47.0,47.0,3,1,3,0,0,True
Corteva,reused_external_strict,corteva-2014-2018-external|2016-81|2016,era5loc_10922b9e995a|2016,corteva-2014-2018-external,2016-81,2016,era5loc_10922b9e995a,UNITED KINGDOM,52.2,-1.6,2016-06-10,61.0,61.0,3,1,3,0,0,True
Corteva,reused_external_strict,corteva-2014-2018-external|2016-81|2016,era5loc_10922b9e995a|2016,corteva-2014-2018-external,2016-81,2016,era5loc_10922b9e995a,UNITED KINGDOM,52.2,-1.6,2016-06-22,69.0,69.0,3,1,3,0,0,True
Corteva,reused_external_strict,corteva-2014-2018-external|2016-81|2016,era5loc_10922b9e995a|2016,corteva-2014-2018-external,2016-81,2016,era5loc_10922b9e995a,UNITED KINGDOM,52.2,-1.6,2016-06-30,71.0,71.0,3,1,3,0,0,True
Corteva,reused_external_strict,corteva-2014-2018-external|2016-81|2016,era5loc_10922b9e995a|2016,corteva-2014-2018-external,2016-81,2016,era5loc_10922b9e995a,UNITED KINGDOM,52.2,-1.6,2016-07-05,75.0,75.0,1,1,1,0,0,True
Corteva,reused_external_strict,corteva-2014-2018-external|2016-90|2016,era5loc_7df03bc05f0e|2016,corteva-2014-2018-external,2016-90,2016,era5loc_7df03bc05f0e,FRANCE,49.1,-0.5,2016-05-25,57.0,57.0,3,1,3,0,0,True
Corteva,reused_external_strict,corteva-2014-2018-external|2016-91|2016,era5loc_10922b9e995a|2016,corteva-2014-2018-external,2016-91,2016,era5loc_10922b9e995a,UNITED KINGDOM,52.2,-1.6,2016-05-17,39.0,39.0,2,1,2,0,0,True
Corteva,reused_external_strict,corteva-2014-2018-external|2016-91|2016,era5loc_10922b9e995a|2016,corteva-2014-2018-external,2016-91,2016,era5loc_10922b9e995a,UNITED KINGDOM,52.2,-1.6,2016-06-01,45.0,45.0,4,1,4,0,0,True
Corteva,reused_external_strict,corteva-2014-2018-external|2016-91|2016,era5loc_10922b9e995a|2016,corteva-2014-2018-external,2016-91,2016,era5loc_10922b9e995a,UNITED KINGDOM,52.2,-1.6,2016-06-13,65.0,65.0,3,1,3,0,0,True
Corteva,reused_external_strict,corteva-2014-2018-external|2016-91|2016,era5loc_10922b9e995a|2016,corteva-2014-2018-external,2016-91,2016,era5loc_10922b9e995a,UNITED KINGDOM,52.2,-1.6,2016-06-23,69.0,69.0,4,1,4,0,0,True
Corteva,reused_external_strict,corteva-2014-2018-external|2016-91|2016,era5loc_10922b9e995a|2016,corteva-2014-2018-external,2016-91,2016,era5loc_10922b9e995a,UNITED KINGDOM,52.2,-1.6,2016-06-28,69.0,69.0,4,1,4,0,0,True
Corteva,reused_external_strict,corteva-2014-2018-external|2016-91|2016,era5loc_10922b9e995a|2016,corteva-2014-2018-external,2016-91,2016,era5loc_10922b9e995a,UNITED KINGDOM,52.2,-1.6,2016-07-05,73.0,73.0,4,1,4,0,0,True
Corteva,reused_external_strict,corteva-2014-2018-external|2016-93|2016,era5loc_b267bcd7dbd3|2016,corteva-2014-2018-external,2016-93,2016,era5loc_b267bcd7dbd3,GERMANY,54.2,10.9,2016-05-06,30.0,30.0,2,1,2,0,0,True
Corteva,reused_external_strict,corteva-2014-2018-external|2016-93|2016,era5loc_b267bcd7dbd3|2016,corteva-2014-2018-external,2016-93,2016,era5loc_b267bcd7dbd3,GERMANY,54.2,10.9,2016-05-25,37.0,37.0,3,1,3,0,0,True
Corteva,reused_external_strict,corteva-2014-2018-external|2016-93|2016,era5loc_b267bcd7dbd3|2016,corteva-2014-2018-external,2016-93,2016,era5loc_b267bcd7dbd3,GERMANY,54.2,10.9,2016-06-05,39.0,55.0,3,1,3,0,0,True
Corteva,reused_external_strict,corteva-2014-2018-external|2016-93|2016,era5loc_b267bcd7dbd3|2016,corteva-2014-2018-external,2016-93,2016,era5loc_b267bcd7dbd3,GERMANY,54.2,10.9,2016-06-21,55.0,61.0,3,1,3,0,0,True
Corteva,reused_external_strict,corteva-2014-2018-external|2016-93|2016,era5loc_b267bcd7dbd3|2016,corteva-2014-2018-external,2016-93,2016,era5loc_b267bcd7dbd3,GERMANY,54.2,10.9,2016-07-05,77.0,77.0,2,1,2,0,0,True
Corteva,reused_external_strict,corteva-2014-2018-external|2016-94|2016,era5loc_10922b9e995a|2016,corteva-2014-2018-external,2016-94,2016,era5loc_10922b9e995a,UNITED KINGDOM,52.2,-1.6,2016-06-23,71.0,71.0,3,1,3,0,0,True
Corteva,reused_external_strict,corteva-2014-2018-external|2016-97|2016,era5loc_10922b9e995a|2016,corteva-2014-2018-external,2016-97,2016,era5loc_10922b9e995a,UNITED KINGDOM,52.2,-1.6,2016-05-27,51.0,51.0,4,1,4,0,0,True
Corteva,reused_external_strict,corteva-2014-2018-external|2016-97|2016,era5loc_10922b9e995a|2016,corteva-2014-2018-external,2016-97,2016,era5loc_10922b9e995a,UNITED KINGDOM,52.2,-1.6,2016-06-22,69.0,69.0,4,1,4,0,0,True
Corteva,reused_external_strict,corteva-2014-2018-external|2016-97|2016,era5loc_10922b9e995a|2016,corteva-2014-2018-external,2016-97,2016,era5loc_10922b9e995a,UNITED KINGDOM,52.2,-1.6,2016-06-28,69.0,69.0,4,1,4,0,0,True
Corteva,reused_external_strict,corteva-2014-2018-external|2016-97|2016,era5loc_10922b9e995a|2016,corteva-2014-2018-external,2016-97,2016,era5loc_10922b9e995a,UNITED KINGDOM,52.2,-1.6,2016-07-04,69.0,69.0,4,1,4,0,0,True
Corteva,reused_external_strict,corteva-2014-2018-external|2016-97|2016,era5loc_10922b9e995a|2016,corteva-2014-2018-external,2016-97,2016,era5loc_10922b9e995a,UNITED KINGDOM,52.2,-1.6,2016-07-07,69.0,69.0,4,1,4,0,0,True
Corteva,reused_external_strict,corteva-2014-2018-external|2016-98|2016,era5loc_4a01bdc540c8|2016,corteva-2014-2018-external,2016-98,2016,era5loc_4a01bdc540c8,FRANCE,47.7,1.0,2016-06-23,77.0,77.0,2,1,2,0,0,True
Corteva,reused_external_strict,corteva-2014-2018-external|2016-99|2016,era5loc_10922b9e995a|2016,corteva-2014-2018-external,2016-99,2016,era5loc_10922b9e995a,UNITED KINGDOM,52.2,-1.6,2016-05-27,51.0,51.0,4,1,4,0,0,True
Corteva,reused_external_strict,corteva-2014-2018-external|2016-99|2016,era5loc_10922b9e995a|2016,corteva-2014-2018-external,2016-99,2016,era5loc_10922b9e995a,UNITED KINGDOM,52.2,-1.6,2016-06-01,55.0,55.0,4,1,4,0,0,True
Corteva,reused_external_strict,corteva-2014-2018-external|2016-99|2016,era5loc_10922b9e995a|2016,corteva-2014-2018-external,2016-99,2016,era5loc_10922b9e995a,UNITED KINGDOM,52.2,-1.6,2016-06-22,69.0,69.0,4,1,4,0,0,True
Corteva,reused_external_strict,corteva-2014-2018-external|2016-99|2016,era5loc_10922b9e995a|2016,corteva-2014-2018-external,2016-99,2016,era5loc_10922b9e995a,UNITED KINGDOM,52.2,-1.6,2016-06-28,71.0,71.0,4,1,4,0,0,True
Corteva,reused_external_strict,corteva-2014-2018-external|2016-99|2016,era5loc_10922b9e995a|2016,corteva-2014-2018-external,2016-99,2016,era5loc_10922b9e995a,UNITED KINGDOM,52.2,-1.6,2016-07-05,73.0,73.0,4,1,4,0,0,True
Corteva,reused_external_strict,corteva-2014-2018-external|2016-99|2016,era5loc_10922b9e995a|2016,corteva-2014-2018-external,2016-99,2016,era5loc_10922b9e995a,UNITED KINGDOM,52.2,-1.6,2016-07-08,73.0,73.0,4,1,4,0,0,True
Corteva,reused_external_strict,corteva-2014-2018-external|2017-118|2017,era5loc_10922b9e995a|2017,corteva-2014-2018-external,2017-118,2017,era5loc_10922b9e995a,UNITED KINGDOM,52.2,-1.6,2017-06-02,61.0,61.0,3,1,3,0,0,True
Corteva,reused_external_strict,corteva-2014-2018-external|2017-118|2017,era5loc_10922b9e995a|2017,corteva-2014-2018-external,2017-118,2017,era5loc_10922b9e995a,UNITED KINGDOM,52.2,-1.6,2017-06-08,69.0,69.0,4,1,4,0,0,True
Corteva,reused_external_strict,corteva-2014-2018-external|2017-118|2017,era5loc_10922b9e995a|2017,corteva-2014-2018-external,2017-118,2017,era5loc_10922b9e995a,UNITED KINGDOM,52.2,-1.6,2017-06-15,73.0,73.0,2,1,2,0,0,True
Corteva,reused_external_strict,corteva-2014-2018-external|2017-121|2017,era5loc_552fc1bf2ed1|2017,corteva-2014-2018-external,2017-121,2017,era5loc_552fc1bf2ed1,FRANCE,49.2,-0.5,2017-05-31,61.0,61.0,3,1,3,0,0,True
Corteva,reused_external_strict,corteva-2014-2018-external|2017-121|2017,era5loc_552fc1bf2ed1|2017,corteva-2014-2018-external,2017-121,2017,era5loc_552fc1bf2ed1,FRANCE,49.2,-0.5,2017-06-22,77.0,77.0,2,1,2,0,0,True
Corteva,reused_external_strict,corteva-2014-2018-external|2017-126|2017,era5loc_10922b9e995a|2017,corteva-2014-2018-external,2017-126,2017,era5loc_10922b9e995a,UNITED KINGDOM,52.2,-1.6,2017-06-15,73.0,73.0,4,1,4,0,0,True
Corteva,reused_external_strict,corteva-2014-2018-external|2017-126|2017,era5loc_10922b9e995a|2017,corteva-2014-2018-external,2017-126,2017,era5loc_10922b9e995a,UNITED KINGDOM,52.2,-1.6,2017-06-20,75.0,75.0,4,1,4,0,0,True
Corteva,reused_external_strict,corteva-2014-2018-external|2017-130|2017,era5loc_831f1bcc3513|2017,corteva-2014-2018-external,2017-130,2017,era5loc_831f1bcc3513,GERMANY,53.4,8.1,2017-05-16,33.0,33.0,4,1,4,0,0,True
Corteva,reused_external_strict,corteva-2014-2018-external|2017-130|2017,era5loc_831f1bcc3513|2017,corteva-2014-2018-external,2017-130,2017,era5loc_831f1bcc3513,GERMANY,53.4,8.1,2017-05-30,53.0,53.0,3,1,3,0,0,True
Corteva,reused_external_strict,corteva-2014-2018-external|2017-130|2017,era5loc_831f1bcc3513|2017,corteva-2014-2018-external,2017-130,2017,era5loc_831f1bcc3513,GERMANY,53.4,8.1,2017-06-14,65.0,65.0,3,1,3,0,0,True
Corteva,reused_external_strict,corteva-2014-2018-external|2017-132|2017,era5loc_10922b9e995a|2017,corteva-2014-2018-external,2017-132,2017,era5loc_10922b9e995a,UNITED KINGDOM,52.2,-1.6,2017-04-18,33.0,33.0,1,1,1,0,0,True
Corteva,reused_external_strict,corteva-2014-2018-external|2017-141|2017,era5loc_10922b9e995a|2017,corteva-2014-2018-external,2017-141,2017,era5loc_10922b9e995a,UNITED KINGDOM,52.2,-1.6,2017-05-30,65.0,65.0,4,1,4,0,0,True
Corteva,reused_external_strict,corteva-2014-2018-external|2017-141|2017,era5loc_10922b9e995a|2017,corteva-2014-2018-external,2017-141,2017,era5loc_10922b9e995a,UNITED KINGDOM,52.2,-1.6,2017-06-14,73.0,73.0,1,1,1,0,0,True
Corteva,reused_external_strict,corteva-2014-2018-external|2017-141|2017,era5loc_10922b9e995a|2017,corteva-2014-2018-external,2017-141,2017,era5loc_10922b9e995a,UNITED KINGDOM,52.2,-1.6,2017-06-21,75.0,75.0,1,1,1,0,0,True
Corteva,reused_external_strict,corteva-2014-2018-external|2017-141|2017,era5loc_10922b9e995a|2017,corteva-2014-2018-external,2017-141,2017,era5loc_10922b9e995a,UNITED KINGDOM,52.2,-1.6,2017-06-29,75.0,75.0,1,1,1,0,0,True
Corteva,reused_external_strict,corteva-2014-2018-external|2017-142|2017,era5loc_707c396abf09|2017,corteva-2014-2018-external,2017-142,2017,era5loc_707c396abf09,GERMANY,51.2,13.3,2017-06-13,65.0,65.0,1,1,1,0,0,True
Corteva,reused_external_strict,corteva-2014-2018-external|2017-142|2017,era5loc_707c396abf09|2017,corteva-2014-2018-external,2017-142,2017,era5loc_707c396abf09,GERMANY,51.2,13.3,2017-06-30,75.0,75.0,2,1,2,0,0,True
Corteva,reused_external_strict,corteva-2014-2018-external|2017-142|2017,era5loc_707c396abf09|2017,corteva-2014-2018-external,2017-142,2017,era5loc_707c396abf09,GERMANY,51.2,13.3,2017-07-12,77.0,77.0,2,1,2,0,0,True
Corteva,reused_external_strict,corteva-2014-2018-external|2017-144|2017,era5loc_75bcfbe45580|2017,corteva-2014-2018-external,2017-144,2017,era5loc_75bcfbe45580,FRANCE,50.2,3.0,2017-06-08,69.0,69.0,3,1,3,0,0,True
Corteva,reused_external_strict,corteva-2014-2018-external|2017-145|2017,era5loc_a8819305ac0f|2017,corteva-2014-2018-external,2017-145,2017,era5loc_a8819305ac0f,UNITED KINGDOM,52.1,-2.5,2017-06-02,51.0,51.0,4,1,4,0,0,True
Corteva,reused_external_strict,corteva-2014-2018-external|2017-145|2017,era5loc_a8819305ac0f|2017,corteva-2014-2018-external,2017-145,2017,era5loc_a8819305ac0f,UNITED KINGDOM,52.1,-2.5,2017-06-29,75.0,75.0,2,1,2,0,0,True
Corteva,reused_external_strict,corteva-2014-2018-external|2017-145|2017,era5loc_a8819305ac0f|2017,corteva-2014-2018-external,2017-145,2017,era5loc_a8819305ac0f,UNITED KINGDOM,52.1,-2.5,2017-07-06,77.0,77.0,2,1,2,0,0,True
Corteva,reused_external_strict,corteva-2014-2018-external|2017-146|2017,era5loc_5169e9aeb73a|2017,corteva-2014-2018-external,2017-146,2017,era5loc_5169e9aeb73a,POLAND,52.0,17.5,2017-06-29,75.0,75.0,2,1,2,0,0,True
Corteva,reused_external_strict,corteva-2014-2018-external|2017-147|2017,era5loc_831f1bcc3513|2017,corteva-2014-2018-external,2017-147,2017,era5loc_831f1bcc3513,GERMANY,53.4,8.1,2017-05-16,33.0,33.0,4,1,4,0,0,True
Corteva,reused_external_strict,corteva-2014-2018-external|2017-147|2017,era5loc_831f1bcc3513|2017,corteva-2014-2018-external,2017-147,2017,era5loc_831f1bcc3513,GERMANY,53.4,8.1,2017-05-30,53.0,71.0,3,1,3,0,0,True
Corteva,reused_external_strict,corteva-2014-2018-external|2017-148|2017,era5loc_9ec703701638|2017,corteva-2014-2018-external,2017-148,2017,era5loc_9ec703701638,DENMARK,55.3,11.4,2017-06-01,57.0,57.0,1,1,1,0,0,True
Corteva,reused_external_strict,corteva-2014-2018-external|2017-150|2017,era5loc_10922b9e995a|2017,corteva-2014-2018-external,2017-150,2017,era5loc_10922b9e995a,UNITED KINGDOM,52.2,-1.6,2017-06-01,61.0,61.0,3,1,3,0,0,True
Corteva,reused_external_strict,corteva-2014-2018-external|2017-150|2017,era5loc_10922b9e995a|2017,corteva-2014-2018-external,2017-150,2017,era5loc_10922b9e995a,UNITED KINGDOM,52.2,-1.6,2017-06-08,69.0,69.0,3,1,3,0,0,True
Corteva,reused_external_strict,corteva-2014-2018-external|2017-150|2017,era5loc_10922b9e995a|2017,corteva-2014-2018-external,2017-150,2017,era5loc_10922b9e995a,UNITED KINGDOM,52.2,-1.6,2017-06-14,71.0,71.0,3,1,3,0,0,True
Corteva,reused_external_strict,corteva-2014-2018-external|2017-150|2017,era5loc_10922b9e995a|2017,corteva-2014-2018-external,2017-150,2017,era5loc_10922b9e995a,UNITED KINGDOM,52.2,-1.6,2017-06-23,77.0,77.0,2,1,2,0,0,True
Corteva,reused_external_strict,corteva-2014-2018-external|2017-151|2017,era5loc_9ec703701638|2017,corteva-2014-2018-external,2017-151,2017,era5loc_9ec703701638,DENMARK,55.3,11.4,2017-05-17,33.0,33.0,1,1,1,0,0,True
Corteva,reused_external_strict,corteva-2014-2018-external|2017-151|2017,era5loc_9ec703701638|2017,corteva-2014-2018-external,2017-151,2017,era5loc_9ec703701638,DENMARK,55.3,11.4,2017-05-31,47.0,47.0,2,1,2,0,0,True
Corteva,reused_external_strict,corteva-2014-2018-external|2017-151|2017,era5loc_9ec703701638|2017,corteva-2014-2018-external,2017-151,2017,era5loc_9ec703701638,DENMARK,55.3,11.4,2017-06-13,65.0,65.0,2,1,2,0,0,True
Corteva,reused_external_strict,corteva-2014-2018-external|2017-151|2017,era5loc_9ec703701638|2017,corteva-2014-2018-external,2017-151,2017,era5loc_9ec703701638,DENMARK,55.3,11.4,2017-06-22,71.0,71.0,3,1,3,0,0,True
Corteva,reused_external_strict,corteva-2014-2018-external|2017-151|2017,era5loc_9ec703701638|2017,corteva-2014-2018-external,2017-151,2017,era5loc_9ec703701638,DENMARK,55.3,11.4,2017-07-04,77.0,77.0,2,1,2,0,0,True
Corteva,reused_external_strict,corteva-2014-2018-external|2017-152|2017,era5loc_83d8fea92444|2017,corteva-2014-2018-external,2017-152,2017,era5loc_83d8fea92444,FRANCE,49.4,0.8,2017-05-03,37.0,37.0,4,1,4,0,0,True
Corteva,reused_external_strict,corteva-2014-2018-external|2017-152|2017,era5loc_83d8fea92444|2017,corteva-2014-2018-external,2017-152,2017,era5loc_83d8fea92444,FRANCE,49.4,0.8,2017-05-10,39.0,39.0,5,1,5,0,0,True
Corteva,reused_external_strict,corteva-2014-2018-external|2017-152|2017,era5loc_83d8fea92444|2017,corteva-2014-2018-external,2017-152,2017,era5loc_83d8fea92444,FRANCE,49.4,0.8,2017-05-30,65.0,65.0,4,1,4,0,0,True
Corteva,reused_external_strict,corteva-2014-2018-external|2017-152|2017,era5loc_83d8fea92444|2017,corteva-2014-2018-external,2017-152,2017,era5loc_83d8fea92444,FRANCE,49.4,0.8,2017-06-13,73.0,73.0,3,1,3,0,0,True
Corteva,reused_external_strict,corteva-2014-2018-external|2017-152|2017,era5loc_83d8fea92444|2017,corteva-2014-2018-external,2017-152,2017,era5loc_83d8fea92444,FRANCE,49.4,0.8,2017-06-27,77.0,77.0,2,1,2,0,0,True
Corteva,reused_external_strict,corteva-2014-2018-external|2017-153|2017,era5loc_0a75763dbaf3|2017,corteva-2014-2018-external,2017-153,2017,era5loc_0a75763dbaf3,UNITED KINGDOM,52.2,-2.9,2017-05-08,37.0,37.0,4,1,4,0,0,True
Corteva,reused_external_strict,corteva-2014-2018-external|2017-153|2017,era5loc_0a75763dbaf3|2017,corteva-2014-2018-external,2017-153,2017,era5loc_0a75763dbaf3,UNITED KINGDOM,52.2,-2.9,2017-05-15,37.0,37.0,3,1,3,0,0,True
Corteva,reused_external_strict,corteva-2014-2018-external|2017-153|2017,era5loc_0a75763dbaf3|2017,corteva-2014-2018-external,2017-153,2017,era5loc_0a75763dbaf3,UNITED KINGDOM,52.2,-2.9,2017-06-02,61.0,61.0,4,1,4,0,0,True
Corteva,reused_external_strict,corteva-2014-2018-external|2017-153|2017,era5loc_0a75763dbaf3|2017,corteva-2014-2018-external,2017-153,2017,era5loc_0a75763dbaf3,UNITED KINGDOM,52.2,-2.9,2017-06-30,75.0,75.0,2,1,2,0,0,True
Corteva,reused_external_strict,corteva-2014-2018-external|2017-153|2017,era5loc_0a75763dbaf3|2017,corteva-2014-2018-external,2017-153,2017,era5loc_0a75763dbaf3,UNITED KINGDOM,52.2,-2.9,2017-07-04,83.0,83.0,3,1,3,0,0,True
Corteva,reused_external_strict,corteva-2014-2018-external|2018-157|2018,era5loc_4e98f2286742|2018,corteva-2014-2018-external,2018-157,2018,era5loc_4e98f2286742,FRANCE,49.8,3.0,2018-05-22,41.0,41.0,2,1,2,0,0,True
Corteva,reused_external_strict,corteva-2014-2018-external|2018-157|2018,era5loc_4e98f2286742|2018,corteva-2014-2018-external,2018-157,2018,era5loc_4e98f2286742,FRANCE,49.8,3.0,2018-06-06,61.0,61.0,2,1,2,0,0,True
Corteva,reused_external_strict,corteva-2014-2018-external|2018-158|2018,era5loc_37b55ea540c2|2018,corteva-2014-2018-external,2018-158,2018,era5loc_37b55ea540c2,DENMARK,55.5,11.9,2018-06-12,71.0,71.0,1,1,1,0,0,True
Corteva,reused_external_strict,corteva-2014-2018-external|2018-158|2018,era5loc_37b55ea540c2|2018,corteva-2014-2018-external,2018-158,2018,era5loc_37b55ea540c2,DENMARK,55.5,11.9,2018-06-25,75.0,75.0,1,1,1,0,0,True
Corteva,reused_external_strict,corteva-2014-2018-external|2018-159|2018,era5loc_5e6d20c69e16|2018,corteva-2014-2018-external,2018-159,2018,era5loc_5e6d20c69e16,GERMANY,53.8,10.4,2018-06-04,65.0,65.0,3,1,3,0,0,True
Corteva,reused_external_strict,corteva-2014-2018-external|2018-160|2018,era5loc_1c001582d1e8|2018,corteva-2014-2018-external,2018-160,2018,era5loc_1c001582d1e8,GERMANY,53.7,10.4,2018-05-17,39.0,39.0,5,1,5,0,0,True
Corteva,reused_external_strict,corteva-2014-2018-external|2018-161|2018,era5loc_86d14c866fc7|2018,corteva-2014-2018-external,2018-161,2018,era5loc_86d14c866fc7,UNITED KINGDOM,52.1,-4.6,2018-06-15,61.0,61.0,3,1,3,0,0,True
Corteva,reused_external_strict,corteva-2014-2018-external|2018-161|2018,era5loc_86d14c866fc7|2018,corteva-2014-2018-external,2018-161,2018,era5loc_86d14c866fc7,UNITED KINGDOM,52.1,-4.6,2018-06-26,71.0,71.0,3,1,3,0,0,True
Corteva,reused_external_strict,corteva-2014-2018-external|2018-161|2018,era5loc_86d14c866fc7|2018,corteva-2014-2018-external,2018-161,2018,era5loc_86d14c866fc7,UNITED KINGDOM,52.1,-4.6,2018-07-05,83.0,83.0,2,1,2,0,0,True
Corteva,reused_external_strict,corteva-2014-2018-external|2018-162|2018,era5loc_2a1c91560f0e|2018,corteva-2014-2018-external,2018-162,2018,era5loc_2a1c91560f0e,GERMANY,49.1,9.0,2018-05-18,39.0,39.0,2,1,2,0,0,True
Corteva,reused_external_strict,corteva-2014-2018-external|2018-162|2018,era5loc_2a1c91560f0e|2018,corteva-2014-2018-external,2018-162,2018,era5loc_2a1c91560f0e,GERMANY,49.1,9.0,2018-06-04,69.0,69.0,3,1,3,0,0,True
Corteva,reused_external_strict,corteva-2014-2018-external|2018-162|2018,era5loc_2a1c91560f0e|2018,corteva-2014-2018-external,2018-162,2018,era5loc_2a1c91560f0e,GERMANY,49.1,9.0,2018-06-16,73.0,73.0,3,1,3,0,0,True
Corteva,reused_external_strict,corteva-2014-2018-external|2018-162|2018,era5loc_2a1c91560f0e|2018,corteva-2014-2018-external,2018-162,2018,era5loc_2a1c91560f0e,GERMANY,49.1,9.0,2018-06-26,77.0,77.0,2,1,2,0,0,True
Corteva,reused_external_strict,corteva-2014-2018-external|2018-163|2018,era5loc_00eea7e0108c|2018,corteva-2014-2018-external,2018-163,2018,era5loc_00eea7e0108c,GERMANY,50.4,8.2,2018-05-24,39.0,39.0,4,1,4,0,0,True
Corteva,reused_external_strict,corteva-2014-2018-external|2018-163|2018,era5loc_00eea7e0108c|2018,corteva-2014-2018-external,2018-163,2018,era5loc_00eea7e0108c,GERMANY,50.4,8.2,2018-06-09,65.0,65.0,4,1,4,0,0,True
Corteva,reused_external_strict,corteva-2014-2018-external|2018-163|2018,era5loc_00eea7e0108c|2018,corteva-2014-2018-external,2018-163,2018,era5loc_00eea7e0108c,GERMANY,50.4,8.2,2018-06-23,75.0,75.0,2,1,2,0,0,True
Corteva,reused_external_strict,corteva-2014-2018-external|2018-164|2018,era5loc_1265910a73e5|2018,corteva-2014-2018-external,2018-164,2018,era5loc_1265910a73e5,GERMANY,52.3,10.0,2018-05-23,39.0,39.0,3,1,3,0,0,True
Corteva,reused_external_strict,corteva-2014-2018-external|2018-164|2018,era5loc_1265910a73e5|2018,corteva-2014-2018-external,2018-164,2018,era5loc_1265910a73e5,GERMANY,52.3,10.0,2018-06-08,59.0,59.0,4,1,4,0,0,True
Corteva,reused_external_strict,corteva-2014-2018-external|2018-164|2018,era5loc_1265910a73e5|2018,corteva-2014-2018-external,2018-164,2018,era5loc_1265910a73e5,GERMANY,52.3,10.0,2018-06-21,75.0,75.0,3,1,3,0,0,True
Corteva,reused_external_strict,corteva-2014-2018-external|2018-165|2018,era5loc_97c42414dde1|2018,corteva-2014-2018-external,2018-165,2018,era5loc_97c42414dde1,GERMANY,54.4,9.9,2018-06-12,65.0,65.0,3,1,3,0,0,True
Corteva,reused_external_strict,corteva-2014-2018-external|2018-165|2018,era5loc_97c42414dde1|2018,corteva-2014-2018-external,2018-165,2018,era5loc_97c42414dde1,GERMANY,54.4,9.9,2018-06-27,83.0,83.0,2,1,2,0,0,True
Corteva,reused_external_strict,corteva-2014-2018-external|2018-166|2018,era5loc_a8819305ac0f|2018,corteva-2014-2018-external,2018-166,2018,era5loc_a8819305ac0f,UNITED KINGDOM,52.1,-2.5,2018-06-13,65.0,65.0,3,1,3,0,0,True
Corteva,reused_external_strict,corteva-2014-2018-external|2018-166|2018,era5loc_a8819305ac0f|2018,corteva-2014-2018-external,2018-166,2018,era5loc_a8819305ac0f,UNITED KINGDOM,52.1,-2.5,2018-06-28,77.0,77.0,3,1,3,0,0,True
Corteva,reused_external_strict,corteva-2014-2018-external|2018-167|2018,era5loc_8c3d66928dac|2018,corteva-2014-2018-external,2018-167,2018,era5loc_8c3d66928dac,UNITED KINGDOM,52.2,-2.8,2018-06-13,65.0,65.0,3,1,3,0,0,True
Corteva,reused_external_strict,corteva-2014-2018-external|2018-167|2018,era5loc_8c3d66928dac|2018,corteva-2014-2018-external,2018-167,2018,era5loc_8c3d66928dac,UNITED KINGDOM,52.2,-2.8,2018-06-28,75.0,75.0,3,1,3,0,0,True
Corteva,reused_external_strict,corteva-2014-2018-external|2018-167|2018,era5loc_8c3d66928dac|2018,corteva-2014-2018-external,2018-167,2018,era5loc_8c3d66928dac,UNITED KINGDOM,52.2,-2.8,2018-07-13,83.0,83.0,2,1,2,0,0,True
Corteva,reused_external_strict,corteva-2014-2018-external|2018-168|2018,era5loc_8c3d66928dac|2018,corteva-2014-2018-external,2018-168,2018,era5loc_8c3d66928dac,UNITED KINGDOM,52.2,-2.8,2018-06-20,71.0,71.0,3,1,3,0,0,True
Corteva,reused_external_strict,corteva-2014-2018-external|2018-168|2018,era5loc_8c3d66928dac|2018,corteva-2014-2018-external,2018-168,2018,era5loc_8c3d66928dac,UNITED KINGDOM,52.2,-2.8,2018-07-06,83.0,83.0,3,1,3,0,0,True
Corteva,reused_external_strict,corteva-2014-2018-external|2018-168|2018,era5loc_8c3d66928dac|2018,corteva-2014-2018-external,2018-168,2018,era5loc_8c3d66928dac,UNITED KINGDOM,52.2,-2.8,2018-07-16,85.0,85.0,2,1,2,0,0,True
Corteva,reused_external_strict,corteva-2014-2018-external|2018-169|2018,era5loc_6039c33fd660|2018,corteva-2014-2018-external,2018-169,2018,era5loc_6039c33fd660,UNITED KINGDOM,53.1,-0.3,2018-06-15,61.0,61.0,1,1,1,0,0,True
Corteva,reused_external_strict,corteva-2014-2018-external|2018-170|2018,era5loc_c2b56bbc5b96|2018,corteva-2014-2018-external,2018-170,2018,era5loc_c2b56bbc5b96,FRANCE,49.7,3.3,2018-05-31,65.0,65.0,4,1,4,0,0,True
Corteva,reused_external_strict,corteva-2014-2018-external|2018-170|2018,era5loc_c2b56bbc5b96|2018,corteva-2014-2018-external,2018-170,2018,era5loc_c2b56bbc5b96,FRANCE,49.7,3.3,2018-06-15,71.0,71.0,3,1,3,0,0,True
Corteva,reused_external_strict,corteva-2014-2018-external|2018-170|2018,era5loc_c2b56bbc5b96|2018,corteva-2014-2018-external,2018-170,2018,era5loc_c2b56bbc5b96,FRANCE,49.7,3.3,2018-06-25,77.0,77.0,2,1,2,0,0,True
Corteva,reused_external_strict,corteva-2014-2018-external|2018-171|2018,era5loc_9c32d3d6e61d|2018,corteva-2014-2018-external,2018-171,2018,era5loc_9c32d3d6e61d,UNITED KINGDOM,51.5,0.3,2018-05-10,32.0,32.0,2,1,2,0,0,True
Corteva,reused_external_strict,corteva-2014-2018-external|2018-171|2018,era5loc_9c32d3d6e61d|2018,corteva-2014-2018-external,2018-171,2018,era5loc_9c32d3d6e61d,UNITED KINGDOM,51.5,0.3,2018-06-11,69.0,69.0,3,1,3,0,0,True
Corteva,reused_external_strict,corteva-2014-2018-external|2018-171|2018,era5loc_9c32d3d6e61d|2018,corteva-2014-2018-external,2018-171,2018,era5loc_9c32d3d6e61d,UNITED KINGDOM,51.5,0.3,2018-06-27,75.0,75.0,2,1,2,0,0,True
Corteva,reused_external_strict,corteva-2014-2018-external|2018-172|2018,era5loc_8c3d66928dac|2018,corteva-2014-2018-external,2018-172,2018,era5loc_8c3d66928dac,UNITED KINGDOM,52.2,-2.8,2018-06-17,65.0,65.0,3,1,3,0,0,True
Corteva,reused_external_strict,corteva-2014-2018-external|2018-172|2018,era5loc_8c3d66928dac|2018,corteva-2014-2018-external,2018-172,2018,era5loc_8c3d66928dac,UNITED KINGDOM,52.2,-2.8,2018-06-28,75.0,75.0,3,1,3,0,0,True
Corteva,reused_external_strict,corteva-2014-2018-external|2018-172|2018,era5loc_8c3d66928dac|2018,corteva-2014-2018-external,2018-172,2018,era5loc_8c3d66928dac,UNITED KINGDOM,52.2,-2.8,2018-07-09,83.0,83.0,2,1,2,0,0,True
Corteva,reused_external_strict,corteva-2014-2018-external|2018-172|2018,era5loc_8c3d66928dac|2018,corteva-2014-2018-external,2018-172,2018,era5loc_8c3d66928dac,UNITED KINGDOM,52.2,-2.8,2018-07-16,85.0,85.0,2,1,2,0,0,True
Corteva,reused_external_strict,corteva-2014-2018-external|2018-173|2018,era5loc_d589ecc09d9b|2018,corteva-2014-2018-external,2018-173,2018,era5loc_d589ecc09d9b,UNITED KINGDOM,52.6,-0.3,2018-06-12,61.0,61.0,1,1,1,0,0,True
Corteva,reused_external_strict,corteva-2014-2018-external|2018-173|2018,era5loc_d589ecc09d9b|2018,corteva-2014-2018-external,2018-173,2018,era5loc_d589ecc09d9b,UNITED KINGDOM,52.6,-0.3,2018-06-25,75.0,75.0,1,1,1,0,0,True
Corteva,reused_external_strict,corteva-2014-2018-external|2018-174|2018,era5loc_f86f345e603b|2018,corteva-2014-2018-external,2018-174,2018,era5loc_f86f345e603b,FRANCE,43.8,4.4,2018-05-24,61.0,61.0,3,1,3,0,0,True
Corteva,reused_external_strict,corteva-2014-2018-external|2018-174|2018,era5loc_f86f345e603b|2018,corteva-2014-2018-external,2018-174,2018,era5loc_f86f345e603b,FRANCE,43.8,4.4,2018-06-08,75.0,75.0,2,1,2,0,0,True
Corteva,reused_external_strict,corteva-2014-2018-external|2018-175|2018,era5loc_f9ae6ebca801|2018,corteva-2014-2018-external,2018-175,2018,era5loc_f9ae6ebca801,UNITED KINGDOM,52.1,-2.7,2018-06-08,61.0,61.0,4,1,4,0,0,True
Corteva,reused_external_strict,corteva-2014-2018-external|2018-175|2018,era5loc_f9ae6ebca801|2018,corteva-2014-2018-external,2018-175,2018,era5loc_f9ae6ebca801,UNITED KINGDOM,52.1,-2.7,2018-07-04,77.0,77.0,2,1,2,0,0,True
Corteva,reused_external_strict,corteva-2014-2018-external|2018-176|2018,era5loc_9ec703701638|2018,corteva-2014-2018-external,2018-176,2018,era5loc_9ec703701638,DENMARK,55.3,11.4,2018-05-17,37.0,37.0,1,1,1,0,0,True
Corteva,reused_external_strict,corteva-2014-2018-external|2018-176|2018,era5loc_9ec703701638|2018,corteva-2014-2018-external,2018-176,2018,era5loc_9ec703701638,DENMARK,55.3,11.4,2018-05-28,51.0,51.0,1,1,1,0,0,True
Corteva,reused_external_strict,corteva-2014-2018-external|2018-176|2018,era5loc_9ec703701638|2018,corteva-2014-2018-external,2018-176,2018,era5loc_9ec703701638,DENMARK,55.3,11.4,2018-06-08,65.0,65.0,1,1,1,0,0,True
Corteva,reused_external_strict,corteva-2014-2018-external|2018-176|2018,era5loc_9ec703701638|2018,corteva-2014-2018-external,2018-176,2018,era5loc_9ec703701638,DENMARK,55.3,11.4,2018-06-19,71.0,71.0,2,1,2,0,0,True
Corteva,reused_external_strict,corteva-2014-2018-external|2018-176|2018,era5loc_9ec703701638|2018,corteva-2014-2018-external,2018-176,2018,era5loc_9ec703701638,DENMARK,55.3,11.4,2018-06-28,73.0,73.0,2,1,2,0,0,True
Corteva,reused_external_strict,corteva-2014-2018-external|2018-177|2018,era5loc_7b5d26eb7a94|2018,corteva-2014-2018-external,2018-177,2018,era5loc_7b5d26eb7a94,POLAND,51.8,23.0,2018-06-02,61.0,61.0,2,1,2,0,0,True
Corteva,reused_external_strict,corteva-2014-2018-external|2018-177|2018,era5loc_7b5d26eb7a94|2018,corteva-2014-2018-external,2018-177,2018,era5loc_7b5d26eb7a94,POLAND,51.8,23.0,2018-06-18,75.0,75.0,1,1,1,0,0,True
Corteva,reused_external_strict,corteva-2014-2018-external|2018-181|2018,era5loc_5a105840e5f0|2018,corteva-2014-2018-external,2018-181,2018,era5loc_5a105840e5f0,FRANCE,49.9,2.6,2018-05-17,41.0,41.0,4,1,4,0,0,True
Corteva,reused_external_strict,corteva-2014-2018-external|2018-181|2018,era5loc_5a105840e5f0|2018,corteva-2014-2018-external,2018-181,2018,era5loc_5a105840e5f0,FRANCE,49.9,2.6,2018-06-06,71.0,71.0,3,1,3,0,0,True
Corteva,reused_external_strict,corteva-2014-2018-external|2018-181|2018,era5loc_5a105840e5f0|2018,corteva-2014-2018-external,2018-181,2018,era5loc_5a105840e5f0,FRANCE,49.9,2.6,2018-06-15,75.0,75.0,3,1,3,0,0,True
Corteva,reused_external_strict,corteva-2014-2018-external|2018-181|2018,era5loc_5a105840e5f0|2018,corteva-2014-2018-external,2018-181,2018,era5loc_5a105840e5f0,FRANCE,49.9,2.6,2018-06-26,83.0,83.0,2,1,2,0,0,True
Corteva,reused_external_strict,corteva-2014-2018-external|2018-182|2018,era5loc_c2b56bbc5b96|2018,corteva-2014-2018-external,2018-182,2018,era5loc_c2b56bbc5b96,FRANCE,49.7,3.3,2018-05-31,65.0,65.0,4,1,4,0,0,True
Corteva,reused_external_strict,corteva-2014-2018-external|2018-182|2018,era5loc_c2b56bbc5b96|2018,corteva-2014-2018-external,2018-182,2018,era5loc_c2b56bbc5b96,FRANCE,49.7,3.3,2018-06-15,65.0,65.0,3,1,3,0,0,True
Corteva,reused_external_strict,corteva-2014-2018-external|2018-182|2018,era5loc_c2b56bbc5b96|2018,corteva-2014-2018-external,2018-182,2018,era5loc_c2b56bbc5b96,FRANCE,49.7,3.3,2018-06-25,77.0,77.0,2,1,2,0,0,True
Corteva,reused_external_strict,corteva-2014-2018-external|2018-183|2018,era5loc_c2b56bbc5b96|2018,corteva-2014-2018-external,2018-183,2018,era5loc_c2b56bbc5b96,FRANCE,49.7,3.3,2018-05-31,65.0,65.0,4,1,4,0,0,True
Corteva,reused_external_strict,corteva-2014-2018-external|2018-183|2018,era5loc_c2b56bbc5b96|2018,corteva-2014-2018-external,2018-183,2018,era5loc_c2b56bbc5b96,FRANCE,49.7,3.3,2018-06-15,75.0,75.0,3,1,3,0,0,True
Corteva,reused_external_strict,corteva-2014-2018-external|2018-183|2018,era5loc_c2b56bbc5b96|2018,corteva-2014-2018-external,2018-183,2018,era5loc_c2b56bbc5b96,FRANCE,49.7,3.3,2018-06-25,83.0,83.0,2,1,2,0,0,True
Corteva,reused_external_strict,corteva-2014-2018-external|2018-184|2018,era5loc_5e6d20c69e16|2018,corteva-2014-2018-external,2018-184,2018,era5loc_5e6d20c69e16,GERMANY,53.8,10.4,2018-06-06,65.0,65.0,3,1,3,0,0,True
Corteva,reused_external_strict,corteva-2014-2018-external|2018-185|2018,era5loc_6039c33fd660|2018,corteva-2014-2018-external,2018-185,2018,era5loc_6039c33fd660,UNITED KINGDOM,53.1,-0.3,2018-06-15,61.0,61.0,1,1,1,0,0,True
Corteva,reused_external_strict,corteva-2014-2018-external|2018-186|2018,era5loc_8e48274c8e41|2018,corteva-2014-2018-external,2018-186,2018,era5loc_8e48274c8e41,FRANCE,47.5,0.9,2018-04-17,32.0,32.0,4,1,4,0,0,True
Corteva,reused_external_strict,corteva-2014-2018-external|2018-186|2018,era5loc_8e48274c8e41|2018,corteva-2014-2018-external,2018-186,2018,era5loc_8e48274c8e41,FRANCE,47.5,0.9,2018-05-09,39.0,39.0,5,1,5,0,0,True
Corteva,reused_external_strict,corteva-2014-2018-external|2018-186|2018,era5loc_8e48274c8e41|2018,corteva-2014-2018-external,2018-186,2018,era5loc_8e48274c8e41,FRANCE,47.5,0.9,2018-05-30,69.0,69.0,3,1,3,0,0,True
Corteva,reused_external_strict,corteva-2014-2018-external|2018-186|2018,era5loc_8e48274c8e41|2018,corteva-2014-2018-external,2018-186,2018,era5loc_8e48274c8e41,FRANCE,47.5,0.9,2018-06-15,77.0,77.0,2,1,2,0,0,True
Corteva,reused_external_strict,corteva-2014-2018-external|2018-189|2018,era5loc_f86f345e603b|2018,corteva-2014-2018-external,2018-189,2018,era5loc_f86f345e603b,FRANCE,43.8,4.4,2018-06-07,77.0,77.0,2,1,2,0,0,True
Corteva,reused_external_strict,corteva-2014-2018-external|2018-190|2018,era5loc_97c42414dde1|2018,corteva-2014-2018-external,2018-190,2018,era5loc_97c42414dde1,GERMANY,54.4,9.9,2018-06-12,65.0,65.0,3,1,3,0,0,True
Corteva,reused_external_strict,corteva-2014-2018-external|2018-190|2018,era5loc_97c42414dde1|2018,corteva-2014-2018-external,2018-190,2018,era5loc_97c42414dde1,GERMANY,54.4,9.9,2018-06-27,83.0,83.0,2,1,2,0,0,True
Corteva,reused_external_strict,corteva-2014-2018-external|2018-191|2018,era5loc_00eea7e0108c|2018,corteva-2014-2018-external,2018-191,2018,era5loc_00eea7e0108c,GERMANY,50.4,8.2,2018-05-24,39.0,39.0,4,1,4,0,0,True
Corteva,reused_external_strict,corteva-2014-2018-external|2018-191|2018,era5loc_00eea7e0108c|2018,corteva-2014-2018-external,2018-191,2018,era5loc_00eea7e0108c,GERMANY,50.4,8.2,2018-06-09,65.0,65.0,4,1,4,0,0,True
Corteva,reused_external_strict,corteva-2014-2018-external|2018-191|2018,era5loc_00eea7e0108c|2018,corteva-2014-2018-external,2018-191,2018,era5loc_00eea7e0108c,GERMANY,50.4,8.2,2018-06-23,75.0,75.0,2,1,2,0,0,True
Corteva,reused_external_strict,corteva-2014-2018-external|2018-193|2018,era5loc_06b87a47fb78|2018,corteva-2014-2018-external,2018-193,2018,era5loc_06b87a47fb78,IRELAND,52.9,-6.9,2018-06-12,47.0,47.0,3,1,3,0,0,True
Corteva,reused_external_strict,corteva-2014-2018-external|2018-193|2018,era5loc_06b87a47fb78|2018,corteva-2014-2018-external,2018-193,2018,era5loc_06b87a47fb78,IRELAND,52.9,-6.9,2018-07-04,71.0,71.0,2,1,2,0,0,True
Corteva,reused_external_strict,corteva-2014-2018-external|2018-194|2018,era5loc_4e98f2286742|2018,corteva-2014-2018-external,2018-194,2018,era5loc_4e98f2286742,FRANCE,49.8,3.0,2018-05-17,39.0,39.0,2,1,2,0,0,True
Corteva,reused_external_strict,corteva-2014-2018-external|2018-195|2018,era5loc_6039c33fd660|2018,corteva-2014-2018-external,2018-195,2018,era5loc_6039c33fd660,UNITED KINGDOM,53.1,-0.3,2018-05-31,39.0,39.0,1,1,1,0,0,True
Corteva,reused_external_strict,corteva-2014-2018-external|2018-196|2018,era5loc_998f167d3abc|2018,corteva-2014-2018-external,2018-196,2018,era5loc_998f167d3abc,GERMANY,48.2,10.8,2018-05-17,43.0,43.0,1,1,1,0,0,True
Corteva,reused_external_strict,corteva-2014-2018-external|2018-196|2018,era5loc_998f167d3abc|2018,corteva-2014-2018-external,2018-196,2018,era5loc_998f167d3abc,GERMANY,48.2,10.8,2018-06-11,71.0,71.0,3,1,3,0,0,True
Corteva,reused_external_strict,corteva-2014-2018-external|2018-196|2018,era5loc_998f167d3abc|2018,corteva-2014-2018-external,2018-196,2018,era5loc_998f167d3abc,GERMANY,48.2,10.8,2018-06-18,73.0,73.0,3,1,3,0,0,True
Corteva,reused_external_strict,corteva-2014-2018-external|2018-197|2018,era5loc_06b87a47fb78|2018,corteva-2014-2018-external,2018-197,2018,era5loc_06b87a47fb78,IRELAND,52.9,-6.9,2018-06-04,39.0,39.0,4,1,4,0,0,True
Corteva,reused_external_strict,corteva-2014-2018-external|2018-197|2018,era5loc_06b87a47fb78|2018,corteva-2014-2018-external,2018-197,2018,era5loc_06b87a47fb78,IRELAND,52.9,-6.9,2018-07-02,71.0,71.0,2,1,2,0,0,True
